4.000658866127000124e+01,-8.303709064938999518e+01,-1.199999999999999895e-03,2.000000000000000096e-04,-4.544713233479999795e-03,5.535564472984000339e-02,-1.291558007837999983e-02,-5.682631600000000172e-02,-1.087802858999999955e+00,1.786909474169999896e+02,2.024000000000000000e+03,1.100000000000000000e+01,2.400000000000000000e+01,1.500000000000000000e+01,4.600000000000000000e+01,4.081330700000000178e+01
4.000658866146999770e+01,-8.303709064957999431e+01,-1.299999999999999940e-03,2.999999999999999737e-04,-1.066167843659999960e-03,4.466175608589999929e-02,-1.345236743078000001e-02,-5.737479999999999664e-02,-1.088211534999999897e+00,1.786908958790000099e+02,2.024000000000000000e+03,1.100000000000000000e+01,2.400000000000000000e+01,1.500000000000000000e+01,4.600000000000000000e+01,4.086679800000000284e+01
4.000658866164999949e+01,-8.303709064977999788e+01,-1.399999999999999986e-03,2.000000000000000096e-04,5.031298197379999518e-03,3.180127908012000265e-02,1.614471972998000188e-02,-5.716989399999999888e-02,-1.088190750999999956e+00,1.786909305169999982e+02,2.024000000000000000e+03,1.100000000000000000e+01,2.400000000000000000e+01,1.500000000000000000e+01,4.600000000000000000e+01,4.092014100000000099e+01
4.000658866185000306e+01,-8.303709065079999618e+01,-4.799999999999999580e-03,2.999999999999999737e-04,-1.656574028518000008e-02,1.643248598585199949e-01,-8.914728732990000182e-02,-5.737425899999999690e-02,-1.087236343999999910e+00,1.786907482489999950e+02,2.024000000000000000e+03,1.100000000000000000e+01,2.400000000000000000e+01,1.500000000000000000e+01,4.600000000000000000e+01,4.097287599999999941e+01
4.000658866061999674e+01,-8.303709065134999889e+01,-9.700000000000000289e-03,2.000000000000000096e-04,1.965457954418000155e-02,2.835352331443199980e-01,-8.428163911043999590e-02,-5.705910599999999833e-02,-1.084143110000000076e+00,1.786907040540000082e+02,2.024000000000000000e+03,1.100000000000000000e+01,2.400000000000000000e+01,1.500000000000000000e+01,4.600000000000000000e+01,4.102621200000000101e+01
4.000658865262000319e+01,-8.303709065152000335e+01,-2.690000000000000030e-02,2.200000000000000133e-03,-3.012178702056000218e-02,6.148185853867600414e-01,-4.482081082540000094e-02,-5.934430599999999945e-02,-1.069090026000000027e+00,1.786902352509999901e+02,2.024000000000000000e+03,1.100000000000000000e+01,2.400000000000000000e+01,1.500000000000000000e+01,4.600000000000000000e+01,4.107974999999999710e+01
4.000658863377999808e+01,-8.303709065059000238e+01,-4.970000000000000112e-02,3.099999999999999891e-03,1.697381452778000052e-02,8.009626939533199819e-01,-1.070552277450399908e-01,-6.345550899999999328e-02,-1.054076825000000106e+00,1.786891106109999896e+02,2.024000000000000000e+03,1.100000000000000000e+01,2.400000000000000000e+01,1.500000000000000000e+01,4.600000000000000000e+01,4.113253399999999971e+01
4.000658859981999882e+01,-8.303709064880999335e+01,-7.430000000000000493e-02,3.200000000000000153e-03,2.088919589599999745e-03,8.188569447844200599e-01,-1.221057146740000057e-02,-6.396439499999999334e-02,-1.040891986999999963e+00,1.786889331669999876e+02,2.024000000000000000e+03,1.100000000000000000e+01,2.400000000000000000e+01,1.500000000000000000e+01,4.600000000000000000e+01,4.118583900000000142e+01
4.000658856082999648e+01,-8.303709064715999943e+01,-9.589999999999999913e-02,3.399999999999999811e-03,2.158010649364000208e-02,8.711753432078200854e-01,5.455651938442000748e-02,-6.388164999999999816e-02,-1.034975717000000017e+00,1.786898854920000019e+02,2.024000000000000000e+03,1.100000000000000000e+01,2.400000000000000000e+01,1.500000000000000000e+01,4.600000000000000000e+01,4.123853700000000089e+01
4.000658850151000223e+01,-8.303709064532000639e+01,-1.217000000000000026e-01,2.899999999999999800e-03,1.999663589202000172e-02,8.721351542519399924e-01,1.307196802045799966e-01,-6.527203800000000444e-02,-1.029114333999999964e+00,1.786908113720000131e+02,2.024000000000000000e+03,1.100000000000000000e+01,2.400000000000000000e+01,1.500000000000000000e+01,4.600000000000000000e+01,4.129116700000000151e+01
4.000658842864999798e+01,-8.303709064356000624e+01,-1.461999999999999966e-01,3.099999999999999891e-03,2.318398272299999983e-03,8.374414606756599433e-01,1.139354549814000084e-01,-6.564122299999999854e-02,-1.027783855000000024e+00,1.786909995640000091e+02,2.024000000000000000e+03,1.100000000000000000e+01,2.400000000000000000e+01,1.500000000000000000e+01,4.600000000000000000e+01,4.134492500000000348e+01
4.000658835782000011e+01,-8.303709064171999898e+01,-1.660999999999999976e-01,4.000000000000000083e-03,-1.871460444440000218e-02,8.040996333944999686e-01,9.314366616399999410e-02,-6.616513899999999782e-02,-1.030675256999999956e+00,1.786907961899999862e+02,2.024000000000000000e+03,1.100000000000000000e+01,2.400000000000000000e+01,1.500000000000000000e+01,4.600000000000000000e+01,4.139864899999999892e+01
4.000658827785999705e+01,-8.303709063952000236e+01,-1.865999999999999881e-01,4.700000000000000185e-03,-8.461343971279998780e-03,8.090912405612400438e-01,-3.766878276064000025e-02,-6.764601500000000378e-02,-1.031796464999999996e+00,1.786909975780000082e+02,2.024000000000000000e+03,1.100000000000000000e+01,2.400000000000000000e+01,1.500000000000000000e+01,4.600000000000000000e+01,4.145128799999999814e+01
4.000658818821000295e+01,-8.303709063668000567e+01,-2.096000000000000085e-01,5.899999999999999863e-03,-2.861352039721999987e-02,9.318534749556999230e-01,-8.416347500121999781e-02,-6.972242500000000454e-02,-1.028287525000000091e+00,1.786913556920000019e+02,2.024000000000000000e+03,1.100000000000000000e+01,2.400000000000000000e+01,1.500000000000000000e+01,4.600000000000000000e+01,4.150548700000000224e+01
4.000658806561000347e+01,-8.303709063230000709e+01,-2.424999999999999933e-01,7.400000000000000328e-03,-2.697536587342000067e-02,1.122351636446180079e+00,-6.823541182147999096e-02,-7.381276800000000082e-02,-1.019075997000000067e+00,1.786931120769999950e+02,2.024000000000000000e+03,1.100000000000000000e+01,2.400000000000000000e+01,1.500000000000000000e+01,4.600000000000000000e+01,4.155931100000000100e+01
4.000658794860000000e+01,-8.303709062795999785e+01,-2.746999999999999997e-01,8.200000000000000691e-03,-2.820290023699999898e-03,1.290459256932579901e+00,-3.618855323899999865e-02,-7.931128699999999421e-02,-1.009420267999999954e+00,1.786956747259999929e+02,2.024000000000000000e+03,1.100000000000000000e+01,2.400000000000000000e+01,1.500000000000000000e+01,4.600000000000000000e+01,4.161306600000000344e+01
4.000658778780000091e+01,-8.303709062251999740e+01,-3.176999999999999824e-01,8.200000000000000691e-03,2.318910604543999998e-02,1.411439412844899932e+00,-4.959605716099999353e-03,-8.602433900000000522e-02,-9.939364880000000069e-01,1.786998907020000047e+02,2.024000000000000000e+03,1.100000000000000000e+01,2.400000000000000000e+01,1.500000000000000000e+01,4.600000000000000000e+01,4.166659899999999794e+01
4.000658763567000165e+01,-8.303709061780999434e+01,-3.553999999999999937e-01,8.200000000000000691e-03,4.649391754644000008e-02,1.493059665538900127e+00,2.967049264319999644e-02,-9.073013200000000500e-02,-9.808688800000000541e-01,1.787049422830000083e+02,2.024000000000000000e+03,1.100000000000000000e+01,2.400000000000000000e+01,1.500000000000000000e+01,4.600000000000000000e+01,4.172040100000000251e+01
4.000658746639999919e+01,-8.303709061325000107e+01,-3.938999999999999724e-01,8.099999999999999561e-03,4.079034395902000204e-02,1.536179851872480073e+00,9.141216436540000601e-02,-9.297322500000000656e-02,-9.742875720000000461e-01,1.787112132839999958e+02,2.024000000000000000e+03,1.100000000000000000e+01,2.400000000000000000e+01,1.500000000000000000e+01,4.600000000000000000e+01,4.177305199999999985e+01
4.000658724077000272e+01,-8.303709060760999705e+01,-4.390000000000000013e-01,8.399999999999999481e-03,4.872351589883999745e-02,1.497398555124100028e+00,1.309466972577399968e-01,-9.760452399999999806e-02,-9.734910129999999606e-01,1.787186230179999882e+02,2.024000000000000000e+03,1.100000000000000000e+01,2.400000000000000000e+01,1.500000000000000000e+01,4.600000000000000000e+01,4.182558699999999874e+01
4.000658703471000166e+01,-8.303709060334999492e+01,-4.744999999999999774e-01,6.799999999999999621e-03,9.866263342466000119e-02,1.424123670952919918e+00,1.292813390681999963e-01,-1.000370329999999974e-01,-9.757271410000000200e-01,1.787256481800000074e+02,2.024000000000000000e+03,1.100000000000000000e+01,2.400000000000000000e+01,1.500000000000000000e+01,4.600000000000000000e+01,4.187895999999999930e+01
4.000658681291999841e+01,-8.303709059940000259e+01,-5.090000000000000080e-01,6.700000000000000226e-03,6.060597743105999857e-02,1.392546272578599975e+00,1.918282516177999969e-02,-1.012339299999999997e-01,-9.762872550000000205e-01,1.787345534689999909e+02,2.024000000000000000e+03,1.100000000000000000e+01,2.400000000000000000e+01,1.500000000000000000e+01,4.600000000000000000e+01,4.193186699999999689e+01
4.000658652612000310e+01,-8.303709059451999508e+01,-5.507999999999999563e-01,7.100000000000000408e-03,5.267832746756000162e-02,1.417154013698820103e+00,-1.555064540387999898e-02,-1.033869520000000042e-01,-9.757262770000000307e-01,1.787492058969999960e+02,2.024000000000000000e+03,1.100000000000000000e+01,2.400000000000000000e+01,1.500000000000000000e+01,4.600000000000000000e+01,4.198544799999999810e+01
4.000658647611999896e+01,-8.303709059380000213e+01,-5.577999999999999625e-01,6.599999999999999964e-03,8.442195968116000815e-02,1.408056780804179953e+00,2.246340780420000207e-03,-1.029188780000000053e-01,-9.758316879999999749e-01,1.787523728699999879e+02,2.024000000000000000e+03,1.100000000000000000e+01,2.400000000000000000e+01,1.500000000000000000e+01,4.600000000000000000e+01,4.203930299999999676e+01
4.000658637414999674e+01,-8.303709059233000289e+01,-5.722000000000000419e-01,6.400000000000000307e-03,5.729948937516000235e-02,1.429432417751619999e+00,-2.936995529499999980e-02,-1.031335830000000009e-01,-9.762540709999999455e-01,1.787586902189999876e+02,2.024000000000000000e+03,1.100000000000000000e+01,2.400000000000000000e+01,1.500000000000000000e+01,4.600000000000000000e+01,4.209250800000000226e+01
4.000658588363000234e+01,-8.303709058425999956e+01,-6.360999999999999988e-01,8.500000000000000611e-03,3.816192166375999978e-02,1.424777437031299998e+00,-4.502296644420000250e-03,-1.060474589999999967e-01,-9.755213219999999685e-01,1.787918657769999982e+02,2.024000000000000000e+03,1.100000000000000000e+01,2.400000000000000000e+01,1.500000000000000000e+01,4.600000000000000000e+01,4.214559100000000313e+01
4.000658558842000190e+01,-8.303709057934000271e+01,-6.733999999999999986e-01,9.199999999999999845e-03,2.563887584380000056e-03,1.488461822511420118e+00,2.253647052419999880e-02,-1.079925219999999936e-01,-9.730461320000000081e-01,1.788121946889999947e+02,2.024000000000000000e+03,1.100000000000000000e+01,2.400000000000000000e+01,1.500000000000000000e+01,4.600000000000000000e+01,4.219967900000000327e+01
4.000658514639999908e+01,-8.303709057049999842e+01,-7.279999999999999805e-01,1.179999999999999973e-02,2.622895190859999767e-03,1.574606018386360162e+00,3.029515850937999910e-02,-1.193642179999999942e-01,-9.649296649999999920e-01,1.788423521949999895e+02,2.024000000000000000e+03,1.100000000000000000e+01,2.400000000000000000e+01,1.500000000000000000e+01,4.600000000000000000e+01,4.225328499999999821e+01
4.000658459840000347e+01,-8.303709056063000560e+01,-7.916999999999999593e-01,1.030000000000000013e-02,5.671944119798000283e-02,1.581686578262059939e+00,5.603128518532000252e-02,-1.278846429999999923e-01,-9.583612500000000534e-01,1.788800746439999898e+02,2.024000000000000000e+03,1.100000000000000000e+01,2.400000000000000000e+01,1.500000000000000000e+01,4.600000000000000000e+01,4.230802200000000113e+01
4.000658423283000076e+01,-8.303709055481000689e+01,-8.302000000000000490e-01,1.020000000000000073e-02,3.032031970424000147e-02,1.541913265714359937e+00,1.009335008772399983e-01,-1.325793520000000114e-01,-9.544702179999999814e-01,1.789075357950000011e+02,2.024000000000000000e+03,1.100000000000000000e+01,2.400000000000000000e+01,1.500000000000000000e+01,4.600000000000000000e+01,4.236162900000000064e+01
4.000658385036999931e+01,-8.303709054892000552e+01,-8.669999999999999929e-01,9.799999999999999684e-03,7.724863280169999569e-02,1.467008034584080134e+00,1.947515045924000029e-02,-1.405287689999999978e-01,-9.479220640000000087e-01,1.789384665130000087e+02,2.024000000000000000e+03,1.100000000000000000e+01,2.400000000000000000e+01,1.500000000000000000e+01,4.600000000000000000e+01,4.241502200000000045e+01
4.000658336941999949e+01,-8.303709054345999618e+01,-9.120000000000000329e-01,5.499999999999999681e-03,2.141400248648799853e-01,1.500975303040660069e+00,2.484805205403999712e-02,-1.467885949999999939e-01,-9.345090099999999733e-01,1.789789310259999979e+02,2.024000000000000000e+03,1.100000000000000000e+01,2.400000000000000000e+01,1.500000000000000000e+01,4.600000000000000000e+01,4.246840600000000165e+01
4.000658294947999849e+01,-8.303709054096999864e+01,-9.515000000000000124e-01,3.099999999999999891e-03,1.399651814901400060e-01,1.567005112301320224e+00,-6.270367904196000319e-02,-1.447812900000000069e-01,-9.221610080000000043e-01,1.790146565189999990e+02,2.024000000000000000e+03,1.100000000000000000e+01,2.400000000000000000e+01,1.500000000000000000e+01,4.600000000000000000e+01,4.252151200000000131e+01
4.000658242162000278e+01,-8.303709053936999851e+01,-1.000699999999999923e+00,1.100000000000000066e-03,1.276878366810000054e-01,1.623619534803040221e+00,-3.853557659930000046e-02,-1.449865190000000081e-01,-9.102453040000000328e-01,1.790593588069999953e+02,2.024000000000000000e+03,1.100000000000000000e+01,2.400000000000000000e+01,1.500000000000000000e+01,4.600000000000000000e+01,4.257474500000000006e+01
4.000658196170000025e+01,-8.303709053929999584e+01,-1.041099999999999914e+00,-1.000000000000000021e-03,1.392663693457399932e-01,1.624520922748980079e+00,-5.854034415516000400e-02,-1.421095039999999976e-01,-9.026695949999999913e-01,1.790997785380000096e+02,2.024000000000000000e+03,1.100000000000000000e+01,2.400000000000000000e+01,1.500000000000000000e+01,4.600000000000000000e+01,4.262847299999999962e+01
4.000658148341999976e+01,-8.303709053973000209e+01,-1.082000000000000073e+00,-1.199999999999999895e-03,8.494011670336000519e-02,1.638181180909219936e+00,-4.924172509121999691e-02,-1.379956569999999938e-01,-8.955219490000000393e-01,1.791447547410000141e+02,2.024000000000000000e+03,1.100000000000000000e+01,2.400000000000000000e+01,1.500000000000000000e+01,4.600000000000000000e+01,4.268192299999999761e+01
4.000658088544000179e+01,-8.303709053958000652e+01,-1.130300000000000082e+00,1.399999999999999986e-03,-4.511360579523999992e-02,1.618535993362500092e+00,5.014085768269999771e-02,-1.365710629999999925e-01,-8.873752240000000180e-01,1.792048068910000040e+02,2.024000000000000000e+03,1.100000000000000000e+01,2.400000000000000000e+01,1.500000000000000000e+01,4.600000000000000000e+01,4.273535199999999890e+01
4.000658036709000243e+01,-8.303709053919000382e+01,-1.170900000000000052e+00,1.000000000000000021e-03,1.489114848095999914e-02,1.629494232062959957e+00,5.999517107756000001e-02,-1.373141679999999865e-01,-8.821371660000000281e-01,1.792569810599999869e+02,2.024000000000000000e+03,1.100000000000000000e+01,2.400000000000000000e+01,1.500000000000000000e+01,4.600000000000000000e+01,4.278845700000000107e+01
4.000657983052000333e+01,-8.303709053958999675e+01,-1.211100000000000065e+00,-1.399999999999999986e-03,1.032147819238999897e-01,1.604555730025319926e+00,-8.363958596979999618e-03,-1.384915419999999953e-01,-8.760499269999999505e-01,1.793086206479999873e+02,2.024000000000000000e+03,1.100000000000000000e+01,2.400000000000000000e+01,1.500000000000000000e+01,4.600000000000000000e+01,4.284228900000000095e+01
4.000657916302999695e+01,-8.303709054108999510e+01,-1.258000000000000007e+00,-1.699999999999999905e-03,-2.116127676266000082e-02,1.554490262367659970e+00,-4.755226780124000019e-02,-1.387093040000000055e-01,-8.678691819999999613e-01,1.793700796390000107e+02,2.024000000000000000e+03,1.100000000000000000e+01,2.400000000000000000e+01,1.500000000000000000e+01,4.600000000000000000e+01,4.289585799999999693e+01
4.000657858731000260e+01,-8.303709054338000328e+01,-1.297700000000000076e+00,-4.499999999999999660e-03,9.636829027993999708e-02,1.589631809812199981e+00,-4.370593775722000224e-02,-1.409905310000000023e-01,-8.583188800000000063e-01,1.794231019430000060e+02,2.024000000000000000e+03,1.100000000000000000e+01,2.400000000000000000e+01,1.500000000000000000e+01,4.600000000000000000e+01,4.295007700000000028e+01
4.000657799387000324e+01,-8.303709054731000094e+01,-1.336400000000000032e+00,-6.499999999999999702e-03,-1.238512871000000141e-04,1.528832555992139852e+00,-7.175402423780000670e-03,-1.380779799999999891e-01,-8.507108719999999513e-01,1.794801449359999879e+02,2.024000000000000000e+03,1.100000000000000000e+01,2.400000000000000000e+01,1.500000000000000000e+01,4.600000000000000000e+01,4.300401000000000096e+01
4.000657787315000036e+01,-8.303709054818000368e+01,-1.343499999999999917e+00,-7.000000000000000146e-03,1.994797735449999748e-02,1.487567435374880009e+00,3.447273611444000296e-02,-1.365285830000000089e-01,-8.491706549999999964e-01,1.794919312170000012e+02,2.024000000000000000e+03,1.100000000000000000e+01,2.400000000000000000e+01,1.500000000000000000e+01,4.600000000000000000e+01,4.305815700000000135e+01
4.000657701144999834e+01,-8.303709055561999719e+01,-1.387699999999999934e+00,-1.060000000000000005e-02,8.764692220614000995e-02,1.236488698675759945e+00,8.526686323600000863e-04,-1.335896400000000095e-01,-8.445955259999999853e-01,1.795757992190000039e+02,2.024000000000000000e+03,1.100000000000000000e+01,2.400000000000000000e+01,1.500000000000000000e+01,4.600000000000000000e+01,4.311166500000000212e+01
4.000657599400000208e+01,-8.303709056655999632e+01,-1.432800000000000074e+00,-1.400000000000000029e-02,2.126517527649000039e-01,1.124360481839799863e+00,1.378887180572000055e-02,-1.353980909999999982e-01,-8.240858319999999626e-01,1.796711330040000121e+02,2.024000000000000000e+03,1.100000000000000000e+01,2.400000000000000000e+01,1.500000000000000000e+01,4.600000000000000000e+01,4.316606000000000165e+01
4.000657560361999998e+01,-8.303709057176000385e+01,-1.451300000000000034e+00,-1.519999999999999997e-02,1.089312211589800045e-01,1.206130523609759919e+00,-1.099804565618000066e-02,-1.320168110000000117e-01,-8.143636549999999641e-01,1.797076105559999917e+02,2.024000000000000000e+03,1.100000000000000000e+01,2.400000000000000000e+01,1.500000000000000000e+01,4.600000000000000000e+01,4.321988499999999789e+01
4.000657453782999795e+01,-8.303709058469999604e+01,-1.502099999999999991e+00,-1.299999999999999940e-02,-4.283985430489999774e-02,1.259663380907120045e+00,-1.387720084614200156e-01,-1.326529479999999928e-01,-7.911747770000000513e-01,1.798116975039999943e+02,2.024000000000000000e+03,1.100000000000000000e+01,2.400000000000000000e+01,1.500000000000000000e+01,4.600000000000000000e+01,4.327306200000000302e+01
4.000657371487999825e+01,-8.303709059457999331e+01,-1.537900000000000045e+00,-1.450000000000000074e-02,5.452090913419999768e-02,1.168934620649360046e+00,-1.588727886453200067e-01,-1.399564209999999975e-01,-7.775223549999999983e-01,1.798926724289999868e+02,2.024000000000000000e+03,1.100000000000000000e+01,2.400000000000000000e+01,1.500000000000000000e+01,4.600000000000000000e+01,4.332710900000000009e+01
4.000657301411000333e+01,-8.303709060514999862e+01,-1.569499999999999895e+00,-2.040000000000000147e-02,2.300703853281000077e-01,1.258592156164520137e+00,1.657595951699999959e-02,-1.430332069999999955e-01,-7.646946079999999979e-01,1.799609894399999916e+02,2.024000000000000000e+03,1.100000000000000000e+01,2.400000000000000000e+01,1.500000000000000000e+01,4.600000000000000000e+01,4.338126400000000160e+01
4.000657215489000151e+01,-8.303709062136999819e+01,-1.606600000000000028e+00,-2.549999999999999836e-02,2.007416672591600115e-01,1.265147699916139956e+00,-3.787705781111999626e-02,-1.400796089999999938e-01,-7.527851239999999722e-01,1.800427315469999883e+02,2.024000000000000000e+03,1.100000000000000000e+01,2.400000000000000000e+01,1.500000000000000000e+01,4.600000000000000000e+01,4.343506099999999748e+01
4.000657142301999869e+01,-8.303709063850999428e+01,-1.639699999999999935e+00,-3.219999999999999946e-02,2.628080806019199578e-01,1.350417092397400154e+00,1.122023952295799903e-01,-1.333197409999999916e-01,-7.482569620000000254e-01,1.801125444570000127e+02,2.024000000000000000e+03,1.100000000000000000e+01,2.400000000000000000e+01,1.500000000000000000e+01,4.600000000000000000e+01,4.348780899999999860e+01
4.000657067659999910e+01,-8.303709065748999762e+01,-1.671799999999999953e+00,-3.269999999999999990e-02,5.436539493017999991e-02,1.311815409769460095e+00,1.680135145795799978e-01,-1.272919020000000123e-01,-7.524619399999999958e-01,1.801841974170000071e+02,2.024000000000000000e+03,1.100000000000000000e+01,2.400000000000000000e+01,1.500000000000000000e+01,4.600000000000000000e+01,4.354224599999999867e+01
4.000656976324000169e+01,-8.303709068099999513e+01,-1.704499999999999904e+00,-3.379999999999999671e-02,6.679820396988001008e-02,1.084055354345380140e+00,8.374094147100000218e-02,-1.266173660000000090e-01,-7.576609060000000229e-01,1.802748420839999994e+02,2.024000000000000000e+03,1.100000000000000000e+01,2.400000000000000000e+01,1.500000000000000000e+01,4.600000000000000000e+01,4.359653399999999834e+01
4.000656898887000068e+01,-8.303709070086000565e+01,-1.730499999999999927e+00,-3.559999999999999970e-02,1.618786407976399999e-01,1.034989198256200060e+00,1.948486308026400049e-01,-1.290579570000000009e-01,-7.574886039999999543e-01,1.803517416800000035e+02,2.024000000000000000e+03,1.100000000000000000e+01,2.400000000000000000e+01,1.500000000000000000e+01,4.600000000000000000e+01,4.365064699999999931e+01
4.000656820263999691e+01,-8.303709072283000125e+01,-1.756899999999999906e+00,-3.869999999999999829e-02,1.078037411026200043e-01,1.045763822526220022e+00,4.729472183470000146e-02,-1.241441169999999983e-01,-7.556445149999999611e-01,1.804291206649999992e+02,2.024000000000000000e+03,1.100000000000000000e+01,2.400000000000000000e+01,1.500000000000000000e+01,4.600000000000000000e+01,4.370389399999999824e+01
4.000656724392000285e+01,-8.303709075036999820e+01,-1.786200000000000010e+00,-3.960000000000000325e-02,5.281517550525999943e-02,9.212630039645600677e-01,-2.606424055815999979e-02,-1.224482580000000043e-01,-7.514386509999999575e-01,1.805215742430000034e+02,2.024000000000000000e+03,1.100000000000000000e+01,2.400000000000000000e+01,1.500000000000000000e+01,4.600000000000000000e+01,4.375774400000000242e+01
4.000656643468000340e+01,-8.303709077422000462e+01,-1.804400000000000004e+00,-4.370000000000000273e-02,2.483629406379400106e-01,7.437452271200800658e-01,2.190922631719999757e-03,-1.276978179999999907e-01,-7.493991199999999742e-01,1.805970099619999871e+02,2.024000000000000000e+03,1.100000000000000000e+01,2.400000000000000000e+01,1.500000000000000000e+01,4.600000000000000000e+01,4.381067000000000178e+01
4.000656545444999779e+01,-8.303709080816000210e+01,-1.819399999999999906e+00,-5.279999999999999971e-02,3.166911994240800277e-01,4.743480873404399834e-01,-7.533543202744000244e-02,-1.211463650000000059e-01,-7.545459079999999874e-01,1.806903886849999878e+02,2.024000000000000000e+03,1.100000000000000000e+01,2.400000000000000000e+01,1.500000000000000000e+01,4.600000000000000000e+01,4.386460699999999946e+01
4.000656463215000258e+01,-8.303709084073000213e+01,-1.828899999999999970e+00,-5.809999999999999887e-02,2.129109143925000114e-01,3.712779429804199949e-01,-1.025581022041200108e-01,-1.026949780000000062e-01,-7.627949109999999644e-01,1.807697637999999927e+02,2.024000000000000000e+03,1.100000000000000000e+01,2.400000000000000000e+01,1.500000000000000000e+01,4.600000000000000000e+01,4.391895999999999844e+01
4.000656380592999994e+01,-8.303709087325999860e+01,-1.837499999999999911e+00,-5.419999999999999818e-02,-9.896158297695999140e-02,3.500891831046399894e-01,-6.752788591169998911e-02,-9.420705299999999893e-02,-7.746473550000000374e-01,1.808491500590000101e+02,2.024000000000000000e+03,1.100000000000000000e+01,2.400000000000000000e+01,1.500000000000000000e+01,4.600000000000000000e+01,4.397249800000000164e+01
4.000656330838999963e+01,-8.303709089103000451e+01,-1.841900000000000093e+00,-4.819999999999999979e-02,-3.471759236200600007e-01,3.016793881720399861e-01,2.793058414160000304e-03,-9.941552100000000669e-02,-7.868241620000000491e-01,1.808972674469999902e+02,2.024000000000000000e+03,1.100000000000000000e+01,2.400000000000000000e+01,1.500000000000000000e+01,4.600000000000000000e+01,4.402631199999999723e+01
4.000656297615000057e+01,-8.303709090235000190e+01,-1.844000000000000083e+00,-4.689999999999999725e-02,-2.326707926508399804e-01,2.283599054247199833e-01,8.266446718277999095e-02,-1.080971230000000033e-01,-7.940142529999999477e-01,1.809290281499999935e+02,2.024000000000000000e+03,1.100000000000000000e+01,2.400000000000000000e+01,1.500000000000000000e+01,4.600000000000000000e+01,4.408000599999999736e+01
4.000656181043999737e+01,-8.303709094219999542e+01,-1.850200000000000067e+00,-5.050000000000000322e-02,1.483080744276800145e-01,1.436516683763399971e-01,2.228237565102800244e-01,-1.326182290000000041e-01,-8.230963289999999599e-01,1.810368703659999881e+02,2.024000000000000000e+03,1.100000000000000000e+01,2.400000000000000000e+01,1.500000000000000000e+01,4.600000000000000000e+01,4.413371599999999972e+01
4.000656064161000103e+01,-8.303709098481999717e+01,-1.857099999999999973e+00,-5.399999999999999939e-02,1.853298664172200183e-01,2.257905153144200150e-01,2.340104786164799999e-01,-1.419779919999999973e-01,-8.471763669999999857e-01,1.811438596559999894e+02,2.024000000000000000e+03,1.100000000000000000e+01,2.400000000000000000e+01,1.500000000000000000e+01,4.600000000000000000e+01,4.418813600000000008e+01
4.000655963421999672e+01,-8.303709102482000048e+01,-1.872000000000000108e+00,-6.180000000000000077e-02,3.596967838997400246e-01,5.552807413898399602e-01,9.442216102177999892e-02,-1.544954799999999906e-01,-8.652491009999999649e-01,1.812317007020000119e+02,2.024000000000000000e+03,1.100000000000000000e+01,2.400000000000000000e+01,1.500000000000000000e+01,4.600000000000000000e+01,4.424163399999999768e+01
4.000655827493000061e+01,-8.303709108705000119e+01,-1.903299999999999992e+00,-7.130000000000000226e-02,2.103651874218800122e-01,8.687458040197200138e-01,-1.384994329479999993e-03,-1.585364459999999975e-01,-8.933365580000000028e-01,1.813455163440000035e+02,2.024000000000000000e+03,1.100000000000000000e+01,2.400000000000000000e+01,1.500000000000000000e+01,4.600000000000000000e+01,4.429527300000000167e+01
4.000655741341999772e+01,-8.303709113165000133e+01,-1.923699999999999966e+00,-7.860000000000000320e-02,2.029909689941599704e-01,8.454030699505999946e-01,-1.287050312512200145e-01,-1.550736550000000047e-01,-9.242608260000000353e-01,1.814131985589999942e+02,2.024000000000000000e+03,1.100000000000000000e+01,2.400000000000000000e+01,1.500000000000000000e+01,4.600000000000000000e+01,4.434901099999999730e+01
4.000655654385000304e+01,-8.303709117894000258e+01,-1.939000000000000057e+00,-8.000000000000000167e-02,-4.839061818981999635e-02,6.289278620454199498e-01,-2.354674310557199890e-01,-1.418521680000000007e-01,-9.576822860000000492e-01,1.814782430820000059e+02,2.024000000000000000e+03,1.100000000000000000e+01,2.400000000000000000e+01,1.500000000000000000e+01,4.600000000000000000e+01,4.440254999999999797e+01
4.000655566748999803e+01,-8.303709122640999851e+01,-1.953699999999999992e+00,-7.839999999999999747e-02,-1.991094393527200190e-01,5.935789403668799702e-01,-2.067829315101399890e-01,-1.306948910000000075e-01,-9.799789030000000123e-01,1.815396327340000084e+02,2.024000000000000000e+03,1.100000000000000000e+01,2.400000000000000000e+01,1.500000000000000000e+01,4.600000000000000000e+01,4.445771700000000237e+01
4.000655478408000221e+01,-8.303709127257999967e+01,-1.969799999999999995e+00,-7.539999999999999480e-02,-2.580712324080000064e-01,6.323115533409400246e-01,-2.616664351686000256e-02,-1.293128269999999913e-01,-9.952091809999999983e-01,1.815970104209999931e+02,2.024000000000000000e+03,1.100000000000000000e+01,2.400000000000000000e+01,1.500000000000000000e+01,4.600000000000000000e+01,4.451053399999999982e+01
4.000655371380999981e+01,-8.303709132529000669e+01,-1.991900000000000004e+00,-7.199999999999999456e-02,-2.019819806537600237e-01,7.441944766474599682e-01,8.767861267266000014e-02,-1.363685649999999971e-01,-1.010402929999999921e+00,1.816634279110000136e+02,2.024000000000000000e+03,1.100000000000000000e+01,2.400000000000000000e+01,1.500000000000000000e+01,4.600000000000000000e+01,4.456408600000000320e+01
4.000655263096000169e+01,-8.303709137673999408e+01,-2.015899999999999803e+00,-7.330000000000000404e-02,1.613351622107999858e-02,7.797394828316600579e-01,2.460372203012400061e-01,-1.488192499999999863e-01,-1.033100096999999939e+00,1.817273082499999930e+02,2.024000000000000000e+03,1.100000000000000000e+01,2.400000000000000000e+01,1.500000000000000000e+01,4.600000000000000000e+01,4.461799299999999846e+01
4.000655171852000080e+01,-8.303709142178999514e+01,-2.036099999999999799e+00,-7.820000000000000562e-02,1.245503619335199957e-01,7.769724240671600501e-01,1.331020004394599943e-01,-1.523294189999999937e-01,-1.061616324999999916e+00,1.817752045050000049e+02,2.024000000000000000e+03,1.100000000000000000e+01,2.400000000000000000e+01,1.500000000000000000e+01,4.600000000000000000e+01,4.467204000000000264e+01
4.000655061327999817e+01,-8.303709147755000686e+01,-2.054800000000000182e+00,-7.929999999999999549e-02,7.039131294600000331e-04,6.092112863157800318e-01,-5.231531637813999214e-02,-1.561684899999999931e-01,-1.095496830999999949e+00,1.818252672510000139e+02,2.024000000000000000e+03,1.100000000000000000e+01,2.400000000000000000e+01,1.500000000000000000e+01,4.600000000000000000e+01,4.472745499999999907e+01
4.000654968530999867e+01,-8.303709152537000193e+01,-2.067899999999999849e+00,-8.260000000000000675e-02,8.849218074598000361e-02,5.690965640063599951e-01,-1.083813704529599936e-01,-1.646546389999999915e-01,-1.112784143000000059e+00,1.818607814179999878e+02,2.024000000000000000e+03,1.100000000000000000e+01,2.400000000000000000e+01,1.500000000000000000e+01,4.600000000000000000e+01,4.478268299999999869e+01
4.000654856293999728e+01,-8.303709158681999725e+01,-2.086599999999999788e+00,-8.970000000000000195e-02,1.547547022830999819e-01,6.416999190973999845e-01,-9.924929767963999727e-02,-1.582518099999999928e-01,-1.126579543000000072e+00,1.819013641340000049e+02,2.024000000000000000e+03,1.100000000000000000e+01,2.400000000000000000e+01,1.500000000000000000e+01,4.600000000000000000e+01,4.483669400000000138e+01
4.000654761952999650e+01,-8.303709164066999904e+01,-2.103299999999999947e+00,-9.199999999999999845e-02,1.132871884000000021e-05,6.477702914712399895e-01,-1.929018506789600129e-01,-1.439383290000000037e-01,-1.136432872000000094e+00,1.819329770230000065e+02,2.024000000000000000e+03,1.100000000000000000e+01,2.400000000000000000e+01,1.500000000000000000e+01,4.600000000000000000e+01,4.489079499999999712e+01
4.000654666727999853e+01,-8.303709169460999817e+01,-2.125199999999999978e+00,-8.930000000000000437e-02,-2.366437464690199777e-01,8.427542900285001082e-01,-4.013626577517800387e-01,-1.367328070000000118e-01,-1.143694137000000000e+00,1.819590112779999913e+02,2.024000000000000000e+03,1.100000000000000000e+01,2.400000000000000000e+01,1.500000000000000000e+01,4.600000000000000000e+01,4.494443600000000316e+01
4.000654551273999715e+01,-8.303709175657000685e+01,-2.147699999999999942e+00,-8.319999999999999618e-02,-3.203737003469799838e-01,7.061207255341399591e-01,-1.293392726726400044e-01,-1.425990420000000092e-01,-1.158626568000000079e+00,1.819847639920000120e+02,2.024000000000000000e+03,1.100000000000000000e+01,2.400000000000000000e+01,1.500000000000000000e+01,4.600000000000000000e+01,4.499974900000000133e+01
4.000654531920999801e+01,-8.303709176642000500e+01,-2.150700000000000056e+00,-8.269999999999999574e-02,-1.199297564020000012e-01,3.290571189336000124e-01,-4.942476010117999308e-02,-1.429436430000000091e-01,-1.162980439999999893e+00,1.819888474029999941e+02,2.024000000000000000e+03,1.100000000000000000e+01,2.400000000000000000e+01,1.500000000000000000e+01,4.600000000000000000e+01,4.505410200000000032e+01
4.000654357274999740e+01,-8.303709185168000317e+01,-2.157799999999999940e+00,-7.889999999999999791e-02,-6.954542344863999526e-02,9.422433528210000242e-02,3.700040870840800022e-01,-1.676060279999999902e-01,-1.194369199999999909e+00,1.820163075380000066e+02,2.024000000000000000e+03,1.100000000000000000e+01,2.400000000000000000e+01,1.500000000000000000e+01,4.600000000000000000e+01,4.510768900000000059e+01
4.000654240469999934e+01,-8.303709190908999460e+01,-2.157000000000000028e+00,-7.960000000000000409e-02,-3.647883787454000298e-02,-2.765716013707999674e-02,2.986414109246399717e-01,-1.780135919999999983e-01,-1.220448468000000064e+00,1.820309658079999906e+02,2.024000000000000000e+03,1.100000000000000000e+01,2.400000000000000000e+01,1.500000000000000000e+01,4.600000000000000000e+01,4.516058499999999754e+01
4.000654162576999795e+01,-8.303709194812999783e+01,-2.154900000000000038e+00,-8.069999999999999396e-02,1.498516372559999948e-02,-1.164624114895200097e-01,-3.825047598042000119e-02,-1.891558630000000074e-01,-1.235641800000000012e+00,1.820394733480000014e+02,2.024000000000000000e+03,1.100000000000000000e+01,2.400000000000000000e+01,1.500000000000000000e+01,4.600000000000000000e+01,4.521575599999999895e+01
4.000654045953999827e+01,-8.303709200861999307e+01,-2.150399999999999867e+00,-8.649999999999999356e-02,2.425001625246400172e-01,-9.625844450803999752e-02,-2.387281657592000284e-01,-2.061142950000000029e-01,-1.245176904999999890e+00,1.820549722670000108e+02,2.024000000000000000e+03,1.100000000000000000e+01,2.400000000000000000e+01,1.500000000000000000e+01,4.600000000000000000e+01,4.526969400000000121e+01
4.000653910137999958e+01,-8.303709208445999934e+01,-2.147600000000000176e+00,-9.320000000000000506e-02,1.766770279542800026e-01,-4.717354265109999917e-02,-3.404812012105600250e-01,-2.067357139999999871e-01,-1.243241835999999934e+00,1.820786755320000054e+02,2.024000000000000000e+03,1.100000000000000000e+01,2.400000000000000000e+01,1.500000000000000000e+01,4.600000000000000000e+01,4.532403899999999908e+01
4.000653813257000024e+01,-8.303709213969000302e+01,-2.144600000000000062e+00,-9.189999999999999558e-02,-1.135485429367999975e-02,-1.054566313261799948e-01,-2.040227761857599798e-01,-2.022696390000000011e-01,-1.234471612999999968e+00,1.820957574530000045e+02,2.024000000000000000e+03,1.100000000000000000e+01,2.400000000000000000e+01,1.500000000000000000e+01,4.600000000000000000e+01,4.537901200000000301e+01
4.000653697071000181e+01,-8.303709220599000673e+01,-2.143899999999999917e+00,-9.210000000000000131e-02,2.417954300600000037e-02,-6.037932298750000454e-02,-1.934485586894000089e-02,-2.026923140000000123e-01,-1.222320513999999969e+00,1.821113212500000031e+02,2.024000000000000000e+03,1.100000000000000000e+01,2.400000000000000000e+01,1.500000000000000000e+01,4.600000000000000000e+01,4.543448899999999924e+01
4.000653600286999989e+01,-8.303709226102999708e+01,-2.143699999999999939e+00,-9.420000000000000595e-02,2.182227026968399930e-01,-1.645619756638000072e-02,1.284057366099999875e-02,-2.052038569999999895e-01,-1.208736113000000056e+00,1.821184628000000032e+02,2.024000000000000000e+03,1.100000000000000000e+01,2.400000000000000000e+01,1.500000000000000000e+01,4.600000000000000000e+01,4.549071800000000110e+01
4.000653484143000327e+01,-8.303709233012999391e+01,-2.144699999999999829e+00,-1.000000000000000056e-01,2.749651283255600265e-01,5.552497853144000572e-02,6.406193862770000191e-02,-1.935179539999999920e-01,-1.189210016999999953e+00,1.821239941800000111e+02,2.024000000000000000e+03,1.100000000000000000e+01,2.400000000000000000e+01,1.500000000000000000e+01,4.600000000000000000e+01,4.554619000000000284e+01
4.000653387380999959e+01,-8.303709238784999513e+01,-2.142999999999999794e+00,-9.589999999999999913e-02,-4.252436436390000241e-02,-7.033904319363999680e-02,1.508701381516600049e-01,-1.801911089999999882e-01,-1.173511694000000105e+00,1.821311227369999983e+02,2.024000000000000000e+03,1.100000000000000000e+01,2.400000000000000000e+01,1.500000000000000000e+01,4.600000000000000000e+01,4.560078399999999732e+01
4.000653290668000039e+01,-8.303709244402000422e+01,-2.142100000000000115e+00,-9.329999999999999405e-02,-4.093752326148000081e-02,-5.612076099657999778e-02,1.239349745037799932e-01,-1.759420819999999996e-01,-1.157744316999999912e+00,1.821420018089999928e+02,2.024000000000000000e+03,1.100000000000000000e+01,2.400000000000000000e+01,1.500000000000000000e+01,4.600000000000000000e+01,4.565597999999999956e+01
4.000653174570000203e+01,-8.303709251182000628e+01,-2.144699999999999829e+00,-9.560000000000000442e-02,6.896872601101999845e-02,8.105991589571999445e-02,-3.720897300085999893e-02,-1.704781549999999923e-01,-1.137368812999999923e+00,1.821580829240000128e+02,2.024000000000000000e+03,1.100000000000000000e+01,2.400000000000000000e+01,1.500000000000000000e+01,4.600000000000000000e+01,4.571129899999999679e+01
4.000653058267000262e+01,-8.303709258082000133e+01,-2.150599999999999845e+00,-9.479999999999999538e-02,-1.310708141301400176e-01,2.047198701890799999e-01,-1.653506434317799922e-01,-1.575916019999999973e-01,-1.125474486999999968e+00,1.821733105659999978e+02,2.024000000000000000e+03,1.100000000000000000e+01,2.400000000000000000e+01,1.500000000000000000e+01,4.600000000000000000e+01,4.576766899999999794e+01
4.000652961141000219e+01,-8.303709263624999437e+01,-2.154399999999999871e+00,-8.820000000000000062e-02,-3.758076156576800053e-01,1.424281815962200048e-01,-1.375874990319199964e-01,-1.582501890000000133e-01,-1.123182145999999992e+00,1.821835618499999896e+02,2.024000000000000000e+03,1.100000000000000000e+01,2.400000000000000000e+01,1.500000000000000000e+01,4.600000000000000000e+01,4.582225300000000345e+01
4.000652844459000335e+01,-8.303709269882999422e+01,-2.155299999999999994e+00,-8.490000000000000324e-02,-1.469243345716400029e-01,1.163906492695999939e-02,-6.273197581741998818e-02,-1.724394519999999931e-01,-1.124399002999999952e+00,1.821924328880000132e+02,2.024000000000000000e+03,1.100000000000000000e+01,2.400000000000000000e+01,1.500000000000000000e+01,4.600000000000000000e+01,4.587621000000000038e+01
4.000652747219999839e+01,-8.303709275098999854e+01,-2.154799999999999827e+00,-8.640000000000000457e-02,-5.780449212565999528e-02,-3.132459572443999779e-02,-1.042950116729999925e-02,-1.811893460000000011e-01,-1.123654896999999986e+00,1.821973057470000015e+02,2.024000000000000000e+03,1.100000000000000000e+01,2.400000000000000000e+01,1.500000000000000000e+01,4.600000000000000000e+01,4.593028000000000333e+01
4.000652630545000221e+01,-8.303709281301000544e+01,-2.155199999999999783e+00,-8.519999999999999796e-02,-8.154199794984000327e-02,-1.849323739500000020e-03,1.466492546018799970e-01,-1.864996019999999866e-01,-1.116853015000000005e+00,1.822019122490000029e+02,2.024000000000000000e+03,1.100000000000000000e+01,2.400000000000000000e+01,1.500000000000000000e+01,4.600000000000000000e+01,4.598476699999999795e+01
4.000652611094000122e+01,-8.303709282318000362e+01,-2.155400000000000205e+00,-8.500000000000000611e-02,-3.064380167129999999e-02,2.388714261544000114e-02,1.502497814983999869e-01,-1.880684960000000017e-01,-1.115031142000000086e+00,1.822026175169999931e+02,2.024000000000000000e+03,1.100000000000000000e+01,2.400000000000000000e+01,1.500000000000000000e+01,4.600000000000000000e+01,4.604043099999999811e+01
4.000652494348999966e+01,-8.303709288502000163e+01,-2.158100000000000129e+00,-8.840000000000000635e-02,6.533113899770000288e-02,8.966663378731999645e-02,1.633505721477399864e-01,-2.014176649999999957e-01,-1.109735644999999993e+00,1.822053825860000131e+02,2.024000000000000000e+03,1.100000000000000000e+01,2.400000000000000000e+01,1.500000000000000000e+01,4.600000000000000000e+01,4.609528399999999948e+01
4.000652338345000203e+01,-8.303709297154999547e+01,-2.166199999999999903e+00,-9.529999999999999583e-02,1.800862317998400131e-01,2.224670345662599913e-01,-3.922908920327999871e-02,-2.059047900000000042e-01,-1.118080127000000035e+00,1.822054692520000003e+02,2.024000000000000000e+03,1.100000000000000000e+01,2.400000000000000000e+01,1.500000000000000000e+01,4.600000000000000000e+01,4.615159700000000242e+01
4.000652260356000056e+01,-8.303709301623999295e+01,-2.167100000000000026e+00,-9.600000000000000200e-02,1.079835904194000051e-02,5.426229351788000588e-02,-2.462245027637799955e-01,-2.040464449999999930e-01,-1.127268699999999901e+00,1.822042891789999999e+02,2.024000000000000000e+03,1.100000000000000000e+01,2.400000000000000000e+01,1.500000000000000000e+01,4.600000000000000000e+01,4.620660399999999868e+01
4.000652104433999767e+01,-8.303709310348999395e+01,-2.166399999999999881e+00,-9.020000000000000240e-02,-1.724250299525200147e-01,3.506407372963999541e-02,5.538160281142000263e-02,-2.045904480000000081e-01,-1.132669434000000086e+00,1.822030018160000111e+02,2.024000000000000000e+03,1.100000000000000000e+01,2.400000000000000000e+01,1.500000000000000000e+01,4.600000000000000000e+01,4.626169999999999760e+01
4.000651987327000114e+01,-8.303709316430999365e+01,-2.171600000000000197e+00,-8.490000000000000324e-02,-1.228901867998799941e-01,1.855921061889400092e-01,2.132160861417800035e-01,-2.159440169999999881e-01,-1.137728647000000093e+00,1.822052110749999940e+02,2.024000000000000000e+03,1.100000000000000000e+01,2.400000000000000000e+01,1.500000000000000000e+01,4.600000000000000000e+01,4.631636100000000056e+01
4.000651889545000017e+01,-8.303709321307999858e+01,-2.174500000000000099e+00,-8.329999999999999905e-02,-4.697353215468000331e-02,1.096444861509600077e-01,1.002562830031200058e-01,-2.280439340000000037e-01,-1.148956281000000024e+00,1.822065779309999982e+02,2.024000000000000000e+03,1.100000000000000000e+01,2.400000000000000000e+01,1.500000000000000000e+01,4.600000000000000000e+01,4.636942499999999967e+01
4.000651772017000241e+01,-8.303709327126000517e+01,-2.178999999999999826e+00,-8.490000000000000324e-02,1.063988926058999918e-01,1.630495539934199989e-01,9.887808293534000592e-02,-2.415336240000000023e-01,-1.166588865999999891e+00,1.822051581610000142e+02,2.024000000000000000e+03,1.100000000000000000e+01,2.400000000000000000e+01,1.500000000000000000e+01,4.600000000000000000e+01,4.642471199999999953e+01
4.000651673878999759e+01,-8.303709332193000137e+01,-2.181999999999999940e+00,-8.859999999999999820e-02,1.228507272378800003e-01,8.181941558534000514e-02,2.116315366129000175e-01,-2.457180760000000075e-01,-1.193135534999999914e+00,1.822020181149999871e+02,2.024000000000000000e+03,1.100000000000000000e+01,2.400000000000000000e+01,1.500000000000000000e+01,4.600000000000000000e+01,4.647891599999999812e+01
4.000651556065999870e+01,-8.303709338513999683e+01,-2.181299999999999795e+00,-9.239999999999999603e-02,1.234398388132399993e-01,-3.621471834756000152e-02,-2.920710343078000010e-02,-2.470511750000000117e-01,-1.225534413000000100e+00,1.822005772159999992e+02,2.024000000000000000e+03,1.100000000000000000e+01,2.400000000000000000e+01,1.500000000000000000e+01,4.600000000000000000e+01,4.653462300000000340e+01
4.000651457952000101e+01,-8.303709344035000584e+01,-2.179699999999999971e+00,-9.650000000000000244e-02,1.326208953484200037e-01,-4.281416238773999572e-02,-5.925460199958000607e-02,-2.452084800000000064e-01,-1.246616128999999962e+00,1.822023053009999956e+02,2.024000000000000000e+03,1.100000000000000000e+01,2.400000000000000000e+01,1.500000000000000000e+01,4.600000000000000000e+01,4.659098000000000184e+01
4.000651340398000144e+01,-8.303709350821000612e+01,-2.174799999999999844e+00,-9.750000000000000333e-02,2.718684841982000125e-02,-1.457744854744200125e-01,-2.918059368880000087e-03,-2.351258529999999958e-01,-1.264622024999999983e+00,1.822089104709999958e+02,2.024000000000000000e+03,1.100000000000000000e+01,2.400000000000000000e+01,1.500000000000000000e+01,4.600000000000000000e+01,4.664549699999999888e+01
4.000651242546999953e+01,-8.303709356406000097e+01,-2.175199999999999800e+00,-9.560000000000000442e-02,-1.787138843740000010e-02,5.942051789666000228e-02,-2.385676131541999978e-02,-2.277430980000000049e-01,-1.271677825999999900e+00,1.822128553990000057e+02,2.024000000000000000e+03,1.100000000000000000e+01,2.400000000000000000e+01,1.500000000000000000e+01,4.600000000000000000e+01,4.670018400000000014e+01
4.000651144449999919e+01,-8.303709361914999931e+01,-2.183499999999999996e+00,-9.299999999999999933e-02,-1.367366868093999877e-01,3.035207857271799980e-01,-1.231294780208399969e-01,-2.223928550000000004e-01,-1.288618338000000030e+00,1.822144370690000130e+02,2.024000000000000000e+03,1.100000000000000000e+01,2.400000000000000000e+01,1.500000000000000000e+01,4.600000000000000000e+01,4.675484500000000310e+01
4.000651046086999685e+01,-8.303709367326999313e+01,-2.187800000000000189e+00,-9.059999999999999998e-02,-1.723428257096400185e-01,1.603712951016799948e-01,-1.413086989410400063e-01,-2.209064030000000012e-01,-1.319073543000000015e+00,1.822157788849999918e+02,2.024000000000000000e+03,1.100000000000000000e+01,2.400000000000000000e+01,1.500000000000000000e+01,4.600000000000000000e+01,4.680940400000000068e+01
4.000650908302999653e+01,-8.303709374397999454e+01,-2.186700000000000088e+00,-8.500000000000000611e-02,-1.963623861789999883e-02,-1.801622521660000212e-02,-9.870963142552000025e-02,-2.375041639999999898e-01,-1.363156964000000082e+00,1.822186175889999902e+02,2.024000000000000000e+03,1.100000000000000000e+01,2.400000000000000000e+01,1.500000000000000000e+01,4.600000000000000000e+01,4.686437999999999704e+01
4.000650809970999688e+01,-8.303709379311000305e+01,-2.183399999999999785e+00,-8.590000000000000413e-02,1.635743383580400001e-01,-1.303969535262800017e-01,2.150218021676000152e-02,-2.523855819999999972e-01,-1.385567932000000058e+00,1.822228020640000068e+02,2.024000000000000000e+03,1.100000000000000000e+01,2.400000000000000000e+01,1.500000000000000000e+01,4.600000000000000000e+01,4.691939200000000199e+01
4.000650711779999824e+01,-8.303709384524999848e+01,-2.180699999999999861e+00,-9.349999999999999978e-02,3.436938428754799935e-01,-7.540500500115999982e-02,1.118006179692399987e-01,-2.540715880000000149e-01,-1.399883576999999990e+00,1.822254267860000141e+02,2.024000000000000000e+03,1.100000000000000000e+01,2.400000000000000000e+01,1.500000000000000000e+01,4.600000000000000000e+01,4.697571099999999689e+01
4.000650652899999926e+01,-8.303709387818000209e+01,-2.180299999999999905e+00,-9.539999999999999869e-02,1.677135784430799914e-01,-2.983684263617999988e-02,-9.907154955762000059e-02,-2.518723769999999806e-01,-1.401803927000000005e+00,1.822263484309999910e+02,2.024000000000000000e+03,1.100000000000000000e+01,2.400000000000000000e+01,1.500000000000000000e+01,4.600000000000000000e+01,4.703025800000000345e+01
4.000650574422000005e+01,-8.303709392369999875e+01,-2.179199999999999804e+00,-9.859999999999999321e-02,1.256518163797800125e-01,-4.423419085415999930e-02,-3.610502497944000078e-02,-2.450676270000000101e-01,-1.406879892000000076e+00,1.822266226140000072e+02,2.024000000000000000e+03,1.100000000000000000e+01,2.400000000000000000e+01,1.500000000000000000e+01,4.600000000000000000e+01,4.708458799999999655e+01
4.000650397914999701e+01,-8.303709402610999746e+01,-2.181099999999999817e+00,-9.740000000000000047e-02,2.240337342134000181e-02,1.516879744767000160e-01,-3.052460840145999887e-02,-2.402348739999999871e-01,-1.402387142000000031e+00,1.822314230380000026e+02,2.024000000000000000e+03,1.100000000000000000e+01,2.400000000000000000e+01,1.500000000000000000e+01,4.600000000000000000e+01,4.713963100000000139e+01
4.000650299560999912e+01,-8.303709408381999424e+01,-2.188099999999999934e+00,-9.360000000000000264e-02,-1.566565047769999941e-01,2.310402109611199850e-01,5.994217029375999845e-02,-2.394638619999999996e-01,-1.412224498999999911e+00,1.822397561150000058e+02,2.024000000000000000e+03,1.100000000000000000e+01,2.400000000000000000e+01,1.500000000000000000e+01,4.600000000000000000e+01,4.719353499999999713e+01
4.000650161554000306e+01,-8.303709416130999443e+01,-2.190199999999999925e+00,-9.080000000000000571e-02,1.456819332486000013e-02,-6.291143688196000616e-02,1.156744123214599879e-01,-2.468170680000000006e-01,-1.436683106999999904e+00,1.822542517820000114e+02,2.024000000000000000e+03,1.100000000000000000e+01,2.400000000000000000e+01,1.500000000000000000e+01,4.600000000000000000e+01,4.724742100000000278e+01
4.000650063110000332e+01,-8.303709421566000515e+01,-2.184699999999999864e+00,-8.959999999999999909e-02,-1.026294893845999985e-02,-1.038320940835800038e-01,-7.046973257429998971e-02,-2.533436929999999809e-01,-1.442690508000000094e+00,1.822614903099999992e+02,2.024000000000000000e+03,1.100000000000000000e+01,2.400000000000000000e+01,1.500000000000000000e+01,4.600000000000000000e+01,4.730256099999999719e+01
4.000649945368000004e+01,-8.303709428000999537e+01,-2.177299999999999791e+00,-8.770000000000000018e-02,-5.021218299518000194e-02,-1.843863887904200194e-01,-2.049611078625800109e-01,-2.642729469999999803e-01,-1.421689884000000070e+00,1.822736240380000083e+02,2.024000000000000000e+03,1.100000000000000000e+01,2.400000000000000000e+01,1.500000000000000000e+01,4.600000000000000000e+01,4.735724499999999892e+01
4.000649847398000247e+01,-8.303709433458999456e+01,-2.176899999999999835e+00,-9.049999999999999711e-02,2.494979530638000154e-02,2.342915850534000102e-02,4.068343459283999680e-02,-2.774138829999999722e-01,-1.394294788000000063e+00,1.822863188510000043e+02,2.024000000000000000e+03,1.100000000000000000e+01,2.400000000000000000e+01,1.500000000000000000e+01,4.600000000000000000e+01,4.741221800000000286e+01
4.000649729684000278e+01,-8.303709440238000639e+01,-2.180800000000000072e+00,-9.310000000000000220e-02,-5.721783162045999266e-02,9.034465839843999757e-02,2.408280529779200096e-01,-2.841039169999999836e-01,-1.373644837999999924e+00,1.823061786680000012e+02,2.024000000000000000e+03,1.100000000000000000e+01,2.400000000000000000e+01,1.500000000000000000e+01,4.600000000000000000e+01,4.746777699999999811e+01
4.000649631465000056e+01,-8.303709445991999871e+01,-2.182599999999999874e+00,-9.610000000000000486e-02,4.977252631593999388e-02,2.966620704845999990e-02,-8.333220721888000282e-02,-2.899732700000000052e-01,-1.364645192000000007e+00,1.823240207549999923e+02,2.024000000000000000e+03,1.100000000000000000e+01,2.400000000000000000e+01,1.500000000000000000e+01,4.600000000000000000e+01,4.752238400000000240e+01
4.000649513553000247e+01,-8.303709453122000639e+01,-2.183300000000000018e+00,-1.009000000000000036e-01,1.509960123696599821e-01,2.096405884678000098e-02,-1.318817407310999834e-01,-2.894314339999999874e-01,-1.347155402999999918e+00,1.823443317210000032e+02,2.024000000000000000e+03,1.100000000000000000e+01,2.400000000000000000e+01,1.500000000000000000e+01,4.600000000000000000e+01,4.757810700000000281e+01
4.000649415339999848e+01,-8.303709459130999448e+01,-2.182100000000000151e+00,-9.869999999999999607e-02,-1.030569175583599950e-01,-3.079395262200000389e-03,-1.196044926839800043e-01,-2.868963409999999992e-01,-1.322229628999999962e+00,1.823605050040000037e+02,2.024000000000000000e+03,1.100000000000000000e+01,2.400000000000000000e+01,1.500000000000000000e+01,4.600000000000000000e+01,4.763331099999999907e+01
4.000649297569999874e+01,-8.303709466003999751e+01,-2.180000000000000160e+00,-9.349999999999999978e-02,-1.013463099533599976e-01,-3.685860875584000274e-02,2.898336863365999841e-02,-2.963906430000000092e-01,-1.287255081999999939e+00,1.823813368620000119e+02,2.024000000000000000e+03,1.100000000000000000e+01,2.400000000000000000e+01,1.500000000000000000e+01,4.600000000000000000e+01,4.768868499999999955e+01
4.000649179721000337e+01,-8.303709472910999523e+01,-2.183699999999999974e+00,-9.719999999999999474e-02,1.307068212700200072e-01,9.418566056298000033e-02,2.082425354376599702e-01,-3.060828259999999745e-01,-1.254650515000000022e+00,1.823994779600000129e+02,2.024000000000000000e+03,1.100000000000000000e+01,2.400000000000000000e+01,1.500000000000000000e+01,4.600000000000000000e+01,4.774436299999999989e+01
4.000649081278999830e+01,-8.303709478925000553e+01,-2.189700000000000202e+00,-1.010000000000000064e-01,4.989406729268000551e-02,2.147620364074199761e-01,6.913263779799999750e-04,-3.014004189999999750e-01,-1.238314493000000072e+00,1.824125765420000107e+02,2.024000000000000000e+03,1.100000000000000000e+01,2.400000000000000000e+01,1.500000000000000000e+01,4.600000000000000000e+01,4.779936000000000007e+01
4.000648982575999923e+01,-8.303709485017000702e+01,-2.196499999999999897e+00,-1.024000000000000049e-01,3.288016302139999680e-02,3.016652633585800158e-01,-5.291639686754000260e-02,-3.019277009999999928e-01,-1.226138673999999984e+00,1.824248327720000020e+02,2.024000000000000000e+03,1.100000000000000000e+01,2.400000000000000000e+01,1.500000000000000000e+01,4.600000000000000000e+01,4.785622800000000154e+01
4.000648863839000313e+01,-8.303709492547000082e+01,-2.200099999999999945e+00,-1.081000000000000016e-01,2.181619639683200218e-01,1.187397189240800149e-01,-7.073571932317999911e-02,-3.017838360000000275e-01,-1.224328322000000080e+00,1.824402527029999987e+02,2.024000000000000000e+03,1.100000000000000000e+01,2.400000000000000000e+01,1.500000000000000000e+01,4.600000000000000000e+01,4.791194899999999990e+01
4.000648764886999942e+01,-8.303709499298000196e+01,-2.196899999999999853e+00,-1.154000000000000026e-01,3.324352078470599881e-01,-1.135899970438599971e-01,-1.531506989205400071e-01,-2.853955249999999833e-01,-1.217145090000000041e+00,1.824538998209999932e+02,2.024000000000000000e+03,1.100000000000000000e+01,2.400000000000000000e+01,1.500000000000000000e+01,4.600000000000000000e+01,4.796672199999999719e+01
4.000648685803999882e+01,-8.303709504823000032e+01,-2.195399999999999796e+00,-1.155999999999999944e-01,1.632528818932000095e-02,-7.317671976538001055e-02,-2.382424315026799855e-01,-2.679351939999999876e-01,-1.200866084999999917e+00,1.824653584499999965e+02,2.024000000000000000e+03,1.100000000000000000e+01,2.400000000000000000e+01,1.500000000000000000e+01,4.600000000000000000e+01,4.802352599999999683e+01
4.000648606666999996e+01,-8.303709510056999932e+01,-2.199300000000000033e+00,-1.055999999999999994e-01,-4.217997346135400338e-01,1.445503345159999953e-01,9.058587492048000844e-02,-2.655481000000000091e-01,-1.177202351000000036e+00,1.824766733319999901e+02,2.024000000000000000e+03,1.100000000000000000e+01,2.400000000000000000e+01,1.500000000000000000e+01,4.600000000000000000e+01,4.807741899999999902e+01
4.000648467760999694e+01,-8.303709518537999656e+01,-2.207500000000000018e+00,-9.929999999999999938e-02,-4.971226085678000228e-02,1.945143000479999940e-01,-1.075996570919000028e-01,-2.842098140000000051e-01,-1.151633501999999920e+00,1.825016277379999963e+02,2.024000000000000000e+03,1.100000000000000000e+01,2.400000000000000000e+01,1.500000000000000000e+01,4.600000000000000000e+01,4.813296199999999914e+01
4.000648328196000136e+01,-8.303709526958000708e+01,-2.215399999999999814e+00,-9.940000000000000224e-02,7.918645696478000817e-02,1.931552918600600022e-01,1.168310134490800067e-01,-3.030199690000000001e-01,-1.136732832000000082e+00,1.825220816830000103e+02,2.024000000000000000e+03,1.100000000000000000e+01,2.400000000000000000e+01,1.500000000000000000e+01,4.600000000000000000e+01,4.818771199999999766e+01
4.000648208290999719e+01,-8.303709534348999455e+01,-2.218100000000000183e+00,-1.038000000000000034e-01,2.081071694662200156e-01,9.931481930722001195e-02,8.582004489724000262e-02,-3.119809239999999928e-01,-1.125017018999999951e+00,1.825353256070000043e+02,2.024000000000000000e+03,1.100000000000000000e+01,2.400000000000000000e+01,1.500000000000000000e+01,4.600000000000000000e+01,4.824251799999999690e+01
4.000648088207000086e+01,-8.303709542231999308e+01,-2.221099999999999852e+00,-1.111000000000000043e-01,1.600878007650000101e-01,7.699134876936000738e-02,3.158216141448799696e-01,-3.059396640000000001e-01,-1.115664462000000023e+00,1.825500411909999912e+02,2.024000000000000000e+03,1.100000000000000000e+01,2.400000000000000000e+01,1.500000000000000000e+01,4.600000000000000000e+01,4.829748399999999720e+01
4.000647988075999706e+01,-8.303709549280999624e+01,-2.221499999999999808e+00,-1.180999999999999966e-01,1.464447033665000064e-01,7.811686620400000447e-03,-2.237881788856000212e-02,-2.936230289999999798e-01,-1.107604618000000096e+00,1.825654388179999899e+02,2.024000000000000000e+03,1.100000000000000000e+01,2.400000000000000000e+01,1.500000000000000000e+01,4.600000000000000000e+01,4.835492800000000102e+01
4.000647867680999781e+01,-8.303709558063999907e+01,-2.230700000000000127e+00,-1.214999999999999969e-01,-7.958929554200000131e-03,3.436462034879599892e-01,-2.381611281094599963e-01,-2.757154549999999982e-01,-1.092482675999999930e+00,1.825855196889999945e+02,2.024000000000000000e+03,1.100000000000000000e+01,2.400000000000000000e+01,1.500000000000000000e+01,4.600000000000000000e+01,4.840944499999999806e+01
4.000647766899000146e+01,-8.303709565475000431e+01,-2.241499999999999826e+00,-1.200999999999999984e-01,-2.349252965137199889e-01,4.274369112930800352e-01,-4.128412080393999845e-02,-2.620467949999999990e-01,-1.095962920000000063e+00,1.826032071239999937e+02,2.024000000000000000e+03,1.100000000000000000e+01,2.400000000000000000e+01,1.500000000000000000e+01,4.600000000000000000e+01,4.846490299999999962e+01
4.000647645283000031e+01,-8.303709574014999362e+01,-2.254700000000000149e+00,-1.126000000000000056e-01,-3.659084956020399737e-01,3.881912040076599957e-01,1.770271479073999912e-02,-2.478669779999999878e-01,-1.127384839000000083e+00,1.826289919920000102e+02,2.024000000000000000e+03,1.100000000000000000e+01,2.400000000000000000e+01,1.500000000000000000e+01,4.600000000000000000e+01,4.851968000000000103e+01
4.000647523306000153e+01,-8.303709581971000375e+01,-2.257000000000000117e+00,-1.073999999999999955e-01,-3.274705247632799798e-01,1.328967571032199924e-01,7.352259969527999428e-02,-2.593683969999999728e-01,-1.164739785000000083e+00,1.826475534950000110e+02,2.024000000000000000e+03,1.100000000000000000e+01,2.400000000000000000e+01,1.500000000000000000e+01,4.600000000000000000e+01,4.857475300000000118e+01
4.000647421522000258e+01,-8.303709588409999753e+01,-2.259500000000000064e+00,-1.049999999999999961e-01,-8.470215536205999429e-02,7.642571769246001012e-02,1.871142807060799940e-01,-2.716903560000000217e-01,-1.191361048000000089e+00,1.826602799599999969e+02,2.024000000000000000e+03,1.100000000000000000e+01,2.400000000000000000e+01,1.500000000000000000e+01,4.600000000000000000e+01,4.862937399999999855e+01
4.000647319587000084e+01,-8.303709594744999833e+01,-2.263799999999999812e+00,-1.044000000000000067e-01,-2.055041155291999905e-02,1.630278130473999942e-01,8.932242455681999038e-02,-2.882011469999999909e-01,-1.213168982000000007e+00,1.826717482749999988e+02,2.024000000000000000e+03,1.100000000000000000e+01,2.400000000000000000e+01,1.500000000000000000e+01,4.600000000000000000e+01,4.868496900000000238e+01
4.000647196962999885e+01,-8.303709602655000310e+01,-2.269600000000000062e+00,-1.144000000000000017e-01,3.931873971111800037e-01,1.633299983712399872e-01,-3.548423375186000178e-02,-2.956107880000000132e-01,-1.248332790000000081e+00,1.826862800339999922e+02,2.024000000000000000e+03,1.100000000000000000e+01,2.400000000000000000e+01,1.500000000000000000e+01,4.600000000000000000e+01,4.874051500000000203e+01
4.000647074294000305e+01,-8.303709611127000301e+01,-2.267599999999999838e+00,-1.200999999999999984e-01,2.201209280377399991e-01,-6.109991718990000209e-02,3.072611805560000395e-02,-2.890768160000000142e-01,-1.281327585000000102e+00,1.826978502839999976e+02,2.024000000000000000e+03,1.100000000000000000e+01,2.400000000000000000e+01,1.500000000000000000e+01,4.600000000000000000e+01,4.879514999999999958e+01
4.000646972153000291e+01,-8.303709618476999310e+01,-2.265499999999999847e+00,-1.238999999999999962e-01,1.555259469247000093e-01,-7.918548977726000415e-02,6.101220602616000410e-02,-2.844932860000000119e-01,-1.296619229999999900e+00,1.827050042019999978e+02,2.024000000000000000e+03,1.100000000000000000e+01,2.400000000000000000e+01,1.500000000000000000e+01,4.600000000000000000e+01,4.884970700000000221e+01
4.000646869973999742e+01,-8.303709626010000022e+01,-2.269299999999999873e+00,-1.272000000000000075e-01,1.709641837127000019e-01,1.682181791887999989e-01,1.659544857669199847e-01,-2.760667829999999823e-01,-1.306801408000000109e+00,1.827119065560000024e+02,2.024000000000000000e+03,1.100000000000000000e+01,2.400000000000000000e+01,1.500000000000000000e+01,4.600000000000000000e+01,4.890460900000000066e+01
4.000646767488999700e+01,-8.303709633715999416e+01,-2.279100000000000126e+00,-1.307999999999999996e-01,1.744689060499199917e-01,4.043927451144399554e-01,3.659124943860000284e-02,-2.593093599999999888e-01,-1.327071740000000055e+00,1.827177239289999875e+02,2.024000000000000000e+03,1.100000000000000000e+01,2.400000000000000000e+01,1.500000000000000000e+01,4.600000000000000000e+01,4.895958699999999908e+01
4.000646726400000119e+01,-8.303709636796000382e+01,-2.281099999999999905e+00,-1.282999999999999974e-01,-6.656553596608000278e-02,2.887630285717199818e-01,-3.423545503445999533e-02,-2.495995360000000107e-01,-1.342580134999999952e+00,1.827201472879999926e+02,2.024000000000000000e+03,1.100000000000000000e+01,2.400000000000000000e+01,1.500000000000000000e+01,4.600000000000000000e+01,4.901543800000000317e+01
4.000646705847999840e+01,-8.303709638329999621e+01,-2.281200000000000117e+00,-1.275999999999999912e-01,-1.154969405029799834e-01,1.887542228621600093e-01,-3.090802086022000073e-02,-2.436833870000000013e-01,-1.349813904999999981e+00,1.827210933190000048e+02,2.024000000000000000e+03,1.100000000000000000e+01,2.400000000000000000e+01,1.500000000000000000e+01,4.600000000000000000e+01,4.907109700000000174e+01
4.000646582633999770e+01,-8.303709647350000012e+01,-2.276100000000000012e+00,-1.223000000000000059e-01,-1.850504037222999998e-01,-2.021569329532200143e-01,-9.954597565937998993e-02,-2.239892400000000061e-01,-1.380811223999999893e+00,1.827259624639999913e+02,2.024000000000000000e+03,1.100000000000000000e+01,2.400000000000000000e+01,1.500000000000000000e+01,4.600000000000000000e+01,4.912569799999999987e+01
4.000646398156000316e+01,-8.303709660245000634e+01,-2.275700000000000056e+00,-1.137999999999999984e-01,-1.488032290283199943e-01,6.229471503752000150e-02,-1.012624706515600076e-01,-2.288269749999999880e-01,-1.378170469000000065e+00,1.827302344039999866e+02,2.024000000000000000e+03,1.100000000000000000e+01,2.400000000000000000e+01,1.500000000000000000e+01,4.600000000000000000e+01,4.917969899999999939e+01
4.000646336567000105e+01,-8.303709664372999555e+01,-2.278700000000000170e+00,-1.122999999999999970e-01,-6.455685291858000163e-02,7.994611629643999517e-02,-2.456810360956000056e-02,-2.329490840000000007e-01,-1.376365813999999910e+00,1.827327851780000003e+02,2.024000000000000000e+03,1.100000000000000000e+01,2.400000000000000000e+01,1.500000000000000000e+01,4.600000000000000000e+01,4.923322699999999941e+01
4.000646172367999753e+01,-8.303709674764000681e+01,-2.273600000000000065e+00,-1.021999999999999992e-01,-1.776590514590999925e-01,-1.911188153583399940e-01,3.249659671194000260e-02,-2.660432139999999723e-01,-1.376442071000000045e+00,1.827451080779999870e+02,2.024000000000000000e+03,1.100000000000000000e+01,2.400000000000000000e+01,1.500000000000000000e+01,4.600000000000000000e+01,4.928735400000000055e+01
4.000645966940999898e+01,-8.303709687641000414e+01,-2.287199999999999900e+00,-1.015000000000000069e-01,-3.152765150395199778e-01,3.283789822029999916e-01,1.024655818393999974e-02,-3.020191260000000266e-01,-1.362623906999999912e+00,1.827592385089999993e+02,2.024000000000000000e+03,1.100000000000000000e+01,2.400000000000000000e+01,1.500000000000000000e+01,4.600000000000000000e+01,4.934304800000000313e+01
4.000645843278999791e+01,-8.303709695061000673e+01,-2.283799999999999830e+00,-1.010999999999999954e-01,3.301283299313999969e-02,-2.231506155825400128e-01,-1.147301706335999982e-02,-3.391299560000000102e-01,-1.377948879000000071e+00,1.827644688970000004e+02,2.024000000000000000e+03,1.100000000000000000e+01,2.400000000000000000e+01,1.500000000000000000e+01,4.600000000000000000e+01,4.939834400000000159e+01
4.000645740569999731e+01,-8.303709701508999785e+01,-2.275100000000000122e+00,-1.092000000000000054e-01,2.925900034175599740e-01,-3.054809492590399578e-01,-5.253479259966000597e-02,-3.620227300000000148e-01,-1.369220148999999997e+00,1.827658463619999907e+02,2.024000000000000000e+03,1.100000000000000000e+01,2.400000000000000000e+01,1.500000000000000000e+01,4.600000000000000000e+01,4.945395400000000308e+01
4.000645638080000310e+01,-8.303709708395000177e+01,-2.274900000000000144e+00,-1.161999999999999977e-01,2.382690772721600125e-01,9.494853317865999121e-02,6.896508749731999899e-02,-3.667350600000000016e-01,-1.343815742999999951e+00,1.827645850689999918e+02,2.024000000000000000e+03,1.100000000000000000e+01,2.400000000000000000e+01,1.500000000000000000e+01,4.600000000000000000e+01,4.950987800000000050e+01
4.000645514693999871e+01,-8.303709717062000095e+01,-2.287700000000000067e+00,-1.202000000000000013e-01,3.620504211132000161e-02,4.366407490061999797e-01,-8.289984775696000729e-02,-3.612634479999999870e-01,-1.336930229000000026e+00,1.827644379449999974e+02,2.024000000000000000e+03,1.100000000000000000e+01,2.400000000000000000e+01,1.500000000000000000e+01,4.600000000000000000e+01,4.956550099999999759e+01
4.000645390977999938e+01,-8.303709726044000661e+01,-2.284800000000000164e+00,-1.285000000000000031e-01,3.587498464197200199e-01,-1.987981862799000077e-01,-7.008363786881999236e-02,-3.525406090000000048e-01,-1.351863628000000039e+00,1.827653898840000011e+02,2.024000000000000000e+03,1.100000000000000000e+01,2.400000000000000000e+01,1.500000000000000000e+01,4.600000000000000000e+01,4.961977600000000166e+01
4.000645267811000139e+01,-8.303709735719000662e+01,-2.270700000000000163e+00,-1.368999999999999939e-01,2.134893278101799852e-01,-4.583946918692800021e-01,-1.799403751347199987e-01,-3.203231570000000250e-01,-1.334604029000000081e+00,1.827605243710000025e+02,2.024000000000000000e+03,1.100000000000000000e+01,2.400000000000000000e+01,1.500000000000000000e+01,4.600000000000000000e+01,4.967568099999999731e+01
4.000645165601999764e+01,-8.303709743931999299e+01,-2.265699999999999825e+00,-1.350999999999999979e-01,-9.707358392744000475e-02,-1.697649260198599852e-01,-1.819213401779599948e-01,-2.853348840000000108e-01,-1.286456902000000069e+00,1.827537137889999883e+02,2.024000000000000000e+03,1.100000000000000000e+01,2.400000000000000000e+01,1.500000000000000000e+01,4.600000000000000000e+01,4.973127699999999862e+01
4.000645042941999918e+01,-8.303709753449000175e+01,-2.270599999999999952e+00,-1.275999999999999912e-01,-2.933843368570799859e-01,1.735279902724600198e-01,-6.164314922284000464e-02,-2.623762350000000132e-01,-1.225914645000000025e+00,1.827424038400000086e+02,2.024000000000000000e+03,1.100000000000000000e+01,2.400000000000000000e+01,1.500000000000000000e+01,4.600000000000000000e+01,4.978713299999999720e+01
4.000644940606999711e+01,-8.303709760915999993e+01,-2.271900000000000031e+00,-1.194999999999999951e-01,-3.520978468606599798e-01,6.095102439462000282e-02,2.444949261432000087e-02,-2.536969949999999807e-01,-1.182388436000000098e+00,1.827360257759999911e+02,2.024000000000000000e+03,1.100000000000000000e+01,2.400000000000000000e+01,1.500000000000000000e+01,4.600000000000000000e+01,4.984180599999999828e+01
4.000644817605999748e+01,-8.303709769449000078e+01,-2.277299999999999880e+00,-1.137999999999999984e-01,-2.826579527932400193e-01,1.717811333410199925e-01,1.495665457428000007e-02,-2.448810449999999916e-01,-1.137928416999999914e+00,1.827301165419999904e+02,2.024000000000000000e+03,1.100000000000000000e+01,2.400000000000000000e+01,1.500000000000000000e+01,4.600000000000000000e+01,4.989731799999999851e+01
4.000644714890999865e+01,-8.303709776264000197e+01,-2.281099999999999905e+00,-1.095000000000000001e-01,-2.590089977694400303e-01,1.147600757188200066e-01,1.544948033395600051e-01,-2.451325480000000057e-01,-1.112293334999999939e+00,1.827257260510000094e+02,2.024000000000000000e+03,1.100000000000000000e+01,2.400000000000000000e+01,1.500000000000000000e+01,4.600000000000000000e+01,4.995519300000000129e+01
4.000644612074999884e+01,-8.303709783102999609e+01,-2.282799999999999940e+00,-1.140000000000000041e-01,6.666254120936000727e-02,8.826168358544000947e-02,1.409299493149800131e-01,-2.472725430000000113e-01,-1.088914793000000047e+00,1.827178176479999934e+02,2.024000000000000000e+03,1.100000000000000000e+01,2.400000000000000000e+01,1.500000000000000000e+01,4.600000000000000000e+01,5.001284100000000166e+01
4.000644570920999854e+01,-8.303709785878000105e+01,-2.283599999999999852e+00,-1.155999999999999944e-01,1.283198400903199921e-01,9.080914277312000793e-02,1.902328124397799913e-01,-2.457420369999999965e-01,-1.082754672999999945e+00,1.827143933650000065e+02,2.024000000000000000e+03,1.100000000000000000e+01,2.400000000000000000e+01,1.500000000000000000e+01,4.600000000000000000e+01,5.006897000000000020e+01
4.000644406410999920e+01,-8.303709796926999331e+01,-2.278999999999999915e+00,-1.150999999999999940e-01,5.025954542177999557e-02,-1.749807979822400050e-01,6.937144780010000289e-02,-2.521233480000000249e-01,-1.050661437999999892e+00,1.827032049100000108e+02,2.024000000000000000e+03,1.100000000000000000e+01,2.400000000000000000e+01,1.500000000000000000e+01,4.600000000000000000e+01,5.012461900000000270e+01
4.000644242050999821e+01,-8.303709808713999507e+01,-2.278799999999999937e+00,-1.267999999999999960e-01,1.953175147084800223e-01,1.033683978591400099e-01,5.965491501813999925e-02,-2.331462029999999963e-01,-1.002891986999999929e+00,1.826939875669999935e+02,2.024000000000000000e+03,1.100000000000000000e+01,2.400000000000000000e+01,1.500000000000000000e+01,4.600000000000000000e+01,5.018066799999999716e+01
4.000644200875999701e+01,-8.303709811746000469e+01,-2.283300000000000107e+00,-1.265999999999999903e-01,6.174625467661999656e-02,2.995090835866000001e-01,1.571131537351400098e-01,-2.273697159999999995e-01,-9.959431130000000465e-01,1.826926616110000055e+02,2.024000000000000000e+03,1.100000000000000000e+01,2.400000000000000000e+01,1.500000000000000000e+01,4.600000000000000000e+01,5.023597099999999926e+01
4.000644056485000277e+01,-8.303709821820000059e+01,-2.288499999999999979e+00,-1.131999999999999951e-01,-4.386895152614800342e-01,5.718671317941999982e-02,-1.238367823735800066e-01,-2.184802050000000107e-01,-9.923918489999999926e-01,1.826913911329999962e+02,2.024000000000000000e+03,1.100000000000000000e+01,2.400000000000000000e+01,1.500000000000000000e+01,4.600000000000000000e+01,5.029115800000000291e+01
4.000643891394999940e+01,-8.303709832590000417e+01,-2.288899999999999935e+00,-1.112999999999999962e-01,1.642709197019999803e-02,7.618973482645999273e-02,1.030327407136400059e-01,-2.325956730000000028e-01,-9.866456719999999736e-01,1.826932465440000044e+02,2.024000000000000000e+03,1.100000000000000000e+01,2.400000000000000000e+01,1.500000000000000000e+01,4.600000000000000000e+01,5.034616499999999917e+01
4.000643788066999917e+01,-8.303709839203000342e+01,-2.292800000000000171e+00,-1.091000000000000025e-01,-7.399747715576000806e-02,1.307747994160199934e-01,1.858610596316400132e-01,-2.353541480000000130e-01,-9.923436260000000342e-01,1.826911885209999866e+02,2.024000000000000000e+03,1.100000000000000000e+01,2.400000000000000000e+01,1.500000000000000000e+01,4.600000000000000000e+01,5.040210100000000182e+01
4.000643664054000226e+01,-8.303709846799999639e+01,-2.289800000000000058e+00,-1.019000000000000045e-01,-2.486541458299000029e-01,-1.348933370172399893e-01,-2.520319807136399692e-01,-2.517744840000000206e-01,-1.003883426000000023e+00,1.826823739159999889e+02,2.024000000000000000e+03,1.100000000000000000e+01,2.400000000000000000e+01,1.500000000000000000e+01,4.600000000000000000e+01,5.045796800000000104e+01
4.000643581557999795e+01,-8.303709851620999416e+01,-2.284100000000000019e+00,-9.710000000000000575e-02,-2.712513602341199981e-01,-2.760014151174000063e-01,-3.058223999834399631e-01,-2.759737079999999843e-01,-9.980644730000000076e-01,1.826765686839999887e+02,2.024000000000000000e+03,1.100000000000000000e+01,2.400000000000000000e+01,1.500000000000000000e+01,4.600000000000000000e+01,5.051384999999999792e+01
4.000643437384000123e+01,-8.303709860026999934e+01,-2.284299999999999997e+00,-1.043000000000000038e-01,2.979756248691999843e-01,4.209923753026000026e-02,9.099099509713999556e-02,-3.117043190000000075e-01,-9.732072099999999892e-01,1.826723322809999956e+02,2.024000000000000000e+03,1.100000000000000000e+01,2.400000000000000000e+01,1.500000000000000000e+01,4.600000000000000000e+01,5.057277700000000209e+01
4.000643313623999830e+01,-8.303709867828999336e+01,-2.290099999999999802e+00,-1.126999999999999946e-01,2.974515988321200233e-01,2.280912980703199977e-01,2.252187207933999957e-01,-3.169974729999999741e-01,-9.718341990000000097e-01,1.826710826190000034e+02,2.024000000000000000e+03,1.100000000000000000e+01,2.400000000000000000e+01,1.500000000000000000e+01,4.600000000000000000e+01,5.063147000000000020e+01
4.000643189584999959e+01,-8.303709876125999756e+01,-2.293800000000000061e+00,-1.212000000000000022e-01,4.182463585508600090e-01,1.066579042223399915e-01,-5.935907464037999681e-02,-3.151809899999999942e-01,-9.875206210000000429e-01,1.826659348150000142e+02,2.024000000000000000e+03,1.100000000000000000e+01,2.400000000000000000e+01,1.500000000000000000e+01,4.600000000000000000e+01,5.068742600000000209e+01
4.000643086179000107e+01,-8.303709883493999655e+01,-2.293800000000000061e+00,-1.275000000000000022e-01,3.442267190573999880e-01,5.231498920119999341e-02,-2.299274435696199992e-01,-3.040891450000000051e-01,-9.992042330000000527e-01,1.826584511380000038e+02,2.024000000000000000e+03,1.100000000000000000e+01,2.400000000000000000e+01,1.500000000000000000e+01,4.600000000000000000e+01,5.074284500000000264e+01
4.000642961858999769e+01,-8.303709892838999451e+01,-2.300899999999999945e+00,-1.342000000000000137e-01,2.209240026644400112e-01,2.285120454889399966e-01,1.219147556041599995e-01,-2.801979580000000247e-01,-1.021233996999999949e+00,1.826496880869999870e+02,2.024000000000000000e+03,1.100000000000000000e+01,2.400000000000000000e+01,1.500000000000000000e+01,4.600000000000000000e+01,5.079812299999999681e+01
4.000642857914999695e+01,-8.303709900808999578e+01,-2.308600000000000207e+00,-1.338000000000000023e-01,1.332050711527999962e-02,2.596312773768200133e-01,1.089225302575600046e-01,-2.532981300000000102e-01,-1.058449975999999904e+00,1.826431553609999980e+02,2.024000000000000000e+03,1.100000000000000000e+01,2.400000000000000000e+01,1.500000000000000000e+01,4.600000000000000000e+01,5.085310599999999681e+01
4.000642733021999931e+01,-8.303709910115000525e+01,-2.307999999999999829e+00,-1.272000000000000075e-01,-2.116637554300599966e-01,-5.984913396911999833e-02,6.075935487319999995e-02,-2.294244360000000094e-01,-1.108723176999999893e+00,1.826382191589999877e+02,2.024000000000000000e+03,1.100000000000000000e+01,2.400000000000000000e+01,1.500000000000000000e+01,4.600000000000000000e+01,5.090900299999999845e+01
4.000642608287000002e+01,-8.303709919323999600e+01,-2.302999999999999936e+00,-1.275999999999999912e-01,1.388104891749999958e-02,-1.785639352911000122e-01,2.212878066262999877e-01,-2.015947110000000098e-01,-1.147275749999999928e+00,1.826349583900000084e+02,2.024000000000000000e+03,1.100000000000000000e+01,2.400000000000000000e+01,1.500000000000000000e+01,4.600000000000000000e+01,5.096761399999999753e+01
4.000642546030999824e+01,-8.303709923955000249e+01,-2.300199999999999800e+00,-1.297000000000000097e-01,8.137840721380000530e-02,-1.875251274276799884e-01,3.267339152947199565e-01,-1.846295330000000123e-01,-1.162317465999999966e+00,1.826334897220000073e+02,2.024000000000000000e+03,1.100000000000000000e+01,2.400000000000000000e+01,1.500000000000000000e+01,4.600000000000000000e+01,5.102520499999999970e+01
4.000642442427999868e+01,-8.303709931355000151e+01,-2.295199999999999907e+00,-1.213000000000000050e-01,-2.047985235929599968e-01,-2.434516190854000006e-01,9.777859032620001001e-02,-1.648271410000000103e-01,-1.180042978999999992e+00,1.826313027019999993e+02,2.024000000000000000e+03,1.100000000000000000e+01,2.400000000000000000e+01,1.500000000000000000e+01,4.600000000000000000e+01,5.108121700000000232e+01
4.000642297529999780e+01,-8.303709940825000047e+01,-2.296699999999999964e+00,-1.087999999999999939e-01,-2.552951371422599869e-01,6.871131491361999466e-02,-1.620826356434199866e-01,-1.755157189999999867e-01,-1.193214309999999889e+00,1.826308697229999893e+02,2.024000000000000000e+03,1.100000000000000000e+01,2.400000000000000000e+01,1.500000000000000000e+01,4.600000000000000000e+01,5.113865700000000203e+01
4.000642173103000232e+01,-8.303709948659999895e+01,-2.301400000000000112e+00,-1.063999999999999946e-01,-7.942584646008001015e-02,1.404874329744799921e-01,-2.222850255523599883e-01,-1.918953529999999907e-01,-1.217185782999999910e+00,1.826311067949999938e+02,2.024000000000000000e+03,1.100000000000000000e+01,2.400000000000000000e+01,1.500000000000000000e+01,4.600000000000000000e+01,5.119520200000000187e+01
4.000642090128000206e+01,-8.303709953844999347e+01,-2.299399999999999888e+00,-1.071000000000000008e-01,4.340522725913999874e-02,-8.390650290241999376e-02,-2.307376797145999775e-02,-1.978648460000000109e-01,-1.237652471999999948e+00,1.826302270360000080e+02,2.024000000000000000e+03,1.100000000000000000e+01,2.400000000000000000e+01,1.500000000000000000e+01,4.600000000000000000e+01,5.125201899999999711e+01
4.000641945297999769e+01,-8.303709962770000175e+01,-2.290799999999999947e+00,-1.044999999999999957e-01,-5.353368258953999925e-02,-1.839705125084599990e-01,8.304305129696000487e-02,-2.134618889999999880e-01,-1.258698030999999995e+00,1.826250180529999909e+02,2.024000000000000000e+03,1.100000000000000000e+01,2.400000000000000000e+01,1.500000000000000000e+01,4.600000000000000000e+01,5.130779400000000123e+01
4.000641800726999975e+01,-8.303709972241000514e+01,-2.288400000000000212e+00,-1.180999999999999966e-01,3.914977250187999802e-01,-9.091418899236000661e-02,-5.732595014225999597e-02,-2.151387939999999943e-01,-1.265607965000000057e+00,1.826152932409999892e+02,2.024000000000000000e+03,1.100000000000000000e+01,2.400000000000000000e+01,1.500000000000000000e+01,4.600000000000000000e+01,5.136467499999999831e+01
4.000641677117999961e+01,-8.303709981216999836e+01,-2.279900000000000038e+00,-1.290999999999999925e-01,3.743999013873799964e-01,-3.100551341608199785e-01,9.801002679768000547e-02,-1.911325309999999944e-01,-1.266495026000000079e+00,1.826067049920000045e+02,2.024000000000000000e+03,1.100000000000000000e+01,2.400000000000000000e+01,1.500000000000000000e+01,4.600000000000000000e+01,5.142126799999999776e+01
4.000641554023999902e+01,-8.303709990535999452e+01,-2.270599999999999952e+00,-1.310999999999999943e-01,1.784849000355200055e-01,-3.072936499280800038e-01,3.846560694422000021e-02,-1.650027510000000031e-01,-1.246256108999999945e+00,1.825991452949999996e+02,2.024000000000000000e+03,1.100000000000000000e+01,2.400000000000000000e+01,1.500000000000000000e+01,4.600000000000000000e+01,5.147770700000000232e+01
4.000641431316000052e+01,-8.303709999653000295e+01,-2.265099999999999891e+00,-1.207000000000000017e-01,-3.972284598310200643e-01,-2.104082086305000265e-01,6.259386659724000546e-02,-1.426544710000000049e-01,-1.210763621999999984e+00,1.825972726820000105e+02,2.024000000000000000e+03,1.100000000000000000e+01,2.400000000000000000e+01,1.500000000000000000e+01,4.600000000000000000e+01,5.153480799999999817e+01
4.000641308704999943e+01,-8.303710007825999639e+01,-2.267599999999999838e+00,-1.073000000000000065e-01,-3.639814232014800255e-01,8.063661861440001022e-02,-1.645299731728000134e-02,-1.515588280000000065e-01,-1.174766066999999969e+00,1.825969784810000078e+02,2.024000000000000000e+03,1.100000000000000000e+01,2.400000000000000000e+01,1.500000000000000000e+01,4.600000000000000000e+01,5.159540499999999952e+01
4.000641206369999736e+01,-8.303710014336999734e+01,-2.271999999999999797e+00,-1.087000000000000050e-01,9.177280367406000228e-02,1.737035931481200057e-01,-1.814928563600000030e-02,-1.578806030000000082e-01,-1.156944159000000028e+00,1.825938126149999903e+02,2.024000000000000000e+03,1.100000000000000000e+01,2.400000000000000000e+01,1.500000000000000000e+01,4.600000000000000000e+01,5.165211000000000041e+01
4.000641103891999961e+01,-8.303710020728999552e+01,-2.274300000000000210e+00,-1.059999999999999970e-01,1.542174533046000023e-02,8.423382411266000513e-02,-3.257383758661999695e-02,-1.581004049999999994e-01,-1.153805211000000108e+00,1.825879618970000138e+02,2.024000000000000000e+03,1.100000000000000000e+01,2.400000000000000000e+01,1.500000000000000000e+01,4.600000000000000000e+01,5.170791700000000191e+01
4.000640960423999815e+01,-8.303710029737999321e+01,-2.270900000000000141e+00,-1.093999999999999972e-01,2.027155581987800104e-01,-7.079492103732000496e-02,6.540031132149999593e-02,-1.681419859999999933e-01,-1.155580475000000051e+00,1.825781849619999946e+02,2.024000000000000000e+03,1.100000000000000000e+01,2.400000000000000000e+01,1.500000000000000000e+01,4.600000000000000000e+01,5.176427600000000240e+01
4.000640858177000325e+01,-8.303710036564000063e+01,-2.265200000000000102e+00,-1.164000000000000035e-01,2.471089723148199857e-01,-2.148588313663999938e-01,-4.420772327758000497e-02,-1.661853169999999991e-01,-1.149824235999999944e+00,1.825745343369999887e+02,2.024000000000000000e+03,1.100000000000000000e+01,2.400000000000000000e+01,1.500000000000000000e+01,4.600000000000000000e+01,5.181976699999999880e+01
4.000640715389000235e+01,-8.303710046978000037e+01,-2.259799999999999809e+00,-1.295000000000000040e-01,2.843542237840800402e-01,-1.110964241593599966e-01,-1.861328284536400146e-01,-1.351020679999999918e-01,-1.122283866999999935e+00,1.825752295949999962e+02,2.024000000000000000e+03,1.100000000000000000e+01,2.400000000000000000e+01,1.500000000000000000e+01,4.600000000000000000e+01,5.188905499999999904e+01
4.000640593143999979e+01,-8.303710056507000559e+01,-2.259500000000000064e+00,-1.338000000000000023e-01,7.182540902624000301e-02,-1.178360861809999924e-02,-1.944650332661599923e-01,-9.463010299999999320e-02,-1.092413260999999913e+00,1.825764950520000127e+02,2.024000000000000000e+03,1.100000000000000000e+01,2.400000000000000000e+01,1.500000000000000000e+01,4.600000000000000000e+01,5.194546700000000072e+01
4.000640491210999983e+01,-8.303710064275999514e+01,-2.262599999999999945e+00,-1.269000000000000128e-01,-2.229427519312399963e-01,1.013232121427200122e-01,-2.348333173940000129e-01,-6.872087999999999808e-02,-1.065958975999999891e+00,1.825758044099999893e+02,2.024000000000000000e+03,1.100000000000000000e+01,2.400000000000000000e+01,1.500000000000000000e+01,4.600000000000000000e+01,5.200178300000000320e+01
4.000640470807000071e+01,-8.303710065775000260e+01,-2.263100000000000112e+00,-1.247000000000000053e-01,-2.900399639705399935e-01,9.684484749740000786e-02,-1.886530567916200052e-01,-6.609916999999999876e-02,-1.061041144999999908e+00,1.825754069580000021e+02,2.024000000000000000e+03,1.100000000000000000e+01,2.400000000000000000e+01,1.500000000000000000e+01,4.600000000000000000e+01,5.205808900000000250e+01
4.000640368748999975e+01,-8.303710072938000053e+01,-2.265299999999999869e+00,-1.169000000000000039e-01,-1.804481191816199870e-01,8.546216125208000447e-02,-9.522325667835999929e-02,-5.917273499999999714e-02,-1.034724618000000040e+00,1.825731183999999985e+02,2.024000000000000000e+03,1.100000000000000000e+01,2.400000000000000000e+01,1.500000000000000000e+01,4.600000000000000000e+01,5.211799800000000005e+01
4.000640164149999833e+01,-8.303710086507000199e+01,-2.269200000000000106e+00,-1.125000000000000028e-01,5.309719921999999856e-03,2.205652479280000022e-03,2.727010906263599987e-01,-4.352980499999999781e-02,-9.944302139999999790e-01,1.825669763029999899e+02,2.024000000000000000e+03,1.100000000000000000e+01,2.400000000000000000e+01,1.500000000000000000e+01,4.600000000000000000e+01,5.217446199999999834e+01
4.000640061698000238e+01,-8.303710093072000120e+01,-2.270099999999999785e+00,-1.101000000000000034e-01,-1.061663489459999977e-02,1.518310183292000126e-02,2.721768350798400293e-01,-3.986933299999999986e-02,-9.758421449999999941e-01,1.825640061590000016e+02,2.024000000000000000e+03,1.100000000000000000e+01,2.400000000000000000e+01,1.500000000000000000e+01,4.600000000000000000e+01,5.223084099999999808e+01
4.000639938586000000e+01,-8.303710101100000429e+01,-2.275999999999999801e+00,-1.163000000000000006e-01,2.807465146665800160e-01,2.216978302233000020e-01,9.041238464867999702e-02,-4.122906300000000329e-02,-9.599172120000000197e-01,1.825598672469999997e+02,2.024000000000000000e+03,1.100000000000000000e+01,2.400000000000000000e+01,1.500000000000000000e+01,4.600000000000000000e+01,5.228811100000000067e+01
4.000639774003000326e+01,-8.303710112582000136e+01,-2.281600000000000072e+00,-1.242999999999999938e-01,1.622094451726799891e-01,1.188223531387800069e-01,-1.857779031251400037e-01,-1.569482499999999905e-02,-9.619492480000000345e-01,1.825557682250000084e+02,2.024000000000000000e+03,1.100000000000000000e+01,2.400000000000000000e+01,1.500000000000000000e+01,4.600000000000000000e+01,5.234389399999999881e+01
4.000639670987000329e+01,-8.303710119874999407e+01,-2.283799999999999830e+00,-1.215999999999999998e-01,-1.251616890165999918e-01,8.880064222352000713e-02,-5.254748727120000552e-03,5.392570000000000176e-04,-9.672696589999999484e-01,1.825529043999999885e+02,2.024000000000000000e+03,1.100000000000000000e+01,2.400000000000000000e+01,1.500000000000000000e+01,4.600000000000000000e+01,5.240097399999999794e+01
4.000639547125999940e+01,-8.303710128372000554e+01,-2.289600000000000080e+00,-1.173000000000000015e-01,-2.534847359449400317e-01,1.493083428449200056e-01,1.412675730182600120e-01,6.993697000000000108e-03,-9.854834329999999643e-01,1.825474945199999866e+02,2.024000000000000000e+03,1.100000000000000000e+01,2.400000000000000000e+01,1.500000000000000000e+01,4.600000000000000000e+01,5.245717700000000150e+01
4.000639464438999937e+01,-8.303710133926999504e+01,-2.290900000000000158e+00,-1.156999999999999973e-01,-1.218410521495400106e-01,5.400536028972000024e-02,-1.338727193862399856e-01,1.112202299999999998e-02,-1.001520192000000087e+00,1.825448140409999951e+02,2.024000000000000000e+03,1.100000000000000000e+01,2.400000000000000000e+01,1.500000000000000000e+01,4.600000000000000000e+01,5.251431399999999883e+01
4.000639319740000133e+01,-8.303710143604000393e+01,-2.290599999999999969e+00,-1.155999999999999944e-01,-2.452908366434000328e-02,2.573689671460000113e-03,1.804471669675999923e-01,2.601126399999999922e-02,-1.021258197999999950e+00,1.825407498090000047e+02,2.024000000000000000e+03,1.100000000000000000e+01,2.400000000000000000e+01,1.500000000000000000e+01,4.600000000000000000e+01,5.257079800000000347e+01
4.000639195579999807e+01,-8.303710151802999917e+01,-2.295599999999999863e+00,-1.163000000000000006e-01,1.168514903225799928e-01,1.858086158001399923e-01,2.446401981322999797e-01,2.911141899999999949e-02,-1.045971725000000019e+00,1.825362781350000034e+02,2.024000000000000000e+03,1.100000000000000000e+01,2.400000000000000000e+01,1.500000000000000000e+01,4.600000000000000000e+01,5.262751399999999791e+01
4.000639071196000174e+01,-8.303710160093000070e+01,-2.298999999999999932e+00,-1.179999999999999938e-01,2.318897568863399761e-01,1.351958141071600006e-01,2.996303182273200028e-01,3.265846299999999869e-02,-1.088134316999999962e+00,1.825327146669999934e+02,2.024000000000000000e+03,1.100000000000000000e+01,2.400000000000000000e+01,1.500000000000000000e+01,4.600000000000000000e+01,5.268506899999999860e+01
4.000638967484999853e+01,-8.303710166992999575e+01,-2.298099999999999810e+00,-1.165000000000000063e-01,1.887539467553999914e-02,-3.752448575474000292e-02,2.301629599975999751e-01,3.777027100000000109e-02,-1.131122651999999951e+00,1.825328390530000036e+02,2.024000000000000000e+03,1.100000000000000000e+01,2.400000000000000000e+01,1.500000000000000000e+01,4.600000000000000000e+01,5.274270599999999831e+01
4.000638843189000227e+01,-8.303710175310999375e+01,-2.292600000000000193e+00,-1.179999999999999938e-01,7.098225655206000240e-02,-2.075617450695400046e-01,-1.039080332562000025e-02,4.974549500000000068e-02,-1.178244843999999958e+00,1.825369671660000108e+02,2.024000000000000000e+03,1.100000000000000000e+01,2.400000000000000000e+01,1.500000000000000000e+01,4.600000000000000000e+01,5.279934500000000241e+01
4.000638739851999759e+01,-8.303710182275999330e+01,-2.287999999999999812e+00,-1.166999999999999982e-01,-6.084769556074000330e-02,-1.830725990486999910e-01,-2.249830709478200241e-01,6.472734500000000557e-02,-1.205240303999999929e+00,1.825402414710000016e+02,2.024000000000000000e+03,1.100000000000000000e+01,2.400000000000000000e+01,1.500000000000000000e+01,4.600000000000000000e+01,5.285531900000000149e+01
4.000638616141999648e+01,-8.303710190427999294e+01,-2.282599999999999962e+00,-1.136999999999999955e-01,-3.387437598206000100e-02,-1.434090138587399976e-01,-3.128802642697400271e-01,6.759616599999999920e-02,-1.221810183000000105e+00,1.825381471009999927e+02,2.024000000000000000e+03,1.100000000000000000e+01,2.400000000000000000e+01,1.500000000000000000e+01,4.600000000000000000e+01,5.291231100000000254e+01
4.000638492446999805e+01,-8.303710198804000697e+01,-2.288100000000000023e+00,-1.192000000000000004e-01,7.214897071739999335e-02,2.654822181576000362e-01,-2.705078273245599685e-01,7.567990199999999335e-02,-1.237147017999999932e+00,1.825301578270000107e+02,2.024000000000000000e+03,1.100000000000000000e+01,2.400000000000000000e+01,1.500000000000000000e+01,4.600000000000000000e+01,5.297217599999999749e+01
4.000638430498000275e+01,-8.303710203017000424e+01,-2.288800000000000168e+00,-1.176999999999999991e-01,-8.706455499838000600e-02,7.488376677013999783e-02,-1.200283273484600149e-01,8.294628599999999408e-02,-1.256052662000000097e+00,1.825281126220000090e+02,2.024000000000000000e+03,1.100000000000000000e+01,2.400000000000000000e+01,1.500000000000000000e+01,4.600000000000000000e+01,5.303139500000000339e+01
4.000638306815000078e+01,-8.303710211183999945e+01,-2.279999999999999805e+00,-1.140000000000000041e-01,-5.302313972299999532e-03,-3.610492914973399969e-01,-2.182642296132000087e-02,8.610704299999999423e-02,-1.281821459999999968e+00,1.825242748649999953e+02,2.024000000000000000e+03,1.100000000000000000e+01,2.400000000000000000e+01,1.500000000000000000e+01,4.600000000000000000e+01,5.309134900000000101e+01
4.000638122010000330e+01,-8.303710223637000354e+01,-2.269400000000000084e+00,-1.187000000000000000e-01,1.318257422887200159e-01,-1.236315779028200057e-01,6.325267670916000229e-02,9.781128799999999623e-02,-1.268389631000000017e+00,1.825191443969999909e+02,2.024000000000000000e+03,1.100000000000000000e+01,2.400000000000000000e+01,1.500000000000000000e+01,4.600000000000000000e+01,5.315082100000000054e+01
4.000638060346999936e+01,-8.303710228037999741e+01,-2.272600000000000176e+00,-1.232000000000000040e-01,2.005225254542799818e-01,1.500181960502200151e-01,-8.617274038020000804e-02,1.080187400000000020e-01,-1.259830986999999958e+00,1.825162851869999940e+02,2.024000000000000000e+03,1.100000000000000000e+01,2.400000000000000000e+01,1.500000000000000000e+01,4.600000000000000000e+01,5.320967699999999923e+01
4.000637895708999991e+01,-8.303710239439999441e+01,-2.272600000000000176e+00,-1.111000000000000043e-01,-4.719798163182399864e-01,-1.986273497823399792e-01,-6.934529704074000878e-02,1.311017499999999891e-01,-1.263159466999999925e+00,1.825118861299999935e+02,2.024000000000000000e+03,1.100000000000000000e+01,2.400000000000000000e+01,1.500000000000000000e+01,4.600000000000000000e+01,5.326630000000000109e+01
4.000637752306000294e+01,-8.303710248883000133e+01,-2.257499999999999840e+00,-1.156999999999999973e-01,3.261367924989000411e-01,-3.925427876912400138e-01,8.334684818473998835e-02,1.203107860000000029e-01,-1.239062163000000050e+00,1.825082681480000133e+02,2.024000000000000000e+03,1.100000000000000000e+01,2.400000000000000000e+01,1.500000000000000000e+01,4.600000000000000000e+01,5.332495099999999866e+01
4.000637650291000114e+01,-8.303710255820999464e+01,-2.253800000000000026e+00,-1.176999999999999991e-01,1.534515278979400044e-01,-1.129235629167800042e-01,1.047897627417000016e-01,1.307639419999999941e-01,-1.201953472000000023e+00,1.825038392110000132e+02,2.024000000000000000e+03,1.100000000000000000e+01,2.400000000000000000e+01,1.500000000000000000e+01,4.600000000000000000e+01,5.338249900000000281e+01
4.000637527906999935e+01,-8.303710264027000676e+01,-2.255700000000000038e+00,-1.132999999999999979e-01,-3.985329668471999931e-02,6.107595707122000228e-02,-5.588508829680000067e-02,1.397449219999999936e-01,-1.163109133999999933e+00,1.824983764689999930e+02,2.024000000000000000e+03,1.100000000000000000e+01,2.400000000000000000e+01,1.500000000000000000e+01,4.600000000000000000e+01,5.343973400000000140e+01
4.000637405498000021e+01,-8.303710272179000640e+01,-2.255100000000000104e+00,-1.147999999999999993e-01,1.255289365458399919e-01,-2.746664876095999963e-02,-3.067454300825999888e-02,1.396949010000000102e-01,-1.135801207000000090e+00,1.824939224430000024e+02,2.024000000000000000e+03,1.100000000000000000e+01,2.400000000000000000e+01,1.500000000000000000e+01,4.600000000000000000e+01,5.349599500000000063e+01
4.000637303650999854e+01,-8.303710279093999702e+01,-2.249400000000000066e+00,-1.170000000000000068e-01,1.212377866870799903e-01,-2.415423498218400022e-01,9.382125012766000249e-02,1.468955759999999999e-01,-1.114370963000000048e+00,1.824930017039999939e+02,2.024000000000000000e+03,1.100000000000000000e+01,2.400000000000000000e+01,1.500000000000000000e+01,4.600000000000000000e+01,5.355174099999999981e+01
4.000637202095000333e+01,-8.303710286145999930e+01,-2.243500000000000050e+00,-1.197000000000000008e-01,1.548966147515800085e-01,-2.123603461875200049e-01,-1.023700092626600028e-01,1.599334289999999881e-01,-1.079943652000000087e+00,1.824926321689999895e+02,2.024000000000000000e+03,1.100000000000000000e+01,2.400000000000000000e+01,1.500000000000000000e+01,4.600000000000000000e+01,5.360952600000000245e+01
4.000637060203000317e+01,-8.303710296199000140e+01,-2.240299999999999958e+00,-1.198000000000000037e-01,-5.347416709304000232e-02,-6.487276872350000723e-02,-1.136779847937000043e-01,1.834830590000000039e-01,-1.021276995000000021e+00,1.824932265390000055e+02,2.024000000000000000e+03,1.100000000000000000e+01,2.400000000000000000e+01,1.500000000000000000e+01,4.600000000000000000e+01,5.366669600000000173e+01
4.000636938721000035e+01,-8.303710304528000563e+01,-2.238199999999999967e+00,-1.127999999999999975e-01,-1.743507259746999993e-01,-3.375038178760000201e-02,-6.249933005216000426e-02,1.915918679999999985e-01,-9.707816679999999865e-01,1.824939764359999970e+02,2.024000000000000000e+03,1.100000000000000000e+01,2.400000000000000000e+01,1.500000000000000000e+01,4.600000000000000000e+01,5.372391499999999809e+01
4.000636837684000113e+01,-8.303710311214000228e+01,-2.232499999999999929e+00,-1.116999999999999937e-01,1.799530585357999798e-02,-2.191883223150599969e-01,7.363588099407999965e-02,1.895744880000000132e-01,-9.227495959999999497e-01,1.824948880809999991e+02,2.024000000000000000e+03,1.100000000000000000e+01,2.400000000000000000e+01,1.500000000000000000e+01,4.600000000000000000e+01,5.378232599999999763e+01
4.000636716659000314e+01,-8.303710319517999494e+01,-2.231599999999999806e+00,-1.174000000000000044e-01,8.981061332663999031e-02,5.602582143531999875e-02,5.845325396548000513e-02,2.094918319999999889e-01,-8.590801639999999795e-01,1.824946992339999952e+02,2.024000000000000000e+03,1.100000000000000000e+01,2.400000000000000000e+01,1.500000000000000000e+01,4.600000000000000000e+01,5.383928000000000225e+01
4.000636595420999697e+01,-8.303710327721999818e+01,-2.238100000000000200e+00,-1.107000000000000067e-01,-2.873465669039800274e-01,1.825085242830799814e-01,5.621909680368000067e-02,2.249232730000000069e-01,-8.135107379999999555e-01,1.824939484889999903e+02,2.024000000000000000e+03,1.100000000000000000e+01,2.400000000000000000e+01,1.500000000000000000e+01,4.600000000000000000e+01,5.389820699999999931e+01
4.000636494228000117e+01,-8.303710334253999292e+01,-2.239799999999999791e+00,-1.102000000000000063e-01,7.720835024962000026e-02,4.592959721716000088e-02,-2.428633576222000157e-02,2.183781569999999894e-01,-7.899909939999999464e-01,1.824925855250000097e+02,2.024000000000000000e+03,1.100000000000000000e+01,2.400000000000000000e+01,1.500000000000000000e+01,4.600000000000000000e+01,5.395477100000000092e+01
4.000636393080999653e+01,-8.303710341039999321e+01,-2.237000000000000099e+00,-1.185999999999999971e-01,4.031154514120599552e-01,-9.676408732094000931e-02,-4.160767640001999945e-02,2.202209310000000086e-01,-7.667454879999999751e-01,1.824905139619999943e+02,2.024000000000000000e+03,1.100000000000000000e+01,2.400000000000000000e+01,1.500000000000000000e+01,4.600000000000000000e+01,5.401151000000000124e+01
4.000636372863999668e+01,-8.303710342460999527e+01,-2.236600000000000144e+00,-1.203999999999999931e-01,4.086165647867200379e-01,-8.096955964863999933e-02,-8.769066571980000530e-03,2.225796889999999972e-01,-7.629984859999999758e-01,1.824899651350000056e+02,2.024000000000000000e+03,1.100000000000000000e+01,2.400000000000000000e+01,1.500000000000000000e+01,4.600000000000000000e+01,5.406840100000000149e+01
4.000636251601999760e+01,-8.303710351278000701e+01,-2.237000000000000099e+00,-1.257999999999999952e-01,1.058863403928200081e-01,5.176953864728000426e-02,3.884642133740000194e-03,2.551373290000000238e-01,-7.326245949999999896e-01,1.824872445110000001e+02,2.024000000000000000e+03,1.100000000000000000e+01,2.400000000000000000e+01,1.500000000000000000e+01,4.600000000000000000e+01,5.412530799999999687e+01
4.000636069565999975e+01,-8.303710364252999909e+01,-2.239599999999999813e+00,-1.176999999999999991e-01,-2.621758258429199850e-01,-7.042746461488000320e-02,-1.682122771033599806e-01,2.833698809999999901e-01,-7.102688959999999829e-01,1.824824034250000011e+02,2.024000000000000000e+03,1.100000000000000000e+01,2.400000000000000000e+01,1.500000000000000000e+01,4.600000000000000000e+01,5.418173399999999873e+01
4.000635968670000153e+01,-8.303710370951999664e+01,-2.235700000000000021e+00,-1.137999999999999984e-01,-1.200069363110799897e-01,-9.056568903243999991e-02,8.775595449572000384e-02,2.805138520000000080e-01,-6.884821279999999710e-01,1.824817891110000119e+02,2.024000000000000000e+03,1.100000000000000000e+01,2.400000000000000000e+01,1.500000000000000000e+01,4.600000000000000000e+01,5.423794399999999882e+01
4.000635827394999922e+01,-8.303710380165000515e+01,-2.239100000000000090e+00,-1.135000000000000037e-01,5.690301685376000090e-02,8.780883813642000046e-02,1.721814910313800018e-01,2.892478929999999782e-01,-6.659018669999999807e-01,1.824837231639999970e+02,2.024000000000000000e+03,1.100000000000000000e+01,2.400000000000000000e+01,1.500000000000000000e+01,4.600000000000000000e+01,5.429507399999999961e+01
4.000635685843000289e+01,-8.303710389306999673e+01,-2.244000000000000217e+00,-1.131000000000000061e-01,3.071265302838000269e-02,1.425052042454800216e-01,-8.693851599646000572e-02,2.999029759999999878e-01,-6.641009209999999552e-01,1.824830017820000023e+02,2.024000000000000000e+03,1.100000000000000000e+01,2.400000000000000000e+01,1.500000000000000000e+01,4.600000000000000000e+01,5.435402500000000003e+01
4.000635564478999839e+01,-8.303710397183000680e+01,-2.240499999999999936e+00,-1.131999999999999951e-01,1.970261794920000198e-02,-1.237471292128800027e-01,-7.353938968699999523e-02,2.982395979999999946e-01,-6.682484829999999487e-01,1.824788989669999921e+02,2.024000000000000000e+03,1.100000000000000000e+01,2.400000000000000000e+01,1.500000000000000000e+01,4.600000000000000000e+01,5.441153400000000318e+01
4.000635443288000204e+01,-8.303710404938999545e+01,-2.237699999999999800e+00,-1.125000000000000028e-01,1.002279218421800039e-01,-1.059021554820200051e-01,4.568573250875599956e-01,2.915338419999999875e-01,-6.730724519999999877e-01,1.824832086099999913e+02,2.024000000000000000e+03,1.100000000000000000e+01,2.400000000000000000e+01,1.500000000000000000e+01,4.600000000000000000e+01,5.446902599999999950e+01
4.000635322221000223e+01,-8.303710412910000116e+01,-2.235899999999999999e+00,-1.187000000000000000e-01,3.138752597467400207e-01,-5.967675401368000010e-02,4.022333018011199357e-01,2.962835549999999762e-01,-6.844997360000000253e-01,1.824915425430000084e+02,2.024000000000000000e+03,1.100000000000000000e+01,2.400000000000000000e+01,1.500000000000000000e+01,4.600000000000000000e+01,5.452628599999999892e+01
4.000635221315999956e+01,-8.303710419747000060e+01,-2.237899999999999778e+00,-1.185999999999999971e-01,2.690733313910000091e-02,5.433534187192000375e-02,6.658100797718000119e-02,3.101499770000000211e-01,-6.992517270000000451e-01,1.824963130110000122e+02,2.024000000000000000e+03,1.100000000000000000e+01,2.400000000000000000e+01,1.500000000000000000e+01,4.600000000000000000e+01,5.458355699999999899e+01
4.000635100222999796e+01,-8.303710427877000200e+01,-2.237099999999999866e+00,-1.145000000000000046e-01,-1.587676948667199883e-01,-4.554402157192000145e-02,-1.195032553979799850e-01,3.195727720000000049e-01,-7.271023890000000156e-01,1.824997207019999905e+02,2.024000000000000000e+03,1.100000000000000000e+01,2.400000000000000000e+01,1.500000000000000000e+01,4.600000000000000000e+01,5.464192100000000352e+01
4.000634979270999736e+01,-8.303710435757000141e+01,-2.233000000000000096e+00,-1.120000000000000023e-01,-8.025166067333999731e-02,-1.373931091780200009e-01,-1.796321228192599984e-01,3.149250060000000073e-01,-7.574533930000000304e-01,1.825000240269999949e+02,2.024000000000000000e+03,1.100000000000000000e+01,2.400000000000000000e+01,1.500000000000000000e+01,4.600000000000000000e+01,5.470003100000000273e+01
4.000634858504000135e+01,-8.303710443699000621e+01,-2.229699999999999793e+00,-1.141999999999999960e-01,2.124167373553999955e-02,-1.260299392939600027e-01,-1.650590651797599895e-01,3.206826309999999958e-01,-7.881968110000000527e-01,1.825012621150000030e+02,2.024000000000000000e+03,1.100000000000000000e+01,2.400000000000000000e+01,1.500000000000000000e+01,4.600000000000000000e+01,5.475721300000000014e+01
4.000634758022000170e+01,-8.303710450463999848e+01,-2.226700000000000124e+00,-1.158000000000000002e-01,-6.543211720567999878e-02,-1.215843066372400139e-01,-1.144116040698799908e-01,3.314171020000000190e-01,-8.131138789999999839e-01,1.825028297830000099e+02,2.024000000000000000e+03,1.100000000000000000e+01,2.400000000000000000e+01,1.500000000000000000e+01,4.600000000000000000e+01,5.481396900000000016e+01
4.000634637510999880e+01,-8.303710458592000521e+01,-2.227599999999999802e+00,-1.152999999999999997e-01,-1.062365139952800019e-01,4.431799140522000441e-02,4.082253020307999997e-02,3.427659690000000037e-01,-8.448205939999999803e-01,1.825050753620000137e+02,2.024000000000000000e+03,1.100000000000000000e+01,2.400000000000000000e+01,1.500000000000000000e+01,4.600000000000000000e+01,5.486916200000000288e+01
4.000634516841999755e+01,-8.303710466663000034e+01,-2.232400000000000162e+00,-1.183000000000000024e-01,2.071447960200199778e-01,1.802790165318199911e-01,2.518722954432000075e-02,3.402114869999999791e-01,-8.922446510000000552e-01,1.825043628070000068e+02,2.024000000000000000e+03,1.100000000000000000e+01,2.400000000000000000e+01,1.500000000000000000e+01,4.600000000000000000e+01,5.492676999999999765e+01
4.000634396038999796e+01,-8.303710475091000376e+01,-2.232400000000000162e+00,-1.247999999999999943e-01,3.058565161919999942e-01,-4.064066486920000706e-03,7.893830982114000139e-02,3.513579370000000091e-01,-9.553169639999999907e-01,1.825005440189999888e+02,2.024000000000000000e+03,1.100000000000000000e+01,2.400000000000000000e+01,1.500000000000000000e+01,4.600000000000000000e+01,5.498632500000000078e+01
4.000634375925999819e+01,-8.303710476532999962e+01,-2.230999999999999872e+00,-1.250000000000000000e-01,2.589941494476200035e-01,-9.650815498841999740e-02,9.012303822818000520e-02,3.522014800000000112e-01,-9.663141979999999576e-01,1.824995077160000108e+02,2.024000000000000000e+03,1.100000000000000000e+01,2.400000000000000000e+01,1.500000000000000000e+01,4.600000000000000000e+01,5.504292499999999677e+01
4.000634255517999804e+01,-8.303710485114000051e+01,-2.218700000000000117e+00,-1.215999999999999998e-01,-1.170362529346799935e-01,-4.740149927463599977e-01,-6.796045313788000308e-02,3.718290699999999838e-01,-1.017635840999999930e+00,1.824939848660000052e+02,2.024000000000000000e+03,1.100000000000000000e+01,2.400000000000000000e+01,1.500000000000000000e+01,4.600000000000000000e+01,5.510236100000000192e+01
4.000634055641000231e+01,-8.303710499029999426e+01,-2.217000000000000082e+00,-1.199000000000000066e-01,1.176009944586400013e-01,1.744895965288800199e-01,3.878772573027999826e-02,3.881825950000000192e-01,-1.050584310000000077e+00,1.824936689589999901e+02,2.024000000000000000e+03,1.100000000000000000e+01,2.400000000000000000e+01,1.500000000000000000e+01,4.600000000000000000e+01,5.515967599999999749e+01
4.000633995588000147e+01,-8.303710503124999320e+01,-2.218999999999999861e+00,-1.149000000000000021e-01,-9.891351489951999421e-02,5.605957515964000298e-02,-9.956091537988000228e-02,3.931487080000000134e-01,-1.068874196999999970e+00,1.824954328039999893e+02,2.024000000000000000e+03,1.100000000000000000e+01,2.400000000000000000e+01,1.500000000000000000e+01,4.600000000000000000e+01,5.521645999999999788e+01
4.000633835496000046e+01,-8.303710514384999897e+01,-2.212800000000000100e+00,-1.209999999999999964e-01,1.454762798870199991e-01,-2.253464063206800094e-01,-1.534522697657000057e-01,4.069357840000000226e-01,-1.118835315999999969e+00,1.824986414729999922e+02,2.024000000000000000e+03,1.100000000000000000e+01,2.400000000000000000e+01,1.500000000000000000e+01,4.600000000000000000e+01,5.527383199999999874e+01
4.000633715984000105e+01,-8.303710522922000337e+01,-2.200600000000000112e+00,-1.227000000000000035e-01,1.348652136551599934e-01,-4.200453719508999706e-01,1.352161445041999942e-02,4.192798910000000157e-01,-1.128847536999999956e+00,1.824945599499999958e+02,2.024000000000000000e+03,1.100000000000000000e+01,2.400000000000000000e+01,1.500000000000000000e+01,4.600000000000000000e+01,5.533335100000000040e+01
4.000633596998999764e+01,-8.303710531781999293e+01,-2.195100000000000051e+00,-1.267999999999999960e-01,4.854081434291999952e-02,-1.123200488114999979e-01,9.762071701952000635e-02,4.462324730000000184e-01,-1.115380830999999962e+00,1.824893339049999952e+02,2.024000000000000000e+03,1.100000000000000000e+01,2.400000000000000000e+01,1.500000000000000000e+01,4.600000000000000000e+01,5.539245700000000028e+01
4.000633477979999952e+01,-8.303710540592000200e+01,-2.200899999999999856e+00,-1.199999999999999956e-01,-3.687882358703800101e-01,2.099387212502400180e-01,-3.631035592269999529e-02,4.719228719999999933e-01,-1.111303766000000026e+00,1.824905554780000045e+02,2.024000000000000000e+03,1.100000000000000000e+01,2.400000000000000000e+01,1.500000000000000000e+01,4.600000000000000000e+01,5.544619800000000254e+01
4.000633378660000261e+01,-8.303710547398999609e+01,-2.200000000000000178e+00,-1.112999999999999962e-01,-3.557347616992799777e-01,-1.045769788156000052e-01,-1.407454868541199999e-01,4.724261310000000269e-01,-1.120705180999999939e+00,1.825005508950000035e+02,2.024000000000000000e+03,1.100000000000000000e+01,2.400000000000000000e+01,1.500000000000000000e+01,4.600000000000000000e+01,5.550353100000000239e+01
4.000633259930999941e+01,-8.303710555197000076e+01,-2.186399999999999899e+00,-1.107999999999999957e-01,7.932482233198000221e-02,-4.225977956891600607e-01,-8.200407389093999910e-02,4.629457479999999903e-01,-1.115536281000000018e+00,1.825106207919999974e+02,2.024000000000000000e+03,1.100000000000000000e+01,2.400000000000000000e+01,1.500000000000000000e+01,4.600000000000000000e+01,5.556034400000000062e+01
4.000633161454999964e+01,-8.303710561661999634e+01,-2.178799999999999848e+00,-1.087000000000000050e-01,-8.975454729055999670e-02,-2.855507730829399682e-01,5.727841433723999953e-02,4.656461740000000238e-01,-1.090186507000000082e+00,1.825123871570000063e+02,2.024000000000000000e+03,1.100000000000000000e+01,2.400000000000000000e+01,1.500000000000000000e+01,4.600000000000000000e+01,5.561728399999999795e+01
4.000633023868999771e+01,-8.303710570366999377e+01,-2.176499999999999879e+00,-1.029999999999999943e-01,-1.578188691269800104e-01,-1.019312342193599980e-01,1.408435135331600196e-01,4.534237879999999943e-01,-1.051885774000000051e+00,1.825042323689999932e+02,2.024000000000000000e+03,1.100000000000000000e+01,2.400000000000000000e+01,1.500000000000000000e+01,4.600000000000000000e+01,5.567419999999999902e+01
4.000632925653000171e+01,-8.303710576461999437e+01,-2.176699999999999857e+00,-1.042000000000000010e-01,7.336172947404000222e-02,1.980664883940000225e-03,4.241004421497999999e-02,4.360821129999999934e-01,-1.033574790999999937e+00,1.824978161059999877e+02,2.024000000000000000e+03,1.100000000000000000e+01,2.400000000000000000e+01,1.500000000000000000e+01,4.600000000000000000e+01,5.573073600000000027e+01
4.000632807811999925e+01,-8.303710584088000246e+01,-2.176200000000000134e+00,-1.116000000000000048e-01,2.590931598004199699e-01,-1.750946659009999795e-02,-1.053625492024599930e-01,4.269125140000000207e-01,-1.020221974000000031e+00,1.824959535769999945e+02,2.024000000000000000e+03,1.100000000000000000e+01,2.400000000000000000e+01,1.500000000000000000e+01,4.600000000000000000e+01,5.578750800000000254e+01
4.000632690220000143e+01,-8.303710592279999503e+01,-2.167199999999999793e+00,-1.200999999999999984e-01,2.846064202046399982e-01,-3.387920617416599889e-01,-1.169601677920799887e-01,4.380345290000000058e-01,-1.007829918999999963e+00,1.824973697329999993e+02,2.024000000000000000e+03,1.100000000000000000e+01,2.400000000000000000e+01,1.500000000000000000e+01,4.600000000000000000e+01,5.584438200000000307e+01
4.000632592625999706e+01,-8.303710599442000273e+01,-2.159600000000000186e+00,-1.227000000000000035e-01,6.990787625878000511e-02,-2.877034965404400291e-01,-3.967168712311999745e-02,4.595510289999999998e-01,-9.834426960000000051e-01,1.824940938510000024e+02,2.024000000000000000e+03,1.100000000000000000e+01,2.400000000000000000e+01,1.500000000000000000e+01,4.600000000000000000e+01,5.590270100000000042e+01
4.000632475721999981e+01,-8.303710607847000347e+01,-2.158999999999999808e+00,-1.145000000000000046e-01,-3.428536707758200186e-01,-3.619946085859999940e-02,5.274993777478000079e-02,4.738428760000000239e-01,-9.516189739999999508e-01,1.824817544649999945e+02,2.024000000000000000e+03,1.100000000000000000e+01,2.400000000000000000e+01,1.500000000000000000e+01,4.600000000000000000e+01,5.595940300000000178e+01
4.000632397799999751e+01,-8.303710613097000248e+01,-2.159400000000000208e+00,-1.091000000000000025e-01,-2.695915252904400039e-01,1.476196416332000057e-02,-9.690195781429999933e-02,4.695297190000000120e-01,-9.334516950000000257e-01,1.824700980389999927e+02,2.024000000000000000e+03,1.100000000000000000e+01,2.400000000000000000e+01,1.500000000000000000e+01,4.600000000000000000e+01,5.601545099999999877e+01
4.000632319926000235e+01,-8.303710618159999512e+01,-2.157000000000000028e+00,-1.055999999999999994e-01,-1.779407874898200070e-01,-1.120712752581800031e-01,-6.445537467336000248e-02,4.635765769999999897e-01,-9.177143460000000141e-01,1.824575892930000123e+02,2.024000000000000000e+03,1.100000000000000000e+01,2.400000000000000000e+01,1.500000000000000000e+01,4.600000000000000000e+01,5.607182199999999739e+01
4.000632203258000175e+01,-8.303710625527000389e+01,-2.153599999999999959e+00,-1.000999999999999945e-01,-3.212597312797400018e-01,-1.334867525621000195e-01,-2.439726291146999959e-01,4.595193980000000233e-01,-8.914544650000000292e-01,1.824411269809999965e+02,2.024000000000000000e+03,1.100000000000000000e+01,2.400000000000000000e+01,1.500000000000000000e+01,4.600000000000000000e+01,5.612908099999999934e+01
4.000632086828999689e+01,-8.303710632346999887e+01,-2.152400000000000091e+00,-1.000000000000000056e-01,-3.449073336600000025e-04,-3.738476895191999994e-02,-3.134767155867199673e-01,4.520930409999999733e-01,-8.565383939999999807e-01,1.824292490670000007e+02,2.024000000000000000e+03,1.100000000000000000e+01,2.400000000000000000e+01,1.500000000000000000e+01,4.600000000000000000e+01,5.618644799999999861e+01
4.000631931608999992e+01,-8.303710641373000101e+01,-2.154799999999999827e+00,-1.044000000000000067e-01,2.988782554325000174e-01,5.155720828304000136e-02,9.207926859849999146e-02,4.342626889999999795e-01,-8.175862350000000500e-01,1.824172297149999906e+02,2.024000000000000000e+03,1.100000000000000000e+01,2.400000000000000000e+01,1.500000000000000000e+01,4.600000000000000000e+01,5.624316699999999969e+01
4.000631815199000130e+01,-8.303710648659000526e+01,-2.153500000000000192e+00,-1.127999999999999975e-01,2.301189794961000235e-01,-3.642191114429999682e-02,1.784483445555999914e-01,4.378278879999999984e-01,-7.961054440000000509e-01,1.824063781810000080e+02,2.024000000000000000e+03,1.100000000000000000e+01,2.400000000000000000e+01,1.500000000000000000e+01,4.600000000000000000e+01,5.630144500000000107e+01
4.000631698846999740e+01,-8.303710656586000027e+01,-2.152099999999999902e+00,-1.187000000000000000e-01,1.258264215091999851e-02,-4.205965093205999566e-02,-2.788577627138000281e-02,4.633454249999999774e-01,-7.732798810000000023e-01,1.823918123530000059e+02,2.024000000000000000e+03,1.100000000000000000e+01,2.400000000000000000e+01,1.500000000000000000e+01,4.600000000000000000e+01,5.635876600000000280e+01
4.000631582615000070e+01,-8.303710664500999883e+01,-2.149999999999999911e+00,-1.121000000000000052e-01,-3.926693296471800432e-01,-6.435027056512000743e-02,-4.656165124422000090e-02,4.838416050000000079e-01,-7.427631580000000344e-01,1.823795195120000017e+02,2.024000000000000000e+03,1.100000000000000000e+01,2.400000000000000000e+01,1.500000000000000000e+01,4.600000000000000000e+01,5.641697700000000282e+01
4.000631466357000221e+01,-8.303710671798999954e+01,-2.152499999999999858e+00,-1.040999999999999981e-01,-4.724056054499199964e-01,5.028789999985999737e-02,3.228812785685999942e-02,4.779116629999999866e-01,-7.159417890000000506e-01,1.823730301239999960e+02,2.024000000000000000e+03,1.100000000000000000e+01,2.400000000000000000e+01,1.500000000000000000e+01,4.600000000000000000e+01,5.647452700000000192e+01
4.000631369338000098e+01,-8.303710677553000608e+01,-2.156499999999999861e+00,-1.004000000000000031e-01,-1.984571204443199843e-01,1.761621717474800008e-01,1.192184055198600018e-01,4.717871900000000229e-01,-7.041782420000000098e-01,1.823699281000000099e+02,2.024000000000000000e+03,1.100000000000000000e+01,2.400000000000000000e+01,1.500000000000000000e+01,4.600000000000000000e+01,5.653218300000000340e+01
4.000631252819000139e+01,-8.303710684275000631e+01,-2.155199999999999783e+00,-1.000999999999999945e-01,1.627755630690000052e-02,-7.412049790671999816e-02,2.454160089568000191e-01,4.707509570000000254e-01,-7.049939189999999689e-01,1.823611693050000042e+02,2.024000000000000000e+03,1.100000000000000000e+01,2.400000000000000000e+01,1.500000000000000000e+01,4.600000000000000000e+01,5.658862899999999740e+01
4.000631155885999846e+01,-8.303710689854000293e+01,-2.149599999999999955e+00,-9.990000000000000269e-02,3.476087023737999687e-02,-2.216593422545199976e-01,1.900584402961399966e-01,4.688042390000000115e-01,-7.031808269999999528e-01,1.823493380280000054e+02,2.024000000000000000e+03,1.100000000000000000e+01,2.400000000000000000e+01,1.500000000000000000e+01,4.600000000000000000e+01,5.664313599999999838e+01
4.000631039892000018e+01,-8.303710696406000125e+01,-2.144699999999999829e+00,-9.529999999999999583e-02,-1.444481248791799899e-01,-9.854718496980000020e-02,-8.519761029623999782e-02,4.504905639999999822e-01,-6.846495540000000490e-01,1.823348278910000033e+02,2.024000000000000000e+03,1.100000000000000000e+01,2.400000000000000000e+01,1.500000000000000000e+01,4.600000000000000000e+01,5.670192300000000074e+01
4.000630923909000103e+01,-8.303710703030999696e+01,-2.147699999999999942e+00,-1.010999999999999954e-01,1.592831784284000074e-01,1.143041108522799970e-01,7.961503022848000211e-02,4.283696169999999803e-01,-6.737944890000000520e-01,1.823232839599999977e+02,2.024000000000000000e+03,1.100000000000000000e+01,2.400000000000000000e+01,1.500000000000000000e+01,4.600000000000000000e+01,5.675890400000000113e+01
4.000630827092000175e+01,-8.303710708910999472e+01,-2.151299999999999990e+00,-1.053000000000000047e-01,5.901274287778000144e-02,1.248755622326599979e-01,4.732848019348000201e-02,4.284851359999999887e-01,-6.850943130000000103e-01,1.823178240919999951e+02,2.024000000000000000e+03,1.100000000000000000e+01,2.400000000000000000e+01,1.500000000000000000e+01,4.600000000000000000e+01,5.681631300000000095e+01
4.000630691410999873e+01,-8.303710716804999947e+01,-2.151600000000000179e+00,-9.690000000000000002e-02,-1.730878655277799938e-01,-5.663112184196000126e-02,2.306965881704399757e-01,4.228715690000000027e-01,-7.208910269999999620e-01,1.823108589869999889e+02,2.024000000000000000e+03,1.100000000000000000e+01,2.400000000000000000e+01,1.500000000000000000e+01,4.600000000000000000e+01,5.687593999999999994e+01
4.000630594687999775e+01,-8.303710722325000404e+01,-2.144600000000000062e+00,-1.005000000000000060e-01,2.021880410239400017e-01,-2.580591073096399901e-01,2.530821514062600031e-01,4.123914189999999813e-01,-7.469283730000000343e-01,1.822997254599999906e+02,2.024000000000000000e+03,1.100000000000000000e+01,2.400000000000000000e+01,1.500000000000000000e+01,4.600000000000000000e+01,5.693265699999999896e+01
4.000630479014999707e+01,-8.303710729338000363e+01,-2.137100000000000222e+00,-1.076000000000000012e-01,2.919331116000200010e-01,-2.099758583582200244e-01,-1.743910051317999754e-02,4.188055150000000171e-01,-7.651638120000000542e-01,1.822857002849999901e+02,2.024000000000000000e+03,1.100000000000000000e+01,2.400000000000000000e+01,1.500000000000000000e+01,4.600000000000000000e+01,5.699049999999999727e+01
4.000630459762999891e+01,-8.303710730526999839e+01,-2.136499999999999844e+00,-1.067000000000000032e-01,1.249701676213399865e-01,-1.892440837200400072e-01,-6.898226021969999788e-02,4.191186639999999741e-01,-7.669675830000000083e-01,1.822833850149999932e+02,2.024000000000000000e+03,1.100000000000000000e+01,2.400000000000000000e+01,1.500000000000000000e+01,4.600000000000000000e+01,5.704824099999999731e+01
4.000630344209000100e+01,-8.303710737561000599e+01,-2.140099999999999891e+00,-1.016999999999999987e-01,-3.021821124781999893e-02,1.085256574894599979e-01,-6.593530060956000194e-02,4.239614230000000039e-01,-7.859111009999999453e-01,1.822730817620000039e+02,2.024000000000000000e+03,1.100000000000000000e+01,2.400000000000000000e+01,1.500000000000000000e+01,4.600000000000000000e+01,5.710568800000000067e+01
4.000630151579999705e+01,-8.303710749389000512e+01,-2.132800000000000029e+00,-1.092000000000000054e-01,2.772830280789799762e-01,-2.834195892617999979e-01,3.739933719239999562e-03,4.246861149999999752e-01,-8.519400289999999876e-01,1.822644505650000042e+02,2.024000000000000000e+03,1.100000000000000000e+01,2.400000000000000000e+01,1.500000000000000000e+01,4.600000000000000000e+01,5.716400600000000054e+01
4.000630055829000042e+01,-8.303710755589999337e+01,-2.121799999999999908e+00,-1.087999999999999939e-01,7.213382935174000865e-02,-4.315674685657600596e-01,4.270373542923999732e-02,4.437250750000000243e-01,-8.689557669999999900e-01,1.822610872600000107e+02,2.024000000000000000e+03,1.100000000000000000e+01,2.400000000000000000e+01,1.500000000000000000e+01,4.600000000000000000e+01,5.722129600000000238e+01
4.000629941262999978e+01,-8.303710762772000464e+01,-2.119099999999999984e+00,-1.037000000000000005e-01,-1.586067977685199915e-01,-9.438909499573999717e-02,4.140147794880000287e-02,4.535327009999999825e-01,-8.754256529999999703e-01,1.822553860170000064e+02,2.024000000000000000e+03,1.100000000000000000e+01,2.400000000000000000e+01,1.500000000000000000e+01,4.600000000000000000e+01,5.727954799999999835e+01
4.000629807659999670e+01,-8.303710770995999724e+01,-2.119299999999999962e+00,-1.039000000000000062e-01,6.051835887379999890e-02,-2.264544562925999843e-02,-7.485775761058000022e-02,4.577352109999999752e-01,-8.958588349999999645e-01,1.822482118659999912e+02,2.024000000000000000e+03,1.100000000000000000e+01,2.400000000000000000e+01,1.500000000000000000e+01,4.600000000000000000e+01,5.733807000000000187e+01
4.000629693358000338e+01,-8.303710777755999572e+01,-2.112499999999999822e+00,-9.919999999999999651e-02,2.172536314693999937e-02,-2.288000014426800066e-01,-1.233279872950200085e-01,4.582354779999999739e-01,-9.136514930000000367e-01,1.822449459380000008e+02,2.024000000000000000e+03,1.100000000000000000e+01,2.400000000000000000e+01,1.500000000000000000e+01,4.600000000000000000e+01,5.739609000000000094e+01
4.000629598441000212e+01,-8.303710783229000469e+01,-2.106100000000000083e+00,-9.819999999999999563e-02,1.306072000841199954e-01,-1.740248858672999999e-01,-6.921187444670000299e-02,4.555356489999999869e-01,-9.135431990000000280e-01,1.822417728339999883e+02,2.024000000000000000e+03,1.100000000000000000e+01,2.400000000000000000e+01,1.500000000000000000e+01,4.600000000000000000e+01,5.745296499999999895e+01
4.000629503639000006e+01,-8.303710788691999767e+01,-2.105199999999999960e+00,-9.829999999999999849e-02,1.210364770923200023e-01,-2.976909324682000188e-02,-2.720678036784000137e-02,4.543493820000000238e-01,-9.132302310000000034e-01,1.822375676489999989e+02,2.024000000000000000e+03,1.100000000000000000e+01,2.400000000000000000e+01,1.500000000000000000e+01,4.600000000000000000e+01,5.751069400000000087e+01
4.000629371013999958e+01,-8.303710796592000065e+01,-2.101199999999999957e+00,-1.023000000000000020e-01,1.432372840787599910e-01,-1.828437777952000021e-01,6.702423005398000511e-02,4.571764660000000036e-01,-9.184984050000000178e-01,1.822281237830000009e+02,2.024000000000000000e+03,1.100000000000000000e+01,2.400000000000000000e+01,1.500000000000000000e+01,4.600000000000000000e+01,5.756835999999999842e+01
4.000629257668000349e+01,-8.303710803619999581e+01,-2.095699999999999896e+00,-1.024000000000000049e-01,-1.010540712793399909e-01,-1.484233429201199939e-01,9.194467623960000946e-02,4.689950970000000274e-01,-9.138240340000000073e-01,1.822226002390000019e+02,2.024000000000000000e+03,1.100000000000000000e+01,2.400000000000000000e+01,1.500000000000000000e+01,4.600000000000000000e+01,5.762633699999999948e+01
4.000629144463999864e+01,-8.303710810641000251e+01,-2.094199999999999839e+00,-1.034000000000000058e-01,-2.597554601289999571e-02,-2.416495978294000077e-02,1.216650182715999992e-02,4.720379310000000217e-01,-9.066441760000000238e-01,1.822178416179999942e+02,2.024000000000000000e+03,1.100000000000000000e+01,2.400000000000000000e+01,1.500000000000000000e+01,4.600000000000000000e+01,5.768456599999999668e+01
4.000629050239000151e+01,-8.303710816362000458e+01,-2.091099999999999959e+00,-9.940000000000000224e-02,-1.320552965502400089e-01,-1.332335981781199996e-01,-6.149033745080000057e-02,4.702936910000000137e-01,-9.021549720000000550e-01,1.822142749770000023e+02,2.024000000000000000e+03,1.100000000000000000e+01,2.400000000000000000e+01,1.500000000000000000e+01,4.600000000000000000e+01,5.774296400000000062e+01
4.000628937361000226e+01,-8.303710822806000635e+01,-2.087499999999999911e+00,-9.120000000000000329e-02,-2.214523511318199911e-01,-1.319502563146799923e-01,3.097611121106000343e-02,4.597732789999999792e-01,-8.958158389999999471e-01,1.822108231939999996e+02,2.024000000000000000e+03,1.100000000000000000e+01,2.400000000000000000e+01,1.500000000000000000e+01,4.600000000000000000e+01,5.779980700000000127e+01
4.000628824641999870e+01,-8.303710828868000249e+01,-2.085500000000000131e+00,-8.780000000000000304e-02,-2.212384437126199699e-01,-8.359085242661999648e-02,1.309710249818799854e-01,4.441300240000000121e-01,-8.908026610000000511e-01,1.822063375230000020e+02,2.024000000000000000e+03,1.100000000000000000e+01,2.400000000000000000e+01,1.500000000000000000e+01,4.600000000000000000e+01,5.785558000000000334e+01
4.000628730722999649e+01,-8.303710833684999670e+01,-2.085599999999999898e+00,-8.390000000000000235e-02,-1.129718803627599993e-01,-2.377456389039999882e-02,6.067810262851999759e-02,4.282522739999999883e-01,-8.959047239999999857e-01,1.822017451540000081e+02,2.024000000000000000e+03,1.100000000000000000e+01,2.400000000000000000e+01,1.500000000000000000e+01,4.600000000000000000e+01,5.791262300000000351e+01
4.000628618241999845e+01,-8.303710839549999889e+01,-2.077399999999999913e+00,-8.740000000000000546e-02,8.420606953635999259e-02,-3.093976831677999750e-01,-4.212961178201999474e-02,4.088956109999999922e-01,-9.010150559999999809e-01,1.821932405510000024e+02,2.024000000000000000e+03,1.100000000000000000e+01,2.400000000000000000e+01,1.500000000000000000e+01,4.600000000000000000e+01,5.797016500000000150e+01
4.000628562213000095e+01,-8.303710842610999521e+01,-2.071200000000000152e+00,-9.089999999999999469e-02,2.001140065470600193e-01,-3.688587627998399787e-01,-8.171695958757999034e-02,4.013153159999999775e-01,-8.929520680000000432e-01,1.821893813970000053e+02,2.024000000000000000e+03,1.100000000000000000e+01,2.400000000000000000e+01,1.500000000000000000e+01,4.600000000000000000e+01,5.803075599999999667e+01
4.000628469099000029e+01,-8.303710847866000222e+01,-2.065500000000000114e+00,-9.410000000000000309e-02,1.134941678182199987e-01,-2.047371664411800074e-01,1.332608169635799977e-01,3.968365870000000184e-01,-8.760823920000000431e-01,1.821858699510000008e+02,2.024000000000000000e+03,1.100000000000000000e+01,2.400000000000000000e+01,1.500000000000000000e+01,4.600000000000000000e+01,5.808874899999999997e+01
4.000628338899999648e+01,-8.303710855458000140e+01,-2.064799999999999969e+00,-9.560000000000000442e-02,-1.245364974234000090e-02,-4.363588807398000036e-02,-3.105901906210000243e-02,3.910529730000000259e-01,-8.564750819999999987e-01,1.821845966479999959e+02,2.024000000000000000e+03,1.100000000000000000e+01,2.400000000000000000e+01,1.500000000000000000e+01,4.600000000000000000e+01,5.814636600000000044e+01
4.000628264669000345e+01,-8.303710859571999947e+01,-2.060799999999999965e+00,-9.740000000000000047e-02,7.062195917154000246e-02,-1.709116477409799995e-01,-1.365553195762800043e-01,3.912860080000000185e-01,-8.489859469999999630e-01,1.821863780179999992e+02,2.024000000000000000e+03,1.100000000000000000e+01,2.400000000000000000e+01,1.500000000000000000e+01,4.600000000000000000e+01,5.820427099999999854e+01
4.000628172065000143e+01,-8.303710864875999675e+01,-2.056400000000000006e+00,-1.001999999999999974e-01,5.035360994525999584e-02,-1.693663707300200050e-01,-5.221788989175999568e-02,4.013892430000000067e-01,-8.372717640000000294e-01,1.821870960859999968e+02,2.024000000000000000e+03,1.100000000000000000e+01,2.400000000000000000e+01,1.500000000000000000e+01,4.600000000000000000e+01,5.826199900000000298e+01
4.000628024217999723e+01,-8.303710873384000024e+01,-2.052000000000000046e+00,-9.729999999999999760e-02,-1.057336470595800076e-01,-8.983536339117999259e-02,-1.276267429935599995e-01,4.151236649999999750e-01,-8.133228799999999703e-01,1.821813690449999967e+02,2.024000000000000000e+03,1.100000000000000000e+01,2.400000000000000000e+01,1.500000000000000000e+01,4.600000000000000000e+01,5.832027899999999931e+01
4.000627858327000297e+01,-8.303710882308999430e+01,-2.047000000000000153e+00,-9.170000000000000373e-02,-6.647662783911999218e-02,-3.841375471491999954e-02,-1.612758027232400193e-01,4.055449689999999774e-01,-7.750945339999999462e-01,1.821741270340000085e+02,2.024000000000000000e+03,1.100000000000000000e+01,2.400000000000000000e+01,1.500000000000000000e+01,4.600000000000000000e+01,5.838062599999999946e+01
4.000627747698000292e+01,-8.303710888095000087e+01,-2.051299999999999901e+00,-8.909999999999999865e-02,-1.104849293234799884e-01,1.285345343276000085e-01,1.126355707774399917e-01,4.057423290000000127e-01,-7.599469330000000467e-01,1.821744370549999985e+02,2.024000000000000000e+03,1.100000000000000000e+01,2.400000000000000000e+01,1.500000000000000000e+01,4.600000000000000000e+01,5.843740799999999780e+01
4.000627655435999941e+01,-8.303710892671000465e+01,-2.049900000000000055e+00,-8.509999999999999509e-02,-1.073013948680199975e-01,-7.601586860834000370e-02,8.352680096276000887e-02,3.943556610000000240e-01,-7.605862970000000223e-01,1.821733194740000101e+02,2.024000000000000000e+03,1.100000000000000000e+01,2.400000000000000000e+01,1.500000000000000000e+01,4.600000000000000000e+01,5.849338600000000099e+01
4.000627544937999858e+01,-8.303710898296000664e+01,-2.043499999999999872e+00,-9.239999999999999603e-02,3.471685037566200061e-01,-2.190007598658799959e-01,4.088606360373999576e-02,3.782075599999999982e-01,-7.540855850000000027e-01,1.821676244589999953e+02,2.024000000000000000e+03,1.100000000000000000e+01,2.400000000000000000e+01,1.500000000000000000e+01,4.600000000000000000e+01,5.855130400000000179e+01
4.000627453087000163e+01,-8.303710903401000110e+01,-2.039899999999999824e+00,-9.900000000000000466e-02,3.013566854933399930e-01,-1.264694757524800206e-01,3.049201130047999794e-02,3.805185830000000213e-01,-7.415938370000000335e-01,1.821612535220000098e+02,2.024000000000000000e+03,1.100000000000000000e+01,2.400000000000000000e+01,1.500000000000000000e+01,4.600000000000000000e+01,5.860840600000000222e+01
4.000627324575999921e+01,-8.303710910963999936e+01,-2.040599999999999969e+00,-1.004000000000000031e-01,-1.960810706073999946e-02,3.343948715321999610e-02,2.735517995480000325e-03,3.948464870000000237e-01,-7.288272559999999789e-01,1.821568590249999886e+02,2.024000000000000000e+03,1.100000000000000000e+01,2.400000000000000000e+01,1.500000000000000000e+01,4.600000000000000000e+01,5.866582199999999858e+01
4.000627232720000137e+01,-8.303710916384000029e+01,-2.042800000000000171e+00,-9.940000000000000224e-02,-9.100960477142000515e-02,1.003026906774400068e-01,6.133021206675999537e-02,4.022059009999999768e-01,-7.310350289999999474e-01,1.821565658780000092e+02,2.024000000000000000e+03,1.100000000000000000e+01,2.400000000000000000e+01,1.500000000000000000e+01,4.600000000000000000e+01,5.872339399999999898e+01
4.000627122549000347e+01,-8.303710922845000653e+01,-2.037799999999999834e+00,-9.760000000000000620e-02,-1.612005858173199968e-01,-1.940428985857799993e-01,-1.315155591903000021e-01,4.103273660000000267e-01,-7.387363449999999609e-01,1.821550409120000040e+02,2.024000000000000000e+03,1.100000000000000000e+01,2.400000000000000000e+01,1.500000000000000000e+01,4.600000000000000000e+01,5.878138899999999722e+01
4.000627012777999880e+01,-8.303710929087000636e+01,-2.030400000000000205e+00,-9.379999999999999449e-02,-1.672360420128599923e-01,-1.919655083809199969e-01,2.432938923055999805e-02,4.188636330000000130e-01,-7.286557809999999469e-01,1.821530201129999966e+02,2.024000000000000000e+03,1.100000000000000000e+01,2.400000000000000000e+01,1.500000000000000000e+01,4.600000000000000000e+01,5.883958799999999911e+01
4.000626903153000313e+01,-8.303710934948999522e+01,-2.030600000000000183e+00,-8.880000000000000393e-02,-7.304731954055999898e-02,4.682778047405999899e-02,1.749706740040800068e-01,4.109464170000000083e-01,-7.181212489999999615e-01,1.821469456670000113e+02,2.024000000000000000e+03,1.100000000000000000e+01,2.400000000000000000e+01,1.500000000000000000e+01,4.600000000000000000e+01,5.889807900000000274e+01
4.000626811808999861e+01,-8.303710939555999460e+01,-2.029700000000000060e+00,-8.659999999999999643e-02,6.513242446901999771e-02,-3.589175628256000006e-02,-1.779897312168000206e-02,3.966812479999999863e-01,-7.147234300000000484e-01,1.821413087900000107e+02,2.024000000000000000e+03,1.100000000000000000e+01,2.400000000000000000e+01,1.500000000000000000e+01,4.600000000000000000e+01,5.895822100000000177e+01
4.000626720462000208e+01,-8.303710944261000293e+01,-2.029700000000000060e+00,-8.959999999999999909e-02,1.908435574370800081e-01,-2.609499622213999961e-02,1.306210754416000097e-01,3.888692320000000091e-01,-7.185419509999999566e-01,1.821385319929999866e+02,2.024000000000000000e+03,1.100000000000000000e+01,2.400000000000000000e+01,1.500000000000000000e+01,4.600000000000000000e+01,5.901789399999999830e+01
4.000626647367000288e+01,-8.303710948043000428e+01,-2.030899999999999928e+00,-8.640000000000000457e-02,-1.352856836975000199e-01,1.985754734313999875e-02,1.210097751604199967e-01,3.850532830000000240e-01,-7.259308519999999598e-01,1.821411745450000126e+02,2.024000000000000000e+03,1.100000000000000000e+01,2.400000000000000000e+01,1.500000000000000000e+01,4.600000000000000000e+01,5.907713700000000046e+01
4.000626501341000107e+01,-8.303710955708000085e+01,-2.024999999999999911e+00,-9.180000000000000659e-02,2.927676355781799744e-01,-1.791916670911999909e-01,-5.174233457419999752e-03,3.691881349999999729e-01,-7.491082380000000374e-01,1.821508256200000062e+02,2.024000000000000000e+03,1.100000000000000000e+01,2.400000000000000000e+01,1.500000000000000000e+01,4.600000000000000000e+01,5.913510500000000292e+01
4.000626392059000125e+01,-8.303710961749000319e+01,-2.023699999999999832e+00,-9.510000000000000397e-02,1.190879383070399949e-01,-9.853171548619999234e-03,-9.863044445474000721e-02,3.641195289999999973e-01,-7.610937570000000374e-01,1.821562931310000124e+02,2.024000000000000000e+03,1.100000000000000000e+01,2.400000000000000000e+01,1.500000000000000000e+01,4.600000000000000000e+01,5.919194199999999739e+01
4.000626282825999880e+01,-8.303710968017999505e+01,-2.022699999999999942e+00,-9.460000000000000353e-02,-1.236609041695200112e-01,-2.961482274445999610e-02,-2.177755940290999892e-01,3.732437909999999914e-01,-7.770028209999999547e-01,1.821656838819999962e+02,2.024000000000000000e+03,1.100000000000000000e+01,2.400000000000000000e+01,1.500000000000000000e+01,4.600000000000000000e+01,5.925326100000000196e+01
4.000626155511000093e+01,-8.303710975053000709e+01,-2.019099999999999895e+00,-8.880000000000000393e-02,-1.858872392749399971e-01,-1.370394649328000036e-01,1.145369628082000130e-01,3.705005969999999871e-01,-8.002688780000000168e-01,1.821786299780000036e+02,2.024000000000000000e+03,1.100000000000000000e+01,2.400000000000000000e+01,1.500000000000000000e+01,4.600000000000000000e+01,5.931257800000000202e+01
4.000626064710999685e+01,-8.303710979903999601e+01,-2.016599999999999948e+00,-8.959999999999999909e-02,6.289359642305999976e-02,-1.012659373155999909e-01,9.305850699201999310e-02,3.591337070000000242e-01,-8.164616089999999771e-01,1.821861690480000107e+02,2.024000000000000000e+03,1.100000000000000000e+01,2.400000000000000000e+01,1.500000000000000000e+01,4.600000000000000000e+01,5.936936500000000194e+01
4.000625937630000095e+01,-8.303710986980000541e+01,-2.017599999999999838e+00,-9.500000000000000111e-02,1.704119209835399940e-01,1.863990848718000137e-02,-2.730833383213999987e-02,3.575285240000000142e-01,-8.424980899999999773e-01,1.821950660120000123e+02,2.024000000000000000e+03,1.100000000000000000e+01,2.400000000000000000e+01,1.500000000000000000e+01,4.600000000000000000e+01,5.942724599999999668e+01
4.000625828764000147e+01,-8.303710993056000689e+01,-2.013900000000000023e+00,-9.239999999999999603e-02,-2.856116693320000059e-03,-1.758450582253200112e-01,1.200454167719200022e-01,3.583778579999999936e-01,-8.751523530000000495e-01,1.822028689789999873e+02,2.024000000000000000e+03,1.100000000000000000e+01,2.400000000000000000e+01,1.500000000000000000e+01,4.600000000000000000e+01,5.948504599999999698e+01
4.000625738336000126e+01,-8.303710998088999418e+01,-2.005500000000000060e+00,-9.349999999999999978e-02,1.237900395621600036e-01,-3.332498019730399941e-01,4.018109970985999507e-02,3.514848910000000215e-01,-8.928940819999999778e-01,1.822108620159999930e+02,2.024000000000000000e+03,1.100000000000000000e+01,2.400000000000000000e+01,1.500000000000000000e+01,4.600000000000000000e+01,5.954325800000000157e+01
4.000625630164999791e+01,-8.303711004406000029e+01,-2.001999999999999780e+00,-9.900000000000000466e-02,2.258861341249599752e-01,-5.250811848770000484e-02,-1.661490072377999894e-01,3.490846710000000130e-01,-8.997079559999999754e-01,1.822177251839999883e+02,2.024000000000000000e+03,1.100000000000000000e+01,2.400000000000000000e+01,1.500000000000000000e+01,4.600000000000000000e+01,5.960242600000000124e+01
4.000625522050999905e+01,-8.303711011170000234e+01,-2.001500000000000057e+00,-1.026999999999999996e-01,2.529741794125999962e-02,-4.604679693922000133e-02,-3.519214773129999974e-02,3.673438989999999738e-01,-9.151284499999999822e-01,1.822240031629999919e+02,2.024000000000000000e+03,1.100000000000000000e+01,2.400000000000000000e+01,1.500000000000000000e+01,4.600000000000000000e+01,5.966017800000000193e+01
4.000625414049000028e+01,-8.303711017684000240e+01,-1.998599999999999932e+00,-9.349999999999999978e-02,-3.451141118909200056e-01,-1.190625718223600055e-01,-1.773590315686399965e-01,3.731459590000000270e-01,-9.353195800000000393e-01,1.822323215929999947e+02,2.024000000000000000e+03,1.100000000000000000e+01,2.400000000000000000e+01,1.500000000000000000e+01,4.600000000000000000e+01,5.971879799999999960e+01
4.000625306127000158e+01,-8.303711023565999483e+01,-1.998199999999999976e+00,-8.619999999999999885e-02,-1.986991000039000088e-01,-3.033205547959999873e-02,-4.255358867984000010e-02,3.540089980000000192e-01,-9.512004400000000359e-01,1.822417293320000056e+02,2.024000000000000000e+03,1.100000000000000000e+01,2.400000000000000000e+01,1.500000000000000000e+01,4.600000000000000000e+01,5.977832500000000238e+01
4.000625198355000123e+01,-8.303711029232999863e+01,-1.992499999999999938e+00,-8.740000000000000546e-02,1.205762004310199920e-01,-2.255322909262199860e-01,3.391461076177999800e-02,3.377490069999999900e-01,-9.668796410000000119e-01,1.822521123559999978e+02,2.024000000000000000e+03,1.100000000000000000e+01,2.400000000000000000e+01,1.500000000000000000e+01,4.600000000000000000e+01,5.983712599999999782e+01
4.000625091114000043e+01,-8.303711035272000629e+01,-1.980299999999999949e+00,-9.429999999999999494e-02,2.106589673931600071e-01,-3.771339755409000016e-01,8.440353684189999539e-02,3.425672160000000077e-01,-9.621245630000000437e-01,1.822565286470000103e+02,2.024000000000000000e+03,1.100000000000000000e+01,2.400000000000000000e+01,1.500000000000000000e+01,4.600000000000000000e+01,5.989782499999999743e+01
4.000624984288999997e+01,-8.303711041382000246e+01,-1.977600000000000025e+00,-9.199999999999999845e-02,-2.449099371797999747e-02,-1.107691706491999856e-02,1.187463100171599895e-01,3.387504610000000027e-01,-9.374682029999999999e-01,1.822570830180000030e+02,2.024000000000000000e+03,1.100000000000000000e+01,2.400000000000000000e+01,1.500000000000000000e+01,4.600000000000000000e+01,5.995894599999999741e+01
4.000624912957000134e+01,-8.303711045318000572e+01,-1.983899999999999997e+00,-8.959999999999999909e-02,-6.203817928800000811e-03,2.752078666440400112e-01,5.407324617489999569e-02,3.261954639999999905e-01,-9.312466459999999557e-01,1.822615565559999879e+02,2.024000000000000000e+03,1.100000000000000000e+01,2.400000000000000000e+01,1.500000000000000000e+01,4.700000000000000000e+01,1.743700000000000111e-02
4.000624841446000346e+01,-8.303711049308999748e+01,-1.988599999999999923e+00,-9.149999999999999800e-02,9.452565217722000424e-02,2.317212832174400106e-01,-1.678144996768800024e-01,3.112565139999999841e-01,-9.358897800000000045e-01,1.822683994180000013e+02,2.024000000000000000e+03,1.100000000000000000e+01,2.400000000000000000e+01,1.500000000000000000e+01,4.700000000000000000e+01,7.598799999999999999e-02
4.000624680103999964e+01,-8.303711059175999765e+01,-1.996099999999999985e+00,-1.014000000000000040e-01,-4.133433472484000087e-02,1.944927881540799985e-01,-1.265718293206400114e-01,3.254421379999999919e-01,-9.629497460000000508e-01,1.822883738550000032e+02,2.024000000000000000e+03,1.100000000000000000e+01,2.400000000000000000e+01,1.500000000000000000e+01,4.700000000000000000e+01,1.343949999999999867e-01
4.000624590430999916e+01,-8.303711064396999575e+01,-1.996099999999999985e+00,-9.210000000000000131e-02,-4.343066480184399891e-01,3.816274481246000050e-02,-3.237852102759999993e-03,3.281761100000000209e-01,-9.804151909999999637e-01,1.822959971250000137e+02,2.024000000000000000e+03,1.100000000000000000e+01,2.400000000000000000e+01,1.500000000000000000e+01,4.700000000000000000e+01,1.930719999999999936e-01
4.000624482885000077e+01,-8.303711070004000305e+01,-1.991500000000000048e+00,-8.369999999999999662e-02,-2.718610226471400160e-01,-2.046987035427199897e-01,4.099639750451999909e-02,3.023118009999999911e-01,-9.937629110000000265e-01,1.823054627090000110e+02,2.024000000000000000e+03,1.100000000000000000e+01,2.400000000000000000e+01,1.500000000000000000e+01,4.700000000000000000e+01,2.537179999999999991e-01
4.000624357897999772e+01,-8.303711076369999944e+01,-1.980399999999999938e+00,-8.730000000000000260e-02,9.298178379080000722e-02,-3.433100795029599972e-01,8.352526822392000727e-02,2.783005040000000041e-01,-9.797445849999999457e-01,1.823202864570000088e+02,2.024000000000000000e+03,1.100000000000000000e+01,2.400000000000000000e+01,1.500000000000000000e+01,4.700000000000000000e+01,3.116349999999999953e-01
4.000624251154999911e+01,-8.303711082059000148e+01,-1.977800000000000002e+00,-9.049999999999999711e-02,1.282925018332199962e-01,-7.686689389968000274e-02,1.513379668267799960e-01,2.725434720000000088e-01,-9.443723170000000167e-01,1.823305686749999950e+02,2.024000000000000000e+03,1.100000000000000000e+01,2.400000000000000000e+01,1.500000000000000000e+01,4.700000000000000000e+01,3.685599999999999987e-01
4.000624144289000128e+01,-8.303711087837000093e+01,-1.984099999999999975e+00,-9.039999999999999425e-02,3.244847501275999885e-02,1.948159333601399978e-01,-9.504955338337998938e-02,2.580919199999999747e-01,-9.109507019999999455e-01,1.823362082710000038e+02,2.024000000000000000e+03,1.100000000000000000e+01,2.400000000000000000e+01,1.500000000000000000e+01,4.700000000000000000e+01,4.266449999999999965e-01
4.000624055045000205e+01,-8.303711092736000410e+01,-1.987500000000000044e+00,-9.429999999999999494e-02,2.557207367671600062e-01,1.784928154457399996e-01,-1.448551865403399919e-01,2.422781270000000098e-01,-8.905682879999999857e-01,1.823403930220000007e+02,2.024000000000000000e+03,1.100000000000000000e+01,2.400000000000000000e+01,1.500000000000000000e+01,4.700000000000000000e+01,4.843419999999999948e-01
4.000623947886000309e+01,-8.303711098985000660e+01,-1.986099999999999977e+00,-9.900000000000000466e-02,1.824781367329399995e-01,-2.178116106870000082e-02,-1.403044347177000162e-01,2.393545729999999871e-01,-8.684164009999999490e-01,1.823480074789999890e+02,2.024000000000000000e+03,1.100000000000000000e+01,2.400000000000000000e+01,1.500000000000000000e+01,4.700000000000000000e+01,5.423080000000000123e-01
4.000623840771999795e+01,-8.303711105602999965e+01,-1.985899999999999999e+00,-1.016999999999999987e-01,2.451257217200000262e-03,1.944788375451999771e-02,-1.115030307730000003e-02,2.518077129999999886e-01,-8.358027049999999791e-01,1.823549083480000093e+02,2.024000000000000000e+03,1.100000000000000000e+01,2.400000000000000000e+01,1.500000000000000000e+01,4.700000000000000000e+01,6.027799999999999825e-01
4.000623769277999742e+01,-8.303711110087000691e+01,-1.989600000000000035e+00,-1.024999999999999939e-01,1.257895255757999868e-02,1.666967643993999826e-01,-6.407647336500000429e-03,2.589623340000000162e-01,-8.140143640000000458e-01,1.823590441210000108e+02,2.024000000000000000e+03,1.100000000000000000e+01,2.400000000000000000e+01,1.500000000000000000e+01,4.700000000000000000e+01,6.617969999999999686e-01
4.000623625960999874e+01,-8.303711118869000529e+01,-1.995800000000000018e+00,-9.959999999999999409e-02,-5.695497875956000156e-02,1.431451774205799998e-01,4.889386013287999599e-02,2.660444160000000058e-01,-7.780709350000000191e-01,1.823664828279999881e+02,2.024000000000000000e+03,1.100000000000000000e+01,2.400000000000000000e+01,1.500000000000000000e+01,4.700000000000000000e+01,7.211670000000000025e-01
4.000623554156000239e+01,-8.303711123159999374e+01,-1.997600000000000042e+00,-9.840000000000000135e-02,-3.076213133619999651e-02,9.467416999409999923e-02,-7.602884606383999988e-02,2.661295249999999779e-01,-7.589229180000000019e-01,1.823706676850000008e+02,2.024000000000000000e+03,1.100000000000000000e+01,2.400000000000000000e+01,1.500000000000000000e+01,4.700000000000000000e+01,7.794109999999999649e-01
4.000623410376999800e+01,-8.303711131672000079e+01,-2.001999999999999780e+00,-9.650000000000000244e-02,-4.101313489431999970e-02,1.997231423876600076e-01,4.830951163875999571e-02,2.669722230000000085e-01,-7.199217390000000050e-01,1.823779931669999996e+02,2.024000000000000000e+03,1.100000000000000000e+01,2.400000000000000000e+01,1.500000000000000000e+01,4.700000000000000000e+01,8.383340000000000236e-01
4.000623302150999905e+01,-8.303711137841000323e+01,-2.009199999999999875e+00,-9.320000000000000506e-02,-9.132754254812000538e-02,2.179428224491799793e-01,-9.215193681920001365e-03,2.560396200000000233e-01,-7.009186590000000550e-01,1.823806033040000045e+02,2.024000000000000000e+03,1.100000000000000000e+01,2.400000000000000000e+01,1.500000000000000000e+01,4.700000000000000000e+01,8.963889999999999914e-01
4.000623211794999889e+01,-8.303711142955999946e+01,-2.010200000000000209e+00,-9.639999999999999958e-02,2.296817679383399979e-01,5.462950479268000037e-02,-3.103289594106000207e-02,2.485649319999999884e-01,-6.852569760000000176e-01,1.823824224550000110e+02,2.024000000000000000e+03,1.100000000000000000e+01,2.400000000000000000e+01,1.500000000000000000e+01,4.700000000000000000e+01,9.566550000000000331e-01
4.000623121398000137e+01,-8.303711148198000558e+01,-2.010600000000000165e+00,-9.850000000000000422e-02,2.134889858788199812e-01,1.850771292922000211e-02,7.542746152773999180e-02,2.491567319999999919e-01,-6.646809000000000189e-01,1.823845497799999862e+02,2.024000000000000000e+03,1.100000000000000000e+01,2.400000000000000000e+01,1.500000000000000000e+01,4.700000000000000000e+01,1.015808999999999962e+00
4.000623085208000163e+01,-8.303711150286000020e+01,-2.012399999999999967e+00,-9.529999999999999583e-02,-1.046948214680400030e-01,9.553685904516000249e-02,1.820118753055600114e-01,2.462168030000000118e-01,-6.554389160000000381e-01,1.823852683490000004e+02,2.024000000000000000e+03,1.100000000000000000e+01,2.400000000000000000e+01,1.500000000000000000e+01,4.700000000000000000e+01,1.074758000000000102e+00
4.000622885999000289e+01,-8.303711161932000095e+01,-2.016099999999999781e+00,-9.760000000000000620e-02,3.441289387971999819e-02,1.337112497676400114e-01,-1.139107260236599944e-01,2.371493040000000052e-01,-5.999322510000000275e-01,1.823957769419999977e+02,2.024000000000000000e+03,1.100000000000000000e+01,2.400000000000000000e+01,1.500000000000000000e+01,4.700000000000000000e+01,1.132649999999999935e+00
4.000622795113999786e+01,-8.303711167535000470e+01,-2.024000000000000021e+00,-1.015999999999999959e-01,1.385497132335400117e-01,2.802643101695200256e-01,5.976082352946000126e-02,2.428803639999999875e-01,-5.755602450000000259e-01,1.824034167640000135e+02,2.024000000000000000e+03,1.100000000000000000e+01,2.400000000000000000e+01,1.500000000000000000e+01,4.700000000000000000e+01,1.192104999999999970e+00
4.000622740394000232e+01,-8.303711170930000662e+01,-2.028799999999999937e+00,-1.018000000000000016e-01,4.762949220768000064e-02,3.098345172441600015e-01,2.584902953644400148e-01,2.492237079999999882e-01,-5.721597609999999889e-01,1.824074251570000058e+02,2.024000000000000000e+03,1.100000000000000000e+01,2.400000000000000000e+01,1.500000000000000000e+01,4.700000000000000000e+01,1.249740999999999991e+00
4.000622594066000204e+01,-8.303711179734000325e+01,-2.034100000000000019e+00,-9.439999999999999780e-02,-1.846107478482800213e-01,9.812515993850000340e-02,1.533735331845199890e-01,2.477469389999999994e-01,-5.761098150000000251e-01,1.824171643420000066e+02,2.024000000000000000e+03,1.100000000000000000e+01,2.400000000000000000e+01,1.500000000000000000e+01,4.700000000000000000e+01,1.305933000000000010e+00
4.000622465891999724e+01,-8.303711187102000224e+01,-2.034899999999999931e+00,-9.610000000000000486e-02,1.627177860379599994e-01,2.045809327102000169e-02,-9.693522822443999265e-02,2.306784669999999982e-01,-5.657692680000000474e-01,1.824233713959999932e+02,2.024000000000000000e+03,1.100000000000000000e+01,2.400000000000000000e+01,1.500000000000000000e+01,4.700000000000000000e+01,1.364783000000000079e+00
4.000622337470999668e+01,-8.303711194686999875e+01,-2.040900000000000158e+00,-9.810000000000000664e-02,1.322832042533600150e-01,1.556417505535400148e-01,-1.759890617872200136e-01,2.317934819999999951e-01,-5.540000590000000447e-01,1.824276352530000054e+02,2.024000000000000000e+03,1.100000000000000000e+01,2.400000000000000000e+01,1.500000000000000000e+01,4.700000000000000000e+01,1.423461000000000087e+00
4.000622245576000324e+01,-8.303711200054000585e+01,-2.042899999999999938e+00,-9.529999999999999583e-02,-5.061202704130000202e-02,6.160166148697999999e-02,-2.477838517110999839e-01,2.293519109999999916e-01,-5.431501050000000497e-01,1.824300469210000131e+02,2.024000000000000000e+03,1.100000000000000000e+01,2.400000000000000000e+01,1.500000000000000000e+01,4.700000000000000000e+01,1.483060000000000045e+00
4.000622135180999805e+01,-8.303711206430999425e+01,-2.045900000000000052e+00,-9.610000000000000486e-02,9.672018596489999342e-02,1.217410570613200044e-01,-1.561708452946000171e-02,2.159743640000000020e-01,-5.238294749999999889e-01,1.824333136580000030e+02,2.024000000000000000e+03,1.100000000000000000e+01,2.400000000000000000e+01,1.500000000000000000e+01,4.700000000000000000e+01,1.540683999999999942e+00
4.000622024610999716e+01,-8.303711213069000507e+01,-2.049399999999999888e+00,-1.016999999999999987e-01,2.052246120494399806e-01,1.449764956958199957e-01,2.037298864357199868e-01,2.096227479999999976e-01,-5.021865690000000271e-01,1.824316614740000091e+02,2.024000000000000000e+03,1.100000000000000000e+01,2.400000000000000000e+01,1.500000000000000000e+01,4.700000000000000000e+01,1.599793999999999938e+00
4.000621913863000145e+01,-8.303711219870000093e+01,-2.052700000000000191e+00,-9.929999999999999938e-02,-1.401880099632600019e-01,1.295815759347999918e-01,3.086095802587399684e-01,2.143300109999999870e-01,-4.866386859999999870e-01,1.824239799530000141e+02,2.024000000000000000e+03,1.100000000000000000e+01,2.400000000000000000e+01,1.500000000000000000e+01,4.700000000000000000e+01,1.659172000000000091e+00
4.000621802757000012e+01,-8.303711226458999306e+01,-2.062800000000000189e+00,-9.619999999999999385e-02,-1.155475844834399912e-01,3.721600872791600012e-01,3.901558723352600011e-01,2.063104289999999896e-01,-4.844993320000000048e-01,1.824111589169999945e+02,2.024000000000000000e+03,1.100000000000000000e+01,2.400000000000000000e+01,1.500000000000000000e+01,4.700000000000000000e+01,1.719929000000000041e+00
4.000621691149999748e+01,-8.303711232934000464e+01,-2.069599999999999884e+00,-9.420000000000000595e-02,-1.282812804126000072e-01,1.827664289621400151e-01,1.246810195538599897e-01,2.009860169999999890e-01,-5.078856980000000521e-01,1.824005258009999864e+02,2.024000000000000000e+03,1.100000000000000000e+01,2.400000000000000000e+01,1.500000000000000000e+01,4.700000000000000000e+01,1.778388999999999998e+00
4.000621579503000191e+01,-8.303711238984999454e+01,-2.064799999999999969e+00,-8.730000000000000260e-02,-1.496920306878399831e-01,-2.195193069815600251e-01,1.656390743985199920e-01,1.828914339999999916e-01,-5.319422459999999520e-01,1.823953579090000119e+02,2.024000000000000000e+03,1.100000000000000000e+01,2.400000000000000000e+01,1.500000000000000000e+01,4.700000000000000000e+01,1.838122999999999951e+00
4.000621468236000311e+01,-8.303711244996000573e+01,-2.056400000000000006e+00,-9.070000000000000284e-02,8.088701701991998783e-02,-2.433979110359400233e-01,-5.906830353097999170e-02,1.648959359999999930e-01,-5.319526369999999504e-01,1.823902728239999931e+02,2.024000000000000000e+03,1.100000000000000000e+01,2.400000000000000000e+01,1.500000000000000000e+01,4.700000000000000000e+01,1.896587000000000023e+00
4.000621357199000272e+01,-8.303711251306999941e+01,-2.056299999999999795e+00,-9.420000000000000595e-02,2.665374699073999945e-02,3.700570904957999757e-02,-1.516204005881199857e-01,1.590979080000000101e-01,-5.149814820000000459e-01,1.823828503050000052e+02,2.024000000000000000e+03,1.100000000000000000e+01,2.400000000000000000e+01,1.500000000000000000e+01,4.700000000000000000e+01,1.957337000000000105e+00
4.000621283049999732e+01,-8.303711255599999674e+01,-2.062100000000000044e+00,-9.539999999999999869e-02,2.559441337001999717e-02,2.684878452681400129e-01,-1.545370873499599951e-01,1.529226959999999969e-01,-5.096091529999999814e-01,1.823765272709999863e+02,2.024000000000000000e+03,1.100000000000000000e+01,2.400000000000000000e+01,1.500000000000000000e+01,4.700000000000000000e+01,2.016391000000000044e+00
4.000621264480000150e+01,-8.303711256709999589e+01,-2.063699999999999868e+00,-9.769999999999999518e-02,1.268192430533000015e-01,3.023241014604799992e-01,-2.048042454620399855e-01,1.526648919999999965e-01,-5.103492840000000141e-01,1.823750983360000077e+02,2.024000000000000000e+03,1.100000000000000000e+01,2.400000000000000000e+01,1.500000000000000000e+01,4.700000000000000000e+01,2.076410999999999785e+00
4.000621078139000275e+01,-8.303711267776999705e+01,-2.073900000000000077e+00,-9.719999999999999474e-02,-1.481302508176000066e-01,1.468313458304200125e-01,-1.513726808100800125e-01,1.417085750000000033e-01,-5.439220000000000166e-01,1.823681998460000102e+02,2.024000000000000000e+03,1.100000000000000000e+01,2.400000000000000000e+01,1.500000000000000000e+01,4.700000000000000000e+01,2.136769000000000140e+00
4.000620966380999732e+01,-8.303711274462000347e+01,-2.068099999999999827e+00,-9.859999999999999321e-02,7.602446405813999275e-02,-2.058405308678600276e-01,-5.201999543440000151e-03,1.377956969999999948e-01,-5.571205590000000152e-01,1.823644442410000011e+02,2.024000000000000000e+03,1.100000000000000000e+01,2.400000000000000000e+01,1.500000000000000000e+01,4.700000000000000000e+01,2.195428999999999853e+00
4.000620892082999802e+01,-8.303711278903000448e+01,-2.063800000000000079e+00,-9.560000000000000442e-02,-1.180874206391800130e-01,-1.887249912276200148e-01,1.884440429376000106e-02,1.380874109999999932e-01,-5.505437779999999837e-01,1.823609978270000056e+02,2.024000000000000000e+03,1.100000000000000000e+01,2.400000000000000000e+01,1.500000000000000000e+01,4.700000000000000000e+01,2.254818999999999907e+00
4.000620780752999650e+01,-8.303711285203000614e+01,-2.063699999999999868e+00,-8.680000000000000215e-02,-3.235672410782400310e-01,2.193784176865999982e-02,1.558148968872000162e-01,1.318661959999999911e-01,-5.290877320000000328e-01,1.823559818530000030e+02,2.024000000000000000e+03,1.100000000000000000e+01,2.400000000000000000e+01,1.500000000000000000e+01,4.700000000000000000e+01,2.313568000000000069e+00
4.000620594690000331e+01,-8.303711294833000522e+01,-2.072299999999999809e+00,-8.480000000000000038e-02,1.229090068075799902e-01,9.601709568223999736e-02,4.313898790110000381e-02,8.284409500000000648e-02,-5.188830920000000457e-01,1.823483590520000064e+02,2.024000000000000000e+03,1.100000000000000000e+01,2.400000000000000000e+01,1.500000000000000000e+01,4.700000000000000000e+01,2.373642999999999947e+00
4.000620483083000067e+01,-8.303711301004000234e+01,-2.064599999999999991e+00,-9.450000000000000067e-02,3.705558606476799799e-01,-2.601824416458000111e-01,-3.962494114193999828e-02,7.269393200000000277e-02,-5.161938090000000035e-01,1.823433473130000095e+02,2.024000000000000000e+03,1.100000000000000000e+01,2.400000000000000000e+01,1.500000000000000000e+01,4.700000000000000000e+01,2.431592999999999893e+00
4.000620371859999835e+01,-8.303711307553000154e+01,-2.059200000000000141e+00,-9.750000000000000333e-02,1.936251272454800054e-01,-1.171044665769200022e-01,-7.859963236952000054e-02,7.191350000000000520e-02,-4.905238659999999751e-01,1.823355196029999945e+02,2.024000000000000000e+03,1.100000000000000000e+01,2.400000000000000000e+01,1.500000000000000000e+01,4.700000000000000000e+01,2.492020000000000124e+00
4.000620260635000136e+01,-8.303711314439999569e+01,-2.063600000000000101e+00,-1.025999999999999968e-01,1.694018582442199938e-01,1.896060593466599997e-01,-1.046998990093999937e-01,7.289773600000000464e-02,-4.640898079999999926e-01,1.823261132810000049e+02,2.024000000000000000e+03,1.100000000000000000e+01,2.400000000000000000e+01,1.500000000000000000e+01,4.700000000000000000e+01,2.551133999999999791e+00
4.000620167723999998e+01,-8.303711320425000508e+01,-2.068400000000000016e+00,-1.042000000000000010e-01,-1.465864852439999980e-03,1.863534862578400120e-01,-1.410085929927800130e-01,8.037250899999999476e-02,-4.564684780000000108e-01,1.823202509570000132e+02,2.024000000000000000e+03,1.100000000000000000e+01,2.400000000000000000e+01,1.500000000000000000e+01,4.700000000000000000e+01,2.610373000000000054e+00
4.000620037392999961e+01,-8.303711328616999765e+01,-2.070699999999999985e+00,-9.800000000000000377e-02,-2.637207530328399829e-01,1.060527689907999997e-02,-7.615208093049999349e-02,9.245453800000000277e-02,-4.515512899999999941e-01,1.823149876720000009e+02,2.024000000000000000e+03,1.100000000000000000e+01,2.400000000000000000e+01,1.500000000000000000e+01,4.700000000000000000e+01,2.669210000000000083e+00
4.000619925662999776e+01,-8.303711335255999870e+01,-2.070199999999999818e+00,-9.349999999999999978e-02,-1.542758081775000012e-01,-2.372470818709999929e-02,7.982228362953999734e-02,9.225423900000000177e-02,-4.419377549999999877e-01,1.823110358339999948e+02,2.024000000000000000e+03,1.100000000000000000e+01,2.400000000000000000e+01,1.500000000000000000e+01,4.700000000000000000e+01,2.729560999999999904e+00
4.000619813886000031e+01,-8.303711341474000562e+01,-2.072000000000000064e+00,-8.649999999999999356e-02,-2.467795909168399859e-01,4.318472823815999728e-02,1.062670656004399972e-01,8.073328300000000290e-02,-4.259154520000000277e-01,1.823055995539999969e+02,2.024000000000000000e+03,1.100000000000000000e+01,2.400000000000000000e+01,1.500000000000000000e+01,4.700000000000000000e+01,2.789115999999999929e+00
4.000619701953999652e+01,-8.303711347421000255e+01,-2.075499999999999901e+00,-8.580000000000000127e-02,-4.258026458915999818e-02,9.475420636890000137e-02,-7.608351293118000014e-02,5.550056700000000065e-02,-4.118750890000000275e-01,1.822959368150000046e+02,2.024000000000000000e+03,1.100000000000000000e+01,2.400000000000000000e+01,1.500000000000000000e+01,4.700000000000000000e+01,2.848317000000000210e+00
4.000619608558999829e+01,-8.303711352464999607e+01,-2.078500000000000014e+00,-8.980000000000000482e-02,1.486983140842000062e-01,1.521893236649599912e-01,-2.143546428602000065e-02,4.097123600000000115e-02,-4.000511959999999978e-01,1.822888887580000130e+02,2.024000000000000000e+03,1.100000000000000000e+01,2.400000000000000000e+01,1.500000000000000000e+01,4.700000000000000000e+01,2.907115999999999811e+00
4.000619496192999947e+01,-8.303711358517000463e+01,-2.084700000000000220e+00,-8.649999999999999356e-02,-1.352980619139599883e-01,1.761412010579599952e-01,1.801830345144400103e-01,2.820562700000000048e-02,-4.030276480000000161e-01,1.822849985759999925e+02,2.024000000000000000e+03,1.100000000000000000e+01,2.400000000000000000e+01,1.500000000000000000e+01,4.700000000000000000e+01,2.965809000000000140e+00
4.000619421211000315e+01,-8.303711362603000623e+01,-2.083400000000000141e+00,-8.989999999999999380e-02,1.410889621017799855e-01,-3.549142782129999923e-02,1.520294774712400154e-01,1.913491399999999940e-02,-4.097050139999999785e-01,1.822841100580000102e+02,2.024000000000000000e+03,1.100000000000000000e+01,2.400000000000000000e+01,1.500000000000000000e+01,4.700000000000000000e+01,3.025147000000000030e+00
4.000619327585000207e+01,-8.303711368089000189e+01,-2.079899999999999860e+00,-9.959999999999999409e-02,4.569813344912999620e-01,-1.182007622267199909e-01,-8.007685718837999345e-02,1.694953999999999905e-02,-4.044935399999999848e-01,1.822815381650000006e+02,2.024000000000000000e+03,1.100000000000000000e+01,2.400000000000000000e+01,1.500000000000000000e+01,4.700000000000000000e+01,3.084391999999999801e+00
4.000619159074000208e+01,-8.303711378309000679e+01,-2.085300000000000153e+00,-9.710000000000000575e-02,-7.925989892295999539e-02,1.946408250195399980e-01,2.682035671726000214e-01,2.958750599999999953e-02,-3.911658650000000015e-01,1.822767426350000051e+02,2.024000000000000000e+03,1.100000000000000000e+01,2.400000000000000000e+01,1.500000000000000000e+01,4.700000000000000000e+01,3.142955000000000165e+00
4.000619102753000078e+01,-8.303711381595999796e+01,-2.088900000000000201e+00,-9.360000000000000264e-02,-2.073074201234799963e-01,2.288062785967200086e-01,6.047559393767999725e-02,2.711524900000000099e-02,-3.935726990000000258e-01,1.822749452539999879e+02,2.024000000000000000e+03,1.100000000000000000e+01,2.400000000000000000e+01,1.500000000000000000e+01,4.700000000000000000e+01,3.203964000000000034e+00
4.000619027614000345e+01,-8.303711385885999618e+01,-2.088600000000000012e+00,-8.870000000000000107e-02,-3.652548327798399996e-01,7.545186843859999840e-03,1.418243461069400024e-01,1.900790000000000118e-02,-4.061665360000000224e-01,1.822736425759999861e+02,2.024000000000000000e+03,1.100000000000000000e+01,2.400000000000000000e+01,1.500000000000000000e+01,4.700000000000000000e+01,3.262932999999999861e+00
4.000618839898999823e+01,-8.303711396347999596e+01,-2.086300000000000043e+00,-9.450000000000000067e-02,2.117292973261999944e-01,3.615633349945999997e-02,-2.364338287869399979e-01,3.064242000000000007e-03,-4.081926929999999953e-01,1.822655164479999996e+02,2.024000000000000000e+03,1.100000000000000000e+01,2.400000000000000000e+01,1.500000000000000000e+01,4.700000000000000000e+01,3.321733000000000047e+00
4.000618708459000317e+01,-8.303711403795000479e+01,-2.089300000000000157e+00,-8.870000000000000107e-02,-2.605945430810999719e-01,1.324859256977999888e-01,-3.877940479336799973e-01,4.746583999999999873e-03,-4.049340639999999825e-01,1.822549525119999885e+02,2.024000000000000000e+03,1.100000000000000000e+01,2.400000000000000000e+01,1.500000000000000000e+01,4.700000000000000000e+01,3.378385999999999889e+00
4.000618595598000127e+01,-8.303711409922000541e+01,-2.092799999999999994e+00,-8.740000000000000546e-02,-3.935797978140000153e-02,1.096496471466600064e-01,-3.704906473142000056e-02,-1.406960699999999960e-02,-4.048646790000000051e-01,1.822494303979999870e+02,2.024000000000000000e+03,1.100000000000000000e+01,2.400000000000000000e+01,1.500000000000000000e+01,4.700000000000000000e+01,3.437594999999999956e+00
4.000618482537999654e+01,-8.303711416149999991e+01,-2.095800000000000107e+00,-9.329999999999999405e-02,2.859694123193999848e-01,8.996172913802000237e-02,2.378764609721599754e-01,-2.680009100000000158e-02,-4.126224499999999740e-01,1.822474442410000108e+02,2.024000000000000000e+03,1.100000000000000000e+01,2.400000000000000000e+01,1.500000000000000000e+01,4.700000000000000000e+01,3.497624000000000066e+00
4.000618388299000117e+01,-8.303711421669000003e+01,-2.094599999999999795e+00,-9.840000000000000135e-02,2.280681401820200127e-01,-3.402602745899999809e-02,1.783324007292600155e-01,-1.874347100000000113e-02,-4.163203260000000183e-01,1.822453090740000050e+02,2.024000000000000000e+03,1.100000000000000000e+01,2.400000000000000000e+01,1.500000000000000000e+01,4.700000000000000000e+01,3.558708000000000204e+00
4.000618275298000270e+01,-8.303711428498999680e+01,-2.093399999999999928e+00,-1.004000000000000031e-01,1.600701721972200009e-01,-8.418535638359999837e-03,2.615341843678599676e-01,-8.676203999999999861e-03,-4.106998319999999869e-01,1.822385029419999967e+02,2.024000000000000000e+03,1.100000000000000000e+01,2.400000000000000000e+01,1.500000000000000000e+01,4.700000000000000000e+01,3.617534000000000027e+00
4.000618143274999738e+01,-8.303711436637000531e+01,-2.100200000000000067e+00,-1.016999999999999987e-01,2.461417482915999669e-02,2.435173594834400268e-01,1.988355233964600177e-01,-1.236984000000000000e-03,-4.135700620000000161e-01,1.822283428110000045e+02,2.024000000000000000e+03,1.100000000000000000e+01,2.400000000000000000e+01,1.500000000000000000e+01,4.700000000000000000e+01,3.677137000000000100e+00
4.000618029763000294e+01,-8.303711443762000499e+01,-2.105199999999999960e+00,-1.026999999999999996e-01,-1.203859722200000155e-03,1.348634888139199905e-01,3.033448428436000266e-02,1.198214000000000050e-02,-4.386412179999999994e-01,1.822260837809999998e+02,2.024000000000000000e+03,1.100000000000000000e+01,2.400000000000000000e+01,1.500000000000000000e+01,4.700000000000000000e+01,3.736308999999999880e+00
4.000617916392999973e+01,-8.303711450987999854e+01,-2.094300000000000050e+00,-1.028000000000000025e-01,7.339091960300000821e-03,-3.903973064928800141e-01,-2.384156234041999792e-02,3.171418100000000101e-02,-4.630581129999999934e-01,1.822263896720000105e+02,2.024000000000000000e+03,1.100000000000000000e+01,2.400000000000000000e+01,1.500000000000000000e+01,4.700000000000000000e+01,3.795354999999999812e+00
4.000617822369000010e+01,-8.303711456716999351e+01,-2.085999999999999854e+00,-9.360000000000000264e-02,-4.141349183318799865e-01,-3.472294468454399929e-01,-1.190022779885200055e-01,3.851617799999999814e-02,-4.593594329999999837e-01,1.822231278879999934e+02,2.024000000000000000e+03,1.100000000000000000e+01,2.400000000000000000e+01,1.500000000000000000e+01,4.700000000000000000e+01,3.855447999999999986e+00
4.000617690880999788e+01,-8.303711463532999915e+01,-2.089100000000000179e+00,-7.530000000000000582e-02,-4.333699284680200270e-01,8.958862171435999500e-02,-3.934317349524000390e-02,4.763421999999999795e-03,-4.417035489999999731e-01,1.822131934889999911e+02,2.024000000000000000e+03,1.100000000000000000e+01,2.400000000000000000e+01,1.500000000000000000e+01,4.700000000000000000e+01,3.915035000000000043e+00
4.000617578096999694e+01,-8.303711468599999534e+01,-2.088999999999999968e+00,-7.309999999999999831e-02,-6.155969988720000341e-02,2.327759326140000154e-02,-1.582707793450199851e-01,-4.108244600000000163e-02,-4.385609540000000028e-01,1.822063464660000136e+02,2.024000000000000000e+03,1.100000000000000000e+01,2.400000000000000000e+01,1.500000000000000000e+01,4.700000000000000000e+01,3.973987999999999854e+00
4.000617540505999870e+01,-8.303711470257999849e+01,-2.088799999999999990e+00,-7.169999999999999984e-02,-5.737741917980000023e-02,-3.107410950418000237e-02,9.120638777520000129e-03,-5.420502600000000337e-02,-4.350768859999999960e-01,1.822048364649999996e+02,2.024000000000000000e+03,1.100000000000000000e+01,2.400000000000000000e+01,1.500000000000000000e+01,4.700000000000000000e+01,4.034231000000000122e+00
4.000617427905000056e+01,-8.303711475264999820e+01,-2.082699999999999996e+00,-7.049999999999999323e-02,-1.119804471269000012e-01,-2.338852573132799983e-01,-2.133984521180000080e-02,-8.320446700000000417e-02,-4.244243750000000204e-01,1.822022253599999999e+02,2.024000000000000000e+03,1.100000000000000000e+01,2.400000000000000000e+01,1.500000000000000000e+01,4.700000000000000000e+01,4.093590999999999980e+00
4.000617259431000150e+01,-8.303711482666000165e+01,-2.077900000000000080e+00,-7.309999999999999831e-02,3.854707762021999939e-02,-8.197813784541999049e-02,4.959675672863999435e-02,-1.492598850000000088e-01,-3.788839239999999831e-01,1.822001602660000117e+02,2.024000000000000000e+03,1.100000000000000000e+01,2.400000000000000000e+01,1.500000000000000000e+01,4.700000000000000000e+01,4.151589999999999669e+00
4.000617203283999856e+01,-8.303711485271000470e+01,-2.078199999999999825e+00,-7.969999999999999307e-02,3.750857631225000266e-01,-7.029306960359999780e-03,3.097963547618000010e-02,-1.654380320000000126e-01,-3.658705809999999725e-01,1.821995188530000007e+02,2.024000000000000000e+03,1.100000000000000000e+01,2.400000000000000000e+01,1.500000000000000000e+01,4.700000000000000000e+01,4.210429999999999673e+00
4.000617034735999766e+01,-8.303711494002000393e+01,-2.081900000000000084e+00,-9.089999999999999469e-02,1.962394695288399993e-01,8.911471960314000518e-02,1.481369911077000112e-01,-1.850663260000000032e-01,-3.354381370000000251e-01,1.821914666749999867e+02,2.024000000000000000e+03,1.100000000000000000e+01,2.400000000000000000e+01,1.500000000000000000e+01,4.700000000000000000e+01,4.269893999999999856e+00
4.000616922332000058e+01,-8.303711500270000556e+01,-2.078800000000000203e+00,-9.329999999999999405e-02,9.950739698214000617e-02,-1.324375001154199927e-01,8.206468930820000687e-03,-1.869963199999999937e-01,-3.308353390000000060e-01,1.821833246639999970e+02,2.024000000000000000e+03,1.100000000000000000e+01,2.400000000000000000e+01,1.500000000000000000e+01,4.700000000000000000e+01,4.331097999999999892e+00
4.000616810294999937e+01,-8.303711506567999834e+01,-2.069199999999999928e+00,-9.299999999999999933e-02,4.814881098149999955e-02,-3.051802053446799889e-01,-6.853998950096000520e-02,-1.897847129999999938e-01,-3.168912139999999766e-01,1.821767481919999909e+02,2.024000000000000000e+03,1.100000000000000000e+01,2.400000000000000000e+01,1.500000000000000000e+01,4.700000000000000000e+01,4.390775999999999790e+00
4.000616698809999860e+01,-8.303711512939999295e+01,-2.058600000000000207e+00,-9.520000000000000684e-02,1.282084511174599872e-01,-3.315411906157400002e-01,-9.314006252740000477e-03,-1.862213640000000003e-01,-2.908530730000000175e-01,1.821717902800000104e+02,2.024000000000000000e+03,1.100000000000000000e+01,2.400000000000000000e+01,1.500000000000000000e+01,4.700000000000000000e+01,4.450152000000000108e+00
4.000616606252000196e+01,-8.303711518340000453e+01,-2.053399999999999892e+00,-9.400000000000000022e-02,-8.776383468465999427e-02,-1.898090529406200044e-01,6.454733498979999505e-03,-1.758810460000000131e-01,-2.679457140000000015e-01,1.821691340040000000e+02,2.024000000000000000e+03,1.100000000000000000e+01,2.400000000000000000e+01,1.500000000000000000e+01,4.700000000000000000e+01,4.508669000000000260e+00
4.000616476783999786e+01,-8.303711525609999455e+01,-2.054300000000000015e+00,-8.909999999999999865e-02,-1.389349204529199966e-01,1.390696740139999929e-02,-7.016365998800000447e-02,-1.755426150000000129e-01,-2.535316169999999869e-01,1.821664247770000031e+02,2.024000000000000000e+03,1.100000000000000000e+01,2.400000000000000000e+01,1.500000000000000000e+01,4.700000000000000000e+01,4.567654000000000103e+00
4.000616365882999759e+01,-8.303711531701000581e+01,-2.049999999999999822e+00,-8.840000000000000635e-02,-5.650147710193999945e-02,-1.920582630568999916e-01,-1.468524328597400064e-01,-1.836946600000000096e-01,-2.611338069999999956e-01,1.821671374109999988e+02,2.024000000000000000e+03,1.100000000000000000e+01,2.400000000000000000e+01,1.500000000000000000e+01,4.700000000000000000e+01,4.625740999999999659e+00
4.000616255461999771e+01,-8.303711537686000099e+01,-2.037399999999999878e+00,-8.770000000000000018e-02,1.842346994917999983e-02,-4.449521318134800341e-01,-1.036690705542000074e-01,-1.914019899999999941e-01,-2.589926920000000243e-01,1.821719356039999980e+02,2.024000000000000000e+03,1.100000000000000000e+01,2.400000000000000000e+01,1.500000000000000000e+01,4.700000000000000000e+01,4.684867999999999810e+00
4.000616163910999745e+01,-8.303711542828999370e+01,-2.029100000000000126e+00,-9.249999999999999889e-02,1.953964518206200152e-01,-3.287167921142800098e-01,-1.126071808302999966e-01,-1.940992380000000073e-01,-2.421018669999999984e-01,1.821777120879999927e+02,2.024000000000000000e+03,1.100000000000000000e+01,2.400000000000000000e+01,1.500000000000000000e+01,4.700000000000000000e+01,4.743409999999999904e+00
4.000616054303999647e+01,-8.303711549250999724e+01,-2.028200000000000003e+00,-9.619999999999999385e-02,1.463816383232200147e-01,-1.136591629233999964e-02,-1.492483492896000061e-02,-1.905399879999999935e-01,-2.182862419999999914e-01,1.821847774969999989e+02,2.024000000000000000e+03,1.100000000000000000e+01,2.400000000000000000e+01,1.500000000000000000e+01,4.700000000000000000e+01,4.803015000000000256e+00
4.000615926502999997e+01,-8.303711556842999642e+01,-2.025500000000000078e+00,-9.339999999999999691e-02,-1.598060558620199856e-01,-1.479559329985999927e-01,1.398573225434199818e-01,-1.867384280000000119e-01,-2.173509000000000135e-01,1.821916436479999959e+02,2.024000000000000000e+03,1.100000000000000000e+01,2.400000000000000000e+01,1.500000000000000000e+01,4.700000000000000000e+01,4.865310000000000024e+00
4.000615817455999945e+01,-8.303711563393000006e+01,-2.012300000000000200e+00,-9.600000000000000200e-02,6.900551527147999464e-02,-4.144293229352599695e-01,4.518209941497999815e-02,-1.862966179999999972e-01,-2.144405400000000128e-01,1.821972063620000029e+02,2.024000000000000000e+03,1.100000000000000000e+01,2.400000000000000000e+01,1.500000000000000000e+01,4.700000000000000000e+01,4.925428000000000139e+00
4.000615709136999953e+01,-8.303711570199999414e+01,-1.998599999999999932e+00,-1.001999999999999974e-01,1.014636049320000039e-01,-4.281564779598800441e-01,-4.465488132981999814e-02,-1.720092900000000091e-01,-1.918802699999999917e-01,1.822030063089999885e+02,2.024000000000000000e+03,1.100000000000000000e+01,2.400000000000000000e+01,1.500000000000000000e+01,4.700000000000000000e+01,4.986163000000000345e+00
4.000615691136999885e+01,-8.303711571357000309e+01,-1.997500000000000053e+00,-1.010000000000000064e-01,1.455906208662400003e-01,-3.564829370034600098e-01,5.258868623399999900e-03,-1.688424299999999878e-01,-1.878927860000000061e-01,1.822041157490000103e+02,2.024000000000000000e+03,1.100000000000000000e+01,2.400000000000000000e+01,1.500000000000000000e+01,4.700000000000000000e+01,5.046170000000000044e+00
4.000615565387000316e+01,-8.303711579179000069e+01,-1.993200000000000083e+00,-9.379999999999999449e-02,-1.849187441679600030e-01,-1.314876982753399870e-01,-7.081655340058000403e-02,-1.580550890000000097e-01,-1.598557519999999899e-01,1.822087561429999880e+02,2.024000000000000000e+03,1.100000000000000000e+01,2.400000000000000000e+01,1.500000000000000000e+01,4.700000000000000000e+01,5.105370999999999881e+00
4.000615421935999905e+01,-8.303711587018000273e+01,-1.989000000000000101e+00,-7.839999999999999747e-02,-3.142190755730799867e-01,-1.484640535362199976e-01,1.896094038423599970e-01,-1.813191600000000070e-01,-1.681467869999999920e-01,1.822234549769999887e+02,2.024000000000000000e+03,1.100000000000000000e+01,2.400000000000000000e+01,1.500000000000000000e+01,4.700000000000000000e+01,5.164933000000000440e+00
4.000615368343000000e+01,-8.303711589719999608e+01,-1.981999999999999984e+00,-7.710000000000000187e-02,-1.400502212592399931e-01,-3.928994106609199899e-01,-5.145867708321999467e-02,-1.964966559999999918e-01,-1.709801950000000015e-01,1.822323012619999929e+02,2.024000000000000000e+03,1.100000000000000000e+01,2.400000000000000000e+01,1.500000000000000000e+01,4.700000000000000000e+01,5.226835000000000342e+00
4.000615172860000257e+01,-8.303711599211999328e+01,-1.965700000000000003e+00,-7.470000000000000251e-02,-7.097381968859999869e-03,-3.239008978133000038e-01,2.760938822889999825e-02,-2.342258160000000033e-01,-1.804243990000000131e-01,1.822581158589999859e+02,2.024000000000000000e+03,1.100000000000000000e+01,2.400000000000000000e+01,1.500000000000000000e+01,4.700000000000000000e+01,5.286539000000000321e+00
4.000615067044999762e+01,-8.303711604256000101e+01,-1.952099999999999946e+00,-7.259999999999999787e-02,-6.293402080583999914e-02,-4.692805801347800232e-01,-4.008182506173999654e-02,-2.732448379999999899e-01,-1.821730480000000041e-01,1.822602125969999918e+02,2.024000000000000000e+03,1.100000000000000000e+01,2.400000000000000000e+01,1.500000000000000000e+01,4.700000000000000000e+01,5.345814999999999984e+00
4.000614979331000143e+01,-8.303711608455999738e+01,-1.946399999999999908e+00,-7.459999999999999964e-02,9.149264181005999086e-02,-1.702571157540000157e-01,-3.955422165031999976e-02,-3.146392760000000233e-01,-1.744678610000000019e-01,1.822616495739999891e+02,2.024000000000000000e+03,1.100000000000000000e+01,2.400000000000000000e+01,1.500000000000000000e+01,4.700000000000000000e+01,5.405289999999999928e+00
4.000614856661999852e+01,-8.303711614738999458e+01,-1.947599999999999998e+00,-8.140000000000000013e-02,1.729898832631600047e-01,9.912954882130001200e-02,-1.196718753212799857e-01,-3.481863119999999978e-01,-1.861033280000000123e-01,1.822678918709999891e+02,2.024000000000000000e+03,1.100000000000000000e+01,2.400000000000000000e+01,1.500000000000000000e+01,4.700000000000000000e+01,5.465208999999999762e+00
4.000614751514000034e+01,-8.303711620475000643e+01,-1.945799999999999974e+00,-8.530000000000000082e-02,8.973975028182000491e-02,-2.503576017404000181e-02,-4.590420077533999971e-02,-3.605395040000000106e-01,-2.230550079999999991e-01,1.822782469370000058e+02,2.024000000000000000e+03,1.100000000000000000e+01,2.400000000000000000e+01,1.500000000000000000e+01,4.700000000000000000e+01,5.524683999999999706e+00
4.000614646747000336e+01,-8.303711626372999888e+01,-1.933300000000000018e+00,-8.799999999999999489e-02,1.400333769769999959e-01,-4.051106476947600177e-01,2.857038182487999997e-02,-3.752662970000000264e-01,-2.618047820000000137e-01,1.822862044830000059e+02,2.024000000000000000e+03,1.100000000000000000e+01,2.400000000000000000e+01,1.500000000000000000e+01,4.700000000000000000e+01,5.584385000000000154e+00
4.000614542739999990e+01,-8.303711632677000409e+01,-1.918500000000000094e+00,-9.410000000000000309e-02,1.967866049591399935e-01,-4.734816555365399804e-01,1.125060880213999970e-01,-3.802543890000000260e-01,-2.793596369999999940e-01,1.822923873439999909e+02,2.024000000000000000e+03,1.100000000000000000e+01,2.400000000000000000e+01,1.500000000000000000e+01,4.700000000000000000e+01,5.644421000000000355e+00
4.000614456483999959e+01,-8.303711638167000331e+01,-1.913200000000000012e+00,-9.690000000000000002e-02,1.218817346291000137e-01,-2.253258340101800261e-01,1.763109560040400092e-01,-3.769371409999999756e-01,-2.889689300000000127e-01,1.823023945690000005e+02,2.024000000000000000e+03,1.100000000000000000e+01,2.400000000000000000e+01,1.500000000000000000e+01,4.700000000000000000e+01,5.703279000000000210e+00
4.000614353155000202e+01,-8.303711644857999374e+01,-1.911999999999999922e+00,-9.650000000000000244e-02,-3.203117538806000281e-02,-5.887976224001999909e-02,2.608112504920000012e-03,-3.757595040000000219e-01,-3.113395460000000226e-01,1.823240083579999862e+02,2.024000000000000000e+03,1.100000000000000000e+01,2.400000000000000000e+01,1.500000000000000000e+01,4.700000000000000000e+01,5.762406000000000361e+00
4.000614249990000104e+01,-8.303711651659999404e+01,-1.907899999999999929e+00,-9.929999999999999938e-02,6.450774729451999590e-02,-1.337834799532399976e-01,-6.643901458893999856e-02,-3.733415950000000261e-01,-3.496360629999999969e-01,1.823548281260000010e+02,2.024000000000000000e+03,1.100000000000000000e+01,2.400000000000000000e+01,1.500000000000000000e+01,4.700000000000000000e+01,5.821973999999999982e+00
4.000614147174999857e+01,-8.303711658641999804e+01,-1.898200000000000109e+00,-1.028000000000000025e-01,1.436908625325999944e-01,-3.582935427254599903e-01,-1.784951358858199999e-01,-3.696399670000000137e-01,-3.893409110000000117e-01,1.823930747679999911e+02,2.024000000000000000e+03,1.100000000000000000e+01,2.400000000000000000e+01,1.500000000000000000e+01,4.700000000000000000e+01,5.882189000000000334e+00
4.000614044991999663e+01,-8.303711665791000485e+01,-1.886100000000000110e+00,-1.048999999999999932e-01,1.400931437791800016e-01,-3.695917262771999945e-01,-1.766012284141000033e-01,-3.672330959999999811e-01,-4.125214380000000181e-01,1.824356261810000035e+02,2.024000000000000000e+03,1.100000000000000000e+01,2.400000000000000000e+01,1.500000000000000000e+01,4.700000000000000000e+01,5.942097000000000406e+00
4.000613943218999680e+01,-8.303711673054000642e+01,-1.882500000000000062e+00,-1.060999999999999999e-01,9.134728071125999826e-02,-8.956243265676000487e-02,-1.716640653818599926e-01,-3.661483480000000124e-01,-4.256861980000000156e-01,1.824834207010000000e+02,2.024000000000000000e+03,1.100000000000000000e+01,2.400000000000000000e+01,1.500000000000000000e+01,4.700000000000000000e+01,6.002068000000000403e+00
4.000613926265000231e+01,-8.303711674263000475e+01,-1.882700000000000040e+00,-1.053000000000000047e-01,3.517465818443999553e-02,-4.235760152858000088e-02,-2.033446068507399895e-01,-3.665337069999999864e-01,-4.291587969999999808e-01,1.824917432899999881e+02,2.024000000000000000e+03,1.100000000000000000e+01,2.400000000000000000e+01,1.500000000000000000e+01,4.700000000000000000e+01,6.062213999999999992e+00
4.000613756701999790e+01,-8.303711686354000676e+01,-1.881499999999999950e+00,-1.048000000000000043e-01,4.917380138463999656e-02,-1.167261602086599875e-01,2.963932279519999879e-02,-3.746940000000000270e-01,-4.874156379999999844e-01,1.825923326520000103e+02,2.024000000000000000e+03,1.100000000000000000e+01,2.400000000000000000e+01,1.500000000000000000e+01,4.700000000000000000e+01,6.121125000000000149e+00
4.000613638408999861e+01,-8.303711694557000556e+01,-1.870100000000000096e+00,-1.043000000000000038e-01,3.409255516134000047e-02,-2.977365498031799840e-01,-4.354784372573999862e-02,-3.933002660000000095e-01,-5.159241869999999786e-01,1.826810576700000013e+02,2.024000000000000000e+03,1.100000000000000000e+01,2.400000000000000000e+01,1.500000000000000000e+01,4.700000000000000000e+01,6.180654999999999788e+00
4.000613537355999938e+01,-8.303711701676000700e+01,-1.867599999999999927e+00,-1.054999999999999966e-01,-4.734982819286000233e-02,-5.498532939596000035e-02,1.219425279813200064e-01,-4.154352139999999971e-01,-5.312320149999999463e-01,1.827673847300000034e+02,2.024000000000000000e+03,1.100000000000000000e+01,2.400000000000000000e+01,1.500000000000000000e+01,4.700000000000000000e+01,6.242136000000000351e+00
4.000613436295999747e+01,-8.303711709268999641e+01,-1.869899999999999896e+00,-1.174000000000000044e-01,3.372176233597600215e-01,8.286010736967999724e-02,8.755210921157999260e-02,-4.353952890000000187e-01,-5.640902899999999942e-01,1.828631570260000103e+02,2.024000000000000000e+03,1.100000000000000000e+01,2.400000000000000000e+01,1.500000000000000000e+01,4.700000000000000000e+01,6.301150999999999947e+00
4.000613335247000180e+01,-8.303711717721000696e+01,-1.867199999999999971e+00,-1.295000000000000040e-01,3.212023605595000220e-01,-9.274821882846000232e-02,3.799420879030000059e-02,-4.340752809999999795e-01,-6.148984140000000043e-01,1.829698448800000108e+02,2.024000000000000000e+03,1.100000000000000000e+01,2.400000000000000000e+01,1.500000000000000000e+01,4.700000000000000000e+01,6.361610999999999905e+00
4.000613234595999756e+01,-8.303711726743000554e+01,-1.855900000000000105e+00,-1.358999999999999930e-01,2.563142047781000188e-01,-3.600240417111800206e-01,-1.355540588346000087e-02,-4.321142559999999744e-01,-6.624150559999999466e-01,1.830886623499999928e+02,2.024000000000000000e+03,1.100000000000000000e+01,2.400000000000000000e+01,1.500000000000000000e+01,4.700000000000000000e+01,6.422253999999999685e+00
4.000613134360000345e+01,-8.303711736334000193e+01,-1.851599999999999913e+00,-1.453000000000000125e-01,3.450542667891199899e-01,-1.120255043827000085e-01,-1.014915036164200091e-01,-4.318391990000000069e-01,-6.985643430000000320e-01,1.832154054659999929e+02,2.024000000000000000e+03,1.100000000000000000e+01,2.400000000000000000e+01,1.500000000000000000e+01,4.700000000000000000e+01,6.482370999999999661e+00
4.000613034210000052e+01,-8.303711746531000415e+01,-1.850899999999999990e+00,-1.537999999999999923e-01,3.268440009560800164e-01,-7.004475986472000204e-02,-2.798651328703999699e-02,-4.206157360000000178e-01,-7.468979070000000275e-01,1.833483842800000048e+02,2.024000000000000000e+03,1.100000000000000000e+01,2.400000000000000000e+01,1.500000000000000000e+01,4.700000000000000000e+01,6.541514000000000273e+00
4.000612934330000314e+01,-8.303711757003999594e+01,-1.842799999999999994e+00,-1.534999999999999976e-01,5.040839178156000105e-02,-3.082190014290800417e-01,-4.059730116251999976e-02,-4.081075080000000077e-01,-7.981172290000000391e-01,1.834845022169999993e+02,2.024000000000000000e+03,1.100000000000000000e+01,2.400000000000000000e+01,1.500000000000000000e+01,4.700000000000000000e+01,6.602240000000000109e+00
4.000612835041999915e+01,-8.303711767497000551e+01,-1.829399999999999915e+00,-1.529999999999999971e-01,-3.461804497279999913e-03,-4.710047015703399675e-01,-9.223324471079999420e-03,-4.029799299999999862e-01,-8.287261219999999540e-01,1.836236949450000111e+02,2.024000000000000000e+03,1.100000000000000000e+01,2.400000000000000000e+01,1.500000000000000000e+01,4.700000000000000000e+01,6.662315000000000431e+00
4.000612720027999814e+01,-8.303711779792000414e+01,-1.818100000000000049e+00,-1.539999999999999980e-01,3.652551352100000173e-03,-2.889046982892000126e-01,1.139458049838200093e-01,-4.073352499999999821e-01,-8.406291750000000063e-01,1.837884463460000006e+02,2.024000000000000000e+03,1.100000000000000000e+01,2.400000000000000000e+01,1.500000000000000000e+01,4.700000000000000000e+01,6.723950000000000315e+00
4.000612621834000038e+01,-8.303711790395999515e+01,-1.813800000000000079e+00,-1.559000000000000108e-01,1.413930158752400024e-01,-1.440479706973799845e-01,1.918393016088000003e-01,-4.210537879999999844e-01,-8.544846350000000479e-01,1.839301102430000014e+02,2.024000000000000000e+03,1.100000000000000000e+01,2.400000000000000000e+01,1.500000000000000000e+01,4.700000000000000000e+01,6.783648999999999596e+00
4.000612540230000036e+01,-8.303711799330000076e+01,-1.808300000000000018e+00,-1.597999999999999976e-01,3.294545140528000182e-01,-2.061577017861200012e-01,-4.744822473279999842e-02,-4.292019140000000177e-01,-8.690587640000000391e-01,1.840508976730000086e+02,2.024000000000000000e+03,1.100000000000000000e+01,2.400000000000000000e+01,1.500000000000000000e+01,4.700000000000000000e+01,6.843302999999999692e+00
4.000612442671000224e+01,-8.303711810477000199e+01,-1.799900000000000055e+00,-1.670999999999999985e-01,3.559396865890799844e-01,-2.619520901991400086e-01,-2.848383459042599930e-01,-4.324518039999999952e-01,-8.810174160000000532e-01,1.841956621269999914e+02,2.024000000000000000e+03,1.100000000000000000e+01,2.400000000000000000e+01,1.500000000000000000e+01,4.700000000000000000e+01,6.902347999999999928e+00
4.000612345586999652e+01,-8.303711822165000456e+01,-1.790699999999999958e+00,-1.731000000000000039e-01,2.132762377110799801e-01,-3.156299524307200066e-01,-2.421659116060400074e-01,-4.362319490000000077e-01,-8.830343889999999751e-01,1.843399102520000099e+02,2.024000000000000000e+03,1.100000000000000000e+01,2.400000000000000000e+01,1.500000000000000000e+01,4.700000000000000000e+01,6.962226000000000248e+00
4.000612281117000180e+01,-8.303711830235999969e+01,-1.785800000000000054e+00,-1.784000000000000030e-01,2.906113861280200106e-01,-2.447963095926999899e-01,-1.488641377398599863e-01,-4.405919070000000048e-01,-8.805772200000000494e-01,1.844392008439999984e+02,2.024000000000000000e+03,1.100000000000000000e+01,2.400000000000000000e+01,1.500000000000000000e+01,4.700000000000000000e+01,7.022060999999999886e+00
4.000612216828000101e+01,-8.303711838517000388e+01,-1.780999999999999917e+00,-1.832000000000000017e-01,2.917163625018199813e-01,-2.273704374964599928e-01,6.466527753535999956e-02,-4.420999509999999910e-01,-8.745217450000000170e-01,1.845440304059999903e+02,2.024000000000000000e+03,1.100000000000000000e+01,2.400000000000000000e+01,1.500000000000000000e+01,4.700000000000000000e+01,7.081404000000000032e+00
4.000612056874000189e+01,-8.303711860776999742e+01,-1.766899999999999915e+00,-2.064000000000000001e-01,5.599583900184599283e-01,-3.095836937738600247e-01,7.679409475710000099e-02,-4.153904350000000023e-01,-8.652984230000000387e-01,1.848266094470000098e+02,2.024000000000000000e+03,1.100000000000000000e+01,2.400000000000000000e+01,1.500000000000000000e+01,4.700000000000000000e+01,7.140793000000000390e+00
4.000612025032999952e+01,-8.303711865475000309e+01,-1.763800000000000034e+00,-2.064000000000000001e-01,2.475616329431400142e-01,-2.941441454327399785e-01,9.848104934361999463e-02,-4.046942090000000269e-01,-8.616507890000000280e-01,1.848867842429999939e+02,2.024000000000000000e+03,1.100000000000000000e+01,2.400000000000000000e+01,1.500000000000000000e+01,4.700000000000000000e+01,7.200827000000000311e+00
4.000611866826000096e+01,-8.303711889451000161e+01,-1.747600000000000042e+00,-2.112999999999999878e-01,1.565369906756799989e-01,-2.329997765121199771e-01,6.449595674690000724e-02,-3.692877179999999870e-01,-8.226331279999999913e-01,1.852052307030000122e+02,2.024000000000000000e+03,1.100000000000000000e+01,2.400000000000000000e+01,1.500000000000000000e+01,4.700000000000000000e+01,7.262153999999999776e+00
4.000611772317999737e+01,-8.303711904111999331e+01,-1.746199999999999974e+00,-2.144000000000000072e-01,7.706431880059999573e-02,-7.739184925199999593e-03,-6.260717140578000994e-02,-3.616952339999999766e-01,-8.040110310000000426e-01,1.854054838179999933e+02,2.024000000000000000e+03,1.100000000000000000e+01,2.400000000000000000e+01,1.500000000000000000e+01,4.700000000000000000e+01,7.322200999999999738e+00
4.000611662127000301e+01,-8.303711921541000152e+01,-1.744099999999999984e+00,-2.199000000000000121e-01,9.640560982511998944e-02,-6.605556208809999774e-02,-1.005378257274199966e-01,-3.567867570000000099e-01,-8.021931949999999700e-01,1.856453767989999903e+02,2.024000000000000000e+03,1.100000000000000000e+01,2.400000000000000000e+01,1.500000000000000000e+01,4.700000000000000000e+01,7.384144000000000041e+00
4.000611568053999889e+01,-8.303711937017999389e+01,-1.733100000000000085e+00,-2.290999999999999981e-01,3.019662713365000029e-01,-3.457782059451399714e-01,-1.350939027926199854e-01,-3.478468149999999759e-01,-8.002800639999999577e-01,1.858545738640000025e+02,2.024000000000000000e+03,1.100000000000000000e+01,2.400000000000000000e+01,1.500000000000000000e+01,4.700000000000000000e+01,7.444588000000000427e+00
4.000611490191000286e+01,-8.303711950272999331e+01,-1.721500000000000030e+00,-2.328999999999999959e-01,2.414253553013400166e-01,-4.266391583228000273e-01,-6.585899779718000502e-02,-3.381110529999999947e-01,-7.815581489999999798e-01,1.860314546079999900e+02,2.024000000000000000e+03,1.100000000000000000e+01,2.400000000000000000e+01,1.500000000000000000e+01,4.700000000000000000e+01,7.507406999999999719e+00
4.000611397296999883e+01,-8.303711966593999705e+01,-1.712900000000000089e+00,-2.409000000000000030e-01,3.616522233595599878e-01,-2.239274718091799898e-01,3.824612724399999858e-03,-3.348032770000000102e-01,-7.429215759999999724e-01,1.862501118909999889e+02,2.024000000000000000e+03,1.100000000000000000e+01,2.400000000000000000e+01,1.500000000000000000e+01,4.700000000000000000e+01,7.567523999999999695e+00
4.000611289263000003e+01,-8.303711986476000106e+01,-1.710299999999999931e+00,-2.521999999999999797e-01,3.240243070087799881e-01,-2.750605901125999925e-02,-7.706816366526000883e-02,-3.293975840000000210e-01,-7.024250210000000383e-01,1.865154745819999960e+02,2.024000000000000000e+03,1.100000000000000000e+01,2.400000000000000000e+01,1.500000000000000000e+01,4.700000000000000000e+01,7.628427000000000291e+00
4.000611196754000076e+01,-8.303712003892999860e+01,-1.709100000000000064e+00,-2.525999999999999912e-01,4.259134889013999753e-02,-5.612470596243999965e-02,-6.994221686370000191e-02,-3.305206849999999807e-01,-6.773474940000000499e-01,1.867541448229999901e+02,2.024000000000000000e+03,1.100000000000000000e+01,2.400000000000000000e+01,1.500000000000000000e+01,4.700000000000000000e+01,7.688609999999999722e+00
4.000611104392000072e+01,-8.303712021382999353e+01,-1.705899999999999972e+00,-2.540999999999999925e-01,1.370917345424999823e-01,-7.831521118813999927e-02,-1.446154475236000048e-02,-3.506845949999999879e-01,-6.569433300000000475e-01,1.870016644979999967e+02,2.024000000000000000e+03,1.100000000000000000e+01,2.400000000000000000e+01,1.500000000000000000e+01,4.700000000000000000e+01,7.750022000000000411e+00
4.000611012240999997e+01,-8.303712039111999843e+01,-1.700599999999999890e+00,-2.605999999999999983e-01,3.660491621770399773e-01,-1.532180791561399968e-01,5.939051389359999850e-03,-3.796353279999999941e-01,-6.359079309999999818e-01,1.872578385150000031e+02,2.024000000000000000e+03,1.100000000000000000e+01,2.400000000000000000e+01,1.500000000000000000e+01,4.700000000000000000e+01,7.811093999999999760e+00
4.000610920446000307e+01,-8.303712057494000476e+01,-1.693200000000000038e+00,-2.726999999999999980e-01,5.412955718104199843e-01,-1.687868295668999985e-01,2.060375098964000243e-02,-4.054243140000000079e-01,-6.099453479999999983e-01,1.875237728239999910e+02,2.024000000000000000e+03,1.100000000000000000e+01,2.400000000000000000e+01,1.500000000000000000e+01,4.700000000000000000e+01,7.870551999999999992e+00
4.000610828976999755e+01,-8.303712076483999738e+01,-1.688199999999999923e+00,-2.762999999999999901e-01,1.684803648552799793e-01,-1.613373651916999996e-01,5.692214261956000249e-02,-4.371374720000000269e-01,-5.819187829999999950e-01,1.878100732849999872e+02,2.024000000000000000e+03,1.100000000000000000e+01,2.400000000000000000e+01,1.500000000000000000e+01,4.700000000000000000e+01,7.931173000000000251e+00
4.000610722599999747e+01,-8.303712099499000487e+01,-1.682500000000000107e+00,-2.936000000000000276e-01,4.538241253036199852e-01,-9.788749509722001474e-02,-1.886185015630000017e-02,-4.880123430000000151e-01,-5.508652790000000410e-01,1.881834675329999982e+02,2.024000000000000000e+03,1.100000000000000000e+01,2.400000000000000000e+01,1.500000000000000000e+01,4.700000000000000000e+01,7.994036000000000364e+00
4.000610707431000179e+01,-8.303712102935999440e+01,-1.681899999999999951e+00,-2.982000000000000206e-01,7.295920114699000480e-01,-5.746058984152000587e-02,5.229073200957999601e-02,-4.961164069999999815e-01,-5.463843609999999851e-01,1.882405505030000086e+02,2.024000000000000000e+03,1.100000000000000000e+01,2.400000000000000000e+01,1.500000000000000000e+01,4.700000000000000000e+01,8.054510000000000502e+00
4.000610571327000287e+01,-8.303712135563000629e+01,-1.672700000000000076e+00,-3.279000000000000248e-01,6.844166509734599391e-01,-1.123795553316999929e-01,1.058785072842000075e-02,-5.291373430000000377e-01,-5.223671789999999593e-01,1.887881497479999950e+02,2.024000000000000000e+03,1.100000000000000000e+01,2.400000000000000000e+01,1.500000000000000000e+01,4.700000000000000000e+01,8.115220000000000766e+00
4.000610465973999652e+01,-8.303712163017000591e+01,-1.664199999999999902e+00,-3.508999999999999897e-01,7.865929753237799193e-01,-1.033949477859399946e-01,1.559208456580400137e-01,-5.540353670000000008e-01,-5.120827060000000541e-01,1.892552583289999859e+02,2.024000000000000000e+03,1.100000000000000000e+01,2.400000000000000000e+01,1.500000000000000000e+01,4.700000000000000000e+01,8.177364000000000743e+00
4.000610391048000025e+01,-8.303712183863000007e+01,-1.657899999999999929e+00,-3.691999999999999726e-01,8.597391523531801028e-01,-9.719917090101999613e-02,2.005367669266999997e-01,-5.621986509999999937e-01,-5.086493109999999929e-01,1.896076628300000095e+02,2.024000000000000000e+03,1.100000000000000000e+01,2.400000000000000000e+01,1.500000000000000000e+01,4.700000000000000000e+01,8.237897999999999499e+00
4.000610271762000281e+01,-8.303712219157999641e+01,-1.647599999999999953e+00,-3.901000000000000023e-01,5.203077308018599911e-01,-1.642711103429599917e-01,-8.318291804879999682e-03,-5.518581569999999603e-01,-5.147707240000000128e-01,1.901992575689999967e+02,2.024000000000000000e+03,1.100000000000000000e+01,2.400000000000000000e+01,1.500000000000000000e+01,4.700000000000000000e+01,8.299996000000000151e+00
4.000610182815999849e+01,-8.303712246789000062e+01,-1.639299999999999979e+00,-4.013999999999999790e-01,3.827362816364200393e-01,-1.696033880382999959e-01,-6.701451043403999774e-02,-5.448550410000000399e-01,-5.204509400000000285e-01,1.906529178940000122e+02,2.024000000000000000e+03,1.100000000000000000e+01,2.400000000000000000e+01,1.500000000000000000e+01,4.700000000000000000e+01,8.361205999999999250e+00
4.000610094307999987e+01,-8.303712275139000099e+01,-1.630800000000000027e+00,-4.107999999999999985e-01,3.347253376127800051e-01,-2.317051069611999747e-01,-5.199237995802000190e-02,-5.481822140000000010e-01,-5.235853510000000322e-01,1.911128316559999973e+02,2.024000000000000000e+03,1.100000000000000000e+01,2.400000000000000000e+01,1.500000000000000000e+01,4.700000000000000000e+01,8.421025000000000205e+00
4.000610006266000340e+01,-8.303712304098999653e+01,-1.621899999999999897e+00,-4.179999999999999827e-01,2.537102250257400327e-01,-2.591458792450599957e-01,1.967609379479999879e-03,-5.622204290000000215e-01,-5.266251239999999445e-01,1.915801705080000090e+02,2.024000000000000000e+03,1.100000000000000000e+01,2.400000000000000000e+01,1.500000000000000000e+01,4.700000000000000000e+01,8.479428999999999661e+00
4.000609918741000115e+01,-8.303712333752000063e+01,-1.611399999999999944e+00,-4.304999999999999938e-01,4.492181083293599886e-01,-2.883932610843999989e-01,2.063713768265999782e-02,-5.799939200000000517e-01,-5.253979840000000401e-01,1.920662815610000109e+02,2.024000000000000000e+03,1.100000000000000000e+01,2.400000000000000000e+01,1.500000000000000000e+01,4.700000000000000000e+01,8.539733000000000018e+00
4.000609831807000205e+01,-8.303712364431000026e+01,-1.600200000000000067e+00,-4.472999999999999754e-01,6.154606936592600386e-01,-2.675414823255600205e-01,7.894886241953999462e-02,-5.973865259999999733e-01,-5.250622679999999987e-01,1.925720802689999971e+02,2.024000000000000000e+03,1.100000000000000000e+01,2.400000000000000000e+01,1.500000000000000000e+01,4.700000000000000000e+01,8.600626999999999356e+00
4.000609745588999999e+01,-8.303712396570999488e+01,-1.585599999999999898e+00,-4.717999999999999972e-01,8.993448622275400650e-01,-2.967550515328000182e-01,8.345113554899999397e-02,-6.102578079999999572e-01,-5.295777560000000106e-01,1.930902731379999864e+02,2.024000000000000000e+03,1.100000000000000000e+01,2.400000000000000000e+01,1.500000000000000000e+01,4.700000000000000000e+01,8.660918999999999812e+00
4.000609660124000300e+01,-8.303712430496000252e+01,-1.571900000000000075e+00,-4.978000000000000203e-01,9.233640704967800428e-01,-2.577376305255599798e-01,6.826084377240000146e-03,-6.093338929999999598e-01,-5.398310699999999684e-01,1.936160933619999867e+02,2.024000000000000000e+03,1.100000000000000000e+01,2.400000000000000000e+01,1.500000000000000000e+01,4.700000000000000000e+01,8.721833000000000169e+00
4.000609589466999694e+01,-8.303712460129999329e+01,-1.560699999999999976e+00,-5.189000000000000279e-01,9.126609154285000303e-01,-2.471752685641399883e-01,-1.174279114493999993e-02,-5.914994369999999613e-01,-5.515356160000000063e-01,1.940619443289999992e+02,2.024000000000000000e+03,1.100000000000000000e+01,2.400000000000000000e+01,1.500000000000000000e+01,4.700000000000000000e+01,8.781404999999999461e+00
4.000609491406999751e+01,-8.303712503254000410e+01,-1.544499999999999984e+00,-5.379000000000000448e-01,6.034826482683199877e-01,-3.258065507045999620e-01,-6.768586986149999207e-02,-5.498762200000000266e-01,-5.680969249999999748e-01,1.947004618660000119e+02,2.024000000000000000e+03,1.100000000000000000e+01,2.400000000000000000e+01,1.500000000000000000e+01,4.700000000000000000e+01,8.842472000000000776e+00
4.000609408148999790e+01,-8.303712541085999987e+01,-1.530999999999999917e+00,-5.433999999999999941e-01,2.757252913491999857e-01,-4.254200115287399830e-01,-3.978880302719999852e-03,-5.149974219999999825e-01,-5.783081660000000124e-01,1.952619374589999950e+02,2.024000000000000000e+03,1.100000000000000000e+01,2.400000000000000000e+01,1.500000000000000000e+01,4.700000000000000000e+01,8.902929999999999566e+00
4.000609325647999981e+01,-8.303712579313000219e+01,-1.517700000000000049e+00,-5.502000000000000224e-01,2.948103537919800066e-01,-3.670900631819999926e-01,4.496598811083999531e-02,-4.962159440000000199e-01,-5.793781820000000193e-01,1.958283315500000015e+02,2.024000000000000000e+03,1.100000000000000000e+01,2.400000000000000000e+01,1.500000000000000000e+01,4.700000000000000000e+01,8.964123000000000729e+00
4.000609271030000258e+01,-8.303712605155000404e+01,-1.509400000000000075e+00,-5.566999999999999726e-01,4.112202711603600291e-01,-3.120906750044399880e-01,-1.222697734976000046e-02,-4.910205229999999865e-01,-5.805225910000000322e-01,1.962035733380000124e+02,2.024000000000000000e+03,1.100000000000000000e+01,2.400000000000000000e+01,1.500000000000000000e+01,4.700000000000000000e+01,9.023953999999999809e+00
4.000609257421999843e+01,-8.303712611644999697e+01,-1.507500000000000062e+00,-5.574000000000000066e-01,3.423599902180600174e-01,-3.147946614497799667e-01,-2.925228561402000091e-02,-4.893744219999999756e-01,-5.803847090000000541e-01,1.962972800249999921e+02,2.024000000000000000e+03,1.100000000000000000e+01,2.400000000000000000e+01,1.500000000000000000e+01,4.700000000000000000e+01,9.084751000000000687e+00
4.000609243827999961e+01,-8.303712618145000590e+01,-1.505600000000000049e+00,-5.578999999999999515e-01,2.841758037950399829e-01,-3.200575178515199792e-01,-4.671401095296000283e-02,-4.903695499999999874e-01,-5.795029820000000553e-01,1.963911258759999896e+02,2.024000000000000000e+03,1.100000000000000000e+01,2.400000000000000000e+01,1.500000000000000000e+01,4.700000000000000000e+01,9.145089999999999719e+00
4.000609230253999726e+01,-8.303712624662999531e+01,-1.503800000000000026e+00,-5.592000000000000304e-01,3.033506501331399985e-01,-3.139906815558800024e-01,-1.643277163907999952e-02,-4.898427719999999819e-01,-5.777979450000000350e-01,1.964845276320000096e+02,2.024000000000000000e+03,1.100000000000000000e+01,2.400000000000000000e+01,1.500000000000000000e+01,4.700000000000000000e+01,9.205448000000000519e+00
4.000609216691000114e+01,-8.303712631218999718e+01,-1.502299999999999969e+00,-5.620000000000000551e-01,4.077440608849999815e-01,-2.498528457470599873e-01,-5.439714248487999976e-02,-4.911156179999999760e-01,-5.766813039999999502e-01,1.965777673130000096e+02,2.024000000000000000e+03,1.100000000000000000e+01,2.400000000000000000e+01,1.500000000000000000e+01,4.700000000000000000e+01,9.266284999999999883e+00
4.000609055089999799e+01,-8.303712711871000351e+01,-1.477300000000000058e+00,-5.881999999999999451e-01,6.035167678729199681e-01,-3.489845961462400004e-01,3.823556418689999514e-02,-4.921806959999999731e-01,-5.842084659999999818e-01,1.977129848939999874e+02,2.024000000000000000e+03,1.100000000000000000e+01,2.400000000000000000e+01,1.500000000000000000e+01,4.700000000000000000e+01,9.326895999999999631e+00
4.000608856865000007e+01,-8.303712818232999382e+01,-1.441999999999999948e+00,-6.279000000000000137e-01,7.277097899473000675e-01,-2.478111441292999706e-01,-2.709507818569999865e-02,-4.839988130000000277e-01,-5.818631640000000438e-01,1.991514227060000053e+02,2.024000000000000000e+03,1.100000000000000000e+01,2.400000000000000000e+01,1.500000000000000000e+01,4.700000000000000000e+01,9.386736000000000857e+00
4.000608675896000221e+01,-8.303712923585999306e+01,-1.412500000000000089e+00,-6.522000000000000020e-01,3.436558464339800056e-01,-3.525151148455399897e-01,9.389364910380000595e-02,-4.425893719999999809e-01,-5.918803270000000394e-01,2.004984973749999995e+02,2.024000000000000000e+03,1.100000000000000000e+01,2.400000000000000000e+01,1.500000000000000000e+01,4.700000000000000000e+01,9.448105999999999227e+00
4.000608612149000010e+01,-8.303712962099000094e+01,-1.403299999999999992e+00,-6.624999999999999778e-01,4.838380140055199563e-01,-2.289767385486199958e-01,3.793522458131999564e-02,-4.320051129999999961e-01,-5.934935810000000478e-01,2.009833821569999941e+02,2.024000000000000000e+03,1.100000000000000000e+01,2.400000000000000000e+01,1.500000000000000000e+01,4.700000000000000000e+01,9.509206000000000714e+00
4.000608510999000345e+01,-8.303713024712000390e+01,-1.388200000000000101e+00,-6.713000000000000078e-01,2.928994279824400082e-01,-3.145608412177600122e-01,-4.800058386244000080e-02,-4.172514429999999996e-01,-5.955568570000000506e-01,2.017507287249999877e+02,2.024000000000000000e+03,1.100000000000000000e+01,2.400000000000000000e+01,1.500000000000000000e+01,4.700000000000000000e+01,9.573363999999999763e+00
4.000608435920999995e+01,-8.303713071846000560e+01,-1.376100000000000101e+00,-6.697999999999999510e-01,5.544706482205999376e-02,-4.038597199214600253e-01,-4.304818515029999737e-02,-4.328519290000000241e-01,-5.867568650000000163e-01,2.023231016160000024e+02,2.024000000000000000e+03,1.100000000000000000e+01,2.400000000000000000e+01,1.500000000000000000e+01,4.700000000000000000e+01,9.634415000000000617e+00
4.000608361550000325e+01,-8.303713119185999858e+01,-1.364400000000000057e+00,-6.765999999999999792e-01,2.916533948985999825e-01,-1.912751099386399978e-01,2.380368286582000212e-02,-4.672993739999999896e-01,-5.662293929999999698e-01,2.028973192340000082e+02,2.024000000000000000e+03,1.100000000000000000e+01,2.400000000000000000e+01,1.500000000000000000e+01,4.700000000000000000e+01,9.694910000000000139e+00
4.000608287819999731e+01,-8.303713167381999938e+01,-1.352600000000000025e+00,-6.931000000000000494e-01,5.396903294506599780e-01,-9.908391539489999622e-02,-1.475272953762200023e-01,-4.906269850000000154e-01,-5.501325479999999990e-01,2.034720472360000088e+02,2.024000000000000000e+03,1.100000000000000000e+01,2.400000000000000000e+01,1.500000000000000000e+01,4.700000000000000000e+01,9.755895999999999901e+00
4.000608214684000075e+01,-8.303713216545000364e+01,-1.341499999999999915e+00,-7.057999999999999829e-01,5.067040665358399920e-01,-1.319518937999399899e-01,-3.707902864339999646e-03,-5.072083539999999724e-01,-5.445310410000000489e-01,2.040412435720000133e+02,2.024000000000000000e+03,1.100000000000000000e+01,2.400000000000000000e+01,1.500000000000000000e+01,4.700000000000000000e+01,9.816058999999999202e+00
4.000608142235000031e+01,-8.303713266638999357e+01,-1.326899999999999968e+00,-7.196000000000000174e-01,6.318578326453799798e-01,-2.473603368257399904e-01,-5.036316770420000248e-03,-5.244097410000000403e-01,-5.435871020000000442e-01,2.046017062409999880e+02,2.024000000000000000e+03,1.100000000000000000e+01,2.400000000000000000e+01,1.500000000000000000e+01,4.700000000000000000e+01,9.876322999999999297e+00
4.000608070559000140e+01,-8.303713317659999404e+01,-1.311099999999999932e+00,-7.347000000000000197e-01,8.006664830908999386e-01,-2.928634294269999994e-01,1.138480528961999944e-01,-5.415536640000000457e-01,-5.408396989999999516e-01,2.051564356270000076e+02,2.024000000000000000e+03,1.100000000000000000e+01,2.400000000000000000e+01,1.500000000000000000e+01,4.700000000000000000e+01,9.938148999999999234e+00
4.000607999708999785e+01,-8.303713369756999896e+01,-1.297600000000000087e+00,-7.478000000000000203e-01,5.670181672341999546e-01,-2.512847964915999599e-01,7.773470791427999904e-02,-5.383428700000000289e-01,-5.389349530000000499e-01,2.057128788310000118e+02,2.024000000000000000e+03,1.100000000000000000e+01,2.400000000000000000e+01,1.500000000000000000e+01,4.700000000000000000e+01,1.000094700000000003e+01
4.000607987963999790e+01,-8.303713378512000531e+01,-1.296100000000000030e+00,-7.488000000000000211e-01,4.873348066938800183e-01,-2.445229546563600087e-01,1.238341477302400129e-01,-5.377317139999999718e-01,-5.384495900000000335e-01,2.058057428900000048e+02,2.024000000000000000e+03,1.100000000000000000e+01,2.400000000000000000e+01,1.500000000000000000e+01,4.700000000000000000e+01,1.006107199999999935e+01
4.000607871478000277e+01,-8.303713466835000645e+01,-1.277300000000000102e+00,-7.600000000000000089e-01,4.151572146965600285e-01,-2.380619504927800056e-01,-3.466797584703999735e-02,-5.459566259999999449e-01,-5.355312770000000278e-01,2.067343674420000070e+02,2.024000000000000000e+03,1.100000000000000000e+01,2.400000000000000000e+01,1.500000000000000000e+01,4.700000000000000000e+01,1.012138299999999980e+01
4.000607790800999908e+01,-8.303713530013000366e+01,-1.262399999999999967e+00,-7.745999999999999552e-01,5.254902323126999786e-01,-1.936163088158399936e-01,3.912681875659999690e-03,-5.485742940000000178e-01,-5.342918469999999864e-01,2.073793934079999985e+02,2.024000000000000000e+03,1.100000000000000000e+01,2.400000000000000000e+01,1.500000000000000000e+01,4.700000000000000000e+01,1.018157899999999927e+01
4.000607722254999743e+01,-8.303713584809999304e+01,-1.252499999999999947e+00,-7.774999999999999689e-01,2.338819964630600157e-01,-2.398939087915999968e-01,-3.938108424103999722e-02,-5.535509109999999788e-01,-5.339976730000000060e-01,2.079278016979999961e+02,2.024000000000000000e+03,1.100000000000000000e+01,2.400000000000000000e+01,1.500000000000000000e+01,4.700000000000000000e+01,1.024261199999999938e+01
4.000607654326000073e+01,-8.303713639820000481e+01,-1.239600000000000035e+00,-7.816999999999999504e-01,3.938644386456200408e-01,-3.160408570969999720e-01,4.140363181745999877e-02,-5.777945759999999487e-01,-5.288497250000000482e-01,2.084733643490000077e+02,2.024000000000000000e+03,1.100000000000000000e+01,2.400000000000000000e+01,1.500000000000000000e+01,4.700000000000000000e+01,1.030374199999999973e+01
4.000607587094000195e+01,-8.303713695230999292e+01,-1.226799999999999891e+00,-7.897999999999999465e-01,5.320837841816200564e-01,-2.205115542817200069e-01,9.065632186295999317e-02,-6.061960809999999977e-01,-5.186818549999999695e-01,2.090164738590000013e+02,2.024000000000000000e+03,1.100000000000000000e+01,2.400000000000000000e+01,1.500000000000000000e+01,4.700000000000000000e+01,1.036504000000000048e+01
4.000607509510999904e+01,-8.303713760809999656e+01,-1.214299999999999935e+00,-8.027999999999999581e-01,4.672681416162799972e-01,-9.451827110865999859e-02,-2.823404853757999905e-02,-6.251705330000000282e-01,-5.089902880000000129e-01,2.096478177479999943e+02,2.024000000000000000e+03,1.100000000000000000e+01,2.400000000000000000e+01,1.500000000000000000e+01,4.700000000000000000e+01,1.042619999999999969e+01
4.000607443708999966e+01,-8.303713817940000297e+01,-1.200900000000000079e+00,-8.145000000000000018e-01,4.951876403064800480e-01,-2.151938478400400034e-01,7.525620765221999187e-02,-6.372587389999999630e-01,-5.131362489999999887e-01,2.101890322069999968e+02,2.024000000000000000e+03,1.100000000000000000e+01,2.400000000000000000e+01,1.500000000000000000e+01,4.700000000000000000e+01,1.048707899999999960e+01
4.000607378758999744e+01,-8.303713876125000581e+01,-1.182099999999999929e+00,-8.325000000000000178e-01,8.038277458532799846e-01,-2.980495008345599994e-01,2.224593742275999750e-02,-6.375542739999999764e-01,-5.224173170000000477e-01,2.107345149230000061e+02,2.024000000000000000e+03,1.100000000000000000e+01,2.400000000000000000e+01,1.500000000000000000e+01,4.700000000000000000e+01,1.054882199999999948e+01
4.000607325370000211e+01,-8.303713925338999502e+01,-1.168500000000000094e+00,-8.416000000000000147e-01,6.030064934137600030e-01,-3.014960762481400103e-01,-1.228737479371600078e-01,-6.283860770000000429e-01,-5.249866539999999970e-01,2.111917053649999900e+02,2.024000000000000000e+03,1.100000000000000000e+01,2.400000000000000000e+01,1.500000000000000000e+01,4.700000000000000000e+01,1.060901800000000073e+01
4.000607251692999711e+01,-8.303713995268999781e+01,-1.150300000000000100e+00,-8.562999999999999501e-01,9.305942875736600284e-01,-3.314136616779599920e-01,-1.032471748365799968e-01,-6.070629570000000141e-01,-5.250528989999999618e-01,2.118335151820000135e+02,2.024000000000000000e+03,1.100000000000000000e+01,2.400000000000000000e+01,1.500000000000000000e+01,4.700000000000000000e+01,1.067159900000000050e+01
4.000607178799999986e+01,-8.303714065760999574e+01,-1.141299999999999981e+00,-8.588000000000000078e-01,3.475540021557400050e-01,-1.697457603934599824e-01,-3.752930807990000062e-02,-5.947942069999999637e-01,-5.281092750000000446e-01,2.124751240189999919e+02,2.024000000000000000e+03,1.100000000000000000e+01,2.400000000000000000e+01,1.500000000000000000e+01,4.700000000000000000e+01,1.073397600000000018e+01
4.000607116991000112e+01,-8.303714126635000525e+01,-1.128700000000000037e+00,-8.659000000000000030e-01,3.470076726838999814e-01,-2.161796359009399981e-01,-1.602342320324000036e-01,-5.858664730000000542e-01,-5.277109789999999689e-01,2.130197513040000104e+02,2.024000000000000000e+03,1.100000000000000000e+01,2.400000000000000000e+01,1.500000000000000000e+01,4.700000000000000000e+01,1.079687500000000000e+01
4.000607055799999756e+01,-8.303714187861000084e+01,-1.118000000000000105e+00,-8.696000000000000396e-01,2.688257621783800011e-01,-2.414094141981999730e-01,-3.486165329253999856e-02,-5.787312380000000367e-01,-5.236816909999999492e-01,2.135591420769999900e+02,2.024000000000000000e+03,1.100000000000000000e+01,2.400000000000000000e+01,1.500000000000000000e+01,4.700000000000000000e+01,1.085808100000000032e+01
4.000606995142000244e+01,-8.303714249437000205e+01,-1.108100000000000085e+00,-8.763999999999999568e-01,4.144009158041199736e-01,-1.744841325485000094e-01,1.070384316754200149e-01,-5.813130309999999801e-01,-5.256536219999999870e-01,2.140981374499999959e+02,2.024000000000000000e+03,1.100000000000000000e+01,2.400000000000000000e+01,1.500000000000000000e+01,4.700000000000000000e+01,1.092033299999999940e+01
4.000606935134000253e+01,-8.303714311573999396e+01,-1.093800000000000106e+00,-8.861999999999999877e-01,6.083969981326800003e-01,-2.544128925907400141e-01,7.048581851716000102e-02,-5.817797249999999698e-01,-5.326394220000000290e-01,2.146377176539999994e+02,2.024000000000000000e+03,1.100000000000000000e+01,2.400000000000000000e+01,1.500000000000000000e+01,4.700000000000000000e+01,1.098184200000000033e+01
4.000606915286999765e+01,-8.303714332421000677e+01,-1.090799999999999992e+00,-8.885999999999999455e-01,4.592101711935399622e-01,-1.797507889646400014e-01,-1.190177160821800084e-01,-5.807533599999999963e-01,-5.342163290000000453e-01,2.148179912020000017e+02,2.024000000000000000e+03,1.100000000000000000e+01,2.400000000000000000e+01,1.500000000000000000e+01,4.700000000000000000e+01,1.104343599999999981e+01
4.000606817327000186e+01,-8.303714437578000229e+01,-1.068400000000000016e+00,-9.013999999999999790e-01,4.223971040460399728e-01,-1.957245418354000011e-01,6.706529623680001009e-03,-5.710925000000000029e-01,-5.467725469999999977e-01,2.157175515840000060e+02,2.024000000000000000e+03,1.100000000000000000e+01,2.400000000000000000e+01,1.500000000000000000e+01,4.700000000000000000e+01,1.110520499999999977e+01
4.000606759363000009e+01,-8.303714501394000536e+01,-1.055900000000000061e+00,-9.099000000000000421e-01,4.055815237264600026e-01,-1.821439828403000061e-01,5.609038133339999850e-03,-5.639843770000000367e-01,-5.558226069999999686e-01,2.162518305670000132e+02,2.024000000000000000e+03,1.100000000000000000e+01,2.400000000000000000e+01,1.500000000000000000e+01,4.700000000000000000e+01,1.116709099999999921e+01
4.000606692528000252e+01,-8.303714576267999803e+01,-1.044000000000000039e+00,-9.142000000000000126e-01,2.780963789221799765e-01,-1.742488584376999938e-01,2.398756877038000015e-02,-5.593603160000000241e-01,-5.669390389999999780e-01,2.168736721409999859e+02,2.024000000000000000e+03,1.100000000000000000e+01,2.400000000000000000e+01,1.500000000000000000e+01,4.700000000000000000e+01,1.122869599999999934e+01
4.000606635847000092e+01,-8.303714640776000522e+01,-1.032899999999999929e+00,-9.197999999999999510e-01,3.685369078778000240e-01,-1.627601709567599864e-01,2.136731728506000016e-02,-5.625249140000000425e-01,-5.792480819999999975e-01,2.174069341050000048e+02,2.024000000000000000e+03,1.100000000000000000e+01,2.400000000000000000e+01,1.500000000000000000e+01,4.700000000000000000e+01,1.128946000000000005e+01
4.000606579878999725e+01,-8.303714705714000388e+01,-1.017500000000000071e+00,-9.268999999999999462e-01,5.251192913457199962e-01,-2.654047178038400068e-01,-1.374924657079600043e-01,-5.622026150000000166e-01,-5.905854940000000441e-01,2.179354273810000109e+02,2.024000000000000000e+03,1.100000000000000000e+01,2.400000000000000000e+01,1.500000000000000000e+01,4.700000000000000000e+01,1.135220499999999966e+01
4.000606524674999775e+01,-8.303714771011000551e+01,-1.005300000000000082e+00,-9.295999999999999819e-01,3.041344726206000049e-01,-2.522931830671599762e-01,2.783842450188000334e-02,-5.571484140000000362e-01,-5.990553859999999675e-01,2.184631742720000034e+02,2.024000000000000000e+03,1.100000000000000000e+01,2.400000000000000000e+01,1.500000000000000000e+01,4.700000000000000000e+01,1.141401899999999969e+01
4.000606461019999927e+01,-8.303714847483000483e+01,-9.931999999999999718e-01,-9.336999999999999744e-01,2.769730805507600313e-01,-2.129023196090800152e-01,3.562520721920000352e-03,-5.696790809999999761e-01,-6.170237269999999663e-01,2.190841482349999865e+02,2.024000000000000000e+03,1.100000000000000000e+01,2.400000000000000000e+01,1.500000000000000000e+01,4.700000000000000000e+01,1.147871999999999915e+01
4.000606407290000277e+01,-8.303714913502000172e+01,-9.754000000000000448e-01,-9.428999999999999604e-01,6.087640111277600186e-01,-2.824651697603199896e-01,-6.932609976086000214e-02,-5.817500700000000080e-01,-6.352255270000000120e-01,2.196213602050000020e+02,2.024000000000000000e+03,1.100000000000000000e+01,2.400000000000000000e+01,1.500000000000000000e+01,4.700000000000000000e+01,1.154332600000000042e+01
4.000606354631000272e+01,-8.303714980296000192e+01,-9.552000000000000490e-01,-9.539999999999999591e-01,6.188579966381999586e-01,-2.909346411416799949e-01,4.291251276500000073e-02,-5.735159130000000438e-01,-6.531068190000000051e-01,2.201598645919999910e+02,2.024000000000000000e+03,1.100000000000000000e+01,2.400000000000000000e+01,1.500000000000000000e+01,4.700000000000000000e+01,1.160846599999999995e+01
4.000606294391999995e+01,-8.303715058977999774e+01,-9.360000000000000542e-01,-9.627000000000000002e-01,5.399460595769000060e-01,-2.776028776832200062e-01,-5.069615653274000405e-02,-5.568477609999999967e-01,-6.702462689999999501e-01,2.207865210139999874e+02,2.024000000000000000e+03,1.100000000000000000e+01,2.400000000000000000e+01,1.500000000000000000e+01,4.700000000000000000e+01,1.167204199999999936e+01
4.000606243613999879e+01,-8.303715126759000498e+01,-9.231000000000000316e-01,-9.653000000000000469e-01,3.766779301516199885e-01,-2.865028519859600387e-01,-6.274008501029999796e-02,-5.445408040000000449e-01,-6.821109250000000346e-01,2.213284105120000049e+02,2.024000000000000000e+03,1.100000000000000000e+01,2.400000000000000000e+01,1.500000000000000000e+01,4.700000000000000000e+01,1.173314000000000057e+01
4.000606185246000024e+01,-8.303715206149000494e+01,-9.093999999999999861e-01,-9.695000000000000284e-01,3.706561907479200002e-01,-2.336305960033200069e-01,1.191768163924000062e-02,-5.320906189999999869e-01,-6.893397989999999753e-01,2.219646715250000000e+02,2.024000000000000000e+03,1.100000000000000000e+01,2.400000000000000000e+01,1.500000000000000000e+01,4.700000000000000000e+01,1.179510699999999979e+01
4.000606144073999815e+01,-8.303715263021000226e+01,-9.012999999999999901e-01,-9.706000000000000183e-01,2.034861787581799808e-01,-2.095636706226400026e-01,-3.259600665015999904e-02,-5.256237820000000394e-01,-6.916896639999999818e-01,2.224175544489999936e+02,2.024000000000000000e+03,1.100000000000000000e+01,2.400000000000000000e+01,1.500000000000000000e+01,4.700000000000000000e+01,1.185596999999999923e+01
4.000606087066000072e+01,-8.303715342828999724e+01,-8.903999999999999693e-01,-9.738999999999999879e-01,2.283234118737799967e-01,-1.487450780078199974e-01,-7.959866634320000855e-02,-5.270612190000000252e-01,-6.915788219999999820e-01,2.230472607689999904e+02,2.024000000000000000e+03,1.100000000000000000e+01,2.400000000000000000e+01,1.500000000000000000e+01,4.700000000000000000e+01,1.191880100000000020e+01
4.000606038640999884e+01,-8.303715411432999360e+01,-8.842999999999999750e-01,-9.771999999999999575e-01,2.425289886739799838e-01,-5.301799825692000284e-02,6.331868107959999492e-02,-5.403855469999999661e-01,-6.946672640000000065e-01,2.235864390959999923e+02,2.024000000000000000e+03,1.100000000000000000e+01,2.400000000000000000e+01,1.500000000000000000e+01,4.700000000000000000e+01,1.198054899999999989e+01
4.000606022584000243e+01,-8.303715434353999569e+01,-8.818000000000000282e-01,-9.781999999999999584e-01,2.600009576664999988e-01,-8.821975733269998843e-02,4.105344934967999904e-02,-5.456773999999999791e-01,-6.984584499999999530e-01,2.237666807040000094e+02,2.024000000000000000e+03,1.100000000000000000e+01,2.400000000000000000e+01,1.500000000000000000e+01,4.700000000000000000e+01,1.204412100000000052e+01
4.000605966841000338e+01,-8.303715514783000629e+01,-8.685000000000000497e-01,-9.828000000000000069e-01,4.315452701415799508e-01,-2.098353383594799837e-01,-6.026841787019999314e-03,-5.665467480000000444e-01,-7.071324030000000205e-01,2.243984222969999962e+02,2.024000000000000000e+03,1.100000000000000000e+01,2.400000000000000000e+01,1.500000000000000000e+01,4.700000000000000000e+01,1.210397999999999996e+01
4.000605896574000298e+01,-8.303715619150000293e+01,-8.477000000000000091e-01,-9.950999999999999845e-01,5.417528470110200001e-01,-1.100073592208399981e-01,1.388458068646000049e-02,-5.842389420000000388e-01,-7.133026489999999553e-01,2.251995345530000066e+02,2.024000000000000000e+03,1.100000000000000000e+01,2.400000000000000000e+01,1.500000000000000000e+01,4.700000000000000000e+01,1.216654100000000049e+01
4.000605865819999707e+01,-8.303715665993999551e+01,-8.411999999999999478e-01,-9.993999999999999551e-01,3.940212637016199393e-01,-8.310498040147999699e-02,-2.673335439865999821e-02,-5.915386809999999551e-01,-7.191308899999999671e-01,2.255506703800000139e+02,2.024000000000000000e+03,1.100000000000000000e+01,2.400000000000000000e+01,1.500000000000000000e+01,4.700000000000000000e+01,1.222787899999999972e+01
4.000605797688999843e+01,-8.303715772273000084e+01,-8.229999999999999538e-01,-1.009700000000000042e+00,3.777411302644799740e-01,-1.540961398250600134e-01,5.016628933550000558e-02,-6.080630409999999708e-01,-7.396272520000000128e-01,2.263385815510000043e+02,2.024000000000000000e+03,1.100000000000000000e+01,2.400000000000000000e+01,1.500000000000000000e+01,4.700000000000000000e+01,1.228962499999999913e+01
4.000605753095999972e+01,-8.303715843553000298e+01,-8.107999999999999652e-01,-1.012899999999999912e+00,3.295863899344400050e-01,-2.091351633902199803e-01,-1.595128176561999914e-02,-6.099690330000000493e-01,-7.511872539999999709e-01,2.268647118899999953e+02,2.024000000000000000e+03,1.100000000000000000e+01,2.400000000000000000e+01,1.500000000000000000e+01,4.700000000000000000e+01,1.235059200000000068e+01
4.000605709082999795e+01,-8.303715915041999551e+01,-8.026999999999999691e-01,-1.014599999999999946e+00,2.836895568830800074e-01,-1.753816342237800030e-01,6.265452480244000644e-02,-6.130786780000000435e-01,-7.623159059999999876e-01,2.273893396779999989e+02,2.024000000000000000e+03,1.100000000000000000e+01,2.400000000000000000e+01,1.500000000000000000e+01,4.700000000000000000e+01,1.241158000000000072e+01
4.000605665466999739e+01,-8.303715986678000149e+01,-7.951000000000000290e-01,-1.018000000000000016e+00,2.467992180482000142e-01,-9.338965389811999807e-02,2.220371865219999876e-03,-6.281215770000000420e-01,-7.778982749999999724e-01,2.279104618990000120e+02,2.024000000000000000e+03,1.100000000000000000e+01,2.400000000000000000e+01,1.500000000000000000e+01,4.700000000000000000e+01,1.247263399999999933e+01
4.000605622375000081e+01,-8.303716058448000581e+01,-7.839000000000000412e-01,-1.019400000000000084e+00,3.020082298454599967e-01,-2.207611276257199773e-01,-8.383015324810000335e-02,-6.487902300000000233e-01,-7.946648939999999550e-01,2.284257803849999959e+02,2.024000000000000000e+03,1.100000000000000000e+01,2.400000000000000000e+01,1.500000000000000000e+01,4.700000000000000000e+01,1.253321900000000078e+01
4.000605579908999943e+01,-8.303716130422000674e+01,-7.712999999999999856e-01,-1.023800000000000043e+00,4.532602571865200214e-01,-1.727232152608199900e-01,-5.391847490394000020e-02,-6.693254429999999644e-01,-8.081794839999999480e-01,2.289363630519999901e+02,2.024000000000000000e+03,1.100000000000000000e+01,2.400000000000000000e+01,1.500000000000000000e+01,4.700000000000000000e+01,1.259411200000000086e+01
4.000605538192999688e+01,-8.303716202811000358e+01,-7.559000000000000163e-01,-1.030999999999999917e+00,5.633614485821799578e-01,-1.925804618740399876e-01,-1.278902690169999960e-02,-6.778422739999999669e-01,-8.249861929999999788e-01,2.294424665390000087e+02,2.024000000000000000e+03,1.100000000000000000e+01,2.400000000000000000e+01,1.500000000000000000e+01,4.700000000000000000e+01,1.265496399999999966e+01
4.000605490472000270e+01,-8.303716287666999563e+01,-7.419999999999999929e-01,-1.033900000000000041e+00,3.429579310372599665e-01,-2.118852200457599921e-01,-2.713651407258000151e-02,-6.780631190000000474e-01,-8.407563080000000078e-01,2.300262754169999937e+02,2.024000000000000000e+03,1.100000000000000000e+01,2.400000000000000000e+01,1.500000000000000000e+01,4.700000000000000000e+01,1.271607400000000077e+01
4.000605450276999875e+01,-8.303716360622999559e+01,-7.291999999999999593e-01,-1.038499999999999979e+00,5.069256603941000305e-01,-1.718086138393999929e-01,-1.793536730188000083e-02,-6.837404780000000404e-01,-8.486595019999999545e-01,2.305182256390000077e+02,2.024000000000000000e+03,1.100000000000000000e+01,2.400000000000000000e+01,1.500000000000000000e+01,4.700000000000000000e+01,1.277887999999999913e+01
4.000605410810000251e+01,-8.303716434076000041e+01,-7.148999999999999799e-01,-1.048000000000000043e+00,6.536276507830000027e-01,-7.179682957814000066e-02,-1.356398989741999968e-02,-6.754680589999999540e-01,-8.570535110000000456e-01,2.310004980520000117e+02,2.024000000000000000e+03,1.100000000000000000e+01,2.400000000000000000e+01,1.500000000000000000e+01,4.700000000000000000e+01,1.283951000000000064e+01
4.000605371959999701e+01,-8.303716507977999584e+01,-7.075000000000000178e-01,-1.050799999999999956e+00,2.482023033317599936e-01,-1.045370279385600121e-01,-6.297474717185999604e-02,-6.590547220000000372e-01,-8.694090119999999811e-01,2.314749267789999863e+02,2.024000000000000000e+03,1.100000000000000000e+01,2.400000000000000000e+01,1.500000000000000000e+01,4.700000000000000000e+01,1.290077600000000047e+01
4.000605333527000340e+01,-8.303716582023000115e+01,-7.002000000000000446e-01,-1.051500000000000101e+00,1.840982702434600105e-01,-1.625705901210399984e-01,-5.677937154702000777e-02,-6.502516569999999829e-01,-8.816454169999999868e-01,2.319411411339999916e+02,2.024000000000000000e+03,1.100000000000000000e+01,2.400000000000000000e+01,1.500000000000000000e+01,4.700000000000000000e+01,1.296247900000000008e+01
4.000605308168999841e+01,-8.303716631467000298e+01,-6.932000000000000384e-01,-1.054000000000000048e+00,3.328487928034399856e-01,-1.457029003634200126e-01,1.758014861393999984e-02,-6.464528510000000505e-01,-8.874087760000000102e-01,2.322485579810000047e+02,2.024000000000000000e+03,1.100000000000000000e+01,2.400000000000000000e+01,1.500000000000000000e+01,4.700000000000000000e+01,1.302467700000000050e+01
4.000605270588000195e+01,-8.303716705829999967e+01,-6.837999999999999634e-01,-1.057900000000000063e+00,3.227021480630600236e-01,-7.862829820373999634e-02,6.308161127870000329e-02,-6.324237379999999575e-01,-8.959093350000000289e-01,2.327039485200000115e+02,2.024000000000000000e+03,1.100000000000000000e+01,2.400000000000000000e+01,1.500000000000000000e+01,4.700000000000000000e+01,1.308655199999999930e+01
4.000605215024000216e+01,-8.303716817874999379e+01,-6.750000000000000444e-01,-1.062400000000000011e+00,1.914750738387600015e-01,-1.875064435597999929e-02,-3.771757753450000195e-02,-6.107737709999999653e-01,-9.139083700000000254e-01,2.333757089460000032e+02,2.024000000000000000e+03,1.100000000000000000e+01,2.400000000000000000e+01,1.500000000000000000e+01,4.700000000000000000e+01,1.314916499999999999e+01
4.000605196712000122e+01,-8.303716855365999550e+01,-6.711000000000000298e-01,-1.064500000000000002e+00,2.874994557578799959e-01,-3.225906510588000264e-02,-4.826995818744000272e-02,-6.058241349999999859e-01,-9.213253620000000366e-01,2.335967426640000042e+02,2.024000000000000000e+03,1.100000000000000000e+01,2.400000000000000000e+01,1.500000000000000000e+01,4.700000000000000000e+01,1.321030599999999922e+01
4.000605136555999763e+01,-8.303716980868999542e+01,-6.555999999999999606e-01,-1.069700000000000095e+00,2.389237598907799909e-01,-1.265211438497400032e-01,-1.357840322431400071e-01,-5.862057450000000003e-01,-9.461604700000000312e-01,2.343251735059999987e+02,2.024000000000000000e+03,1.100000000000000000e+01,2.400000000000000000e+01,1.500000000000000000e+01,4.700000000000000000e+01,1.327277499999999932e+01
4.000605101021999843e+01,-8.303717056316000367e+01,-6.500000000000000222e-01,-1.070200000000000040e+00,1.468446698032799813e-01,-9.746199656897999719e-02,-1.161448033201999998e-02,-5.816231739999999650e-01,-9.548077430000000421e-01,2.347565003900000136e+02,2.024000000000000000e+03,1.100000000000000000e+01,2.400000000000000000e+01,1.500000000000000000e+01,4.700000000000000000e+01,1.333785699999999963e+01
4.000605065764000301e+01,-8.303717131781000660e+01,-6.452999999999999847e-01,-1.071199999999999930e+00,1.617904317223999855e-01,-7.070469273461998938e-02,9.733094543460000386e-03,-5.895852940000000375e-01,-9.589058059999999717e-01,2.351841307980000124e+02,2.024000000000000000e+03,1.100000000000000000e+01,2.400000000000000000e+01,1.500000000000000000e+01,4.700000000000000000e+01,1.339978799999999914e+01
4.000605030749999713e+01,-8.303717207300999803e+01,-6.405999999999999472e-01,-1.071700000000000097e+00,1.780526424864999901e-01,-9.706407097085999192e-02,8.719133995839999443e-03,-6.064896760000000331e-01,-9.642076099999999927e-01,2.356092612889999884e+02,2.024000000000000000e+03,1.100000000000000000e+01,2.400000000000000000e+01,1.500000000000000000e+01,4.700000000000000000e+01,1.346087200000000017e+01
4.000604996081000309e+01,-8.303717282882999484e+01,-6.333999999999999631e-01,-1.073199999999999932e+00,2.297814811126000223e-01,-9.271368182453999796e-02,3.786573057839999826e-03,-6.239588679999999998e-01,-9.654981719999999878e-01,2.360341152160000036e+02,2.024000000000000000e+03,1.100000000000000000e+01,2.400000000000000000e+01,1.500000000000000000e+01,4.700000000000000000e+01,1.352204399999999929e+01
4.000604956205000207e+01,-8.303717371384000501e+01,-6.219999999999999973e-01,-1.080200000000000049e+00,3.748645173319600232e-01,-1.875240569758000048e-02,-2.862557626961999974e-02,-6.443851160000000355e-01,-9.673505829999999861e-01,2.365262335529999973e+02,2.024000000000000000e+03,1.100000000000000000e+01,2.400000000000000000e+01,1.500000000000000000e+01,4.700000000000000000e+01,1.358367600000000053e+01
4.000604922717000278e+01,-8.303717447943999730e+01,-6.080999999999999739e-01,-1.092700000000000005e+00,6.491501937654200471e-01,9.506612902948000099e-02,-1.167635992433999938e-02,-6.505358140000000455e-01,-9.775838489999999492e-01,2.369473070479999990e+02,2.024000000000000000e+03,1.100000000000000000e+01,2.400000000000000000e+01,1.500000000000000000e+01,4.700000000000000000e+01,1.364493799999999979e+01
4.000604890020999704e+01,-8.303717525419000367e+01,-5.924000000000000377e-01,-1.107299999999999951e+00,7.212632550472599657e-01,1.177596911483399927e-01,-6.673482975600000854e-04,-6.332415829999999968e-01,-9.985427380000000408e-01,2.373705346490000068e+02,2.024000000000000000e+03,1.100000000000000000e+01,2.400000000000000000e+01,1.500000000000000000e+01,4.700000000000000000e+01,1.370771500000000032e+01
4.000604858146999732e+01,-8.303717604006000386e+01,-5.769999999999999574e-01,-1.124000000000000110e+00,7.944156744171999573e-01,1.788850883199800124e-01,3.799751045403999827e-02,-5.933819510000000186e-01,-1.032676708000000110e+00,2.377961595879999948e+02,2.024000000000000000e+03,1.100000000000000000e+01,2.400000000000000000e+01,1.500000000000000000e+01,4.700000000000000000e+01,1.376941300000000012e+01
4.000604826904999811e+01,-8.303717683217000456e+01,-5.701000000000000512e-01,-1.125599999999999934e+00,1.918604000891599992e-01,-8.125009389335999255e-02,-1.095136230593999997e-02,-5.437328219999999490e-01,-1.069658634999999913e+00,2.382179826429999991e+02,2.024000000000000000e+03,1.100000000000000000e+01,2.400000000000000000e+01,1.500000000000000000e+01,4.700000000000000000e+01,1.383026899999999948e+01
4.000604795846000172e+01,-8.303717762249000600e+01,-5.729999999999999538e-01,-1.116400000000000059e+00,-4.119017817147799798e-01,-2.426261312742000187e-01,2.706082582336000186e-02,-5.092424100000000342e-01,-1.099859560999999930e+00,2.386415037079999877e+02,2.024000000000000000e+03,1.100000000000000000e+01,2.400000000000000000e+01,1.500000000000000000e+01,4.700000000000000000e+01,1.389245200000000047e+01
4.000604764527000157e+01,-8.303717840596999622e+01,-5.783000000000000362e-01,-1.108600000000000030e+00,-2.891581284490999937e-01,-9.514841232847999486e-02,-3.048608303893999769e-02,-5.212836339999999957e-01,-1.109848465000000006e+00,2.390589716110000040e+02,2.024000000000000000e+03,1.100000000000000000e+01,2.400000000000000000e+01,1.500000000000000000e+01,4.700000000000000000e+01,1.395477900000000027e+01
4.000604738362999768e+01,-8.303717905783000219e+01,-5.772000000000000464e-01,-1.111699999999999910e+00,4.082190346177999585e-02,8.938937090529999741e-02,-5.657703127846000490e-02,-5.429893540000000351e-01,-1.113157825000000045e+00,2.394036213619999955e+02,2.024000000000000000e+03,1.100000000000000000e+01,2.400000000000000000e+01,1.500000000000000000e+01,4.700000000000000000e+01,1.401635399999999976e+01
4.000604717497999729e+01,-8.303717958119999309e+01,-5.738999999999999657e-01,-1.116500000000000048e+00,2.128477478595999783e-01,1.128037084178199895e-01,2.544195123125999811e-02,-5.544096170000000212e-01,-1.121319817999999913e+00,2.396793577809999931e+02,2.024000000000000000e+03,1.100000000000000000e+01,2.400000000000000000e+01,1.500000000000000000e+01,4.700000000000000000e+01,1.407785699999999984e+01
4.000604665790000070e+01,-8.303718089718999806e+01,-5.620000000000000551e-01,-1.127499999999999947e+00,4.414039696668200508e-01,4.902428619511999680e-02,-2.697410461813999974e-02,-5.908183320000000016e-01,-1.155191641999999907e+00,2.403716567069999996e+02,2.024000000000000000e+03,1.100000000000000000e+01,2.400000000000000000e+01,1.500000000000000000e+01,4.700000000000000000e+01,1.413927100000000081e+01
4.000604640449000016e+01,-8.303718155880000040e+01,-5.520000000000000462e-01,-1.133599999999999941e+00,5.166486607955599331e-01,3.340412340840000216e-02,4.312913569033999944e-02,-6.136379309999999698e-01,-1.173176623999999890e+00,2.407189559139999915e+02,2.024000000000000000e+03,1.100000000000000000e+01,2.400000000000000000e+01,1.500000000000000000e+01,4.700000000000000000e+01,1.420185999999999993e+01
4.000604600890000029e+01,-8.303718262748999734e+01,-5.365999999999999659e-01,-1.148700000000000054e+00,4.631935897400399904e-01,1.910546929344000000e-01,-6.571991687427999884e-02,-6.367526679999999661e-01,-1.204928135000000067e+00,2.412736533009999960e+02,2.024000000000000000e+03,1.100000000000000000e+01,2.400000000000000000e+01,1.500000000000000000e+01,4.700000000000000000e+01,1.426639100000000049e+01
4.000604571598000092e+01,-8.303718343753000397e+01,-5.370000000000000329e-01,-1.157299999999999995e+00,1.167173743085800075e-01,2.623041270919599932e-01,4.715775161955999828e-02,-6.514293839999999447e-01,-1.242111672999999916e+00,2.416877960219999864e+02,2.024000000000000000e+03,1.100000000000000000e+01,2.400000000000000000e+01,1.500000000000000000e+01,4.700000000000000000e+01,1.432950100000000049e+01
4.000604542028000310e+01,-8.303718425085000376e+01,-5.463999999999999968e-01,-1.158400000000000096e+00,-2.442136323101399831e-01,1.794086541804200130e-01,-9.770227730691999346e-02,-6.912365630000000261e-01,-1.285854153000000055e+00,2.421037134030000004e+02,2.024000000000000000e+03,1.100000000000000000e+01,2.400000000000000000e+01,1.500000000000000000e+01,4.700000000000000000e+01,1.439074899999999957e+01
4.000604512348999720e+01,-8.303718506664999666e+01,-5.383999999999999897e-01,-1.163799999999999946e+00,4.747240021412800215e-01,-3.568283743676000513e-02,3.190748159750000229e-02,-7.475024040000000092e-01,-1.323871924999999949e+00,2.425202272459999904e+02,2.024000000000000000e+03,1.100000000000000000e+01,2.400000000000000000e+01,1.500000000000000000e+01,4.700000000000000000e+01,1.445267499999999927e+01
4.000604483469999906e+01,-8.303718588556999691e+01,-5.198000000000000398e-01,-1.168400000000000105e+00,6.667516236067200230e-01,-1.473922814825399941e-01,1.205660023348600063e-01,-7.733634350000000435e-01,-1.347310232999999968e+00,2.429251857449999932e+02,2.024000000000000000e+03,1.100000000000000000e+01,2.400000000000000000e+01,1.500000000000000000e+01,4.700000000000000000e+01,1.451558900000000030e+01
4.000604450840000226e+01,-8.303718684590999999e+01,-5.071999999999999842e-01,-1.174400000000000110e+00,3.051530929359799749e-01,1.647298986999999853e-04,2.009296784792999890e-01,-7.846071369999999545e-01,-1.364660307999999933e+00,2.433986546490000080e+02,2.024000000000000000e+03,1.100000000000000000e+01,2.400000000000000000e+01,1.500000000000000000e+01,4.700000000000000000e+01,1.457729800000000075e+01
4.000604423491999739e+01,-8.303718767414000013e+01,-4.937000000000000277e-01,-1.183499999999999996e+00,6.268861364459800134e-01,3.911081923270000316e-02,3.451967686001999880e-02,-8.101464229999999489e-01,-1.388707579000000081e+00,2.438194499850000057e+02,2.024000000000000000e+03,1.100000000000000000e+01,2.400000000000000000e+01,1.500000000000000000e+01,4.700000000000000000e+01,1.463823799999999942e+01
4.000604397213999874e+01,-8.303718850990000533e+01,-4.697999999999999954e-01,-1.195500000000000007e+00,8.879116292214199735e-01,1.814098817874000222e-02,-1.189221979267400114e-01,-8.085566440000000465e-01,-1.416783254000000047e+00,2.442483992420000050e+02,2.024000000000000000e+03,1.100000000000000000e+01,2.400000000000000000e+01,1.500000000000000000e+01,4.700000000000000000e+01,1.469954399999999950e+01
4.000604371933000181e+01,-8.303718935246999422e+01,-4.567999999999999838e-01,-1.202499999999999902e+00,4.582303442743599908e-01,4.348865933179999789e-03,-1.093070603639999944e-01,-7.747277540000000462e-01,-1.444631385000000101e+00,2.446702442039999994e+02,2.024000000000000000e+03,1.100000000000000000e+01,2.400000000000000000e+01,1.500000000000000000e+01,4.700000000000000000e+01,1.476096899999999934e+01
4.000604346784999876e+01,-8.303719019745000196e+01,-4.626000000000000112e-01,-1.202700000000000102e+00,-1.198618784065400150e-01,5.099682684759999918e-02,-1.061762553646000001e-02,-7.595578979999999536e-01,-1.474604838000000084e+00,2.450820780589999970e+02,2.024000000000000000e+03,1.100000000000000000e+01,2.400000000000000000e+01,1.500000000000000000e+01,4.700000000000000000e+01,1.482196199999999919e+01
4.000604321457999646e+01,-8.303719104248000349e+01,-4.640000000000000235e-01,-1.202800000000000091e+00,1.310767802716000102e-02,-8.569001667640000278e-03,-1.109830658008000015e-02,-7.756620130000000390e-01,-1.502588397000000020e+00,2.454938846500000125e+02,2.024000000000000000e+03,1.100000000000000000e+01,2.400000000000000000e+01,1.500000000000000000e+01,4.700000000000000000e+01,1.488288400000000067e+01
4.000604292100000237e+01,-8.303719202905000429e+01,-4.580000000000000182e-01,-1.204199999999999937e+00,1.642734195628199889e-01,-3.714860142371999990e-02,-1.291361839101399789e-01,-7.934562080000000517e-01,-1.524801942000000077e+00,2.459893545760000109e+02,2.024000000000000000e+03,1.100000000000000000e+01,2.400000000000000000e+01,1.500000000000000000e+01,4.700000000000000000e+01,1.494359799999999971e+01
4.000604271433999770e+01,-8.303719273561999614e+01,-4.512999999999999790e-01,-1.209100000000000064e+00,3.221688661154999966e-01,6.828759476835999376e-02,4.540798423340000611e-03,-8.041942269999999837e-01,-1.535708566999999913e+00,2.463535075769999878e+02,2.024000000000000000e+03,1.100000000000000000e+01,2.400000000000000000e+01,1.500000000000000000e+01,4.700000000000000000e+01,1.500699099999999930e+01
4.000604259207000268e+01,-8.303719316104999848e+01,-4.457999999999999741e-01,-1.212599999999999900e+00,4.074501114640199373e-01,6.416810547630000250e-02,-6.254541830040000888e-03,-8.135667920000000386e-01,-1.542619581000000073e+00,2.465723959510000043e+02,2.024000000000000000e+03,1.100000000000000000e+01,2.400000000000000000e+01,1.500000000000000000e+01,4.700000000000000000e+01,1.506884299999999932e+01
4.000604219979000220e+01,-8.303719458975000123e+01,-4.167000000000000148e-01,-1.227800000000000002e+00,6.659346961994400127e-01,6.463008841136000382e-02,1.638865814607999918e-02,-8.306180459999999988e-01,-1.569614513000000100e+00,2.472942951699999981e+02,2.024000000000000000e+03,1.100000000000000000e+01,2.400000000000000000e+01,1.500000000000000000e+01,4.700000000000000000e+01,1.513275699999999979e+01
4.000604201302000007e+01,-8.303719531037999957e+01,-4.042999999999999927e-01,-1.234399999999999942e+00,5.929218321293200367e-01,5.431005767653999949e-02,-8.360502892860000035e-03,-8.247931040000000547e-01,-1.583099692000000003e+00,2.476544721239999944e+02,2.024000000000000000e+03,1.100000000000000000e+01,2.400000000000000000e+01,1.500000000000000000e+01,4.700000000000000000e+01,1.519419199999999925e+01
4.000604172263999914e+01,-8.303719647043999430e+01,-3.948999999999999733e-01,-1.241100000000000092e+00,1.858350454032400012e-01,2.793768872695999786e-02,-4.400671627430000066e-02,-8.073547930000000150e-01,-1.605022594000000025e+00,2.482346043910000049e+02,2.024000000000000000e+03,1.100000000000000000e+01,2.400000000000000000e+01,1.500000000000000000e+01,4.700000000000000000e+01,1.525676900000000025e+01
4.000604150865000008e+01,-8.303719734278000431e+01,-3.895000000000000129e-01,-1.242099999999999982e+00,1.882141624202599839e-01,-4.475442387772000236e-02,-4.497968408762000048e-02,-8.038038849999999957e-01,-1.615862528000000076e+00,2.486723199010000087e+02,2.024000000000000000e+03,1.100000000000000000e+01,2.400000000000000000e+01,1.500000000000000000e+01,4.700000000000000000e+01,1.531879799999999925e+01
4.000604129680999677e+01,-8.303719821612999397e+01,-3.870999999999999996e-01,-1.244599999999999929e+00,1.371563201745999994e-01,6.919404089519999579e-02,2.601410655364000055e-02,-8.073665370000000507e-01,-1.618799767999999917e+00,2.491120777790000034e+02,2.024000000000000000e+03,1.100000000000000000e+01,2.400000000000000000e+01,1.500000000000000000e+01,4.700000000000000000e+01,1.537944800000000001e+01
4.000604108651000246e+01,-8.303719909280999900e+01,-3.836999999999999855e-01,-1.250899999999999901e+00,1.958998431580599719e-01,1.510813208167199884e-01,5.789345576853999198e-02,-8.205823799999999446e-01,-1.625002859999999938e+00,2.495535384229999920e+02,2.024000000000000000e+03,1.100000000000000000e+01,2.400000000000000000e+01,1.500000000000000000e+01,4.700000000000000000e+01,1.544243200000000016e+01
4.000604087891999683e+01,-8.303719997393000085e+01,-3.775000000000000022e-01,-1.256999999999999895e+00,2.548590034341000066e-01,1.175399825812200039e-01,8.882571468959999869e-03,-8.354521150000000507e-01,-1.640824395999999963e+00,2.499982320270000002e+02,2.024000000000000000e+03,1.100000000000000000e+01,2.400000000000000000e+01,1.500000000000000000e+01,4.700000000000000000e+01,1.550492599999999932e+01
4.000604064331000131e+01,-8.303720100731999310e+01,-3.639000000000000012e-01,-1.263900000000000023e+00,3.652868032605999793e-01,2.927969090809999855e-02,5.021709628180000273e-02,-8.511952900000000488e-01,-1.662723621999999901e+00,2.505197480289999987e+02,2.024000000000000000e+03,1.100000000000000000e+01,2.400000000000000000e+01,1.500000000000000000e+01,4.700000000000000000e+01,1.556596200000000074e+01
4.000604044858999941e+01,-8.303720189748999303e+01,-3.513000000000000012e-01,-1.269099999999999895e+00,4.245498261404000440e-01,8.723879426000000822e-05,4.870707161164000015e-02,-8.620853590000000510e-01,-1.682737885000000100e+00,2.509644723010000007e+02,2.024000000000000000e+03,1.100000000000000000e+01,2.400000000000000000e+01,1.500000000000000000e+01,4.700000000000000000e+01,1.563085799999999992e+01
4.000604026017000336e+01,-8.303720279047000474e+01,-3.395000000000000240e-01,-1.272000000000000020e+00,4.088721209501399723e-01,-5.852583908529999934e-02,-2.766853712564000187e-02,-8.709442760000000172e-01,-1.698081648999999915e+00,2.514064768400000105e+02,2.024000000000000000e+03,1.100000000000000000e+01,2.400000000000000000e+01,1.500000000000000000e+01,4.700000000000000000e+01,1.569181000000000026e+01
4.000604007753000246e+01,-8.303720368412000141e+01,-3.301999999999999935e-01,-1.272199999999999998e+00,2.966826913439200020e-01,-5.869026968480000467e-02,-1.636786919007599816e-01,-8.797246060000000201e-01,-1.701028205999999932e+00,2.518434025260000055e+02,2.024000000000000000e+03,1.100000000000000000e+01,2.400000000000000000e+01,1.500000000000000000e+01,4.700000000000000000e+01,1.575330100000000044e+01
4.000603990023999756e+01,-8.303720458043000008e+01,-3.204000000000000181e-01,-1.278499999999999970e+00,3.539083468402000054e-01,1.123940140011599892e-01,-2.357096125946799847e-01,-8.911576549999999930e-01,-1.696805474000000036e+00,2.522777050649999921e+02,2.024000000000000000e+03,1.100000000000000000e+01,2.400000000000000000e+01,1.500000000000000000e+01,4.700000000000000000e+01,1.581529399999999974e+01
4.000603969982999786e+01,-8.303720563125999377e+01,-3.101999999999999758e-01,-1.284799999999999942e+00,2.821155447299599772e-01,7.830278425160000499e-02,-1.426267597814599997e-01,-9.004281570000000068e-01,-1.686461793000000098e+00,2.527807183339999995e+02,2.024000000000000000e+03,1.100000000000000000e+01,2.400000000000000000e+01,1.500000000000000000e+01,4.700000000000000000e+01,1.587975800000000071e+01
4.000603953136000257e+01,-8.303720653454000455e+01,-3.064999999999999947e-01,-1.286100000000000021e+00,1.637193135909399966e-01,6.977372226999999658e-04,1.146411870715999953e-02,-9.110942770000000079e-01,-1.675970434999999981e+00,2.532179908839999882e+02,2.024000000000000000e+03,1.100000000000000000e+01,2.400000000000000000e+01,1.500000000000000000e+01,4.700000000000000000e+01,1.594270799999999966e+01
4.000603936424000295e+01,-8.303720743843000207e+01,-3.060999999999999832e-01,-1.286799999999999944e+00,4.328740555582000216e-02,2.148917246612000106e-02,2.217872768885800205e-01,-9.322802409999999540e-01,-1.666150808000000039e+00,2.536664930130000073e+02,2.024000000000000000e+03,1.100000000000000000e+01,2.400000000000000000e+01,1.500000000000000000e+01,4.700000000000000000e+01,1.600480599999999853e+01
4.000603933655000333e+01,-8.303720758919999412e+01,-3.049000000000000044e-01,-1.287199999999999900e+00,1.024914447423200120e-01,1.128556229466000024e-02,1.898034916953399986e-01,-9.371393679999999726e-01,-1.664794577000000109e+00,2.537412894740000127e+02,2.024000000000000000e+03,1.100000000000000000e+01,2.400000000000000000e+01,1.500000000000000000e+01,4.700000000000000000e+01,1.606653400000000076e+01
4.000603906732000326e+01,-8.303720910014999390e+01,-2.912000000000000144e-01,-1.291199999999999903e+00,1.308301798357600076e-01,-2.277055407110000276e-02,-1.628863510266000125e-02,-9.934241270000000457e-01,-1.643576949000000065e+00,2.544748277930000029e+02,2.024000000000000000e+03,1.100000000000000000e+01,2.400000000000000000e+01,1.500000000000000000e+01,4.700000000000000000e+01,1.613052300000000017e+01
4.000603888663000163e+01,-8.303721016225999563e+01,-2.869999999999999774e-01,-1.294000000000000039e+00,1.567077734366000008e-02,3.991931833271999963e-02,-2.503778193581400191e-01,-1.047818699000000020e+00,-1.619354337000000088e+00,2.549771634640000002e+02,2.024000000000000000e+03,1.100000000000000000e+01,2.400000000000000000e+01,1.500000000000000000e+01,4.700000000000000000e+01,1.619323699999999988e+01
4.000603868326000168e+01,-8.303721137847000477e+01,-2.785000000000000253e-01,-1.297099999999999920e+00,3.273840588724599709e-01,-5.740347135020000199e-03,-3.203205373400599965e-01,-1.130232809000000005e+00,-1.574463649999999992e+00,2.555696900590000098e+02,2.024000000000000000e+03,1.100000000000000000e+01,2.400000000000000000e+01,1.500000000000000000e+01,4.700000000000000000e+01,1.625656899999999894e+01
4.000603853921000308e+01,-8.303721229303999962e+01,-2.610000000000000098e-01,-1.299299999999999899e+00,5.082916910638199948e-01,-9.660125245072000155e-02,1.177125885450799880e-01,-1.166605871000000016e+00,-1.536207818999999919e+00,2.560222041879999892e+02,2.024000000000000000e+03,1.100000000000000000e+01,2.400000000000000000e+01,1.500000000000000000e+01,4.700000000000000000e+01,1.631841899999999868e+01
4.000603840438999725e+01,-8.303721320934999994e+01,-2.432999999999999885e-01,-1.303099999999999925e+00,5.704419130404999594e-01,-2.553472750108000053e-02,1.982499926289799930e-01,-1.194482848999999902e+00,-1.496879587000000011e+00,2.564658437609999737e+02,2.024000000000000000e+03,1.100000000000000000e+01,2.400000000000000000e+01,1.500000000000000000e+01,4.700000000000000000e+01,1.638047200000000103e+01
4.000603827927000111e+01,-8.303721412836000582e+01,-2.220999999999999919e-01,-1.308400000000000007e+00,8.412218608464000491e-01,3.695513997574000065e-02,2.221992039176000078e-01,-1.226289801999999929e+00,-1.459265268000000004e+00,2.568929235200000107e+02,2.024000000000000000e+03,1.100000000000000000e+01,2.400000000000000000e+01,1.500000000000000000e+01,4.700000000000000000e+01,1.644285999999999959e+01
4.000603816358999865e+01,-8.303721505109000134e+01,-2.073000000000000120e-01,-1.312799999999999967e+00,5.980199823196400422e-01,8.352868661779999995e-03,4.564455259599999731e-02,-1.236698542000000067e+00,-1.432105175000000008e+00,2.573190743270000098e+02,2.024000000000000000e+03,1.100000000000000000e+01,2.400000000000000000e+01,1.500000000000000000e+01,4.700000000000000000e+01,1.650517699999999977e+01
4.000603803602000141e+01,-8.303721612956999820e+01,-2.003999999999999948e-01,-1.311900000000000066e+00,1.408990340532600138e-01,-1.018991604898999981e-01,-5.256507964640000363e-02,-1.229326879999999900e+00,-1.405436050000000048e+00,2.578301252599999884e+02,2.024000000000000000e+03,1.100000000000000000e+01,2.400000000000000000e+01,1.500000000000000000e+01,4.700000000000000000e+01,1.656836500000000001e+01
4.000603793108000161e+01,-8.303721705214999815e+01,-1.917000000000000093e-01,-1.307900000000000063e+00,2.967802276659199934e-01,-2.302623536345200228e-01,-3.790078234566000154e-02,-1.231024962000000000e+00,-1.374542547999999975e+00,2.582682808679999766e+02,2.024000000000000000e+03,1.100000000000000000e+01,2.400000000000000000e+01,1.500000000000000000e+01,4.700000000000000000e+01,1.663045899999999833e+01
4.000603783163000315e+01,-8.303721797199999344e+01,-1.811000000000000110e-01,-1.304100000000000037e+00,3.053500748341599902e-01,-2.245624558002600191e-01,7.781916296056000382e-02,-1.233753486999999982e+00,-1.330061192999999919e+00,2.587011532170000123e+02,2.024000000000000000e+03,1.100000000000000000e+01,2.400000000000000000e+01,1.500000000000000000e+01,4.700000000000000000e+01,1.669297200000000103e+01
4.000603773678000152e+01,-8.303721889063000106e+01,-1.738999999999999990e-01,-1.305700000000000083e+00,2.467540985844000057e-01,1.321725532344000115e-02,6.235246681820000303e-02,-1.245517706000000002e+00,-1.279035281999999940e+00,2.591289480170000274e+02,2.024000000000000000e+03,1.100000000000000000e+01,2.400000000000000000e+01,1.500000000000000000e+01,4.700000000000000000e+01,1.675490999999999886e+01
4.000603763051000072e+01,-8.303721996353999657e+01,-1.660000000000000087e-01,-1.307099999999999929e+00,2.223194277792600038e-01,-9.567029036380000906e-03,-2.481108783752000030e-02,-1.265022029999999909e+00,-1.229133446000000074e+00,2.596289073440000266e+02,2.024000000000000000e+03,1.100000000000000000e+01,2.400000000000000000e+01,1.500000000000000000e+01,4.700000000000000000e+01,1.681778900000000121e+01
4.000603754483000074e+01,-8.303722088246000510e+01,-1.552000000000000046e-01,-1.304200000000000026e+00,3.215411793173399979e-01,-1.325721527092399987e-01,-3.122954630145999971e-02,-1.277093741999999921e+00,-1.186090601000000078e+00,2.600636471450000045e+02,2.024000000000000000e+03,1.100000000000000000e+01,2.400000000000000000e+01,1.500000000000000000e+01,4.700000000000000000e+01,1.687913599999999903e+01
4.000603746478000033e+01,-8.303722179831000005e+01,-1.446000000000000063e-01,-1.299199999999999910e+00,3.561711419934999734e-01,-1.768613427235000146e-01,3.323517066707999679e-02,-1.291455036999999972e+00,-1.135512107999999909e+00,2.604993267840000044e+02,2.024000000000000000e+03,1.100000000000000000e+01,2.400000000000000000e+01,1.500000000000000000e+01,4.700000000000000000e+01,1.694373300000000171e+01
4.000603739078999865e+01,-8.303722271159000456e+01,-1.320999999999999952e-01,-1.295800000000000063e+00,4.385679782603599808e-01,-1.667865219704200153e-01,8.022853652557999926e-02,-1.310413516999999972e+00,-1.082886090999999995e+00,2.609277953989999901e+02,2.024000000000000000e+03,1.100000000000000000e+01,2.400000000000000000e+01,1.500000000000000000e+01,4.700000000000000000e+01,1.700762699999999938e+01
4.000603736795999765e+01,-8.303722301585000309e+01,-1.257999999999999952e-01,-1.296599999999999975e+00,5.565446188082999734e-01,-7.961943265318000007e-02,-1.896774249946000038e-02,-1.314425253000000016e+00,-1.065045027000000033e+00,2.610692625560000124e+02,2.024000000000000000e+03,1.100000000000000000e+01,2.400000000000000000e+01,1.500000000000000000e+01,4.700000000000000000e+01,1.706932199999999966e+01
4.000603725999999938e+01,-8.303722468623999475e+01,-1.018000000000000016e-01,-1.289400000000000102e+00,2.725925094614999877e-01,-2.357800748047399753e-01,2.448626664575999715e-02,-1.294439112000000058e+00,-9.758473210000000453e-01,2.618457103100000154e+02,2.024000000000000000e+03,1.100000000000000000e+01,2.400000000000000000e+01,1.500000000000000000e+01,4.700000000000000000e+01,1.713121800000000050e+01
4.000603721777999766e+01,-8.303722544180000398e+01,-9.579999999999999627e-02,-1.285900000000000043e+00,1.679111948006599964e-01,-1.634800981617599847e-01,2.097502164751999937e-02,-1.293321235999999930e+00,-9.325285159999999740e-01,2.621985359930000072e+02,2.024000000000000000e+03,1.100000000000000000e+01,2.400000000000000000e+01,1.500000000000000000e+01,4.700000000000000000e+01,1.719497199999999992e+01
4.000603715716999886e+01,-8.303722664586000235e+01,-8.039999999999999925e-02,-1.279900000000000038e+00,4.326496438236199782e-01,-1.817168404558600070e-01,-7.709205257604000161e-02,-1.293594506000000033e+00,-8.607985910000000018e-01,2.627618286449999800e+02,2.024000000000000000e+03,1.100000000000000000e+01,2.400000000000000000e+01,1.500000000000000000e+01,4.700000000000000000e+01,1.725804600000000022e+01
4.000603711363999793e+01,-8.303722769514999413e+01,-6.919999999999999762e-02,-1.274699999999999944e+00,2.346463031315199899e-01,-1.802785270533399931e-01,-4.157064661220000179e-02,-1.272617914000000017e+00,-7.938287840000000095e-01,2.632379463980000196e+02,2.024000000000000000e+03,1.100000000000000000e+01,2.400000000000000000e+01,1.500000000000000000e+01,4.700000000000000000e+01,1.732350900000000138e+01
4.000603707911999862e+01,-8.303722859008999535e+01,-6.769999999999999629e-02,-1.267800000000000038e+00,-1.071855040327999997e-02,-2.274902597466399723e-01,6.039528787754000483e-02,-1.264732205999999914e+00,-7.357435730000000396e-01,2.636312956400000189e+02,2.024000000000000000e+03,1.100000000000000000e+01,2.400000000000000000e+01,1.500000000000000000e+01,4.700000000000000000e+01,1.738669700000000162e+01
4.000603704542999850e+01,-8.303722948089000511e+01,-6.550000000000000266e-02,-1.262699999999999934e+00,5.620150965144000282e-02,-1.793658135174600043e-01,2.633477538195999959e-02,-1.271807871000000034e+00,-6.745422819999999930e-01,2.640157865740000034e+02,2.024000000000000000e+03,1.100000000000000000e+01,2.400000000000000000e+01,1.500000000000000000e+01,4.700000000000000000e+01,1.744927900000000065e+01
4.000603701920999811e+01,-8.303723022075000415e+01,-6.110000000000000153e-02,-1.258699999999999930e+00,1.046259161958999900e-01,-2.099165427922000116e-01,1.459777452877999981e-02,-1.277698862999999907e+00,-6.248729490000000109e-01,2.643325399830000038e+02,2.024000000000000000e+03,1.100000000000000000e+01,2.400000000000000000e+01,1.500000000000000000e+01,4.700000000000000000e+01,1.751352500000000134e+01
4.000603698017999932e+01,-8.303723139788999674e+01,-5.559999999999999665e-02,-1.249400000000000066e+00,1.164290442815199972e-01,-2.609455348856599688e-01,-1.829204428988000231e-02,-1.294723631000000097e+00,-5.438528999999999725e-01,2.648297636589999797e+02,2.024000000000000000e+03,1.100000000000000000e+01,2.400000000000000000e+01,1.500000000000000000e+01,4.700000000000000000e+01,1.757651200000000102e+01
4.000603695606999821e+01,-8.303723227525999562e+01,-4.320000000000000229e-02,-1.243500000000000050e+00,3.138240791410000230e-01,-2.208855938043199907e-01,4.624247386851999819e-02,-1.305870864000000076e+00,-4.801152149999999841e-01,2.651898368910000272e+02,2.024000000000000000e+03,1.100000000000000000e+01,2.400000000000000000e+01,1.500000000000000000e+01,4.700000000000000000e+01,1.763853299999999891e+01
4.000603693760000112e+01,-8.303723314801999322e+01,-3.450000000000000289e-02,-1.237000000000000099e+00,2.044490835694800224e-01,-1.998377542245400040e-01,-3.414408038338000162e-02,-1.306342797999999972e+00,-4.147221240000000253e-01,2.655409746830000017e+02,2.024000000000000000e+03,1.100000000000000000e+01,2.400000000000000000e+01,1.500000000000000000e+01,4.700000000000000000e+01,1.769987400000000122e+01
4.000603692333000083e+01,-8.303723401671000204e+01,-2.589999999999999941e-02,-1.230900000000000105e+00,2.813163856609000035e-01,-2.449410848872600188e-01,-5.342667427219999557e-03,-1.310915400999999925e+00,-3.516548500000000188e-01,2.658848205959999973e+02,2.024000000000000000e+03,1.100000000000000000e+01,2.400000000000000000e+01,1.500000000000000000e+01,4.700000000000000000e+01,1.776134400000000113e+01
4.000603691213999724e+01,-8.303723502498000641e+01,-1.510000000000000057e-02,-1.225100000000000078e+00,3.636570924119399972e-01,-1.726754598384200035e-01,3.593143770457999514e-02,-1.311541469000000015e+00,-2.804565669999999900e-01,2.662744531050000205e+02,2.024000000000000000e+03,1.100000000000000000e+01,2.400000000000000000e+01,1.500000000000000000e+01,4.700000000000000000e+01,1.782397800000000032e+01
4.000603690767000131e+01,-8.303723588472000472e+01,-9.400000000000000369e-03,-1.217700000000000005e+00,9.688509595196000135e-02,-2.641641506562800168e-01,2.857663632126000025e-02,-1.292349125999999959e+00,-2.248597910000000033e-01,2.665963589180000213e+02,2.024000000000000000e+03,1.100000000000000000e+01,2.400000000000000000e+01,1.500000000000000000e+01,4.700000000000000000e+01,1.788729700000000022e+01
4.000603690564000203e+01,-8.303723673925000526e+01,-8.800000000000000530e-03,-1.210599999999999898e+00,-1.415472375302999908e-01,-2.225627513156999970e-01,-9.745776047000000511e-03,-1.275041322000000088e+00,-1.684647539999999943e-01,2.669008820459999924e+02,2.024000000000000000e+03,1.100000000000000000e+01,2.400000000000000000e+01,1.500000000000000000e+01,4.700000000000000000e+01,1.794886299999999935e+01
4.000603690359000097e+01,-8.303723744764999992e+01,-8.899999999999999925e-03,-1.205000000000000071e+00,-8.677070606718000068e-02,-2.300059162659200129e-01,-9.608913581019999650e-03,-1.275242680999999934e+00,-1.235462269999999946e-01,2.671407503059999726e+02,2.024000000000000000e+03,1.100000000000000000e+01,2.400000000000000000e+01,1.500000000000000000e+01,4.700000000000000000e+01,1.801086700000000107e+01
4.000603690313000271e+01,-8.303723773010000286e+01,-5.700000000000000205e-03,-1.202800000000000091e+00,1.614828369238399952e-01,-2.281624486458000145e-01,6.052096225830000398e-02,-1.275465934999999940e+00,-1.052478169999999935e-01,2.672329336760000160e+02,2.024000000000000000e+03,1.100000000000000000e+01,2.400000000000000000e+01,1.500000000000000000e+01,4.700000000000000000e+01,1.807413499999999829e+01
4.000603690095000076e+01,-8.303723913409000090e+01,-4.599999999999999922e-03,-1.190800000000000081e+00,5.114917735140000338e-02,-2.592152799646199601e-01,1.120430506116799896e-01,-1.272493842999999902e+00,-1.964030799999999868e-02,2.676665773870000180e+02,2.024000000000000000e+03,1.100000000000000000e+01,2.400000000000000000e+01,1.500000000000000000e+01,4.700000000000000000e+01,1.813792099999999863e+01
4.000603690284999914e+01,-8.303723997107999821e+01,-3.899999999999999821e-03,-1.182099999999999929e+00,1.031152798863000097e-01,-3.254412179663400129e-01,6.036614436795999933e-02,-1.277222411999999974e+00,2.772964899999999858e-02,2.679072367269999972e+02,2.024000000000000000e+03,1.100000000000000000e+01,2.400000000000000000e+01,1.500000000000000000e+01,4.700000000000000000e+01,1.820149599999999879e+01
4.000603690746999774e+01,-8.303724121393000246e+01,5.000000000000000104e-04,-1.167799999999999949e+00,1.094587514790600069e-01,-3.263154805018400051e-01,1.083190656346399855e-01,-1.285201110999999896e+00,9.308046400000000165e-02,2.682417651650000039e+02,2.024000000000000000e+03,1.100000000000000000e+01,2.400000000000000000e+01,1.500000000000000000e+01,4.700000000000000000e+01,1.826494900000000143e+01
4.000603691405000006e+01,-8.303724203372000545e+01,6.199999999999999782e-03,-1.157799999999999940e+00,1.303839203231000055e-01,-3.290987114996000162e-01,8.327856851374000613e-02,-1.282643906999999972e+00,1.349897320000000012e-01,2.684405682920000231e+02,2.024000000000000000e+03,1.100000000000000000e+01,2.400000000000000000e+01,1.500000000000000000e+01,4.700000000000000000e+01,1.832793900000000065e+01
4.000603692341000084e+01,-8.303724284607000072e+01,1.290000000000000001e-02,-1.146800000000000042e+00,2.118632634734200215e-01,-3.655457248677199678e-01,-8.322110107320000727e-03,-1.273775305000000024e+00,1.790078340000000046e-01,2.686156689379999989e+02,2.024000000000000000e+03,1.100000000000000000e+01,2.400000000000000000e+01,1.500000000000000000e+01,4.700000000000000000e+01,1.839208299999999952e+01
4.000603693541000183e+01,-8.303724378494999314e+01,8.899999999999999925e-03,-1.135899999999999910e+00,-2.523526286490800352e-01,-3.263415949529199778e-01,-3.402422898073999974e-02,-1.256786589999999926e+00,2.255431400000000031e-01,2.687936912630000279e+02,2.024000000000000000e+03,1.100000000000000000e+01,2.400000000000000000e+01,1.500000000000000000e+01,4.700000000000000000e+01,1.845692000000000021e+01
4.000603694291000068e+01,-8.303724458245000051e+01,3.899999999999999821e-03,-1.126900000000000013e+00,-1.933434908135600039e-01,-2.828579696729199844e-01,5.090880753257999436e-02,-1.252345221999999980e+00,2.567859479999999861e-01,2.689306225180000069e+02,2.024000000000000000e+03,1.100000000000000000e+01,2.400000000000000000e+01,1.500000000000000000e+01,4.700000000000000000e+01,1.851990400000000037e+01
4.000603694957000300e+01,-8.303724537322999311e+01,5.400000000000000286e-03,-1.116900000000000004e+00,3.421160766390000246e-02,-3.292736402885999558e-01,-3.136166813714000301e-02,-1.252675994999999931e+00,2.844816649999999947e-01,2.690463161629999718e+02,2.024000000000000000e+03,1.100000000000000000e+01,2.400000000000000000e+01,1.500000000000000000e+01,4.700000000000000000e+01,1.858156400000000019e+01
4.000603695822999839e+01,-8.303724628585000289e+01,7.000000000000000146e-03,-1.102800000000000002e+00,3.640080402749999722e-02,-4.011280223981800175e-01,-5.287450617471999709e-02,-1.252787163999999898e+00,3.182030869999999956e-01,2.691527686489999951e+02,2.024000000000000000e+03,1.100000000000000000e+01,2.400000000000000000e+01,1.500000000000000000e+01,4.700000000000000000e+01,1.864867999999999881e+01
4.000603696484999716e+01,-8.303724706033999325e+01,5.499999999999999681e-03,-1.094600000000000017e+00,-2.326149523653999948e-02,-2.650497897553000248e-01,9.894277900791999258e-02,-1.256097905999999931e+00,3.457966869999999915e-01,2.692322803260000228e+02,2.024000000000000000e+03,1.100000000000000000e+01,2.400000000000000000e+01,1.500000000000000000e+01,4.700000000000000000e+01,1.871167700000000167e+01
4.000603697291000316e+01,-8.303724795546000337e+01,6.700000000000000226e-03,-1.081700000000000106e+00,-6.801873707659999990e-03,-4.056517481081599596e-01,-5.376740769450000235e-02,-1.254759785000000072e+00,3.688658510000000224e-01,2.693252570490000153e+02,2.024000000000000000e+03,1.100000000000000000e+01,2.400000000000000000e+01,1.500000000000000000e+01,4.700000000000000000e+01,1.877643899999999988e+01
4.000603698145999942e+01,-8.303724871517999873e+01,1.050000000000000065e-02,-1.074999999999999956e+00,5.367602736854000522e-02,-1.844617977192000158e-01,-1.572747742584200137e-01,-1.245006674000000091e+00,3.949393920000000002e-01,2.694020566319999830e+02,2.024000000000000000e+03,1.100000000000000000e+01,2.400000000000000000e+01,1.500000000000000000e+01,4.700000000000000000e+01,1.883980100000000135e+01
4.000603699121000290e+01,-8.303724947210000096e+01,1.290000000000000001e-02,-1.074799999999999978e+00,6.045434436630000435e-02,7.331038205814000008e-02,-9.538064381551999982e-02,-1.233106889999999956e+00,4.392880679999999760e-01,2.694667509180000025e+02,2.024000000000000000e+03,1.100000000000000000e+01,2.400000000000000000e+01,1.500000000000000000e+01,4.700000000000000000e+01,1.890186800000000034e+01
4.000603700224999670e+01,-8.303725023049000242e+01,1.499999999999999944e-02,-1.078000000000000069e+00,3.187722920192000153e-02,1.313506024899399882e-01,4.585174317599999966e-02,-1.220839701000000055e+00,4.744296920000000140e-01,2.695107556070000214e+02,2.024000000000000000e+03,1.100000000000000000e+01,2.400000000000000000e+01,1.500000000000000000e+01,4.700000000000000000e+01,1.896468499999999935e+01
4.000603700928999729e+01,-8.303725073681999902e+01,1.250000000000000069e-02,-1.077800000000000091e+00,-1.039950885242800077e-01,-5.445516418899999829e-03,9.715729356751999501e-02,-1.210732587000000082e+00,4.856801040000000014e-01,2.695308173870000132e+02,2.024000000000000000e+03,1.100000000000000000e+01,2.400000000000000000e+01,1.500000000000000000e+01,4.700000000000000000e+01,1.902681000000000111e+01
4.000603701709999882e+01,-8.303725149478999867e+01,4.799999999999999580e-03,-1.073600000000000110e+00,-2.628202048334000174e-01,-1.586852656870799960e-01,8.983907085018000283e-02,-1.204500314999999988e+00,4.994239810000000168e-01,2.695538670409999895e+02,2.024000000000000000e+03,1.100000000000000000e+01,2.400000000000000000e+01,1.500000000000000000e+01,4.700000000000000000e+01,1.908849999999999980e+01
4.000603702056000088e+01,-8.303725262436999799e+01,-4.899999999999999842e-03,-1.063700000000000090e+00,-2.146906831067000032e-01,-2.015730151760800060e-01,7.850038174159999771e-02,-1.221833493000000104e+00,5.233438299999999543e-01,2.695875412720000099e+02,2.024000000000000000e+03,1.100000000000000000e+01,2.400000000000000000e+01,1.500000000000000000e+01,4.700000000000000000e+01,1.915217300000000122e+01
4.000603702002999995e+01,-8.303725299919000236e+01,-4.100000000000000346e-03,-1.062400000000000011e+00,-4.429726049079999763e-03,-1.112720446523799978e-01,3.268410802143999899e-02,-1.232015757000000100e+00,5.329761560000000342e-01,2.696005890370000202e+02,2.024000000000000000e+03,1.100000000000000000e+01,2.400000000000000000e+01,1.500000000000000000e+01,4.700000000000000000e+01,1.921403099999999853e+01
4.000603701834999981e+01,-8.303725399639000671e+01,-3.000000000000000062e-03,-1.059500000000000108e+00,2.589204163758000027e-02,-6.234407724804000295e-02,-6.743281671667999966e-02,-1.254462831999999972e+00,5.491836380000000295e-01,2.696391370420000158e+02,2.024000000000000000e+03,1.100000000000000000e+01,2.400000000000000000e+01,1.500000000000000000e+01,4.700000000000000000e+01,1.927782399999999896e+01
4.000603702003999729e+01,-8.303725498948999473e+01,3.899999999999999821e-03,-1.053500000000000103e+00,1.728903042142400093e-01,-1.635679798073599867e-01,-7.090369952201999726e-02,-1.272303482000000097e+00,5.594313920000000273e-01,2.696741674009999770e+02,2.024000000000000000e+03,1.100000000000000000e+01,2.400000000000000000e+01,1.500000000000000000e+01,4.700000000000000000e+01,1.934029500000000112e+01
4.000603702456000121e+01,-8.303725572995000448e+01,9.199999999999999845e-03,-1.047900000000000054e+00,1.440454150764999830e-01,-1.690496606065000074e-01,-3.063971623393999671e-02,-1.275698530999999969e+00,5.714180150000000014e-01,2.696957173430000125e+02,2.024000000000000000e+03,1.100000000000000000e+01,2.400000000000000000e+01,1.500000000000000000e+01,4.700000000000000000e+01,1.940354100000000059e+01
4.000603703125999999e+01,-8.303725658934000364e+01,8.399999999999999481e-03,-1.042799999999999949e+00,-5.556240889619999679e-02,-1.180701583743399841e-01,5.078336918111999582e-02,-1.273997833999999996e+00,5.863682099999999453e-01,2.697219868220000194e+02,2.024000000000000000e+03,1.100000000000000000e+01,2.400000000000000000e+01,1.500000000000000000e+01,4.700000000000000000e+01,1.946775600000000139e+01
4.000603703702999780e+01,-8.303725732350000044e+01,9.299999999999999239e-03,-1.040999999999999925e+00,6.431875281200000009e-03,-4.740301750712000439e-02,3.298174977519999478e-03,-1.273407665999999994e+00,5.950380629999999504e-01,2.697463274169999750e+02,2.024000000000000000e+03,1.100000000000000000e+01,2.400000000000000000e+01,1.500000000000000000e+01,4.700000000000000000e+01,1.953183599999999842e+01
4.000603704324999654e+01,-8.303725817941000287e+01,7.100000000000000408e-03,-1.041800000000000059e+00,-8.956923173934000504e-02,5.132037691539999974e-02,-7.807089304728000168e-02,-1.273462622999999905e+00,6.063987499999999864e-01,2.697736248990000263e+02,2.024000000000000000e+03,1.100000000000000000e+01,2.400000000000000000e+01,1.500000000000000000e+01,4.700000000000000000e+01,1.959547099999999986e+01
4.000603704705999775e+01,-8.303725891496999623e+01,3.700000000000000164e-03,-1.046399999999999997e+00,-1.329262715265800143e-01,1.776589013099600101e-01,3.880531145299999894e-03,-1.280225267000000056e+00,6.222496990000000450e-01,2.697938691580000068e+02,2.024000000000000000e+03,1.100000000000000000e+01,2.400000000000000000e+01,1.500000000000000000e+01,4.700000000000000000e+01,1.966000100000000117e+01
4.000603704904000324e+01,-8.303725965457999791e+01,1.100000000000000066e-03,-1.053500000000000103e+00,-8.429317018437999798e-02,2.669540894439200174e-01,-6.636447449739998894e-03,-1.295127456999999982e+00,6.358693840000000375e-01,2.698114241920000040e+02,2.024000000000000000e+03,1.100000000000000000e+01,2.400000000000000000e+01,1.500000000000000000e+01,4.700000000000000000e+01,1.972354999999999947e+01
4.000603705190999904e+01,-8.303726052414999970e+01,5.899999999999999863e-03,-1.062000000000000055e+00,1.623118386046799866e-01,2.257504848397200170e-01,7.013260594445999696e-02,-1.311695430999999967e+00,6.408433810000000452e-01,2.698272607679999737e+02,2.024000000000000000e+03,1.100000000000000000e+01,2.400000000000000000e+01,1.500000000000000000e+01,4.700000000000000000e+01,1.978912499999999852e+01
4.000603705708999769e+01,-8.303726127467000140e+01,1.129999999999999928e-02,-1.068300000000000027e+00,1.969452392043399835e-01,1.922419020647599952e-01,8.191246061967999426e-02,-1.314034391999999940e+00,6.396653110000000142e-01,2.698403794220000123e+02,2.024000000000000000e+03,1.100000000000000000e+01,2.400000000000000000e+01,1.500000000000000000e+01,4.700000000000000000e+01,1.985192299999999932e+01
4.000603706567999751e+01,-8.303726215429999513e+01,1.340000000000000045e-02,-1.072300000000000031e+00,2.737555266681999597e-02,9.154466112299999847e-02,7.091286003473999677e-02,-1.309666205000000083e+00,6.384648210000000157e-01,2.698629743089999806e+02,2.024000000000000000e+03,1.100000000000000000e+01,2.400000000000000000e+01,1.500000000000000000e+01,4.700000000000000000e+01,1.991476600000000019e+01
4.000603707402999731e+01,-8.303726291108000623e+01,1.540000000000000049e-02,-1.076500000000000012e+00,7.230008224311999798e-02,1.322812414735399789e-01,-2.273714767800000041e-04,-1.310284985000000013e+00,6.393007889999999804e-01,2.698879598419999866e+02,2.024000000000000000e+03,1.100000000000000000e+01,2.400000000000000000e+01,1.500000000000000000e+01,4.700000000000000000e+01,1.997644499999999823e+01
4.000603707722000024e+01,-8.303726316395000140e+01,1.710000000000000062e-02,-1.077900000000000080e+00,1.259073482224799811e-01,1.383022454957200109e-01,1.641539923802000020e-02,-1.309273276999999958e+00,6.395378149999999540e-01,2.698968373260000249e+02,2.024000000000000000e+03,1.100000000000000000e+01,2.400000000000000000e+01,1.500000000000000000e+01,4.700000000000000000e+01,2.004265200000000036e+01
4.000603708906000122e+01,-8.303726405145999934e+01,1.830000000000000029e-02,-1.082300000000000040e+00,1.640223756317999923e-02,1.170550251950999987e-01,-8.610290419813999840e-02,-1.303042623999999927e+00,6.403230970000000077e-01,2.699256770819999929e+02,2.024000000000000000e+03,1.100000000000000000e+01,2.400000000000000000e+01,1.500000000000000000e+01,4.700000000000000000e+01,2.010590900000000047e+01
4.000603709935000296e+01,-8.303726519788999383e+01,1.089999999999999997e-02,-1.088799999999999990e+00,-1.581930901787599875e-01,1.507519166182400006e-01,-1.121254903443999994e-02,-1.307597920999999941e+00,6.437351839999999603e-01,2.699617877150000140e+02,2.024000000000000000e+03,1.100000000000000000e+01,2.400000000000000000e+01,1.500000000000000000e+01,4.700000000000000000e+01,2.016845999999999961e+01
4.000603710023000303e+01,-8.303726545361000433e+01,9.499999999999999764e-03,-1.090700000000000003e+00,-1.250272200906200060e-01,1.755046876666800093e-01,3.638809243975999613e-02,-1.312662006000000048e+00,6.438538670000000241e-01,2.699708477919999723e+02,2.024000000000000000e+03,1.100000000000000000e+01,2.400000000000000000e+01,1.500000000000000000e+01,4.700000000000000000e+01,2.023139000000000109e+01
4.000603710074000219e+01,-8.303726558156000692e+01,1.020000000000000073e-02,-1.091199999999999948e+00,-5.374448027743999878e-02,1.506786711040399851e-01,-6.907413955780000551e-03,-1.314442432000000105e+00,6.438961659999999920e-01,2.699754366999999888e+02,2.024000000000000000e+03,1.100000000000000000e+01,2.400000000000000000e+01,1.500000000000000000e+01,4.700000000000000000e+01,2.029446099999999831e+01
4.000603710130000223e+01,-8.303726570965000064e+01,1.099999999999999936e-02,-1.092000000000000082e+00,2.894947797293999717e-02,1.490767434738400066e-01,6.172347095038000636e-02,-1.315761385000000061e+00,6.439347949999999488e-01,2.699800840020000123e+02,2.024000000000000000e+03,1.100000000000000000e+01,2.400000000000000000e+01,1.500000000000000000e+01,4.700000000000000000e+01,2.035810999999999993e+01
4.000603710615000352e+01,-8.303726648013000045e+01,1.739999999999999880e-02,-1.096799999999999997e+00,2.525176147392799719e-01,1.396750934007199851e-01,4.010349130207999796e-02,-1.316306707000000076e+00,6.419949870000000169e-01,2.700097880139999802e+02,2.024000000000000000e+03,1.100000000000000000e+01,2.400000000000000000e+01,1.500000000000000000e+01,4.700000000000000000e+01,2.042187099999999944e+01
4.000603711645999994e+01,-8.303726764022999873e+01,2.009999999999999981e-02,-1.101099999999999968e+00,1.128024822119399889e-01,1.106552680800599875e-01,-5.732890004808000040e-02,-1.316133849000000078e+00,6.419546229999999465e-01,2.700548004159999778e+02,2.024000000000000000e+03,1.100000000000000000e+01,2.400000000000000000e+01,1.500000000000000000e+01,4.700000000000000000e+01,2.048611500000000163e+01
4.000603713652999716e+01,-8.303726919833999887e+01,2.479999999999999913e-02,-1.112500000000000044e+00,-1.673242262782000112e-02,1.724776122170399995e-01,-3.826194462745999975e-02,-1.308233302999999959e+00,6.370713799999999649e-01,2.701168853770000169e+02,2.024000000000000000e+03,1.100000000000000000e+01,2.400000000000000000e+01,1.500000000000000000e+01,4.700000000000000000e+01,2.054931300000000149e+01
4.000603715782000336e+01,-8.303727090213999418e+01,1.830000000000000029e-02,-1.120600000000000041e+00,-1.914157318222600157e-01,7.641940280129999596e-02,-4.032586996938000018e-02,-1.307471531000000020e+00,6.238665030000000167e-01,2.701832126310000035e+02,2.024000000000000000e+03,1.100000000000000000e+01,2.400000000000000000e+01,1.500000000000000000e+01,4.700000000000000000e+01,2.061218699999999870e+01
4.000603716711000146e+01,-8.303727195556000140e+01,1.729999999999999941e-02,-1.125299999999999967e+00,-4.924628402559999563e-03,1.367638689771600025e-01,7.354820777720000313e-02,-1.323189284999999993e+00,6.235081479999999843e-01,2.702325065850000101e+02,2.024000000000000000e+03,1.100000000000000000e+01,2.400000000000000000e+01,1.500000000000000000e+01,4.700000000000000000e+01,2.067673299999999870e+01
4.000603717493999767e+01,-8.303727274917000045e+01,1.919999999999999832e-02,-1.130700000000000038e+00,-9.385066573580000404e-03,1.941064885977999976e-01,4.986080474424000458e-02,-1.333512864000000020e+00,6.196249759999999940e-01,2.702743475539999736e+02,2.024000000000000000e+03,1.100000000000000000e+01,2.400000000000000000e+01,1.500000000000000000e+01,4.700000000000000000e+01,2.073995700000000042e+01
4.000603718527000296e+01,-8.303727354627000068e+01,2.560000000000000123e-02,-1.135199999999999987e+00,1.373008560000800182e-01,1.564026337687599855e-01,9.994644316639999387e-03,-1.341138648999999905e+00,6.089802039999999694e-01,2.703210490249999793e+02,2.024000000000000000e+03,1.100000000000000000e+01,2.400000000000000000e+01,1.500000000000000000e+01,4.700000000000000000e+01,2.080297399999999897e+01
4.000603720253000262e+01,-8.303727447868999434e+01,3.579999999999999849e-02,-1.136800000000000033e+00,1.416808481595399904e-01,1.741711597714000123e-02,2.272559436638000099e-02,-1.341607042999999999e+00,5.944263749999999513e-01,2.703839482149999753e+02,2.024000000000000000e+03,1.100000000000000000e+01,2.400000000000000000e+01,1.500000000000000000e+01,4.700000000000000000e+01,2.086553500000000128e+01
4.000603721976000315e+01,-8.303727527846000100e+01,3.819999999999999785e-02,-1.136800000000000033e+00,1.068545260819599996e-01,8.067255942000001179e-03,-5.808953654693999741e-02,-1.336288262999999921e+00,5.885906370000000276e-01,2.704486276910000129e+02,2.024000000000000000e+03,1.100000000000000000e+01,2.400000000000000000e+01,1.500000000000000000e+01,4.700000000000000000e+01,2.092829100000000153e+01
4.000603724132999872e+01,-8.303727621292999572e+01,3.919999999999999873e-02,-1.140500000000000069e+00,5.052008501556000397e-02,1.305468466822599927e-01,-5.946988121917999581e-02,-1.331450529999999910e+00,5.873757600000000245e-01,2.705333538930000259e+02,2.024000000000000000e+03,1.100000000000000000e+01,2.400000000000000000e+01,1.500000000000000000e+01,4.700000000000000000e+01,2.099339000000000155e+01
4.000603724439999809e+01,-8.303727634663999879e+01,3.860000000000000236e-02,-1.140800000000000036e+00,2.402411063195999952e-02,1.209491079758599902e-01,-4.548917032600000021e-02,-1.329884276000000032e+00,5.873355829999999944e-01,2.705465593249999756e+02,2.024000000000000000e+03,1.100000000000000000e+01,2.400000000000000000e+01,1.500000000000000000e+01,4.700000000000000000e+01,2.105536299999999983e+01
4.000603726893000101e+01,-8.303727741891999869e+01,3.760000000000000148e-02,-1.145599999999999952e+00,5.758086327860000367e-03,1.233063956611600009e-01,5.981412532713999836e-02,-1.333373571999999951e+00,5.820346640000000349e-01,2.706544431739999936e+02,2.024000000000000000e+03,1.100000000000000000e+01,2.400000000000000000e+01,1.500000000000000000e+01,4.700000000000000000e+01,2.111790799999999990e+01
4.000603729494000049e+01,-8.303727862844999663e+01,4.100000000000000172e-02,-1.148400000000000087e+00,1.182102774818999946e-01,8.384928065482000203e-02,-3.857864541382000079e-02,-1.346295346000000004e+00,5.803434600000000332e-01,2.707875608439999837e+02,2.024000000000000000e+03,1.100000000000000000e+01,2.400000000000000000e+01,1.500000000000000000e+01,4.700000000000000000e+01,2.118209699999999884e+01
4.000603730787000245e+01,-8.303727916703999767e+01,4.460000000000000075e-02,-1.149499999999999966e+00,1.924013148787800109e-01,7.744723475112000322e-02,-6.033819848779999571e-03,-1.349464819000000038e+00,5.784025240000000290e-01,2.708541905739999720e+02,2.024000000000000000e+03,1.100000000000000000e+01,2.400000000000000000e+01,1.500000000000000000e+01,4.700000000000000000e+01,2.124524200000000107e+01
4.000603733701999687e+01,-8.303728024401000596e+01,5.140000000000000124e-02,-1.147599999999999953e+00,2.374362092267599811e-01,-7.293990639439999757e-02,6.109334465429999694e-02,-1.356373591000000101e+00,5.730597370000000135e-01,2.710074284529999886e+02,2.024000000000000000e+03,1.100000000000000000e+01,2.400000000000000000e+01,1.500000000000000000e+01,4.700000000000000000e+01,2.130756099999999975e+01
4.000603736728000115e+01,-8.303728118239999390e+01,5.859999999999999931e-02,-1.139999999999999902e+00,2.004480502926999919e-01,-2.436011371807000336e-01,3.118049070102000067e-02,-1.361885272000000091e+00,5.692929239999999780e-01,2.711620346369999766e+02,2.024000000000000000e+03,1.100000000000000000e+01,2.400000000000000000e+01,1.500000000000000000e+01,4.700000000000000000e+01,2.137016399999999905e+01
4.000603739707000273e+01,-8.303728198171999964e+01,6.469999999999999363e-02,-1.133299999999999974e+00,1.753854717645799977e-01,-2.363627231917399818e-01,-7.357161621365999882e-02,-1.363632528999999982e+00,5.688839799999999558e-01,2.713066737629999921e+02,2.024000000000000000e+03,1.100000000000000000e+01,2.400000000000000000e+01,1.500000000000000000e+01,4.700000000000000000e+01,2.143358500000000078e+01
4.000603743504999699e+01,-8.303728290883999819e+01,6.930000000000000049e-02,-1.126900000000000013e+00,1.440761091753199885e-01,-1.958608701978200028e-01,-3.673492525167999789e-02,-1.368223457999999892e+00,5.705458319999999750e-01,2.714916574580000201e+02,2.024000000000000000e+03,1.100000000000000000e+01,2.400000000000000000e+01,1.500000000000000000e+01,4.700000000000000000e+01,2.149684799999999996e+01
4.000603746944999983e+01,-8.303728369963999967e+01,7.270000000000000073e-02,-1.122300000000000075e+00,1.768094022445400038e-01,-1.580490640065999874e-01,-1.166306334826000025e-02,-1.378179996999999934e+00,5.693200170000000115e-01,2.716683279989999846e+02,2.024000000000000000e+03,1.100000000000000000e+01,2.400000000000000000e+01,1.500000000000000000e+01,4.700000000000000000e+01,2.156088799999999850e+01
4.000603750676000203e+01,-8.303728448657000172e+01,7.950000000000000122e-02,-1.116700000000000026e+00,2.720503748535200161e-01,-1.621159818314600043e-01,-5.990915020046000405e-02,-1.387497763999999911e+00,5.690533380000000196e-01,2.718635106479999877e+02,2.024000000000000000e+03,1.100000000000000000e+01,2.400000000000000000e+01,1.500000000000000000e+01,4.700000000000000000e+01,2.162288699999999864e+01
4.000603755496000247e+01,-8.303728540116999568e+01,8.759999999999999731e-02,-1.114300000000000068e+00,2.897877241577599960e-01,-2.587712078637999930e-02,-4.300812182337999945e-02,-1.398638494000000065e+00,5.791824190000000039e-01,2.721178238289999740e+02,2.024000000000000000e+03,1.100000000000000000e+01,2.400000000000000000e+01,1.500000000000000000e+01,4.700000000000000000e+01,2.168577000000000155e+01
4.000603760120999652e+01,-8.303728618513000015e+01,9.729999999999999760e-02,-1.116100000000000092e+00,3.850580560548400033e-01,8.367628201791998954e-02,6.928564179373999932e-02,-1.409201015999999917e+00,5.883860699999999833e-01,2.723575433589999761e+02,2.024000000000000000e+03,1.100000000000000000e+01,2.400000000000000000e+01,1.500000000000000000e+01,4.700000000000000000e+01,2.174917400000000001e+01
4.000603765366999909e+01,-8.303728696995999314e+01,1.097000000000000058e-01,-1.116600000000000037e+00,2.333567470661000176e-01,1.264779634527999838e-02,1.800397332219999882e-02,-1.412777269000000002e+00,5.923048300000000044e-01,2.726106293700000265e+02,2.024000000000000000e+03,1.100000000000000000e+01,2.400000000000000000e+01,1.500000000000000000e+01,4.700000000000000000e+01,2.181139299999999892e+01
4.000603772160999938e+01,-8.303728788621999968e+01,1.189000000000000057e-01,-1.117299999999999960e+00,3.001472557167800259e-01,2.190826579753999900e-02,3.438396436440000273e-03,-1.405953800999999892e+00,5.972459449999999448e-01,2.729211833599999864e+02,2.024000000000000000e+03,1.100000000000000000e+01,2.400000000000000000e+01,1.500000000000000000e+01,4.700000000000000000e+01,2.187372299999999825e+01
4.000603778475999661e+01,-8.303728867223999544e+01,1.257000000000000062e-01,-1.118800000000000017e+00,1.638368038411399941e-01,5.591534397068000095e-02,-1.594121184800000035e-02,-1.404888222999999936e+00,6.027984960000000170e-01,2.732012215290000086e+02,2.024000000000000000e+03,1.100000000000000000e+01,2.400000000000000000e+01,1.500000000000000000e+01,4.700000000000000000e+01,2.193705699999999936e+01
4.000603785247999866e+01,-8.303728945899999303e+01,1.355000000000000093e-01,-1.119899999999999896e+00,3.025764351552399645e-01,6.596114504599999429e-02,-2.209647387152000042e-02,-1.401548038000000052e+00,6.083145620000000031e-01,2.734961818959999960e+02,2.024000000000000000e+03,1.100000000000000000e+01,2.400000000000000000e+01,1.500000000000000000e+01,4.700000000000000000e+01,2.200173200000000051e+01
4.000603787634999975e+01,-8.303728972141000497e+01,1.396999999999999909e-01,-1.120000000000000107e+00,3.609429658686000297e-01,5.671391482583999777e-02,-7.299140102139999552e-03,-1.399629344999999914e+00,6.116716519999999546e-01,2.735985350870000161e+02,2.024000000000000000e+03,1.100000000000000000e+01,2.400000000000000000e+01,1.500000000000000000e+01,4.700000000000000000e+01,2.206521800000000155e+01
4.000603801356999867e+01,-8.303729116726999848e+01,1.502999999999999892e-01,-1.123499999999999943e+00,2.489034998872199922e-01,6.875308149624000109e-02,1.308231008789199901e-01,-1.392087322000000071e+00,6.146682540000000250e-01,2.741908644270000082e+02,2.024000000000000000e+03,1.100000000000000000e+01,2.400000000000000000e+01,1.500000000000000000e+01,4.700000000000000000e+01,2.212733199999999911e+01
4.000603809270999989e+01,-8.303729195596000068e+01,1.625000000000000056e-01,-1.122900000000000009e+00,4.948765336780800439e-01,2.031820762027999883e-02,-1.107588139418000037e-02,-1.391742196999999903e+00,6.131160110000000163e-01,2.745292928399999823e+02,2.024000000000000000e+03,1.100000000000000000e+01,2.400000000000000000e+01,1.500000000000000000e+01,4.700000000000000000e+01,2.219242200000000054e+01
4.000603817847999721e+01,-8.303729274373000635e+01,1.739999999999999880e-01,-1.120999999999999996e+00,3.474679244801200384e-01,-2.590999275828000104e-02,-7.645264652982000642e-02,-1.382445957999999919e+00,6.165105739999999779e-01,2.748753140439999925e+02,2.024000000000000000e+03,1.100000000000000000e+01,2.400000000000000000e+01,1.500000000000000000e+01,4.700000000000000000e+01,2.225691399999999831e+01
4.000603828533999717e+01,-8.303729366045999427e+01,1.847999999999999921e-01,-1.118200000000000083e+00,3.364109295557000112e-01,-7.447466479399999541e-04,-7.950094735156000569e-02,-1.370774592000000069e+00,6.282299829999999918e-01,2.752973142149999717e+02,2.024000000000000000e+03,1.100000000000000000e+01,2.400000000000000000e+01,1.500000000000000000e+01,4.700000000000000000e+01,2.232292100000000090e+01
4.000603839901999947e+01,-8.303729457714000262e+01,1.965999999999999970e-01,-1.119899999999999896e+00,4.421869620468000250e-01,1.048041382874000116e-01,2.263607358005999964e-02,-1.360648674999999974e+00,6.356716839999999591e-01,2.757417067360000260e+02,2.024000000000000000e+03,1.100000000000000000e+01,2.400000000000000000e+01,1.500000000000000000e+01,4.700000000000000000e+01,2.238669499999999957e+01
4.000603850228999647e+01,-8.303729536333000283e+01,2.049999999999999878e-01,-1.119099999999999984e+00,3.400769167742200283e-01,1.482365432039999941e-03,7.187235402387999461e-02,-1.345889383999999911e+00,6.357599069999999575e-01,2.761300763159999860e+02,2.024000000000000000e+03,1.100000000000000000e+01,2.400000000000000000e+01,1.500000000000000000e+01,4.700000000000000000e+01,2.244969800000000149e+01
4.000603859169000032e+01,-8.303729601790000459e+01,2.116000000000000103e-01,-1.117499999999999938e+00,3.305598884793599646e-01,-4.443470114362000484e-02,7.845805709531999961e-02,-1.335014538999999889e+00,6.367144230000000293e-01,2.764479733530000090e+02,2.024000000000000000e+03,1.100000000000000000e+01,2.400000000000000000e+01,1.500000000000000000e+01,4.700000000000000000e+01,2.251326500000000053e+01
4.000603873909999919e+01,-8.303729706400000055e+01,2.159999999999999976e-01,-1.116800000000000015e+00,9.817722619616001123e-02,2.831056884599999785e-03,4.339883036297999958e-02,-1.326469319000000091e+00,6.486272010000000421e-01,2.769475237849999871e+02,2.024000000000000000e+03,1.100000000000000000e+01,2.400000000000000000e+01,1.500000000000000000e+01,4.700000000000000000e+01,2.257630899999999841e+01
4.000603885315000241e+01,-8.303729784854000684e+01,2.230000000000000038e-01,-1.116800000000000015e+00,2.491607825457199943e-01,7.540776985259999357e-03,6.699930377619999280e-03,-1.328274471000000068e+00,6.517121959999999659e-01,2.773335089720000042e+02,2.024000000000000000e+03,1.100000000000000000e+01,2.400000000000000000e+01,1.500000000000000000e+01,4.700000000000000000e+01,2.263868400000000136e+01
4.000603897071999882e+01,-8.303729863142000056e+01,2.298000000000000043e-01,-1.112200000000000077e+00,2.953330192045600100e-01,-1.382904796336200115e-01,-2.967642776382000205e-02,-1.329631999000000064e+00,6.547392930000000000e-01,2.777412570359999791e+02,2.024000000000000000e+03,1.100000000000000000e+01,2.400000000000000000e+01,1.500000000000000000e+01,4.700000000000000000e+01,2.270176700000000025e+01
4.000603909301000272e+01,-8.303729941055000552e+01,2.406000000000000083e-01,-1.106800000000000006e+00,4.562314697223400217e-01,-1.115530245573000123e-01,-1.077971495507799998e-01,-1.334018885999999959e+00,6.672664640000000036e-01,2.781675913070000092e+02,2.024000000000000000e+03,1.100000000000000000e+01,2.400000000000000000e+01,1.500000000000000000e+01,4.700000000000000000e+01,2.276573899999999995e+01
4.000603924451999660e+01,-8.303730031611000584e+01,2.570999999999999952e-01,-1.105099999999999971e+00,4.934817195967600156e-01,9.696601161892000331e-02,-5.937253163439999704e-02,-1.332497765000000056e+00,6.919891049999999932e-01,2.786736307790000069e+02,2.024000000000000000e+03,1.100000000000000000e+01,2.400000000000000000e+01,1.500000000000000000e+01,4.700000000000000000e+01,2.282866500000000087e+01
4.000603938354999656e+01,-8.303730109333000087e+01,2.721999999999999975e-01,-1.108500000000000041e+00,4.309661245015600217e-01,2.142360926614599870e-01,4.629612395362000393e-02,-1.324223423000000066e+00,7.061382529999999935e-01,2.791065440379999814e+02,2.024000000000000000e+03,1.100000000000000000e+01,2.400000000000000000e+01,1.500000000000000000e+01,4.700000000000000000e+01,2.289228599999999858e+01
4.000603952902999794e+01,-8.303730187245000138e+01,2.823999999999999844e-01,-1.110200000000000076e+00,3.507899721069200338e-01,1.283338158441200139e-01,2.792589042208000125e-02,-1.312870428999999950e+00,7.087003570000000030e-01,2.795421640459999821e+02,2.024000000000000000e+03,1.100000000000000000e+01,2.400000000000000000e+01,1.500000000000000000e+01,4.700000000000000000e+01,2.295526399999999967e+01
4.000603965351000113e+01,-8.303730252261000544e+01,2.869999999999999774e-01,-1.111199999999999966e+00,2.487402191122800033e-01,6.804349612384000268e-02,1.271746131469999978e-02,-1.302220265000000099e+00,7.079697430000000402e-01,2.799121180550000076e+02,2.024000000000000000e+03,1.100000000000000000e+01,2.400000000000000000e+01,1.500000000000000000e+01,4.700000000000000000e+01,2.301868299999999934e+01
4.000603978000000183e+01,-8.303730317340999534e+01,2.913000000000000034e-01,-1.111900000000000110e+00,1.027820301456000007e-01,7.105417981726000476e-02,-9.400686216867999712e-02,-1.297939801999999920e+00,7.072582790000000452e-01,2.802881683859999953e+02,2.024000000000000000e+03,1.100000000000000000e+01,2.400000000000000000e+01,1.500000000000000000e+01,4.700000000000000000e+01,2.308131300000000152e+01
4.000604004289999693e+01,-8.303730447638000101e+01,3.100999999999999868e-01,-1.111599999999999921e+00,4.088572419785200251e-01,5.889351451501999984e-02,3.362821029291999941e-02,-1.288297655000000042e+00,7.090474070000000184e-01,2.810489097619999939e+02,2.024000000000000000e+03,1.100000000000000000e+01,2.400000000000000000e+01,1.500000000000000000e+01,4.700000000000000000e+01,2.314687899999999843e+01
4.000604012539000109e+01,-8.303730486783000231e+01,3.165000000000000036e-01,-1.111099999999999977e+00,4.026843438329199554e-01,5.225906391047999838e-02,-3.107163732414000221e-02,-1.284244876000000035e+00,7.086704059999999750e-01,2.812763810449999937e+02,2.024000000000000000e+03,1.100000000000000000e+01,2.400000000000000000e+01,1.500000000000000000e+01,4.700000000000000000e+01,2.321378100000000089e+01
4.000604041188999815e+01,-8.303730617232000100e+01,3.363999999999999768e-01,-1.111699999999999910e+00,3.749409285324399876e-01,1.134008532242000017e-01,7.821225993283999200e-02,-1.263720015000000085e+00,7.065911790000000137e-01,2.820401624059999790e+02,2.024000000000000000e+03,1.100000000000000000e+01,2.400000000000000000e+01,1.500000000000000000e+01,4.700000000000000000e+01,2.328153400000000062e+01
4.000604062247000314e+01,-8.303730708595000465e+01,3.488999999999999879e-01,-1.110899999999999999e+00,3.811873408311999833e-01,3.225820051949999934e-02,-2.816752004053999989e-02,-1.247196214999999997e+00,6.993300120000000009e-01,2.825862883120000220e+02,2.024000000000000000e+03,1.100000000000000000e+01,2.400000000000000000e+01,1.500000000000000000e+01,4.700000000000000000e+01,2.334569099999999864e+01
4.000604077831000183e+01,-8.303730773713999724e+01,3.577000000000000179e-01,-1.108300000000000063e+00,2.629047654070399975e-01,-2.408672082505999845e-02,-3.978584513096000003e-02,-1.229600749000000048e+00,6.959642510000000337e-01,2.829799395250000202e+02,2.024000000000000000e+03,1.100000000000000000e+01,2.400000000000000000e+01,1.500000000000000000e+01,4.700000000000000000e+01,2.340875600000000034e+01
4.000604103449000348e+01,-8.303730877789000431e+01,3.691999999999999726e-01,-1.107799999999999896e+00,2.916634435197200115e-01,5.724652281436000412e-02,4.172992087427999930e-02,-1.208498137999999944e+00,6.969339310000000065e-01,2.836116956509999909e+02,2.024000000000000000e+03,1.100000000000000000e+01,2.400000000000000000e+01,1.500000000000000000e+01,4.700000000000000000e+01,2.347467800000000082e+01
4.000604123218000296e+01,-8.303730955851000317e+01,3.800000000000000044e-01,-1.108000000000000096e+00,4.365819924045399869e-01,8.939476296646001185e-02,2.172994799714000197e-02,-1.200861850999999980e+00,6.945102079999999622e-01,2.840878112650000276e+02,2.024000000000000000e+03,1.100000000000000000e+01,2.400000000000000000e+01,1.500000000000000000e+01,4.700000000000000000e+01,2.353773899999999841e+01
4.000604143622999942e+01,-8.303731033825999930e+01,3.912999999999999812e-01,-1.105499999999999927e+00,4.269164583092800447e-01,-3.170228557939999952e-03,1.163233578284000001e-02,-1.184931249999999991e+00,6.892314499999999677e-01,2.845694522590000020e+02,2.024000000000000000e+03,1.100000000000000000e+01,2.400000000000000000e+01,1.500000000000000000e+01,4.700000000000000000e+01,2.360280500000000004e+01
4.000604168120000281e+01,-8.303731124509999972e+01,4.007000000000000006e-01,-1.102300000000000058e+00,2.616307186797600104e-01,5.304508851860000387e-03,-2.638584132617999983e-02,-1.166477328000000036e+00,6.883256730000000267e-01,2.851388789439999982e+02,2.024000000000000000e+03,1.100000000000000000e+01,2.400000000000000000e+01,1.500000000000000000e+01,4.700000000000000000e+01,2.366827599999999876e+01
4.000604189664999666e+01,-8.303731202132000533e+01,4.113999999999999879e-01,-1.102000000000000091e+00,3.700472835310800179e-01,9.310713376022000665e-02,-4.122381197439999728e-03,-1.159861642000000082e+00,6.883893020000000362e-01,2.856333237549999922e+02,2.024000000000000000e+03,1.100000000000000000e+01,2.400000000000000000e+01,1.500000000000000000e+01,4.700000000000000000e+01,2.373290599999999984e+01
4.000604215780000317e+01,-8.303731292503999839e+01,4.315999999999999837e-01,-1.097199999999999953e+00,6.405347648998799270e-01,4.795514085040000068e-03,4.977846180706000517e-02,-1.142708835000000089e+00,6.851555110000000504e-01,2.862161385890000247e+02,2.024000000000000000e+03,1.100000000000000000e+01,2.400000000000000000e+01,1.500000000000000000e+01,4.700000000000000000e+01,2.379719199999999901e+01
4.000604239023000019e+01,-8.303731369583999822e+01,4.425000000000000044e-01,-1.091499999999999915e+00,3.669646464393799823e-01,-8.938343744099999655e-02,6.466115784117999754e-02,-1.113826881000000046e+00,6.838164559999999614e-01,2.867144249300000070e+02,2.024000000000000000e+03,1.100000000000000000e+01,2.400000000000000000e+01,1.500000000000000000e+01,4.700000000000000000e+01,2.386115699999999862e+01
4.000604266741999737e+01,-8.303731459018999317e+01,4.510000000000000120e-01,-1.086500000000000021e+00,2.366030406207999814e-01,-9.524509313999999897e-05,2.071940252572000013e-02,-1.087385574000000021e+00,6.941758989999999852e-01,2.872972009879999860e+02,2.024000000000000000e+03,1.100000000000000000e+01,2.400000000000000000e+01,1.500000000000000000e+01,4.700000000000000000e+01,2.392456599999999867e+01
4.000604286965000256e+01,-8.303731522769000151e+01,4.593999999999999750e-01,-1.086799999999999988e+00,2.702215264431200303e-01,1.292796364764799977e-01,2.889570976020000223e-03,-1.073417268000000035e+00,6.999077569999999637e-01,2.877213447889999998e+02,2.024000000000000000e+03,1.100000000000000000e+01,2.400000000000000000e+01,1.500000000000000000e+01,4.700000000000000000e+01,2.398767199999999988e+01
4.000604299318000301e+01,-8.303731561034000208e+01,4.666000000000000147e-01,-1.087299999999999933e+00,4.036932300470599810e-01,1.511640961270000194e-01,-1.350542550547999959e-02,-1.064043842000000017e+00,6.994137700000000457e-01,2.879807743189999769e+02,2.024000000000000000e+03,1.100000000000000000e+01,2.400000000000000000e+01,1.500000000000000000e+01,4.700000000000000000e+01,2.405069999999999908e+01
4.000604332999999713e+01,-8.303731663246000494e+01,4.814999999999999836e-01,-1.088600000000000012e+00,3.490268951723400348e-01,9.110465429644000468e-02,-1.057892414507399931e-01,-1.030974049999999975e+00,6.845738550000000089e-01,2.886805909610000072e+02,2.024000000000000000e+03,1.100000000000000000e+01,2.400000000000000000e+01,1.500000000000000000e+01,4.700000000000000000e+01,2.411376999999999882e+01
4.000604363355000004e+01,-8.303731752439999525e+01,4.959000000000000075e-01,-1.082000000000000073e+00,5.049216600002199851e-01,-8.984622809283999978e-02,-3.196106894296000395e-02,-1.010323650999999989e+00,6.741376980000000074e-01,2.892903306730000281e+02,2.024000000000000000e+03,1.100000000000000000e+01,2.400000000000000000e+01,1.500000000000000000e+01,4.700000000000000000e+01,2.417708800000000124e+01
4.000604398865999656e+01,-8.303731853716999467e+01,5.066000000000000503e-01,-1.076899999999999968e+00,2.833118546503199942e-01,2.025024547889999957e-02,2.522749967557999864e-02,-9.885759219999999958e-01,6.800167339999999561e-01,2.899854191630000173e+02,2.024000000000000000e+03,1.100000000000000000e+01,2.400000000000000000e+01,1.500000000000000000e+01,4.700000000000000000e+01,2.424056900000000070e+01
4.000604426028999683e+01,-8.303731929552000679e+01,5.144999999999999574e-01,-1.077800000000000091e+00,2.703707482709000187e-01,1.369442177426999918e-01,1.770903803615999847e-02,-9.784668439999999467e-01,6.847890789999999672e-01,2.905207302939999749e+02,2.024000000000000000e+03,1.100000000000000000e+01,2.400000000000000000e+01,1.500000000000000000e+01,4.700000000000000000e+01,2.430372699999999853e+01
4.000604453674999661e+01,-8.303732005509000658e+01,5.243999999999999773e-01,-1.079900000000000082e+00,2.760001851879400059e-01,1.779357100622599996e-01,-3.479708323359999994e-02,-9.770983540000000023e-01,6.783162409999999864e-01,2.910711843830000021e+02,2.024000000000000000e+03,1.100000000000000000e+01,2.400000000000000000e+01,1.500000000000000000e+01,4.700000000000000000e+01,2.436684899999999843e+01
4.000604486876000010e+01,-8.303732093973999895e+01,5.435999999999999721e-01,-1.074699999999999989e+00,5.446093261832199994e-01,4.749076736439999946e-02,-1.573106627720400053e-01,-9.647676229999999631e-01,6.650716810000000256e-01,2.917183174269999881e+02,2.024000000000000000e+03,1.100000000000000000e+01,2.400000000000000000e+01,1.500000000000000000e+01,4.700000000000000000e+01,2.443106399999999923e+01
4.000604521267000280e+01,-8.303732181963999892e+01,5.625999999999999890e-01,-1.068999999999999950e+00,6.434330696590400134e-01,7.492498578903999951e-02,4.731530070860000270e-02,-9.445756429999999648e-01,6.597991610000000229e-01,2.923555946559999938e+02,2.024000000000000000e+03,1.100000000000000000e+01,2.400000000000000000e+01,1.500000000000000000e+01,4.700000000000000000e+01,2.449613099999999832e+01
4.000604551570000211e+01,-8.303732257151000340e+01,5.756999999999999895e-01,-1.067700000000000093e+00,4.862999556532399681e-01,1.722910567522999981e-01,1.001857748876000022e-02,-9.308693919999999622e-01,6.567072269999999490e-01,2.928969235559999902e+02,2.024000000000000000e+03,1.100000000000000000e+01,2.400000000000000000e+01,1.500000000000000000e+01,4.700000000000000000e+01,2.455930199999999886e+01
4.000604587768999920e+01,-8.303732344846000046e+01,5.877999999999999892e-01,-1.067499999999999893e+00,3.240585616043600292e-01,1.206405002749600108e-01,-7.317928846842000623e-02,-9.125702449999999466e-01,6.425926269999999718e-01,2.935359768469999722e+02,2.024000000000000000e+03,1.100000000000000000e+01,2.400000000000000000e+01,1.500000000000000000e+01,4.700000000000000000e+01,2.462371500000000069e+01
4.000604619431000231e+01,-8.303732419821000121e+01,5.965000000000000302e-01,-1.064200000000000035e+00,2.235650558348800110e-01,2.146613450886000057e-02,-6.340520589143999741e-02,-8.906321400000000166e-01,6.320764519999999553e-01,2.940925518209999723e+02,2.024000000000000000e+03,1.100000000000000000e+01,2.400000000000000000e+01,1.500000000000000000e+01,4.700000000000000000e+01,2.468799500000000080e+01
4.000604651647000054e+01,-8.303732494573000622e+01,6.091999999999999638e-01,-1.061099999999999932e+00,4.415581658863399483e-01,1.212403771151600029e-01,5.780009106833999821e-02,-8.720788210000000040e-01,6.277772630000000298e-01,2.946502760710000075e+02,2.024000000000000000e+03,1.100000000000000000e+01,2.400000000000000000e+01,1.500000000000000000e+01,4.700000000000000000e+01,2.475290800000000146e+01
4.000604690328999880e+01,-8.303732581581999739e+01,6.313999999999999613e-01,-1.057800000000000074e+00,6.739486598256200223e-01,1.730693119149399883e-01,9.552280484401999561e-02,-8.470927620000000546e-01,6.144314250000000310e-01,2.952969878979999976e+02,2.024000000000000000e+03,1.100000000000000000e+01,2.400000000000000000e+01,1.500000000000000000e+01,4.700000000000000000e+01,2.481653199999999870e+01
4.000604724491999775e+01,-8.303732655823999664e+01,6.463999999999999746e-01,-1.051500000000000101e+00,5.322777626736799883e-01,-1.314888925752000053e-02,6.394287210500000651e-02,-8.126887240000000290e-01,5.948538519999999608e-01,2.958512306719999856e+02,2.024000000000000000e+03,1.100000000000000000e+01,2.400000000000000000e+01,1.500000000000000000e+01,4.700000000000000000e+01,2.488034100000000137e+01
4.000604765231000215e+01,-8.303732741874000567e+01,6.574999999999999734e-01,-1.044499999999999984e+00,2.876656051450199869e-01,-4.053678671109999659e-02,9.076091723780000883e-03,-7.684235059999999784e-01,5.780788350000000131e-01,2.965008831600000008e+02,2.024000000000000000e+03,1.100000000000000000e+01,2.400000000000000000e+01,1.500000000000000000e+01,4.700000000000000000e+01,2.494411799999999957e+01
4.000604794795000174e+01,-8.303732802959000026e+01,6.655999999999999694e-01,-1.040000000000000036e+00,2.497976138781800026e-01,-2.526188579925999975e-02,-5.898231129876000539e-02,-7.405933559999999805e-01,5.719725079999999906e-01,2.969688665499999729e+02,2.024000000000000000e+03,1.100000000000000000e+01,2.400000000000000000e+01,1.500000000000000000e+01,4.700000000000000000e+01,2.500898400000000166e+01
4.000604812699999968e+01,-8.303732839511999941e+01,6.711000000000000298e-01,-1.038200000000000012e+00,3.737452090563200269e-01,4.543278751746000071e-02,-2.530170658203999973e-02,-7.279487860000000143e-01,5.705446280000000536e-01,2.972512025550000203e+02,2.024000000000000000e+03,1.100000000000000000e+01,2.400000000000000000e+01,1.500000000000000000e+01,4.700000000000000000e+01,2.507446799999999953e+01
4.000604879141999959e+01,-8.303732973604999756e+01,6.825999999999999845e-01,-1.039800000000000058e+00,1.694385985045600007e-01,9.149613309098000857e-02,-8.743317862420000447e-03,-6.931764299999999546e-01,5.484390070000000339e-01,2.982913389120000147e+02,2.024000000000000000e+03,1.100000000000000000e+01,2.400000000000000000e+01,1.500000000000000000e+01,4.700000000000000000e+01,2.513754799999999889e+01
4.000604903704000037e+01,-8.303733022344999881e+01,6.903000000000000247e-01,-1.038599999999999968e+00,3.707358553706999738e-01,1.297557297171199886e-01,4.186372748201999672e-02,-6.913581380000000109e-01,5.418030459999999549e-01,2.986673468870000079e+02,2.024000000000000000e+03,1.100000000000000000e+01,2.400000000000000000e+01,1.500000000000000000e+01,4.700000000000000000e+01,2.520540599999999998e+01
4.000604960004999811e+01,-8.303733131543999946e+01,7.099999999999999645e-01,-1.030000000000000027e+00,6.139191352916800737e-01,4.942091479855999919e-02,6.861332903903999414e-02,-6.758259309999999909e-01,5.206822039999999818e-01,2.995106098580000094e+02,2.024000000000000000e+03,1.100000000000000000e+01,2.400000000000000000e+01,1.500000000000000000e+01,4.700000000000000000e+01,2.526971500000000148e+01
4.000604998471000329e+01,-8.303733203740999613e+01,7.243000000000000549e-01,-1.022000000000000020e+00,6.107107228700000556e-01,9.685522690779999402e-03,4.011734411277999984e-02,-6.602799879999999844e-01,5.102730659999999974e-01,3.000729137540000124e+02,2.024000000000000000e+03,1.100000000000000000e+01,2.400000000000000000e+01,1.500000000000000000e+01,4.700000000000000000e+01,2.533310499999999976e+01
4.000605044193000026e+01,-8.303733287375000316e+01,7.371999999999999664e-01,-1.014599999999999946e+00,5.168386601629200161e-01,-5.109656559000000549e-04,-1.488535886421799848e-01,-6.465996339999999787e-01,4.995271510000000026e-01,3.007343286039999839e+02,2.024000000000000000e+03,1.100000000000000000e+01,2.400000000000000000e+01,1.500000000000000000e+01,4.700000000000000000e+01,2.539746299999999835e+01
4.000605084263000322e+01,-8.303733358451999891e+01,7.540000000000000036e-01,-1.007100000000000106e+00,5.837338411470800459e-01,1.029028863737999899e-01,-1.282477149887399914e-01,-6.294600150000000394e-01,4.962504360000000170e-01,3.013062031929999876e+02,2.024000000000000000e+03,1.100000000000000000e+01,2.400000000000000000e+01,1.500000000000000000e+01,4.700000000000000000e+01,2.546115199999999845e+01
4.000605125087000147e+01,-8.303733429199000682e+01,7.665999999999999481e-01,-1.004000000000000004e+00,4.560419426813400179e-01,1.433198371625799827e-01,1.923016777388000115e-02,-6.074260580000000465e-01,4.907071339999999893e-01,3.018767530690000171e+02,2.024000000000000000e+03,1.100000000000000000e+01,2.400000000000000000e+01,1.500000000000000000e+01,4.700000000000000000e+01,2.552423599999999837e+01
4.000605173451000240e+01,-8.303733511500000475e+01,7.764999999999999680e-01,-1.001100000000000101e+00,2.959879006517600053e-01,6.619062003343999245e-02,4.276890767500000391e-03,-5.863217979999999496e-01,4.816592040000000075e-01,3.025409652370000231e+02,2.024000000000000000e+03,1.100000000000000000e+01,2.400000000000000000e+01,1.500000000000000000e+01,4.700000000000000000e+01,2.558707100000000167e+01
4.000605215371000156e+01,-8.303733581886000081e+01,7.845999999999999641e-01,-9.993999999999999551e-01,3.128081685654799937e-01,1.140780685722199983e-01,1.714650402006800134e-01,-5.772913130000000281e-01,4.751470300000000258e-01,3.031111814650000156e+02,2.024000000000000000e+03,1.100000000000000000e+01,2.400000000000000000e+01,1.500000000000000000e+01,4.700000000000000000e+01,2.565038099999999943e+01
4.000605265144999834e+01,-8.303733663677999743e+01,8.018999999999999462e-01,-9.938000000000000167e-01,5.223747802697200626e-01,1.225847609926200010e-01,5.840692101851999857e-02,-5.623568599999999584e-01,4.640051090000000267e-01,3.037814426140000137e+02,2.024000000000000000e+03,1.100000000000000000e+01,2.400000000000000000e+01,1.500000000000000000e+01,4.700000000000000000e+01,2.571384700000000123e+01
4.000605308576000141e+01,-8.303733733411000628e+01,8.135999999999999899e-01,-9.883999999999999453e-01,4.311030106150800512e-01,5.099474986168000407e-02,-7.514130798256000998e-02,-5.489361990000000135e-01,4.531746839999999943e-01,3.043581206229999907e+02,2.024000000000000000e+03,1.100000000000000000e+01,2.400000000000000000e+01,1.500000000000000000e+01,4.700000000000000000e+01,2.577743699999999905e+01
4.000605352686999794e+01,-8.303733802694999611e+01,8.267999999999999794e-01,-9.810999999999999721e-01,4.935598265432599718e-01,3.855185299847999764e-02,-3.541593694490000055e-02,-5.397651530000000530e-01,4.481492449999999739e-01,3.049370899869999789e+02,2.024000000000000000e+03,1.100000000000000000e+01,2.400000000000000000e+01,1.500000000000000000e+01,4.700000000000000000e+01,2.584334099999999879e+01
4.000605405236999701e+01,-8.303733882756000639e+01,8.477000000000000091e-01,-9.704000000000000403e-01,6.266390007230799863e-01,9.416642939521999156e-02,1.120437884959999981e-03,-5.151066130000000465e-01,4.452848609999999763e-01,3.056158342539999921e+02,2.024000000000000000e+03,1.100000000000000000e+01,2.400000000000000000e+01,1.500000000000000000e+01,4.700000000000000000e+01,2.590754300000000043e+01
4.000605451281000313e+01,-8.303733950707000133e+01,8.635000000000000453e-01,-9.617999999999999883e-01,5.963649167653999328e-01,6.145551083042000845e-02,1.048181429485999933e-01,-4.887267009999999856e-01,4.389571139999999816e-01,3.062022317650000218e+02,2.024000000000000000e+03,1.100000000000000000e+01,2.400000000000000000e+01,1.500000000000000000e+01,4.700000000000000000e+01,2.597259800000000141e+01
4.000605474590999933e+01,-8.303733984490000353e+01,8.689999999999999947e-01,-9.594000000000000306e-01,4.179278642619599915e-01,8.103611666776000533e-02,9.369475422555999244e-02,-4.808725059999999774e-01,4.359078049999999815e-01,3.064985970359999783e+02,2.024000000000000000e+03,1.100000000000000000e+01,2.400000000000000000e+01,1.500000000000000000e+01,4.700000000000000000e+01,2.603662800000000033e+01
4.000605521672000009e+01,-8.303734051634999958e+01,8.786000000000000476e-01,-9.516999999999999904e-01,2.556657963298400449e-01,-1.208112878645999956e-02,-9.587024836217999946e-02,-4.514332719999999965e-01,4.254229669999999852e-01,3.071007486999999969e+02,2.024000000000000000e+03,1.100000000000000000e+01,2.400000000000000000e+01,1.500000000000000000e+01,4.700000000000000000e+01,2.609946400000000111e+01
4.000605577150000158e+01,-8.303734129414000620e+01,8.884999999999999565e-01,-9.452000000000000401e-01,1.760991366731199936e-01,3.718555580216000023e-02,-8.730695519124000159e-02,-4.213272840000000241e-01,4.127500139999999984e-01,3.078222722919999796e+02,2.024000000000000000e+03,1.100000000000000000e+01,2.400000000000000000e+01,1.500000000000000000e+01,4.700000000000000000e+01,2.616297399999999840e+01
4.000605593041999697e+01,-8.303734151547000408e+01,8.900000000000000133e-01,-9.439999999999999503e-01,1.580462391265999855e-01,-3.607326014980000422e-03,-1.689555436150800005e-01,-4.208858930000000109e-01,4.089112759999999902e-01,3.080318166540000107e+02,2.024000000000000000e+03,1.100000000000000000e+01,2.400000000000000000e+01,1.500000000000000000e+01,4.700000000000000000e+01,2.622653899999999894e+01
4.000605706064000344e+01,-8.303734304232000341e+01,9.194999999999999840e-01,-9.136999999999999567e-01,7.854320377096200012e-01,-1.156498610849600039e-01,3.244485465332000440e-02,-3.977913470000000173e-01,3.840757920000000269e-01,3.095028407070000185e+02,2.024000000000000000e+03,1.100000000000000000e+01,2.400000000000000000e+01,1.500000000000000000e+01,4.700000000000000000e+01,2.629097000000000151e+01
4.000605755598000002e+01,-8.303734368140000299e+01,9.281000000000000361e-01,-9.032999999999999918e-01,5.437908697421000026e-01,-9.265117156938000587e-02,1.144044466200399984e-01,-3.846905820000000031e-01,3.759984659999999757e-01,3.101385279539999829e+02,2.024000000000000000e+03,1.100000000000000000e+01,2.400000000000000000e+01,1.500000000000000000e+01,4.700000000000000000e+01,2.635523999999999845e+01
4.000605814125000137e+01,-8.303734441731999993e+01,9.418999999999999595e-01,-8.908000000000000362e-01,5.310614439301399869e-01,-2.555251869356000086e-02,-8.476169570377999063e-02,-3.752078560000000063e-01,3.653603510000000276e-01,3.108962724670000171e+02,2.024000000000000000e+03,1.100000000000000000e+01,2.400000000000000000e+01,1.500000000000000000e+01,4.700000000000000000e+01,2.641918499999999881e+01
4.000605873709999827e+01,-8.303734513982999488e+01,9.596999999999999975e-01,-8.729999999999999982e-01,6.833324887686800242e-01,-3.799598684924000019e-02,-4.298011663784000180e-02,-3.459643310000000138e-01,3.530828429999999796e-01,3.116651131140000075e+02,2.024000000000000000e+03,1.100000000000000000e+01,2.400000000000000000e+01,1.500000000000000000e+01,4.700000000000000000e+01,2.648478300000000019e+01
4.000605925453999845e+01,-8.303734574944999736e+01,9.677999999999999936e-01,-8.619999999999999885e-01,4.560042255823799628e-01,-9.308594574614000028e-02,6.851059434732000020e-02,-3.186924409999999930e-01,3.439369669999999823e-01,3.123239344360000018e+02,2.024000000000000000e+03,1.100000000000000000e+01,2.400000000000000000e+01,1.500000000000000000e+01,4.700000000000000000e+01,2.654799399999999920e+01
4.000605977504999800e+01,-8.303734635323000646e+01,9.720999999999999641e-01,-8.554000000000000492e-01,3.105015628851600096e-01,-5.295962085054000540e-02,7.178143649625999545e-02,-3.095788340000000249e-01,3.393390740000000183e-01,3.129780611240000212e+02,2.024000000000000000e+03,1.100000000000000000e+01,2.400000000000000000e+01,1.500000000000000000e+01,4.700000000000000000e+01,2.661384999999999934e+01
4.000606038808999898e+01,-8.303734705111999403e+01,9.861999999999999655e-01,-8.464000000000000412e-01,5.096343990245799649e-01,1.244261066731199988e-01,-2.499195904347999847e-02,-3.014090150000000023e-01,3.340453509999999904e-01,3.137400106759999971e+02,2.024000000000000000e+03,1.100000000000000000e+01,2.400000000000000000e+01,1.500000000000000000e+01,4.700000000000000000e+01,2.667853300000000161e+01
4.000606101220999733e+01,-8.303734773934999680e+01,1.005600000000000049e+00,-8.317999999999999838e-01,7.323841346930999308e-01,7.155438367415999090e-02,1.186989086801999889e-02,-2.749954530000000008e-01,3.147285049999999917e-01,3.145050597979999907e+02,2.024000000000000000e+03,1.100000000000000000e+01,2.400000000000000000e+01,1.500000000000000000e+01,4.700000000000000000e+01,2.674488200000000049e+01
4.000606155522000051e+01,-8.303734831926000481e+01,1.015500000000000069e+00,-8.185999999999999943e-01,5.318373816551399402e-01,-8.730933302755999881e-02,-1.043505999940000095e-01,-2.456581039999999883e-01,2.938527000000000222e-01,3.151611738949999904e+02,2.024000000000000000e+03,1.100000000000000000e+01,2.400000000000000000e+01,1.500000000000000000e+01,4.700000000000000000e+01,2.680982500000000002e+01
4.000606219640000205e+01,-8.303734898284000110e+01,1.030399999999999983e+00,-8.001000000000000334e-01,7.057814881303600130e-01,-3.821853413403999977e-02,-1.889964731523999936e-02,-2.139180099999999918e-01,2.779092519999999955e-01,3.159279940640000177e+02,2.024000000000000000e+03,1.100000000000000000e+01,2.400000000000000000e+01,1.500000000000000000e+01,4.700000000000000000e+01,2.687414499999999862e+01
4.000606275410999757e+01,-8.303734953989000189e+01,1.044399999999999995e+00,-7.859000000000000430e-01,6.718865415614999614e-01,2.251124073801999761e-02,7.268126536218000311e-02,-1.744079789999999908e-01,2.655423659999999741e-01,3.165869696969999723e+02,2.024000000000000000e+03,1.100000000000000000e+01,2.400000000000000000e+01,1.500000000000000000e+01,4.700000000000000000e+01,2.693826500000000124e+01
4.000606331806000071e+01,-8.303735008891000291e+01,1.053299999999999903e+00,-7.766999999999999460e-01,4.183132022454999488e-01,5.681442972020000169e-03,9.632456087797999778e-02,-1.276965409999999967e-01,2.498955690000000118e-01,3.172455411810000214e+02,2.024000000000000000e+03,1.100000000000000000e+01,2.400000000000000000e+01,1.500000000000000000e+01,4.700000000000000000e+01,2.700500600000000162e+01
4.000606360111999749e+01,-8.303735036199999797e+01,1.053900000000000059e+00,-7.763999999999999790e-01,1.161532713654400001e-01,1.344118350037999850e-02,-5.940356659955999680e-02,-1.116193830000000026e-01,2.424246519999999905e-01,3.175743929070000036e+02,2.024000000000000000e+03,1.100000000000000000e+01,2.400000000000000000e+01,1.500000000000000000e+01,4.700000000000000000e+01,2.707166300000000092e+01
4.000606454594999661e+01,-8.303735126883999840e+01,1.054899999999999949e+00,-7.714999999999999636e-01,1.065352271875399937e-01,-8.721240473671999782e-02,-2.514971493267999930e-02,-1.118936989999999992e-01,2.229117760000000059e-01,3.186752229969999917e+02,2.024000000000000000e+03,1.100000000000000000e+01,2.400000000000000000e+01,1.500000000000000000e+01,4.700000000000000000e+01,2.713986600000000138e+01
4.000606501944000115e+01,-8.303735171776999380e+01,1.058100000000000041e+00,-7.648000000000000353e-01,3.158158027385999933e-01,-5.003239047831999770e-02,-2.857814265827999731e-02,-1.287582130000000102e-01,2.225259039999999966e-01,3.192314462800000001e+02,2.024000000000000000e+03,1.100000000000000000e+01,2.400000000000000000e+01,1.500000000000000000e+01,4.700000000000000000e+01,2.720469999999999899e+01
4.000606587784999846e+01,-8.303735251604000212e+01,1.071900000000000075e+00,-7.517000000000000348e-01,5.243948909888200838e-01,1.024720234013200143e-01,-3.074467703560000188e-03,-1.717563789999999868e-01,2.224530720000000017e-01,3.202397099039999944e+02,2.024000000000000000e+03,1.100000000000000000e+01,2.400000000000000000e+01,1.500000000000000000e+01,4.700000000000000000e+01,2.726856000000000080e+01
4.000606645922000126e+01,-8.303735303794999822e+01,1.090000000000000080e+00,-7.348999999999999977e-01,9.067523803530800341e-01,1.148630125382199968e-01,-2.695602566966000257e-02,-1.993552869999999921e-01,2.138049419999999978e-01,3.209108670879999750e+02,2.024000000000000000e+03,1.100000000000000000e+01,2.400000000000000000e+01,1.500000000000000000e+01,4.700000000000000000e+01,2.733316999999999908e+01
4.000606714956000332e+01,-8.303735363040000550e+01,1.108899999999999997e+00,-7.110999999999999543e-01,9.126518460501399366e-01,-5.420161940197999739e-02,-1.777043184139999801e-02,-2.051045770000000101e-01,1.948040000000000049e-01,3.216889109400000279e+02,2.024000000000000000e+03,1.100000000000000000e+01,2.400000000000000000e+01,1.500000000000000000e+01,4.700000000000000000e+01,2.739670900000000131e+01
4.000606774863000226e+01,-8.303735412320999387e+01,1.117299999999999960e+00,-6.937999999999999723e-01,6.056238212172800894e-01,-1.425103895500200168e-01,5.535831371493999536e-02,-1.961907930000000022e-01,1.847891369999999922e-01,3.223552788299999747e+02,2.024000000000000000e+03,1.100000000000000000e+01,2.400000000000000000e+01,1.500000000000000000e+01,4.700000000000000000e+01,2.746112499999999912e+01
4.000606845357000196e+01,-8.303735468520000040e+01,1.128600000000000048e+00,-6.792000000000000259e-01,5.637871688262000580e-01,4.456571821713999765e-02,-2.335438751079999854e-03,-1.909733919999999918e-01,1.813304000000000027e-01,3.231370660079999766e+02,2.024000000000000000e+03,1.100000000000000000e+01,2.400000000000000000e+01,1.500000000000000000e+01,4.700000000000000000e+01,2.752523100000000156e+01
4.000606906456000189e+01,-8.303735515774999953e+01,1.141299999999999981e+00,-6.675999999999999712e-01,5.893254650247400361e-01,1.052061981000200069e-01,1.670301467466000014e-02,-1.772360279999999899e-01,1.725053639999999944e-01,3.238150535369999830e+02,2.024000000000000000e+03,1.100000000000000000e+01,2.400000000000000000e+01,1.500000000000000000e+01,4.700000000000000000e+01,2.759040399999999948e+01
4.000606968185000056e+01,-8.303735562414999549e+01,1.151999999999999913e+00,-6.606999999999999540e-01,4.311581421253599666e-01,1.227223008362600121e-01,-7.088469458365999343e-02,-1.619530799999999993e-01,1.561133590000000071e-01,3.244955326529999979e+02,2.024000000000000000e+03,1.100000000000000000e+01,2.400000000000000000e+01,1.500000000000000000e+01,4.700000000000000000e+01,2.765404900000000055e+01
4.000607040815000204e+01,-8.303735616240000184e+01,1.161100000000000021e+00,-6.533999999999999808e-01,3.378465531890799678e-01,8.736487942246000393e-02,-2.655489670023999590e-02,-1.594878359999999939e-01,1.321956079999999922e-01,3.252870943990000114e+02,2.024000000000000000e+03,1.100000000000000000e+01,2.400000000000000000e+01,1.500000000000000000e+01,4.700000000000000000e+01,2.771738500000000016e+01
4.000607103614999716e+01,-8.303735661604000029e+01,1.171399999999999997e+00,-6.405999999999999472e-01,5.462823754039399793e-01,6.671534350206000108e-02,-3.854786900990000292e-02,-1.685302250000000057e-01,1.137735279999999988e-01,3.259618375140000239e+02,2.024000000000000000e+03,1.100000000000000000e+01,2.400000000000000000e+01,1.500000000000000000e+01,4.700000000000000000e+01,2.778199899999999900e+01
4.000607177557999705e+01,-8.303735713272999419e+01,1.181899999999999951e+00,-6.228000000000000203e-01,6.059938666687400000e-01,-3.841533246157999987e-02,-4.310962470860000076e-03,-1.695141129999999940e-01,9.619892100000000668e-02,3.267521963899999946e+02,2.024000000000000000e+03,1.100000000000000000e+01,2.400000000000000000e+01,1.500000000000000000e+01,4.700000000000000000e+01,2.784688399999999930e+01
4.000607241409999659e+01,-8.303735756545999891e+01,1.189599999999999991e+00,-6.107000000000000206e-01,4.872236890123200492e-01,6.202761413839999807e-03,2.111043855542000039e-02,-1.695915829999999902e-01,8.610131099999999982e-02,3.274342509919999884e+02,2.024000000000000000e+03,1.100000000000000000e+01,2.400000000000000000e+01,1.500000000000000000e+01,4.700000000000000000e+01,2.791186400000000134e+01
4.000607316592999751e+01,-8.303735805821999350e+01,1.204099999999999948e+00,-5.937000000000000055e-01,6.363603506626599460e-01,1.297611714720599829e-01,2.182970353316000117e-02,-1.776031200000000032e-01,7.097032600000000024e-02,3.282316675650000093e+02,2.024000000000000000e+03,1.100000000000000000e+01,2.400000000000000000e+01,1.500000000000000000e+01,4.700000000000000000e+01,2.797560800000000114e+01
4.000607338230999943e+01,-8.303735819677000052e+01,1.207300000000000040e+00,-5.901999999999999469e-01,5.258668947499999247e-01,1.076347173967400067e-01,-1.028460746033200007e-01,-1.795019979999999959e-01,6.417570599999999903e-02,3.284598033679999958e+02,2.024000000000000000e+03,1.100000000000000000e+01,2.400000000000000000e+01,1.500000000000000000e+01,4.700000000000000000e+01,2.803973299999999824e+01
4.000607403715000032e+01,-8.303735860474000674e+01,1.221500000000000030e+00,-5.746999999999999886e-01,5.742080609592199458e-01,8.931300020273999496e-02,-1.648681131463999860e-01,-1.774154259999999872e-01,4.232556199999999713e-02,3.291445142009999927e+02,2.024000000000000000e+03,1.100000000000000000e+01,2.400000000000000000e+01,1.500000000000000000e+01,4.700000000000000000e+01,2.810447999999999880e+01
4.000607503151000088e+01,-8.303735919569000146e+01,1.238199999999999967e+00,-5.487999999999999545e-01,6.991937598029399625e-01,1.021003374897999985e-02,2.868636125181999938e-02,-1.488661139999999938e-01,8.647167000000000742e-03,3.301680181980000270e+02,2.024000000000000000e+03,1.100000000000000000e+01,2.400000000000000000e+01,1.500000000000000000e+01,4.700000000000000000e+01,2.816951200000000100e+01
4.000607558787000073e+01,-8.303735951468999588e+01,1.244899999999999896e+00,-5.365999999999999659e-01,6.288492274046599828e-01,1.185507249538000039e-02,-1.384970325093999935e-02,-1.343400959999999922e-01,-1.679848000000000062e-03,3.307353905009999835e+02,2.024000000000000000e+03,1.100000000000000000e+01,2.400000000000000000e+01,1.500000000000000000e+01,4.700000000000000000e+01,2.823333399999999926e+01
4.000607671049999681e+01,-8.303736013338000532e+01,1.259200000000000097e+00,-5.182999999999999829e-01,4.718310337690599932e-01,1.077305549812599961e-01,1.022317315579600039e-01,-1.117847690000000060e-01,-2.283442800000000036e-02,3.318797426539999833e+02,2.024000000000000000e+03,1.100000000000000000e+01,2.400000000000000000e+01,1.500000000000000000e+01,4.700000000000000000e+01,2.829816299999999885e+01
4.000607739067999802e+01,-8.303736049536999531e+01,1.267900000000000027e+00,-5.079000000000000181e-01,5.099546145712999801e-01,4.932740738230000782e-02,2.037793812590000045e-02,-1.053861559999999947e-01,-4.117080099999999993e-02,3.325712556739999854e+02,2.024000000000000000e+03,1.100000000000000000e+01,2.400000000000000000e+01,1.500000000000000000e+01,4.700000000000000000e+01,2.836409700000000100e+01
4.000607818950999928e+01,-8.303736090553999816e+01,1.275400000000000089e+00,-4.894000000000000017e-01,5.618606016323199892e-01,-1.014420460337999985e-01,-1.710643733009999806e-02,-9.272639100000000523e-02,-5.657126400000000305e-02,3.333713210290000006e+02,2.024000000000000000e+03,1.100000000000000000e+01,2.400000000000000000e+01,1.500000000000000000e+01,4.700000000000000000e+01,2.842971899999999863e+01
4.000607899226999820e+01,-8.303736130196999454e+01,1.280200000000000005e+00,-4.772000000000000131e-01,3.132052795007400081e-01,-2.438650804702000019e-02,5.118022751776000329e-02,-8.114579800000000509e-02,-6.057379300000000077e-02,3.341674398870000005e+02,2.024000000000000000e+03,1.100000000000000000e+01,2.400000000000000000e+01,1.500000000000000000e+01,4.700000000000000000e+01,2.849445100000000153e+01
4.000607956806999965e+01,-8.303736157948000596e+01,1.286599999999999966e+00,-4.686000000000000165e-01,4.360482250334999921e-01,9.002238608451999802e-02,1.425986574224000214e-02,-8.843335099999999338e-02,-6.618537500000000462e-02,3.347389007209999932e+02,2.024000000000000000e+03,1.100000000000000000e+01,2.400000000000000000e+01,1.500000000000000000e+01,4.700000000000000000e+01,2.855859600000000142e+01
4.000608049446999814e+01,-8.303736200906000420e+01,1.293400000000000105e+00,-4.460999999999999965e-01,5.682328479052800585e-01,-1.198585521084199884e-01,-1.132095014336200051e-01,-9.542207299999999615e-02,-9.585136800000000623e-02,3.356565180640000108e+02,2.024000000000000000e+03,1.100000000000000000e+01,2.400000000000000000e+01,1.500000000000000000e+01,4.700000000000000000e+01,2.862661800000000056e+01
4.000608119052999712e+01,-8.303736231694000480e+01,1.292200000000000015e+00,-4.283000000000000140e-01,5.148225580075800334e-01,-2.794060184289399729e-01,-1.663691873911399832e-01,-9.545211200000000562e-02,-1.147845090000000068e-01,3.363405456899999990e+02,2.024000000000000000e+03,1.100000000000000000e+01,2.400000000000000000e+01,1.500000000000000000e+01,4.700000000000000000e+01,2.869348499999999902e+01
4.000608200079999932e+01,-8.303736265854000465e+01,1.287900000000000045e+00,-4.015000000000000235e-01,7.642618301858600249e-01,-4.395821115140799984e-01,-3.265979263801999793e-02,-9.522204800000000358e-02,-1.172940580000000066e-01,3.371338602999999807e+02,2.024000000000000000e+03,1.100000000000000000e+01,2.400000000000000000e+01,1.500000000000000000e+01,4.700000000000000000e+01,2.875841199999999986e+01
4.000608269445999809e+01,-8.303736293289999537e+01,1.289099999999999913e+00,-3.778000000000000247e-01,7.761888574745799962e-01,-2.210864777622000010e-01,6.427198017001999053e-02,-8.100636499999999685e-02,-1.050095449999999958e-01,3.378105297349999887e+02,2.024000000000000000e+03,1.100000000000000000e+01,2.400000000000000000e+01,1.500000000000000000e+01,4.700000000000000000e+01,2.882267500000000027e+01
4.000608350532999680e+01,-8.303736323788000107e+01,1.292599999999999971e+00,-3.635999999999999788e-01,4.505767229635400106e-01,-4.807947312904000542e-02,6.162778607305999939e-02,-5.884838299999999717e-02,-1.005369049999999959e-01,3.385994255790000125e+02,2.024000000000000000e+03,1.100000000000000000e+01,2.400000000000000000e+01,1.500000000000000000e+01,4.700000000000000000e+01,2.888699300000000036e+01
4.000608420196000026e+01,-8.303736348693999503e+01,1.294200000000000017e+00,-3.437000000000000055e-01,6.403835112558800002e-01,-1.938727731938399979e-01,-6.380462226139999894e-03,-3.797912800000000089e-02,-1.098209049999999964e-01,3.392702430740000068e+02,2.024000000000000000e+03,1.100000000000000000e+01,2.400000000000000000e+01,1.500000000000000000e+01,4.700000000000000000e+01,2.895065299999999908e+01
4.000608478265999679e+01,-8.303736368328000594e+01,1.293199999999999905e+00,-3.265000000000000124e-01,6.112903809247999254e-01,-2.639643877983600118e-01,3.096207594105999938e-02,-9.213311999999999544e-03,-1.171103480000000030e-01,3.398209942159999741e+02,2.024000000000000000e+03,1.100000000000000000e+01,2.400000000000000000e+01,1.500000000000000000e+01,4.700000000000000000e+01,2.901569200000000137e+01
4.000608547883999933e+01,-8.303736390865999795e+01,1.292100000000000026e+00,-3.151999999999999802e-01,2.845869682108199683e-01,-1.330018796398200198e-01,-2.199146522518000135e-02,2.148108899999999835e-02,-1.192248820000000042e-01,3.404758251640000140e+02,2.024000000000000000e+03,1.100000000000000000e+01,2.400000000000000000e+01,1.500000000000000000e+01,4.700000000000000000e+01,2.908098800000000139e+01
4.000608640816999895e+01,-8.303736419854999440e+01,1.295400000000000107e+00,-3.040999999999999814e-01,3.006738717866400123e-01,-1.685335738113999740e-02,-8.293956470549999904e-02,3.431884100000000271e-02,-1.281558899999999945e-01,3.413494894039999963e+02,2.024000000000000000e+03,1.100000000000000000e+01,2.400000000000000000e+01,1.500000000000000000e+01,4.700000000000000000e+01,2.914580000000000126e+01
4.000608699051999650e+01,-8.303736437028000239e+01,1.297199999999999909e+00,-2.923000000000000043e-01,4.750685706535600072e-01,-8.918179454859999356e-02,-6.883502789022000190e-02,4.363890200000000025e-02,-1.373755379999999915e-01,3.419006499650000137e+02,2.024000000000000000e+03,1.100000000000000000e+01,2.400000000000000000e+01,1.500000000000000000e+01,4.700000000000000000e+01,2.921103199999999944e+01
4.000608804032999899e+01,-8.303736466035999797e+01,1.299299999999999899e+00,-2.680000000000000160e-01,5.145477299703800078e-01,-1.233074904076399969e-01,-5.233295330656000111e-02,6.582826099999999903e-02,-1.341517600000000088e-01,3.428871549859999845e+02,2.024000000000000000e+03,1.100000000000000000e+01,2.400000000000000000e+01,1.500000000000000000e+01,4.700000000000000000e+01,2.927547699999999864e+01
4.000608874219000199e+01,-8.303736484021000308e+01,1.304400000000000004e+00,-2.541999999999999815e-01,4.547996764862800023e-01,4.193750997555999865e-02,7.066201280737999246e-02,7.837345499999999465e-02,-1.253583080000000016e-01,3.435353361109999923e+02,2.024000000000000000e+03,1.100000000000000000e+01,2.400000000000000000e+01,1.500000000000000000e+01,4.700000000000000000e+01,2.934016499999999894e+01
4.000608944723000349e+01,-8.303736501119999502e+01,1.310999999999999943e+00,-2.421000000000000096e-01,4.303756986087200476e-01,9.834786120635999329e-02,1.031812887809999968e-01,9.121075400000000499e-02,-1.251117250000000070e-01,3.441797292520000155e+02,2.024000000000000000e+03,1.100000000000000000e+01,2.400000000000000000e+01,1.500000000000000000e+01,4.700000000000000000e+01,2.940428599999999904e+01
4.000609027472000179e+01,-8.303736520052000003e+01,1.319399999999999906e+00,-2.283999999999999919e-01,4.499482600161800461e-01,1.071538844649599920e-01,1.835969001130199896e-01,1.063626220000000039e-01,-1.356930749999999963e-01,3.449187158390000150e+02,2.024000000000000000e+03,1.100000000000000000e+01,2.400000000000000000e+01,1.500000000000000000e+01,4.700000000000000000e+01,2.946974200000000010e+01
4.000609110604000307e+01,-8.303736537996999800e+01,1.324799999999999978e+00,-2.180999999999999883e-01,3.258214179495599883e-01,1.172078020636199980e-01,-1.414693405990000152e-02,1.210251610000000061e-01,-1.445498889999999870e-01,3.456302428280000072e+02,2.024000000000000000e+03,1.100000000000000000e+01,2.400000000000000000e+01,1.500000000000000000e+01,4.700000000000000000e+01,2.953516600000000025e+01
4.000609182296999933e+01,-8.303736552572000562e+01,1.334899999999999975e+00,-2.061999999999999944e-01,4.587669930379599803e-01,2.585761134787600279e-01,-4.012883776356000048e-02,1.323593799999999987e-01,-1.510198319999999927e-01,3.462214145309999935e+02,2.024000000000000000e+03,1.100000000000000000e+01,2.400000000000000000e+01,1.500000000000000000e+01,4.700000000000000000e+01,2.960015500000000088e+01
4.000609266480000059e+01,-8.303736568754000302e+01,1.341099999999999959e+00,-1.945000000000000062e-01,4.225255890287399896e-01,4.666773017939999935e-02,-3.540711290471999784e-02,1.471441759999999876e-01,-1.671815470000000137e-01,3.469002563569999893e+02,2.024000000000000000e+03,1.100000000000000000e+01,2.400000000000000000e+01,1.500000000000000000e+01,4.700000000000000000e+01,2.966497599999999935e+01
4.000609338876999743e+01,-8.303736581727000043e+01,1.344300000000000050e+00,-1.849999999999999978e-01,2.150130703118599829e-01,7.050935280063999611e-02,6.088073141497999524e-02,1.639848379999999939e-01,-1.766148379999999962e-01,3.474776128620000009e+02,2.024000000000000000e+03,1.100000000000000000e+01,2.400000000000000000e+01,1.500000000000000000e+01,4.700000000000000000e+01,2.973026700000000133e+01
4.000609423702000100e+01,-8.303736595972999623e+01,1.352800000000000002e+00,-1.731000000000000039e-01,2.923142695028599913e-01,2.265339786382400133e-01,2.653282267061999808e-02,1.673311969999999871e-01,-1.872249239999999870e-01,3.481466764400000216e+02,2.024000000000000000e+03,1.100000000000000000e+01,2.400000000000000000e+01,1.500000000000000000e+01,4.700000000000000000e+01,2.979755700000000118e+01
4.000609496925000030e+01,-8.303736607269999581e+01,1.362500000000000044e+00,-1.570000000000000007e-01,6.016610030253199959e-01,1.621467851372200009e-01,-3.880500297667999893e-02,1.666584929999999909e-01,-2.044970630000000067e-01,3.487196488270000145e+02,2.024000000000000000e+03,1.100000000000000000e+01,2.400000000000000000e+01,1.500000000000000000e+01,4.700000000000000000e+01,2.986299700000000001e+01
4.000609582853999768e+01,-8.303736619122000207e+01,1.369099999999999984e+00,-1.388000000000000067e-01,5.844117167174199823e-01,8.040621009864000468e-02,-1.481294305431399838e-01,1.854043509999999950e-01,-2.280617010000000056e-01,3.493833428460000050e+02,2.024000000000000000e+03,1.100000000000000000e+01,2.400000000000000000e+01,1.500000000000000000e+01,4.700000000000000000e+01,2.992795200000000122e+01
4.000609669111999978e+01,-8.303736629921000656e+01,1.372900000000000009e+00,-1.323000000000000009e-01,1.816419557630599979e-01,1.048259502652399977e-01,-5.956487169300000301e-02,2.045196210000000125e-01,-2.434414109999999964e-01,3.500469875160000015e+02,2.024000000000000000e+03,1.100000000000000000e+01,2.400000000000000000e+01,1.500000000000000000e+01,4.700000000000000000e+01,2.999292600000000064e+01
4.000609681457000022e+01,-8.303736631415999625e+01,1.373599999999999932e+00,-1.312000000000000111e-01,1.518475975632400110e-01,8.883337371881999678e-02,-6.931011869349999743e-02,2.045394919999999894e-01,-2.456127909999999970e-01,3.501418250199999989e+02,2.024000000000000000e+03,1.100000000000000000e+01,2.400000000000000000e+01,1.500000000000000000e+01,4.700000000000000000e+01,3.005802500000000066e+01
4.000609793070999842e+01,-8.303736644827999669e+01,1.386200000000000099e+00,-1.267999999999999960e-01,2.578766089121399818e-01,2.893754739464000081e-01,-6.551727489285999462e-02,1.645326920000000082e-01,-2.636043029999999843e-01,3.509999152710000203e+02,2.024000000000000000e+03,1.100000000000000000e+01,2.400000000000000000e+01,1.500000000000000000e+01,4.700000000000000000e+01,3.012325200000000081e+01
4.000609843019000067e+01,-8.303736650432000488e+01,1.392600000000000060e+00,-1.184999999999999942e-01,4.256825650738400579e-01,2.351305195305999907e-01,-7.091044771724000495e-02,1.455629119999999888e-01,-2.787059330000000168e-01,3.513787802960000022e+02,2.024000000000000000e+03,1.100000000000000000e+01,2.400000000000000000e+01,1.500000000000000000e+01,4.700000000000000000e+01,3.018823799999999835e+01
4.000609956123000188e+01,-8.303736661220999338e+01,1.403899999999999926e+00,-9.039999999999999425e-02,5.809009516596399525e-01,1.337229238674799980e-01,1.856808633396200003e-01,1.344476779999999871e-01,-3.090116130000000183e-01,3.522153170990000035e+02,2.024000000000000000e+03,1.100000000000000000e+01,2.400000000000000000e+01,1.500000000000000000e+01,4.700000000000000000e+01,3.025304799999999972e+01
4.000610070068000113e+01,-8.303736669421999750e+01,1.413899999999999935e+00,-6.729999999999999871e-02,5.454226073750200188e-01,1.604450278769999905e-01,1.516992618706399787e-01,1.311746189999999923e-01,-3.457660770000000050e-01,3.530420376069999975e+02,2.024000000000000000e+03,1.100000000000000000e+01,2.400000000000000000e+01,1.500000000000000000e+01,4.700000000000000000e+01,3.031786900000000173e+01
4.000610146443000303e+01,-8.303736673464000262e+01,1.419000000000000039e+00,-5.109999999999999959e-02,4.819567169297799825e-01,1.003423368208599953e-01,4.428845251041999692e-02,1.408449999999999980e-01,-3.775318690000000199e-01,3.535905784939999990e+02,2.024000000000000000e+03,1.100000000000000000e+01,2.400000000000000000e+01,1.500000000000000000e+01,4.700000000000000000e+01,3.038276700000000119e+01
4.000610235920999713e+01,-8.303736676874000011e+01,1.424600000000000088e+00,-3.479999999999999760e-02,4.446590035108800021e-01,7.812389596124000302e-02,3.119570278811999858e-02,1.665453060000000041e-01,-4.138467570000000095e-01,3.542072824439999863e+02,2.024000000000000000e+03,1.100000000000000000e+01,2.400000000000000000e+01,1.500000000000000000e+01,4.700000000000000000e+01,3.044899600000000106e+01
4.000610300030999866e+01,-8.303736678671999982e+01,1.427999999999999936e+00,-2.910000000000000087e-02,1.942639995552399856e-01,8.619013879518000465e-02,-3.621649716877999720e-02,1.838358790000000076e-01,-4.398690690000000014e-01,3.546275354759999914e+02,2.024000000000000000e+03,1.100000000000000000e+01,2.400000000000000000e+01,1.500000000000000000e+01,4.700000000000000000e+01,3.051362200000000158e+01
4.000610402961999768e+01,-8.303736681041999645e+01,1.434199999999999919e+00,-2.280000000000000082e-02,1.780586866112399969e-01,9.080489458469999386e-02,1.591598892139999954e-03,1.925350580000000089e-01,-4.789247090000000040e-01,3.552855769020000025e+02,2.024000000000000000e+03,1.100000000000000000e+01,2.400000000000000000e+01,1.500000000000000000e+01,4.700000000000000000e+01,3.057862899999999939e+01
4.000610493258999867e+01,-8.303736682246000100e+01,1.436099999999999932e+00,-8.600000000000000006e-03,4.269047436705200593e-01,-4.783841566320000058e-03,-3.363377862142000185e-02,1.999733079999999885e-01,-5.117085980000000145e-01,3.558603922649999731e+02,2.024000000000000000e+03,1.100000000000000000e+01,2.400000000000000000e+01,1.500000000000000000e+01,4.700000000000000000e+01,3.064437900000000070e+01
4.000610570735999971e+01,-8.303736682368000288e+01,1.437300000000000022e+00,3.599999999999999901e-03,4.059211627538399925e-01,4.319810026680000192e-02,-2.987850358959999973e-03,2.130285990000000129e-01,-5.358659860000000164e-01,3.563553753229999757e+02,2.024000000000000000e+03,1.100000000000000000e+01,2.400000000000000000e+01,1.500000000000000000e+01,4.700000000000000000e+01,3.071179000000000059e+01
4.000610635297999806e+01,-8.303736681809000686e+01,1.435799999999999965e+00,1.389999999999999916e-02,4.080530278993000359e-01,-8.484673543825999031e-02,1.863974483920000091e-02,2.177916920000000089e-01,-5.560642649999999465e-01,3.567636897969999836e+02,2.024000000000000000e+03,1.100000000000000000e+01,2.400000000000000000e+01,1.500000000000000000e+01,4.700000000000000000e+01,3.077629299999999901e+01
4.000610738339999983e+01,-8.303736679477999871e+01,1.429699999999999971e+00,3.440000000000000002e-02,5.427406149210599606e-01,-1.952112697963200028e-01,-6.329323643259999500e-03,2.256162250000000036e-01,-5.897089079999999761e-01,3.574013508329999809e+02,2.024000000000000000e+03,1.100000000000000000e+01,2.400000000000000000e+01,1.500000000000000000e+01,4.700000000000000000e+01,3.084209099999999992e+01
4.000610815358000139e+01,-8.303736676376999526e+01,1.426700000000000079e+00,4.950000000000000233e-02,3.935051900993999929e-01,-8.891465759227999699e-02,-9.453316822795999885e-02,2.522573719999999797e-01,-6.109094919999999984e-01,3.578666728370000101e+02,2.024000000000000000e+03,1.100000000000000000e+01,2.400000000000000000e+01,1.500000000000000000e+01,4.700000000000000000e+01,3.090707899999999952e+01
4.000610879495999939e+01,-8.303736673179000150e+01,1.426800000000000068e+00,5.609999999999999709e-02,1.827320051941799806e-01,-7.367971143839999876e-03,-2.105125936380800034e-01,2.764552430000000172e-01,-6.314240719999999474e-01,3.582509251899999754e+02,2.024000000000000000e+03,1.100000000000000000e+01,2.400000000000000000e+01,1.500000000000000000e+01,4.700000000000000000e+01,3.097403800000000018e+01
4.000610943592000268e+01,-8.303736669696999684e+01,1.425300000000000011e+00,5.970000000000000306e-02,7.394089463439999788e-02,-6.031084651004000458e-02,-1.536765753244200006e-01,2.930009749999999968e-01,-6.568750979999999906e-01,3.586331422270000076e+02,2.024000000000000000e+03,1.100000000000000000e+01,2.400000000000000000e+01,1.500000000000000000e+01,4.700000000000000000e+01,3.103981399999999979e+01
4.000610982018000072e+01,-8.303736667424999496e+01,1.424199999999999910e+00,6.610000000000000597e-02,3.254249423188599888e-01,-7.621896683053999699e-02,-7.527787982792000232e-02,3.012579939999999734e-01,-6.757319600000000204e-01,3.588596889649999753e+02,2.024000000000000000e+03,1.100000000000000000e+01,2.400000000000000000e+01,1.500000000000000000e+01,4.700000000000000000e+01,3.110490799999999822e+01
4.000611084092000169e+01,-8.303736660622999466e+01,1.414700000000000069e+00,7.770000000000000517e-02,2.375865691434199956e-01,-2.307376105774799901e-01,2.724403488990000122e-02,3.364119500000000151e-01,-7.131299920000000458e-01,3.594372738509999863e+02,2.024000000000000000e+03,1.100000000000000000e+01,2.400000000000000000e+01,1.500000000000000000e+01,4.700000000000000000e+01,3.116945700000000130e+01
4.000611172979999708e+01,-8.303736654041000520e+01,1.406900000000000039e+00,7.679999999999999327e-02,-6.334136685777999598e-02,-2.156537939545800087e-01,1.670830169556000028e-02,3.543973120000000199e-01,-7.350464030000000148e-01,3.599025591509999913e+02,2.024000000000000000e+03,1.100000000000000000e+01,2.400000000000000000e+01,1.500000000000000000e+01,4.700000000000000000e+01,3.123886800000000008e+01
4.000611324646000355e+01,-8.303736643066000056e+01,1.399799999999999933e+00,7.889999999999999791e-02,2.327545378923399910e-01,-1.377282917057799927e-01,-8.662817125612000402e-02,3.198414789999999841e-01,-7.523642400000000174e-01,6.585208479999999920e-01,2.024000000000000000e+03,1.100000000000000000e+01,2.400000000000000000e+01,1.500000000000000000e+01,4.700000000000000000e+01,3.130335799999999935e+01
4.000611400148999763e+01,-8.303736636812999450e+01,1.395499999999999963e+00,9.180000000000000659e-02,3.957105174936000336e-01,-1.332496108277199942e-01,-9.801864764366001459e-02,3.183699110000000054e-01,-7.523491669999999854e-01,1.027366441999999935e+00,2.024000000000000000e+03,1.100000000000000000e+01,2.400000000000000000e+01,1.500000000000000000e+01,4.700000000000000000e+01,3.136893999999999849e+01
4.000611500713999646e+01,-8.303736627307000617e+01,1.397599999999999953e+00,1.028000000000000025e-01,2.409810153926399967e-01,6.009224245136000203e-02,9.668831876049999163e-02,3.223312689999999758e-01,-7.566990470000000135e-01,1.509291672999999889e+00,2.024000000000000000e+03,1.100000000000000000e+01,2.400000000000000000e+01,1.500000000000000000e+01,4.700000000000000000e+01,3.143433399999999978e+01
4.000611576261000124e+01,-8.303736619535000330e+01,1.398600000000000065e+00,1.134000000000000008e-01,3.777622868012199819e-01,3.060862411460000317e-03,5.692023120786000173e-02,3.130026369999999725e-01,-7.789106989999999842e-01,1.864915013999999926e+00,2.024000000000000000e+03,1.100000000000000000e+01,2.400000000000000000e+01,1.500000000000000000e+01,4.700000000000000000e+01,3.150016000000000105e+01
4.000611664171999848e+01,-8.303736609438000471e+01,1.391000000000000014e+00,1.272000000000000075e-01,3.891682504462399828e-01,-2.003070414016600020e-01,-3.536244406209999858e-02,3.217201040000000067e-01,-8.050164690000000123e-01,2.269370063999999854e+00,2.024000000000000000e+03,1.100000000000000000e+01,2.400000000000000000e+01,1.500000000000000000e+01,4.700000000000000000e+01,3.156542400000000015e+01
4.000611739090999919e+01,-8.303736600151999880e+01,1.383399999999999963e+00,1.313999999999999890e-01,1.188412521446599868e-01,-2.148149536076200128e-01,-1.361823464042200005e-01,3.366971650000000205e-01,-8.074256819999999779e-01,2.601609416000000063e+00,2.024000000000000000e+03,1.100000000000000000e+01,2.400000000000000000e+01,1.500000000000000000e+01,4.700000000000000000e+01,3.163127700000000075e+01
4.000611826267000026e+01,-8.303736589078999941e+01,1.383199999999999985e+00,1.345999999999999974e-01,1.217955340704800077e-01,3.036046764465999762e-02,6.035084484538000282e-02,3.390022089999999988e-01,-8.038383529999999499e-01,2.981380914999999909e+00,2.024000000000000000e+03,1.100000000000000000e+01,2.400000000000000000e+01,1.500000000000000000e+01,4.700000000000000000e+01,3.169591899999999995e+01
4.000611901039999907e+01,-8.303736579203000190e+01,1.385199999999999987e+00,1.414999999999999869e-01,2.266655251137600080e-01,8.962569916641999201e-02,-8.639236563810000213e-02,3.353178079999999950e-01,-8.075278710000000082e-01,3.306311409000000090e+00,2.024000000000000000e+03,1.100000000000000000e+01,2.400000000000000000e+01,1.500000000000000000e+01,4.700000000000000000e+01,3.176072800000000029e+01
4.000611988411999675e+01,-8.303736566906999883e+01,1.389299999999999979e+00,1.532000000000000028e-01,3.125470256030599692e-01,2.000851583133199940e-01,-1.653889762847200184e-01,3.395604629999999791e-01,-7.942335259999999675e-01,3.682659521999999797e+00,2.024000000000000000e+03,1.100000000000000000e+01,2.400000000000000000e+01,1.500000000000000000e+01,4.700000000000000000e+01,3.182619299999999996e+01
4.000612063577000299e+01,-8.303736555607000014e+01,1.394600000000000062e+00,1.638000000000000012e-01,3.501305836618799905e-01,2.467297582730400285e-01,8.712446186307999663e-02,3.546051729999999957e-01,-7.880461130000000480e-01,3.993678087999999793e+00,2.024000000000000000e+03,1.100000000000000000e+01,2.400000000000000000e+01,1.500000000000000000e+01,4.700000000000000000e+01,3.189073199999999986e+01
4.000612151565999852e+01,-8.303736541630999568e+01,1.398099999999999898e+00,1.721999999999999920e-01,2.179819185077799815e-01,1.256604119916600037e-01,2.454673740944000176e-02,3.791398959999999763e-01,-7.932502799999999743e-01,4.333699314000000413e+00,2.024000000000000000e+03,1.100000000000000000e+01,2.400000000000000000e+01,1.500000000000000000e+01,4.700000000000000000e+01,3.195570999999999984e+01
4.000612201941999757e+01,-8.303736533337000481e+01,1.399100000000000010e+00,1.771999999999999964e-01,2.462714528192000152e-01,4.717135061523999862e-02,4.729312744934000001e-02,3.971804879999999982e-01,-7.985909970000000246e-01,4.518339669999999586e+00,2.024000000000000000e+03,1.100000000000000000e+01,2.400000000000000000e+01,1.500000000000000000e+01,4.700000000000000000e+01,3.202098999999999762e+01
4.000612264962000353e+01,-8.303736522865999348e+01,1.400600000000000067e+00,1.784999999999999920e-01,1.444116005879999831e-01,4.912593992324000569e-02,4.227188078388000037e-02,4.134625960000000156e-01,-7.978840099999999769e-01,4.742725157999999830e+00,2.024000000000000000e+03,1.100000000000000000e+01,2.400000000000000000e+01,1.500000000000000000e+01,4.700000000000000000e+01,3.208772299999999689e+01
4.000612378598000163e+01,-8.303736503894999998e+01,1.404600000000000071e+00,1.794999999999999929e-01,8.965513663829999258e-02,1.025120410075199967e-01,7.060131975793999815e-02,4.289753920000000109e-01,-7.978910649999999549e-01,5.135754366999999654e+00,2.024000000000000000e+03,1.100000000000000000e+01,2.400000000000000000e+01,1.500000000000000000e+01,4.700000000000000000e+01,3.215277100000000132e+01
4.000612403875000211e+01,-8.303736499602000265e+01,1.405000000000000027e+00,1.796000000000000096e-01,6.060468475119999698e-02,5.409399981225999909e-02,3.076220909425999780e-02,4.261716649999999773e-01,-7.962136300000000055e-01,5.219552872999999593e+00,2.024000000000000000e+03,1.100000000000000000e+01,2.400000000000000000e+01,1.500000000000000000e+01,4.700000000000000000e+01,3.221709200000000095e+01
4.000612555954000271e+01,-8.303736473620999448e+01,1.411200000000000010e+00,1.822999999999999898e-01,-6.021439973161999554e-02,1.040375970681600010e-01,-1.428992914076999965e-01,4.208319750000000248e-01,-7.918373279999999514e-01,5.694946187000000215e+00,2.024000000000000000e+03,1.100000000000000000e+01,2.400000000000000000e+01,1.500000000000000000e+01,4.700000000000000000e+01,3.228236199999999911e+01
4.000612644945000085e+01,-8.303736458087999495e+01,1.414600000000000080e+00,1.880000000000000004e-01,1.027630671988599975e-01,1.048840111901000044e-01,-6.412529766527999553e-02,4.086677369999999754e-01,-7.871754460000000009e-01,5.963012845999999811e+00,2.024000000000000000e+03,1.100000000000000000e+01,2.400000000000000000e+01,1.500000000000000000e+01,4.700000000000000000e+01,3.234784299999999746e+01
4.000612721390000104e+01,-8.303736444346000667e+01,1.417999999999999927e+00,1.963999999999999913e-01,3.385519064986000082e-01,1.821564648204400116e-01,-4.974920084049999636e-02,3.990020590000000200e-01,-7.790055500000000466e-01,6.193677733000000352e+00,2.024000000000000000e+03,1.100000000000000000e+01,2.400000000000000000e+01,1.500000000000000000e+01,4.700000000000000000e+01,3.241296599999999728e+01
4.000612810879000136e+01,-8.303736427533000608e+01,1.424299999999999899e+00,2.078000000000000125e-01,3.538419992781000056e-01,2.514677038072800075e-01,3.173242979126000146e-02,3.973667889999999980e-01,-7.754004620000000125e-01,6.453148546999999624e+00,2.024000000000000000e+03,1.100000000000000000e+01,2.400000000000000000e+01,1.500000000000000000e+01,4.700000000000000000e+01,3.247737099999999799e+01
4.000612887905000292e+01,-8.303736412480000695e+01,1.429400000000000004e+00,2.132000000000000006e-01,1.079238296983199841e-01,2.032200708665599653e-01,9.656864701155999653e-02,4.057596580000000230e-01,-7.819886660000000544e-01,6.658998503000000291e+00,2.024000000000000000e+03,1.100000000000000000e+01,2.400000000000000000e+01,1.500000000000000000e+01,4.700000000000000000e+01,3.254302599999999757e+01
4.000612978088000204e+01,-8.303736394694999490e+01,1.433499999999999996e+00,2.131000000000000116e-01,-4.938425709133999891e-02,8.714243532045999607e-02,5.847633172361999671e-02,4.085862980000000144e-01,-7.939913290000000234e-01,6.878418223999999803e+00,2.024000000000000000e+03,1.100000000000000000e+01,2.400000000000000000e+01,1.500000000000000000e+01,4.700000000000000000e+01,3.260935899999999776e+01
4.000613068495999869e+01,-8.303736376902000416e+01,1.437000000000000055e+00,2.146000000000000130e-01,4.141624383346000082e-02,1.130813029546599985e-01,-6.689041778380000816e-03,4.026566580000000006e-01,-8.026881670000000080e-01,7.084423232999999875e+00,2.024000000000000000e+03,1.100000000000000000e+01,2.400000000000000000e+01,1.500000000000000000e+01,4.700000000000000000e+01,3.267479900000000015e+01
4.000613146201000347e+01,-8.303736361712999781e+01,1.441100000000000048e+00,2.134999999999999953e-01,2.659103488019999746e-03,1.344713875386600033e-01,-1.213084735765999900e-02,3.956395710000000232e-01,-8.094218460000000004e-01,7.261893709999999835e+00,2.024000000000000000e+03,1.100000000000000000e+01,2.400000000000000000e+01,1.500000000000000000e+01,4.700000000000000000e+01,3.274106700000000103e+01
4.000613224103000221e+01,-8.303736346636000576e+01,1.444700000000000095e+00,2.112999999999999878e-01,-4.452435770850000224e-02,1.362547096783600087e-01,-8.353504591903999910e-02,3.804914320000000183e-01,-8.129482009999999814e-01,7.444101488000000266e+00,2.024000000000000000e+03,1.100000000000000000e+01,2.400000000000000000e+01,1.500000000000000000e+01,4.700000000000000000e+01,3.280646999999999736e+01
4.000613315190999941e+01,-8.303736328684000512e+01,1.447799999999999976e+00,2.200000000000000011e-01,1.681246365926200026e-01,1.189189602481000030e-01,-8.119932253900000174e-02,3.652196200000000226e-01,-8.124773269999999714e-01,7.650839477999999971e+00,2.024000000000000000e+03,1.100000000000000000e+01,2.400000000000000000e+01,1.500000000000000000e+01,4.700000000000000000e+01,3.287171599999999927e+01
4.000613406438999675e+01,-8.303736309558000528e+01,1.450299999999999923e+00,2.366000000000000048e-01,3.513785318206200103e-01,1.525657931430799974e-01,1.394883640841400041e-01,3.690300449999999732e-01,-8.080691269999999982e-01,7.833518170999999697e+00,2.024000000000000000e+03,1.100000000000000000e+01,2.400000000000000000e+01,1.500000000000000000e+01,4.700000000000000000e+01,3.293677300000000230e+01
4.000613484910999773e+01,-8.303736292664000018e+01,1.456399999999999917e+00,2.389000000000000012e-01,7.906263287176000520e-02,2.140177833473999869e-01,1.079361055560799920e-01,3.726497200000000176e-01,-8.077260609999999952e-01,7.972318899000000236e+00,2.024000000000000000e+03,1.100000000000000000e+01,2.400000000000000000e+01,1.500000000000000000e+01,4.700000000000000000e+01,3.300183599999999728e+01
4.000613511141000345e+01,-8.303736287063000532e+01,1.458199999999999941e+00,2.361999999999999933e-01,-1.561511018220599900e-01,1.825632648270399949e-01,6.814999330873999783e-02,3.729602890000000004e-01,-8.073640690000000175e-01,8.016493818000000715e+00,2.024000000000000000e+03,1.100000000000000000e+01,2.400000000000000000e+01,1.500000000000000000e+01,4.700000000000000000e+01,3.306815900000000141e+01
4.000613642828999872e+01,-8.303736259027999722e+01,1.469100000000000072e+00,2.366000000000000048e-01,-4.633726929066000338e-02,2.343120502512599790e-01,-8.841649930120000153e-03,3.854192410000000235e-01,-8.147981229999999853e-01,8.216609587000000658e+00,2.024000000000000000e+03,1.100000000000000000e+01,2.400000000000000000e+01,1.500000000000000000e+01,4.700000000000000000e+01,3.313470199999999721e+01
4.000613735476999722e+01,-8.303736239152000564e+01,1.478299999999999947e+00,2.373999999999999999e-01,-1.320696034096000004e-01,2.728764932331800286e-01,7.269667523404001186e-02,3.994756839999999976e-01,-8.360029549999999920e-01,8.315607999999999222e+00,2.024000000000000000e+03,1.100000000000000000e+01,2.400000000000000000e+01,1.500000000000000000e+01,4.700000000000000000e+01,3.320048700000000252e+01
4.000613842007999921e+01,-8.303736216645999946e+01,1.485899999999999999e+00,2.340000000000000135e-01,-9.308895513164000546e-02,1.449512504284000136e-01,-1.085476909457799982e-01,3.957203579999999943e-01,-8.744896890000000145e-01,8.386984863000000345e+00,2.024000000000000000e+03,1.100000000000000000e+01,2.400000000000000000e+01,1.500000000000000000e+01,4.700000000000000000e+01,3.326539999999999964e+01
4.000613922211999807e+01,-8.303736199895000425e+01,1.490599999999999925e+00,2.331000000000000016e-01,-7.498582230606000432e-02,1.658859032237200160e-01,-2.000336971015199694e-01,4.004475470000000148e-01,-8.972393490000000194e-01,8.424857701000000532e+00,2.024000000000000000e+03,1.100000000000000000e+01,2.400000000000000000e+01,1.500000000000000000e+01,4.700000000000000000e+01,3.333033400000000057e+01
4.000614016136000117e+01,-8.303736180443999615e+01,1.496899999999999897e+00,2.331999999999999906e-01,3.782861168532000024e-02,1.904994833699200085e-01,-1.595119545825799956e-01,4.125851489999999844e-01,-9.174259249999999755e-01,8.451733675999999917e+00,2.024000000000000000e+03,1.100000000000000000e+01,2.400000000000000000e+01,1.500000000000000000e+01,4.700000000000000000e+01,3.339655100000000232e+01
4.000614097051000329e+01,-8.303736163751999300e+01,1.505300000000000082e+00,2.341000000000000025e-01,4.786231635787999844e-02,2.836094643636000168e-01,6.651488502550000070e-02,4.212653259999999955e-01,-9.373579619999999890e-01,8.452341531000000074e+00,2.024000000000000000e+03,1.100000000000000000e+01,2.400000000000000000e+01,1.500000000000000000e+01,4.700000000000000000e+01,3.346117399999999975e+01
4.000614192046000284e+01,-8.303736144404000186e+01,1.515200000000000102e+00,2.308000000000000052e-01,-7.354684487429999362e-02,2.495586411250799996e-01,4.090393092937999464e-02,4.241908950000000122e-01,-9.691021960000000268e-01,8.425559216999999990e+00,2.024000000000000000e+03,1.100000000000000000e+01,2.400000000000000000e+01,1.500000000000000000e+01,4.700000000000000000e+01,3.352838599999999758e+01
4.000614273931999776e+01,-8.303736127931999533e+01,1.522799999999999931e+00,2.288000000000000034e-01,-1.074379063469200063e-01,2.340709088832999829e-01,5.747678337095999540e-02,4.315545479999999823e-01,-9.988132709999999470e-01,8.388394161000000793e+00,2.024000000000000000e+03,1.100000000000000000e+01,2.400000000000000000e+01,1.500000000000000000e+01,4.700000000000000000e+01,3.359321500000000071e+01
4.000614369846999807e+01,-8.303736109097999929e+01,1.528000000000000025e+00,2.230999999999999928e-01,-1.266155847110599919e-01,1.499131806478199991e-01,5.605472449120000103e-03,4.387560779999999938e-01,-1.029532276999999940e+00,8.338636764000000312e+00,2.024000000000000000e+03,1.100000000000000000e+01,2.400000000000000000e+01,1.500000000000000000e+01,4.700000000000000000e+01,3.365972200000000214e+01
4.000614466179000317e+01,-8.303736090731999298e+01,1.535099999999999909e+00,2.169000000000000095e-01,-2.440529074406199705e-01,1.805783451270200068e-01,-9.700787108371999867e-02,4.442649100000000129e-01,-1.054451548000000072e+00,8.278145200000000870e+00,2.024000000000000000e+03,1.100000000000000000e+01,2.400000000000000000e+01,1.500000000000000000e+01,4.700000000000000000e+01,3.372585399999999822e+01
4.000614562941999708e+01,-8.303736072371999910e+01,1.542000000000000037e+00,2.207000000000000073e-01,3.852406354687999690e-02,2.306949262112999999e-01,1.030217321472799985e-01,4.546709279999999742e-01,-1.078934427999999945e+00,8.189661634000000134e+00,2.024000000000000000e+03,1.100000000000000000e+01,2.400000000000000000e+01,1.500000000000000000e+01,4.700000000000000000e+01,3.379556199999999677e+01
4.000614646190000201e+01,-8.303736056747000305e+01,1.546200000000000019e+00,2.159000000000000086e-01,-1.849856929001399974e-01,1.239595085458000123e-01,1.385755419702600078e-01,4.666435560000000149e-01,-1.100856537000000079e+00,8.089267949999999985e+00,2.024000000000000000e+03,1.100000000000000000e+01,2.400000000000000000e+01,1.500000000000000000e+01,4.700000000000000000e+01,3.386144699999999830e+01
4.000614743599000178e+01,-8.303736039199000629e+01,1.550599999999999978e+00,2.039999999999999869e-01,-3.915147898331999832e-01,8.431904838428000426e-02,7.696315670318000512e-02,4.736061200000000193e-01,-1.118796619000000048e+00,7.952908442000000022e+00,2.024000000000000000e+03,1.100000000000000000e+01,2.400000000000000000e+01,1.500000000000000000e+01,4.700000000000000000e+01,3.392724900000000332e+01
4.000614841392999921e+01,-8.303736022575999698e+01,1.558300000000000018e+00,1.925999999999999934e-01,-3.756415091279999841e-01,1.874004719581799927e-01,-2.528987683812000328e-02,4.790115589999999757e-01,-1.131848138999999920e+00,7.795171900999999792e+00,2.024000000000000000e+03,1.100000000000000000e+01,2.400000000000000000e+01,1.500000000000000000e+01,4.700000000000000000e+01,3.399368400000000179e+01
4.000614855408999659e+01,-8.303736020274000396e+01,1.559800000000000075e+00,1.915000000000000036e-01,-4.651970788377799981e-01,1.669548781346599786e-01,-4.026904768577999755e-02,4.786575319999999967e-01,-1.133560926999999996e+00,7.770678933000000121e+00,2.024000000000000000e+03,1.100000000000000000e+01,2.400000000000000000e+01,1.500000000000000000e+01,4.700000000000000000e+01,3.405939300000000003e+01
4.000614982063999747e+01,-8.303736000329999456e+01,1.571199999999999930e+00,1.791999999999999982e-01,-3.428887146066399993e-01,2.153174313181000221e-01,-4.327570805629999545e-02,4.751094229999999752e-01,-1.162384636000000082e+00,7.527212486999999896e+00,2.024000000000000000e+03,1.100000000000000000e+01,2.400000000000000000e+01,1.500000000000000000e+01,4.700000000000000000e+01,3.412430299999999761e+01
4.000615095167999868e+01,-8.303735983679999322e+01,1.576500000000000012e+00,1.698000000000000065e-01,-2.160774317538000089e-01,1.048659977355000106e-01,4.667460439520000268e-03,4.648681419999999842e-01,-1.187847023000000002e+00,7.283283916000000247e+00,2.024000000000000000e+03,1.100000000000000000e+01,2.400000000000000000e+01,1.500000000000000000e+01,4.700000000000000000e+01,3.418842999999999677e+01
4.000615166023000313e+01,-8.303735973658000091e+01,1.578699999999999992e+00,1.655000000000000082e-01,-2.385201322391799772e-01,5.347450461073999933e-02,5.139180368119999898e-03,4.622370190000000267e-01,-1.199490023999999933e+00,7.121569371999999731e+00,2.024000000000000000e+03,1.100000000000000000e+01,2.400000000000000000e+01,1.500000000000000000e+01,4.700000000000000000e+01,3.425629099999999738e+01
4.000615293663000216e+01,-8.303735956708000288e+01,1.579099999999999948e+00,1.509000000000000064e-01,-3.443163752944199962e-01,-3.257396970892000032e-02,9.528670754919998931e-02,4.496059199999999922e-01,-1.204306083000000083e+00,6.818001628000000203e+00,2.024000000000000000e+03,1.100000000000000000e+01,2.400000000000000000e+01,1.500000000000000000e+01,4.700000000000000000e+01,3.432236300000000284e+01
4.000615393079999649e+01,-8.303735944260000679e+01,1.582799999999999985e+00,1.479999999999999927e-01,-7.787917519431999946e-02,1.114021787291800125e-01,-9.221943930300000036e-03,4.331187650000000167e-01,-1.198559949999999930e+00,6.568277085000000071e+00,2.024000000000000000e+03,1.100000000000000000e+01,2.400000000000000000e+01,1.500000000000000000e+01,4.700000000000000000e+01,3.438843299999999914e+01
4.000615492760999814e+01,-8.303735932109999851e+01,1.587099999999999955e+00,1.416000000000000036e-01,-2.934400395834199649e-01,9.988643795204001086e-02,-1.089161526124799995e-01,4.363913540000000091e-01,-1.196740565999999895e+00,6.311965075999999897e+00,2.024000000000000000e+03,1.100000000000000000e+01,2.400000000000000000e+01,1.500000000000000000e+01,4.700000000000000000e+01,3.445506100000000060e+01
4.000615578463000332e+01,-8.303735922344000642e+01,1.592500000000000027e+00,1.328000000000000014e-01,-2.415458122334600000e-01,1.674380167925599849e-01,-5.916691436318000097e-02,4.293444290000000274e-01,-1.194339591000000089e+00,6.096890495000000243e+00,2.024000000000000000e+03,1.100000000000000000e+01,2.400000000000000000e+01,1.500000000000000000e+01,4.700000000000000000e+01,3.452230699999999786e+01
4.000615678863999847e+01,-8.303735911385000179e+01,1.599499999999999922e+00,1.307999999999999996e-01,-3.398995011094000512e-02,1.890470422567399889e-01,7.905644692009999863e-02,4.207792049999999895e-01,-1.199380695999999968e+00,5.849419978000000242e+00,2.024000000000000000e+03,1.100000000000000000e+01,2.400000000000000000e+01,1.500000000000000000e+01,4.700000000000000000e+01,3.459016400000000147e+01
4.000615765218999798e+01,-8.303735902060999763e+01,1.603499999999999925e+00,1.290000000000000036e-01,-1.268114660859799847e-01,1.041698813016199848e-01,1.382301887980000137e-03,4.263614749999999898e-01,-1.209801992999999909e+00,5.634778767000000244e+00,2.024000000000000000e+03,1.100000000000000000e+01,2.400000000000000000e+01,1.500000000000000000e+01,4.700000000000000000e+01,3.465589200000000147e+01
4.000615866123000330e+01,-8.303735891635000144e+01,1.605099999999999971e+00,1.205999999999999989e-01,-2.613579075542599717e-01,3.224497133247999914e-02,4.117794148398000453e-02,4.318724709999999800e-01,-1.216611716999999926e+00,5.378265488000000261e+00,2.024000000000000000e+03,1.100000000000000000e+01,2.400000000000000000e+01,1.500000000000000000e+01,4.700000000000000000e+01,3.472203999999999979e+01
4.000615967206999812e+01,-8.303735881740000480e+01,1.608600000000000030e+00,1.152999999999999997e-01,-1.991555066091999782e-01,7.970994309051999960e-02,-2.417791220457999810e-02,4.346009029999999829e-01,-1.215559671000000064e+00,5.120180097999999624e+00,2.024000000000000000e+03,1.100000000000000000e+01,2.400000000000000000e+01,1.500000000000000000e+01,4.700000000000000000e+01,3.478894900000000234e+01
4.000616054041000069e+01,-8.303735873937999656e+01,1.611699999999999910e+00,1.035999999999999976e-01,-3.728707583283800142e-01,6.813307232177999440e-02,-1.330050453342200012e-01,4.364139779999999802e-01,-1.212034891999999919e+00,4.901823259999999571e+00,2.024000000000000000e+03,1.100000000000000000e+01,2.400000000000000000e+01,1.500000000000000000e+01,4.700000000000000000e+01,3.485462499999999864e+01
4.000616155502999760e+01,-8.303735865730999421e+01,1.614100000000000090e+00,9.199999999999999845e-02,-3.713694982277799816e-01,6.794122488407999816e-02,-1.526983794284600127e-01,4.303323769999999882e-01,-1.196588393999999944e+00,4.647060707999999707e+00,2.024000000000000000e+03,1.100000000000000000e+01,2.400000000000000000e+01,1.500000000000000000e+01,4.700000000000000000e+01,3.492121099999999956e+01
4.000616257219000005e+01,-8.303735858121000035e+01,1.619799999999999907e+00,8.859999999999999820e-02,-8.822388191325999940e-02,1.875676190392799869e-01,-1.390339606759400104e-01,4.227472919999999967e-01,-1.171114659999999974e+00,4.388884013000000195e+00,2.024000000000000000e+03,1.100000000000000000e+01,2.400000000000000000e+01,1.500000000000000000e+01,4.700000000000000000e+01,3.498826700000000045e+01
4.000616271788999967e+01,-8.303735857057999681e+01,1.621399999999999952e+00,8.840000000000000635e-02,-8.618079490107999341e-02,2.263556484113199985e-01,-7.108257436688000808e-02,4.204971149999999769e-01,-1.166042586999999964e+00,4.351732222999999955e+00,2.024000000000000000e+03,1.100000000000000000e+01,2.400000000000000000e+01,1.500000000000000000e+01,4.700000000000000000e+01,3.505497700000000094e+01
4.000616433290999652e+01,-8.303735845960000006e+01,1.646400000000000086e+00,8.050000000000000211e-02,-1.431653073115199959e-01,5.009193408643799472e-01,-1.349987926649999850e-02,4.168795350000000233e-01,-1.112887457000000024e+00,3.935852269000000181e+00,2.024000000000000000e+03,1.100000000000000000e+01,2.400000000000000000e+01,1.500000000000000000e+01,4.700000000000000000e+01,3.512076400000000120e+01
4.000616537378000004e+01,-8.303735839706000377e+01,1.664199999999999902e+00,7.030000000000000138e-02,-3.348839376312199856e-01,4.985433145891999818e-01,-5.536072342057999501e-02,4.136428719999999948e-01,-1.084099002000000089e+00,3.673333941000000102e+00,2.024000000000000000e+03,1.100000000000000000e+01,2.400000000000000000e+01,1.500000000000000000e+01,4.700000000000000000e+01,3.518698499999999996e+01
4.000616642576999737e+01,-8.303735834231000013e+01,1.681200000000000028e+00,6.230000000000000121e-02,-2.187172725169400089e-01,4.658340829474000300e-01,-1.745917350398000153e-02,4.058558660000000096e-01,-1.056086054000000107e+00,3.413117179999999973e+00,2.024000000000000000e+03,1.100000000000000000e+01,2.400000000000000000e+01,1.500000000000000000e+01,4.700000000000000000e+01,3.525216199999999844e+01
4.000616748910999831e+01,-8.303735829237000132e+01,1.700399999999999912e+00,5.859999999999999931e-02,-1.007248551846799955e-01,5.762934415752599682e-01,-2.843045666038000047e-02,4.036545590000000239e-01,-1.028211857999999923e+00,3.146928590999999997e+00,2.024000000000000000e+03,1.100000000000000000e+01,2.400000000000000000e+01,1.500000000000000000e+01,4.700000000000000000e+01,3.531873399999999918e+01
4.000616856487000206e+01,-8.303735824605000460e+01,1.720499999999999918e+00,5.079999999999999793e-02,-3.428473435271999770e-01,5.806040215543799565e-01,-7.166222151391998807e-02,4.094902480000000011e-01,-1.007563176999999977e+00,2.873793125000000170e+00,2.024000000000000000e+03,1.100000000000000000e+01,2.400000000000000000e+01,1.500000000000000000e+01,4.700000000000000000e+01,3.538466300000000331e+01
4.000616949738999750e+01,-8.303735821163999731e+01,1.737500000000000044e+00,4.270000000000000184e-02,-3.927906933260399414e-01,4.924712873331399954e-01,4.059202421040000036e-02,4.052429579999999865e-01,-9.980052630000000313e-01,2.639636894000000122e+00,2.024000000000000000e+03,1.100000000000000000e+01,2.400000000000000000e+01,1.500000000000000000e+01,4.700000000000000000e+01,3.545112900000000167e+01
4.000617043830000341e+01,-8.303735818206000374e+01,1.752199999999999980e+00,3.930000000000000160e-02,-1.277367497125799778e-01,4.726459437165600463e-01,2.151288673649000283e-01,4.013022780000000123e-01,-9.925169150000000551e-01,2.409977926999999909e+00,2.024000000000000000e+03,1.100000000000000000e+01,2.400000000000000000e+01,1.500000000000000000e+01,4.700000000000000000e+01,3.551793399999999679e+01
4.000617170441999804e+01,-8.303735814604000609e+01,1.769700000000000051e+00,3.450000000000000289e-02,-1.765210423440800036e-01,4.307818521230200037e-01,1.076588136948800067e-01,4.158598560000000277e-01,-9.854490299999999481e-01,2.101146721000000106e+00,2.024000000000000000e+03,1.100000000000000000e+01,2.400000000000000000e+01,1.500000000000000000e+01,4.700000000000000000e+01,3.558609100000000325e+01
4.000617266281000184e+01,-8.303735812448999809e+01,1.784599999999999964e+00,2.599999999999999881e-02,-2.691641653059400063e-01,4.963408977670800137e-01,-9.055575560945999802e-02,4.235994909999999947e-01,-9.795536559999999948e-01,1.865527694000000070e+00,2.024000000000000000e+03,1.100000000000000000e+01,2.400000000000000000e+01,1.500000000000000000e+01,4.700000000000000000e+01,3.565207800000000304e+01
4.000617379113000283e+01,-8.303735810586999833e+01,1.802799999999999958e+00,1.720000000000000001e-02,-3.146282604140799855e-01,5.679985460002000552e-01,-2.482534156401999814e-02,4.308736599999999917e-01,-9.762223989999999629e-01,1.587080202999999967e+00,2.024000000000000000e+03,1.100000000000000000e+01,2.400000000000000000e+01,1.500000000000000000e+01,4.700000000000000000e+01,3.571914900000000159e+01
4.000617493034999939e+01,-8.303735809380999910e+01,1.818000000000000060e+00,9.299999999999999239e-03,-2.897870059033599843e-01,4.081521881469400426e-01,1.099543441773599972e-01,4.399594949999999782e-01,-9.812739609999999724e-01,1.306856387000000064e+00,2.024000000000000000e+03,1.100000000000000000e+01,2.400000000000000000e+01,1.500000000000000000e+01,4.700000000000000000e+01,3.578477000000000174e+01
4.000617591417000085e+01,-8.303735809014000324e+01,1.830600000000000005e+00,-1.100000000000000066e-03,-3.856437522443000310e-01,4.347597848248800356e-01,1.174092162284399998e-01,4.425879899999999867e-01,-9.829259470000000221e-01,1.067681598000000065e+00,2.024000000000000000e+03,1.100000000000000000e+01,2.400000000000000000e+01,1.500000000000000000e+01,4.700000000000000000e+01,3.585132099999999866e+01
4.000617707204000340e+01,-8.303735809552999569e+01,1.849099999999999966e+00,-1.089999999999999997e-02,-1.607206769144400027e-01,5.353069472895599645e-01,-4.005682620078000050e-02,4.404269720000000277e-01,-9.897570319999999811e-01,7.951411529999999894e-01,2.024000000000000000e+03,1.100000000000000000e+01,2.400000000000000000e+01,1.500000000000000000e+01,4.700000000000000000e+01,3.591599699999999729e+01
4.000617807466999665e+01,-8.303735810506999826e+01,1.867299999999999960e+00,-1.679999999999999896e-02,-1.692222601769000079e-01,5.823537246582199955e-01,7.161240669223999100e-02,4.428252269999999879e-01,-1.010918608000000107e+00,5.614438059999999897e-01,2.024000000000000000e+03,1.100000000000000000e+01,2.400000000000000000e+01,1.500000000000000000e+01,4.700000000000000000e+01,3.598167099999999863e+01
4.000617841084000048e+01,-8.303735810983999954e+01,1.872400000000000064e+00,-2.239999999999999977e-02,-3.987819125471600001e-01,5.424896600819999470e-01,-1.963740986436000036e-01,4.440589999999999815e-01,-1.020217581000000040e+00,4.833909419999999901e-01,2.024000000000000000e+03,1.100000000000000000e+01,2.400000000000000000e+01,1.500000000000000000e+01,4.700000000000000000e+01,3.604808899999999738e+01
4.000618027299999824e+01,-8.303735814368999968e+01,1.890900000000000025e+00,-3.209999999999999659e-02,-2.032399329295600243e-01,2.588306326851799732e-01,-1.550674918962000048e-02,4.292986300000000144e-01,-1.067635376999999997e+00,4.839702199999999788e-02,2.024000000000000000e+03,1.100000000000000000e+01,2.400000000000000000e+01,1.500000000000000000e+01,4.700000000000000000e+01,3.611419300000000021e+01
4.000618147051000051e+01,-8.303735817132999841e+01,1.907200000000000006e+00,-3.790000000000000313e-02,-2.128089004066600065e-01,5.034390238559199870e-01,4.188593259112000089e-02,4.310927780000000098e-01,-1.078482447000000066e+00,3.597813978820000216e+02,2.024000000000000000e+03,1.100000000000000000e+01,2.400000000000000000e+01,1.500000000000000000e+01,4.700000000000000000e+01,3.618041000000000196e+01
4.000618267942000017e+01,-8.303735820827000680e+01,1.924099999999999921e+00,-5.210000000000000048e-02,-3.926438168488400327e-01,4.589478756338199461e-01,4.103311220754000260e-02,4.284860569999999758e-01,-1.099733375000000013e+00,3.595323487009999894e+02,2.024000000000000000e+03,1.100000000000000000e+01,2.400000000000000000e+01,1.500000000000000000e+01,4.700000000000000000e+01,3.624580600000000175e+01
4.000618372238000120e+01,-8.303735824781000474e+01,1.933100000000000041e+00,-6.069999999999999701e-02,-2.392289676323799963e-01,3.047810273824200222e-01,1.544175973004200120e-01,4.124668550000000211e-01,-1.130694494999999966e+00,3.593289796170000159e+02,2.024000000000000000e+03,1.100000000000000000e+01,2.400000000000000000e+01,1.500000000000000000e+01,4.700000000000000000e+01,3.631161999999999779e+01
4.000618494300000094e+01,-8.303735829705000526e+01,1.935899999999999954e+00,-5.879999999999999810e-02,1.928923370198599996e-01,5.693656231854000299e-02,1.211917609673999890e-01,4.020469999999999877e-01,-1.170592392000000093e+00,3.590918842539999787e+02,2.024000000000000000e+03,1.100000000000000000e+01,2.400000000000000000e+01,1.500000000000000000e+01,4.700000000000000000e+01,3.637698300000000273e+01
4.000618598937000314e+01,-8.303735833963999369e+01,1.934299999999999908e+00,-6.260000000000000286e-02,-1.247155400933599861e-01,-3.656075680344000184e-02,-3.079654297073999847e-02,4.169424709999999812e-01,-1.199099214000000080e+00,3.588890818759999775e+02,2.024000000000000000e+03,1.100000000000000000e+01,2.400000000000000000e+01,1.500000000000000000e+01,4.700000000000000000e+01,3.644248999999999938e+01
4.000618703578000179e+01,-8.303735838849000572e+01,1.935999999999999943e+00,-7.670000000000000429e-02,-5.061777898631799610e-01,9.712112114654000705e-02,-4.684580581546000239e-02,4.177227519999999750e-01,-1.220643963000000110e+00,3.586878656490000026e+02,2.024000000000000000e+03,1.100000000000000000e+01,2.400000000000000000e+01,1.500000000000000000e+01,4.700000000000000000e+01,3.650872400000000084e+01
4.000618843137999647e+01,-8.303735847106999302e+01,1.934399999999999897e+00,-9.539999999999999869e-02,-2.643679721575200037e-01,-7.265553523522000345e-02,-6.621199518720000468e-03,3.830364769999999863e-01,-1.250628719000000055e+00,3.584218249699999888e+02,2.024000000000000000e+03,1.100000000000000000e+01,2.400000000000000000e+01,1.500000000000000000e+01,4.700000000000000000e+01,3.657599900000000304e+01
4.000618947612999676e+01,-8.303735853727999938e+01,1.930399999999999894e+00,-9.299999999999999933e-02,1.598356946430599945e-01,-1.063177218694400100e-01,7.340781324207999725e-02,3.711105089999999773e-01,-1.263852651999999965e+00,3.582192194790000030e+02,2.024000000000000000e+03,1.100000000000000000e+01,2.400000000000000000e+01,1.500000000000000000e+01,4.700000000000000000e+01,3.664341499999999741e+01
4.000619069182999965e+01,-8.303735861859999545e+01,1.925000000000000044e+00,-1.063999999999999946e-01,-4.423539473128000332e-01,-8.248850864526000026e-02,-1.287378714600800056e-01,3.754651290000000086e-01,-1.262869016000000011e+00,3.579794884949999982e+02,2.024000000000000000e+03,1.100000000000000000e+01,2.400000000000000000e+01,1.500000000000000000e+01,4.700000000000000000e+01,3.671123500000000206e+01
4.000619190633000244e+01,-8.303735871188999340e+01,1.926099999999999923e+00,-1.185999999999999971e-01,-2.299977972436400009e-01,8.271706887665999930e-02,-1.464513434514800039e-01,3.415146740000000181e-01,-1.255477367999999982e+00,3.577422138730000256e+02,2.024000000000000000e+03,1.100000000000000000e+01,2.400000000000000000e+01,1.500000000000000000e+01,4.700000000000000000e+01,3.677742299999999886e+01
4.000619312039999897e+01,-8.303735880588000384e+01,1.921300000000000008e+00,-1.121000000000000052e-01,2.139369449415199909e-01,-2.160575292179600093e-01,-4.695052936680000483e-02,3.267608439999999947e-01,-1.252487786000000103e+00,3.575099274770000193e+02,2.024000000000000000e+03,1.100000000000000000e+01,2.400000000000000000e+01,1.500000000000000000e+01,4.700000000000000000e+01,3.684662300000000101e+01
4.000619415695999948e+01,-8.303735888452999347e+01,1.913499999999999979e+00,-1.123999999999999999e-01,-1.615239871381999801e-02,-2.255466828886199815e-01,-3.545004241329999944e-02,3.472535190000000105e-01,-1.230335358999999906e+00,3.573112659540000209e+02,2.024000000000000000e+03,1.100000000000000000e+01,2.400000000000000000e+01,1.500000000000000000e+01,4.700000000000000000e+01,3.691192300000000159e+01
4.000619536511999996e+01,-8.303735898143999350e+01,1.917399999999999993e+00,-1.247999999999999943e-01,-3.814499282915799760e-01,1.840957139761200123e-01,3.405641826803999794e-02,3.620843289999999826e-01,-1.199156777000000007e+00,3.570795624329999782e+02,2.024000000000000000e+03,1.100000000000000000e+01,2.400000000000000000e+01,1.500000000000000000e+01,4.700000000000000000e+01,3.697774700000000081e+01
4.000619571096999749e+01,-8.303735901065999769e+01,1.920099999999999918e+00,-1.267999999999999960e-01,-2.687710167084000346e-01,2.389662343455200011e-01,-8.916768682619998984e-03,3.614610030000000029e-01,-1.196605630999999947e+00,3.570140387949999763e+02,2.024000000000000000e+03,1.100000000000000000e+01,2.400000000000000000e+01,1.500000000000000000e+01,4.700000000000000000e+01,3.704395300000000191e+01
4.000619726957000211e+01,-8.303735914639999294e+01,1.919699999999999962e+00,-1.333000000000000018e-01,-1.780487001046600071e-01,-1.369756239716999890e-01,-2.232315275834000079e-02,3.711570470000000177e-01,-1.199159072999999909e+00,3.567249678300000255e+02,2.024000000000000000e+03,1.100000000000000000e+01,2.400000000000000000e+01,1.500000000000000000e+01,4.700000000000000000e+01,3.710932100000000133e+01
4.000619882144000172e+01,-8.303735929273000238e+01,1.910600000000000076e+00,-1.522000000000000020e-01,-5.322624299255600544e-01,-1.326751873660799996e-01,3.464713545343999640e-02,3.776611400000000063e-01,-1.171999344000000054e+00,3.564449114540000210e+02,2.024000000000000000e+03,1.100000000000000000e+01,2.400000000000000000e+01,1.500000000000000000e+01,4.700000000000000000e+01,3.717717400000000083e+01
4.000620002542000009e+01,-8.303735941749999938e+01,1.909499999999999975e+00,-1.603999999999999870e-01,-1.054133850687000024e-01,-2.467891669915999939e-02,1.854895050095999864e-01,3.619656620000000213e-01,-1.145078704999999974e+00,3.562273256720000063e+02,2.024000000000000000e+03,1.100000000000000000e+01,2.400000000000000000e+01,1.500000000000000000e+01,4.700000000000000000e+01,3.724347800000000319e+01
4.000620105685000283e+01,-8.303735952652999686e+01,1.908400000000000096e+00,-1.584000000000000130e-01,1.129185146497199976e-01,-5.266974813229999969e-02,-5.580437334617999873e-02,3.603502900000000175e-01,-1.125734605000000110e+00,3.560401598390000117e+02,2.024000000000000000e+03,1.100000000000000000e+01,2.400000000000000000e+01,1.500000000000000000e+01,4.700000000000000000e+01,3.730947100000000205e+01
4.000620225893000281e+01,-8.303735965680999698e+01,1.905799999999999939e+00,-1.680999999999999994e-01,-3.446686084698999952e-01,-4.974036869681999762e-02,-2.133908310796600039e-01,3.660713130000000093e-01,-1.097120866000000028e+00,3.558263235699999996e+02,2.024000000000000000e+03,1.100000000000000000e+01,2.400000000000000000e+01,1.500000000000000000e+01,4.700000000000000000e+01,3.737755899999999798e+01
4.000620345968999914e+01,-8.303735979159999658e+01,1.903999999999999915e+00,-1.696000000000000008e-01,-2.122488622619999894e-03,-5.560945446795999281e-02,-1.269113258579200043e-01,3.662789020000000173e-01,-1.064829352000000062e+00,3.556182278640000050e+02,2.024000000000000000e+03,1.100000000000000000e+01,2.400000000000000000e+01,1.500000000000000000e+01,4.700000000000000000e+01,3.744625400000000326e+01
4.000620431698000345e+01,-8.303735988933000556e+01,1.903899999999999926e+00,-1.728000000000000091e-01,-1.191669752233600055e-01,-2.057983595999999995e-03,-3.565169950821999584e-02,3.768532250000000139e-01,-1.039660287000000016e+00,3.554715958930000284e+02,2.024000000000000000e+03,1.100000000000000000e+01,2.400000000000000000e+01,1.500000000000000000e+01,4.700000000000000000e+01,3.751252900000000068e+01
4.000620568942999711e+01,-8.303736005297000133e+01,1.906199999999999894e+00,-1.867000000000000048e-01,-4.312834824578399839e-01,9.124153624149999864e-02,-2.313100872466000019e-02,3.903097349999999910e-01,-1.004939003000000053e+00,3.552319829099999993e+02,2.024000000000000000e+03,1.100000000000000000e+01,2.400000000000000000e+01,1.500000000000000000e+01,4.700000000000000000e+01,3.758061699999999661e+01
4.000620689144000153e+01,-8.303736020799000528e+01,1.907399999999999984e+00,-2.000000000000000111e-01,-3.945141516844000162e-01,5.435212305124000054e-02,9.766550136502000212e-02,3.838631610000000083e-01,-9.843731919999999525e-01,3.550210671209999873e+02,2.024000000000000000e+03,1.100000000000000000e+01,2.400000000000000000e+01,1.500000000000000000e+01,4.700000000000000000e+01,3.764657400000000109e+01
4.000620809322000326e+01,-8.303736037152999927e+01,1.905499999999999972e+00,-2.069999999999999896e-01,-3.378732488051999772e-01,-8.246131697479999745e-02,-4.937112847824000339e-02,3.777068000000000092e-01,-9.659681190000000139e-01,3.548158558750000111e+02,2.024000000000000000e+03,1.100000000000000000e+01,2.400000000000000000e+01,1.500000000000000000e+01,4.700000000000000000e+01,3.771561400000000219e+01
4.000620912211000046e+01,-8.303736051651000594e+01,1.903899999999999926e+00,-2.142000000000000015e-01,-2.796327716583199563e-01,-9.183027846760000515e-03,-6.871092566653999589e-02,3.718156089999999914e-01,-9.417746860000000275e-01,3.546412445029999958e+02,2.024000000000000000e+03,1.100000000000000000e+01,2.400000000000000000e+01,1.500000000000000000e+01,4.700000000000000000e+01,3.778250200000000092e+01
4.000621032312999859e+01,-8.303736068902000511e+01,1.906199999999999894e+00,-2.149999999999999967e-01,2.544909717121999690e-02,2.682890107687999764e-02,-7.085579629500000573e-03,3.613128669999999820e-01,-9.191445299999999596e-01,3.544381810589999873e+02,2.024000000000000000e+03,1.100000000000000000e+01,2.400000000000000000e+01,1.500000000000000000e+01,4.700000000000000000e+01,3.785021700000000067e+01
4.000621152507999767e+01,-8.303736086256999727e+01,1.907299999999999995e+00,-2.164999999999999980e-01,-6.246032539475999956e-02,2.264869020671999786e-02,1.246424607714800015e-01,3.618538989999999789e-01,-9.024499030000000532e-01,3.542396548130000156e+02,2.024000000000000000e+03,1.100000000000000000e+01,2.400000000000000000e+01,1.500000000000000000e+01,4.700000000000000000e+01,3.791784299999999774e+01
4.000621272795000039e+01,-8.303736104159999343e+01,1.908800000000000052e+00,-2.281999999999999862e-01,-4.054476149348800185e-01,5.521787493412000369e-02,-3.863971458708000128e-02,3.640420810000000174e-01,-8.908760719999999633e-01,3.540497108079999862e+02,2.024000000000000000e+03,1.100000000000000000e+01,2.400000000000000000e+01,1.500000000000000000e+01,4.700000000000000000e+01,3.798482800000000026e+01
4.000621307174999686e+01,-8.303736109371999419e+01,1.909299999999999997e+00,-2.272000000000000131e-01,-1.237084679557200056e-01,4.245785089581999988e-02,-1.978114613631999988e-02,3.653461519999999796e-01,-8.883080890000000229e-01,3.539960646860000111e+02,2.024000000000000000e+03,1.100000000000000000e+01,2.400000000000000000e+01,1.500000000000000000e+01,4.700000000000000000e+01,3.805119599999999735e+01
4.000621462021000241e+01,-8.303736133339999981e+01,1.911699999999999955e+00,-2.369999999999999885e-01,-3.137136028844799696e-01,7.568606427142000881e-02,1.295131788529199912e-01,3.644602439999999888e-01,-8.876708410000000438e-01,3.537536700850000102e+02,2.024000000000000000e+03,1.100000000000000000e+01,2.400000000000000000e+01,1.500000000000000000e+01,4.700000000000000000e+01,3.811751799999999690e+01
4.000621582269000243e+01,-8.303736152829999639e+01,1.908099999999999907e+00,-2.456000000000000127e-01,-1.429907320601599974e-01,-7.071080108186000857e-02,7.377026674439999578e-03,3.470138460000000147e-01,-8.889124360000000280e-01,3.535653782050000018e+02,2.024000000000000000e+03,1.100000000000000000e+01,2.400000000000000000e+01,1.500000000000000000e+01,4.700000000000000000e+01,3.818347500000000139e+01
4.000621719576000146e+01,-8.303736175544999298e+01,1.908700000000000063e+00,-2.514000000000000123e-01,-1.452783766145399891e-01,5.152827359517999500e-02,8.702718583364001115e-02,3.370287290000000269e-01,-8.961004030000000453e-01,3.533621137210000143e+02,2.024000000000000000e+03,1.100000000000000000e+01,2.400000000000000000e+01,1.500000000000000000e+01,4.700000000000000000e+01,3.825056000000000012e+01
4.000621839752000142e+01,-8.303736195842999734e+01,1.908400000000000096e+00,-2.536999999999999811e-01,-4.843879424013999846e-02,-4.505871255000000008e-04,-8.259029564966000048e-02,3.319913859999999994e-01,-9.143303480000000150e-01,3.531897565369999938e+02,2.024000000000000000e+03,1.100000000000000000e+01,2.400000000000000000e+01,1.500000000000000000e+01,4.700000000000000000e+01,3.831863400000000297e+01
4.000621959795000038e+01,-8.303736216033999540e+01,1.904300000000000104e+00,-2.535000000000000031e-01,-1.464735802141400034e-01,-1.160470200348800024e-01,-1.854930346007799824e-01,3.363038420000000195e-01,-9.308370259999999563e-01,3.530180959859999916e+02,2.024000000000000000e+03,1.100000000000000000e+01,2.400000000000000000e+01,1.500000000000000000e+01,4.700000000000000000e+01,3.838547599999999704e+01
4.000622062462999651e+01,-8.303736233610000284e+01,1.900700000000000056e+00,-2.570999999999999952e-01,-7.987652864716000833e-02,-8.879081127445999366e-02,-1.602975719930599952e-01,3.324731830000000055e-01,-9.345178259999999959e-01,3.528797240380000062e+02,2.024000000000000000e+03,1.100000000000000000e+01,2.400000000000000000e+01,1.500000000000000000e+01,4.700000000000000000e+01,3.845213499999999840e+01
4.000622164995999697e+01,-8.303736251466999363e+01,1.899000000000000021e+00,-2.614000000000000212e-01,-1.259938228229000035e-01,-1.548007223538000118e-02,1.205930116025999942e-02,3.330689130000000220e-01,-9.369578969999999840e-01,3.527524682310000230e+02,2.024000000000000000e+03,1.100000000000000000e+01,2.400000000000000000e+01,1.500000000000000000e+01,4.700000000000000000e+01,3.851840299999999928e+01
4.000622284530999906e+01,-8.303736272963999454e+01,1.896600000000000064e+00,-2.740000000000000213e-01,-4.155514543340999567e-01,-4.507335037109999609e-02,7.501910738908000587e-02,3.303497799999999818e-01,-9.444740249999999948e-01,3.526160418599999957e+02,2.024000000000000000e+03,1.100000000000000000e+01,2.400000000000000000e+01,1.500000000000000000e+01,4.700000000000000000e+01,3.858520200000000244e+01
4.000622404095999940e+01,-8.303736295237999343e+01,1.899899999999999922e+00,-2.807999999999999940e-01,-2.239566948294799964e-01,9.986422350314000385e-02,4.977606386181999965e-02,3.127418739999999753e-01,-9.597183040000000220e-01,3.524854705770000010e+02,2.024000000000000000e+03,1.100000000000000000e+01,2.400000000000000000e+01,1.500000000000000000e+01,4.700000000000000000e+01,3.865407299999999680e+01
4.000622523636999972e+01,-8.303736318152999729e+01,1.895000000000000018e+00,-2.918999999999999928e-01,-4.773518351104600321e-01,-1.474218246152199929e-01,9.550646809243999724e-02,2.804892909999999739e-01,-9.868659130000000390e-01,3.523584269520000021e+02,2.024000000000000000e+03,1.100000000000000000e+01,2.400000000000000000e+01,1.500000000000000000e+01,4.700000000000000000e+01,3.872099000000000046e+01
4.000622642665999962e+01,-8.303736342432999606e+01,1.884500000000000064e+00,-3.089999999999999969e-01,-4.754682904242800157e-01,-2.790407172328600027e-01,-1.053484206530000064e-02,2.012288409999999916e-01,-1.002882194999999976e+00,3.522432557829999951e+02,2.024000000000000000e+03,1.100000000000000000e+01,2.400000000000000000e+01,1.500000000000000000e+01,4.700000000000000000e+01,3.878735600000000261e+01
4.000622744108999740e+01,-8.303736363749999327e+01,1.873399999999999954e+00,-3.078000000000000180e-01,2.508288547900000120e-03,-4.082326725603400153e-01,1.012874763269000083e-01,1.244920179999999960e-01,-1.000686275000000069e+00,3.521487357440000210e+02,2.024000000000000000e+03,1.100000000000000000e+01,2.400000000000000000e+01,1.500000000000000000e+01,4.700000000000000000e+01,3.885425200000000245e+01
4.000622861776999883e+01,-8.303736387770000249e+01,1.864600000000000035e+00,-2.878999999999999893e-01,6.162595171903000324e-01,-2.744532568803600414e-01,1.243753600993800085e-01,7.961122399999999433e-02,-9.727095500000000339e-01,3.520355888440000172e+02,2.024000000000000000e+03,1.100000000000000000e+01,2.400000000000000000e+01,1.500000000000000000e+01,4.700000000000000000e+01,3.892087399999999775e+01
4.000622979066000084e+01,-8.303736410499999465e+01,1.860500000000000043e+00,-2.775000000000000244e-01,1.866962353756400073e-01,-1.403530277209399935e-01,-5.691511674268000254e-02,7.872328000000000658e-02,-9.376838619999999791e-01,3.519275723370000151e+02,2.024000000000000000e+03,1.100000000000000000e+01,2.400000000000000000e+01,1.500000000000000000e+01,4.700000000000000000e+01,3.899022099999999824e+01
4.000623012535000100e+01,-8.303736416908000706e+01,1.859299999999999953e+00,-2.776000000000000134e-01,7.153671474098000083e-02,-1.409720443474800078e-01,-2.994087071502000291e-02,7.856633500000000103e-02,-9.295333049999999764e-01,3.518991476489999854e+02,2.024000000000000000e+03,1.100000000000000000e+01,2.400000000000000000e+01,1.500000000000000000e+01,4.700000000000000000e+01,3.905709600000000137e+01
4.000623179688000164e+01,-8.303736449164999556e+01,1.854800000000000004e+00,-2.813999999999999835e-01,-5.581652171963999431e-02,-1.469143820364799957e-01,-5.149667772251999287e-02,4.695334999999999787e-02,-8.935296069999999480e-01,3.517612005380000255e+02,2.024000000000000000e+03,1.100000000000000000e+01,2.400000000000000000e+01,1.500000000000000000e+01,4.700000000000000000e+01,3.912362399999999951e+01
4.000623279610999816e+01,-8.303736468175000596e+01,1.844100000000000072e+00,-2.767999999999999905e-01,1.004616859315999866e-01,-4.355745137787399579e-01,2.216473103822000010e-02,5.097164400000000345e-02,-8.734489549999999713e-01,3.516673817640000266e+02,2.024000000000000000e+03,1.100000000000000000e+01,2.400000000000000000e+01,1.500000000000000000e+01,4.700000000000000000e+01,3.918976599999999877e+01
4.000623428312000129e+01,-8.303736496541999657e+01,1.828600000000000003e+00,-2.833999999999999853e-01,-3.037562858977399527e-01,-1.651400547933000174e-01,5.896135373736000745e-02,8.991029700000000013e-02,-8.012428590000000295e-01,3.515239194119999979e+02,2.024000000000000000e+03,1.100000000000000000e+01,2.400000000000000000e+01,1.500000000000000000e+01,4.700000000000000000e+01,3.925721599999999967e+01
4.000623527017000214e+01,-8.303736516181000127e+01,1.825800000000000090e+00,-2.908999999999999919e-01,-1.665470400801200013e-01,-7.081290490746000588e-02,1.634273989392799886e-01,7.956977699999999432e-02,-7.568424569999999685e-01,3.514400356020000231e+02,2.024000000000000000e+03,1.100000000000000000e+01,2.400000000000000000e+01,1.500000000000000000e+01,4.700000000000000000e+01,3.932322599999999824e+01
4.000623641911000306e+01,-8.303736539119999804e+01,1.819399999999999906e+00,-2.862999999999999989e-01,5.961792049866000004e-02,-2.329729042868600164e-01,-1.485410015614199997e-01,7.582287999999999528e-02,-7.167495390000000466e-01,3.513488439600000106e+02,2.024000000000000000e+03,1.100000000000000000e+01,2.400000000000000000e+01,1.500000000000000000e+01,4.700000000000000000e+01,3.938835600000000170e+01
4.000623739947000246e+01,-8.303736558638000531e+01,1.809800000000000075e+00,-2.878000000000000003e-01,-1.722050310993999966e-01,-3.288632819822600029e-01,-1.196380025680399972e-01,8.885139300000000073e-02,-6.758716599999999852e-01,3.512654619369999978e+02,2.024000000000000000e+03,1.100000000000000000e+01,2.400000000000000000e+01,1.500000000000000000e+01,4.700000000000000000e+01,3.945477900000000204e+01
4.000623853754999715e+01,-8.303736581657000215e+01,1.801199999999999912e+00,-2.893999999999999906e-01,-5.860648305279999616e-03,-2.473236683631599986e-01,-8.407117250763999905e-02,9.356097600000000403e-02,-6.161856350000000093e-01,3.511565824769999722e+02,2.024000000000000000e+03,1.100000000000000000e+01,2.400000000000000000e+01,1.500000000000000000e+01,4.700000000000000000e+01,3.952158299999999969e+01
4.000623967181999774e+01,-8.303736604760000262e+01,1.797700000000000076e+00,-2.916000000000000258e-01,-7.795626141952000099e-02,-8.689290491491999391e-02,6.527127170966000314e-02,1.091423720000000014e-01,-5.592931509999999884e-01,3.510483606000000236e+02,2.024000000000000000e+03,1.100000000000000000e+01,2.400000000000000000e+01,1.500000000000000000e+01,4.700000000000000000e+01,3.958976200000000034e+01
4.000624064184999895e+01,-8.303736624879999795e+01,1.792799999999999949e+00,-2.985999999999999766e-01,-3.167772391471599946e-01,-1.470114967540600004e-01,4.866611087898000537e-02,1.190407059999999961e-01,-5.172523390000000054e-01,3.509696116100000154e+02,2.024000000000000000e+03,1.100000000000000000e+01,2.400000000000000000e+01,1.500000000000000000e+01,4.700000000000000000e+01,3.965600700000000245e+01
4.000624177019999905e+01,-8.303736648800999376e+01,1.787900000000000045e+00,-2.998000000000000109e-01,3.308689748101999867e-02,-1.302546914680600132e-01,-1.000379219399999929e-02,1.132385800000000053e-01,-4.706567609999999791e-01,3.508873283209999840e+02,2.024000000000000000e+03,1.100000000000000000e+01,2.400000000000000000e+01,1.500000000000000000e+01,4.700000000000000000e+01,3.972311400000000248e+01
4.000624289566999892e+01,-8.303736672475000091e+01,1.783600000000000074e+00,-2.942000000000000171e-01,7.403466840868000443e-02,-1.340027405378000080e-01,3.086264251482000176e-02,1.289534129999999890e-01,-4.279255679999999784e-01,3.507981419750000214e+02,2.024000000000000000e+03,1.100000000000000000e+01,2.400000000000000000e+01,1.500000000000000000e+01,4.700000000000000000e+01,3.978980399999999662e+01
4.000624401796999763e+01,-8.303736696117999827e+01,1.777300000000000102e+00,-2.967000000000000193e-01,-7.138124639139999117e-02,-1.801836435750600041e-01,-9.323503617040001037e-03,1.529500599999999988e-01,-3.911004399999999936e-01,3.506966472010000189e+02,2.024000000000000000e+03,1.100000000000000000e+01,2.400000000000000000e+01,1.500000000000000000e+01,4.700000000000000000e+01,3.985589099999999974e+01
4.000624497745000241e+01,-8.303736716509999383e+01,1.774100000000000010e+00,-2.983999999999999986e-01,-4.528069169628000379e-02,-1.050901784182600024e-01,7.598333706191999493e-02,1.659515370000000101e-01,-3.601752870000000106e-01,3.506143041010000161e+02,2.024000000000000000e+03,1.100000000000000000e+01,2.400000000000000000e+01,1.500000000000000000e+01,4.700000000000000000e+01,3.992226600000000047e+01
4.000624609455000069e+01,-8.303736740400999849e+01,1.769600000000000062e+00,-2.978999999999999981e-01,7.682577245574000180e-02,-1.717614075021000053e-01,-6.782560092414000041e-02,1.781290859999999920e-01,-3.297006219999999987e-01,3.505285347760000150e+02,2.024000000000000000e+03,1.100000000000000000e+01,2.400000000000000000e+01,1.500000000000000000e+01,4.700000000000000000e+01,3.998874800000000107e+01
4.000624641307000218e+01,-8.303736747217000413e+01,1.767800000000000038e+00,-2.983000000000000096e-01,5.942880376111999569e-02,-1.747034267660599882e-01,9.189012428303999780e-02,1.846969270000000107e-01,-3.190862289999999990e-01,3.505056987770000205e+02,2.024000000000000000e+03,1.100000000000000000e+01,2.400000000000000000e+01,1.500000000000000000e+01,4.700000000000000000e+01,4.005541699999999850e+01
4.000624800010000115e+01,-8.303736782113999482e+01,1.757300000000000084e+00,-3.146999999999999797e-01,-4.541534610860599730e-01,-1.400091565666800042e-01,-2.371350530361799880e-01,1.993524909999999928e-01,-2.623647159999999978e-01,3.503908078480000086e+02,2.024000000000000000e+03,1.100000000000000000e+01,2.400000000000000000e+01,1.500000000000000000e+01,4.700000000000000000e+01,4.012227599999999939e+01
4.000624910833000314e+01,-8.303736807522000163e+01,1.754099999999999993e+00,-3.246999999999999886e-01,-1.851197401131599862e-01,-6.923208550136000783e-02,9.597539601018000022e-02,1.656095800000000062e-01,-2.269051790000000124e-01,3.503051807219999887e+02,2.024000000000000000e+03,1.100000000000000000e+01,2.400000000000000000e+01,1.500000000000000000e+01,4.700000000000000000e+01,4.018975900000000223e+01
4.000625021423000049e+01,-8.303736833437000087e+01,1.749300000000000077e+00,-3.301000000000000045e-01,-2.975698742921399909e-01,-1.197894893465400040e-01,5.498003354321999436e-02,1.388546280000000077e-01,-2.010498019999999997e-01,3.502224894049999762e+02,2.024000000000000000e+03,1.100000000000000000e+01,2.400000000000000000e+01,1.500000000000000000e+01,4.700000000000000000e+01,4.025836400000000026e+01
4.000625147462000086e+01,-8.303736863461000439e+01,1.745600000000000041e+00,-3.307999999999999829e-01,-1.126464529324199965e-01,-4.563236553476000129e-02,1.461195720677399834e-01,1.078628870000000045e-01,-1.788494240000000068e-01,3.501352873349999868e+02,2.024000000000000000e+03,1.100000000000000000e+01,2.400000000000000000e+01,1.500000000000000000e+01,4.700000000000000000e+01,4.032605399999999918e+01
4.000625241897999729e+01,-8.303736885668000411e+01,1.746099999999999985e+00,-3.195000000000000062e-01,4.836416426964199600e-01,-3.263684630889999994e-02,2.570351402664399765e-01,8.705450700000000319e-02,-1.757689910000000133e-01,3.500680018769999720e+02,2.024000000000000000e+03,1.100000000000000000e+01,2.400000000000000000e+01,1.500000000000000000e+01,4.700000000000000000e+01,4.039240300000000161e+01
4.000625352136999879e+01,-8.303736910631999990e+01,1.747300000000000075e+00,-3.104000000000000092e-01,1.524806790706000059e-01,2.781919893326000037e-02,-7.757474420399998981e-04,8.660046700000000042e-02,-1.877420160000000116e-01,3.499850837600000091e+02,2.024000000000000000e+03,1.100000000000000000e+01,2.400000000000000000e+01,1.500000000000000000e+01,4.700000000000000000e+01,4.045859899999999953e+01
4.000625462402000210e+01,-8.303736934876999953e+01,1.746499999999999941e+00,-3.020999999999999797e-01,1.815132749569000059e-01,-6.537458850468000349e-02,-6.030605488374000261e-02,1.061521470000000023e-01,-2.076585049999999932e-01,3.499068265409999867e+02,2.024000000000000000e+03,1.100000000000000000e+01,2.400000000000000000e+01,1.500000000000000000e+01,4.700000000000000000e+01,4.052617099999999795e+01
4.000625556706000197e+01,-8.303736955672999898e+01,1.740399999999999947e+00,-3.074999999999999956e-01,-1.677384624831200211e-01,-1.701104575987399947e-01,-1.153001130740600039e-01,1.366175550000000016e-01,-2.228749180000000052e-01,3.498544287619999977e+02,2.024000000000000000e+03,1.100000000000000000e+01,2.400000000000000000e+01,1.500000000000000000e+01,4.700000000000000000e+01,4.059313499999999664e+01
4.000625666193000285e+01,-8.303736980799000378e+01,1.730499999999999927e+00,-3.201999999999999846e-01,-2.876747007245200050e-01,-1.920637079929999880e-01,4.118027828919999800e-02,1.520546170000000030e-01,-2.368173540000000077e-01,3.497983488520000037e+02,2.024000000000000000e+03,1.100000000000000000e+01,2.400000000000000000e+01,1.500000000000000000e+01,4.700000000000000000e+01,4.066190600000000188e+01
4.000625775155999975e+01,-8.303737006337000537e+01,1.723400000000000043e+00,-3.205000000000000071e-01,-7.805741282900000022e-03,-1.653571434597800038e-01,6.150862502740000667e-03,1.491240930000000131e-01,-2.493794360000000099e-01,3.497276480979999747e+02,2.024000000000000000e+03,1.100000000000000000e+01,2.400000000000000000e+01,1.500000000000000000e+01,4.700000000000000000e+01,4.073101599999999678e+01
4.000625883744999811e+01,-8.303737031833000515e+01,1.717999999999999972e+00,-3.210000000000000075e-01,-1.068371551510799988e-01,-1.363421745068000013e-01,2.096991414797999900e-02,1.486658349999999962e-01,-2.607828870000000188e-01,3.496518984530000012e+02,2.024000000000000000e+03,1.100000000000000000e+01,2.400000000000000000e+01,1.500000000000000000e+01,4.700000000000000000e+01,4.079738100000000145e+01
4.000625992078000337e+01,-8.303737057975000369e+01,1.715899999999999981e+00,-3.327999999999999847e-01,-3.101167298849600296e-01,1.729294322264000178e-02,3.571195618267999916e-02,1.354483509999999946e-01,-2.838024729999999995e-01,3.495907200240000066e+02,2.024000000000000000e+03,1.100000000000000000e+01,2.400000000000000000e+01,1.500000000000000000e+01,4.700000000000000000e+01,4.086354000000000042e+01
4.000626084879999667e+01,-8.303737080928999603e+01,1.714399999999999924e+00,-3.366999999999999993e-01,-1.072291089131399977e-01,-6.240348037658000058e-02,-1.486836552286799895e-01,1.129707300000000053e-01,-3.204193619999999854e-01,3.495495620699999790e+02,2.024000000000000000e+03,1.100000000000000000e+01,2.400000000000000000e+01,1.500000000000000000e+01,4.700000000000000000e+01,4.093080900000000355e+01
4.000626192765999889e+01,-8.303737107725000044e+01,1.704199999999999937e+00,-3.328999999999999737e-01,9.585717631559999286e-02,-3.348242356869000069e-01,-5.624739689830000194e-02,9.101510100000000103e-02,-3.593448390000000270e-01,3.494989550689999760e+02,2.024000000000000000e+03,1.100000000000000000e+01,2.400000000000000000e+01,1.500000000000000000e+01,4.700000000000000000e+01,4.099986799999999931e+01
4.000626223465999942e+01,-8.303737115312999606e+01,1.700900000000000079e+00,-3.317999999999999838e-01,1.399131927254599894e-01,-3.335585260815600028e-01,-6.908431115995999905e-02,8.575678600000000151e-02,-3.671326069999999997e-01,3.494809770530000037e+02,2.024000000000000000e+03,1.100000000000000000e+01,2.400000000000000000e+01,1.500000000000000000e+01,4.700000000000000000e+01,4.106697799999999887e+01
4.000626360998000308e+01,-8.303737149041999999e+01,1.691899999999999959e+00,-3.256000000000000005e-01,8.591918904942000279e-02,-1.077978062159200001e-01,-3.238835546833999934e-02,6.391221199999999603e-02,-3.762478020000000201e-01,3.493868714579999732e+02,2.024000000000000000e+03,1.100000000000000000e+01,2.400000000000000000e+01,1.500000000000000000e+01,4.700000000000000000e+01,4.113300600000000173e+01
4.000626452638999808e+01,-8.303737171336000245e+01,1.695400000000000018e+00,-3.235000000000000098e-01,1.084465412461600026e-01,9.264914950260000337e-02,6.921723082199999913e-04,5.608521200000000234e-02,-3.913932969999999734e-01,3.493288190050000139e+02,2.024000000000000000e+03,1.100000000000000000e+01,2.400000000000000000e+01,1.500000000000000000e+01,4.700000000000000000e+01,4.120020099999999985e+01
4.000626605515000023e+01,-8.303737208006999992e+01,1.691999999999999948e+00,-3.178000000000000269e-01,5.563113332760000196e-02,-2.078582938083600173e-01,-8.906606829485999577e-02,7.172668399999999889e-02,-4.419517020000000018e-01,3.492521366990000047e+02,2.024000000000000000e+03,1.100000000000000000e+01,2.400000000000000000e+01,1.500000000000000000e+01,4.700000000000000000e+01,4.127082999999999657e+01
4.000626712159999698e+01,-8.303737233235000303e+01,1.686900000000000066e+00,-3.151999999999999802e-01,-1.101747158007599925e-01,-1.463081806099199855e-01,-8.316577190946000675e-02,1.014201309999999967e-01,-4.625103580000000103e-01,3.491954441810000276e+02,2.024000000000000000e+03,1.100000000000000000e+01,2.400000000000000000e+01,1.500000000000000000e+01,4.700000000000000000e+01,4.133873599999999726e+01
4.000626803494999706e+01,-8.303737254911000321e+01,1.687899999999999956e+00,-3.196999999999999842e-01,-2.891862582765200029e-01,4.124332378365999641e-02,5.062957040938000086e-02,1.261420779999999908e-01,-4.829297339999999994e-01,3.491390276590000212e+02,2.024000000000000000e+03,1.100000000000000000e+01,2.400000000000000000e+01,1.500000000000000000e+01,4.700000000000000000e+01,4.140580200000000133e+01
4.000626924928999983e+01,-8.303737284627999315e+01,1.677300000000000013e+00,-3.304000000000000270e-01,-2.872519137295400093e-01,-2.708170173852399998e-01,1.951753309063999908e-02,1.238310529999999965e-01,-5.050036679999999611e-01,3.490590251739999985e+02,2.024000000000000000e+03,1.100000000000000000e+01,2.400000000000000000e+01,1.500000000000000000e+01,4.700000000000000000e+01,4.147317600000000226e+01
4.000627015340000270e+01,-8.303737307942999735e+01,1.665000000000000036e+00,-3.453999999999999848e-01,-5.041190007641600523e-01,-3.149717419980599953e-01,5.803478126389999964e-02,9.886830800000000197e-02,-5.077929759999999515e-01,3.490084108579999906e+02,2.024000000000000000e+03,1.100000000000000000e+01,2.400000000000000000e+01,1.500000000000000000e+01,4.700000000000000000e+01,4.154125899999999660e+01
4.000627119927000308e+01,-8.303737336253000478e+01,1.649100000000000010e+00,-3.595999999999999752e-01,-4.828680802846399556e-01,-3.730728302191400059e-01,1.336413367674000041e-01,4.211879100000000264e-02,-4.881217860000000019e-01,3.489537853580000046e+02,2.024000000000000000e+03,1.100000000000000000e+01,2.400000000000000000e+01,1.500000000000000000e+01,4.700000000000000000e+01,4.161363200000000262e+01
4.000627223883000028e+01,-8.303737364897999385e+01,1.645000000000000018e+00,-3.518000000000000016e-01,3.457849385153199950e-01,-1.448550766805200007e-01,6.596124522729999995e-02,-2.291201799999999927e-02,-4.505167849999999752e-01,3.488929649649999760e+02,2.024000000000000000e+03,1.100000000000000000e+01,2.400000000000000000e+01,1.500000000000000000e+01,4.700000000000000000e+01,4.168109299999999706e+01
4.000627327333000238e+01,-8.303737392485000157e+01,1.632600000000000051e+00,-3.357999999999999874e-01,3.421285823614800270e-01,-4.587728596635000100e-01,3.944223003729999816e-02,-4.851154199999999778e-02,-4.064024079999999928e-01,3.488218836209999836e+02,2.024000000000000000e+03,1.100000000000000000e+01,2.400000000000000000e+01,1.500000000000000000e+01,4.700000000000000000e+01,4.174810599999999994e+01
4.000627415348999705e+01,-8.303737415301000624e+01,1.622000000000000108e+00,-3.266999999999999904e-01,2.430080363894600026e-01,-3.756790535651000074e-01,8.313730969572000196e-02,-5.533172900000000310e-02,-3.504832720000000124e-01,3.487612090150000199e+02,2.024000000000000000e+03,1.100000000000000000e+01,2.400000000000000000e+01,1.500000000000000000e+01,4.700000000000000000e+01,4.181475400000000064e+01
4.000627517716999648e+01,-8.303737440836999895e+01,1.622500000000000053e+00,-3.121999999999999775e-01,3.590079091697400138e-01,-8.310671055580001049e-03,4.345900955970000146e-02,-3.584428199999999815e-02,-2.857705680000000026e-01,3.486944257440000001e+02,2.024000000000000000e+03,1.100000000000000000e+01,2.400000000000000000e+01,1.500000000000000000e+01,4.700000000000000000e+01,4.188198700000000230e+01
4.000627620112999949e+01,-8.303737465480000424e+01,1.621399999999999952e+00,-3.037000000000000255e-01,1.473437463781800127e-01,-1.092367967707200127e-01,-6.014297322212000529e-02,2.135385999999999881e-02,-2.460922979999999871e-01,3.486304740410000136e+02,2.024000000000000000e+03,1.100000000000000000e+01,2.400000000000000000e+01,1.500000000000000000e+01,4.700000000000000000e+01,4.194843999999999795e+01
4.000627693090000037e+01,-8.303737482869999553e+01,1.616800000000000015e+00,-3.030999999999999805e-01,-2.495436770844000271e-02,-1.717748366303999963e-01,-4.310597365170000528e-02,6.979712999999999889e-02,-2.241946009999999934e-01,3.485810922410000217e+02,2.024000000000000000e+03,1.100000000000000000e+01,2.400000000000000000e+01,1.500000000000000000e+01,4.700000000000000000e+01,4.201690599999999876e+01
4.000627736762999831e+01,-8.303737493356000243e+01,1.612700000000000022e+00,-3.058000000000000163e-01,-1.778304545011200055e-01,-2.225296730365400044e-01,-1.026567881187600006e-01,9.719279200000000007e-02,-2.111700790000000105e-01,3.485513937910000095e+02,2.024000000000000000e+03,1.100000000000000000e+01,2.400000000000000000e+01,1.500000000000000000e+01,4.700000000000000000e+01,4.208315000000000339e+01
4.000627895721999749e+01,-8.303737532924999698e+01,1.595800000000000107e+00,-3.225000000000000089e-01,-2.593928826929799980e-01,-1.110057199214399964e-01,-2.437445879399999932e-02,1.519572210000000034e-01,-1.456606950000000067e-01,3.484491246630000205e+02,2.024000000000000000e+03,1.100000000000000000e+01,2.400000000000000000e+01,1.500000000000000000e+01,4.700000000000000000e+01,4.214977999999999980e+01
4.000627967743999847e+01,-8.303737551371000336e+01,1.598400000000000043e+00,-3.286999999999999922e-01,-1.723958132507399932e-01,1.292612015752799826e-01,-1.814045014579999948e-02,1.633462360000000058e-01,-1.232370059999999962e-01,3.484097577329999922e+02,2.024000000000000000e+03,1.100000000000000000e+01,2.400000000000000000e+01,1.500000000000000000e+01,4.700000000000000000e+01,4.221669700000000347e+01
4.000628111865999870e+01,-8.303737589141999820e+01,1.594899999999999984e+00,-3.368999999999999773e-01,-1.390581403553200202e-01,-1.723604406659000055e-01,-6.935050050977999148e-02,1.651186169999999953e-01,-1.171438159999999978e-01,3.483337466169999743e+02,2.024000000000000000e+03,1.100000000000000000e+01,2.400000000000000000e+01,1.500000000000000000e+01,4.700000000000000000e+01,4.228672000000000253e+01
4.000628197905999883e+01,-8.303737612112000477e+01,1.585900000000000087e+00,-3.372999999999999887e-01,-2.910251688758000096e-02,-3.018309169281599980e-01,3.686055013599999746e-03,1.463465740000000070e-01,-1.038890150000000012e-01,3.482939555599999721e+02,2.024000000000000000e+03,1.100000000000000000e+01,2.400000000000000000e+01,1.500000000000000000e+01,4.700000000000000000e+01,4.235693400000000253e+01
4.000628312090999827e+01,-8.303737642675000075e+01,1.580899999999999972e+00,-3.352999999999999869e-01,5.465122010003999747e-02,-8.879240991881999501e-02,8.058479796112000271e-02,1.260162380000000026e-01,-6.908273600000000569e-02,3.482542117909999888e+02,2.024000000000000000e+03,1.100000000000000000e+01,2.400000000000000000e+01,1.500000000000000000e+01,4.700000000000000000e+01,4.242747700000000322e+01
4.000628411990000188e+01,-8.303737669084000572e+01,1.582999999999999963e+00,-3.301000000000000045e-01,1.322330579786399896e-01,-1.099653619292000062e-02,2.428609650743999981e-02,1.193718710000000044e-01,-4.758861899999999867e-02,3.482260441739999806e+02,2.024000000000000000e+03,1.100000000000000000e+01,2.400000000000000000e+01,1.500000000000000000e+01,4.700000000000000000e+01,4.249538499999999885e+01
4.000628497571000253e+01,-8.303737691336999660e+01,1.580100000000000060e+00,-3.235999999999999988e-01,1.819826906981200088e-01,-1.834555724534399912e-01,4.013886113986000342e-02,1.247355899999999934e-01,-3.110806199999999883e-02,3.482015232940000260e+02,2.024000000000000000e+03,1.100000000000000000e+01,2.400000000000000000e+01,1.500000000000000000e+01,4.700000000000000000e+01,4.256293900000000008e+01
4.000628597077999871e+01,-8.303737716966999471e+01,1.573299999999999921e+00,-3.227999999999999758e-01,-1.032490181642199967e-01,-1.820241242319400043e-01,5.697621350767999998e-02,1.359653590000000078e-01,-4.102736000000000056e-03,3.481770292549999795e+02,2.024000000000000000e+03,1.100000000000000000e+01,2.400000000000000000e+01,1.500000000000000000e+01,4.700000000000000000e+01,4.263060000000000116e+01
4.000628696348000091e+01,-8.303737742523000520e+01,1.572699999999999987e+00,-3.207999999999999741e-01,5.100694730156000306e-02,4.049671966419999929e-03,4.757962471775999819e-02,1.454294120000000079e-01,2.564538900000000107e-02,3.481641526789999830e+02,2.024000000000000000e+03,1.100000000000000000e+01,2.400000000000000000e+01,1.500000000000000000e+01,4.700000000000000000e+01,4.269818599999999975e+01
4.000628795589999953e+01,-8.303737768061000679e+01,1.572400000000000020e+00,-3.206999999999999851e-01,6.477552953740000306e-03,-2.358963689872000183e-02,-6.601955827875999328e-02,1.553853089999999992e-01,4.479555400000000132e-02,3.481567193280000083e+02,2.024000000000000000e+03,1.100000000000000000e+01,2.400000000000000000e+01,1.500000000000000000e+01,4.700000000000000000e+01,4.276721500000000020e+01
4.000628894586999706e+01,-8.303737793655000132e+01,1.563700000000000090e+00,-3.227999999999999758e-01,-1.754007070650399902e-01,-2.819777542875400167e-01,-6.653332743235999824e-02,1.596598830000000024e-01,6.685437599999999314e-02,3.481476492959999973e+02,2.024000000000000000e+03,1.100000000000000000e+01,2.400000000000000000e+01,1.500000000000000000e+01,4.700000000000000000e+01,4.283579300000000245e+01
4.000628978932999757e+01,-8.303737815563999902e+01,1.554699999999999971e+00,-3.192999999999999727e-01,5.817672003740000097e-02,-3.204818345621600062e-01,-8.274317697098000635e-02,1.581810469999999913e-01,1.044358189999999992e-01,3.481390413610000110e+02,2.024000000000000000e+03,1.100000000000000000e+01,2.400000000000000000e+01,1.500000000000000000e+01,4.700000000000000000e+01,4.290352899999999892e+01
4.000629090857000136e+01,-8.303737844686999381e+01,1.550100000000000033e+00,-3.211999999999999855e-01,-1.123456427862200013e-01,-4.872922624611999987e-02,-3.914291377761999757e-02,1.600462790000000135e-01,1.736029080000000002e-01,3.481322625889999927e+02,2.024000000000000000e+03,1.100000000000000000e+01,2.400000000000000000e+01,1.500000000000000000e+01,4.700000000000000000e+01,4.297333199999999920e+01
4.000629118796999961e+01,-8.303737852039999723e+01,1.549299999999999899e+00,-3.235999999999999988e-01,-1.748441095817599988e-01,-3.078248113227999988e-02,3.346348763440000484e-02,1.577041919999999930e-01,1.911966300000000063e-01,3.481321790819999933e+02,2.024000000000000000e+03,1.100000000000000000e+01,2.400000000000000000e+01,1.500000000000000000e+01,4.700000000000000000e+01,4.304130700000000331e+01
4.000629258568000068e+01,-8.303737889206000489e+01,1.551299999999999901e+00,-3.261000000000000010e-01,6.005212393833999490e-02,1.417388091548000065e-02,1.162245447780800023e-01,1.401184699999999950e-01,2.484728770000000087e-01,3.481380856989999870e+02,2.024000000000000000e+03,1.100000000000000000e+01,2.400000000000000000e+01,1.500000000000000000e+01,4.700000000000000000e+01,4.310882300000000100e+01
4.000629356332999720e+01,-8.303737915341000075e+01,1.548699999999999966e+00,-3.275000000000000133e-01,-7.772621789708000772e-02,-6.149610681464000306e-02,1.277651394557400011e-01,1.310052730000000054e-01,2.676283050000000108e-01,3.481422891299999947e+02,2.024000000000000000e+03,1.100000000000000000e+01,2.400000000000000000e+01,1.500000000000000000e+01,4.700000000000000000e+01,4.317654499999999729e+01
4.000629467744000323e+01,-8.303737945617000094e+01,1.543500000000000094e+00,-3.333999999999999742e-01,-1.898165708742799995e-01,-8.054201300385999129e-02,2.608786556052999916e-01,1.078938700000000028e-01,2.740472939999999968e-01,3.481411128240000039e+02,2.024000000000000000e+03,1.100000000000000000e+01,2.400000000000000000e+01,1.500000000000000000e+01,4.700000000000000000e+01,4.324553300000000178e+01
4.000629564991999843e+01,-8.303737972330999639e+01,1.540899999999999936e+00,-3.307999999999999829e-01,1.218939267913400071e-01,-1.015398343119000013e-01,4.897683902173999987e-02,7.205419300000000249e-02,2.661887090000000233e-01,3.481342606790000218e+02,2.024000000000000000e+03,1.100000000000000000e+01,2.400000000000000000e+01,1.500000000000000000e+01,4.700000000000000000e+01,4.331337500000000063e+01
4.000629648185999798e+01,-8.303737994885000262e+01,1.537199999999999900e+00,-3.245999999999999996e-01,1.961218789864999923e-01,-1.783981192105200120e-01,2.911634860586000406e-01,5.056722699999999932e-02,2.460826120000000061e-01,3.481256894219999936e+02,2.024000000000000000e+03,1.100000000000000000e+01,2.400000000000000000e+01,1.500000000000000000e+01,4.700000000000000000e+01,4.338069000000000131e+01
4.000629744951999811e+01,-8.303738020922000374e+01,1.530899999999999928e+00,-3.222999999999999754e-01,9.120999696108000876e-02,-2.534870234875400419e-01,2.553644591748799875e-01,3.439558799999999777e-02,2.005325829999999865e-01,3.481221410489999926e+02,2.024000000000000000e+03,1.100000000000000000e+01,2.400000000000000000e+01,1.500000000000000000e+01,4.700000000000000000e+01,4.344838599999999929e+01
4.000629827400000238e+01,-8.303738042864999613e+01,1.520699999999999941e+00,-3.134000000000000119e-01,3.157944871615600002e-01,-3.738586186754000451e-01,-7.779334408573999882e-02,2.114180100000000173e-02,1.633054969999999939e-01,3.481176404180000077e+02,2.024000000000000000e+03,1.100000000000000000e+01,2.400000000000000000e+01,1.500000000000000000e+01,4.700000000000000000e+01,4.351669799999999810e+01
4.000629936728000047e+01,-8.303738070711000319e+01,1.513200000000000101e+00,-2.943000000000000060e-01,3.979226221112600048e-01,-2.969030719291400056e-01,-1.840551288564599985e-01,4.159952499999999831e-02,1.245237869999999969e-01,3.481032526370000255e+02,2.024000000000000000e+03,1.100000000000000000e+01,2.400000000000000000e+01,1.500000000000000000e+01,4.700000000000000000e+01,4.358408500000000174e+01
4.000630018358000228e+01,-8.303738090678000106e+01,1.507500000000000062e+00,-2.873999999999999888e-01,1.470080379871600007e-01,-2.164621681833399924e-01,-2.000838274381399884e-01,8.533466600000000346e-02,9.412888699999999442e-02,3.480946591850000118e+02,2.024000000000000000e+03,1.100000000000000000e+01,2.400000000000000000e+01,1.500000000000000000e+01,4.700000000000000000e+01,4.365367200000000025e+01
4.000630113092000073e+01,-8.303738113660000408e+01,1.495800000000000018e+00,-2.864999999999999769e-01,-1.110078385328199940e-01,-3.945506018931200232e-01,-1.943444607787599976e-01,1.265758750000000044e-01,5.977605300000000260e-02,3.480878292950000059e+02,2.024000000000000000e+03,1.100000000000000000e+01,2.400000000000000000e+01,1.500000000000000000e+01,4.700000000000000000e+01,4.372285500000000269e+01
4.000630207020000029e+01,-8.303738136674999737e+01,1.483800000000000008e+00,-2.881000000000000227e-01,-2.191047779037000043e-01,-2.816887808284999628e-01,6.444684421427999965e-02,1.612691139999999912e-01,3.986030200000000023e-02,3.480848898969999823e+02,2.024000000000000000e+03,1.100000000000000000e+01,2.400000000000000000e+01,1.500000000000000000e+01,4.700000000000000000e+01,4.378995299999999702e+01
4.000630300435000208e+01,-8.303738159869000413e+01,1.478199999999999958e+00,-2.908999999999999919e-01,-1.861943894214199979e-01,-1.529461484738200150e-01,-2.330954200336000093e-01,1.953457259999999973e-01,2.386393700000000173e-02,3.480775978610000152e+02,2.024000000000000000e+03,1.100000000000000000e+01,2.400000000000000000e+01,1.500000000000000000e+01,4.700000000000000000e+01,4.385717999999999961e+01
4.000630393429000264e+01,-8.303738183488999880e+01,1.471700000000000008e+00,-2.962000000000000188e-01,-1.368141997341200122e-01,-1.297364917848199961e-01,-2.898725927693400206e-01,2.177528159999999879e-01,1.414196900000000076e-02,3.480650833469999839e+02,2.024000000000000000e+03,1.100000000000000000e+01,2.400000000000000000e+01,1.500000000000000000e+01,4.700000000000000000e+01,4.392359299999999678e+01
4.000630472854999908e+01,-8.303738204137999901e+01,1.467999999999999972e+00,-3.014999999999999902e-01,-1.502750255713199978e-01,-7.282523228161999485e-02,-3.341807686343999800e-02,2.241270599999999891e-01,7.711970999999999757e-03,3.480582633540000188e+02,2.024000000000000000e+03,1.100000000000000000e+01,2.400000000000000000e+01,1.500000000000000000e+01,4.700000000000000000e+01,4.399071899999999857e+01
4.000630499292000053e+01,-8.303738211098999500e+01,1.467000000000000082e+00,-3.033000000000000140e-01,-2.542899210853200032e-01,-6.223501088041999418e-02,-1.032729175482599987e-01,2.269031999999999993e-01,3.505551999999999887e-03,3.480578572200000167e+02,2.024000000000000000e+03,1.100000000000000000e+01,2.400000000000000000e+01,1.500000000000000000e+01,4.700000000000000000e+01,4.405863200000000290e+01
4.000630631338000143e+01,-8.303738245505999771e+01,1.463500000000000023e+00,-2.988999999999999990e-01,-8.707645316093999555e-02,-1.127935361265599984e-01,3.151643742060000232e-03,2.351761920000000061e-01,-1.259442600000000058e-02,3.480609447990000263e+02,2.024000000000000000e+03,1.100000000000000000e+01,2.400000000000000000e+01,1.500000000000000000e+01,4.700000000000000000e+01,4.412536800000000170e+01
4.000630723396999855e+01,-8.303738269589000254e+01,1.454499999999999904e+00,-2.968000000000000083e-01,-1.394238839409999917e-02,-2.936338355501399988e-01,7.920196214548000380e-02,2.406084450000000041e-01,-1.668857300000000168e-02,3.480564183490000119e+02,2.024000000000000000e+03,1.100000000000000000e+01,2.400000000000000000e+01,1.500000000000000000e+01,4.700000000000000000e+01,4.419525300000000101e+01
4.000630840973000346e+01,-8.303738301007000189e+01,1.446099999999999941e+00,-3.045999999999999819e-01,-2.083054069359799865e-01,-1.139090974875000134e-01,-1.165768329885999953e-02,2.224632119999999935e-01,-2.679916999999999976e-03,3.480444695269999897e+02,2.024000000000000000e+03,1.100000000000000000e+01,2.400000000000000000e+01,1.500000000000000000e+01,4.700000000000000000e+01,4.426389300000000304e+01
4.000630919107999972e+01,-8.303738322428999652e+01,1.443999999999999950e+00,-3.105999999999999872e-01,-2.280772435356400174e-01,-2.074199706845999969e-02,3.915477080268000426e-02,1.987889999999999935e-01,-5.171758999999999731e-03,3.480402197750000255e+02,2.024000000000000000e+03,1.100000000000000000e+01,2.400000000000000000e+01,1.500000000000000000e+01,4.700000000000000000e+01,4.433078499999999877e+01
4.000631010005000121e+01,-8.303738347835999889e+01,1.437500000000000000e+00,-3.130000000000000004e-01,-4.924077853073999950e-02,-1.948644499810799902e-01,-6.384905269589999377e-02,1.624381139999999946e-01,-1.647913299999999998e-02,3.480423267990000227e+02,2.024000000000000000e+03,1.100000000000000000e+01,2.400000000000000000e+01,1.500000000000000000e+01,4.700000000000000000e+01,4.439899799999999885e+01
4.000631100294000220e+01,-8.303738372975000459e+01,1.425200000000000022e+00,-3.037000000000000255e-01,2.553516620865800002e-01,-4.129396713565600119e-01,-2.533418073009999910e-02,1.300960359999999982e-01,-1.405713599999999959e-02,3.480372178970000050e+02,2.024000000000000000e+03,1.100000000000000000e+01,2.400000000000000000e+01,1.500000000000000000e+01,4.700000000000000000e+01,4.446721300000000099e+01
4.000631189743000249e+01,-8.303738397392000081e+01,1.413200000000000012e+00,-2.969999999999999862e-01,1.612566223671999810e-01,-2.756901164699400164e-01,2.819908043012000001e-02,1.083606980000000053e-01,1.332908600000000041e-02,3.480277615499999797e+02,2.024000000000000000e+03,1.100000000000000000e+01,2.400000000000000000e+01,1.500000000000000000e+01,4.700000000000000000e+01,4.453500300000000323e+01
4.000631266103999906e+01,-8.303738418221999495e+01,1.411399999999999988e+00,-2.999999999999999889e-01,-7.467482552423999886e-02,-2.255774465381999924e-02,1.550467448231999945e-01,8.309033799999999970e-02,2.899573399999999870e-02,3.480231850970000096e+02,2.024000000000000000e+03,1.100000000000000000e+01,2.400000000000000000e+01,1.500000000000000000e+01,4.700000000000000000e+01,4.460240399999999994e+01
4.000631355240000175e+01,-8.303738442293999356e+01,1.413699999999999957e+00,-2.923000000000000043e-01,2.208748840057599971e-01,-2.338828782058000044e-02,2.051943638463200048e-01,6.446888700000000250e-02,1.721596900000000110e-02,3.480221758609999938e+02,2.024000000000000000e+03,1.100000000000000000e+01,2.400000000000000000e+01,1.500000000000000000e+01,4.700000000000000000e+01,4.466984500000000224e+01
4.000631444110999979e+01,-8.303738465729999518e+01,1.403299999999999992e+00,-2.862000000000000099e-01,2.165815639988000196e-02,-3.703682360532400408e-01,3.956280249098000079e-02,7.560824800000000290e-02,-7.007381000000000026e-03,3.480155063330000189e+02,2.024000000000000000e+03,1.100000000000000000e+01,2.400000000000000000e+01,1.500000000000000000e+01,4.700000000000000000e+01,4.473703299999999672e+01
4.000631519710000106e+01,-8.303738485559999560e+01,1.392400000000000082e+00,-2.832999999999999963e-01,1.268170358592000078e-02,-4.142216169461599984e-01,-2.858183519366000111e-02,8.133407700000000462e-02,-8.803916999999999646e-03,3.480053379440000185e+02,2.024000000000000000e+03,1.100000000000000000e+01,2.400000000000000000e+01,1.500000000000000000e+01,4.700000000000000000e+01,4.480373900000000020e+01
4.000631607417000168e+01,-8.303738508415000297e+01,1.389699999999999935e+00,-2.802000000000000046e-01,4.061855290782000194e-02,-2.768971831583999857e-02,1.223983498514000061e-02,8.413393099999999514e-02,1.221349400000000009e-02,3.479931301419999841e+02,2.024000000000000000e+03,1.100000000000000000e+01,2.400000000000000000e+01,1.500000000000000000e+01,4.700000000000000000e+01,4.487045899999999676e+01
4.000631695316999981e+01,-8.303738531259999434e+01,1.396400000000000086e+00,-2.831000000000000183e-01,-1.435832686618800091e-01,1.719905902115199947e-01,-6.855438010516000380e-02,9.912721100000000674e-02,2.346222900000000111e-02,3.479910876760000065e+02,2.024000000000000000e+03,1.100000000000000000e+01,2.400000000000000000e+01,1.500000000000000000e+01,4.700000000000000000e+01,4.493869000000000113e+01
4.000631770871999748e+01,-8.303738551197000106e+01,1.397999999999999909e+00,-2.883999999999999897e-01,-1.277177270911200035e-01,5.023215099052000254e-02,-9.582436785566000870e-02,1.027439150000000051e-01,1.863839200000000015e-02,3.479923319559999868e+02,2.024000000000000000e+03,1.100000000000000000e+01,2.400000000000000000e+01,1.500000000000000000e+01,4.700000000000000000e+01,4.500706499999999721e+01
4.000631808616000029e+01,-8.303738561241999605e+01,1.395399999999999974e+00,-2.887000000000000122e-01,-1.014678671429999901e-01,-1.160568452543399992e-01,3.782519106339999465e-02,9.987529700000000177e-02,1.710687899999999845e-02,3.479909536850000222e+02,2.024000000000000000e+03,1.100000000000000000e+01,2.400000000000000000e+01,1.500000000000000000e+01,4.700000000000000000e+01,4.507618099999999828e+01
4.000631933910000271e+01,-8.303738594908000437e+01,1.388300000000000090e+00,-2.933000000000000052e-01,-1.663784453617599968e-01,-1.016623340523999976e-02,-3.163498882003999702e-02,8.770758500000000457e-02,4.173518300000000208e-02,3.479810747540000193e+02,2.024000000000000000e+03,1.100000000000000000e+01,2.400000000000000000e+01,1.500000000000000000e+01,4.700000000000000000e+01,4.514344299999999777e+01
4.000631996389999756e+01,-8.303738612086999638e+01,1.392099999999999893e+00,-3.004999999999999893e-01,-2.275642909298999927e-01,2.197859110004999894e-01,1.024870113096599950e-01,6.921975700000000675e-02,5.435860099999999945e-02,3.479768580809999889e+02,2.024000000000000000e+03,1.100000000000000000e+01,2.400000000000000000e+01,1.500000000000000000e+01,4.700000000000000000e+01,4.521195999999999771e+01
4.000632121755000270e+01,-8.303738646815000379e+01,1.395100000000000007e+00,-2.978999999999999981e-01,2.059558235513599955e-01,-4.479100149629999805e-02,-9.476405747239999289e-03,2.811779000000000014e-02,5.173663099999999820e-02,3.479695528560000071e+02,2.024000000000000000e+03,1.100000000000000000e+01,2.400000000000000000e+01,1.500000000000000000e+01,4.700000000000000000e+01,4.527966500000000138e+01
4.000632209209000223e+01,-8.303738670814999523e+01,1.385399999999999965e+00,-2.945999999999999730e-01,1.074596763421999980e-02,-2.797490407275000091e-01,2.855603749811999603e-02,1.309243700000000017e-02,6.668485200000000279e-02,3.479616857980000191e+02,2.024000000000000000e+03,1.100000000000000000e+01,2.400000000000000000e+01,1.500000000000000000e+01,4.700000000000000000e+01,4.534735100000000330e+01
4.000632283843999915e+01,-8.303738691102999780e+01,1.382500000000000062e+00,-2.916000000000000258e-01,1.597032372930000041e-02,-8.156763714528000864e-02,-5.470344163325999848e-02,-1.885156000000000028e-03,9.836373399999999434e-02,3.479501249510000207e+02,2.024000000000000000e+03,1.100000000000000000e+01,2.400000000000000000e+01,1.500000000000000000e+01,4.700000000000000000e+01,4.541535300000000319e+01
4.000632371052999758e+01,-8.303738714413999844e+01,1.389000000000000012e+00,-2.851000000000000201e-01,2.240878339006600051e-01,1.481608163809599865e-01,-7.363201198553999405e-02,-1.476240699999999996e-02,1.290229569999999937e-01,3.479326608050000118e+02,2.024000000000000000e+03,1.100000000000000000e+01,2.400000000000000000e+01,1.500000000000000000e+01,4.700000000000000000e+01,4.548299399999999792e+01
4.000632458681000259e+01,-8.303738737244999868e+01,1.394600000000000062e+00,-2.796000000000000152e-01,1.447956682802200024e-01,7.492052512473999781e-02,-9.019465474622000156e-02,-2.201344999999999951e-03,1.401070060000000062e-01,3.479171970360000046e+02,2.024000000000000000e+03,1.100000000000000000e+01,2.400000000000000000e+01,1.500000000000000000e+01,4.700000000000000000e+01,4.555369300000000266e+01
4.000632558910000114e+01,-8.303738763168000503e+01,1.392200000000000104e+00,-2.797000000000000042e-01,2.450508994858000000e-02,-9.510463783080000399e-02,6.921821553019999462e-03,2.212205500000000158e-02,1.525989180000000001e-01,3.479013720109999781e+02,2.024000000000000000e+03,1.100000000000000000e+01,2.400000000000000000e+01,1.500000000000000000e+01,4.700000000000000000e+01,4.562361500000000092e+01
4.000632633915000014e+01,-8.303738782672999719e+01,1.388900000000000023e+00,-2.807000000000000051e-01,1.121433987386000024e-02,-1.147041610155799946e-01,2.550802433574000244e-02,3.332318799999999664e-02,1.743735339999999967e-01,3.478888706000000184e+02,2.024000000000000000e+03,1.100000000000000000e+01,2.400000000000000000e+01,1.500000000000000000e+01,4.700000000000000000e+01,4.569079399999999680e+01
4.000632721323000141e+01,-8.303738805527000011e+01,1.389399999999999968e+00,-2.832000000000000073e-01,-7.827447921883999571e-02,4.982225572266000407e-02,-1.043768722838799984e-01,5.010355100000000311e-02,2.096221869999999876e-01,3.478747318090000249e+02,2.024000000000000000e+03,1.100000000000000000e+01,2.400000000000000000e+01,1.500000000000000000e+01,4.700000000000000000e+01,4.576011299999999693e+01
4.000632808956999753e+01,-8.303738828590999788e+01,1.395100000000000007e+00,-2.852999999999999980e-01,4.147358397159999627e-03,1.601638611859799999e-01,-1.096325809900800113e-01,6.731073699999999549e-02,2.396391730000000109e-01,3.478588506169999732e+02,2.024000000000000000e+03,1.100000000000000000e+01,2.400000000000000000e+01,1.500000000000000000e+01,4.700000000000000000e+01,4.582840399999999903e+01
4.000632896841000274e+01,-8.303738851920999764e+01,1.397199999999999998e+00,-2.891000000000000236e-01,-7.193842572293999982e-02,4.866662107255999986e-02,-1.131029999656199964e-01,7.417118300000000164e-02,2.617611979999999727e-01,3.478431207940000149e+02,2.024000000000000000e+03,1.100000000000000000e+01,2.400000000000000000e+01,1.500000000000000000e+01,4.700000000000000000e+01,4.589562699999999751e+01
4.000632984765000089e+01,-8.303738875541000652e+01,1.397000000000000020e+00,-2.926000000000000267e-01,-1.123194145412600015e-01,1.464684823914000171e-02,-4.375856499400000016e-02,6.856334299999999882e-02,2.931117030000000012e-01,3.478326067990000183e+02,2.024000000000000000e+03,1.100000000000000000e+01,2.400000000000000000e+01,1.500000000000000000e+01,4.700000000000000000e+01,4.596402799999999900e+01
4.000633022462000099e+01,-8.303738885772000344e+01,1.397799999999999931e+00,-2.953000000000000069e-01,-1.281170937894199890e-01,7.236374252982000210e-02,1.107456377350200111e-01,6.564251100000000061e-02,3.072993230000000131e-01,3.478313148299999966e+02,2.024000000000000000e+03,1.100000000000000000e+01,2.400000000000000000e+01,1.500000000000000000e+01,4.700000000000000000e+01,4.603193000000000268e+01
4.000633135886999980e+01,-8.303738916742000242e+01,1.404900000000000038e+00,-2.980999999999999761e-01,1.514082373180000067e-03,1.574465922114600125e-01,1.916444133662600080e-01,5.972399999999999931e-02,3.331984119999999994e-01,3.478308210690000237e+02,2.024000000000000000e+03,1.100000000000000000e+01,2.400000000000000000e+01,1.500000000000000000e+01,4.700000000000000000e+01,4.610289800000000326e+01
4.000633237115999918e+01,-8.303738944344000572e+01,1.408099999999999907e+00,-2.954999999999999849e-01,1.201534846012199953e-01,5.657546433639999706e-02,6.187088347139999694e-02,5.219904999999999684e-02,3.379527150000000146e-01,3.478168006220000166e+02,2.024000000000000000e+03,1.100000000000000000e+01,2.400000000000000000e+01,1.500000000000000000e+01,4.700000000000000000e+01,4.617056699999999836e+01
4.000633287821000295e+01,-8.303738958092000644e+01,1.409100000000000019e+00,-2.954999999999999849e-01,3.419450955099999617e-03,6.168139647022000127e-02,2.315109477337999946e-02,4.867505600000000127e-02,3.395574659999999745e-01,3.478080942510000000e+02,2.024000000000000000e+03,1.100000000000000000e+01,2.400000000000000000e+01,1.500000000000000000e+01,4.700000000000000000e+01,4.623889599999999689e+01
4.000633414685000133e+01,-8.303738992510000116e+01,1.410500000000000087e+00,-2.964999999999999858e-01,-9.666874766479999909e-03,3.232589612626000225e-02,9.439872080179999986e-03,4.364334300000000111e-02,3.437959460000000189e-01,3.478023871679999957e+02,2.024000000000000000e+03,1.100000000000000000e+01,2.400000000000000000e+01,1.500000000000000000e+01,4.700000000000000000e+01,4.630657399999999768e+01
4.000633503577999761e+01,-8.303739016622000690e+01,1.411200000000000010e+00,-2.977000000000000202e-01,-1.146100443452399975e-01,3.760852605132000009e-02,1.632192533752200025e-01,4.007831299999999736e-02,3.370927699999999860e-01,3.477986668390000204e+02,2.024000000000000000e+03,1.100000000000000000e+01,2.400000000000000000e+01,1.500000000000000000e+01,4.700000000000000000e+01,4.637448400000000248e+01
4.000633579734000023e+01,-8.303739037459000372e+01,1.409599999999999964e+00,-2.999999999999999889e-01,-1.164564341167400041e-01,-1.353422292388000055e-02,2.106170394646000171e-02,2.853518999999999847e-02,3.276749540000000183e-01,3.477943343929999855e+02,2.024000000000000000e+03,1.100000000000000000e+01,2.400000000000000000e+01,1.500000000000000000e+01,4.700000000000000000e+01,4.644164800000000071e+01
4.000633655794000276e+01,-8.303739058584000077e+01,1.407999999999999918e+00,-3.013000000000000123e-01,9.727530080525999268e-02,-4.348403462604000236e-02,-1.631251826102199931e-01,7.140917999999999571e-03,3.242278069999999790e-01,3.477860218110000119e+02,2.024000000000000000e+03,1.100000000000000000e+01,2.400000000000000000e+01,1.500000000000000000e+01,4.700000000000000000e+01,4.650846500000000106e+01
4.000633757210999875e+01,-8.303739086500999633e+01,1.409999999999999920e+00,-2.983000000000000096e-01,8.012434347808000679e-02,7.169148474407999183e-02,-9.560175567141999953e-02,-2.693570000000000166e-04,3.233937769999999934e-01,3.477719896539999809e+02,2.024000000000000000e+03,1.100000000000000000e+01,2.400000000000000000e+01,1.500000000000000000e+01,4.700000000000000000e+01,4.657594499999999726e+01
4.000633833373999693e+01,-8.303739107412999942e+01,1.410199999999999898e+00,-3.009999999999999898e-01,-1.228329040547400108e-01,6.863394326959999098e-03,-8.820344454185999328e-02,-6.921275999999999644e-03,3.185701950000000005e-01,3.477661871280000128e+02,2.024000000000000000e+03,1.100000000000000000e+01,2.400000000000000000e+01,1.500000000000000000e+01,4.700000000000000000e+01,4.664363500000000329e+01
4.000633922168999845e+01,-8.303739131793000183e+01,1.408600000000000074e+00,-2.959999999999999853e-01,1.910437353376999992e-01,-6.953372758963999312e-02,1.276033794712199965e-01,-2.272183800000000115e-02,3.153252890000000086e-01,3.477631786140000258e+02,2.024000000000000000e+03,1.100000000000000000e+01,2.400000000000000000e+01,1.500000000000000000e+01,4.700000000000000000e+01,4.671109700000000231e+01
4.000634010888000347e+01,-8.303739155716999676e+01,1.409000000000000030e+00,-2.903999999999999915e-01,1.816616928774600070e-01,2.657132020800000161e-02,5.406671094723999871e-02,-2.548168300000000150e-02,3.172587419999999825e-01,3.477558810570000105e+02,2.024000000000000000e+03,1.100000000000000000e+01,2.400000000000000000e+01,1.500000000000000000e+01,4.700000000000000000e+01,4.677897600000000011e+01
4.000634099708999969e+01,-8.303739179663999437e+01,1.410900000000000043e+00,-2.964999999999999858e-01,-1.795491590306800000e-01,1.160319350169199959e-01,-1.022048572423600032e-01,-2.583760900000000096e-02,3.170051199999999736e-01,3.477471589350000158e+02,2.024000000000000000e+03,1.100000000000000000e+01,2.400000000000000000e+01,1.500000000000000000e+01,4.700000000000000000e+01,4.684667400000000015e+01
4.000634188768999877e+01,-8.303739203857999485e+01,1.415699999999999958e+00,-2.967000000000000193e-01,3.974194714827999908e-02,1.198565137934800018e-01,-7.976443213549999633e-02,-3.038448599999999875e-02,3.012128989999999784e-01,3.477376155329999960e+02,2.024000000000000000e+03,1.100000000000000000e+01,2.400000000000000000e+01,1.500000000000000000e+01,4.700000000000000000e+01,4.691778699999999702e+01
4.000634277948999795e+01,-8.303739228015000151e+01,1.414299999999999891e+00,-2.973999999999999977e-01,-7.105186712013999983e-02,-6.210165761262000095e-02,-6.033227479007999966e-02,-3.243043699999999946e-02,2.822299549999999768e-01,3.477275658460000045e+02,2.024000000000000000e+03,1.100000000000000000e+01,2.400000000000000000e+01,1.500000000000000000e+01,4.700000000000000000e+01,4.698673099999999891e+01
4.000634290672000049e+01,-8.303739231487999461e+01,1.413499999999999979e+00,-2.982000000000000206e-01,-1.217065622474400033e-01,-9.429613014556000039e-02,-1.142989999274400120e-01,-3.354378999999999694e-02,2.809422100000000255e-01,3.477263998770000057e+02,2.024000000000000000e+03,1.100000000000000000e+01,2.400000000000000000e+01,1.500000000000000000e+01,4.700000000000000000e+01,4.705545699999999698e+01
4.000634417684999988e+01,-8.303739266281000653e+01,1.409899999999999931e+00,-2.984999999999999876e-01,4.810978348399999431e-03,-2.219651202430000109e-02,8.236038827422000053e-02,-4.240511000000000280e-02,2.839446110000000134e-01,3.477178069330000199e+02,2.024000000000000000e+03,1.100000000000000000e+01,2.400000000000000000e+01,1.500000000000000000e+01,4.700000000000000000e+01,4.712354599999999749e+01
4.000634519354999696e+01,-8.303739294179999320e+01,1.415000000000000036e+00,-2.987000000000000210e-01,-4.237478230118000427e-02,1.521514055826199974e-01,1.426960145483799902e-01,-3.727639099999999900e-02,2.824226519999999963e-01,3.477115062010000202e+02,2.024000000000000000e+03,1.100000000000000000e+01,2.400000000000000000e+01,1.500000000000000000e+01,4.700000000000000000e+01,4.719099299999999886e+01
4.000634583075999728e+01,-8.303739311806999979e+01,1.418099999999999916e+00,-3.009999999999999898e-01,-4.991455212967999683e-02,1.328455121863600097e-01,1.030915667203999991e-01,-4.055189199999999911e-02,2.675197579999999964e-01,3.477076424520000160e+02,2.024000000000000000e+03,1.100000000000000000e+01,2.400000000000000000e+01,1.500000000000000000e+01,4.700000000000000000e+01,4.725891500000000178e+01
4.000634710749999812e+01,-8.303739347079999789e+01,1.419399999999999995e+00,-2.983999999999999986e-01,6.099302979465999475e-02,-3.781398191655999802e-02,-1.853298016880000187e-03,-4.645945199999999831e-02,2.224793999999999938e-01,3.476976176269999996e+02,2.024000000000000000e+03,1.100000000000000000e+01,2.400000000000000000e+01,1.500000000000000000e+01,4.700000000000000000e+01,4.732614699999999885e+01
4.000634800081999742e+01,-8.303739371500999766e+01,1.417399999999999993e+00,-2.958000000000000074e-01,7.721841361032000250e-02,-7.119167751273999811e-02,-7.400058952590000960e-02,-3.704844899999999719e-02,1.977012509999999945e-01,3.476893561549999845e+02,2.024000000000000000e+03,1.100000000000000000e+01,2.400000000000000000e+01,1.500000000000000000e+01,4.700000000000000000e+01,4.739566800000000057e+01
4.000634889341999667e+01,-8.303739395859000183e+01,1.417699999999999960e+00,-2.953000000000000069e-01,5.229346822640000558e-02,2.062274556769999947e-02,-6.889338177635999372e-02,-3.192419900000000033e-02,1.792992140000000123e-01,3.476799374870000179e+02,2.024000000000000000e+03,1.100000000000000000e+01,2.400000000000000000e+01,1.500000000000000000e+01,4.700000000000000000e+01,4.746674900000000008e+01
4.000634978760000138e+01,-8.303739419947000044e+01,1.421499999999999986e+00,-2.917000000000000148e-01,6.579648835370000004e-02,8.029709169101999222e-02,5.225084520877999739e-02,-1.747715099999999980e-02,1.558831009999999961e-01,3.476700053569999795e+02,2.024000000000000000e+03,1.100000000000000000e+01,2.400000000000000000e+01,1.500000000000000000e+01,4.700000000000000000e+01,4.753673500000000018e+01
4.000635055531000006e+01,-8.303739440502999969e+01,1.421999999999999931e+00,-2.917000000000000148e-01,9.701905440199999966e-03,-9.817719391959999972e-03,1.194162560270000013e-02,-2.158610999999999950e-03,1.308921819999999958e-01,3.476600099159999786e+02,2.024000000000000000e+03,1.100000000000000000e+01,2.400000000000000000e+01,1.500000000000000000e+01,4.700000000000000000e+01,4.760456700000000296e+01
4.000635157693999844e+01,-8.303739468044000205e+01,1.416900000000000048e+00,-2.938999999999999946e-01,-7.115381550825999879e-02,-1.257890769045399981e-01,-2.812223899900000157e-02,1.003422099999999942e-02,1.135511579999999993e-01,3.476462643149999963e+02,2.024000000000000000e+03,1.100000000000000000e+01,2.400000000000000000e+01,1.500000000000000000e+01,4.700000000000000000e+01,4.767372799999999700e+01
4.000635234192999690e+01,-8.303739488898000332e+01,1.416800000000000059e+00,-2.980999999999999761e-01,-1.506446611919199929e-01,2.680918549539999807e-02,1.651909282200000190e-02,1.849590599999999946e-02,1.095961710000000061e-01,3.476378679229999875e+02,2.024000000000000000e+03,1.100000000000000000e+01,2.400000000000000000e+01,1.500000000000000000e+01,4.700000000000000000e+01,4.774077199999999976e+01
4.000635310759000163e+01,-8.303739509979999411e+01,1.418600000000000083e+00,-3.018000000000000127e-01,-1.763512535594400077e-01,5.812379080249999858e-02,6.423190071918000177e-02,2.225589600000000071e-02,9.999969000000000219e-02,3.476317446250000103e+02,2.024000000000000000e+03,1.100000000000000000e+01,2.400000000000000000e+01,1.500000000000000000e+01,4.700000000000000000e+01,4.780846700000000027e+01
4.000635412686000336e+01,-8.303739538595999647e+01,1.413000000000000034e+00,-3.057000000000000273e-01,-2.925449357713999846e-02,-1.443841468548399953e-01,9.222747459053999564e-02,8.374271000000000839e-03,9.131401299999999943e-02,3.476236215669999865e+02,2.024000000000000000e+03,1.100000000000000000e+01,2.400000000000000000e+01,1.500000000000000000e+01,4.700000000000000000e+01,4.787701400000000262e+01
4.000635501653000148e+01,-8.303739563506999843e+01,1.412700000000000067e+00,-3.008000000000000118e-01,1.401238301904600136e-01,5.955920333080000177e-03,7.255120972617999653e-02,3.238729999999999994e-03,9.843084000000000555e-02,3.476123849859999950e+02,2.024000000000000000e+03,1.100000000000000000e+01,2.400000000000000000e+01,1.500000000000000000e+01,4.700000000000000000e+01,4.794612599999999958e+01
4.000635565257999815e+01,-8.303739581185999441e+01,1.414500000000000091e+00,-3.030999999999999805e-01,-1.528029628199200074e-01,1.029689007796199957e-01,-1.113104133138800023e-01,2.150879000000000072e-03,9.825427300000000308e-02,3.476013206250000280e+02,2.024000000000000000e+03,1.100000000000000000e+01,2.400000000000000000e+01,1.500000000000000000e+01,4.700000000000000000e+01,4.801425900000000269e+01
4.000635628989999759e+01,-8.303739598971999669e+01,1.418500000000000094e+00,-3.037000000000000255e-01,-3.480396383539999857e-03,1.712941402541399982e-01,-9.311730515009999931e-02,-6.698850999999999591e-03,9.333355599999999808e-02,3.475898986529999775e+02,2.024000000000000000e+03,1.100000000000000000e+01,2.400000000000000000e+01,1.500000000000000000e+01,4.700000000000000000e+01,4.808406699999999745e+01
4.000635756778000029e+01,-8.303739634551000393e+01,1.419499999999999984e+00,-3.000999999999999779e-01,8.591974420405999735e-02,-8.290399316653999928e-02,3.643351334578000256e-02,-1.233564499999999925e-02,6.958866599999999347e-02,3.475748451790000217e+02,2.024000000000000000e+03,1.100000000000000000e+01,2.400000000000000000e+01,1.500000000000000000e+01,4.700000000000000000e+01,4.815202599999999933e+01
4.000635795093000269e+01,-8.303739645321999774e+01,1.416600000000000081e+00,-3.040999999999999814e-01,-2.031484380033600212e-01,-1.184016121264599847e-01,-3.342156749511999980e-02,-1.101061300000000069e-02,6.859148700000000654e-02,3.475722521199999733e+02,2.024000000000000000e+03,1.100000000000000000e+01,2.400000000000000000e+01,1.500000000000000000e+01,4.700000000000000000e+01,4.822188799999999986e+01
4.000635935251000319e+01,-8.303739685613000177e+01,1.415200000000000014e+00,-3.154000000000000137e-01,-1.491513276771399832e-01,1.141335905339000006e-01,-2.506191018013999988e-02,-4.804998500000000339e-02,7.603348699999999682e-02,3.475584572949999824e+02,2.024000000000000000e+03,1.100000000000000000e+01,2.400000000000000000e+01,1.500000000000000000e+01,4.700000000000000000e+01,4.828993100000000283e+01
4.000636024692000348e+01,-8.303739711865999595e+01,1.421200000000000019e+00,-3.185999999999999943e-01,-2.880369412989999822e-02,1.522451154431399833e-01,-7.724189075255999404e-02,-8.775993699999999620e-02,7.020910800000000618e-02,3.475458107160000054e+02,2.024000000000000000e+03,1.100000000000000000e+01,2.400000000000000000e+01,1.500000000000000000e+01,4.700000000000000000e+01,4.835687000000000069e+01
4.000636114312000302e+01,-8.303739738195000086e+01,1.420099999999999918e+00,-3.178000000000000269e-01,-3.093187102137999814e-02,-1.064417887714400046e-01,-8.616092029572000599e-02,-1.155921050000000005e-01,5.935110200000000280e-02,3.475323714630000040e+02,2.024000000000000000e+03,1.100000000000000000e+01,2.400000000000000000e+01,1.500000000000000000e+01,4.700000000000000000e+01,4.842419199999999790e+01
4.000636190904999978e+01,-8.303739760556000249e+01,1.415300000000000002e+00,-3.129000000000000115e-01,1.291085416354600113e-01,-1.533311726803199826e-01,-8.020128009460000124e-03,-1.364308369999999992e-01,6.962013300000000071e-02,3.475239208979999717e+02,2.024000000000000000e+03,1.100000000000000000e+01,2.400000000000000000e+01,1.500000000000000000e+01,4.700000000000000000e+01,4.849220199999999892e+01
4.000636280183999816e+01,-8.303739785966999420e+01,1.417999999999999927e+00,-3.010999999999999788e-01,3.916952574218799943e-01,8.557875731600000924e-02,8.053241358563999197e-02,-1.455757289999999871e-01,9.370017099999999877e-02,3.475142997030000060e+02,2.024000000000000000e+03,1.100000000000000000e+01,2.400000000000000000e+01,1.500000000000000000e+01,4.700000000000000000e+01,4.855933999999999884e+01
4.000636369806999681e+01,-8.303739810710999336e+01,1.424199999999999910e+00,-2.983000000000000096e-01,3.768833938360000024e-03,1.598113201049800036e-01,-1.493775540169999839e-02,-1.320919939999999904e-01,1.027154990000000018e-01,3.475056288459999791e+02,2.024000000000000000e+03,1.100000000000000000e+01,2.400000000000000000e+01,1.500000000000000000e+01,4.700000000000000000e+01,4.862801199999999824e+01
4.000636459639000009e+01,-8.303739835634000599e+01,1.425000000000000044e+00,-3.034000000000000030e-01,-1.417585377901199872e-01,4.298046911965999750e-02,-1.772384202340200055e-01,-1.278438010000000069e-01,9.913922299999999854e-02,3.474979947179999726e+02,2.024000000000000000e+03,1.100000000000000000e+01,2.400000000000000000e+01,1.500000000000000000e+01,4.700000000000000000e+01,4.869654599999999789e+01
4.000636536556999800e+01,-8.303739857169000516e+01,1.421599999999999975e+00,-3.039999999999999925e-01,-3.342194467991999735e-02,-1.018649120565599947e-01,-1.396504861235199901e-01,-1.288457379999999874e-01,1.016733940000000003e-01,3.474903746429999956e+02,2.024000000000000000e+03,1.100000000000000000e+01,2.400000000000000000e+01,1.500000000000000000e+01,4.700000000000000000e+01,4.876438999999999879e+01
4.000636638849999827e+01,-8.303739886082000510e+01,1.418299999999999894e+00,-3.086999999999999744e-01,-1.698151582917400149e-01,2.536223792199999820e-03,-5.292636742674000638e-02,-1.239353879999999936e-01,1.208497010000000038e-01,3.474780642580000176e+02,2.024000000000000000e+03,1.100000000000000000e+01,2.400000000000000000e+01,1.500000000000000000e+01,4.700000000000000000e+01,4.883411300000000210e+01
4.000636715523000220e+01,-8.303739908069999842e+01,1.418700000000000072e+00,-3.120999999999999885e-01,-1.272309151752199774e-01,2.912371847901999711e-02,1.155523968073799979e-01,-1.320256049999999903e-01,1.363449300000000031e-01,3.474663395260000129e+02,2.024000000000000000e+03,1.100000000000000000e+01,2.400000000000000000e+01,1.500000000000000000e+01,4.700000000000000000e+01,4.890315199999999862e+01
4.000636805023000164e+01,-8.303739933705000453e+01,1.419799999999999951e+00,-3.074999999999999956e-01,1.844163909490000031e-01,-1.128475159386000022e-02,7.027987493955999143e-02,-1.406915079999999929e-01,1.484236770000000039e-01,3.474535432719999903e+02,2.024000000000000000e+03,1.100000000000000000e+01,2.400000000000000000e+01,1.500000000000000000e+01,4.700000000000000000e+01,4.897191600000000022e+01
4.000636843398999787e+01,-8.303739944554999397e+01,1.420299999999999896e+00,-3.047000000000000264e-01,1.986074916054800243e-01,-1.424591652796000120e-02,-3.366908215703999507e-02,-1.391114420000000018e-01,1.533561880000000044e-01,3.474489519470000118e+02,2.024000000000000000e+03,1.100000000000000000e+01,2.400000000000000000e+01,1.500000000000000000e+01,4.700000000000000000e+01,4.904017000000000337e+01
4.000636958569000257e+01,-8.303739976715000637e+01,1.421799999999999953e+00,-3.024999999999999911e-01,3.230109618790000248e-02,5.752520225465999198e-02,-1.187698727171599966e-01,-1.257926329999999870e-01,1.738329959999999896e-01,3.474332835640000212e+02,2.024000000000000000e+03,1.100000000000000000e+01,2.400000000000000000e+01,1.500000000000000000e+01,4.700000000000000000e+01,4.910848200000000219e+01
4.000637074027999773e+01,-8.303740008766000358e+01,1.423300000000000010e+00,-3.022000000000000242e-01,-3.073979866304000011e-02,3.023590297859999731e-03,3.322775477039999984e-03,-1.172632519999999984e-01,1.920212319999999862e-01,3.474141987880000215e+02,2.024000000000000000e+03,1.100000000000000000e+01,2.400000000000000000e+01,1.500000000000000000e+01,4.700000000000000000e+01,4.917634999999999934e+01
4.000637150968999833e+01,-8.303740030224000179e+01,1.420600000000000085e+00,-3.049999999999999933e-01,-4.870591963723999718e-02,-6.983882250464000518e-02,4.726824040505999552e-02,-1.101443279999999997e-01,2.078098230000000046e-01,3.474023227719999909e+02,2.024000000000000000e+03,1.100000000000000000e+01,2.400000000000000000e+01,1.500000000000000000e+01,4.700000000000000000e+01,4.924515699999999896e+01
4.000637253523999703e+01,-8.303740059030999987e+01,1.422700000000000076e+00,-3.076999999999999735e-01,-6.763698841819999752e-02,1.053693335586600027e-01,7.319322997957999899e-02,-1.032644129999999993e-01,2.387020390000000047e-01,3.473831423529999824e+02,2.024000000000000000e+03,1.100000000000000000e+01,2.400000000000000000e+01,1.500000000000000000e+01,4.700000000000000000e+01,4.931411800000000056e+01
4.000637330579999684e+01,-8.303740080788999478e+01,1.424099999999999921e+00,-3.115999999999999881e-01,-2.186255880667000162e-01,4.764359036508000050e-02,-4.989141388293999446e-02,-9.986478899999999548e-02,2.547952210000000162e-01,3.473663446510000199e+02,2.024000000000000000e+03,1.100000000000000000e+01,2.400000000000000000e+01,1.500000000000000000e+01,4.700000000000000000e+01,4.938243299999999891e+01
4.000637420513000109e+01,-8.303740106422000622e+01,1.424099999999999921e+00,-3.119000000000000106e-01,2.248383874373999919e-02,-3.194039611376000426e-02,5.362093528433999751e-02,-1.049223920000000032e-01,2.755917999999999979e-01,3.473507826449999811e+02,2.024000000000000000e+03,1.100000000000000000e+01,2.400000000000000000e+01,1.500000000000000000e+01,4.700000000000000000e+01,4.945278199999999913e+01
4.000637510453999823e+01,-8.303740132040999811e+01,1.426399999999999890e+00,-3.099999999999999978e-01,1.234480184909799994e-01,8.657285406847999021e-02,7.047974258950000237e-02,-1.081848509999999985e-01,3.022995640000000206e-01,3.473373533939999902e+02,2.024000000000000000e+03,1.100000000000000000e+01,2.400000000000000000e+01,1.500000000000000000e+01,4.700000000000000000e+01,4.952173599999999709e+01
4.000637600817999839e+01,-8.303740157634000241e+01,1.436600000000000099e+00,-3.118000000000000216e-01,3.524422915439999991e-03,3.045861939021199949e-01,8.470003715380000284e-03,-1.044928589999999935e-01,3.299577000000000204e-01,3.473184111099999996e+02,2.024000000000000000e+03,1.100000000000000000e+01,2.400000000000000000e+01,1.500000000000000000e+01,4.700000000000000000e+01,4.959011699999999934e+01
4.000637665826999978e+01,-8.303740175859999795e+01,1.445599999999999996e+00,-3.118000000000000216e-01,-5.807120971684000266e-02,3.339881375646400197e-01,-6.931018114819999243e-02,-9.910328100000000140e-02,3.390540459999999978e-01,3.473040123000000108e+02,2.024000000000000000e+03,1.100000000000000000e+01,2.400000000000000000e+01,1.500000000000000000e+01,4.700000000000000000e+01,4.965857900000000313e+01
4.000637783561000305e+01,-8.303740209059000676e+01,1.453999999999999959e+00,-3.166999999999999815e-01,-5.963914732288000398e-02,1.612608520834599990e-01,8.535494039629999696e-02,-9.187089299999999514e-02,3.433215350000000110e-01,3.472847208910000063e+02,2.024000000000000000e+03,1.100000000000000000e+01,2.400000000000000000e+01,1.500000000000000000e+01,4.700000000000000000e+01,4.972637799999999686e+01
4.000637875420000000e+01,-8.303740235195999730e+01,1.456199999999999939e+00,-3.195000000000000062e-01,-9.899513283635999472e-02,5.747895529856000829e-02,3.765532131629999862e-02,-8.552093700000000520e-02,3.542375039999999808e-01,3.472731981530000098e+02,2.024000000000000000e+03,1.100000000000000000e+01,2.400000000000000000e+01,1.500000000000000000e+01,4.700000000000000000e+01,4.979498300000000199e+01
4.000637954388000139e+01,-8.303740257773999645e+01,1.462599999999999900e+00,-3.225000000000000089e-01,-7.091677271247999459e-02,2.407816833200399909e-01,-8.383709400220000843e-03,-7.750358699999999879e-02,3.699031480000000149e-01,3.472628728070000079e+02,2.024000000000000000e+03,1.100000000000000000e+01,2.400000000000000000e+01,1.500000000000000000e+01,4.700000000000000000e+01,4.986301900000000131e+01
4.000638047043000256e+01,-8.303740284600000621e+01,1.473200000000000065e+00,-3.287999999999999812e-01,-2.280027883078000056e-02,3.150709884471200040e-01,-1.170399160188599907e-01,-8.198666400000000076e-02,3.813751049999999920e-01,3.472453439930000059e+02,2.024000000000000000e+03,1.100000000000000000e+01,2.400000000000000000e+01,1.500000000000000000e+01,4.700000000000000000e+01,4.993148300000000006e+01
4.000638140291000155e+01,-8.303740311752000025e+01,1.481100000000000083e+00,-3.326999999999999957e-01,-1.030820194163800108e-01,2.384093366112199908e-01,-4.887882476567999984e-02,-8.966778000000000248e-02,3.843487110000000095e-01,3.472248558030000254e+02,2.024000000000000000e+03,1.100000000000000000e+01,2.400000000000000000e+01,1.500000000000000000e+01,4.700000000000000000e+01,4.999982800000000083e+01
4.000638167020999703e+01,-8.303740319525999780e+01,1.483500000000000041e+00,-3.311999999999999944e-01,5.565388899109999926e-02,2.205232153103000026e-01,3.588246454579999828e-02,-8.916913599999999607e-02,3.861653010000000164e-01,3.472191908049999824e+02,2.024000000000000000e+03,1.100000000000000000e+01,2.400000000000000000e+01,1.500000000000000000e+01,4.700000000000000000e+01,5.006721799999999689e+01
4.000638314628000103e+01,-8.303740362611999615e+01,1.492899999999999894e+00,-3.355000000000000204e-01,9.687236446439999663e-03,2.410197795609600180e-01,7.572673283323999582e-02,-9.159550800000000603e-02,4.003180399999999861e-01,3.471960802780000108e+02,2.024000000000000000e+03,1.100000000000000000e+01,2.400000000000000000e+01,1.500000000000000000e+01,4.700000000000000000e+01,5.013496899999999812e+01
4.000638395842999984e+01,-8.303740386398999362e+01,1.501900000000000013e+00,-3.358999999999999764e-01,1.152342100172199929e-01,3.295725830479800389e-01,5.618514815364000076e-02,-9.937244700000000264e-02,4.102047099999999724e-01,3.471811562060000256e+02,2.024000000000000000e+03,1.100000000000000000e+01,2.400000000000000000e+01,1.500000000000000000e+01,4.700000000000000000e+01,5.020259999999999678e+01
4.000638504959999864e+01,-8.303740418110000121e+01,1.514599999999999946e+00,-3.363999999999999768e-01,4.580418392680000311e-02,2.879340759216200141e-01,6.893013413918000487e-02,-9.665004400000000440e-02,4.082489650000000192e-01,3.471546838080000157e+02,2.024000000000000000e+03,1.100000000000000000e+01,2.400000000000000000e+01,1.500000000000000000e+01,4.700000000000000000e+01,5.027079200000000014e+01
4.000638601125999827e+01,-8.303740445642999646e+01,1.524599999999999955e+00,-3.310000000000000164e-01,2.410912488154400013e-01,2.445715590580000154e-01,1.095684410793399954e-01,-8.218767600000000118e-02,3.980402949999999884e-01,3.471270850270000210e+02,2.024000000000000000e+03,1.100000000000000000e+01,2.400000000000000000e+01,1.500000000000000000e+01,4.700000000000000000e+01,5.033900799999999975e+01
4.000638683932999839e+01,-8.303740469138000435e+01,1.529099999999999904e+00,-3.338999999999999746e-01,-1.082405354965599864e-01,1.829882568614799865e-01,4.937061832441999587e-02,-6.141981099999999777e-02,3.890453300000000225e-01,3.471045431449999796e+02,2.024000000000000000e+03,1.100000000000000000e+01,2.400000000000000000e+01,1.500000000000000000e+01,4.700000000000000000e+01,5.040687599999999691e+01
4.000638794759999683e+01,-8.303740501096000060e+01,1.536499999999999977e+00,-3.428999999999999826e-01,-1.323729135702199911e-01,2.412060795453399853e-01,-2.423249291296000058e-02,-5.772740999999999983e-02,3.794431839999999889e-01,3.470797681139999895e+02,2.024000000000000000e+03,1.100000000000000000e+01,2.400000000000000000e+01,1.500000000000000000e+01,4.700000000000000000e+01,5.047505699999999962e+01
4.000638892160999660e+01,-8.303740529626999489e+01,1.542300000000000004e+00,-3.482999999999999985e-01,-1.440635239938599932e-01,1.787911136026600067e-01,-8.149020225158000452e-02,-6.087225500000000011e-02,3.678649440000000270e-01,3.470575810540000248e+02,2.024000000000000000e+03,1.100000000000000000e+01,2.400000000000000000e+01,1.500000000000000000e+01,4.700000000000000000e+01,5.054341000000000150e+01
4.000638975950000287e+01,-8.303740554421999320e+01,1.548300000000000010e+00,-3.528999999999999915e-01,-8.407185459931999783e-02,2.395300555760200012e-01,1.426112584367999862e-02,-6.213291499999999690e-02,3.592975760000000074e-01,3.470331289019999872e+02,2.024000000000000000e+03,1.100000000000000000e+01,2.400000000000000000e+01,1.500000000000000000e+01,4.700000000000000000e+01,5.061324900000000326e+01
4.000639074125999883e+01,-8.303740583729999969e+01,1.554799999999999960e+00,-3.593999999999999972e-01,-1.906901447060399823e-01,1.914748884852399968e-01,4.891862776276000024e-02,-7.345436700000000652e-02,3.463219739999999769e-01,3.469995458590000226e+02,2.024000000000000000e+03,1.100000000000000000e+01,2.400000000000000000e+01,1.500000000000000000e+01,4.700000000000000000e+01,5.068209300000000184e+01
4.000639172708999780e+01,-8.303740613361999579e+01,1.561800000000000077e+00,-3.588000000000000078e-01,8.614906903952000705e-02,1.770061539728199906e-01,9.017276964421999663e-02,-9.005590300000000659e-02,3.325923040000000053e-01,3.469702404600000136e+02,2.024000000000000000e+03,1.100000000000000000e+01,2.400000000000000000e+01,1.500000000000000000e+01,4.700000000000000000e+01,5.075057499999999777e+01
4.000639271735000335e+01,-8.303740642575000663e+01,1.569600000000000106e+00,-3.527000000000000135e-01,1.346562445417200105e-01,1.935476344325400000e-01,4.006699597544000069e-02,-8.511380200000000229e-02,3.211616669999999840e-01,3.469425446449999981e+02,2.024000000000000000e+03,1.100000000000000000e+01,2.400000000000000000e+01,1.500000000000000000e+01,4.700000000000000000e+01,5.082044799999999896e+01
4.000639371188000126e+01,-8.303740671731000589e+01,1.576100000000000056e+00,-3.543999999999999928e-01,-1.563992512075999819e-02,1.955267930160600187e-01,-8.714341295626000516e-02,-7.656719300000000561e-02,3.124184609999999807e-01,3.469087108410000155e+02,2.024000000000000000e+03,1.100000000000000000e+01,2.400000000000000000e+01,1.500000000000000000e+01,4.700000000000000000e+01,5.089054600000000050e+01
4.000639456834999663e+01,-8.303740697015000194e+01,1.583399999999999919e+00,-3.630999999999999783e-01,-3.364412250861000264e-01,2.811449624086400090e-01,-1.017699532691400122e-01,-7.597075899999999882e-02,3.013621280000000069e-01,3.468732834499999740e+02,2.024000000000000000e+03,1.100000000000000000e+01,2.400000000000000000e+01,1.500000000000000000e+01,4.700000000000000000e+01,5.095858400000000188e+01
4.000639528485999818e+01,-8.303740718637999407e+01,1.588700000000000001e+00,-3.729000000000000092e-01,-3.881865582731199860e-01,2.821557428859399752e-01,-9.167768499428000095e-02,-8.935490000000000099e-02,2.856301949999999756e-01,3.468428470389999916e+02,2.024000000000000000e+03,1.100000000000000000e+01,2.400000000000000000e+01,1.500000000000000000e+01,4.700000000000000000e+01,5.102706400000000286e+01
4.000639643417999736e+01,-8.303740753984999401e+01,1.592000000000000082e+00,-3.793000000000000260e-01,-1.800901563468999822e-01,7.199851914259999819e-02,9.092071657020001085e-03,-1.145809059999999963e-01,2.669595129999999816e-01,3.467947257839999793e+02,2.024000000000000000e+03,1.100000000000000000e+01,2.400000000000000000e+01,1.500000000000000000e+01,4.700000000000000000e+01,5.109541999999999717e+01
4.000639758927000145e+01,-8.303740789926000332e+01,1.601599999999999913e+00,-3.866999999999999882e-01,-3.284860427819399908e-01,2.145915781974599978e-01,8.413917967799999786e-02,-1.306708360000000124e-01,2.549826310000000151e-01,3.467445753370000148e+02,2.024000000000000000e+03,1.100000000000000000e+01,2.400000000000000000e+01,1.500000000000000000e+01,4.700000000000000000e+01,5.116528699999999930e+01
4.000639787878999698e+01,-8.303740799038000375e+01,1.602500000000000036e+00,-3.872999999999999776e-01,-1.374091147192000040e-01,1.501266978207400071e-01,1.070702353709799964e-01,-1.410943590000000025e-01,2.520450349999999728e-01,3.467324815279999939e+02,2.024000000000000000e+03,1.100000000000000000e+01,2.400000000000000000e+01,1.500000000000000000e+01,4.700000000000000000e+01,5.123578200000000038e+01
4.000639976031000344e+01,-8.303740858723000429e+01,1.608700000000000019e+00,-3.835999999999999965e-01,3.713229820709000317e-01,2.172931844119400102e-01,7.329615862966000484e-02,-2.223563339999999888e-01,2.596178749999999980e-01,3.466631120170000031e+02,2.024000000000000000e+03,1.100000000000000000e+01,2.400000000000000000e+01,1.500000000000000000e+01,4.700000000000000000e+01,5.130526600000000315e+01
4.000640078290999924e+01,-8.303740890118000095e+01,1.623399999999999954e+00,-3.801999999999999824e-01,2.691241937549999907e-02,3.674971599579199832e-01,-4.635739912798000212e-02,-2.173291890000000059e-01,2.497263339999999943e-01,3.466160027000000241e+02,2.024000000000000000e+03,1.100000000000000000e+01,2.400000000000000000e+01,1.500000000000000000e+01,4.700000000000000000e+01,5.137395999999999674e+01
4.000640166355000105e+01,-8.303740917253999498e+01,1.625399999999999956e+00,-3.862999999999999767e-01,-1.810789861747000018e-01,6.464082508511999337e-02,7.052170012273999145e-02,-2.245890319999999940e-01,2.290301670000000067e-01,3.465725610769999889e+02,2.024000000000000000e+03,1.100000000000000000e+01,2.400000000000000000e+01,1.500000000000000000e+01,4.700000000000000000e+01,5.144216200000000327e+01
4.000640254431999665e+01,-8.303740944451999439e+01,1.624200000000000088e+00,-3.820999999999999952e-01,1.607261869877399940e-01,-9.154996082086000464e-02,1.181971491896000037e-01,-2.375429149999999934e-01,2.190610020000000047e-01,3.465294555209999885e+02,2.024000000000000000e+03,1.100000000000000000e+01,2.400000000000000000e+01,1.500000000000000000e+01,4.700000000000000000e+01,5.151036500000000018e+01
4.000640371832999875e+01,-8.303740980313000364e+01,1.625399999999999956e+00,-3.819000000000000172e-01,-1.273017933877799990e-01,7.817679015345999072e-02,2.934687244408000148e-02,-2.257591240000000055e-01,2.373242899999999933e-01,3.464795668660000274e+02,2.024000000000000000e+03,1.100000000000000000e+01,2.400000000000000000e+01,1.500000000000000000e+01,4.700000000000000000e+01,5.157971799999999973e+01
4.000640474902999699e+01,-8.303741012199999716e+01,1.634300000000000086e+00,-3.892999999999999794e-01,-1.152730767214600049e-01,2.726615415419600397e-01,-5.725401363300000081e-03,-2.281764320000000124e-01,2.510600729999999947e-01,3.464393507739999905e+02,2.024000000000000000e+03,1.100000000000000000e+01,2.400000000000000000e+01,1.500000000000000000e+01,4.700000000000000000e+01,5.165029200000000031e+01
4.000640578473999653e+01,-8.303741044328999976e+01,1.640600000000000058e+00,-3.909000000000000252e-01,-5.979013813939999811e-02,1.201437519665800036e-01,9.561260830812000344e-02,-2.322873950000000076e-01,2.504066329999999896e-01,3.463923427459999971e+02,2.024000000000000000e+03,1.100000000000000000e+01,2.400000000000000000e+01,1.500000000000000000e+01,4.700000000000000000e+01,5.171879400000000260e+01
4.000640682270999804e+01,-8.303741076770999996e+01,1.643499999999999961e+00,-3.942999999999999838e-01,-1.570794116127999934e-02,1.030962792010600010e-01,1.381079280286000126e-02,-2.414042590000000099e-01,2.580427599999999821e-01,3.463422425470000121e+02,2.024000000000000000e+03,1.100000000000000000e+01,2.400000000000000000e+01,1.500000000000000000e+01,4.700000000000000000e+01,5.178694399999999831e+01
4.000640786398999893e+01,-8.303741109355999583e+01,1.650900000000000034e+00,-3.947999999999999843e-01,5.729908695041999872e-02,2.021262259333400091e-01,4.992194472880000233e-02,-2.449430300000000060e-01,2.696905330000000101e-01,3.462923134870000013e+02,2.024000000000000000e+03,1.100000000000000000e+01,2.400000000000000000e+01,1.500000000000000000e+01,4.700000000000000000e+01,5.185517899999999969e+01
4.000640890980000108e+01,-8.303741141945999971e+01,1.658400000000000096e+00,-3.930000000000000160e-01,1.888985157907200063e-01,1.917362433316799897e-01,2.959216045169999615e-02,-2.402794249999999909e-01,2.798511479999999940e-01,3.462450374190000275e+02,2.024000000000000000e+03,1.100000000000000000e+01,2.400000000000000000e+01,1.500000000000000000e+01,4.700000000000000000e+01,5.192401999999999873e+01
4.000640981061999923e+01,-8.303741169600000660e+01,1.666800000000000059e+00,-3.901000000000000023e-01,1.054655461117000037e-01,2.471091334435199793e-01,1.080893334573799908e-01,-2.185805650000000044e-01,2.847862609999999850e-01,3.462059182660000261e+02,2.024000000000000000e+03,1.100000000000000000e+01,2.400000000000000000e+01,1.500000000000000000e+01,4.700000000000000000e+01,5.199238900000000285e+01
4.000640996119999926e+01,-8.303741174203000242e+01,1.668400000000000105e+00,-3.906000000000000028e-01,3.757820050125999789e-02,2.781661930198000010e-01,9.970156430427999650e-02,-2.138634030000000075e-01,2.857779129999999945e-01,3.461991758789999949e+02,2.024000000000000000e+03,1.100000000000000000e+01,2.400000000000000000e+01,1.500000000000000000e+01,4.700000000000000000e+01,5.205999700000000274e+01
4.000641117015000248e+01,-8.303741211214999396e+01,1.678900000000000059e+00,-3.953999999999999737e-01,-3.102345969501999964e-02,2.879012013837800033e-01,5.585334724320000638e-03,-1.873988590000000010e-01,2.848990840000000246e-01,3.461463496150000196e+02,2.024000000000000000e+03,1.100000000000000000e+01,2.400000000000000000e+01,1.500000000000000000e+01,4.700000000000000000e+01,5.212772499999999809e+01
4.000641238646999653e+01,-8.303741249031000393e+01,1.686399999999999899e+00,-4.062999999999999945e-01,-2.646576602771000264e-01,2.702529982322199875e-01,-1.225151518667599998e-01,-1.708914579999999961e-01,2.791046380000000160e-01,3.460949082359999807e+02,2.024000000000000000e+03,1.100000000000000000e+01,2.400000000000000000e+01,1.500000000000000000e+01,4.700000000000000000e+01,5.219772400000000090e+01
4.000641360893000353e+01,-8.303741288109000607e+01,1.693100000000000049e+00,-4.198999999999999955e-01,-2.613045745741000014e-01,2.146844941369400184e-01,-1.427376372585999892e-02,-1.767587670000000111e-01,2.735552989999999740e-01,3.460435632549999809e+02,2.024000000000000000e+03,1.100000000000000000e+01,2.400000000000000000e+01,1.500000000000000000e+01,4.700000000000000000e+01,5.226562799999999953e+01
4.000641498921000050e+01,-8.303741333117000067e+01,1.699400000000000022e+00,-4.252000000000000224e-01,6.893633110240000861e-03,1.251820113911999988e-01,3.382781119233999739e-02,-1.904175730000000066e-01,2.785375669999999859e-01,3.459816205039999772e+02,2.024000000000000000e+03,1.100000000000000000e+01,2.400000000000000000e+01,1.500000000000000000e+01,4.700000000000000000e+01,5.233394799999999947e+01
4.000641606765999825e+01,-8.303741368279999335e+01,1.708700000000000108e+00,-4.259000000000000008e-01,7.725763735800000864e-03,2.630146082582199840e-01,1.088034164924800012e-01,-1.953027760000000113e-01,2.880005560000000187e-01,3.459339565640000274e+02,2.024000000000000000e+03,1.100000000000000000e+01,2.400000000000000000e+01,1.500000000000000000e+01,4.700000000000000000e+01,5.240529599999999988e+01
4.000641730779000227e+01,-8.303741408566999382e+01,1.720099999999999962e+00,-4.283000000000000140e-01,-3.336293120311999844e-02,2.301303914070800261e-01,1.688864512160000164e-02,-1.978118080000000056e-01,2.873654489999999950e-01,3.458852260890000139e+02,2.024000000000000000e+03,1.100000000000000000e+01,2.400000000000000000e+01,1.500000000000000000e+01,4.700000000000000000e+01,5.247586600000000345e+01
4.000641839936000110e+01,-8.303741444016999651e+01,1.729400000000000048e+00,-4.298000000000000154e-01,3.534838712979999908e-03,2.229039305740000143e-01,-6.551788773791999976e-02,-2.006896750000000118e-01,2.826669370000000070e-01,3.458478262799999925e+02,2.024000000000000000e+03,1.100000000000000000e+01,2.400000000000000000e+01,1.500000000000000000e+01,4.700000000000000000e+01,5.254638099999999667e+01
4.000641949504999673e+01,-8.303741479519000279e+01,1.733800000000000008e+00,-4.300999999999999823e-01,4.933853616559999433e-03,9.117784358998000382e-02,3.105678840457999634e-02,-1.964039240000000075e-01,2.814691420000000055e-01,3.458042923699999847e+02,2.024000000000000000e+03,1.100000000000000000e+01,2.400000000000000000e+01,1.500000000000000000e+01,4.700000000000000000e+01,5.261765400000000170e+01
4.000642059300999875e+01,-8.303741515128000117e+01,1.737800000000000011e+00,-4.310999999999999832e-01,1.534320667566000003e-02,1.122101715689400037e-01,-1.417776028022799950e-01,-1.878594749999999980e-01,2.998910579999999881e-01,3.457514359950000085e+02,2.024000000000000000e+03,1.100000000000000000e+01,2.400000000000000000e+01,1.500000000000000000e+01,4.700000000000000000e+01,5.268959199999999754e+01
4.000642169532000025e+01,-8.303741551276999644e+01,1.748199999999999976e+00,-4.440999999999999948e-01,-3.398721408996999704e-01,4.198951309791999487e-01,1.898004810809600096e-01,-1.879081679999999865e-01,3.145434160000000201e-01,3.456978175979999719e+02,2.024000000000000000e+03,1.100000000000000000e+01,2.400000000000000000e+01,1.500000000000000000e+01,4.700000000000000000e+01,5.275941399999999959e+01
4.000642280398000139e+01,-8.303741588350999336e+01,1.756199999999999983e+00,-4.526000000000000023e-01,-1.460248473032799976e-01,2.095759225595599795e-01,1.519392838921400091e-01,-2.040572180000000124e-01,3.007475330000000113e-01,3.456553512990000172e+02,2.024000000000000000e+03,1.100000000000000000e+01,2.400000000000000000e+01,1.500000000000000000e+01,4.700000000000000000e+01,5.282922899999999800e+01
4.000642391537999742e+01,-8.303741625428000361e+01,1.758999999999999897e+00,-4.445999999999999952e-01,3.307111286920599857e-01,7.610568981279999812e-03,8.162160336720000742e-03,-2.126185790000000020e-01,2.916802030000000268e-01,3.456064665630000263e+02,2.024000000000000000e+03,1.100000000000000000e+01,2.400000000000000000e+01,1.500000000000000000e+01,4.700000000000000000e+01,5.289781500000000136e+01
4.000642502966999814e+01,-8.303741662170000382e+01,1.765300000000000091e+00,-4.462999999999999745e-01,-5.967444100679999974e-02,2.338398037015200215e-01,1.446318753983999970e-02,-1.987258490000000100e-01,2.872078080000000089e-01,3.455493382259999748e+02,2.024000000000000000e+03,1.100000000000000000e+01,2.400000000000000000e+01,1.500000000000000000e+01,4.700000000000000000e+01,5.296665899999999993e+01
4.000642550812000309e+01,-8.303741678010999294e+01,1.766399999999999970e+00,-4.495000000000000107e-01,-1.608699126118199874e-01,1.548167034036599943e-01,4.271716799691999827e-02,-1.967490319999999904e-01,2.817933619999999917e-01,3.455238375170000040e+02,2.024000000000000000e+03,1.100000000000000000e+01,2.400000000000000000e+01,1.500000000000000000e+01,4.700000000000000000e+01,5.303605199999999797e+01
4.000642710524000023e+01,-8.303741731344000243e+01,1.769900000000000029e+00,-4.531999999999999917e-01,-9.692061736924000026e-02,6.206875964500000592e-02,8.331653102000000088e-02,-2.007645680000000044e-01,2.600419990000000237e-01,3.454445203810000180e+02,2.024000000000000000e+03,1.100000000000000000e+01,2.400000000000000000e+01,1.500000000000000000e+01,4.700000000000000000e+01,5.310581799999999930e+01
4.000642822473999871e+01,-8.303741768870999351e+01,1.769400000000000084e+00,-4.499000000000000221e-01,3.275424973250600225e-01,-1.174675416969400005e-01,-3.893452554734000426e-02,-1.951511840000000053e-01,2.478391909999999865e-01,3.453860535399999776e+02,2.024000000000000000e+03,1.100000000000000000e+01,2.400000000000000000e+01,1.500000000000000000e+01,4.700000000000000000e+01,5.317615800000000092e+01
4.000642950467999981e+01,-8.303741811144000451e+01,1.774499999999999966e+00,-4.556999999999999940e-01,-3.705171117595800201e-01,3.386801415902399581e-01,-1.991963758400000159e-02,-1.466061620000000121e-01,2.394665300000000108e-01,3.452879949329999931e+02,2.024000000000000000e+03,1.100000000000000000e+01,2.400000000000000000e+01,1.500000000000000000e+01,4.700000000000000000e+01,5.324662099999999754e+01
4.000643062756000035e+01,-8.303741850519999446e+01,1.774499999999999966e+00,-4.912000000000000255e-01,-7.790319821339999340e-01,9.206461047319999813e-02,-2.047658854665599937e-01,-1.899454780000000009e-01,2.065954580000000096e-01,3.452074322589999724e+02,2.024000000000000000e+03,1.100000000000000000e+01,2.400000000000000000e+01,1.500000000000000000e+01,4.700000000000000000e+01,5.331560100000000091e+01
4.000643174964000082e+01,-8.303741890272999626e+01,1.772799999999999931e+00,-4.728999999999999870e-01,5.277407285175800267e-01,-2.484928584794799666e-01,-8.457996622334000569e-02,-2.147961750000000059e-01,1.793758560000000002e-01,3.451281531129999962e+02,2.024000000000000000e+03,1.100000000000000000e+01,2.400000000000000000e+01,1.500000000000000000e+01,4.700000000000000000e+01,5.338690799999999825e+01
4.000643286855999747e+01,-8.303741929286999834e+01,1.765700000000000047e+00,-4.721000000000000196e-01,-2.302103125619999954e-02,-2.085672455298200056e-01,-4.978023975201999879e-02,-1.830541719999999872e-01,1.791388250000000015e-01,3.450224777880000033e+02,2.024000000000000000e+03,1.100000000000000000e+01,2.400000000000000000e+01,1.500000000000000000e+01,4.700000000000000000e+01,5.345700099999999821e+01
4.000643398433000186e+01,-8.303741968993000455e+01,1.764399999999999968e+00,-4.863000000000000100e-01,-3.279352266055600151e-01,1.037719768490199951e-01,-3.967492864442000167e-02,-1.919217759999999884e-01,1.906017760000000005e-01,3.448837079489999837e+02,2.024000000000000000e+03,1.100000000000000000e+01,2.400000000000000000e+01,1.500000000000000000e+01,4.700000000000000000e+01,5.352582400000000007e+01
4.000643510089999921e+01,-8.303742009441999983e+01,1.766999999999999904e+00,-4.944999999999999951e-01,-2.162098735053200049e-01,1.397988705476399807e-01,-5.610799325960000306e-02,-2.167421079999999889e-01,1.902200619999999953e-01,3.447426508610000155e+02,2.024000000000000000e+03,1.100000000000000000e+01,2.400000000000000000e+01,1.500000000000000000e+01,4.700000000000000000e+01,5.359445399999999893e+01
4.000643621772000103e+01,-8.303742050527999652e+01,1.766899999999999915e+00,-4.998000000000000220e-01,-5.400915343800000157e-02,5.843420893749999567e-02,-1.499167011892799939e-01,-2.275331630000000105e-01,1.839267290000000110e-01,3.446170953079999890e+02,2.024000000000000000e+03,1.100000000000000000e+01,2.400000000000000000e+01,1.500000000000000000e+01,4.700000000000000000e+01,5.366388500000000050e+01
4.000643717540999944e+01,-8.303742085864999467e+01,1.767600000000000060e+00,-5.000000000000000000e-01,-2.035936798526000180e-02,3.583907205026000409e-02,-1.660307879043800006e-01,-2.210431200000000096e-01,1.828629190000000126e-01,3.445057057939999936e+02,2.024000000000000000e+03,1.100000000000000000e+01,2.400000000000000000e+01,1.500000000000000000e+01,4.700000000000000000e+01,5.373269100000000265e+01
4.000643829015999842e+01,-8.303742127504000337e+01,1.759300000000000086e+00,-5.103999999999999648e-01,-3.891038867229600351e-01,-1.103230053836000146e-01,6.918402790941999281e-02,-2.294860780000000100e-01,1.902289980000000102e-01,3.443605767010000136e+02,2.024000000000000000e+03,1.100000000000000000e+01,2.400000000000000000e+01,1.500000000000000000e+01,4.700000000000000000e+01,5.380367799999999789e+01
4.000643940158000333e+01,-8.303742169721999744e+01,1.759600000000000053e+00,-5.118000000000000327e-01,9.949239938967999186e-02,1.197987126902599897e-01,3.043473311141999676e-02,-2.657085900000000223e-01,2.139002720000000024e-01,3.442052394759999743e+02,2.024000000000000000e+03,1.100000000000000000e+01,2.400000000000000000e+01,1.500000000000000000e+01,4.700000000000000000e+01,5.387310699999999741e+01
4.000644051647000055e+01,-8.303742211942000040e+01,1.767800000000000038e+00,-5.141000000000000014e-01,-4.050172100634000238e-02,2.800015067737999797e-01,2.286443916072000010e-02,-2.652175560000000210e-01,2.181448579999999970e-01,3.440516041960000280e+02,2.024000000000000000e+03,1.100000000000000000e+01,2.400000000000000000e+01,1.500000000000000000e+01,4.700000000000000000e+01,5.394170600000000348e+01
4.000644147482999813e+01,-8.303742248589999519e+01,1.769700000000000051e+00,-5.209000000000000297e-01,-1.168427109999799901e-01,7.869789639065999376e-02,-8.641518256162000755e-02,-2.624752439999999964e-01,2.067397820000000108e-01,3.439190471659999844e+02,2.024000000000000000e+03,1.100000000000000000e+01,2.400000000000000000e+01,1.500000000000000000e+01,4.700000000000000000e+01,5.401033499999999776e+01
4.000644179441000148e+01,-8.303742260848000001e+01,1.769900000000000029e+00,-5.207000000000000517e-01,-3.994248672718000298e-02,4.752470220234000092e-02,-1.678056035412399949e-01,-2.607682740000000221e-01,2.008155879999999893e-01,3.438738100250000116e+02,2.024000000000000000e+03,1.100000000000000000e+01,2.400000000000000000e+01,1.500000000000000000e+01,4.700000000000000000e+01,5.408195700000000272e+01
4.000644371045999748e+01,-8.303742334019000282e+01,1.766299999999999981e+00,-5.191000000000000059e-01,-1.226482063440799963e-01,-6.348744661921999766e-02,7.787489863106000776e-02,-2.183352470000000101e-01,1.934784730000000119e-01,3.435806001670000001e+02,2.024000000000000000e+03,1.100000000000000000e+01,2.400000000000000000e+01,1.500000000000000000e+01,4.700000000000000000e+01,5.415026199999999790e+01
4.000644434861000320e+01,-8.303742358849000027e+01,1.765400000000000080e+00,-5.279000000000000359e-01,-3.574509665129400049e-01,6.320957610338000243e-02,1.080798956562799840e-01,-2.057210230000000029e-01,1.926520090000000129e-01,3.434794292220000216e+02,2.024000000000000000e+03,1.100000000000000000e+01,2.400000000000000000e+01,1.500000000000000000e+01,4.700000000000000000e+01,5.421990600000000171e+01
4.000644610222000352e+01,-8.303742428294999911e+01,1.762199999999999989e+00,-5.364999999999999769e-01,-7.791121276614000613e-02,-1.072205724285200112e-01,-3.162486425581999966e-02,-1.790917130000000135e-01,1.843687699999999874e-01,3.431873008890000278e+02,2.024000000000000000e+03,1.100000000000000000e+01,2.400000000000000000e+01,1.500000000000000000e+01,4.700000000000000000e+01,5.428928100000000256e+01
4.000644721356000133e+01,-8.303742472961999965e+01,1.751700000000000035e+00,-5.450000000000000400e-01,-4.348409132516000142e-01,-2.179779300652600338e-01,1.372871614305999979e-02,-1.469702659999999883e-01,1.835193089999999916e-01,3.429885464849999721e+02,2.024000000000000000e+03,1.100000000000000000e+01,2.400000000000000000e+01,1.500000000000000000e+01,4.700000000000000000e+01,5.435916799999999682e+01
4.000644831572000015e+01,-8.303742518784000026e+01,1.734299999999999953e+00,-5.594999999999999973e-01,-4.570463632316000280e-01,-3.806316740608999827e-01,6.134008650933999579e-02,-1.530778070000000102e-01,1.831847789999999920e-01,3.427836792009999840e+02,2.024000000000000000e+03,1.100000000000000000e+01,2.400000000000000000e+01,1.500000000000000000e+01,4.700000000000000000e+01,5.443074000000000012e+01
4.000644940707000075e+01,-8.303742565039000567e+01,1.716800000000000104e+00,-5.588999999999999524e-01,-1.279382098353399888e-01,-5.177504294654400319e-01,4.213722911679999850e-02,-1.609014119999999937e-01,1.840370769999999934e-01,3.425785414380000020e+02,2.024000000000000000e+03,1.100000000000000000e+01,2.400000000000000000e+01,1.500000000000000000e+01,4.700000000000000000e+01,5.450099999999999767e+01
4.000645048746000043e+01,-8.303742611609000335e+01,1.700199999999999934e+00,-5.675000000000000044e-01,-4.407338007348999831e-01,-3.566486218924200258e-01,-3.648937314019999600e-02,-1.530704730000000124e-01,1.901922000000000057e-01,3.423728690949999987e+02,2.024000000000000000e+03,1.100000000000000000e+01,2.400000000000000000e+01,1.500000000000000000e+01,4.700000000000000000e+01,5.457081600000000066e+01
4.000645171032999770e+01,-8.303742665484000440e+01,1.682800000000000074e+00,-5.715000000000000080e-01,-1.655632790715799996e-01,-4.461165957805200422e-01,-4.375531595623999986e-02,-1.692691090000000009e-01,1.909359170000000105e-01,3.421242866489999983e+02,2.024000000000000000e+03,1.100000000000000000e+01,2.400000000000000000e+01,1.500000000000000000e+01,4.700000000000000000e+01,5.464457199999999659e+01
4.000645276747000167e+01,-8.303742712638999990e+01,1.661000000000000032e+00,-5.685000000000000053e-01,-9.606818946565999495e-02,-6.545348137681200607e-01,2.837235540316000032e-02,-1.881094749999999982e-01,2.035962749999999932e-01,3.418952718229999732e+02,2.024000000000000000e+03,1.100000000000000000e+01,2.400000000000000000e+01,1.500000000000000000e+01,4.700000000000000000e+01,5.471455399999999969e+01
4.000645366396999947e+01,-8.303742752832999940e+01,1.647000000000000020e+00,-5.665999999999999925e-01,-1.214861869167399994e-01,-4.585256063297399876e-01,8.883631979035999660e-02,-1.850696830000000126e-01,2.256755480000000036e-01,3.416980865589999894e+02,2.024000000000000000e+03,1.100000000000000000e+01,2.400000000000000000e+01,1.500000000000000000e+01,4.700000000000000000e+01,5.478341700000000003e+01
4.000645470173000007e+01,-8.303742799571999456e+01,1.635099999999999998e+00,-5.648999999999999577e-01,-6.618494277552000593e-02,-3.619387967970799647e-01,5.243982605277999753e-02,-1.632339929999999939e-01,2.428316450000000126e-01,3.414627105039999719e+02,2.024000000000000000e+03,1.100000000000000000e+01,2.400000000000000000e+01,1.500000000000000000e+01,4.700000000000000000e+01,5.485221099999999694e+01
4.000645572993000343e+01,-8.303742846574999703e+01,1.617099999999999982e+00,-5.707999999999999741e-01,-2.738460221105399883e-01,-4.710396161277600191e-01,-2.984277857578000043e-02,-1.516015589999999968e-01,2.511019230000000046e-01,3.412184073849999777e+02,2.024000000000000000e+03,1.100000000000000000e+01,2.400000000000000000e+01,1.500000000000000000e+01,4.700000000000000000e+01,5.492211900000000213e+01
4.000645674567000043e+01,-8.303742893799000058e+01,1.596300000000000052e+00,-5.728999999999999648e-01,-3.112721484023200369e-01,-5.456041802625000159e-01,-8.920860102085999277e-02,-1.383194239999999964e-01,2.671108059999999784e-01,3.409652978980000171e+02,2.024000000000000000e+03,1.100000000000000000e+01,2.400000000000000000e+01,1.500000000000000000e+01,4.700000000000000000e+01,5.499280699999999911e+01
4.000645703365999850e+01,-8.303742907337000645e+01,1.591699999999999893e+00,-5.739999999999999547e-01,-2.687226467633199722e-01,-4.703674358079800166e-01,1.156404601031800067e-01,-1.339968250000000138e-01,2.730890670000000187e-01,3.408912801110000146e+02,2.024000000000000000e+03,1.100000000000000000e+01,2.400000000000000000e+01,1.500000000000000000e+01,4.700000000000000000e+01,5.506290500000000065e+01
4.000645874573000071e+01,-8.303742989824000631e+01,1.568599999999999994e+00,-5.878999999999999782e-01,-2.255662442076599994e-01,-3.044573368134199653e-01,-9.567412962834000167e-02,-1.267763040000000063e-01,2.769120159999999831e-01,3.404146991480000111e+02,2.024000000000000000e+03,1.100000000000000000e+01,2.400000000000000000e+01,1.500000000000000000e+01,4.700000000000000000e+01,5.513367399999999918e+01
4.000645931150000223e+01,-8.303743017477999899e+01,1.563399999999999901e+00,-5.878999999999999782e-01,-1.046380523666199935e-01,-2.847483926418200029e-01,-2.324956841180799982e-01,-1.196476350000000022e-01,2.780828989999999945e-01,3.402434803439999769e+02,2.024000000000000000e+03,1.100000000000000000e+01,2.400000000000000000e+01,1.500000000000000000e+01,4.700000000000000000e+01,5.520267199999999974e+01
4.000646085507000294e+01,-8.303743094937999558e+01,1.544000000000000039e+00,-6.133999999999999453e-01,-6.130730568964600780e-01,-1.546305170050999989e-01,1.390227782144599911e-01,-1.091606299999999946e-01,2.949425139999999890e-01,3.397652808810000238e+02,2.024000000000000000e+03,1.100000000000000000e+01,2.400000000000000000e+01,1.500000000000000000e+01,4.700000000000000000e+01,5.527353200000000299e+01
4.000646182780999993e+01,-8.303743145580000373e+01,1.534100000000000019e+00,-6.172999999999999599e-01,-1.719112191384599975e-01,-2.416483560995200119e-01,1.095618902634599851e-01,-1.265005180000000062e-01,2.895986970000000160e-01,3.394565263490000007e+02,2.024000000000000000e+03,1.100000000000000000e+01,2.400000000000000000e+01,1.500000000000000000e+01,4.700000000000000000e+01,5.534426700000000210e+01
4.000646265521000089e+01,-8.303743189185000517e+01,1.520199999999999996e+00,-6.209999999999999964e-01,-3.617618878801400206e-01,-4.033119335603199684e-01,9.602194881439998775e-03,-1.267939369999999955e-01,2.896264519999999787e-01,3.391754811829999881e+02,2.024000000000000000e+03,1.100000000000000000e+01,2.400000000000000000e+01,1.500000000000000000e+01,4.700000000000000000e+01,5.541329499999999797e+01
4.000646361087999736e+01,-8.303743240811999726e+01,1.504999999999999893e+00,-6.320000000000000062e-01,-3.580292875109800099e-01,-2.955581870708400283e-01,-4.407374162250000255e-02,-1.456462460000000070e-01,3.045980460000000112e-01,3.388337912900000219e+02,2.024000000000000000e+03,1.100000000000000000e+01,2.400000000000000000e+01,1.500000000000000000e+01,4.700000000000000000e+01,5.548284400000000005e+01
4.000646455927999767e+01,-8.303743293121999614e+01,1.496899999999999897e+00,-6.387000000000000455e-01,-2.116577471704599867e-01,-1.587287383827000187e-01,-4.018121914178000159e-02,-1.699662620000000068e-01,3.223118700000000003e-01,3.384901368750000188e+02,2.024000000000000000e+03,1.100000000000000000e+01,2.400000000000000000e+01,1.500000000000000000e+01,4.700000000000000000e+01,5.555271400000000170e+01
4.000646550258999667e+01,-8.303743346078999821e+01,1.488699999999999912e+00,-6.468000000000000416e-01,-2.692211091397400113e-01,-1.745785873719000181e-01,-4.882938125726000306e-02,-1.824969859999999999e-01,3.304412349999999998e-01,3.381534909060000018e+02,2.024000000000000000e+03,1.100000000000000000e+01,2.400000000000000000e+01,1.500000000000000000e+01,4.700000000000000000e+01,5.562270199999999676e+01
4.000646657416999830e+01,-8.303743406987000242e+01,1.478399999999999936e+00,-6.494999999999999662e-01,-1.709077273614600101e-01,-2.302921775076799960e-01,5.478743750637999482e-02,-1.892883119999999864e-01,3.369947099999999751e-01,3.377665796979999868e+02,2.024000000000000000e+03,1.100000000000000000e+01,2.400000000000000000e+01,1.500000000000000000e+01,4.700000000000000000e+01,5.569470599999999649e+01
4.000646737310000134e+01,-8.303743452992000584e+01,1.471600000000000019e+00,-6.544999999999999707e-01,-1.998056734104199927e-01,-1.732279812024600241e-01,1.261372480730799939e-01,-1.983599390000000129e-01,3.416309730000000044e-01,3.374708877529999995e+02,2.024000000000000000e+03,1.100000000000000000e+01,2.400000000000000000e+01,1.500000000000000000e+01,4.700000000000000000e+01,5.576513800000000032e+01
4.000646843306999756e+01,-8.303743514759999300e+01,1.463600000000000012e+00,-6.592000000000000082e-01,-2.019803740707000195e-01,-1.572062846331799824e-01,9.891769415219998918e-02,-2.014124589999999881e-01,3.406380589999999930e-01,3.370793205510000234e+02,2.024000000000000000e+03,1.100000000000000000e+01,2.400000000000000000e+01,1.500000000000000000e+01,4.700000000000000000e+01,5.583368099999999856e+01
4.000646922360999724e+01,-8.303743561346999513e+01,1.455100000000000060e+00,-6.626999999999999558e-01,-2.280105457034400096e-01,-2.630212035457599740e-01,7.053617058491999658e-02,-1.933388729999999944e-01,3.332847919999999964e-01,3.367917814649999855e+02,2.024000000000000000e+03,1.100000000000000000e+01,2.400000000000000000e+01,1.500000000000000000e+01,4.700000000000000000e+01,5.590328099999999978e+01
4.000647013894000281e+01,-8.303743616260000238e+01,1.443000000000000060e+00,-6.717999999999999527e-01,-3.507715826632999967e-01,-2.072465615846800224e-01,-1.016132137689999999e-02,-1.888890729999999907e-01,3.300191619999999770e-01,3.364596515150000187e+02,2.024000000000000000e+03,1.100000000000000000e+01,2.400000000000000000e+01,1.500000000000000000e+01,4.700000000000000000e+01,5.597257599999999655e+01
4.000647052939999782e+01,-8.303743639917999531e+01,1.440700000000000092e+00,-6.714999999999999858e-01,-1.108589547513600115e-01,-1.652815735414200071e-01,-7.092652325225999588e-02,-1.869285260000000115e-01,3.297128509999999735e-01,3.363160918940000101e+02,2.024000000000000000e+03,1.100000000000000000e+01,2.400000000000000000e+01,1.500000000000000000e+01,4.700000000000000000e+01,5.604118199999999916e+01
4.000647169610999754e+01,-8.303743711318000464e+01,1.432500000000000107e+00,-6.796999999999999709e-01,-2.723401316570400188e-01,-6.011932720252000095e-02,-4.070168937330000125e-02,-1.721906460000000028e-01,3.219941920000000124e-01,3.358750578660000201e+02,2.024000000000000000e+03,1.100000000000000000e+01,2.400000000000000000e+01,1.500000000000000000e+01,4.700000000000000000e+01,5.611420400000000086e+01
4.000647285590000024e+01,-8.303743783778999443e+01,1.426099999999999923e+00,-6.919999999999999485e-01,-3.330570180049799989e-01,-3.997319806019999922e-03,9.066263661259999634e-03,-1.636830190000000129e-01,3.124953839999999872e-01,3.354191387839999834e+02,2.024000000000000000e+03,1.100000000000000000e+01,2.400000000000000000e+01,1.500000000000000000e+01,4.700000000000000000e+01,5.618665599999999927e+01
4.000647388155000073e+01,-8.303743849599999294e+01,1.420099999999999918e+00,-7.076000000000000068e-01,-3.826688198742799751e-01,1.578541792203999941e-02,-8.440395256200000293e-03,-1.611146290000000092e-01,2.996285410000000260e-01,3.350132663790000151e+02,2.024000000000000000e+03,1.100000000000000000e+01,2.400000000000000000e+01,1.500000000000000000e+01,4.700000000000000000e+01,5.625737199999999660e+01
4.000647477447999734e+01,-8.303743908356000247e+01,1.412300000000000111e+00,-7.197999999999999954e-01,-3.774601616618800115e-01,-5.648421899503999755e-02,9.496688747069999270e-02,-1.665373659999999922e-01,2.838120690000000002e-01,3.346617781609999724e+02,2.024000000000000000e+03,1.100000000000000000e+01,2.400000000000000000e+01,1.500000000000000000e+01,4.700000000000000000e+01,5.633076400000000206e+01
4.000647566306000158e+01,-8.303743967887000110e+01,1.405299999999999994e+00,-7.282999999999999474e-01,-3.669780986464399875e-01,-9.758428886681999592e-02,-1.443791763847999954e-02,-1.695534449999999971e-01,2.692089529999999731e-01,3.343020868130000167e+02,2.024000000000000000e+03,1.100000000000000000e+01,2.400000000000000000e+01,1.500000000000000000e+01,4.700000000000000000e+01,5.640281199999999728e+01
4.000647654897999672e+01,-8.303744027880999568e+01,1.403899999999999926e+00,-7.319999999999999840e-01,-1.514382294010799823e-01,2.164197020196000076e-02,5.616566805574000482e-02,-1.714066999999999952e-01,2.533046429999999960e-01,3.339311184869999920e+02,2.024000000000000000e+03,1.100000000000000000e+01,2.400000000000000000e+01,1.500000000000000000e+01,4.700000000000000000e+01,5.647288499999999800e+01
4.000647756034999958e+01,-8.303744097111000144e+01,1.399999999999999911e+00,-7.430999999999999828e-01,-3.129944443821600086e-01,-1.099553804048000044e-02,-9.775702391405999281e-02,-1.640491289999999880e-01,2.238178839999999947e-01,3.335016646509999987e+02,2.024000000000000000e+03,1.100000000000000000e+01,2.400000000000000000e+01,1.500000000000000000e+01,4.700000000000000000e+01,5.654359699999999833e+01
4.000647831575999902e+01,-8.303744149668000318e+01,1.392800000000000038e+00,-7.519000000000000128e-01,-5.427516499940199246e-01,-1.058105610642000038e-01,-2.312691559524599760e-01,-1.553536349999999899e-01,2.048758029999999952e-01,3.331822221770000283e+02,2.024000000000000000e+03,1.100000000000000000e+01,2.400000000000000000e+01,1.500000000000000000e+01,4.700000000000000000e+01,5.661396400000000284e+01
4.000647931566999915e+01,-8.303744221046000007e+01,1.382500000000000062e+00,-7.682999999999999829e-01,-4.492187744690999684e-01,-1.428526155113999871e-02,6.270003215149999587e-02,-1.636539899999999992e-01,1.897909789999999985e-01,3.327539411800000266e+02,2.024000000000000000e+03,1.100000000000000000e+01,2.400000000000000000e+01,1.500000000000000000e+01,4.700000000000000000e+01,5.668519599999999770e+01
4.000648006141000224e+01,-8.303744275562999633e+01,1.377899999999999903e+00,-7.773999999999999799e-01,-2.680851970583399968e-01,1.076611580906000100e-02,-6.418217668362000139e-02,-1.770637700000000092e-01,1.807546170000000063e-01,3.324233675680000033e+02,2.024000000000000000e+03,1.100000000000000000e+01,2.400000000000000000e+01,1.500000000000000000e+01,4.700000000000000000e+01,5.675607899999999972e+01
4.000648105039999791e+01,-8.303744349200999864e+01,1.365799999999999903e+00,-7.912000000000000144e-01,-5.419159477686600335e-01,-1.236424678153199841e-01,-5.103053297137999378e-02,-1.950261409999999862e-01,1.745656939999999935e-01,3.319693838590000041e+02,2.024000000000000000e+03,1.100000000000000000e+01,2.400000000000000000e+01,1.500000000000000000e+01,4.700000000000000000e+01,5.682612400000000008e+01
4.000648190759000045e+01,-8.303744414762999781e+01,1.354200000000000070e+00,-8.034999999999999920e-01,-4.047002491781599987e-01,-8.778675815186000320e-02,-4.799479842440000296e-03,-2.322402339999999898e-01,1.864271750000000005e-01,3.315708883689999880e+02,2.024000000000000000e+03,1.100000000000000000e+01,2.400000000000000000e+01,1.500000000000000000e+01,4.700000000000000000e+01,5.689721999999999724e+01
4.000648276073000176e+01,-8.303744481095000651e+01,1.351799999999999891e+00,-8.114999999999999991e-01,-2.334933620596400250e-01,8.434964123572000205e-02,4.963002139613999913e-02,-2.624558040000000148e-01,2.005604960000000048e-01,3.311788667920000080e+02,2.024000000000000000e+03,1.100000000000000000e+01,2.400000000000000000e+01,1.500000000000000000e+01,4.700000000000000000e+01,5.696780100000000147e+01
4.000648312605000001e+01,-8.303744509778999827e+01,1.351699999999999902e+00,-8.168999999999999595e-01,-2.778407662937000255e-01,1.471819506052199911e-01,9.424384354157999688e-02,-2.692990929999999894e-01,2.025534390000000018e-01,3.310119302979999816e+02,2.024000000000000000e+03,1.100000000000000000e+01,2.400000000000000000e+01,1.500000000000000000e+01,4.700000000000000000e+01,5.703852400000000245e+01
4.000648397673000289e+01,-8.303744577627000467e+01,1.345499999999999918e+00,-8.342000000000000526e-01,-5.263493761340000132e-01,4.742706859463999974e-02,6.944114795332000101e-02,-2.988334229999999869e-01,1.930477790000000027e-01,3.306196929509999904e+02,2.024000000000000000e+03,1.100000000000000000e+01,2.400000000000000000e+01,1.500000000000000000e+01,4.700000000000000000e+01,5.710934199999999805e+01
4.000648506449999786e+01,-8.303744666414000619e+01,1.338400000000000034e+00,-8.451999999999999513e-01,-2.292357853848200067e-01,-7.052160953619999832e-03,1.690732420628000138e-02,-3.618426319999999974e-01,1.818881880000000062e-01,3.300979938969999807e+02,2.024000000000000000e+03,1.100000000000000000e+01,2.400000000000000000e+01,1.500000000000000000e+01,4.700000000000000000e+01,5.717907300000000248e+01
4.000648566638999881e+01,-8.303744716255999947e+01,1.334100000000000064e+00,-8.517000000000000126e-01,-2.561533006943600421e-01,-5.899441423359999895e-03,-4.347960332324000282e-02,-3.926161160000000150e-01,1.797339850000000128e-01,3.298037375459999794e+02,2.024000000000000000e+03,1.100000000000000000e+01,2.400000000000000000e+01,1.500000000000000000e+01,4.700000000000000000e+01,5.725088300000000174e+01
4.000648698164000194e+01,-8.303744827530999828e+01,1.322899999999999965e+00,-8.666000000000000369e-01,-1.338318009107600237e-01,-2.377472419064000086e-02,-5.459251471900000013e-03,-4.672474329999999898e-01,1.901040029999999936e-01,3.291586001690000103e+02,2.024000000000000000e+03,1.100000000000000000e+01,2.400000000000000000e+01,1.500000000000000000e+01,4.700000000000000000e+01,5.732121099999999814e+01
4.000648781521999808e+01,-8.303744898953999609e+01,1.320400000000000018e+00,-8.713999999999999524e-01,-1.708240789944800164e-01,2.339471706593999889e-02,-1.802084366125999981e-02,-5.003740770000000282e-01,2.015439669999999905e-01,3.287468835170000148e+02,2.024000000000000000e+03,1.100000000000000000e+01,2.400000000000000000e+01,1.500000000000000000e+01,4.700000000000000000e+01,5.739209100000000063e+01
4.000648864784999859e+01,-8.303744970827000316e+01,1.319399999999999906e+00,-8.776000000000000467e-01,-1.726544678939800070e-01,6.864911475114000849e-02,3.534722640566000107e-02,-5.161981799999999510e-01,2.122403629999999874e-01,3.283333595249999917e+02,2.024000000000000000e+03,1.100000000000000000e+01,2.400000000000000000e+01,1.500000000000000000e+01,4.700000000000000000e+01,5.746278300000000172e+01
4.000648959789999992e+01,-8.303745053387000041e+01,1.315099999999999936e+00,-8.811999999999999833e-01,-1.557863263223999983e-01,-7.347621435286000313e-02,4.960425943293999412e-02,-5.170617419999999909e-01,2.230314790000000047e-01,3.278523177870000040e+02,2.024000000000000000e+03,1.100000000000000000e+01,2.400000000000000000e+01,1.500000000000000000e+01,4.700000000000000000e+01,5.753442499999999882e+01
4.000649030680000351e+01,-8.303745115710999869e+01,1.307700000000000085e+00,-8.882999999999999785e-01,-3.375007349032599913e-01,-7.252428030153999783e-02,9.980409030170001028e-02,-5.056287390000000492e-01,2.392921769999999948e-01,3.274869778999999994e+02,2.024000000000000000e+03,1.100000000000000000e+01,2.400000000000000000e+01,1.500000000000000000e+01,4.700000000000000000e+01,5.760501599999999911e+01
4.000649124633999776e+01,-8.303745199930000354e+01,1.300699999999999967e+00,-9.039000000000000368e-01,-3.378624531294199818e-01,1.042704923444799925e-01,2.367907752800000167e-04,-4.999973409999999840e-01,2.567561800000000005e-01,3.269948605769999972e+02,2.024000000000000000e+03,1.100000000000000000e+01,2.400000000000000000e+01,1.500000000000000000e+01,4.700000000000000000e+01,5.767566000000000059e+01
4.000649206568999716e+01,-8.303745274508000307e+01,1.296799999999999953e+00,-9.118000000000000549e-01,-2.752657761866399988e-01,2.567754043904000097e-02,-1.848351864710199854e-01,-4.811528170000000104e-01,2.629421379999999919e-01,3.265606040470000266e+02,2.024000000000000000e+03,1.100000000000000000e+01,2.400000000000000000e+01,1.500000000000000000e+01,4.700000000000000000e+01,5.774556700000000120e+01
4.000649287969000056e+01,-8.303745349825000233e+01,1.285500000000000087e+00,-9.213999999999999968e-01,-3.722999103442199975e-01,-8.373142001922000144e-02,-9.260209194447999170e-02,-4.618645929999999900e-01,2.757660659999999764e-01,3.261132899759999759e+02,2.024000000000000000e+03,1.100000000000000000e+01,2.400000000000000000e+01,1.500000000000000000e+01,4.700000000000000000e+01,5.781888200000000211e+01
4.000649380027000035e+01,-8.303745437290000098e+01,1.270499999999999963e+00,-9.415000000000000036e-01,-5.752111279402999378e-01,1.756956518915999896e-02,-2.784077559708000166e-02,-4.659292540000000149e-01,3.033203170000000060e-01,3.255834855169999855e+02,2.024000000000000000e+03,1.100000000000000000e+01,2.400000000000000000e+01,1.500000000000000000e+01,4.700000000000000000e+01,5.789360599999999835e+01
4.000649448555000021e+01,-8.303745504204999861e+01,1.265200000000000102e+00,-9.587999999999999856e-01,-5.102487287173799180e-01,1.921080445510399970e-01,-7.533122675799999463e-04,-4.823783469999999851e-01,3.214360499999999732e-01,3.251815889439999978e+02,2.024000000000000000e+03,1.100000000000000000e+01,2.400000000000000000e+01,1.500000000000000000e+01,4.700000000000000000e+01,5.796398299999999892e+01
4.000649494078000146e+01,-8.303745549455000230e+01,1.261300000000000088e+00,-9.688999999999999835e-01,-5.133659337592400007e-01,1.461825414529400180e-01,7.007696886846000173e-02,-4.905814370000000091e-01,3.252473439999999938e-01,3.249129814450000140e+02,2.024000000000000000e+03,1.100000000000000000e+01,2.400000000000000000e+01,1.500000000000000000e+01,4.700000000000000000e+01,5.803465400000000329e+01
4.000649562105999735e+01,-8.303745618147000584e+01,1.255700000000000038e+00,-9.810999999999999721e-01,-3.887508385012399814e-01,5.574081700936000389e-02,1.509084403428000154e-02,-5.062478200000000150e-01,3.252412630000000027e-01,3.245101971159999721e+02,2.024000000000000000e+03,1.100000000000000000e+01,2.400000000000000000e+01,1.500000000000000000e+01,4.700000000000000000e+01,5.810579400000000305e+01
4.000649674849999826e+01,-8.303745733838999854e+01,1.250000000000000000e+00,-9.887000000000000233e-01,-1.224355001340000047e-02,1.082911179717999973e-02,-4.654807275957999896e-02,-5.259716119999999773e-01,3.402088520000000060e-01,3.238238507120000236e+02,2.024000000000000000e+03,1.100000000000000000e+01,2.400000000000000000e+01,1.500000000000000000e+01,4.700000000000000000e+01,5.817598399999999970e+01
4.000649764936999730e+01,-8.303745826719999457e+01,1.250699999999999923e+00,-9.941999999999999726e-01,-1.805677270105799925e-01,1.274949062024400004e-01,-6.760156487582000273e-02,-5.130558530000000061e-01,3.584742329999999755e-01,3.232656717940000135e+02,2.024000000000000000e+03,1.100000000000000000e+01,2.400000000000000000e+01,1.500000000000000000e+01,4.700000000000000000e+01,5.824650900000000320e+01
4.000649854929999805e+01,-8.303745920705000572e+01,1.245999999999999996e+00,-1.012000000000000011e+00,-4.687980303153200246e-01,1.513248131391000117e-01,8.583841455570000167e-02,-4.869534030000000069e-01,3.702416279999999893e-01,3.227126071729999808e+02,2.024000000000000000e+03,1.100000000000000000e+01,2.400000000000000000e+01,1.500000000000000000e+01,4.700000000000000000e+01,5.831718699999999700e+01
4.000649933190999974e+01,-8.303746004285000026e+01,1.237400000000000055e+00,-1.025600000000000067e+00,-4.445320175350799818e-01,3.153405983732000123e-02,3.654487872047999797e-02,-4.685528709999999819e-01,3.761783060000000178e-01,3.222287453330000062e+02,2.024000000000000000e+03,1.100000000000000000e+01,2.400000000000000000e+01,1.500000000000000000e+01,4.700000000000000000e+01,5.838733599999999768e+01
4.000650010972999837e+01,-8.303746088881999299e+01,1.228900000000000103e+00,-1.039299999999999891e+00,-5.290376041675800556e-01,5.910305203824000458e-02,5.122667909967999755e-02,-4.462855629999999962e-01,3.845298449999999812e-01,3.217341539569999895e+02,2.024000000000000000e+03,1.100000000000000000e+01,2.400000000000000000e+01,1.500000000000000000e+01,4.700000000000000000e+01,5.845914100000000246e+01
4.000650087865999893e+01,-8.303746175038999411e+01,1.210499999999999909e+00,-1.062200000000000033e+00,-8.498771545537400218e-01,-7.246899375180000137e-03,8.894655504894000142e-02,-4.519513179999999908e-01,3.922403119999999799e-01,3.212381464910000091e+02,2.024000000000000000e+03,1.100000000000000000e+01,2.400000000000000000e+01,1.500000000000000000e+01,4.700000000000000000e+01,5.853031800000000118e+01
4.000650163739000220e+01,-8.303746262896000019e+01,1.197999999999999954e+00,-1.079199999999999937e+00,-5.242079679988399521e-01,3.905210158709999935e-02,-5.766120631360000318e-03,-4.831200509999999948e-01,4.004506090000000129e-01,3.207463668089999942e+02,2.024000000000000000e+03,1.100000000000000000e+01,2.400000000000000000e+01,1.500000000000000000e+01,4.700000000000000000e+01,5.860146100000000047e+01
4.000650239096999883e+01,-8.303746351793999736e+01,1.191899999999999959e+00,-1.089099999999999957e+00,-3.043588569351999840e-01,3.491860402248000289e-02,6.340234206396000438e-02,-5.034282270000000059e-01,4.012628220000000190e-01,3.202485068720000072e+02,2.024000000000000000e+03,1.100000000000000000e+01,2.400000000000000000e+01,1.500000000000000000e+01,4.700000000000000000e+01,5.867232800000000026e+01
4.000650313956000304e+01,-8.303746441561000324e+01,1.183799999999999963e+00,-1.099099999999999966e+00,-3.224852088287200047e-01,-6.214195759000000052e-04,1.114663108765999965e-02,-5.274832710000000313e-01,3.997809039999999925e-01,3.197387412200000085e+02,2.024000000000000000e+03,1.100000000000000000e+01,2.400000000000000000e+01,1.500000000000000000e+01,4.700000000000000000e+01,5.874290599999999785e+01
4.000650388454999984e+01,-8.303746531980999634e+01,1.179699999999999971e+00,-1.106100000000000083e+00,-2.216641383471799898e-01,4.553121316084000197e-02,-3.286294459882000557e-02,-5.455204070000000405e-01,4.014127900000000193e-01,3.192271902730000193e+02,2.024000000000000000e+03,1.100000000000000000e+01,2.400000000000000000e+01,1.500000000000000000e+01,4.700000000000000000e+01,5.881397100000000222e+01
4.000650473436999732e+01,-8.303746635986000513e+01,1.178600000000000092e+00,-1.113199999999999967e+00,-1.561427960535000103e-01,7.628632968069999631e-02,-6.014769902750000119e-02,-5.379655279999999706e-01,4.004615340000000079e-01,3.186490531059999967e+02,2.024000000000000000e+03,1.100000000000000000e+01,2.400000000000000000e+01,1.500000000000000000e+01,4.700000000000000000e+01,5.888478800000000035e+01
4.000650537040999666e+01,-8.303746714474000612e+01,1.174800000000000066e+00,-1.120000000000000107e+00,-2.728243779854199746e-01,3.878733515432000040e-02,1.842284016802000005e-02,-5.102352350000000092e-01,3.956353459999999989e-01,3.182153517969999825e+02,2.024000000000000000e+03,1.100000000000000000e+01,2.400000000000000000e+01,1.500000000000000000e+01,4.700000000000000000e+01,5.895505299999999949e+01
4.000650589717999850e+01,-8.303746780286999751e+01,1.164500000000000091e+00,-1.127899999999999903e+00,-5.492550223866999870e-01,-8.166007915409999318e-02,-5.875769243514000068e-02,-4.871301570000000081e-01,3.957467639999999731e-01,3.178467208619999838e+02,2.024000000000000000e+03,1.100000000000000000e+01,2.400000000000000000e+01,1.500000000000000000e+01,4.700000000000000000e+01,5.902549199999999985e+01
4.000650662665999846e+01,-8.303746873379000704e+01,1.150400000000000089e+00,-1.142400000000000082e+00,-5.966401139281599653e-01,7.899959710600000518e-03,2.256746068569999777e-02,-4.721206020000000003e-01,4.015962310000000257e-01,3.173172587189999945e+02,2.024000000000000000e+03,1.100000000000000000e+01,2.400000000000000000e+01,1.500000000000000000e+01,4.700000000000000000e+01,5.909692799999999835e+01
4.000650755270999781e+01,-8.303746995072999937e+01,1.132700000000000040e+00,-1.167799999999999949e+00,-7.479288909009199626e-01,9.578598974025999413e-02,4.531587536087999801e-02,-4.605607170000000083e-01,3.954135910000000087e-01,3.166236034170000266e+02,2.024000000000000000e+03,1.100000000000000000e+01,2.400000000000000000e+01,1.500000000000000000e+01,4.700000000000000000e+01,5.916750100000000145e+01
4.000650826169000140e+01,-8.303747091549999482e+01,1.116100000000000092e+00,-1.186199999999999921e+00,-6.564737316385200749e-01,3.792108792159999686e-03,4.364713714184000060e-02,-4.691230410000000184e-01,3.837757399999999763e-01,3.160867144800000119e+02,2.024000000000000000e+03,1.100000000000000000e+01,2.400000000000000000e+01,1.500000000000000000e+01,4.700000000000000000e+01,5.923844700000000074e+01
4.000650906026000087e+01,-8.303747203371999319e+01,1.100200000000000067e+00,-1.200700000000000101e+00,-5.074638535323600097e-01,-5.173684870940000596e-02,-2.444688012307999828e-02,-4.990861650000000260e-01,3.716004459999999732e-01,3.154672861309999803e+02,2.024000000000000000e+03,1.100000000000000000e+01,2.400000000000000000e+01,1.500000000000000000e+01,4.700000000000000000e+01,5.931175400000000053e+01
4.000650955492000094e+01,-8.303747273781000615e+01,1.094999999999999973e+00,-1.205799999999999983e+00,-3.339283904266399650e-01,-6.583471621059999897e-03,6.374964782554000398e-02,-5.164098969999999511e-01,3.633066140000000277e-01,3.150716219239999987e+02,2.024000000000000000e+03,1.100000000000000000e+01,2.400000000000000000e+01,1.500000000000000000e+01,4.700000000000000000e+01,5.938460899999999754e+01
4.000651044077000051e+01,-8.303747401194000588e+01,1.087900000000000089e+00,-1.213700000000000001e+00,-3.087916670319800216e-01,-3.246984589847999592e-02,9.903109772739998595e-02,-5.221180100000000213e-01,3.412444079999999991e-01,3.143350582130000248e+02,2.024000000000000000e+03,1.100000000000000000e+01,2.400000000000000000e+01,1.500000000000000000e+01,4.700000000000000000e+01,5.945612500000000011e+01
4.000651112261000009e+01,-8.303747501146000332e+01,1.073800000000000088e+00,-1.224900000000000100e+00,-5.136634700090799699e-01,-6.020912319077999231e-02,-1.441741017775999972e-02,-5.169008170000000124e-01,3.221123819999999749e-01,3.137646109570000021e+02,2.024000000000000000e+03,1.100000000000000000e+01,2.400000000000000000e+01,1.500000000000000000e+01,4.700000000000000000e+01,5.952765800000000240e+01
4.000651179561999982e+01,-8.303747601880999696e+01,1.060300000000000020e+00,-1.234199999999999964e+00,-4.899425203166000165e-01,-6.684047500174000733e-02,-1.039215532435799894e-01,-5.116766600000000054e-01,3.166245699999999941e-01,3.132045567129999881e+02,2.024000000000000000e+03,1.100000000000000000e+01,2.400000000000000000e+01,1.500000000000000000e+01,4.700000000000000000e+01,5.960007199999999727e+01
4.000651255563000319e+01,-8.303747718056999361e+01,1.048200000000000021e+00,-1.246899999999999897e+00,-4.682449195041600287e-01,2.279685394292000136e-02,-1.853043469448399927e-01,-5.064343890000000403e-01,3.170095669999999921e-01,3.125589496779999763e+02,2.024000000000000000e+03,1.100000000000000000e+01,2.400000000000000000e+01,1.500000000000000000e+01,4.700000000000000000e+01,5.967113499999999959e+01
4.000651321389999993e+01,-8.303747820706999505e+01,1.038599999999999968e+00,-1.258799999999999919e+00,-4.723169508631400171e-01,7.843610813010000460e-02,-1.171991843238600062e-01,-5.006738720000000198e-01,3.176465130000000192e-01,3.119754564450000203e+02,2.024000000000000000e+03,1.100000000000000000e+01,2.400000000000000000e+01,1.500000000000000000e+01,4.700000000000000000e+01,5.974214899999999773e+01
4.000651386517999697e+01,-8.303747924355999999e+01,1.025600000000000067e+00,-1.270399999999999974e+00,-5.463163870654800247e-01,-3.143761492071999591e-02,3.894833678634000013e-02,-4.905136729999999834e-01,3.191855940000000169e-01,3.113878262759999984e+02,2.024000000000000000e+03,1.100000000000000000e+01,2.400000000000000000e+01,1.500000000000000000e+01,4.700000000000000000e+01,5.981248399999999776e+01
4.000651459934000087e+01,-8.303748044063000577e+01,1.011600000000000055e+00,-1.285300000000000109e+00,-4.910109397886799898e-01,5.637255613920000297e-02,2.216089639984800130e-01,-4.790882189999999818e-01,3.285255559999999964e-01,3.107288648749999993e+02,2.024000000000000000e+03,1.100000000000000000e+01,2.400000000000000000e+01,1.500000000000000000e+01,4.700000000000000000e+01,5.988484799999999808e+01
4.000651514446000334e+01,-8.303748134747000620e+01,1.004099999999999993e+00,-1.296899999999999942e+00,-4.841429862887000057e-01,1.278844026244800036e-01,1.694752742377000077e-01,-4.698778109999999786e-01,3.263160620000000178e-01,3.102355028420000167e+02,2.024000000000000000e+03,1.100000000000000000e+01,2.400000000000000000e+01,1.500000000000000000e+01,4.700000000000000000e+01,5.995550000000000068e+01
4.000651559471999974e+01,-8.303748210944999641e+01,9.942999999999999616e-01,-1.306899999999999951e+00,-5.948341279288600347e-01,6.505088509497999882e-02,8.277154506774000997e-02,-4.703927150000000168e-01,3.167626119999999990e-01,3.098185902270000156e+02,2.024000000000000000e+03,1.100000000000000000e+01,2.400000000000000000e+01,1.500000000000000000e+01,4.800000000000000000e+01,2.638899999999999926e-02
4.000651612941000224e+01,-8.303748303010999621e+01,9.848000000000000087e-01,-1.314100000000000046e+00,-3.701448924702600007e-01,3.991272969779999930e-03,-3.670319229157999880e-02,-4.732257500000000006e-01,3.041681620000000197e-01,3.093088942759999895e+02,2.024000000000000000e+03,1.100000000000000000e+01,2.400000000000000000e+01,1.500000000000000000e+01,4.800000000000000000e+01,9.767399999999999693e-02
4.000651692328000308e+01,-8.303748442466999791e+01,9.717999999999999972e-01,-1.330699999999999994e+00,-5.860981064722600165e-01,8.947261661532000809e-02,-1.517584249332800117e-01,-4.465675430000000112e-01,2.763604869999999880e-01,3.085335842520000256e+02,2.024000000000000000e+03,1.100000000000000000e+01,2.400000000000000000e+01,1.500000000000000000e+01,4.800000000000000000e+01,1.697309999999999930e-01
4.000651752795999982e+01,-8.303748552918999337e+01,9.494000000000000217e-01,-1.349599999999999911e+00,-7.898710592664200947e-01,-1.564875453081999990e-02,-7.487003964409999490e-02,-4.430146609999999763e-01,2.512694850000000146e-01,3.079422672759999955e+02,2.024000000000000000e+03,1.100000000000000000e+01,2.400000000000000000e+01,1.500000000000000000e+01,4.800000000000000000e+01,2.409580000000000055e-01
4.000651837390000054e+01,-8.303748712396000542e+01,9.358999999999999542e-01,-1.359199999999999964e+00,-1.513044672266999902e-01,4.330366080754000091e-02,6.883611379624000881e-02,-4.538424110000000011e-01,2.392559180000000119e-01,3.071077233170000227e+02,2.024000000000000000e+03,1.100000000000000000e+01,2.400000000000000000e+01,1.500000000000000000e+01,4.800000000000000000e+01,3.127249999999999752e-01
4.000651896213000214e+01,-8.303748824669999351e+01,9.312000000000000277e-01,-1.368100000000000094e+00,-3.064686112913999616e-01,1.134844121577199966e-01,8.039980526446000031e-02,-4.308557929999999869e-01,2.253911429999999883e-01,3.065070702830000187e+02,2.024000000000000000e+03,1.100000000000000000e+01,2.400000000000000000e+01,1.500000000000000000e+01,4.800000000000000000e+01,3.847809999999999842e-01
4.000651954525999798e+01,-8.303748937883000281e+01,9.205999999999999739e-01,-1.381499999999999950e+00,-4.088201170353599756e-01,1.304905345885999934e-01,7.829748256340000878e-02,-4.094392829999999872e-01,2.009737460000000087e-01,3.058949406309999972e+02,2.024000000000000000e+03,1.100000000000000000e+01,2.400000000000000000e+01,1.500000000000000000e+01,4.800000000000000000e+01,4.552979999999999805e-01
4.000652011978999667e+01,-8.303749052253000684e+01,9.042000000000000037e-01,-1.396800000000000042e+00,-6.506252791283999581e-01,8.122461439479999878e-02,-1.449466730654400126e-01,-3.926321119999999776e-01,1.774976420000000110e-01,3.052942114420000053e+02,2.024000000000000000e+03,1.100000000000000000e+01,2.400000000000000000e+01,1.500000000000000000e+01,4.800000000000000000e+01,5.258199999999999541e-01
4.000652068437999986e+01,-8.303749167738999404e+01,8.890000000000000124e-01,-1.408400000000000096e+00,-5.154304001045399986e-01,-1.032154639043999893e-02,1.094760893709999933e-02,-3.767081999999999931e-01,1.577453570000000027e-01,3.047059514499999864e+02,2.024000000000000000e+03,1.100000000000000000e+01,2.400000000000000000e+01,1.500000000000000000e+01,4.800000000000000000e+01,5.969020000000000437e-01
4.000652123804999860e+01,-8.303749284114999796e+01,8.683999999999999497e-01,-1.420199999999999907e+00,-7.257531110505199834e-01,-5.853653437154000133e-02,3.812497961071999869e-02,-3.679843409999999926e-01,1.475717099999999948e-01,3.041097532169999909e+02,2.024000000000000000e+03,1.100000000000000000e+01,2.400000000000000000e+01,1.500000000000000000e+01,4.800000000000000000e+01,6.683400000000000452e-01
4.000652177821000066e+01,-8.303749401749000469e+01,8.465000000000000302e-01,-1.439100000000000046e+00,-8.415325215958801008e-01,1.100657705251399943e-01,3.092359622447999820e-02,-3.876771239999999841e-01,1.422956099999999890e-01,3.035042898209999862e+02,2.024000000000000000e+03,1.100000000000000000e+01,2.400000000000000000e+01,1.500000000000000000e+01,4.800000000000000000e+01,7.391729999999999690e-01
4.000652230677000176e+01,-8.303749520885000379e+01,8.317999999999999838e-01,-1.456199999999999939e+00,-6.206957122877000410e-01,1.685721751408399971e-01,-2.459441033335999643e-02,-4.251965899999999854e-01,1.258042040000000028e-01,3.028997483009999883e+02,2.024000000000000000e+03,1.100000000000000000e+01,2.400000000000000000e+01,1.500000000000000000e+01,4.800000000000000000e+01,8.097800000000000553e-01
4.000652282635000034e+01,-8.303749641128000292e+01,8.185999999999999943e-01,-1.465799999999999992e+00,-4.454179172676400178e-01,-1.164929939781999928e-02,-9.332031869821999504e-02,-4.540812399999999971e-01,1.070880119999999963e-01,3.023020503629999780e+02,2.024000000000000000e+03,1.100000000000000000e+01,2.400000000000000000e+01,1.500000000000000000e+01,4.800000000000000000e+01,8.793710000000000138e-01
4.000652333917000192e+01,-8.303749761826999531e+01,8.106999999999999762e-01,-1.468900000000000095e+00,-1.998395394080600129e-01,-3.643107840944000142e-02,2.422418186297999737e-02,-4.710614450000000231e-01,1.047923620000000000e-01,3.017027812370000106e+02,2.024000000000000000e+03,1.100000000000000000e+01,2.400000000000000000e+01,1.500000000000000000e+01,4.800000000000000000e+01,9.497550000000000159e-01
4.000652370353999743e+01,-8.303749848328000382e+01,8.088999999999999524e-01,-1.475100000000000078e+00,-1.809201651540199851e-01,1.602206590370200134e-01,3.100253786177999821e-02,-4.698177840000000161e-01,1.065880329999999987e-01,3.012716107389999820e+02,2.024000000000000000e+03,1.100000000000000000e+01,2.400000000000000000e+01,1.500000000000000000e+01,4.800000000000000000e+01,1.019810000000000105e+00
4.000652413982999889e+01,-8.303749952721000227e+01,8.070000000000000506e-01,-1.486399999999999944e+00,-2.507625178057800164e-01,2.845896991380600372e-01,3.289104404228000017e-02,-4.565479299999999907e-01,9.829505600000000565e-02,3.007520556690000149e+02,2.024000000000000000e+03,1.100000000000000000e+01,2.400000000000000000e+01,1.500000000000000000e+01,4.800000000000000000e+01,1.089720999999999940e+00
4.000652485772999967e+01,-8.303750128296999833e+01,7.870000000000000329e-01,-1.502199999999999980e+00,-5.216087693797000213e-01,-1.687013680228000023e-02,-5.759832686550000330e-02,-4.276585889999999779e-01,6.894609000000000154e-02,2.998863248769999927e+02,2.024000000000000000e+03,1.100000000000000000e+01,2.400000000000000000e+01,1.500000000000000000e+01,4.800000000000000000e+01,1.160236999999999963e+00
4.000652520882000118e+01,-8.303750216548999674e+01,7.744999999999999662e-01,-1.507800000000000029e+00,-4.766617816068199898e-01,-3.454841007796000119e-02,5.161221416525999667e-02,-4.111004979999999809e-01,6.540205799999999903e-02,2.994533844489999979e+02,2.024000000000000000e+03,1.100000000000000000e+01,2.400000000000000000e+01,1.500000000000000000e+01,4.800000000000000000e+01,1.230723000000000011e+00
4.000652582605999896e+01,-8.303750376627999685e+01,7.481999999999999762e-01,-1.527800000000000047e+00,-8.268061157032799979e-01,1.688559934498600201e-01,4.759521879608000217e-02,-3.852224320000000035e-01,6.667255800000000676e-02,2.986672443819999785e+02,2.024000000000000000e+03,1.100000000000000000e+01,2.400000000000000000e+01,1.500000000000000000e+01,4.800000000000000000e+01,1.300880999999999954e+00
4.000652629206000199e+01,-8.303750502894999386e+01,7.305000000000000382e-01,-1.549199999999999910e+00,-7.304784570959400591e-01,3.108996781999199821e-01,1.067853030040599865e-01,-3.897577440000000171e-01,5.047580699999999754e-02,2.980533649220000143e+02,2.024000000000000000e+03,1.100000000000000000e+01,2.400000000000000000e+01,1.500000000000000000e+01,4.800000000000000000e+01,1.371172999999999975e+00
4.000652674572000222e+01,-8.303750630713000191e+01,7.098999999999999755e-01,-1.564500000000000002e+00,-6.963619967027999680e-01,7.991046437151999582e-02,-3.706032027476000024e-02,-4.135178509999999918e-01,1.730340500000000087e-02,2.974445291999999768e+02,2.024000000000000000e+03,1.100000000000000000e+01,2.400000000000000000e+01,1.500000000000000000e+01,4.800000000000000000e+01,1.441130999999999940e+00
4.000652712686999735e+01,-8.303750740837999444e+01,7.002000000000000446e-01,-1.568000000000000060e+00,-4.020705143553999772e-01,-6.707744544280000269e-03,-9.226882388255999712e-02,-4.236280279999999898e-01,-3.029009000000000042e-03,2.969259201049999888e+02,2.024000000000000000e+03,1.100000000000000000e+01,2.400000000000000000e+01,1.500000000000000000e+01,4.800000000000000000e+01,1.511023000000000005e+00
4.000652762696999787e+01,-8.303750888208999470e+01,6.878999999999999559e-01,-1.575900000000000079e+00,-3.604753733952399952e-01,7.491923001557999895e-02,-4.316055453145999782e-02,-4.216665800000000131e-01,-1.548762400000000018e-02,2.962284316060000151e+02,2.024000000000000000e+03,1.100000000000000000e+01,2.400000000000000000e+01,1.500000000000000000e+01,4.800000000000000000e+01,1.581892000000000076e+00
4.000652804927000261e+01,-8.303751018059000444e+01,6.560000000000000275e-01,-1.587599999999999900e+00,-8.661642100961199908e-01,-8.137770832216000005e-02,-3.655547747759999629e-03,-4.579992649999999887e-01,-1.498373599999999924e-02,2.956127829700000120e+02,2.024000000000000000e+03,1.100000000000000000e+01,2.400000000000000000e+01,1.500000000000000000e+01,4.800000000000000000e+01,1.652309999999999945e+00
4.000652845807999825e+01,-8.303751148876999366e+01,6.441999999999999948e-01,-1.600200000000000067e+00,-3.114037901638400108e-01,2.273073537825600066e-01,-6.436698932967999109e-02,-5.102073820000000426e-01,-6.466379000000000397e-03,2.949895724749999886e+02,2.024000000000000000e+03,1.100000000000000000e+01,2.400000000000000000e+01,1.500000000000000000e+01,4.800000000000000000e+01,1.721948999999999952e+00
4.000652886051000223e+01,-8.303751280771000154e+01,6.311999999999999833e-01,-1.614000000000000101e+00,-5.467530105764000226e-01,1.556483808508999922e-01,-1.138037527279399941e-01,-5.260900379999999821e-01,-1.698891300000000132e-02,2.943654217280000012e+02,2.024000000000000000e+03,1.100000000000000000e+01,2.400000000000000000e+01,1.500000000000000000e+01,4.800000000000000000e+01,1.792758000000000074e+00
4.000652930313000155e+01,-8.303751432779999675e+01,6.022999999999999465e-01,-1.626500000000000057e+00,-6.698611279853400324e-01,1.240571784042000109e-02,-1.091191369053799987e-01,-5.741517760000000026e-01,-1.539487699999999952e-02,2.936603548159999946e+02,2.024000000000000000e+03,1.100000000000000000e+01,2.400000000000000000e+01,1.500000000000000000e+01,4.800000000000000000e+01,1.864163000000000014e+00
4.000652968272999743e+01,-8.303751566411000340e+01,6.022999999999999465e-01,-1.630600000000000049e+00,3.123077661093999827e-02,1.158613292080800106e-01,6.066295984699999685e-03,-6.176426959999999911e-01,-7.504119999999999974e-04,2.930414441830000101e+02,2.024000000000000000e+03,1.100000000000000000e+01,2.400000000000000000e+01,1.500000000000000000e+01,4.800000000000000000e+01,1.937186999999999992e+00
4.000653000575999840e+01,-8.303751681285000075e+01,5.935000000000000275e-01,-1.635699999999999932e+00,-3.381985965462199761e-01,3.937153909386000017e-02,4.141900498615999626e-02,-6.209711079999999939e-01,9.583486000000000435e-03,2.925049842550000108e+02,2.024000000000000000e+03,1.100000000000000000e+01,2.400000000000000000e+01,1.500000000000000000e+01,4.800000000000000000e+01,2.012468999999999841e+00
4.000653021677000254e+01,-8.303751758145999418e+01,5.799999999999999600e-01,-1.641999999999999904e+00,-6.799545499538199866e-01,3.379164352261999904e-02,1.297843754226599977e-01,-6.228521249999999787e-01,1.818431599999999898e-02,2.921469085400000267e+02,2.024000000000000000e+03,1.100000000000000000e+01,2.400000000000000000e+01,1.500000000000000000e+01,4.800000000000000000e+01,2.085618000000000194e+00
4.000653062648000002e+01,-8.303751912589000028e+01,5.594999999999999973e-01,-1.650800000000000045e+00,-4.587240553767800155e-01,-9.045426470099999366e-03,1.916196293683400109e-01,-6.436311300000000513e-01,2.927102300000000018e-02,2.914326457110000206e+02,2.024000000000000000e+03,1.100000000000000000e+01,2.400000000000000000e+01,1.500000000000000000e+01,4.800000000000000000e+01,2.157744000000000106e+00
4.000653087655999940e+01,-8.303752009395999778e+01,5.494999999999999885e-01,-1.652099999999999902e+00,-4.475562417077599831e-01,-9.384230570823999529e-02,-4.608912103140000611e-03,-6.429929800000000473e-01,1.719801199999999863e-02,2.909938367760000233e+02,2.024000000000000000e+03,1.100000000000000000e+01,2.400000000000000000e+01,1.500000000000000000e+01,4.800000000000000000e+01,2.229296999999999862e+00
4.000653149471000347e+01,-8.303752260919000605e+01,5.040000000000000036e-01,-1.646600000000000064e+00,-6.508414051681599144e-01,-3.931683000058600053e-01,-1.383902032447800190e-01,-6.452138960000000090e-01,-2.533488399999999849e-02,2.898705207620000124e+02,2.024000000000000000e+03,1.100000000000000000e+01,2.400000000000000000e+01,1.500000000000000000e+01,4.800000000000000000e+01,2.301134999999999931e+00
4.000653180454000335e+01,-8.303752395707999767e+01,4.782000000000000139e-01,-1.638600000000000056e+00,-6.589295622678199571e-01,-4.392937624842999655e-01,-1.418559989787400166e-01,-6.685077600000000064e-01,-3.372002699999999964e-02,2.892591973990000156e+02,2.024000000000000000e+03,1.100000000000000000e+01,2.400000000000000000e+01,1.500000000000000000e+01,4.800000000000000000e+01,2.373629999999999907e+00
4.000653213889999904e+01,-8.303752549102999581e+01,4.505000000000000115e-01,-1.633499999999999952e+00,-6.145055362430800194e-01,-2.788675920096200245e-01,-1.525446225105999906e-02,-6.994367430000000274e-01,-3.015678299999999951e-02,2.885599609380000174e+02,2.024000000000000000e+03,1.100000000000000000e+01,2.400000000000000000e+01,1.500000000000000000e+01,4.800000000000000000e+01,2.446222999999999814e+00
4.000653237808000284e+01,-8.303752664024999319e+01,4.349000000000000088e-01,-1.633399999999999963e+00,-4.940148543943799764e-01,-1.686201888267800097e-01,-3.718345288753999861e-02,-7.244956679999999816e-01,-3.517763799999999719e-02,2.880373750859999973e+02,2.024000000000000000e+03,1.100000000000000000e+01,2.400000000000000000e+01,1.500000000000000000e+01,4.800000000000000000e+01,2.517285000000000217e+00
4.000653268618000169e+01,-8.303752817020000521e+01,4.198000000000000065e-01,-1.627799999999999914e+00,-3.319076050567800196e-01,-2.868341292711400481e-01,4.066136067625999995e-02,-7.479120870000000032e-01,-6.165358700000000275e-02,2.873515882870000269e+02,2.024000000000000000e+03,1.100000000000000000e+01,2.400000000000000000e+01,1.500000000000000000e+01,4.800000000000000000e+01,2.588833999999999858e+00
4.000653294653000103e+01,-8.303752950125000609e+01,4.062000000000000055e-01,-1.616500000000000048e+00,-2.835164084493599912e-01,-4.208785825404600112e-01,1.778276645413999837e-02,-7.535129040000000389e-01,-7.637426299999999779e-02,2.867619220739999832e+02,2.024000000000000000e+03,1.100000000000000000e+01,2.400000000000000000e+01,1.500000000000000000e+01,4.800000000000000000e+01,2.659958000000000045e+00
4.000653319847000233e+01,-8.303753082561999577e+01,3.940000000000000169e-01,-1.610700000000000021e+00,-2.183659037539799896e-01,-2.518767980531200212e-01,9.713544451866000518e-02,-7.546812109999999629e-01,-8.497854100000000466e-02,2.861773306339999863e+02,2.024000000000000000e+03,1.100000000000000000e+01,2.400000000000000000e+01,1.500000000000000000e+01,4.800000000000000000e+01,2.731576000000000004e+00
4.000653344108999931e+01,-8.303753214588999754e+01,3.755000000000000004e-01,-1.606200000000000072e+00,-5.251468417736799843e-01,-3.030337706948399989e-01,9.789858750032000290e-02,-7.535137619999999758e-01,-1.043045390000000017e-01,2.856013208219999910e+02,2.024000000000000000e+03,1.100000000000000000e+01,2.400000000000000000e+01,1.500000000000000000e+01,4.800000000000000000e+01,2.803589000000000109e+00
4.000653370233000317e+01,-8.303753364764000366e+01,3.503999999999999893e-01,-1.596100000000000074e+00,-4.743034896188599858e-01,-4.149742845088199572e-01,8.301542846251999674e-02,-7.640891960000000260e-01,-1.190767229999999954e-01,2.849769544949999727e+02,2.024000000000000000e+03,1.100000000000000000e+01,2.400000000000000000e+01,1.500000000000000000e+01,4.800000000000000000e+01,2.876109000000000027e+00
4.000653391664000225e+01,-8.303753495588000533e+01,3.320000000000000173e-01,-1.592999999999999972e+00,-3.987199100118399842e-01,-1.531998320447000017e-01,-3.643100667485999616e-02,-7.921578870000000050e-01,-1.223038230000000059e-01,2.844704594149999934e+02,2.024000000000000000e+03,1.100000000000000000e+01,2.400000000000000000e+01,1.500000000000000000e+01,4.800000000000000000e+01,2.947500999999999927e+00
4.000653406368999754e+01,-8.303753588914000261e+01,3.205999999999999961e-01,-1.591099999999999959e+00,-4.620486840517200045e-01,-2.018856603640599989e-01,-2.368634320176999930e-01,-8.149431710000000217e-01,-1.290533580000000069e-01,2.841305852429999845e+02,2.024000000000000000e+03,1.100000000000000000e+01,2.400000000000000000e+01,1.500000000000000000e+01,4.800000000000000000e+01,3.019193000000000016e+00
4.000653423344999737e+01,-8.303753700641000535e+01,3.068000000000000171e-01,-1.586100000000000065e+00,-4.604059355373399942e-01,-2.707070770814800076e-01,7.050527786471999514e-02,-8.534923220000000255e-01,-1.395336359999999887e-01,2.837388097290000246e+02,2.024000000000000000e+03,1.100000000000000000e+01,2.400000000000000000e+01,1.500000000000000000e+01,4.800000000000000000e+01,3.091168000000000138e+00
4.000653450504999853e+01,-8.303753885743999774e+01,3.032000000000000250e-01,-1.572300000000000031e+00,1.872876678003599915e-01,-3.067171629367199670e-01,7.429520584076000633e-02,-9.046357750000000308e-01,-1.577065199999999889e-01,2.831167942170000060e+02,2.024000000000000000e+03,1.100000000000000000e+01,2.400000000000000000e+01,1.500000000000000000e+01,4.800000000000000000e+01,3.162888999999999839e+00
4.000653466448000017e+01,-8.303753995866000537e+01,2.994999999999999885e-01,-1.562699999999999978e+00,2.269582619909999918e-02,-3.084312543705600151e-01,-1.058938287319999977e-03,-9.067431289999999811e-01,-1.616494049999999960e-01,2.827589352699999949e+02,2.024000000000000000e+03,1.100000000000000000e+01,2.400000000000000000e+01,1.500000000000000000e+01,4.800000000000000000e+01,3.238938000000000095e+00
4.000653489794999729e+01,-8.303754160068000090e+01,2.883000000000000007e-01,-1.553500000000000103e+00,-1.546701040408199890e-01,-2.351739388086799831e-01,-2.172701774954000076e-02,-9.082013420000000226e-01,-1.633189509999999900e-01,2.822459914489999733e+02,2.024000000000000000e+03,1.100000000000000000e+01,2.400000000000000000e+01,1.500000000000000000e+01,4.800000000000000000e+01,3.310400000000000009e+00
4.000653506988000174e+01,-8.303754287322000494e+01,2.712999999999999856e-01,-1.550899999999999945e+00,-4.617339978680999879e-01,-1.393884934086400129e-01,-3.628234045400000052e-02,-9.153423450000000017e-01,-1.662585570000000013e-01,2.818642982339999890e+02,2.024000000000000000e+03,1.100000000000000000e+01,2.400000000000000000e+01,1.500000000000000000e+01,4.800000000000000000e+01,3.381718999999999919e+00
4.000653523142000267e+01,-8.303754414274999363e+01,2.530000000000000027e-01,-1.546300000000000008e+00,-4.382334413455800104e-01,-2.384772313583400083e-01,1.491647698658000142e-02,-9.314421370000000033e-01,-1.782264950000000125e-01,2.814879579160000276e+02,2.024000000000000000e+03,1.100000000000000000e+01,2.400000000000000000e+01,1.500000000000000000e+01,4.800000000000000000e+01,3.453307999999999822e+00
4.000653539961000149e+01,-8.303754558859000667e+01,2.268999999999999906e-01,-1.540300000000000002e+00,-5.318676580475399929e-01,-2.877854936663000185e-01,4.519198435370000433e-02,-9.823483650000000011e-01,-1.944765980000000005e-01,2.810675506140000266e+02,2.024000000000000000e+03,1.100000000000000000e+01,2.400000000000000000e+01,1.500000000000000000e+01,4.800000000000000000e+01,3.524280000000000079e+00
4.000653553742999691e+01,-8.303754684849999990e+01,2.220000000000000029e-01,-1.532799999999999940e+00,-4.594972212182000387e-02,-2.433519453013999745e-01,4.569725685012000077e-02,-1.028791887999999988e+00,-2.109356000000000009e-01,2.807118787160000011e+02,2.024000000000000000e+03,1.100000000000000000e+01,2.400000000000000000e+01,1.500000000000000000e+01,4.800000000000000000e+01,3.595985999999999905e+00
4.000653567522000031e+01,-8.303754810111999518e+01,2.260000000000000064e-01,-1.522499999999999964e+00,2.148084120584800027e-01,-2.860570822085800047e-01,-8.505154056937999640e-02,-1.053897271000000080e+00,-2.277182670000000020e-01,2.803685708470000009e+02,2.024000000000000000e+03,1.100000000000000000e+01,2.400000000000000000e+01,1.500000000000000000e+01,4.800000000000000000e+01,3.667577999999999783e+00
4.000653579450000308e+01,-8.303754916789000617e+01,2.283999999999999919e-01,-1.513300000000000090e+00,2.252532567700399890e-01,-2.862421767515199722e-01,-8.928609109002000332e-02,-1.062332719999999897e+00,-2.352604799999999940e-01,2.800923977969999896e+02,2.024000000000000000e+03,1.100000000000000000e+01,2.400000000000000000e+01,1.500000000000000000e+01,4.800000000000000000e+01,3.732593000000000050e+00
4.000653593482000048e+01,-8.303755040666000298e+01,2.277000000000000135e-01,-1.508899999999999908e+00,7.863860659200000436e-03,-8.436989049514000139e-02,6.210288868132000234e-02,-1.058353891999999963e+00,-2.467352449999999919e-01,2.797957071850000261e+02,2.024000000000000000e+03,1.100000000000000000e+01,2.400000000000000000e+01,1.500000000000000000e+01,4.800000000000000000e+01,3.805556000000000161e+00
4.000653609436000124e+01,-8.303755181872000435e+01,2.240000000000000047e-01,-1.504999999999999893e+00,-9.186589233944000843e-02,-1.311951667489200113e-01,7.755734006673999092e-02,-1.038421220000000034e+00,-2.808751389999999959e-01,2.794773140059999719e+02,2.024000000000000000e+03,1.100000000000000000e+01,2.400000000000000000e+01,1.500000000000000000e+01,4.800000000000000000e+01,3.879399999999999959e+00
4.000653622853999991e+01,-8.303755304905000401e+01,2.119999999999999940e-01,-1.495700000000000029e+00,-3.144992347704200220e-01,-3.440808468594599989e-01,2.437865282183999949e-02,-1.018114777999999943e+00,-3.157976929999999904e-01,2.792000520220000226e+02,2.024000000000000000e+03,1.100000000000000000e+01,2.400000000000000000e+01,1.500000000000000000e+01,4.800000000000000000e+01,3.950848000000000138e+00
4.000653632033999685e+01,-8.303755392224999810e+01,2.036000000000000032e-01,-1.487100000000000088e+00,-3.392428403873999909e-01,-3.732537200536600319e-01,-4.871481843202000311e-02,-1.005628168000000100e+00,-3.299562569999999750e-01,2.790018835430000195e+02,2.024000000000000000e+03,1.100000000000000000e+01,2.400000000000000000e+01,1.500000000000000000e+01,4.800000000000000000e+01,4.021525999999999712e+00
4.000653644010999699e+01,-8.303755513653000264e+01,1.837999999999999912e-01,-1.475800000000000001e+00,-5.718188197913600668e-01,-3.715732369889799824e-01,-9.864361894109999196e-02,-1.001693509999999954e+00,-3.289966559999999984e-01,2.787353979860000095e+02,2.024000000000000000e+03,1.100000000000000000e+01,2.400000000000000000e+01,1.500000000000000000e+01,4.800000000000000000e+01,4.092182000000000208e+00
4.000653657977999700e+01,-8.303755668838999782e+01,1.691999999999999893e-01,-1.470199999999999951e+00,-2.135439145167599972e-01,-9.185694994713999861e-02,-1.366895738277000005e-01,-1.043323342999999959e+00,-3.064164099999999724e-01,2.784129241439999873e+02,2.024000000000000000e+03,1.100000000000000000e+01,2.400000000000000000e+01,1.500000000000000000e+01,4.800000000000000000e+01,4.163859999999999673e+00
4.000653665664000158e+01,-8.303755754997999361e+01,1.673000000000000043e-01,-1.471999999999999975e+00,-1.188439766952199966e-01,4.844791368985999769e-02,-1.044022834883999995e-01,-1.056996301999999943e+00,-2.965867209999999976e-01,2.782351311630000055e+02,2.024000000000000000e+03,1.100000000000000000e+01,2.400000000000000000e+01,1.500000000000000000e+01,4.800000000000000000e+01,4.235649000000000441e+00
4.000653680610999885e+01,-8.303755927311000562e+01,1.628999999999999893e-01,-1.467999999999999972e+00,4.880277558109999414e-02,-2.080527982303200241e-01,7.873407004124000075e-02,-1.088022550999999893e+00,-3.090091189999999988e-01,2.778766194259999907e+02,2.024000000000000000e+03,1.100000000000000000e+01,2.400000000000000000e+01,1.500000000000000000e+01,4.800000000000000000e+01,4.306981000000000392e+00
4.000653691229999964e+01,-8.303756047377000016e+01,1.738000000000000100e-01,-1.461200000000000054e+00,5.285807212108800668e-01,-1.192357403842400076e-01,-1.277188566601999975e-02,-1.092167872000000095e+00,-3.113442960000000204e-01,2.776274533389999988e+02,2.024000000000000000e+03,1.100000000000000000e+01,2.400000000000000000e+01,1.500000000000000000e+01,4.800000000000000000e+01,4.378021000000000384e+00
4.000653702057999794e+01,-8.303756167135000510e+01,1.648999999999999910e-01,-1.460399999999999920e+00,-3.955780695668999480e-01,-5.847435591874000638e-02,-1.707030000075999976e-02,-1.066745413000000031e+00,-3.117976960000000131e-01,2.773953668569999991e+02,2.024000000000000000e+03,1.100000000000000000e+01,2.400000000000000000e+01,1.500000000000000000e+01,4.800000000000000000e+01,4.449327000000000254e+00
4.000653711903999721e+01,-8.303756286901999317e+01,1.474000000000000032e-01,-1.460499999999999909e+00,-4.184411633600999547e-01,-7.108266430333999575e-02,-2.650920020081999964e-02,-1.079055053000000042e+00,-3.217587630000000032e-01,2.771724353750000205e+02,2.024000000000000000e+03,1.100000000000000000e+01,2.400000000000000000e+01,1.500000000000000000e+01,4.800000000000000000e+01,4.520277000000000100e+00
4.000653721287999787e+01,-8.303756406537999624e+01,1.469000000000000028e-01,-1.458299999999999930e+00,3.324708501009999984e-02,-4.960461808171999498e-02,-5.719314810042000485e-02,-1.091197063999999939e+00,-3.391763760000000016e-01,2.769449761770000009e+02,2.024000000000000000e+03,1.100000000000000000e+01,2.400000000000000000e+01,1.500000000000000000e+01,4.800000000000000000e+01,4.590424999999999756e+00
4.000653730314000001e+01,-8.303756525989000181e+01,1.365000000000000102e-01,-1.456099999999999950e+00,-3.211405159985000202e-01,-7.123381152311999975e-02,-1.606008375592800075e-01,-1.089372651999999997e+00,-3.583277939999999773e-01,2.767195406449999950e+02,2.024000000000000000e+03,1.100000000000000000e+01,2.400000000000000000e+01,1.500000000000000000e+01,4.800000000000000000e+01,4.662698999999999927e+00
4.000653739781999718e+01,-8.303756662131999633e+01,1.265999999999999903e-01,-1.450099999999999945e+00,-1.002870367482600056e-01,-1.606811978812200115e-01,-3.800823840119999658e-02,-1.112507646000000072e+00,-3.720650269999999926e-01,2.764874758870000164e+02,2.024000000000000000e+03,1.100000000000000000e+01,2.400000000000000000e+01,1.500000000000000000e+01,4.800000000000000000e+01,4.735736000000000168e+00
4.000653746847000036e+01,-8.303756763890000059e+01,1.313000000000000000e-01,-1.446199999999999930e+00,1.612079675474399898e-01,-8.122678963491999915e-02,-7.704124503827999848e-02,-1.125249283999999905e+00,-3.714039639999999753e-01,2.763309552150000172e+02,2.024000000000000000e+03,1.100000000000000000e+01,2.400000000000000000e+01,1.500000000000000000e+01,4.800000000000000000e+01,4.806690999999999825e+00
4.000653756431000119e+01,-8.303756899201999886e+01,1.313000000000000000e-01,-1.442700000000000093e+00,-3.005716918728000217e-02,-5.499712456341999262e-02,-3.149771806959999684e-03,-1.117248020999999980e+00,-3.729946169999999728e-01,2.761234173369999780e+02,2.024000000000000000e+03,1.100000000000000000e+01,2.400000000000000000e+01,1.500000000000000000e+01,4.800000000000000000e+01,4.880529000000000117e+00
4.000653764548999902e+01,-8.303757017469000345e+01,1.242000000000000048e-01,-1.442399999999999904e+00,-2.119133373986200053e-01,-1.800128860188000141e-02,-5.155899718454000358e-02,-1.118651061000000002e+00,-3.739115510000000087e-01,2.759289686700000175e+02,2.024000000000000000e+03,1.100000000000000000e+01,2.400000000000000000e+01,1.500000000000000000e+01,4.800000000000000000e+01,4.951628000000000362e+00
4.000653770136000276e+01,-8.303757101946000319e+01,1.208000000000000046e-01,-1.442499999999999893e+00,-1.603011596569400010e-01,4.421387926559999446e-03,-1.169478087934599925e-01,-1.121049364000000104e+00,-3.716912339999999815e-01,2.757867294559999891e+02,2.024000000000000000e+03,1.100000000000000000e+01,2.400000000000000000e+01,1.500000000000000000e+01,4.800000000000000000e+01,5.022667000000000215e+00
4.000653777699000102e+01,-8.303757219972000314e+01,1.164000000000000035e-01,-1.436199999999999921e+00,-1.555159516210199988e-01,-2.780881044239599809e-01,-1.787274435464000083e-02,-1.108742855000000027e+00,-3.699650520000000165e-01,2.755984728099999757e+02,2.024000000000000000e+03,1.100000000000000000e+01,2.400000000000000000e+01,1.500000000000000000e+01,4.800000000000000000e+01,5.093431999999999960e+00
4.000653786907000153e+01,-8.303757370953999839e+01,1.068999999999999950e-01,-1.428099999999999925e+00,-1.502598656768800167e-01,-1.323976431684200095e-01,6.101537049347999925e-02,-1.098026575000000005e+00,-3.488907580000000230e-01,2.753741003530000171e+02,2.024000000000000000e+03,1.100000000000000000e+01,2.400000000000000000e+01,1.500000000000000000e+01,4.800000000000000000e+01,5.164786000000000321e+00
4.000653790850000036e+01,-8.303757437986999435e+01,1.034999999999999948e-01,-1.429599999999999982e+00,-1.469154770282599942e-01,4.459067295875999981e-02,-4.701105168168000226e-02,-1.103564054000000016e+00,-3.318682130000000230e-01,2.752737091989999954e+02,2.024000000000000000e+03,1.100000000000000000e+01,2.400000000000000000e+01,1.500000000000000000e+01,4.800000000000000000e+01,5.236369999999999969e+00
4.000653801400999754e+01,-8.303757622931000526e+01,1.006999999999999978e-01,-1.436500000000000110e+00,-5.008245853915999773e-02,6.824688570846000613e-02,-1.381497799987199959e-01,-1.107702761999999952e+00,-3.311934069999999952e-01,2.749871844599999804e+02,2.024000000000000000e+03,1.100000000000000000e+01,2.400000000000000000e+01,1.500000000000000000e+01,4.800000000000000000e+01,5.307265000000000121e+00
4.000653807772000192e+01,-8.303757740816999444e+01,9.149999999999999800e-02,-1.434800000000000075e+00,-3.390154153760200351e-01,-1.192403305097399918e-01,-3.125837693749999868e-02,-1.106803313999999983e+00,-3.324744110000000252e-01,2.748019263329999831e+02,2.024000000000000000e+03,1.100000000000000000e+01,2.400000000000000000e+01,1.500000000000000000e+01,4.800000000000000000e+01,5.381152000000000157e+00
4.000653813657999791e+01,-8.303757858465999675e+01,8.649999999999999356e-02,-1.432299999999999907e+00,-1.298045057170200134e-01,-5.986228720747999860e-02,2.030239125772199948e-01,-1.115844660000000044e+00,-3.164738489999999738e-01,2.746252560899999935e+02,2.024000000000000000e+03,1.100000000000000000e+01,2.400000000000000000e+01,1.500000000000000000e+01,4.800000000000000000e+01,5.453375000000000306e+00
4.000653820157000240e+01,-8.303757992926000497e+01,8.599999999999999312e-02,-1.434500000000000108e+00,2.830231932834000041e-02,5.192139322675999591e-02,2.280682765472599738e-01,-1.122783491000000078e+00,-2.956667430000000096e-01,2.744282603039999913e+02,2.024000000000000000e+03,1.100000000000000000e+01,2.400000000000000000e+01,1.500000000000000000e+01,4.800000000000000000e+01,5.525046999999999819e+00
4.000653825844000266e+01,-8.303758110737000209e+01,8.419999999999999707e-02,-1.435100000000000042e+00,-1.267647493999199959e-01,-5.005186756688000116e-02,3.310588508739999852e-02,-1.112837507000000059e+00,-2.896170690000000048e-01,2.742546471179999799e+02,2.024000000000000000e+03,1.100000000000000000e+01,2.400000000000000000e+01,1.500000000000000000e+01,4.800000000000000000e+01,5.596540000000000070e+00
4.000653831265000093e+01,-8.303758228367999550e+01,7.910000000000000364e-02,-1.431100000000000039e+00,-1.241525551448599968e-01,-1.467644193609800030e-01,-6.368729848940000993e-02,-1.113412139000000023e+00,-2.751264250000000078e-01,2.740811341950000042e+02,2.024000000000000000e+03,1.100000000000000000e+01,2.400000000000000000e+01,1.500000000000000000e+01,4.800000000000000000e+01,5.669075000000000308e+00
4.000653836367000338e+01,-8.303758345631999305e+01,7.459999999999999964e-02,-1.425200000000000022e+00,-1.058910900752599998e-01,-2.313017907800200001e-01,-6.353011120285999291e-02,-1.120412740999999990e+00,-2.596290030000000248e-01,2.739138558010000111e+02,2.024000000000000000e+03,1.100000000000000000e+01,2.400000000000000000e+01,1.500000000000000000e+01,4.800000000000000000e+01,5.741456000000000337e+00
4.000653841146999667e+01,-8.303758462327000700e+01,6.859999999999999432e-02,-1.418500000000000094e+00,-2.216661421000200027e-01,-2.045600879592799903e-01,3.032423695883999792e-02,-1.115788334999999964e+00,-2.393672099999999969e-01,2.737524967670000251e+02,2.024000000000000000e+03,1.100000000000000000e+01,2.400000000000000000e+01,1.500000000000000000e+01,4.800000000000000000e+01,5.812821999999999711e+00
4.000653845987999802e+01,-8.303758595265999531e+01,5.929999999999999855e-02,-1.415899999999999936e+00,-1.607868587858999887e-01,-7.391510484020000216e-02,2.863649730496400370e-01,-1.122745850000000045e+00,-2.365001180000000092e-01,2.735698363870000094e+02,2.024000000000000000e+03,1.100000000000000000e+01,2.400000000000000000e+01,1.500000000000000000e+01,4.800000000000000000e+01,5.885981000000000130e+00
4.000653849948000129e+01,-8.303758711179999352e+01,6.040000000000000230e-02,-1.408500000000000085e+00,8.735581046045999554e-02,-2.251531804655600155e-01,-2.974019485600000109e-02,-1.138290054000000051e+00,-2.508322259999999915e-01,2.734095024339999895e+02,2.024000000000000000e+03,1.100000000000000000e+01,2.400000000000000000e+01,1.500000000000000000e+01,4.800000000000000000e+01,5.959742000000000317e+00
4.000653852328999704e+01,-8.303758777096000188e+01,6.429999999999999605e-02,-1.403000000000000025e+00,2.116753789906200278e-01,-2.600696309945400020e-01,-2.482938180517999666e-02,-1.133063402999999969e+00,-2.579300680000000123e-01,2.733201946600000269e+02,2.024000000000000000e+03,1.100000000000000000e+01,2.400000000000000000e+01,1.500000000000000000e+01,4.800000000000000000e+01,6.033419999999999561e+00
4.000653857078000186e+01,-8.303758908398999949e+01,5.970000000000000306e-02,-1.396400000000000086e+00,-1.969232406647999922e-01,-1.942741514018000160e-01,-1.484772500878600021e-01,-1.116199809000000043e+00,-2.680978989999999729e-01,2.731490593429999763e+02,2.024000000000000000e+03,1.100000000000000000e+01,2.400000000000000000e+01,1.500000000000000000e+01,4.800000000000000000e+01,6.105412000000000283e+00
4.000653861859999694e+01,-8.303759055221999574e+01,5.040000000000000036e-02,-1.385199999999999987e+00,-1.835110882886999972e-01,-2.858525192759799882e-01,-2.124602675469199897e-01,-1.118080052999999907e+00,-2.724960499999999897e-01,2.729645602940000231e+02,2.024000000000000000e+03,1.100000000000000000e+01,2.400000000000000000e+01,1.500000000000000000e+01,4.800000000000000000e+01,6.176764999999999617e+00
4.000653865644000007e+01,-8.303759184703000074e+01,4.540000000000000285e-02,-1.375199999999999978e+00,-1.125430196285599899e-01,-2.768215339992000090e-01,1.645857805755999992e-01,-1.116137200999999912e+00,-2.625323600000000202e-01,2.727915832539999883e+02,2.024000000000000000e+03,1.100000000000000000e+01,2.400000000000000000e+01,1.500000000000000000e+01,4.800000000000000000e+01,6.247830000000000439e+00
4.000653868194999774e+01,-8.303759297354000068e+01,2.750000000000000014e-02,-1.368500000000000050e+00,-5.084975929861399457e-01,-2.648237834919199840e-01,1.015347811473200079e-01,-1.134086544000000085e+00,-2.587021669999999829e-01,2.726390181240000175e+02,2.024000000000000000e+03,1.100000000000000000e+01,2.400000000000000000e+01,1.500000000000000000e+01,4.800000000000000000e+01,6.319645999999999653e+00
4.000653869911000271e+01,-8.303759409264999647e+01,2.019999999999999921e-02,-1.358600000000000030e+00,-1.407355950875399941e-01,-2.798485944592600250e-01,-4.303839652810000083e-02,-1.169149293000000034e+00,-2.477992109999999915e-01,2.724978592250000133e+02,2.024000000000000000e+03,1.100000000000000000e+01,2.400000000000000000e+01,1.500000000000000000e+01,4.800000000000000000e+01,6.392223999999999684e+00
4.000653871693000241e+01,-8.303759520504000591e+01,2.750000000000000014e-02,-1.352200000000000069e+00,2.191617515251400028e-01,-1.593350939373600061e-01,-8.362768695153999232e-02,-1.190540715000000027e+00,-2.330136909999999950e-01,2.723583371020000072e+02,2.024000000000000000e+03,1.100000000000000000e+01,2.400000000000000000e+01,1.500000000000000000e+01,4.800000000000000000e+01,6.465154000000000067e+00
4.000653874046000169e+01,-8.303759647174000236e+01,3.090000000000000038e-02,-1.348000000000000087e+00,9.274658714703999662e-02,-1.239226443694999985e-01,-5.047693639675999294e-02,-1.197276250000000042e+00,-2.249711130000000003e-01,2.721885338729999830e+02,2.024000000000000000e+03,1.100000000000000000e+01,2.400000000000000000e+01,1.500000000000000000e+01,4.800000000000000000e+01,6.537163999999999753e+00
4.000653875950000327e+01,-8.303759741862999988e+01,3.169999999999999901e-02,-1.343399999999999928e+00,3.639541744817999941e-02,-1.730766011682600136e-01,9.518385041080000553e-02,-1.198711156000000111e+00,-2.283979459999999906e-01,2.720594396330000109e+02,2.024000000000000000e+03,1.100000000000000000e+01,2.400000000000000000e+01,1.500000000000000000e+01,4.800000000000000000e+01,6.608736999999999639e+00
4.000653878448000000e+01,-8.303759867546999374e+01,2.879999999999999921e-02,-1.336799999999999988e+00,-1.164917872471200044e-01,-1.698389329585200114e-01,1.334268465482000010e-01,-1.186125536999999897e+00,-2.308933740000000123e-01,2.718923624909999717e+02,2.024000000000000000e+03,1.100000000000000000e+01,2.400000000000000000e+01,1.500000000000000000e+01,4.800000000000000000e+01,6.679814999999999614e+00
4.000653880122000317e+01,-8.303759976981000079e+01,1.640000000000000138e-02,-1.329900000000000082e+00,-3.984369299803000031e-01,-2.311403212051399980e-01,5.213789603699999636e-02,-1.182073093000000075e+00,-2.363012029999999875e-01,2.717488082909999889e+02,2.024000000000000000e+03,1.100000000000000000e+01,2.400000000000000000e+01,1.500000000000000000e+01,4.800000000000000000e+01,6.750962999999999603e+00
4.000653880992999945e+01,-8.303760085716000106e+01,4.499999999999999660e-03,-1.319900000000000073e+00,-3.255944896681599587e-01,-3.126530512324400268e-01,-8.690709202274000955e-02,-1.196324304000000005e+00,-2.400922319999999888e-01,2.716009225600000150e+02,2.024000000000000000e+03,1.100000000000000000e+01,2.400000000000000000e+01,1.500000000000000000e+01,4.800000000000000000e+01,6.821996000000000393e+00
4.000653881603999906e+01,-8.303760209102000545e+01,5.400000000000000286e-03,-1.312300000000000022e+00,6.306161262590000149e-02,-1.394559703280200125e-01,1.977090931359999897e-03,-1.212424844999999918e+00,-2.350963689999999995e-01,2.714164755180000270e+02,2.024000000000000000e+03,1.100000000000000000e+01,2.400000000000000000e+01,1.500000000000000000e+01,4.800000000000000000e+01,6.895372000000000057e+00
4.000653881936000289e+01,-8.303760316765000482e+01,-1.399999999999999986e-03,-1.310999999999999943e+00,-2.213669089653000077e-01,-6.570722397749999277e-02,1.087818308034200071e-01,-1.221015632999999934e+00,-2.447989469999999890e-01,2.712516675460000215e+02,2.024000000000000000e+03,1.100000000000000000e+01,2.400000000000000000e+01,1.500000000000000000e+01,4.800000000000000000e+01,6.966331000000000273e+00
4.000653881947000201e+01,-8.303760362842000120e+01,-4.700000000000000185e-03,-1.309299999999999908e+00,-2.022938886845800088e-01,-1.115526262110600048e-01,2.035353107742799983e-01,-1.231452886000000024e+00,-2.555660989999999910e-01,2.711829034099999944e+02,2.024000000000000000e+03,1.100000000000000000e+01,2.400000000000000000e+01,1.500000000000000000e+01,4.800000000000000000e+01,7.038255999999999624e+00
4.000653881782999832e+01,-8.303760500299999592e+01,-2.700000000000000143e-03,-1.296499999999999986e+00,1.205953019507000068e-01,-3.161953563304599757e-01,6.946689038283999917e-02,-1.260521039999999982e+00,-2.888151840000000026e-01,2.709834971849999761e+02,2.024000000000000000e+03,1.100000000000000000e+01,2.400000000000000000e+01,1.500000000000000000e+01,4.800000000000000000e+01,7.109168000000000376e+00
4.000653881654000088e+01,-8.303760636689000307e+01,-9.199999999999999845e-03,-1.289500000000000091e+00,-2.053818857772199968e-01,-8.966710219595999676e-02,-1.823809545800799958e-01,-1.267195923999999918e+00,-3.122176249999999986e-01,2.707814809870000090e+02,2.024000000000000000e+03,1.100000000000000000e+01,2.400000000000000000e+01,1.500000000000000000e+01,4.800000000000000000e+01,7.181898000000000337e+00
4.000653881253000321e+01,-8.303760742443999732e+01,-1.170000000000000033e-02,-1.285199999999999898e+00,-4.539086294274000122e-02,-1.842563602497800102e-01,-1.353977513961199808e-01,-1.281203727999999931e+00,-3.236557979999999946e-01,2.706171222090000015e+02,2.024000000000000000e+03,1.100000000000000000e+01,2.400000000000000000e+01,1.500000000000000000e+01,4.800000000000000000e+01,7.253275999999999613e+00
4.000653880795000106e+01,-8.303760862544000076e+01,-1.039999999999999952e-02,-1.274299999999999988e+00,-2.756322591334000108e-02,-3.001328962184199867e-01,3.689567465399999939e-04,-1.278016806999999977e+00,-3.250725489999999884e-01,2.704311429520000161e+02,2.024000000000000000e+03,1.100000000000000000e+01,2.400000000000000000e+01,1.500000000000000000e+01,4.800000000000000000e+01,7.324467000000000283e+00
4.000653880307000065e+01,-8.303760966819000089e+01,-1.450000000000000074e-02,-1.266899999999999915e+00,-1.779093839061400006e-01,-1.700067708742599992e-01,1.083949250581000001e-01,-1.262606627000000037e+00,-3.179599419999999954e-01,2.702754053930000282e+02,2.024000000000000000e+03,1.100000000000000000e+01,2.400000000000000000e+01,1.500000000000000000e+01,4.800000000000000000e+01,7.395411000000000179e+00
4.000653879440000082e+01,-8.303761070660000598e+01,-2.000000000000000042e-02,-1.262899999999999912e+00,-1.415554794380400050e-01,-1.134893853730599977e-01,-1.264424375198000029e-02,-1.262992770000000098e+00,-3.171029300000000051e-01,2.701185540110000147e+02,2.024000000000000000e+03,1.100000000000000000e+01,2.400000000000000000e+01,1.500000000000000000e+01,4.800000000000000000e+01,7.466078999999999688e+00
4.000653878261999807e+01,-8.303761174189000371e+01,-2.479999999999999913e-02,-1.259400000000000075e+00,-1.596049246237400132e-01,-8.658913682647999266e-02,-9.687536948997998998e-02,-1.263227850999999902e+00,-3.251570630000000239e-01,2.699524128420000011e+02,2.024000000000000000e+03,1.100000000000000000e+01,2.400000000000000000e+01,1.500000000000000000e+01,4.800000000000000000e+01,7.537044999999999995e+00
4.000653876700000211e+01,-8.303761277385000028e+01,-3.219999999999999946e-02,-1.255200000000000093e+00,-2.291086979440199733e-01,-1.366852712501200051e-01,4.092646227689999971e-02,-1.262766668999999897e+00,-3.324852839999999921e-01,2.697738866149999808e+02,2.024000000000000000e+03,1.100000000000000000e+01,2.400000000000000000e+01,1.500000000000000000e+01,4.800000000000000000e+01,7.610389999999999766e+00
4.000653874388000020e+01,-8.303761380250999480e+01,-4.660000000000000253e-02,-1.251600000000000046e+00,-3.540751112182999871e-01,-7.994527002779999725e-02,2.292288186398000124e-02,-1.283633484999999963e+00,-3.371772940000000163e-01,2.695962180340000032e+02,2.024000000000000000e+03,1.100000000000000000e+01,2.400000000000000000e+01,1.500000000000000000e+01,4.800000000000000000e+01,7.682904999999999873e+00
4.000653871464000133e+01,-8.303761482806000060e+01,-5.240000000000000213e-02,-1.247100000000000097e+00,-1.240944525772600115e-01,-1.387919492893399942e-01,-1.007939229461200098e-01,-1.310723228999999934e+00,-3.422678519999999835e-01,2.694230435680000255e+02,2.024000000000000000e+03,1.100000000000000000e+01,2.400000000000000000e+01,1.500000000000000000e+01,4.800000000000000000e+01,7.755489999999999995e+00
4.000653868108000211e+01,-8.303761599495000212e+01,-4.830000000000000265e-02,-1.240399999999999947e+00,1.080474807148799898e-01,-1.963266114541199758e-01,-1.464889006753800071e-01,-1.325098259000000001e+00,-3.437814319999999979e-01,2.692200375109999868e+02,2.024000000000000000e+03,1.100000000000000000e+01,2.400000000000000000e+01,1.500000000000000000e+01,4.800000000000000000e+01,7.826865999999999879e+00
4.000653865238999884e+01,-8.303761700987000438e+01,-4.750000000000000056e-02,-1.233400000000000052e+00,8.975565804198000486e-02,-1.677769526924799970e-01,-1.317020210602400099e-01,-1.327407105000000032e+00,-3.347413160000000110e-01,2.690307164579999721e+02,2.024000000000000000e+03,1.100000000000000000e+01,2.400000000000000000e+01,1.500000000000000000e+01,4.800000000000000000e+01,7.898253999999999664e+00
4.000653862606999667e+01,-8.303761801972000001e+01,-4.179999999999999688e-02,-1.227899999999999991e+00,1.930434207735599872e-01,-1.382114805816400116e-01,-2.005080768011999887e-02,-1.315667031999999903e+00,-3.189887089999999814e-01,2.688325551859999791e+02,2.024000000000000000e+03,1.100000000000000000e+01,2.400000000000000000e+01,1.500000000000000000e+01,4.800000000000000000e+01,7.969573999999999714e+00
4.000653861541999845e+01,-8.303761845133000463e+01,-4.240000000000000019e-02,-1.226499999999999924e+00,1.128674773959999905e-02,-1.024711759681200124e-01,6.202857468258000245e-02,-1.299888230000000089e+00,-3.123783820000000100e-01,2.687475516349999793e+02,2.024000000000000000e+03,1.100000000000000000e+01,2.400000000000000000e+01,1.500000000000000000e+01,4.800000000000000000e+01,8.043018000000000001e+00
4.000653858942000340e+01,-8.303761945693000257e+01,-4.750000000000000056e-02,-1.223999999999999977e+00,-1.949218569381999944e-01,-7.761516404250000389e-02,-8.124973970932000689e-02,-1.265067490999999933e+00,-2.958062909999999990e-01,2.685474927899999784e+02,2.024000000000000000e+03,1.100000000000000000e+01,2.400000000000000000e+01,1.500000000000000000e+01,4.800000000000000000e+01,8.116179999999999950e+00
4.000653855160000205e+01,-8.303762074569999641e+01,-5.630000000000000282e-02,-1.221100000000000074e+00,-1.911138383560999909e-01,-9.330028726444000720e-02,4.431097714782000069e-02,-1.228785709000000059e+00,-2.792925829999999832e-01,2.682865973940000117e+02,2.024000000000000000e+03,1.100000000000000000e+01,2.400000000000000000e+01,1.500000000000000000e+01,4.800000000000000000e+01,8.189199000000000339e+00
4.000653850276000156e+01,-8.303762216936000584e+01,-7.069999999999999896e-02,-1.215200000000000058e+00,-3.429874088140200117e-01,-1.134797600722600025e-01,-4.577446006692000025e-02,-1.194376227000000013e+00,-2.638908609999999766e-01,2.679806364629999962e+02,2.024000000000000000e+03,1.100000000000000000e+01,2.400000000000000000e+01,1.500000000000000000e+01,4.800000000000000000e+01,8.261656999999999584e+00
4.000653845253000185e+01,-8.303762330422999582e+01,-8.519999999999999796e-02,-1.212199999999999944e+00,-3.349111636584000129e-01,-5.926718164587999743e-02,6.898369020698000287e-02,-1.194201432000000063e+00,-2.525167830000000224e-01,2.677270647469999858e+02,2.024000000000000000e+03,1.100000000000000000e+01,2.400000000000000000e+01,1.500000000000000000e+01,4.800000000000000000e+01,8.334716000000000236e+00
4.000653840211000301e+01,-8.303762429520000410e+01,-9.180000000000000659e-02,-1.209999999999999964e+00,-2.081161985079799936e-01,-6.379180515653999628e-02,9.952890621271999472e-02,-1.199747370999999951e+00,-2.495948359999999866e-01,2.675030704449999917e+02,2.024000000000000000e+03,1.100000000000000000e+01,2.400000000000000000e+01,1.500000000000000000e+01,4.800000000000000000e+01,8.409534999999999982e+00
4.000653834090000061e+01,-8.303762542548000170e+01,-9.489999999999999825e-02,-1.206800000000000095e+00,-1.121193515167999977e-01,-6.486756333578000411e-02,6.060214130490000628e-02,-1.197462114999999994e+00,-2.505436220000000214e-01,2.672372531799999820e+02,2.024000000000000000e+03,1.100000000000000000e+01,2.400000000000000000e+01,1.500000000000000000e+01,4.800000000000000000e+01,8.483539000000000385e+00
4.000653829328999933e+01,-8.303762627068999791e+01,-9.719999999999999474e-02,-1.202599999999999891e+00,-1.082335910003999896e-01,-1.746676044902600033e-01,-3.290488128886000230e-02,-1.195522766999999931e+00,-2.518841470000000027e-01,2.670263614890000099e+02,2.024000000000000000e+03,1.100000000000000000e+01,2.400000000000000000e+01,1.500000000000000000e+01,4.800000000000000000e+01,8.557408000000000570e+00
4.000653822955000294e+01,-8.303762739337000198e+01,-9.719999999999999474e-02,-1.197699999999999987e+00,-1.238575400007799893e-01,-1.449088784392799922e-01,-4.699185204126000298e-02,-1.184846204000000069e+00,-2.486879979999999934e-01,2.667305712830000175e+02,2.024000000000000000e+03,1.100000000000000000e+01,2.400000000000000000e+01,1.500000000000000000e+01,4.800000000000000000e+01,8.630796000000000134e+00
4.000653817215999908e+01,-8.303762837333999869e+01,-1.015999999999999959e-01,-1.197500000000000009e+00,-1.965942831427399951e-01,1.251006302523999941e-02,-7.244454259219999803e-02,-1.158432928000000084e+00,-2.416158880000000009e-01,2.664704035039999894e+02,2.024000000000000000e+03,1.100000000000000000e+01,2.400000000000000000e+01,1.500000000000000000e+01,4.800000000000000000e+01,8.705541000000000196e+00
4.000653809991000287e+01,-8.303762949341999899e+01,-1.140000000000000041e-01,-1.197400000000000020e+00,-3.120611575301799889e-01,1.580879390342000007e-02,-8.488564244240000278e-02,-1.136210710999999929e+00,-2.378027960000000107e-01,2.661719945140000050e+02,2.024000000000000000e+03,1.100000000000000000e+01,2.400000000000000000e+01,1.500000000000000000e+01,4.800000000000000000e+01,8.778494999999999493e+00
4.000653802802000314e+01,-8.303763047236999739e+01,-1.288999999999999868e-01,-1.194099999999999939e+00,-4.781012941400399896e-01,-1.001976409868799989e-01,6.265225941555999101e-02,-1.130842659000000028e+00,-2.380144600000000110e-01,2.659034689169999979e+02,2.024000000000000000e+03,1.100000000000000000e+01,2.400000000000000000e+01,1.500000000000000000e+01,4.800000000000000000e+01,8.850244000000000000e+00
4.000653794845000277e+01,-8.303763144737999369e+01,-1.388999999999999957e-01,-1.188299999999999912e+00,-3.024110242415199989e-01,-1.447906409048599907e-01,7.586759362210000746e-02,-1.139227841999999935e+00,-2.314332390000000128e-01,2.656259448210000187e+02,2.024000000000000000e+03,1.100000000000000000e+01,2.400000000000000000e+01,1.500000000000000000e+01,4.800000000000000000e+01,8.922812999999999661e+00
4.000653786294999747e+01,-8.303763241957000218e+01,-1.449000000000000010e-01,-1.187500000000000000e+00,-1.189299333913799994e-01,1.492713028599999923e-04,5.469579256634000269e-02,-1.153638208000000054e+00,-2.180183179999999887e-01,2.653380433560000142e+02,2.024000000000000000e+03,1.100000000000000000e+01,2.400000000000000000e+01,1.500000000000000000e+01,4.800000000000000000e+01,8.994533000000000555e+00
4.000653785034999999e+01,-8.303763255850999769e+01,-1.464999999999999913e-01,-1.187999999999999945e+00,-2.145660065492200064e-01,4.458084565989999665e-02,6.341238502120000002e-03,-1.154011772000000047e+00,-2.165195229999999915e-01,2.652960210289999736e+02,2.024000000000000000e+03,1.100000000000000000e+01,2.400000000000000000e+01,1.500000000000000000e+01,4.800000000000000000e+01,9.068020000000000636e+00
4.000653783784999717e+01,-8.303763269735000563e+01,-1.463000000000000134e-01,-1.187799999999999967e+00,-1.518950590959800007e-01,2.368417077219999931e-02,-7.365377853464000202e-02,-1.153283441999999992e+00,-2.149566609999999933e-01,2.652539689700000167e+02,2.024000000000000000e+03,1.100000000000000000e+01,2.400000000000000000e+01,1.500000000000000000e+01,4.800000000000000000e+01,9.140212000000000003e+00
4.000653782538000058e+01,-8.303763283623999314e+01,-1.456999999999999962e-01,-1.187799999999999967e+00,-3.888223051096000027e-02,1.065280173656000043e-02,-6.923050933650000405e-02,-1.153768538000000010e+00,-2.143930609999999959e-01,2.652118551039999943e+02,2.024000000000000000e+03,1.100000000000000000e+01,2.400000000000000000e+01,1.500000000000000000e+01,4.800000000000000000e+01,9.212127000000000621e+00
4.000653780020000028e+01,-8.303763311392999924e+01,-1.472999999999999865e-01,-1.187500000000000000e+00,-1.184534932232400167e-01,4.204888241400000191e-03,-2.737236826679999985e-02,-1.157109305999999949e+00,-2.127059500000000047e-01,2.651271696480000060e+02,2.024000000000000000e+03,1.100000000000000000e+01,2.400000000000000000e+01,1.500000000000000000e+01,4.800000000000000000e+01,9.284375000000000711e+00
4.000653756530000038e+01,-8.303763561046000063e+01,-1.569000000000000117e-01,-1.183200000000000029e+00,-1.870794114701399835e-01,-5.680845410499999783e-03,-7.197931718999999156e-04,-1.132857339999999935e+00,-1.817894529999999897e-01,2.643445715400000040e+02,2.024000000000000000e+03,1.100000000000000000e+01,2.400000000000000000e+01,1.500000000000000000e+01,4.800000000000000000e+01,9.355895000000000294e+00
4.000653724469000139e+01,-8.303763851851999789e+01,-1.975999999999999979e-01,-1.183000000000000052e+00,-4.949063174114199937e-01,1.283152598214200024e-01,-3.822997173889999822e-02,-1.099996243000000096e+00,-1.560197439999999880e-01,2.632966297319999853e+02,2.024000000000000000e+03,1.100000000000000000e+01,2.400000000000000000e+01,1.500000000000000000e+01,4.800000000000000000e+01,9.428141000000000105e+00
4.000653711915000343e+01,-8.303763948953999829e+01,-2.081000000000000072e-01,-1.186700000000000088e+00,-1.817603688578600107e-01,1.756715510550999892e-01,4.718374073743999975e-02,-1.108049491000000053e+00,-1.449305130000000108e-01,2.629219215539999936e+02,2.024000000000000000e+03,1.100000000000000000e+01,2.400000000000000000e+01,1.500000000000000000e+01,4.800000000000000000e+01,9.498908000000000129e+00
4.000653700755000131e+01,-8.303764032488000169e+01,-2.129000000000000059e-01,-1.190800000000000081e+00,-1.179876979154200062e-01,1.725510448571200006e-01,5.043995178363999687e-02,-1.107472078000000026e+00,-1.401676530000000032e-01,2.625895735550000154e+02,2.024000000000000000e+03,1.100000000000000000e+01,2.400000000000000000e+01,1.500000000000000000e+01,4.800000000000000000e+01,9.561204999999999288e+00
4.000653685375999657e+01,-8.303764144181999995e+01,-2.220000000000000029e-01,-1.193200000000000038e+00,-2.080821057923200046e-01,8.527573425406000107e-02,6.997784155458000588e-02,-1.100705510000000054e+00,-1.388225489999999895e-01,2.621293740469999989e+02,2.024000000000000000e+03,1.100000000000000000e+01,2.400000000000000000e+01,1.500000000000000000e+01,4.800000000000000000e+01,9.634166000000000452e+00
4.000653673363999729e+01,-8.303764228045000095e+01,-2.310000000000000109e-01,-1.193699999999999983e+00,-3.119132821298800096e-01,7.794719236544001006e-02,-3.791799581474000064e-02,-1.098381473000000108e+00,-1.334249979999999891e-01,2.617758969779999916e+02,2.024000000000000000e+03,1.100000000000000000e+01,2.400000000000000000e+01,1.500000000000000000e+01,4.800000000000000000e+01,9.707598000000000837e+00
4.000653656392000102e+01,-8.303764340018000212e+01,-2.472000000000000031e-01,-1.196399999999999908e+00,-3.257877542010200189e-01,1.371905172897799896e-01,-6.536632738273999432e-02,-1.104369085999999944e+00,-1.245019700000000035e-01,2.613014166809999779e+02,2.024000000000000000e+03,1.100000000000000000e+01,2.400000000000000000e+01,1.500000000000000000e+01,4.800000000000000000e+01,9.780051000000000272e+00
4.000653640605000305e+01,-8.303764438154999539e+01,-2.617999999999999772e-01,-1.197799999999999976e+00,-4.238988015903000228e-01,1.214052472575800068e-01,-3.690489235385999850e-02,-1.108517973999999962e+00,-1.198090190000000027e-01,2.608815547620000075e+02,2.024000000000000000e+03,1.100000000000000000e+01,2.400000000000000000e+01,1.500000000000000000e+01,4.800000000000000000e+01,9.853427999999999187e+00
4.000653621506999968e+01,-8.303764550430000213e+01,-2.748999999999999777e-01,-1.199200000000000044e+00,-2.623519224619400014e-01,1.063372698699199953e-01,-6.353749422887999820e-02,-1.123126620999999936e+00,-1.189644620000000069e-01,2.603852898939999818e+02,2.024000000000000000e+03,1.100000000000000000e+01,2.400000000000000000e+01,1.500000000000000000e+01,4.800000000000000000e+01,9.926804999999999879e+00
4.000653604058999946e+01,-8.303764648799999293e+01,-2.853999999999999870e-01,-1.200700000000000101e+00,-2.392272188956000023e-01,1.108938562818599927e-01,-5.341450664209999866e-02,-1.141890276000000037e+00,-1.165472949999999952e-01,2.599401910309999835e+02,2.024000000000000000e+03,1.100000000000000000e+01,2.400000000000000000e+01,1.500000000000000000e+01,4.800000000000000000e+01,1.000021599999999999e+01
4.000653593829999721e+01,-8.303764705051999329e+01,-2.893999999999999906e-01,-1.200599999999999890e+00,-2.434392612771999753e-01,3.238432864827999608e-02,8.059154543428000139e-02,-1.149565219999999943e+00,-1.131192310000000006e-01,2.596858002729999839e+02,2.024000000000000000e+03,1.100000000000000000e+01,2.400000000000000000e+01,1.500000000000000000e+01,4.800000000000000000e+01,1.007339499999999965e+01
4.000653565078999918e+01,-8.303764859980999802e+01,-2.980999999999999761e-01,-1.204900000000000082e+00,-1.327237438751800169e-01,1.242578920744199927e-01,6.337756976508000795e-02,-1.147140665000000004e+00,-1.075108590000000003e-01,2.589762369960000115e+02,2.024000000000000000e+03,1.100000000000000000e+01,2.400000000000000000e+01,1.500000000000000000e+01,4.800000000000000000e+01,1.014565499999999965e+01
4.000653548972999829e+01,-8.303764944722000507e+01,-3.037000000000000255e-01,-1.207999999999999963e+00,-1.027911489070600093e-01,1.482731973965800143e-01,-7.561288312078000284e-02,-1.139122103999999913e+00,-1.048866999999999994e-01,2.585746404899999789e+02,2.024000000000000000e+03,1.100000000000000000e+01,2.400000000000000000e+01,1.500000000000000000e+01,4.800000000000000000e+01,1.021844699999999939e+01
4.000653526880999777e+01,-8.303765058061000559e+01,-3.155999999999999917e-01,-1.211500000000000021e+00,-2.983628389149199922e-01,1.297191620247800103e-01,-3.489226795061999703e-02,-1.114535492999999988e+00,-1.137263290000000010e-01,2.580238811439999722e+02,2.024000000000000000e+03,1.100000000000000000e+01,2.400000000000000000e+01,1.500000000000000000e+01,4.800000000000000000e+01,1.029077799999999954e+01
4.000653506879000076e+01,-8.303765157376000161e+01,-3.267999999999999794e-01,-1.211600000000000010e+00,-3.461818782314400322e-01,6.361184769590000343e-02,9.334695143125999739e-02,-1.082249521000000048e+00,-1.228660599999999992e-01,2.575320366430000263e+02,2.024000000000000000e+03,1.100000000000000000e+01,2.400000000000000000e+01,1.500000000000000000e+01,4.800000000000000000e+01,1.036258899999999983e+01
4.000653482855999954e+01,-8.303765270761999773e+01,-3.467000000000000082e-01,-1.209200000000000053e+00,-5.445594296150599867e-01,4.269245332310000335e-02,3.138841390719999958e-02,-1.051031848999999907e+00,-1.260151899999999991e-01,2.569611222539999744e+02,2.024000000000000000e+03,1.100000000000000000e+01,2.400000000000000000e+01,1.500000000000000000e+01,4.800000000000000000e+01,1.043676800000000071e+01
4.000653464038000351e+01,-8.303765355782999791e+01,-3.574999999999999845e-01,-1.210599999999999898e+00,-3.836365840945200056e-01,1.274480643288800064e-01,-8.036296453404000173e-02,-1.030147595000000083e+00,-1.279499010000000048e-01,2.565201703110000153e+02,2.024000000000000000e+03,1.100000000000000000e+01,2.400000000000000000e+01,1.500000000000000000e+01,4.800000000000000000e+01,1.050916699999999970e+01
4.000653437951999791e+01,-8.303765469268999766e+01,-3.720999999999999863e-01,-1.212399999999999922e+00,-3.280834369447400145e-01,1.079353953949400008e-01,4.028159613578000120e-02,-9.998359789999999858e-01,-1.377410930000000089e-01,2.559079025199999933e+02,2.024000000000000000e+03,1.100000000000000000e+01,2.400000000000000000e+01,1.500000000000000000e+01,4.800000000000000000e+01,1.058186800000000005e+01
4.000653414132000307e+01,-8.303765568589000168e+01,-3.902999999999999803e-01,-1.210099999999999953e+00,-5.622181230243400440e-01,4.132144068956000033e-02,3.346872696343999865e-02,-9.766403209999999779e-01,-1.479653999999999969e-01,2.553509935700000142e+02,2.024000000000000000e+03,1.100000000000000000e+01,2.400000000000000000e+01,1.500000000000000000e+01,4.800000000000000000e+01,1.065415999999999919e+01
4.000653385572000076e+01,-8.303765681878999771e+01,-4.083999999999999853e-01,-1.209000000000000075e+00,-3.911572296833599749e-01,1.152579261603199900e-01,1.327135869352000057e-02,-9.623395959999999638e-01,-1.472310639999999948e-01,2.547076603060000082e+02,2.024000000000000000e+03,1.100000000000000000e+01,2.400000000000000000e+01,1.500000000000000000e+01,4.800000000000000000e+01,1.072920300000000005e+01
4.000653359617000149e+01,-8.303765781053999717e+01,-4.218999999999999972e-01,-1.210900000000000087e+00,-3.730663530665200289e-01,1.594017698318000165e-01,4.535807379175999660e-02,-9.426185480000000005e-01,-1.479540579999999994e-01,2.541368056240000044e+02,2.024000000000000000e+03,1.100000000000000000e+01,2.400000000000000000e+01,1.500000000000000000e+01,4.800000000000000000e+01,1.080103899999999939e+01
4.000653332649000049e+01,-8.303765880497999774e+01,-4.395999999999999908e-01,-1.214699999999999891e+00,-4.803996254739800187e-01,2.307866533286600241e-01,3.117006028213999830e-02,-9.222540609999999583e-01,-1.584258719999999954e-01,2.535535199779999971e+02,2.024000000000000000e+03,1.100000000000000000e+01,2.400000000000000000e+01,1.500000000000000000e+01,4.800000000000000000e+01,1.087274299999999982e+01
4.000653300510000321e+01,-8.303765994398000316e+01,-4.575000000000000178e-01,-1.216199999999999948e+00,-3.913814754000599638e-01,1.261772488916400037e-01,-5.742504837999999612e-02,-9.095151019999999642e-01,-1.780791270000000037e-01,2.528717588149999926e+02,2.024000000000000000e+03,1.100000000000000000e+01,2.400000000000000000e+01,1.500000000000000000e+01,4.800000000000000000e+01,1.094483400000000017e+01
4.000653279691000108e+01,-8.303766065515000605e+01,-4.719999999999999751e-01,-1.213600000000000012e+00,-5.478862003856399543e-01,7.408755817715999281e-02,1.397172333919599885e-01,-9.030505210000000504e-01,-1.892591770000000007e-01,2.524409226550000085e+02,2.024000000000000000e+03,1.100000000000000000e+01,2.400000000000000000e+01,1.500000000000000000e+01,4.800000000000000000e+01,1.101739500000000049e+01
4.000653249394999733e+01,-8.303766164747000289e+01,-4.948000000000000176e-01,-1.207699999999999996e+00,-7.041691933355399557e-01,1.904010631708000223e-02,8.874264946694000733e-02,-9.082427389999999656e-01,-1.990392539999999988e-01,2.518308842540000114e+02,2.024000000000000000e+03,1.100000000000000000e+01,2.400000000000000000e+01,1.500000000000000000e+01,4.800000000000000000e+01,1.108951799999999999e+01
4.000653208642999914e+01,-8.303766291822999790e+01,-5.161999999999999922e-01,-1.203699999999999992e+00,-4.589767892865999621e-01,7.707574155955999873e-02,-4.925869088220000136e-03,-9.254293160000000018e-01,-2.090860760000000096e-01,2.510256315579999864e+02,2.024000000000000000e+03,1.100000000000000000e+01,2.400000000000000000e+01,1.500000000000000000e+01,4.800000000000000000e+01,1.116343600000000080e+01
4.000653185189000283e+01,-8.303766362211000285e+01,-5.298000000000000487e-01,-1.200099999999999945e+00,-5.347180707723200310e-01,2.366758887759999944e-02,-3.898122200580000050e-03,-9.319352269999999772e-01,-2.152975679999999947e-01,2.505658181880000086e+02,2.024000000000000000e+03,1.100000000000000000e+01,2.400000000000000000e+01,1.500000000000000000e+01,4.800000000000000000e+01,1.123839500000000058e+01
4.000653136489000161e+01,-8.303766502390000426e+01,-5.552000000000000268e-01,-1.194199999999999928e+00,-4.155885644669800039e-01,9.265982946839999845e-02,-1.652408756817999938e-02,-9.573719739999999589e-01,-2.156009369999999925e-01,2.496214327399999888e+02,2.024000000000000000e+03,1.100000000000000000e+01,2.400000000000000000e+01,1.500000000000000000e+01,4.800000000000000000e+01,1.131275100000000045e+01
4.000653096029000011e+01,-8.303766614123000522e+01,-5.735999999999999988e-01,-1.190700000000000092e+00,-5.152605625116599697e-01,9.545650287609999673e-02,2.154973151385999874e-02,-9.716770430000000180e-01,-2.146754720000000061e-01,2.488401833110000041e+02,2.024000000000000000e+03,1.100000000000000000e+01,2.400000000000000000e+01,1.500000000000000000e+01,4.800000000000000000e+01,1.138572699999999926e+01
4.000653059388000088e+01,-8.303766711564000502e+01,-5.937000000000000055e-01,-1.185899999999999954e+00,-5.851734473427799843e-01,8.758938392601998968e-02,5.497272415394000022e-02,-9.856890080000000331e-01,-2.197064079999999919e-01,2.481347870539999860e+02,2.024000000000000000e+03,1.100000000000000000e+01,2.400000000000000000e+01,1.500000000000000000e+01,4.800000000000000000e+01,1.145802499999999924e+01
4.000653021536999887e+01,-8.303766808400999366e+01,-6.111999999999999655e-01,-1.177599999999999980e+00,-5.312613809742999793e-01,1.473558928339999954e-03,-7.551879356657999198e-02,-1.005799367999999916e+00,-2.208040990000000037e-01,2.474078631559999906e+02,2.024000000000000000e+03,1.100000000000000000e+01,2.400000000000000000e+01,1.500000000000000000e+01,4.800000000000000000e+01,1.153153599999999912e+01
4.000652982631000043e+01,-8.303766904782999347e+01,-6.284999999999999476e-01,-1.173100000000000032e+00,-5.320567032236800387e-01,7.588301910649999926e-02,-4.588342358321999964e-02,-1.019685645999999890e+00,-2.227509619999999968e-01,2.466672767370000088e+02,2.024000000000000000e+03,1.100000000000000000e+01,2.400000000000000000e+01,1.500000000000000000e+01,4.800000000000000000e+01,1.160497200000000007e+01
4.000652936734999798e+01,-8.303767014451000250e+01,-6.491999999999999993e-01,-1.169200000000000017e+00,-4.819532468714999851e-01,1.608360335213799841e-01,-3.995265902200000052e-03,-1.042789758000000067e+00,-2.261269999999999947e-01,2.458188817520000100e+02,2.024000000000000000e+03,1.100000000000000000e+01,2.400000000000000000e+01,1.500000000000000000e+01,4.800000000000000000e+01,1.167724800000000052e+01
4.000652895585000124e+01,-8.303767110356000103e+01,-6.606999999999999540e-01,-1.170800000000000063e+00,-2.865652332565999938e-01,1.841571137132200220e-01,1.719860607346000020e-02,-1.049524271999999980e+00,-2.338611230000000041e-01,2.450799652169999945e+02,2.024000000000000000e+03,1.100000000000000000e+01,2.400000000000000000e+01,1.500000000000000000e+01,4.800000000000000000e+01,1.175082899999999952e+01
4.000652847626000153e+01,-8.303767219901999397e+01,-6.751000000000000334e-01,-1.167399999999999993e+00,-4.030764720291800107e-01,6.107101052660000168e-02,2.259838786615999892e-02,-1.040390407999999933e+00,-2.460436980000000051e-01,2.442316707230000077e+02,2.024000000000000000e+03,1.100000000000000000e+01,2.400000000000000000e+01,1.500000000000000000e+01,4.800000000000000000e+01,1.182409999999999961e+01
4.000652804538000140e+01,-8.303767315323999298e+01,-6.947999999999999732e-01,-1.160600000000000076e+00,-5.755073986740399938e-01,6.653934596577999738e-02,4.357137090275999686e-02,-1.035350011000000015e+00,-2.520007320000000051e-01,2.434809122530000138e+02,2.024000000000000000e+03,1.100000000000000000e+01,2.400000000000000000e+01,1.500000000000000000e+01,4.800000000000000000e+01,1.189702800000000060e+01
4.000652760255999851e+01,-8.303767410173000485e+01,-7.143000000000000460e-01,-1.152900000000000036e+00,-6.194504251086400126e-01,5.121167406800000710e-02,2.586871288626000145e-02,-1.032729666999999907e+00,-2.563701050000000148e-01,2.427294879670000114e+02,2.024000000000000000e+03,1.100000000000000000e+01,2.400000000000000000e+01,1.500000000000000000e+01,4.800000000000000000e+01,1.197282799999999980e+01
4.000652740881000113e+01,-8.303767450603000100e+01,-7.231999999999999540e-01,-1.148700000000000054e+00,-6.362467683454799960e-01,2.315061208225999839e-02,2.029312411872000177e-02,-1.032381600999999982e+00,-2.574555860000000140e-01,2.424084805930000073e+02,2.024000000000000000e+03,1.100000000000000000e+01,2.400000000000000000e+01,1.500000000000000000e+01,4.800000000000000000e+01,1.204692799999999941e+01
4.000652674658999786e+01,-8.303767584335000151e+01,-7.521999999999999797e-01,-1.135499999999999954e+00,-6.909236393137999643e-01,7.287208028482000666e-02,-8.909784657099999866e-03,-1.039503461000000017e+00,-2.586452909999999994e-01,2.413328536569999869e+02,2.024000000000000000e+03,1.100000000000000000e+01,2.400000000000000000e+01,1.500000000000000000e+01,4.800000000000000000e+01,1.212021000000000015e+01
4.000652626833999648e+01,-8.303767677042999651e+01,-7.659000000000000252e-01,-1.129799999999999915e+00,-3.384470747614400365e-01,5.479980073242000232e-02,6.012705752668000281e-02,-1.052222819999999892e+00,-2.611147560000000034e-01,2.405725546490000113e+02,2.024000000000000000e+03,1.100000000000000000e+01,2.400000000000000000e+01,1.500000000000000000e+01,4.800000000000000000e+01,1.219468600000000080e+01
4.000652571196999929e+01,-8.303767782440999667e+01,-7.792999999999999927e-01,-1.124200000000000088e+00,-3.850451051818399861e-01,5.617142639574000673e-02,-3.717778173557999971e-02,-1.047100890999999923e+00,-2.651967390000000147e-01,2.396939496480000003e+02,2.024000000000000000e+03,1.100000000000000000e+01,2.400000000000000000e+01,1.500000000000000000e+01,4.800000000000000000e+01,1.227048500000000075e+01
4.000652500065000083e+01,-8.303767913357999930e+01,-8.018999999999999462e-01,-1.115899999999999892e+00,-4.283321873668800017e-01,1.097396255589600106e-01,-3.701577162599999603e-04,-1.025363637999999966e+00,-2.651965949999999794e-01,2.385809963789999983e+02,2.024000000000000000e+03,1.100000000000000000e+01,2.400000000000000000e+01,1.500000000000000000e+01,4.800000000000000000e+01,1.234359099999999998e+01
4.000652449023999679e+01,-8.303768004376999556e+01,-8.195999999999999952e-01,-1.108100000000000085e+00,-6.179988516775000162e-01,8.591776163145999068e-02,-3.419425131299999761e-03,-9.980847099999999861e-01,-2.686067819999999884e-01,2.377889731740000059e+02,2.024000000000000000e+03,1.100000000000000000e+01,2.400000000000000000e+01,1.500000000000000000e+01,4.800000000000000000e+01,1.241660899999999934e+01
4.000652396697999791e+01,-8.303768094586000359e+01,-8.417000000000000037e-01,-1.095800000000000107e+00,-7.858460856863400679e-01,3.333732094898000237e-02,-5.128516836396000700e-02,-9.793376339999999569e-01,-2.706700260000000080e-01,2.369848363049999875e+02,2.024000000000000000e+03,1.100000000000000000e+01,2.400000000000000000e+01,1.500000000000000000e+01,4.800000000000000000e+01,1.249006800000000084e+01
4.000652342997999966e+01,-8.303768183766000277e+01,-8.625000000000000444e-01,-1.084300000000000042e+00,-6.385927567847399233e-01,7.968772821653999361e-02,-4.803371745972000173e-02,-9.709636999999999851e-01,-2.625478489999999998e-01,2.361742573319999963e+02,2.024000000000000000e+03,1.100000000000000000e+01,2.400000000000000000e+01,1.500000000000000000e+01,4.800000000000000000e+01,1.256301000000000023e+01
4.000652280005999728e+01,-8.303768284793000021e+01,-8.870000000000000107e-01,-1.076600000000000001e+00,-6.386328059638599619e-01,2.058464843926400001e-01,-2.082792474207999928e-02,-9.640588070000000176e-01,-2.547279439999999839e-01,2.352465359809999939e+02,2.024000000000000000e+03,1.100000000000000000e+01,2.400000000000000000e+01,1.500000000000000000e+01,4.800000000000000000e+01,1.263624399999999959e+01
4.000652223456000200e+01,-8.303768372604000092e+01,-9.095999999999999641e-01,-1.067499999999999893e+00,-7.904209631358799504e-01,1.378531789767400151e-01,-3.396971288060000264e-03,-9.572491389999999711e-01,-2.580609289999999945e-01,2.344316996899999879e+02,2.024000000000000000e+03,1.100000000000000000e+01,2.400000000000000000e+01,1.500000000000000000e+01,4.800000000000000000e+01,1.270878500000000066e+01
4.000652165502999935e+01,-8.303768459469000618e+01,-9.288999999999999480e-01,-1.056100000000000039e+00,-5.463266131390399627e-01,4.418012125658000305e-02,5.923578400654000431e-02,-9.742314960000000301e-01,-2.580450899999999770e-01,2.336091436549999969e+02,2.024000000000000000e+03,1.100000000000000000e+01,2.400000000000000000e+01,1.500000000000000000e+01,4.800000000000000000e+01,1.278131199999999978e+01
4.000652106479999759e+01,-8.303768545530999745e+01,-9.438999999999999613e-01,-1.048799999999999955e+00,-4.078397032631000396e-01,1.372750051816399863e-01,3.665345330186000478e-02,-9.824842240000000171e-01,-2.524088039999999866e-01,2.327769199349999951e+02,2.024000000000000000e+03,1.100000000000000000e+01,2.400000000000000000e+01,1.500000000000000000e+01,4.800000000000000000e+01,1.285350599999999943e+01
4.000652037777999936e+01,-8.303768643408000116e+01,-9.647999999999999909e-01,-1.042599999999999971e+00,-5.642219468926999992e-01,1.574799175689600150e-01,-7.221141623119999541e-03,-9.589928639999999449e-01,-2.542641700000000116e-01,2.318159440009999912e+02,2.024000000000000000e+03,1.100000000000000000e+01,2.400000000000000000e+01,1.500000000000000000e+01,4.800000000000000000e+01,1.292979700000000065e+01
4.000651976180999725e+01,-8.303768728077000105e+01,-9.887000000000000233e-01,-1.026699999999999946e+00,-8.021575530424800426e-01,3.736793405516000005e-02,1.886902683366399880e-01,-9.578740439999999801e-01,-2.596068460000000022e-01,2.309732839200000001e+02,2.024000000000000000e+03,1.100000000000000000e+01,2.400000000000000000e+01,1.500000000000000000e+01,4.800000000000000000e+01,1.300789299999999926e+01
4.000651940389000316e+01,-8.303768775899000332e+01,-9.986000000000000432e-01,-1.019099999999999895e+00,-6.083434994579800525e-01,2.825317689362000229e-02,1.905579923326800040e-01,-9.654290429999999867e-01,-2.583367240000000176e-01,2.304930078250000065e+02,2.024000000000000000e+03,1.100000000000000000e+01,2.400000000000000000e+01,1.500000000000000000e+01,4.800000000000000000e+01,1.308049600000000012e+01
4.000651840391000036e+01,-8.303768905821999624e+01,-1.021300000000000097e+00,-1.005600000000000049e+00,-4.161468806449000191e-01,1.626388509699800144e-01,-6.239556876231999727e-02,-9.542626739999999774e-01,-2.523199589999999826e-01,2.291609031799999912e+02,2.024000000000000000e+03,1.100000000000000000e+01,2.400000000000000000e+01,1.500000000000000000e+01,4.800000000000000000e+01,1.315819600000000023e+01
4.000651784794000321e+01,-8.303768976079000197e+01,-1.040000000000000036e+00,-9.997000000000000330e-01,-6.197750128929999658e-01,2.054673871357199921e-01,-1.929784127757400158e-01,-9.302506459999999588e-01,-2.634092949999999878e-01,2.284193210319999991e+02,2.024000000000000000e+03,1.100000000000000000e+01,2.400000000000000000e+01,1.500000000000000000e+01,4.800000000000000000e+01,1.323334999999999972e+01
4.000651699617999668e+01,-8.303769080060999386e+01,-1.065900000000000070e+00,-9.786000000000000254e-01,-7.647887754745200661e-01,-1.638608706018000044e-02,-1.140010493599999961e-04,-9.175663299999999856e-01,-2.750767089999999748e-01,2.273027988069999878e+02,2.024000000000000000e+03,1.100000000000000000e+01,2.400000000000000000e+01,1.500000000000000000e+01,4.800000000000000000e+01,1.330674300000000088e+01
4.000651622373000293e+01,-8.303769170754999607e+01,-1.082600000000000007e+00,-9.654000000000000359e-01,-4.713331310982799560e-01,9.558315159749999901e-02,1.358626419136799990e-01,-9.055948990000000087e-01,-2.617234769999999822e-01,2.263237496700000122e+02,2.024000000000000000e+03,1.100000000000000000e+01,2.400000000000000000e+01,1.500000000000000000e+01,4.800000000000000000e+01,1.337947600000000037e+01
4.000651553587999842e+01,-8.303769249267000419e+01,-1.104000000000000092e+00,-9.550999999999999490e-01,-6.840315149932599814e-01,1.976129300252000009e-01,1.210929283528199979e-01,-8.809446399999999455e-01,-2.591628469999999740e-01,2.254613227430000109e+02,2.024000000000000000e+03,1.100000000000000000e+01,2.400000000000000000e+01,1.500000000000000000e+01,4.800000000000000000e+01,1.345405399999999929e+01
4.000651473005999748e+01,-8.303769337494000524e+01,-1.136200000000000099e+00,-9.344000000000000083e-01,-9.345742478257199615e-01,1.955717875904800229e-01,-4.666115933000000260e-04,-8.840748619999999613e-01,-2.752404079999999920e-01,2.244615911200000085e+02,2.024000000000000000e+03,1.100000000000000000e+01,2.400000000000000000e+01,1.500000000000000000e+01,4.800000000000000000e+01,1.353066600000000008e+01
4.000651400884999731e+01,-8.303769413099999497e+01,-1.154800000000000049e+00,-9.171000000000000263e-01,-6.712425077666800410e-01,3.007345396300000265e-02,-7.344647986567999498e-02,-9.012637100000000512e-01,-2.926252759999999897e-01,2.235876983999999936e+02,2.024000000000000000e+03,1.100000000000000000e+01,2.400000000000000000e+01,1.500000000000000000e+01,4.800000000000000000e+01,1.360389699999999991e+01
4.000651317106999727e+01,-8.303769497599999738e+01,-1.175799999999999956e+00,-8.912999999999999812e-01,-9.258395257503800879e-01,-6.858548380126000543e-02,-1.041151328736400067e-01,-9.140795950000000225e-01,-2.944694720000000099e-01,2.225938618780000127e+02,2.024000000000000000e+03,1.100000000000000000e+01,2.400000000000000000e+01,1.500000000000000000e+01,4.800000000000000000e+01,1.368042299999999933e+01
4.000651242563999688e+01,-8.303769570020000401e+01,-1.194499999999999895e+00,-8.800999999999999934e-01,-6.559132661557399713e-01,2.133264393406600068e-01,6.518032308976000333e-02,-9.397315120000000466e-01,-2.865614180000000122e-01,2.217200560439999890e+02,2.024000000000000000e+03,1.100000000000000000e+01,2.400000000000000000e+01,1.500000000000000000e+01,4.800000000000000000e+01,1.375502600000000086e+01
4.000651155922999891e+01,-8.303769652063000706e+01,-1.215000000000000080e+00,-8.742999999999999661e-01,-5.413401174081600153e-01,2.534348151729399756e-01,9.221411447633999503e-02,-9.558030109999999802e-01,-3.013226900000000041e-01,2.207034690849999947e+02,2.024000000000000000e+03,1.100000000000000000e+01,2.400000000000000000e+01,1.500000000000000000e+01,4.800000000000000000e+01,1.383205099999999987e+01
4.000651067804000149e+01,-8.303769732537999460e+01,-1.234599999999999920e+00,-8.483000000000000540e-01,-7.938225781106200696e-01,-7.408113899184000373e-02,6.172251110427999510e-02,-9.803152640000000195e-01,-3.139884609999999965e-01,2.196810027349999928e+02,2.024000000000000000e+03,1.100000000000000000e+01,2.400000000000000000e+01,1.500000000000000000e+01,4.800000000000000000e+01,1.390552899999999958e+01
4.000650989647999722e+01,-8.303769801248000704e+01,-1.248899999999999899e+00,-8.358999999999999764e-01,-4.826445006320200237e-01,1.758224396268799894e-01,9.945038627939999099e-02,-1.003822959999999931e+00,-3.034718570000000115e-01,2.187897132909999982e+02,2.024000000000000000e+03,1.100000000000000000e+01,2.400000000000000000e+01,1.500000000000000000e+01,4.800000000000000000e+01,1.397849399999999953e+01
4.000650955828000122e+01,-8.303769830526999840e+01,-1.257300000000000084e+00,-8.356000000000000094e-01,-3.964739530047799998e-01,3.430293308894399873e-01,-1.255590610206200053e-01,-9.996614050000000029e-01,-3.079700919999999731e-01,2.184073231149999970e+02,2.024000000000000000e+03,1.100000000000000000e+01,2.400000000000000000e+01,1.500000000000000000e+01,4.800000000000000000e+01,1.405237400000000036e+01
4.000650829615000248e+01,-8.303769936461000611e+01,-1.292799999999999949e+00,-8.087999999999999634e-01,-9.383226162874199749e-01,4.794981620600000105e-02,7.733064697519999656e-03,-9.946785750000000093e-01,-3.518824660000000049e-01,2.169913960140000029e+02,2.024000000000000000e+03,1.100000000000000000e+01,2.400000000000000000e+01,1.500000000000000000e+01,4.800000000000000000e+01,1.412556499999999993e+01
4.000650748124999723e+01,-8.303770001431000480e+01,-1.301800000000000068e+00,-7.868000000000000549e-01,-6.446023390195999569e-01,-1.548541439396199926e-01,2.732806085716000047e-02,-1.016268154000000035e+00,-3.607262399999999758e-01,2.160875098939999930e+02,2.024000000000000000e+03,1.100000000000000000e+01,2.400000000000000000e+01,1.500000000000000000e+01,4.800000000000000000e+01,1.419931599999999960e+01
4.000650654063999667e+01,-8.303770073936999552e+01,-1.319700000000000095e+00,-7.702999999999999847e-01,-6.500296809092200867e-01,2.119325011114600033e-01,1.671906223261999946e-02,-1.011849997999999973e+00,-3.529090610000000239e-01,2.150529754529999877e+02,2.024000000000000000e+03,1.100000000000000000e+01,2.400000000000000000e+01,1.500000000000000000e+01,4.800000000000000000e+01,1.427178699999999978e+01
4.000650546218999892e+01,-8.303770153614999572e+01,-1.350300000000000056e+00,-7.496000000000000441e-01,-8.234111803423000975e-01,3.027748753202799681e-01,-7.148256998009999696e-02,-9.986169969999999507e-01,-3.801779359999999941e-01,2.138727740879999999e+02,2.024000000000000000e+03,1.100000000000000000e+01,2.400000000000000000e+01,1.500000000000000000e+01,4.800000000000000000e+01,1.435892899999999983e+01
4.000650460797000108e+01,-8.303770213832000024e+01,-1.367699999999999916e+00,-7.291999999999999593e-01,-7.542883550604000398e-01,8.053744028076000039e-02,-9.488322738378000831e-02,-1.003904571999999940e+00,-4.089570900000000231e-01,2.129512064429999896e+02,2.024000000000000000e+03,1.100000000000000000e+01,2.400000000000000000e+01,1.500000000000000000e+01,4.800000000000000000e+01,1.443280999999999992e+01
4.000650374442000157e+01,-8.303770272519000173e+01,-1.380200000000000093e+00,-7.137999999999999901e-01,-4.810294709990799999e-01,1.103302038155000026e-01,-7.888181576751999990e-02,-1.002610347000000068e+00,-4.230852339999999767e-01,2.120330212990000120e+02,2.024000000000000000e+03,1.100000000000000000e+01,2.400000000000000000e+01,1.500000000000000000e+01,4.800000000000000000e+01,1.450577099999999930e+01
4.000650274627000158e+01,-8.303770337823000602e+01,-1.398900000000000032e+00,-6.892000000000000348e-01,-8.299773872560400889e-01,9.376683063027999032e-02,9.592798076576000699e-02,-9.852716190000000429e-01,-4.345330099999999973e-01,2.109816177840000080e+02,2.024000000000000000e+03,1.100000000000000000e+01,2.400000000000000000e+01,1.500000000000000000e+01,4.800000000000000000e+01,1.458083899999999922e+01
4.000650186173000122e+01,-8.303770393131999583e+01,-1.414800000000000058e+00,-6.693999999999999950e-01,-6.872732497210199964e-01,1.222554595797200050e-01,1.067951148074000045e-01,-9.829761350000000286e-01,-4.404591910000000277e-01,2.100554338990000076e+02,2.024000000000000000e+03,1.100000000000000000e+01,2.400000000000000000e+01,1.500000000000000000e+01,4.800000000000000000e+01,1.465467199999999970e+01
4.000650083838999649e+01,-8.303770454488000041e+01,-1.433300000000000018e+00,-6.470000000000000195e-01,-7.711612321457400610e-01,8.787797759090000549e-02,1.862803123735999947e-02,-9.743390389999999623e-01,-4.481596749999999796e-01,2.089919967749999898e+02,2.024000000000000000e+03,1.100000000000000000e+01,2.400000000000000000e+01,1.500000000000000000e+01,4.800000000000000000e+01,1.472715900000000033e+01
4.000649993177999875e+01,-8.303770505990000572e+01,-1.450299999999999923e+00,-6.170999999999999819e-01,-1.020904692494200017e+00,1.070258640956000054e-02,1.823880427170000013e-02,-9.776895610000000403e-01,-4.511991750000000079e-01,2.080639773199999922e+02,2.024000000000000000e+03,1.100000000000000000e+01,2.400000000000000000e+01,1.500000000000000000e+01,4.800000000000000000e+01,1.479973799999999962e+01
4.000649901431000188e+01,-8.303770555267000475e+01,-1.467600000000000016e+00,-5.956000000000000183e-01,-6.707280116719599450e-01,2.052551473705599983e-01,1.303425376000000128e-02,-1.002623153999999905e+00,-4.448308999999999735e-01,2.071347644939999952e+02,2.024000000000000000e+03,1.100000000000000000e+01,2.400000000000000000e+01,1.500000000000000000e+01,4.800000000000000000e+01,1.487247200000000014e+01
4.000649795212000015e+01,-8.303770610306000322e+01,-1.487999999999999989e+00,-5.845000000000000195e-01,-5.793278136987999316e-01,2.919712897142799912e-01,-5.920410293583999728e-02,-9.949231120000000539e-01,-4.596160280000000098e-01,2.060670419539999898e+02,2.024000000000000000e+03,1.100000000000000000e+01,2.400000000000000000e+01,1.500000000000000000e+01,4.800000000000000000e+01,1.494500200000000056e+01
4.000649728074999700e+01,-8.303770643769000515e+01,-1.500399999999999956e+00,-5.664000000000000146e-01,-9.021865743790600245e-01,1.208708045559600125e-01,-5.841789577824000462e-02,-9.881079630000000336e-01,-4.763052429999999893e-01,2.054015306029999977e+02,2.024000000000000000e+03,1.100000000000000000e+01,2.400000000000000000e+01,1.500000000000000000e+01,4.800000000000000000e+01,1.501880300000000013e+01
4.000649633177999931e+01,-8.303770689050999465e+01,-1.516299999999999981e+00,-5.475999999999999757e-01,-5.887035845914000420e-01,1.982386641367199775e-01,9.715963738821999096e-02,-9.987022740000000010e-01,-4.823146170000000010e-01,2.044793708299999935e+02,2.024000000000000000e+03,1.100000000000000000e+01,2.400000000000000000e+01,1.500000000000000000e+01,4.800000000000000000e+01,1.509201499999999996e+01
4.000649509675999838e+01,-8.303770744914000090e+01,-1.536399999999999988e+00,-5.224999999999999645e-01,-7.566399901794400584e-01,1.817937553563599984e-01,1.031262027695200034e-01,-1.000081377999999965e+00,-4.859822590000000275e-01,2.033233826800000088e+02,2.024000000000000000e+03,1.100000000000000000e+01,2.400000000000000000e+01,1.500000000000000000e+01,4.800000000000000000e+01,1.516556600000000010e+01
4.000649440219000041e+01,-8.303770774678000066e+01,-1.550000000000000044e+00,-5.082999999999999741e-01,-7.292541146428199728e-01,2.587312780379799615e-01,8.931093483867999505e-02,-1.002822660999999949e+00,-4.920868110000000129e-01,2.026873031990000129e+02,2.024000000000000000e+03,1.100000000000000000e+01,2.400000000000000000e+01,1.500000000000000000e+01,4.800000000000000000e+01,1.523843899999999962e+01
4.000649327813000156e+01,-8.303770820836000155e+01,-1.571700000000000097e+00,-4.908000000000000140e-01,-6.228015836765400381e-01,2.997810232257400176e-01,-5.997941481936000518e-02,-1.014748124000000029e+00,-5.163675509999999802e-01,2.016712533109999868e+02,2.024000000000000000e+03,1.100000000000000000e+01,2.400000000000000000e+01,1.500000000000000000e+01,4.800000000000000000e+01,1.531264700000000012e+01
4.000649185513999839e+01,-8.303770875733999901e+01,-1.590100000000000069e+00,-4.612999999999999878e-01,-6.708472732160799534e-01,1.475489185666999936e-01,-1.092542768253799979e-01,-1.029446475000000083e+00,-5.343599570000000520e-01,2.004491389149999918e+02,2.024000000000000000e+03,1.100000000000000000e+01,2.400000000000000000e+01,1.500000000000000000e+01,4.800000000000000000e+01,1.538543199999999977e+01
4.000649084938999778e+01,-8.303770912531000192e+01,-1.603900000000000103e+00,-4.506999999999999895e-01,-3.588970949502199859e-01,3.436836366365400020e-01,-6.307778619574000434e-02,-1.036824976999999981e+00,-5.270824459999999823e-01,1.996316770100000042e+02,2.024000000000000000e+03,1.100000000000000000e+01,2.400000000000000000e+01,1.500000000000000000e+01,4.800000000000000000e+01,1.546000399999999964e+01
4.000648983280999715e+01,-8.303770948611000335e+01,-1.624300000000000077e+00,-4.416999999999999815e-01,-4.830289657805399983e-01,5.140649698217599761e-01,-5.703163487576000390e-02,-1.028855593000000068e+00,-5.297195300000000495e-01,1.988242963030000112e+02,2.024000000000000000e+03,1.100000000000000000e+01,2.400000000000000000e+01,1.500000000000000000e+01,4.800000000000000000e+01,1.553314699999999959e+01
4.000648880220000336e+01,-8.303770983411000373e+01,-1.646099999999999897e+00,-4.208000000000000074e-01,-7.046987658998400406e-01,3.702325506893799911e-01,3.491738765619999824e-02,-1.026967089000000000e+00,-5.515273040000000515e-01,1.980252271269999937e+02,2.024000000000000000e+03,1.100000000000000000e+01,2.400000000000000000e+01,1.500000000000000000e+01,4.800000000000000000e+01,1.560566799999999965e+01
4.000648761213999904e+01,-8.303771021261999863e+01,-1.658700000000000063e+00,-4.017999999999999905e-01,-4.764496326847200147e-01,1.518678584551200195e-01,-8.366295096080000881e-03,-1.026572245000000105e+00,-5.672513329999999687e-01,1.971356949160000056e+02,2.024000000000000000e+03,1.100000000000000000e+01,2.400000000000000000e+01,1.500000000000000000e+01,4.800000000000000000e+01,1.568010899999999985e+01
4.000648656215000187e+01,-8.303771053063999830e+01,-1.675000000000000044e+00,-3.857999999999999763e-01,-6.013704822290599772e-01,3.664241542395600404e-01,1.102425963100200079e-01,-1.011130485000000023e+00,-5.647382410000000297e-01,1.963855683019999958e+02,2.024000000000000000e+03,1.100000000000000000e+01,2.400000000000000000e+01,1.500000000000000000e+01,4.800000000000000000e+01,1.575405300000000075e+01
4.000648534753999996e+01,-8.303771087469999657e+01,-1.698199999999999932e+00,-3.623999999999999999e-01,-6.885986846725199451e-01,4.173266152191200118e-01,2.915329250251999862e-02,-1.020629667999999990e+00,-5.700658579999999809e-01,1.955507112349999943e+02,2.024000000000000000e+03,1.100000000000000000e+01,2.400000000000000000e+01,1.500000000000000000e+01,4.800000000000000000e+01,1.582658099999999912e+01
4.000648427261999984e+01,-8.303771116187999723e+01,-1.713100000000000067e+00,-3.496000000000000218e-01,-4.557065472093400071e-01,2.921061538840800109e-01,-4.756394341419999811e-02,-1.034430791999999988e+00,-5.840117249999999816e-01,1.948396105269999907e+02,2.024000000000000000e+03,1.100000000000000000e+01,2.400000000000000000e+01,1.500000000000000000e+01,4.800000000000000000e+01,1.589955999999999925e+01
4.000648318847999718e+01,-8.303771143742000049e+01,-1.727200000000000069e+00,-3.342999999999999861e-01,-5.358767278805800505e-01,2.741788842346999933e-01,-1.497651908799999820e-01,-1.039098097999999970e+00,-5.925657880000000377e-01,1.941545506559999978e+02,2.024000000000000000e+03,1.100000000000000000e+01,2.400000000000000000e+01,1.500000000000000000e+01,4.800000000000000000e+01,1.597246200000000016e+01
4.000648272106000292e+01,-8.303771155158000283e+01,-1.734099999999999975e+00,-3.272999999999999798e-01,-5.289594525290199911e-01,3.198913488901199975e-01,-1.705847702754000050e-02,-1.043005854000000010e+00,-5.924094709999999653e-01,1.938712453390000121e+02,2.024000000000000000e+03,1.100000000000000000e+01,2.400000000000000000e+01,1.500000000000000000e+01,4.800000000000000000e+01,1.604589599999999905e+01
4.000648083456000137e+01,-8.303771199483999510e+01,-1.757600000000000051e+00,-3.150999999999999912e-01,-2.790135656625599703e-01,3.047082204209600187e-01,1.013312623554199904e-01,-1.046998287999999944e+00,-6.080510270000000217e-01,1.927835879939999870e+02,2.024000000000000000e+03,1.100000000000000000e+01,2.400000000000000000e+01,1.500000000000000000e+01,4.800000000000000000e+01,1.611975599999999886e+01
4.000647988290999990e+01,-8.303771220695000466e+01,-1.770699999999999941e+00,-3.054000000000000048e-01,-5.003442466314399484e-01,3.649132240549400330e-01,6.765876478688000184e-02,-1.035418756999999967e+00,-6.184985640000000284e-01,1.922619685269999934e+02,2.024000000000000000e+03,1.100000000000000000e+01,2.400000000000000000e+01,1.500000000000000000e+01,4.800000000000000000e+01,1.619255700000000076e+01
4.000647844048000223e+01,-8.303771250686999394e+01,-1.792499999999999982e+00,-2.802999999999999936e-01,-6.589705474223199744e-01,3.169649340635999901e-01,-3.872862185708000199e-02,-1.034146427000000035e+00,-6.463990760000000169e-01,1.914954492370000025e+02,2.024000000000000000e+03,1.100000000000000000e+01,2.400000000000000000e+01,1.500000000000000000e+01,4.800000000000000000e+01,1.626789799999999886e+01
4.000647714603000082e+01,-8.303771275351999748e+01,-1.805199999999999916e+00,-2.626000000000000001e-01,-4.589655897203399615e-01,2.152290900160599985e-01,-3.178126705513999867e-02,-1.035870516999999991e+00,-6.714931680000000291e-01,1.908278410609999867e+02,2.024000000000000000e+03,1.100000000000000000e+01,2.400000000000000000e+01,1.500000000000000000e+01,4.800000000000000000e+01,1.634634900000000002e+01
4.000647600605999799e+01,-8.303771295609999470e+01,-1.815900000000000070e+00,-2.489999999999999991e-01,-3.465442387659800061e-01,2.333675460498600140e-01,-4.068107679303999830e-02,-1.038649557999999917e+00,-6.821010410000000190e-01,1.902587238520000028e+02,2.024000000000000000e+03,1.100000000000000000e+01,2.400000000000000000e+01,1.500000000000000000e+01,4.800000000000000000e+01,1.642164899999999861e+01
4.000647469186999672e+01,-8.303771317461999502e+01,-1.836699999999999999e+00,-2.338999999999999968e-01,-4.805421279690600400e-01,4.961907095810400015e-01,-6.018919808312000325e-02,-1.049229771999999894e+00,-6.922491210000000228e-01,1.896338202780000017e+02,2.024000000000000000e+03,1.100000000000000000e+01,2.400000000000000000e+01,1.500000000000000000e+01,4.800000000000000000e+01,1.649745499999999865e+01
4.000647353059000011e+01,-8.303771335684000121e+01,-1.850899999999999990e+00,-2.248999999999999888e-01,-2.886974624490800112e-01,3.058231946890400121e-01,-1.813399890842000081e-02,-1.061056642999999911e+00,-7.139552120000000057e-01,1.891198067630000139e+02,2.024000000000000000e+03,1.100000000000000000e+01,2.400000000000000000e+01,1.500000000000000000e+01,4.800000000000000000e+01,1.657129400000000174e+01
4.000647219534999977e+01,-8.303771356017999494e+01,-1.860200000000000076e+00,-2.233999999999999875e-01,-5.396140794627999476e-02,2.416057917845200187e-01,8.582783937346000203e-02,-1.052771504999999941e+00,-7.258818270000000350e-01,1.885660218559999919e+02,2.024000000000000000e+03,1.100000000000000000e+01,2.400000000000000000e+01,1.500000000000000000e+01,4.800000000000000000e+01,1.664533600000000035e+01
4.000647101957000018e+01,-8.303771373175999315e+01,-1.874800000000000022e+00,-2.071000000000000063e-01,-6.620077305740400542e-01,3.814564315754599977e-01,-4.495211951966000125e-02,-1.032379275000000041e+00,-7.306090349999999622e-01,1.881042324329999929e+02,2.024000000000000000e+03,1.100000000000000000e+01,2.400000000000000000e+01,1.500000000000000000e+01,4.800000000000000000e+01,1.671982799999999969e+01
4.000646983299999704e+01,-8.303771389048000628e+01,-1.893599999999999950e+00,-1.928999999999999881e-01,-3.844881686550599698e-01,4.693908141090200603e-01,1.585089684221199779e-01,-1.045397901999999934e+00,-7.440145980000000270e-01,1.876638808669999889e+02,2.024000000000000000e+03,1.100000000000000000e+01,2.400000000000000000e+01,1.500000000000000000e+01,4.800000000000000000e+01,1.679255099999999956e+01
4.000646846424999836e+01,-8.303771406014000434e+01,-1.909100000000000019e+00,-1.817000000000000004e-01,-3.539522571377999860e-01,3.149525669756800261e-01,-2.714790327720000007e-02,-1.059946899999999914e+00,-7.729092360000000550e-01,1.871910157130000130e+02,2.024000000000000000e+03,1.100000000000000000e+01,2.400000000000000000e+01,1.500000000000000000e+01,4.800000000000000000e+01,1.686836699999999922e+01
4.000646725863000341e+01,-8.303771419954999544e+01,-1.919399999999999995e+00,-1.708000000000000074e-01,-3.158488111253199837e-01,2.569033923048599788e-01,-5.637561685888000523e-02,-1.061163110999999937e+00,-7.902691849999999851e-01,1.868007934030000001e+02,2.024000000000000000e+03,1.100000000000000000e+01,2.400000000000000000e+01,1.500000000000000000e+01,4.800000000000000000e+01,1.694124800000000164e+01
4.000646621984999740e+01,-8.303771431252999946e+01,-1.928800000000000070e+00,-1.642000000000000126e-01,-1.740479643432600032e-01,2.972097003751800193e-01,-2.879482736119999900e-02,-1.070342456999999969e+00,-7.958035009999999687e-01,1.864807045299999970e+02,2.024000000000000000e+03,1.100000000000000000e+01,2.400000000000000000e+01,1.500000000000000000e+01,4.800000000000000000e+01,1.701523299999999850e+01
4.000646517572000249e+01,-8.303771442228000410e+01,-1.938499999999999890e+00,-1.607000000000000095e-01,-8.898958100940000671e-02,2.923453327458799822e-01,3.185485558639999763e-03,-1.075732764999999924e+00,-7.971614120000000137e-01,1.861734633350000081e+02,2.024000000000000000e+03,1.100000000000000000e+01,2.400000000000000000e+01,1.500000000000000000e+01,4.800000000000000000e+01,1.708826600000000084e+01
4.000646342320000315e+01,-8.303771460170999319e+01,-1.956800000000000095e+00,-1.555999999999999883e-01,-1.234747140448199942e-01,4.242086944416799676e-01,7.041452913036000405e-02,-1.065427273000000064e+00,-7.886108990000000318e-01,1.856842602799999895e+02,2.024000000000000000e+03,1.100000000000000000e+01,2.400000000000000000e+01,1.500000000000000000e+01,4.800000000000000000e+01,1.716640900000000158e+01
4.000646236011999690e+01,-8.303771470696000279e+01,-1.976499999999999924e+00,-1.499999999999999944e-01,-2.220123431560599714e-01,6.224482623328599917e-01,7.150479330744000106e-02,-1.055412921000000059e+00,-7.946452960000000010e-01,1.854035543729999915e+02,2.024000000000000000e+03,1.100000000000000000e+01,2.400000000000000000e+01,1.500000000000000000e+01,4.800000000000000000e+01,1.723885100000000037e+01
4.000646074768000204e+01,-8.303771485880000114e+01,-2.000500000000000167e+00,-1.433999999999999997e-01,-1.942496693539000063e-01,4.820780831643599607e-01,-5.077614053004000233e-02,-1.029322569000000076e+00,-8.198419620000000352e-01,1.850018362419999960e+02,2.024000000000000000e+03,1.100000000000000000e+01,2.400000000000000000e+01,1.500000000000000000e+01,4.800000000000000000e+01,1.731239400000000117e+01
4.000645929988999683e+01,-8.303771498525999561e+01,-2.018899999999999917e+00,-1.315999999999999948e-01,-3.202225476401400206e-01,4.628071151568400321e-01,-6.121507602770000223e-02,-1.009595621000000110e+00,-8.226543630000000551e-01,1.846625676170000077e+02,2.024000000000000000e+03,1.100000000000000000e+01,2.400000000000000000e+01,1.500000000000000000e+01,4.800000000000000000e+01,1.738643599999999978e+01
4.000645802001999840e+01,-8.303771508759000142e+01,-2.040900000000000158e+00,-1.218000000000000055e-01,-3.664562501963199992e-01,6.107175704449600007e-01,1.586180804965000024e-01,-9.992706630000000034e-01,-8.222262740000000347e-01,1.843776223350000123e+02,2.024000000000000000e+03,1.100000000000000000e+01,2.400000000000000000e+01,1.500000000000000000e+01,4.800000000000000000e+01,1.746002000000000010e+01
4.000645672593000057e+01,-8.303771518066000112e+01,-2.063600000000000101e+00,-1.115000000000000019e-01,-2.268430856513600213e-01,6.246250355692199996e-01,1.850966185603000191e-01,-9.955745529999999732e-01,-8.348772949999999637e-01,1.841009504609999965e+02,2.024000000000000000e+03,1.100000000000000000e+01,2.400000000000000000e+01,1.500000000000000000e+01,4.800000000000000000e+01,1.753400500000000051e+01
4.000645541856000165e+01,-8.303771526724000296e+01,-2.081999999999999851e+00,-1.053000000000000047e-01,-1.316547361670399874e-01,4.509447923079800136e-01,9.474773083620000036e-02,-9.940556759999999992e-01,-8.575335459999999799e-01,1.838317409279999879e+02,2.024000000000000000e+03,1.100000000000000000e+01,2.400000000000000000e+01,1.500000000000000000e+01,4.800000000000000000e+01,1.760743199999999931e+01
4.000645391244000137e+01,-8.303771536114000185e+01,-2.098199999999999843e+00,-1.008000000000000007e-01,-1.122921098716799931e-01,4.174539716548599788e-01,-1.231880380166399946e-01,-9.769549220000000034e-01,-8.635695349999999992e-01,1.835405658089999861e+02,2.024000000000000000e+03,1.100000000000000000e+01,2.400000000000000000e+01,1.500000000000000000e+01,4.800000000000000000e+01,1.768104800000000054e+01
4.000645258270999705e+01,-8.303771544280999706e+01,-2.119400000000000173e+00,-1.003000000000000003e-01,-7.400317203124000265e-02,6.113503083215600098e-01,3.933715033101999742e-02,-9.584644009999999659e-01,-8.614521960000000034e-01,1.832959889710000141e+02,2.024000000000000000e+03,1.100000000000000000e+01,2.400000000000000000e+01,1.500000000000000000e+01,4.800000000000000000e+01,1.775418300000000116e+01
4.000645104752999970e+01,-8.303771552752999696e+01,-2.139600000000000168e+00,-8.429999999999999993e-02,-4.804464265269399736e-01,4.194904566534400359e-01,-4.181328212477999906e-02,-9.483992959999999472e-01,-8.635880449999999708e-01,1.830302261489999864e+02,2.024000000000000000e+03,1.100000000000000000e+01,2.400000000000000000e+01,1.500000000000000000e+01,4.800000000000000000e+01,1.782731499999999869e+01
4.000644969319999689e+01,-8.303771559013000569e+01,-2.157399999999999984e+00,-7.199999999999999456e-02,-2.940118404533200169e-01,5.551290917723000762e-01,8.715272149607999896e-02,-9.555557359999999889e-01,-8.523354130000000417e-01,1.828124341399999935e+02,2.024000000000000000e+03,1.100000000000000000e+01,2.400000000000000000e+01,1.500000000000000000e+01,4.800000000000000000e+01,1.790063400000000016e+01
4.000644812976999987e+01,-8.303771565092000628e+01,-2.181700000000000195e+00,-6.099999999999999867e-02,-3.499377021247199737e-01,5.856414504057999570e-01,4.811332457746000241e-02,-9.639772800000000474e-01,-8.465598180000000195e-01,1.825736916079999901e+02,2.024000000000000000e+03,1.100000000000000000e+01,2.400000000000000000e+01,1.500000000000000000e+01,4.800000000000000000e+01,1.797512400000000099e+01
4.000644753937000075e+01,-8.303771567127000708e+01,-2.188699999999999868e+00,-5.759999999999999842e-02,-2.755989739678200157e-01,4.857621033075800177e-01,1.994564481840399861e-01,-9.703418459999999524e-01,-8.481054609999999494e-01,1.824858864910000023e+02,2.024000000000000000e+03,1.100000000000000000e+01,2.400000000000000000e+01,1.500000000000000000e+01,4.800000000000000000e+01,1.804893900000000073e+01
4.000644555848000294e+01,-8.303771573413999363e+01,-2.210700000000000109e+00,-5.489999999999999741e-02,4.219270489313999700e-02,5.037403938972799811e-01,-1.929003846642999842e-01,-1.004004351999999933e+00,-8.348115489999999861e-01,1.822136474099999930e+02,2.024000000000000000e+03,1.100000000000000000e+01,2.400000000000000000e+01,1.500000000000000000e+01,4.800000000000000000e+01,1.812217800000000167e+01
4.000644415786999986e+01,-8.303771578094000461e+01,-2.233600000000000030e+00,-5.430000000000000104e-02,-3.924413088714000242e-02,6.856107505166599836e-01,-1.738369061752600142e-01,-1.013292719999999925e+00,-8.236022729999999958e-01,1.820589141309999945e+02,2.024000000000000000e+03,1.100000000000000000e+01,2.400000000000000000e+01,1.500000000000000000e+01,4.800000000000000000e+01,1.819627399999999895e+01
4.000644233668000282e+01,-8.303771584486999302e+01,-2.260299999999999976e+00,-6.230000000000000121e-02,2.317340964760200017e-01,5.938555274187599098e-01,-1.157051784614000073e-02,-1.012331352999999989e+00,-8.276323979999999914e-01,1.818861842459999991e+02,2.024000000000000000e+03,1.100000000000000000e+01,2.400000000000000000e+01,1.500000000000000000e+01,4.800000000000000000e+01,1.827036700000000025e+01
4.000644070268000263e+01,-8.303771590780999645e+01,-2.276400000000000201e+00,-6.479999999999999649e-02,2.186933063508000180e-02,3.973615185086600277e-01,1.101629679021799979e-01,-9.874512229999999890e-01,-8.242091200000000173e-01,1.817397491270000103e+02,2.024000000000000000e+03,1.100000000000000000e+01,2.400000000000000000e+01,1.500000000000000000e+01,4.800000000000000000e+01,1.834488899999999845e+01
4.000643926251999716e+01,-8.303771596263999299e+01,-2.293400000000000105e+00,-6.169999999999999790e-02,-1.289625327594000059e-01,5.002964149638199354e-01,1.341449732584600041e-01,-9.633177920000000061e-01,-8.111948429999999988e-01,1.816229606070000102e+02,2.024000000000000000e+03,1.100000000000000000e+01,2.400000000000000000e+01,1.500000000000000000e+01,4.800000000000000000e+01,1.841912200000000155e+01
4.000643760172000185e+01,-8.303771601903000033e+01,-2.317800000000000082e+00,-5.430000000000000104e-02,-2.256865807027799986e-01,6.363402657002199536e-01,6.594555987080000237e-02,-9.448629870000000430e-01,-8.007542610000000227e-01,1.815100226540000108e+02,2.024000000000000000e+03,1.100000000000000000e+01,2.400000000000000000e+01,1.500000000000000000e+01,4.800000000000000000e+01,1.849315100000000101e+01
4.000643613476000127e+01,-8.303771606424000140e+01,-2.335700000000000109e+00,-5.149999999999999717e-02,1.925498246011999801e-02,4.780911454598800181e-01,-8.597527752090000641e-02,-9.462262830000000013e-01,-8.014963339999999770e-01,1.814308331949999911e+02,2.024000000000000000e+03,1.100000000000000000e+01,2.400000000000000000e+01,1.500000000000000000e+01,4.800000000000000000e+01,1.857161199999999823e+01
4.000643444573000096e+01,-8.303771611500999938e+01,-2.353800000000000114e+00,-5.190000000000000169e-02,-1.759261044200000068e-02,4.902912017348000084e-01,-7.062847748931999625e-02,-9.417127840000000250e-01,-7.928990999999999678e-01,1.813619414780000056e+02,2.024000000000000000e+03,1.100000000000000000e+01,2.400000000000000000e+01,1.500000000000000000e+01,4.800000000000000000e+01,1.864667999999999992e+01
4.000643295631999763e+01,-8.303771615988000576e+01,-2.372100000000000097e+00,-4.959999999999999826e-02,-1.165948924682600057e-01,5.389971838153200245e-01,1.601269173109199917e-01,-9.388861840000000125e-01,-7.808780079999999568e-01,1.813196106970000017e+02,2.024000000000000000e+03,1.100000000000000000e+01,2.400000000000000000e+01,1.500000000000000000e+01,4.800000000000000000e+01,1.872155499999999861e+01
4.000643123884000119e+01,-8.303771620829000710e+01,-2.395099999999999785e+00,-5.029999999999999749e-02,1.044957165854400044e-01,5.492708354594599829e-01,-4.287604019034000485e-02,-9.513057459999999521e-01,-7.725485359999999524e-01,1.812756315070000142e+02,2.024000000000000000e+03,1.100000000000000000e+01,2.400000000000000000e+01,1.500000000000000000e+01,4.800000000000000000e+01,1.879493000000000080e+01
4.000642972320000013e+01,-8.303771625467000206e+01,-2.412900000000000045e+00,-5.639999999999999875e-02,1.877915897105200127e-01,4.989240856455999795e-01,-5.895688730938000027e-02,-9.412726280000000001e-01,-7.717446799999999607e-01,1.812417369940000071e+02,2.024000000000000000e+03,1.100000000000000000e+01,2.400000000000000000e+01,1.500000000000000000e+01,4.800000000000000000e+01,1.886902999999999864e+01
4.000642819632000169e+01,-8.303771630178999885e+01,-2.431900000000000173e+00,-5.140000000000000124e-02,-2.442014388821600046e-01,5.683946013884000337e-01,2.996713378524000146e-02,-9.272489510000000434e-01,-7.673020390000000468e-01,1.812169653750000009e+02,2.024000000000000000e+03,1.100000000000000000e+01,2.400000000000000000e+01,1.500000000000000000e+01,4.800000000000000000e+01,1.894266599999999912e+01
4.000642687673000353e+01,-8.303771633806999830e+01,-2.452999999999999847e+00,-4.549999999999999878e-02,-2.041250344541999939e-01,7.295401941182400041e-01,5.568752086984000288e-02,-9.425663840000000349e-01,-7.715170780000000228e-01,1.812066323950000140e+02,2.024000000000000000e+03,1.100000000000000000e+01,2.400000000000000000e+01,1.500000000000000000e+01,4.800000000000000000e+01,1.901717100000000116e+01
4.000642532370999760e+01,-8.303771638009000355e+01,-2.472500000000000142e+00,-5.199999999999999761e-02,2.115565751592200228e-01,5.451018005054599769e-01,9.581779299654000215e-02,-9.630508349999999940e-01,-7.958300510000000383e-01,1.811989808280000034e+02,2.024000000000000000e+03,1.100000000000000000e+01,2.400000000000000000e+01,1.500000000000000000e+01,4.800000000000000000e+01,1.909207899999999825e+01
4.000642308930999747e+01,-8.303771644968000487e+01,-2.490000000000000213e+00,-5.800000000000000294e-02,6.638809402246000080e-02,4.231646225606999767e-01,1.863241678756200059e-01,-9.440777259999999504e-01,-8.065852959999999516e-01,1.811929416449999906e+02,2.024000000000000000e+03,1.100000000000000000e+01,2.400000000000000000e+01,1.500000000000000000e+01,4.800000000000000000e+01,1.916845199999999849e+01
4.000642196388000116e+01,-8.303771648778000269e+01,-2.505700000000000038e+00,-6.289999999999999758e-02,1.465273666544399944e-01,6.087778228740600150e-01,1.302769956550999808e-01,-9.368168940000000111e-01,-8.094635420000000359e-01,1.811950210400000003e+02,2.024000000000000000e+03,1.100000000000000000e+01,2.400000000000000000e+01,1.500000000000000000e+01,4.800000000000000000e+01,1.924202100000000115e+01
4.000641992351999932e+01,-8.303771656482000196e+01,-2.526199999999999779e+00,-7.330000000000000404e-02,1.735724945718399859e-01,4.206266375336599750e-01,-3.301835592788000123e-02,-9.084537470000000337e-01,-8.294705300000000392e-01,1.812137310090000142e+02,2.024000000000000000e+03,1.100000000000000000e+01,2.400000000000000000e+01,1.500000000000000000e+01,4.800000000000000000e+01,1.931609900000000124e+01
4.000641809724000098e+01,-8.303771663742999465e+01,-2.539600000000000080e+00,-7.470000000000000251e-02,6.768170407184000148e-02,2.724779881573800022e-01,-6.301565892557998982e-02,-8.790823719999999453e-01,-8.446037739999999738e-01,1.812365742259999877e+02,2.024000000000000000e+03,1.100000000000000000e+01,2.400000000000000000e+01,1.500000000000000000e+01,4.800000000000000000e+01,1.939170700000000025e+01
4.000641626440000209e+01,-8.303771671153999989e+01,-2.545500000000000096e+00,-7.420000000000000207e-02,-7.000945117259999018e-02,1.054870085040000016e-01,1.521001881805000011e-01,-8.527550999999999881e-01,-8.597657380000000016e-01,1.812590231739999922e+02,2.024000000000000000e+03,1.100000000000000000e+01,2.400000000000000000e+01,1.500000000000000000e+01,4.800000000000000000e+01,1.946645900000000040e+01
4.000641465894999982e+01,-8.303771677323000233e+01,-2.544599999999999973e+00,-6.690000000000000113e-02,-2.468147727111200118e-01,-7.063845052076000997e-02,2.088728068566400031e-01,-8.329920069999999788e-01,-8.731616720000000553e-01,1.812851640169999996e+02,2.024000000000000000e+03,1.100000000000000000e+01,2.400000000000000000e+01,1.500000000000000000e+01,4.800000000000000000e+01,1.954081800000000158e+01
4.000641282514000352e+01,-8.303771683838000683e+01,-2.543800000000000061e+00,-6.569999999999999452e-02,2.509670446894000234e-02,-3.643205385543999558e-02,3.157402411225999905e-02,-8.353977329999999757e-01,-8.784485359999999465e-01,1.813257367010000110e+02,2.024000000000000000e+03,1.100000000000000000e+01,2.400000000000000000e+01,1.500000000000000000e+01,4.800000000000000000e+01,1.961539099999999891e+01
4.000641121982999948e+01,-8.303771689462000438e+01,-2.546100000000000030e+00,-6.419999999999999318e-02,-3.678527574037999959e-02,3.823290268520000007e-02,-6.727713601868000326e-02,-8.334705610000000542e-01,-8.909352149999999471e-01,1.813657272570000032e+02,2.024000000000000000e+03,1.100000000000000000e+01,2.400000000000000000e+01,1.500000000000000000e+01,4.800000000000000000e+01,1.968920500000000118e+01
4.000640961631999915e+01,-8.303771695353999860e+01,-2.538100000000000023e+00,-7.149999999999999412e-02,2.143768059371000123e-01,-2.723574329636999636e-01,-1.354329816205000203e-01,-8.365388849999999543e-01,-8.992135009999999706e-01,1.813972638330000109e+02,2.024000000000000000e+03,1.100000000000000000e+01,2.400000000000000000e+01,1.500000000000000000e+01,4.800000000000000000e+01,1.976253200000000021e+01
4.000640778847999712e+01,-8.303771702200999982e+01,-2.535800000000000054e+00,-6.880000000000000004e-02,-4.049352792439999543e-02,1.963951209795999908e-02,-2.302986293713999918e-02,-8.434788250000000431e-01,-8.839915259999999719e-01,1.814318525440000087e+02,2.024000000000000000e+03,1.100000000000000000e+01,2.400000000000000000e+01,1.500000000000000000e+01,4.800000000000000000e+01,1.983685499999999990e+01
4.000640618946999894e+01,-8.303771708310000577e+01,-2.534199999999999786e+00,-7.399999999999999634e-02,2.113757466958199882e-01,-7.477319907754000072e-02,-9.716686509719999268e-03,-8.495355629999999936e-01,-8.764025029999999994e-01,1.814652855960000011e+02,2.024000000000000000e+03,1.100000000000000000e+01,2.400000000000000000e+01,1.500000000000000000e+01,4.800000000000000000e+01,1.991188899999999862e+01
4.000640436385999976e+01,-8.303771715998000502e+01,-2.532799999999999940e+00,-7.889999999999999791e-02,-6.799557195963999712e-02,6.426094589379999916e-03,-1.164308785477600056e-01,-8.325671719999999665e-01,-8.620499179999999706e-01,1.815037609340000131e+02,2.024000000000000000e+03,1.100000000000000000e+01,2.400000000000000000e+01,1.500000000000000000e+01,4.800000000000000000e+01,1.998588499999999968e+01
4.000640390732999663e+01,-8.303771717927999418e+01,-2.534100000000000019e+00,-7.829999999999999460e-02,-7.850688694856000627e-02,8.196752023813999588e-02,-1.259635040040000056e-02,-8.294757219999999709e-01,-8.591516120000000090e-01,1.815133321810000098e+02,2.024000000000000000e+03,1.100000000000000000e+01,2.400000000000000000e+01,1.500000000000000000e+01,4.800000000000000000e+01,2.006057099999999949e+01
4.000640093356000193e+01,-8.303771730196000078e+01,-2.539299999999999891e+00,-8.039999999999999925e-02,2.317723966837000049e-01,-3.057995693223999889e-02,-1.225372674172600096e-01,-8.440386020000000267e-01,-8.703802950000000260e-01,1.815808642810000038e+02,2.024000000000000000e+03,1.100000000000000000e+01,2.400000000000000000e+01,1.500000000000000000e+01,4.800000000000000000e+01,2.013528700000000171e+01
4.000639979068999708e+01,-8.303771735681999644e+01,-2.532300000000000217e+00,-8.429999999999999993e-02,3.490419965591999574e-02,-2.327801480620199925e-01,1.051068995686200019e-01,-8.287632499999999514e-01,-8.680480229999999464e-01,1.816049702329999889e+02,2.024000000000000000e+03,1.100000000000000000e+01,2.400000000000000000e+01,1.500000000000000000e+01,4.800000000000000000e+01,2.020994400000000013e+01
4.000639773815999689e+01,-8.303771745525000370e+01,-2.528000000000000025e+00,-8.450000000000000566e-02,1.015858396967599941e-01,-4.965739910637999993e-02,1.558291326937000232e-01,-8.277119029999999711e-01,-8.396243349999999994e-01,1.816441634710000130e+02,2.024000000000000000e+03,1.100000000000000000e+01,2.400000000000000000e+01,1.500000000000000000e+01,4.800000000000000000e+01,2.028469199999999972e+01
4.000639614154999890e+01,-8.303771753396999600e+01,-2.532399999999999984e+00,-8.920000000000000151e-02,8.221507240924000315e-02,1.689764848035399947e-01,1.322311744842000029e-02,-8.235286760000000150e-01,-8.227648960000000233e-01,1.816753076340000064e+02,2.024000000000000000e+03,1.100000000000000000e+01,2.400000000000000000e+01,1.500000000000000000e+01,4.800000000000000000e+01,2.035887299999999911e+01
4.000639431570999704e+01,-8.303771762649999744e+01,-2.529799999999999827e+00,-8.469999999999999751e-02,-2.750005192935600085e-01,-1.160003572023200064e-01,-1.942594249988000010e-02,-7.981075069999999938e-01,-8.207149969999999461e-01,1.817183744190000141e+02,2.024000000000000000e+03,1.100000000000000000e+01,2.400000000000000000e+01,1.500000000000000000e+01,4.800000000000000000e+01,2.043366899999999831e+01
4.000639272038999650e+01,-8.303771769936000169e+01,-2.526499999999999968e+00,-7.749999999999999944e-02,-1.215037048355999960e-01,-7.468282496969999573e-02,-7.193557124325999919e-02,-8.164726770000000355e-01,-8.046476500000000476e-01,1.817560938500000134e+02,2.024000000000000000e+03,1.100000000000000000e+01,2.400000000000000000e+01,1.500000000000000000e+01,4.800000000000000000e+01,2.050815800000000166e+01
4.000639089754000111e+01,-8.303771778684000537e+01,-2.528999999999999915e+00,-8.899999999999999578e-02,2.342554752923000083e-01,1.031132107137200105e-01,8.662042590750000659e-02,-8.222029979999999627e-01,-7.904922599999999466e-01,1.817899492530000032e+02,2.024000000000000000e+03,1.100000000000000000e+01,2.400000000000000000e+01,1.500000000000000000e+01,4.800000000000000000e+01,2.058548299999999998e+01
4.000638907190000282e+01,-8.303771787565000295e+01,-2.531400000000000095e+00,-8.279999999999999860e-02,-2.153911160856000206e-01,-4.509721222207999786e-02,8.485826770965999855e-02,-8.305805109999999658e-01,-8.037829130000000433e-01,1.818222712680000086e+02,2.024000000000000000e+03,1.100000000000000000e+01,2.400000000000000000e+01,1.500000000000000000e+01,4.800000000000000000e+01,2.066243400000000108e+01
4.000638725089000047e+01,-8.303771796584000242e+01,-2.519000000000000128e+00,-9.299999999999999933e-02,3.687187341675000063e-01,-2.972611934946600143e-01,2.437458523800000159e-04,-8.492453020000000352e-01,-7.959558060000000435e-01,1.818583975859999953e+02,2.024000000000000000e+03,1.100000000000000000e+01,2.400000000000000000e+01,1.500000000000000000e+01,4.800000000000000000e+01,2.073661600000000149e+01
4.000638566064999679e+01,-8.303771805265000694e+01,-2.522699999999999942e+00,-1.001999999999999974e-01,8.092316789543999023e-02,1.841921659604000006e-01,1.376874229087200197e-01,-8.274331900000000406e-01,-7.764864369999999738e-01,1.818942262360000086e+02,2.024000000000000000e+03,1.100000000000000000e+01,2.400000000000000000e+01,1.500000000000000000e+01,4.800000000000000000e+01,2.081210300000000046e+01
4.000638383836999878e+01,-8.303771815161999825e+01,-2.530199999999999783e+00,-9.700000000000000289e-02,3.362247855451999667e-02,1.348113863009400004e-01,1.506085440360000090e-03,-8.203959739999999723e-01,-7.934740089999999801e-01,1.819332845250000048e+02,2.024000000000000000e+03,1.100000000000000000e+01,2.400000000000000000e+01,1.500000000000000000e+01,4.800000000000000000e+01,2.088657800000000009e+01
4.000638224272000087e+01,-8.303771823897000104e+01,-2.527000000000000135e+00,-1.037000000000000005e-01,3.510381738006400076e-01,-1.177627100344999928e-01,-1.643937959119999917e-02,-8.274092330000000217e-01,-8.202143779999999662e-01,1.819628156939999997e+02,2.024000000000000000e+03,1.100000000000000000e+01,2.400000000000000000e+01,1.500000000000000000e+01,4.800000000000000000e+01,2.095986699999999914e+01
4.000638133241000105e+01,-8.303771829164000451e+01,-2.523299999999999876e+00,-1.071000000000000008e-01,2.386251022644999831e-01,-1.489450375990200026e-01,1.701051940200000185e-03,-8.133758960000000426e-01,-8.296242579999999478e-01,1.819803317040000081e+02,2.024000000000000000e+03,1.100000000000000000e+01,2.400000000000000000e+01,1.500000000000000000e+01,4.800000000000000000e+01,2.103826499999999911e+01
4.000637928727999792e+01,-8.303771840279999594e+01,-2.517700000000000049e+00,-8.340000000000000191e-02,-8.683967572172199834e-01,-2.368770990257400011e-01,-9.368718325298000527e-02,-8.130083989999999927e-01,-8.317977810000000138e-01,1.820242764980000061e+02,2.024000000000000000e+03,1.100000000000000000e+01,2.400000000000000000e+01,1.500000000000000000e+01,4.800000000000000000e+01,2.111718600000000023e+01
4.000637724277999752e+01,-8.303771850729999926e+01,-2.518899999999999917e+00,-9.289999999999999647e-02,3.038895380123000090e-01,1.449256156380000077e-02,2.287477175539199825e-01,-8.615547860000000169e-01,-8.237097949999999669e-01,1.820744453959999873e+02,2.024000000000000000e+03,1.100000000000000000e+01,2.400000000000000000e+01,1.500000000000000000e+01,4.800000000000000000e+01,2.119231399999999965e+01
4.000637542463999807e+01,-8.303771861286000444e+01,-2.517700000000000049e+00,-9.850000000000000422e-02,-8.886312123916000061e-02,-5.178888374041999698e-02,3.654924323911399875e-01,-8.571355809999999797e-01,-8.216495639999999989e-01,1.821073808779999865e+02,2.024000000000000000e+03,1.100000000000000000e+01,2.400000000000000000e+01,1.500000000000000000e+01,4.800000000000000000e+01,2.126723199999999991e+01
4.000637360844999790e+01,-8.303771871643000679e+01,-2.515000000000000124e+00,-1.010999999999999954e-01,2.566090820847800047e-01,9.619522141040001001e-03,-7.025522596079999960e-02,-8.796575979999999850e-01,-8.219283710000000465e-01,1.821372020839999948e+02,2.024000000000000000e+03,1.100000000000000000e+01,2.400000000000000000e+01,1.500000000000000000e+01,4.800000000000000000e+01,2.134214000000000055e+01
4.000637179387999964e+01,-8.303771883164000656e+01,-2.513799999999999812e+00,-1.194999999999999951e-01,4.816762559730800586e-01,5.655667614371999441e-02,-3.193384690844799922e-01,-8.656322979999999667e-01,-8.345095980000000191e-01,1.821770200390000127e+02,2.024000000000000000e+03,1.100000000000000000e+01,2.400000000000000000e+01,1.500000000000000000e+01,4.800000000000000000e+01,2.141605900000000062e+01
4.000637020866999904e+01,-8.303771893636999835e+01,-2.509700000000000042e+00,-1.110000000000000014e-01,-3.185504303904200252e-01,1.256806400801999991e-02,-4.083069699624600202e-01,-8.433596089999999545e-01,-8.415368359999999548e-01,1.822084098830000016e+02,2.024000000000000000e+03,1.100000000000000000e+01,2.400000000000000000e+01,1.500000000000000000e+01,4.800000000000000000e+01,2.149227700000000141e+01
4.000636862502000213e+01,-8.303771903665999332e+01,-2.508000000000000007e+00,-1.125000000000000028e-01,2.087031161438799853e-01,7.223784783546000066e-02,-3.140046018309199938e-01,-8.577296570000000342e-01,-8.474063149999999656e-01,1.822338594820000139e+02,2.024000000000000000e+03,1.100000000000000000e+01,2.400000000000000000e+01,1.500000000000000000e+01,4.800000000000000000e+01,2.156587400000000088e+01
4.000636681579999987e+01,-8.303771915606000675e+01,-2.507200000000000095e+00,-1.171999999999999986e-01,1.859616635021999961e-02,5.134250935579999509e-02,-3.481294994738000081e-01,-8.295325169999999693e-01,-8.709848740000000200e-01,1.822664790810000000e+02,2.024000000000000000e+03,1.100000000000000000e+01,2.400000000000000000e+01,1.500000000000000000e+01,4.800000000000000000e+01,2.164015399999999900e+01
4.000636500912000315e+01,-8.303771926937000103e+01,-2.500700000000000145e+00,-1.029999999999999943e-01,-3.630840276999799943e-01,-1.589557032548200022e-01,-1.151545483806599990e-01,-8.301245010000000146e-01,-8.924520870000000050e-01,1.823010628179999912e+02,2.024000000000000000e+03,1.100000000000000000e+01,2.400000000000000000e+01,1.500000000000000000e+01,4.800000000000000000e+01,2.171600199999999958e+01
4.000636343106000226e+01,-8.303771936530000630e+01,-2.499299999999999855e+00,-1.100000000000000006e-01,3.026425558574000196e-01,2.716339202294000207e-02,-1.391140535472000159e-02,-8.582878830000000292e-01,-8.978208789999999606e-01,1.823273699490000013e+02,2.024000000000000000e+03,1.100000000000000000e+01,2.400000000000000000e+01,1.500000000000000000e+01,4.800000000000000000e+01,2.179124699999999848e+01
4.000636162973999888e+01,-8.303771948006999537e+01,-2.492300000000000182e+00,-1.121000000000000052e-01,-2.057606116956000111e-02,-2.495050502502800249e-01,-1.053223100636000061e-02,-8.600752010000000114e-01,-9.139446500000000251e-01,1.823554781020000064e+02,2.024000000000000000e+03,1.100000000000000000e+01,2.400000000000000000e+01,1.500000000000000000e+01,4.800000000000000000e+01,2.186593600000000137e+01
4.000636005929000305e+01,-8.303771958061000191e+01,-2.483600000000000030e+00,-1.121000000000000052e-01,4.317470126920000019e-03,-2.175101718850800114e-01,-4.000512403857999638e-02,-8.665244779999999869e-01,-9.050438339999999915e-01,1.823794288759999915e+02,2.024000000000000000e+03,1.100000000000000000e+01,2.400000000000000000e+01,1.500000000000000000e+01,4.800000000000000000e+01,2.194028799999999890e+01
4.000635871552999845e+01,-8.303771966863999410e+01,-2.483200000000000074e+00,-1.181999999999999995e-01,2.304184294327799865e-01,3.457788503353999982e-02,-2.145946247034999921e-01,-8.703305150000000268e-01,-8.890665330000000477e-01,1.824048956999999973e+02,2.024000000000000000e+03,1.100000000000000000e+01,2.400000000000000000e+01,1.500000000000000000e+01,4.800000000000000000e+01,2.201446899999999829e+01
4.000635759554999993e+01,-8.303771974350999585e+01,-2.483999999999999986e+00,-1.212000000000000022e-01,2.889397246976599942e-01,4.268272747659999922e-02,-7.049570891609999168e-02,-8.672516030000000375e-01,-8.805010380000000136e-01,1.824270109750000017e+02,2.024000000000000000e+03,1.100000000000000000e+01,2.400000000000000000e+01,1.500000000000000000e+01,4.800000000000000000e+01,2.208862099999999984e+01
4.000635513809000088e+01,-8.303771990456000651e+01,-2.471099999999999852e+00,-1.126000000000000056e-01,-1.779152655998799959e-01,-2.448178354648599953e-01,3.825912862129799974e-01,-8.739760720000000482e-01,-8.707079340000000167e-01,1.824713614190000044e+02,2.024000000000000000e+03,1.100000000000000000e+01,2.400000000000000000e+01,1.500000000000000000e+01,4.800000000000000000e+01,2.216365199999999902e+01
4.000635357963999894e+01,-8.303772000476000414e+01,-2.472100000000000186e+00,-1.199000000000000066e-01,-1.480310498337600034e-01,1.734184435030400040e-01,2.603577171716600080e-01,-8.766865590000000319e-01,-8.543589609999999723e-01,1.824973068609999984e+02,2.024000000000000000e+03,1.100000000000000000e+01,2.400000000000000000e+01,1.500000000000000000e+01,4.800000000000000000e+01,2.223987999999999943e+01
4.000635157807000297e+01,-8.303772013807000008e+01,-2.466499999999999915e+00,-1.223999999999999949e-01,1.257296578696200096e-01,-6.764014673557999791e-02,2.652280998498799947e-01,-8.658480440000000389e-01,-8.356788130000000203e-01,1.825231809830000032e+02,2.024000000000000000e+03,1.100000000000000000e+01,2.400000000000000000e+01,1.500000000000000000e+01,4.800000000000000000e+01,2.231770699999999863e+01
4.000634980086999803e+01,-8.303772025377999455e+01,-2.462200000000000166e+00,-1.179999999999999938e-01,-1.789914650328399970e-01,-1.609202302223800007e-01,1.138140057937799959e-01,-8.809331830000000085e-01,-8.268737510000000457e-01,1.825559703460000094e+02,2.024000000000000000e+03,1.100000000000000000e+01,2.400000000000000000e+01,1.500000000000000000e+01,4.800000000000000000e+01,2.239657899999999913e+01
4.000634824875999840e+01,-8.303772035704000132e+01,-2.457800000000000207e+00,-1.243999999999999967e-01,1.521741190988799841e-01,-1.669447730838000132e-01,2.553007911486999681e-01,-8.746631259999999575e-01,-8.208046730000000402e-01,1.825884319090000076e+02,2.024000000000000000e+03,1.100000000000000000e+01,2.400000000000000000e+01,1.500000000000000000e+01,4.800000000000000000e+01,2.247223800000000082e+01
4.000634647836999847e+01,-8.303772047895000696e+01,-2.452100000000000168e+00,-1.303999999999999881e-01,2.765188484212999787e-01,-1.606529663751199988e-01,2.299564020726000205e-02,-8.788041149999999968e-01,-8.153711240000000027e-01,1.826169866060000118e+02,2.024000000000000000e+03,1.100000000000000000e+01,2.400000000000000000e+01,1.500000000000000000e+01,4.800000000000000000e+01,2.254627800000000093e+01
4.000634493297999938e+01,-8.303772059045999754e+01,-2.446600000000000108e+00,-1.343999999999999917e-01,2.070476547449999830e-02,-1.699833400294999963e-01,-7.602051262631999429e-02,-8.601414179999999909e-01,-8.085989860000000196e-01,1.826405300069999953e+02,2.024000000000000000e+03,1.100000000000000000e+01,2.400000000000000000e+01,1.500000000000000000e+01,4.800000000000000000e+01,2.262153700000000001e+01
4.000634317216999847e+01,-8.303772072428000683e+01,-2.438600000000000101e+00,-1.418999999999999984e-01,1.498321298194399964e-01,-1.750053063912200002e-01,-1.586822603214199934e-01,-8.283961060000000209e-01,-7.891316069999999572e-01,1.826741802109999924e+02,2.024000000000000000e+03,1.100000000000000000e+01,2.400000000000000000e+01,1.500000000000000000e+01,4.800000000000000000e+01,2.269617099999999965e+01
4.000634163221999984e+01,-8.303772083908999946e+01,-2.443299999999999805e+00,-1.325999999999999956e-01,-2.968302534233600021e-01,1.265246924847400201e-01,-1.413301147849800043e-01,-8.125102939999999663e-01,-7.771668560000000170e-01,1.827078153040000075e+02,2.024000000000000000e+03,1.100000000000000000e+01,2.400000000000000000e+01,1.500000000000000000e+01,4.800000000000000000e+01,2.277112400000000036e+01
4.000633987151999804e+01,-8.303772096401000624e+01,-2.439999999999999947e+00,-1.277999999999999969e-01,-2.716678789709999972e-02,-1.465982961734599854e-01,-6.625711789166000010e-02,-8.119537669999999929e-01,-7.855703450000000032e-01,1.827491576600000087e+02,2.024000000000000000e+03,1.100000000000000000e+01,2.400000000000000000e+01,1.500000000000000000e+01,4.800000000000000000e+01,2.284574299999999880e+01
4.000633833522000060e+01,-8.303772107016999371e+01,-2.432599999999999874e+00,-1.252000000000000057e-01,-8.981893744631999632e-02,-1.512480425712399990e-01,-9.563426341377999351e-02,-8.129505500000000495e-01,-7.753392829999999902e-01,1.827768524249999871e+02,2.024000000000000000e+03,1.100000000000000000e+01,2.400000000000000000e+01,1.500000000000000000e+01,4.800000000000000000e+01,2.291955400000000154e+01
4.000633658163999939e+01,-8.303772119282000119e+01,-2.432300000000000129e+00,-1.303999999999999881e-01,1.738969703613000017e-01,-1.508901041886000043e-02,1.905783844733199839e-01,-8.156214269999999544e-01,-7.672636689999999815e-01,1.828086110769999948e+02,2.024000000000000000e+03,1.100000000000000000e+01,2.400000000000000000e+01,1.500000000000000000e+01,4.800000000000000000e+01,2.299504400000000004e+01
4.000633592436999919e+01,-8.303772123970000507e+01,-2.430899999999999839e+00,-1.315999999999999948e-01,1.327760619669199893e-01,-7.361770661720000442e-02,1.039159685614600009e-01,-8.194221179999999771e-01,-7.676597760000000159e-01,1.828213542150000137e+02,2.024000000000000000e+03,1.100000000000000000e+01,2.400000000000000000e+01,1.500000000000000000e+01,4.800000000000000000e+01,2.307076700000000002e+01
4.000633330187000070e+01,-8.303772143825000285e+01,-2.421100000000000030e+00,-1.486000000000000099e-01,3.585393397783400160e-01,-1.129833001097999973e-01,-1.237274585705999859e-02,-8.109412129999999941e-01,-7.616902989999999596e-01,1.828727436730000022e+02,2.024000000000000000e+03,1.100000000000000000e+01,2.400000000000000000e+01,1.500000000000000000e+01,4.800000000000000000e+01,2.314573800000000148e+01
4.000633264774000253e+01,-8.303772148928000263e+01,-2.421899999999999942e+00,-1.469000000000000028e-01,-2.025187262080000231e-02,2.769467489130000154e-02,1.010762865879999972e-01,-7.976172289999999832e-01,-7.604581700000000444e-01,1.828853474969999979e+02,2.024000000000000000e+03,1.100000000000000000e+01,2.400000000000000000e+01,1.500000000000000000e+01,4.800000000000000000e+01,2.322248799999999846e+01
4.000633003123999742e+01,-8.303772168794000663e+01,-2.419399999999999995e+00,-1.433000000000000107e-01,1.986311108795000002e-01,-1.397819192557600010e-01,8.107310621221999747e-02,-7.856438430000000084e-01,-7.857489869999999543e-01,1.829380417570000077e+02,2.024000000000000000e+03,1.100000000000000000e+01,2.400000000000000000e+01,1.500000000000000000e+01,4.800000000000000000e+01,2.329825699999999955e+01
4.000632829239999921e+01,-8.303772181879000414e+01,-2.409100000000000019e+00,-1.386000000000000010e-01,-6.960831200071999902e-02,-2.578908706475399604e-01,-5.530460293820000511e-03,-7.779752739999999944e-01,-7.955570410000000203e-01,1.829722025540000061e+02,2.024000000000000000e+03,1.100000000000000000e+01,2.400000000000000000e+01,1.500000000000000000e+01,4.800000000000000000e+01,2.337326499999999996e+01
4.000632677581999985e+01,-8.303772193192000373e+01,-2.405199999999999783e+00,-1.386000000000000010e-01,2.806477565699999621e-02,-3.479880759087999875e-02,8.455175697505999677e-02,-7.775690520000000383e-01,-7.890297910000000359e-01,1.830017040060000113e+02,2.024000000000000000e+03,1.100000000000000000e+01,2.400000000000000000e+01,1.500000000000000000e+01,4.800000000000000000e+01,2.344820400000000049e+01
4.000632526022000235e+01,-8.303772204372999965e+01,-2.404300000000000104e+00,-1.363999999999999935e-01,-7.599150196729999307e-02,-4.658129349543999737e-02,-2.204896310132000228e-02,-7.867541799999999697e-01,-7.968196870000000542e-01,1.830298870489999956e+02,2.024000000000000000e+03,1.100000000000000000e+01,2.400000000000000000e+01,1.500000000000000000e+01,4.800000000000000000e+01,2.352325499999999892e+01
4.000632352939000214e+01,-8.303772217000999945e+01,-2.400700000000000056e+00,-1.386999999999999900e-01,1.856232823923399944e-01,-1.215544546309799967e-01,-1.229377848731599970e-01,-7.929926640000000138e-01,-8.136729050000000019e-01,1.830543906590000063e+02,2.024000000000000000e+03,1.100000000000000000e+01,2.400000000000000000e+01,1.500000000000000000e+01,4.800000000000000000e+01,2.359835599999999900e+01
4.000632180355999878e+01,-8.303772230034999779e+01,-2.391999999999999904e+00,-1.414999999999999869e-01,4.996070997875999564e-02,-2.108929651884799972e-01,-1.160397763414000062e-02,-7.846731230000000279e-01,-8.234587169999999512e-01,1.830664498630000026e+02,2.024000000000000000e+03,1.100000000000000000e+01,2.400000000000000000e+01,1.500000000000000000e+01,4.800000000000000000e+01,2.367349600000000009e+01
4.000632029797999678e+01,-8.303772241612000471e+01,-2.386899999999999800e+00,-1.426000000000000045e-01,7.592020020240000319e-03,-1.094666151819000122e-01,-1.984984048503999829e-02,-7.720175639999999895e-01,-8.217880739999999795e-01,1.830709500570000046e+02,2.024000000000000000e+03,1.100000000000000000e+01,2.400000000000000000e+01,1.500000000000000000e+01,4.800000000000000000e+01,2.374777999999999878e+01
4.000631858012999942e+01,-8.303772255283999471e+01,-2.382000000000000117e+00,-1.476999999999999980e-01,2.020981257002799902e-01,-1.545652120770599769e-01,3.688175575469999912e-02,-7.604490790000000278e-01,-8.273787000000000225e-01,1.830820519080000111e+02,2.024000000000000000e+03,1.100000000000000000e+01,2.400000000000000000e+01,1.500000000000000000e+01,4.800000000000000000e+01,2.382344700000000159e+01
4.000631708157000332e+01,-8.303772266896000076e+01,-2.373299999999999965e+00,-1.375000000000000111e-01,-3.884680449073600328e-01,-2.683604582225599944e-01,-1.336640415108399926e-01,-7.547556920000000336e-01,-8.223795739999999466e-01,1.830931228549999901e+02,2.024000000000000000e+03,1.100000000000000000e+01,2.400000000000000000e+01,1.500000000000000000e+01,4.800000000000000000e+01,2.389741199999999921e+01
4.000631558823999967e+01,-8.303772278290999509e+01,-2.366200000000000081e+00,-1.408000000000000085e-01,1.254373127697999968e-01,-1.812549755803599949e-01,1.121786907952399964e-01,-7.527568260000000455e-01,-8.028783900000000529e-01,1.831016874480000070e+02,2.024000000000000000e+03,1.100000000000000000e+01,2.400000000000000000e+01,1.500000000000000000e+01,4.800000000000000000e+01,2.397247399999999828e+01
4.000631494919999653e+01,-8.303772283092999373e+01,-2.365099999999999980e+00,-1.361999999999999877e-01,-1.799173804968400014e-01,-1.012986633038199941e-01,-9.651509496363999685e-02,-7.501182939999999633e-01,-7.948683650000000211e-01,1.831054935150000063e+02,2.024000000000000000e+03,1.100000000000000000e+01,2.400000000000000000e+01,1.500000000000000000e+01,4.800000000000000000e+01,2.404980300000000071e+01
4.000631281895999791e+01,-8.303772299297999382e+01,-2.367300000000000182e+00,-1.411000000000000032e-01,6.119737716094000163e-02,7.459683942079999019e-02,3.614889216165999980e-02,-7.446827080000000265e-01,-7.853267929999999675e-01,1.831186270480000076e+02,2.024000000000000000e+03,1.100000000000000000e+01,2.400000000000000000e+01,1.500000000000000000e+01,4.800000000000000000e+01,2.412525499999999923e+01
4.000631090428999670e+01,-8.303772315061999620e+01,-2.359799999999999898e+00,-1.497999999999999887e-01,1.890250374816200007e-01,-2.027765801177200122e-01,5.416634352199999666e-04,-7.305291529999999867e-01,-7.968738749999999538e-01,1.831337193980000109e+02,2.024000000000000000e+03,1.100000000000000000e+01,2.400000000000000000e+01,1.500000000000000000e+01,4.800000000000000000e+01,2.420039500000000032e+01
4.000630899611999780e+01,-8.303772331014999963e+01,-2.352799999999999780e+00,-1.471999999999999975e-01,4.687989900445999752e-02,-1.638852111347199880e-01,-2.146764324599999968e-02,-7.157523110000000299e-01,-7.940968330000000019e-01,1.831506885610000097e+02,2.024000000000000000e+03,1.100000000000000000e+01,2.400000000000000000e+01,1.500000000000000000e+01,4.800000000000000000e+01,2.427552999999999983e+01
4.000630751628000326e+01,-8.303772343161000435e+01,-2.346400000000000041e+00,-1.419999999999999873e-01,-1.194334036706199975e-01,-1.765346194406799962e-01,-6.448582122835999630e-02,-7.120468629999999743e-01,-7.850327419999999501e-01,1.831593542909999996e+02,2.024000000000000000e+03,1.100000000000000000e+01,2.400000000000000000e+01,1.500000000000000000e+01,4.800000000000000000e+01,2.435037000000000162e+01
4.000630582817999681e+01,-8.303772356496999407e+01,-2.343900000000000095e+00,-1.365999999999999992e-01,-1.156878815315000031e-01,-5.190867647528000367e-02,4.407692120699999855e-02,-7.103573210000000415e-01,-7.728577979999999847e-01,1.831688354979999929e+02,2.024000000000000000e+03,1.100000000000000000e+01,2.400000000000000000e+01,1.500000000000000000e+01,4.800000000000000000e+01,2.442539700000000025e+01
4.000630435344999825e+01,-8.303772368059000542e+01,-2.338799999999999990e+00,-1.373000000000000054e-01,8.663533094958000835e-02,-1.679212216763600052e-01,1.101551091906999846e-01,-7.117072970000000165e-01,-7.677345230000000020e-01,1.831798604580000074e+02,2.024000000000000000e+03,1.100000000000000000e+01,2.400000000000000000e+01,1.500000000000000000e+01,4.800000000000000000e+01,2.450105200000000139e+01
4.000630267145000118e+01,-8.303772381160999316e+01,-2.334600000000000009e+00,-1.361999999999999877e-01,-7.245521046321999614e-02,-1.005090184977600054e-01,-9.428889964963999004e-02,-7.201753480000000485e-01,-7.577519339999999604e-01,1.831896686739999893e+02,2.024000000000000000e+03,1.100000000000000000e+01,2.400000000000000000e+01,1.500000000000000000e+01,4.800000000000000000e+01,2.457606499999999983e+01
4.000630120081000030e+01,-8.303772392950000381e+01,-2.334299999999999820e+00,-1.403999999999999970e-01,2.847848044782000029e-02,-4.343254068309999882e-02,8.337993912543999186e-02,-7.207631519999999625e-01,-7.579116479999999934e-01,1.831967415629999891e+02,2.024000000000000000e+03,1.100000000000000000e+01,2.400000000000000000e+01,1.500000000000000000e+01,4.800000000000000000e+01,2.465077900000000000e+01
4.000629952336999651e+01,-8.303772406166000053e+01,-2.324899999999999967e+00,-1.353999999999999926e-01,-1.374499930120199886e-01,-3.011537600102399681e-01,-2.765158374722000156e-02,-7.381345929999999500e-01,-7.599716819999999817e-01,1.832044440729999906e+02,2.024000000000000000e+03,1.100000000000000000e+01,2.400000000000000000e+01,1.500000000000000000e+01,4.800000000000000000e+01,2.472669499999999942e+01
4.000629806229999730e+01,-8.303772418088999530e+01,-2.315100000000000158e+00,-1.454000000000000015e-01,2.242432385531600014e-01,-2.297543818155199924e-01,8.963104762880000353e-02,-7.328970179999999557e-01,-7.395454630000000140e-01,1.832092637640000135e+02,2.024000000000000000e+03,1.100000000000000000e+01,2.400000000000000000e+01,1.500000000000000000e+01,4.800000000000000000e+01,2.480267800000000022e+01
4.000629639608000332e+01,-8.303772432011000149e+01,-2.314900000000000180e+00,-1.454000000000000015e-01,1.603353316560000158e-02,2.738816939055999794e-02,1.299633463953999979e-01,-7.201582370000000344e-01,-7.148748179999999675e-01,1.832176586420000035e+02,2.024000000000000000e+03,1.100000000000000000e+01,2.400000000000000000e+01,1.500000000000000000e+01,4.800000000000000000e+01,2.487809100000000129e+01
4.000629493827999994e+01,-8.303772444375999839e+01,-2.313200000000000145e+00,-1.499000000000000055e-01,1.241801125163799896e-01,-5.776964823602000199e-02,2.406136010184399820e-01,-7.077072300000000205e-01,-7.161727409999999461e-01,1.832276101639999979e+02,2.024000000000000000e+03,1.100000000000000000e+01,2.400000000000000000e+01,1.500000000000000000e+01,4.800000000000000000e+01,2.495347999999999900e+01
4.000629389830000093e+01,-8.303772453329000314e+01,-2.309499999999999886e+00,-1.468000000000000138e-01,-2.293180824423399766e-01,-1.658584933328799971e-01,7.729284906635999763e-02,-6.943314550000000418e-01,-7.232595349999999534e-01,1.832369282390000080e+02,2.024000000000000000e+03,1.100000000000000000e+01,2.400000000000000000e+01,1.500000000000000000e+01,4.800000000000000000e+01,2.502829200000000043e+01
4.000629203111000010e+01,-8.303772468837999554e+01,-2.302000000000000046e+00,-1.408999999999999975e-01,-9.049875517032000827e-02,-1.447640938675600064e-01,5.361153456660000538e-02,-6.943004339999999663e-01,-7.253809159999999867e-01,1.832490861059999929e+02,2.024000000000000000e+03,1.100000000000000000e+01,2.400000000000000000e+01,1.500000000000000000e+01,4.800000000000000000e+01,2.510437200000000146e+01
4.000629017172000346e+01,-8.303772483701000340e+01,-2.293400000000000105e+00,-1.363999999999999935e-01,-3.884254827260000265e-03,-2.184728438017200236e-01,-1.081763430970399953e-01,-7.015842159999999827e-01,-7.263629050000000031e-01,1.832539945320000072e+02,2.024000000000000000e+03,1.100000000000000000e+01,2.400000000000000000e+01,1.500000000000000000e+01,4.800000000000000000e+01,2.518098499999999973e+01
4.000628852484999953e+01,-8.303772496086999411e+01,-2.288499999999999979e+00,-1.242999999999999938e-01,-2.933341740247800145e-01,-1.136891341240800074e-01,-1.812147264999799945e-01,-7.312153599999999809e-01,-7.186753599999999853e-01,1.832574296530000026e+02,2.024000000000000000e+03,1.100000000000000000e+01,2.400000000000000000e+01,1.500000000000000000e+01,4.800000000000000000e+01,2.525785899999999984e+01
4.000628688111999764e+01,-8.303772508037999955e+01,-2.283300000000000107e+00,-1.255999999999999894e-01,4.258426477959999755e-03,-6.906766327060000210e-02,-6.053199105670000607e-02,-7.753082420000000363e-01,-7.127831829999999869e-01,1.832635598319999986e+02,2.024000000000000000e+03,1.100000000000000000e+01,2.400000000000000000e+01,1.500000000000000000e+01,4.800000000000000000e+01,2.533383699999999905e+01
4.000628565214000076e+01,-8.303772517235999828e+01,-2.274300000000000210e+00,-1.313000000000000000e-01,2.123199275054000190e-01,-3.265336984282199984e-01,4.133932088732000104e-02,-7.946130750000000020e-01,-7.022274379999999816e-01,1.832680673119999994e+02,2.024000000000000000e+03,1.100000000000000000e+01,2.400000000000000000e+01,1.500000000000000000e+01,4.800000000000000000e+01,2.540925400000000067e+01
4.000628381796000355e+01,-8.303772531830999526e+01,-2.262900000000000134e+00,-1.409999999999999865e-01,2.979102174457199936e-01,-1.970704450830400023e-01,3.083180997280600133e-01,-7.990195610000000448e-01,-6.641284760000000231e-01,1.832728128999999910e+02,2.024000000000000000e+03,1.100000000000000000e+01,2.400000000000000000e+01,1.500000000000000000e+01,4.800000000000000000e+01,2.548427200000000070e+01
4.000628239396999675e+01,-8.303772543981000354e+01,-2.262799999999999923e+00,-1.504000000000000059e-01,2.748224092064999735e-01,-1.545370839947999946e-02,1.100863230801400056e-01,-7.843972609999999568e-01,-6.484254959999999901e-01,1.832758317630000136e+02,2.024000000000000000e+03,1.100000000000000000e+01,2.400000000000000000e+01,1.500000000000000000e+01,4.800000000000000000e+01,2.555936799999999920e+01
4.000628076752000339e+01,-8.303772558170000195e+01,-2.258000000000000007e+00,-1.464000000000000024e-01,-1.847443493028000094e-01,-2.347292293924599926e-01,-7.220146058097999531e-02,-7.703836189999999640e-01,-6.527177130000000327e-01,1.832786183679999965e+02,2.024000000000000000e+03,1.100000000000000000e+01,2.400000000000000000e+01,1.500000000000000000e+01,4.800000000000000000e+01,2.563546300000000144e+01
4.000627935023999981e+01,-8.303772570153999766e+01,-2.246799999999999908e+00,-1.400000000000000133e-01,-2.576312686025599707e-01,-3.331595702846200102e-01,-3.394339589090000081e-02,-7.653996309999999692e-01,-6.448743890000000478e-01,1.832821383689999948e+02,2.024000000000000000e+03,1.100000000000000000e+01,2.400000000000000000e+01,1.500000000000000000e+01,4.800000000000000000e+01,2.571079399999999993e+01
4.000627773680999866e+01,-8.303772583024999676e+01,-2.240699999999999914e+00,-1.292999999999999983e-01,-2.461691781531400169e-01,-1.367557183558399947e-01,3.356865353506000016e-02,-7.738633839999999875e-01,-6.222535649999999530e-01,1.832873899409999865e+02,2.024000000000000000e+03,1.100000000000000000e+01,2.400000000000000000e+01,1.500000000000000000e+01,4.800000000000000000e+01,2.578757900000000092e+01
4.000627612675999956e+01,-8.303772595044000582e+01,-2.235799999999999788e+00,-1.237000000000000044e-01,-1.268831960340799925e-01,-1.586232995633599929e-01,6.654962489766000355e-02,-8.073904309999999640e-01,-6.111512780000000200e-01,1.832929730289999952e+02,2.024000000000000000e+03,1.100000000000000000e+01,2.400000000000000000e+01,1.500000000000000000e+01,4.800000000000000000e+01,2.586403999999999925e+01
4.000627452385000282e+01,-8.303772607774999415e+01,-2.220899999999999874e+00,-1.421999999999999931e-01,4.724144457363800287e-01,-3.849759556340000000e-01,7.255923891554000305e-02,-8.113509880000000507e-01,-6.001011560000000244e-01,1.832981790899999908e+02,2.024000000000000000e+03,1.100000000000000000e+01,2.400000000000000000e+01,1.500000000000000000e+01,4.800000000000000000e+01,2.594291799999999881e+01
4.000627352818000304e+01,-8.303772616176000554e+01,-2.209099999999999842e+00,-1.433999999999999997e-01,1.872192005658399883e-01,-4.617298751166599713e-01,1.329235947660800110e-01,-8.013098779999999755e-01,-5.830877930000000209e-01,1.833006735950000063e+02,2.024000000000000000e+03,1.100000000000000000e+01,2.400000000000000000e+01,1.500000000000000000e+01,4.800000000000000000e+01,2.601831200000000166e+01
4.000627214117999841e+01,-8.303772627882000279e+01,-2.198900000000000077e+00,-1.403000000000000080e-01,-2.077392361576000171e-02,-2.643853696278600229e-01,1.163040756173000095e-01,-8.082079410000000408e-01,-5.545241290000000323e-01,1.833029302829999949e+02,2.024000000000000000e+03,1.100000000000000000e+01,2.400000000000000000e+01,1.500000000000000000e+01,4.800000000000000000e+01,2.609383800000000164e+01
4.000627017277000164e+01,-8.303772644477000142e+01,-2.178999999999999826e+00,-1.381000000000000005e-01,-1.315456824217400011e-01,-5.108544104712400280e-01,-1.095223638955000051e-01,-8.025928180000000411e-01,-5.446702199999999827e-01,1.833071874100000116e+02,2.024000000000000000e+03,1.100000000000000000e+01,2.400000000000000000e+01,1.500000000000000000e+01,4.800000000000000000e+01,2.616956100000000163e+01
4.000626861751999996e+01,-8.303772656693000442e+01,-2.149999999999999911e+00,-1.234999999999999987e-01,-2.648723168973999842e-01,-7.256557600973599920e-01,-5.292160129260000019e-03,-8.074309269999999650e-01,-5.237964600000000193e-01,1.833148172749999958e+02,2.024000000000000000e+03,1.100000000000000000e+01,2.400000000000000000e+01,1.500000000000000000e+01,4.800000000000000000e+01,2.624478500000000025e+01
4.000626727352000245e+01,-8.303772666886000309e+01,-2.126300000000000079e+00,-1.236000000000000015e-01,2.419514694706000058e-02,-6.143541695557800386e-01,1.123053022669999977e-02,-8.286806740000000060e-01,-4.809924039999999845e-01,1.833199784900000111e+02,2.024000000000000000e+03,1.100000000000000000e+01,2.400000000000000000e+01,1.500000000000000000e+01,4.800000000000000000e+01,2.631979000000000113e+01
4.000626575017999897e+01,-8.303772678666000218e+01,-2.114100000000000090e+00,-1.250999999999999890e-01,2.371108599020000079e-03,-2.329227860338999867e-01,7.542950777543999674e-02,-8.439059500000000158e-01,-4.387922980000000250e-01,1.833270004739999877e+02,2.024000000000000000e+03,1.100000000000000000e+01,2.400000000000000000e+01,1.500000000000000000e+01,4.800000000000000000e+01,2.639547699999999963e+01
4.000626442571999775e+01,-8.303772688921000622e+01,-2.097900000000000098e+00,-1.252000000000000057e-01,1.330579983963399993e-01,-4.950405294577999715e-01,-7.101261435694000701e-02,-8.680870429999999471e-01,-4.221404329999999816e-01,1.833357877489999908e+02,2.024000000000000000e+03,1.100000000000000000e+01,2.400000000000000000e+01,1.500000000000000000e+01,4.800000000000000000e+01,2.647080700000000064e+01
4.000626292882999735e+01,-8.303772701001000200e+01,-2.066899999999999959e+00,-1.323999999999999899e-01,2.173856296827799683e-01,-7.994356327439601229e-01,-6.830972730593999620e-02,-8.720501029999999654e-01,-3.868894449999999985e-01,1.833437922079999964e+02,2.024000000000000000e+03,1.100000000000000000e+01,2.400000000000000000e+01,1.500000000000000000e+01,4.800000000000000000e+01,2.654697300000000126e+01
4.000626163652000145e+01,-8.303772712034999870e+01,-2.043699999999999850e+00,-1.365000000000000102e-01,1.986718876868400208e-01,-6.123232929398599866e-01,2.237863165623600048e-01,-8.570185120000000101e-01,-3.294864200000000021e-01,1.833508380400000135e+02,2.024000000000000000e+03,1.100000000000000000e+01,2.400000000000000000e+01,1.500000000000000000e+01,4.800000000000000000e+01,2.662309300000000079e+01
4.000626017130999657e+01,-8.303772725173999447e+01,-2.034299999999999997e+00,-1.414999999999999869e-01,4.590205883620000066e-02,-1.544568109006800027e-01,2.057965419881599978e-01,-8.276597890000000346e-01,-2.802213259999999928e-01,1.833617528540000023e+02,2.024000000000000000e+03,1.100000000000000000e+01,2.400000000000000000e+01,1.500000000000000000e+01,4.800000000000000000e+01,2.669807399999999831e+01
4.000625889311000094e+01,-8.303772736873999349e+01,-2.028599999999999959e+00,-1.428000000000000103e-01,9.244850366303999922e-02,-2.228153783899599893e-01,1.253910863224000014e-02,-8.034333719999999790e-01,-2.681232390000000132e-01,1.833714067639999996e+02,2.024000000000000000e+03,1.100000000000000000e+01,2.400000000000000000e+01,1.500000000000000000e+01,4.800000000000000000e+01,2.677389900000000011e+01
4.000625744058999800e+01,-8.303772749694999789e+01,-2.011099999999999888e+00,-1.315000000000000058e-01,-2.638479626240800013e-01,-5.272692307255000266e-01,-1.700116015149600035e-01,-7.929777239999999949e-01,-2.550000880000000136e-01,1.833833981930000050e+02,2.024000000000000000e+03,1.100000000000000000e+01,2.400000000000000000e+01,1.500000000000000000e+01,4.800000000000000000e+01,2.684917400000000143e+01
4.000625600205000154e+01,-8.303772761726000340e+01,-1.991900000000000004e+00,-1.233999999999999958e-01,-1.706040152703399981e-01,-4.580256324183400451e-01,5.448406835839999900e-03,-7.927099990000000540e-01,-2.150012410000000096e-01,1.833938122819999990e+02,2.024000000000000000e+03,1.100000000000000000e+01,2.400000000000000000e+01,1.500000000000000000e+01,4.800000000000000000e+01,2.692489199999999983e+01
4.000625475150999932e+01,-8.303772771559999910e+01,-1.983600000000000030e+00,-1.165000000000000063e-01,-1.442183287186200036e-01,-2.531564465537199937e-01,-2.517880138804000009e-02,-8.092355989999999721e-01,-1.774697819999999926e-01,1.834031631899999866e+02,2.024000000000000000e+03,1.100000000000000000e+01,2.400000000000000000e+01,1.500000000000000000e+01,4.800000000000000000e+01,2.700187199999999876e+01
4.000625403933000257e+01,-8.303772776936000355e+01,-1.978699999999999903e+00,-1.120000000000000023e-01,-2.209879132195999851e-01,-2.468872484847999815e-01,-1.179927978050000076e-02,-8.249351219999999651e-01,-1.636339139999999914e-01,1.834101639159999877e+02,2.024000000000000000e+03,1.100000000000000000e+01,2.400000000000000000e+01,1.500000000000000000e+01,4.800000000000000000e+01,2.707991799999999927e+01
