4.000656756365999911e+01,-8.303759899442999881e+01,0.000000000000000000e+00,-6.999999999999999929e-04,-2.021405761212000107e-02,-1.797110788691999930e-02,1.989219537338000193e-02,8.452373939999999752e-01,-5.030920890000000201e-01,9.515056095399999947e+01,2.024000000000000000e+03,1.100000000000000000e+01,1.400000000000000000e+01,1.400000000000000000e+01,1.200000000000000000e+01,5.730107000000000284e+01
4.000656756365999911e+01,-8.303759899450000148e+01,1.000000000000000048e-04,-8.000000000000000383e-04,-1.890141602716000069e-02,-1.612735046993999874e-02,1.451866712761999863e-02,8.452274760000000331e-01,-5.032537860000000363e-01,9.515064758399999789e+01,2.024000000000000000e+03,1.100000000000000000e+01,1.400000000000000000e+01,1.400000000000000000e+01,1.200000000000000000e+01,5.735469799999999907e+01
4.000656756365999911e+01,-8.303759899454999527e+01,2.000000000000000096e-04,-6.999999999999999929e-04,-1.456094316545999967e-02,-1.016625788268000000e-02,8.867710214780000211e-03,8.452663540000000530e-01,-5.033120189999999994e-01,9.515065895200000057e+01,2.024000000000000000e+03,1.100000000000000000e+01,1.400000000000000000e+01,1.400000000000000000e+01,1.200000000000000000e+01,5.740850700000000018e+01
4.000656756373999912e+01,-8.303759899492000329e+01,4.000000000000000192e-04,-8.000000000000000383e-04,-5.610337449000000337e-03,7.236290216200000000e-04,-5.510630078520000266e-03,8.449981330000000401e-01,-5.024228600000000267e-01,9.515095620900000029e+01,2.024000000000000000e+03,1.100000000000000000e+01,1.400000000000000000e+01,1.400000000000000000e+01,1.200000000000000000e+01,5.746194400000000257e+01
4.000656756389000179e+01,-8.303759899514000153e+01,4.000000000000000192e-04,-2.999999999999999737e-04,-3.932422935599999905e-03,1.348910370949999923e-02,-8.835873159400001176e-03,8.449917590000000089e-01,-5.016292150000000172e-01,9.515114805199999637e+01,2.024000000000000000e+03,1.100000000000000000e+01,1.400000000000000000e+01,1.400000000000000000e+01,1.200000000000000000e+01,5.751520299999999963e+01
4.000656756400000091e+01,-8.303759899519999976e+01,2.000000000000000096e-04,0.000000000000000000e+00,7.594986296480000024e-03,1.162438208919999889e-02,1.148251051475999984e-02,8.451172430000000180e-01,-5.027542889999999653e-01,9.515097285900000657e+01,2.024000000000000000e+03,1.100000000000000000e+01,1.400000000000000000e+01,1.400000000000000000e+01,1.200000000000000000e+01,5.756970700000000107e+01
4.000656756392000091e+01,-8.303759899521999444e+01,-2.000000000000000096e-04,-2.000000000000000096e-04,8.891595899299999453e-03,-6.346947122360000089e-03,-4.729651538360000324e-03,8.444693770000000210e-01,-5.034657599999999844e-01,9.515100390099999572e+01,2.024000000000000000e+03,1.100000000000000000e+01,1.400000000000000000e+01,1.400000000000000000e+01,1.200000000000000000e+01,5.762374400000000207e+01
4.000656756371999734e+01,-8.303759899550999535e+01,-5.999999999999999474e-04,-4.000000000000000192e-04,1.921486897985999823e-02,-5.800798289959999826e-03,-3.490602452599999780e-03,8.449642969999999753e-01,-5.027876380000000367e-01,9.515167513400000132e+01,2.024000000000000000e+03,1.100000000000000000e+01,1.400000000000000000e+01,1.400000000000000000e+01,1.200000000000000000e+01,5.767727000000000004e+01
4.000656756346999998e+01,-8.303759899585000426e+01,-5.000000000000000104e-04,-4.000000000000000192e-04,-5.841421077800000453e-04,3.655190030179999994e-03,1.022359196958000024e-02,8.463634570000000412e-01,-5.029773549999999593e-01,9.515330725900000175e+01,2.024000000000000000e+03,1.100000000000000000e+01,1.400000000000000000e+01,1.400000000000000000e+01,1.200000000000000000e+01,5.773160399999999726e+01
4.000656756323999730e+01,-8.303759899602999894e+01,-5.000000000000000104e-04,-1.000000000000000048e-04,-2.711923490219999774e-03,4.167775562839999733e-03,4.128077171840000524e-03,8.474637529999999863e-01,-5.040332290000000270e-01,9.515382006100000467e+01,2.024000000000000000e+03,1.100000000000000000e+01,1.400000000000000000e+01,1.400000000000000000e+01,1.200000000000000000e+01,5.778484999999999872e+01
4.000656756323999730e+01,-8.303759899627999630e+01,2.999999999999999737e-04,-2.999999999999999737e-04,-2.303517168582000160e-02,-3.093969871080000031e-03,-1.650930953074000035e-02,8.477907879999999619e-01,-5.042293899999999995e-01,9.515315660699999967e+01,2.024000000000000000e+03,1.100000000000000000e+01,1.400000000000000000e+01,1.400000000000000000e+01,1.200000000000000000e+01,5.783847999999999701e+01
4.000656756365000177e+01,-8.303759899649999454e+01,1.299999999999999940e-03,0.000000000000000000e+00,-3.428394607380000347e-02,6.681595730200000534e-03,-7.060837062220000349e-03,8.476033109999999704e-01,-5.037318360000000439e-01,9.515287976400000503e+01,2.024000000000000000e+03,1.100000000000000000e+01,1.400000000000000000e+01,1.400000000000000000e+01,1.200000000000000000e+01,5.789272700000000071e+01
4.000656756438999651e+01,-8.303759899663999988e+01,1.799999999999999951e-03,2.000000000000000096e-04,-1.974156400193999988e-02,1.125914633856000061e-02,2.854535982827999946e-02,8.468204830000000127e-01,-5.037277249999999595e-01,9.515345075999999835e+01,2.024000000000000000e+03,1.100000000000000000e+01,1.400000000000000000e+01,1.400000000000000000e+01,1.200000000000000000e+01,5.794631600000000304e+01
4.000656756501000189e+01,-8.303759899661000077e+01,1.000000000000000021e-03,5.000000000000000104e-04,2.293812683239999928e-02,1.158801023045999933e-02,3.733938957104000061e-02,8.466158849999999569e-01,-5.042701720000000165e-01,9.515422654900000055e+01,2.024000000000000000e+03,1.100000000000000000e+01,1.400000000000000000e+01,1.400000000000000000e+01,1.200000000000000000e+01,5.800005900000000025e+01
4.000656756509000189e+01,-8.303759899659000610e+01,8.000000000000000383e-04,5.000000000000000104e-04,3.994263713544000255e-02,9.209041506399999466e-03,2.257724498945999983e-02,8.468133380000000265e-01,-5.043940749999999973e-01,9.515450776400000166e+01,2.024000000000000000e+03,1.100000000000000000e+01,1.400000000000000000e+01,1.400000000000000000e+01,1.200000000000000000e+01,5.805389000000000266e+01
4.000656756509999923e+01,-8.303759899634999897e+01,-8.000000000000000383e-04,1.000000000000000021e-03,5.354321063208000026e-02,2.475136233314000067e-02,-3.021184253356000091e-02,8.477818049999999994e-01,-5.050451670000000171e-01,9.515664848299999790e+01,2.024000000000000000e+03,1.100000000000000000e+01,1.400000000000000000e+01,1.400000000000000000e+01,1.200000000000000000e+01,5.810756700000000308e+01
4.000656756418000271e+01,-8.303759899562000157e+01,-2.000000000000000042e-03,1.500000000000000031e-03,-4.915781580079999803e-03,-1.742370355471999782e-02,-8.474695665399999177e-04,8.531124879999999466e-01,-5.057167830000000031e-01,9.515808705999999972e+01,2.024000000000000000e+03,1.100000000000000000e+01,1.400000000000000000e+01,1.400000000000000000e+01,1.200000000000000000e+01,5.816103100000000126e+01
4.000656756411999737e+01,-8.303759899537000422e+01,-2.000000000000000096e-04,1.600000000000000077e-03,-7.465978047877999679e-02,4.292665502920000112e-03,4.083008180461999981e-02,8.559978950000000086e-01,-5.054922750000000464e-01,9.515717073599999765e+01,2.024000000000000000e+03,1.100000000000000000e+01,1.400000000000000000e+01,1.400000000000000000e+01,1.200000000000000000e+01,5.821455600000000175e+01
4.000656756552999838e+01,-8.303759899423999968e+01,2.399999999999999790e-03,3.200000000000000153e-03,-6.231290399124000262e-02,4.671672903655999659e-02,1.816669749660000015e-03,8.542936190000000041e-01,-5.044905200000000534e-01,9.515602238200000329e+01,2.024000000000000000e+03,1.100000000000000000e+01,1.400000000000000000e+01,1.400000000000000000e+01,1.200000000000000000e+01,5.826853400000000249e+01
4.000656756677000203e+01,-8.303759899176999681e+01,1.500000000000000031e-03,8.699999999999999400e-03,1.345347086326000030e-02,2.984875716509799992e-01,-1.729661805043800071e-01,8.519548839999999679e-01,-5.042139920000000552e-01,9.515620874900000103e+01,2.024000000000000000e+03,1.100000000000000000e+01,1.400000000000000000e+01,1.400000000000000000e+01,1.200000000000000000e+01,5.832252499999999884e+01
4.000656756725999941e+01,-8.303759898334999434e+01,-5.999999999999999474e-04,2.189999999999999933e-02,3.599166525481999751e-02,5.515167422836799727e-01,-1.061764175245200059e-01,8.510826910000000023e-01,-4.857206419999999802e-01,9.515684953900000664e+01,2.024000000000000000e+03,1.100000000000000000e+01,1.400000000000000000e+01,1.400000000000000000e+01,1.200000000000000000e+01,5.837644099999999980e+01
4.000656756603999753e+01,-8.303759895829000470e+01,-4.499999999999999660e-03,4.880000000000000310e-02,5.811159956513999719e-02,1.235212673147239926e+00,-1.459049069021600142e-01,8.505834469999999925e-01,-4.571916380000000113e-01,9.515579659200000151e+01,2.024000000000000000e+03,1.100000000000000000e+01,1.400000000000000000e+01,1.400000000000000000e+01,1.200000000000000000e+01,5.843056200000000189e+01
4.000656756338000264e+01,-8.303759892175999369e+01,-8.500000000000000611e-03,7.610000000000000098e-02,6.539175613197999171e-02,1.065752127135660032e+00,-1.365600022349000020e-01,8.493803260000000188e-01,-4.326512759999999735e-01,9.515390054300000600e+01,2.024000000000000000e+03,1.100000000000000000e+01,1.400000000000000000e+01,1.400000000000000000e+01,1.200000000000000000e+01,5.848486599999999669e+01
4.000656755840999779e+01,-8.303759885638000071e+01,-1.149999999999999981e-02,1.120000000000000023e-01,7.070914733700000253e-03,1.237177823122839859e+00,-6.875162753192000376e-02,8.515815350000000006e-01,-4.058133709999999783e-01,9.515278861500000573e+01,2.024000000000000000e+03,1.100000000000000000e+01,1.400000000000000000e+01,1.400000000000000000e+01,1.200000000000000000e+01,5.853885300000000314e+01
4.000656755320999736e+01,-8.303759878133000427e+01,-1.299999999999999940e-02,1.461999999999999966e-01,-5.168986034754000092e-02,1.401781438858080042e+00,8.459409701542000559e-02,8.541549019999999937e-01,-3.855809479999999789e-01,9.515248470500000622e+01,2.024000000000000000e+03,1.100000000000000000e+01,1.400000000000000000e+01,1.400000000000000000e+01,1.200000000000000000e+01,5.859351000000000198e+01
4.000656754682000127e+01,-8.303759868462999805e+01,-1.580000000000000154e-02,1.852999999999999925e-01,-4.987872094517999816e-02,1.576499474542680135e+00,1.418783375850999895e-01,8.564158920000000119e-01,-3.660987039999999970e-01,9.515135912399999540e+01,2.024000000000000000e+03,1.100000000000000000e+01,1.400000000000000000e+01,1.400000000000000000e+01,1.200000000000000000e+01,5.864710399999999879e+01
4.000656753716999958e+01,-8.303759853556999815e+01,-2.079999999999999905e-02,2.404999999999999916e-01,1.677520028640000146e-03,9.290723151748200292e-01,-1.001735767067999869e-02,8.565273089999999589e-01,-3.344615329999999775e-01,9.514840382299999533e+01,2.024000000000000000e+03,1.100000000000000000e+01,1.400000000000000000e+01,1.400000000000000000e+01,1.200000000000000000e+01,5.870063900000000245e+01
4.000656752716999875e+01,-8.303759837991999859e+01,-2.479999999999999913e-02,2.923999999999999932e-01,-2.011143843212000182e-02,2.027831503711759797e+00,6.019595033354000618e-02,8.570235550000000480e-01,-3.041619990000000162e-01,9.514427706700000442e+01,2.024000000000000000e+03,1.100000000000000000e+01,1.400000000000000000e+01,1.400000000000000000e+01,1.200000000000000000e+01,5.875422199999999862e+01
4.000656751294999935e+01,-8.303759815205999928e+01,-2.900000000000000147e-02,3.573000000000000065e-01,-3.115985382993999991e-02,2.197729373637479888e+00,8.875595360054000516e-02,8.603282270000000009e-01,-2.746150700000000167e-01,9.514067796599999838e+01,2.024000000000000000e+03,1.100000000000000000e+01,1.400000000000000000e+01,1.400000000000000000e+01,1.200000000000000000e+01,5.880828400000000045e+01
4.000656749921999733e+01,-8.303759792699000286e+01,-3.239999999999999825e-02,4.117000000000000104e-01,-6.432379362156000202e-02,2.172329482221160291e+00,2.107323260835200218e-01,8.657076059999999629e-01,-2.629995760000000127e-01,9.513715166800000134e+01,2.024000000000000000e+03,1.100000000000000000e+01,1.400000000000000000e+01,1.400000000000000000e+01,1.200000000000000000e+01,5.886189099999999996e+01
4.000656748339000046e+01,-8.303759767011000292e+01,-3.749999999999999861e-02,4.656000000000000139e-01,-5.658458980119999808e-03,3.225992278689659987e+00,1.653324518543600186e-01,8.732695879999999855e-01,-2.600853129999999847e-01,9.512931129700000099e+01,2.024000000000000000e+03,1.100000000000000000e+01,1.400000000000000000e+01,1.400000000000000000e+01,1.200000000000000000e+01,5.891595600000000132e+01
4.000656746199000224e+01,-8.303759732138999539e+01,-4.189999999999999974e-02,5.272000000000000020e-01,4.826794276120000698e-03,2.105951786530559922e+00,-5.094175292797999827e-02,8.818096589999999679e-01,-2.604002169999999894e-01,9.510910737499999357e+01,2.024000000000000000e+03,1.100000000000000000e+01,1.400000000000000000e+01,1.400000000000000000e+01,1.200000000000000000e+01,5.896982500000000016e+01
4.000656745439999895e+01,-8.303759719578999920e+01,-4.259999999999999898e-02,5.463000000000000078e-01,-7.908347613782000518e-02,1.961762176353519793e+00,5.264957880411999525e-02,8.844123149999999489e-01,-2.598841760000000223e-01,9.509933080400000449e+01,2.024000000000000000e+03,1.100000000000000000e+01,1.400000000000000000e+01,1.400000000000000000e+01,1.200000000000000000e+01,5.902354299999999654e+01
4.000656744244999885e+01,-8.303759699855000065e+01,-4.529999999999999999e-02,5.763000000000000345e-01,-4.487227569062000182e-02,2.994118999869340048e+00,-1.180732598060799943e-01,8.897602740000000177e-01,-2.582324910000000084e-01,9.508235615899999971e+01,2.024000000000000000e+03,1.100000000000000000e+01,1.400000000000000000e+01,1.400000000000000000e+01,1.200000000000000000e+01,5.907778299999999660e+01
4.000656740494000019e+01,-8.303759634591999372e+01,-4.639999999999999680e-02,6.629000000000000448e-01,-2.017834643144799933e-01,1.966880227627580080e+00,-6.588909674263999927e-02,9.108615970000000228e-01,-2.499068949999999900e-01,9.500606211100000564e+01,2.024000000000000000e+03,1.100000000000000000e+01,1.400000000000000000e+01,1.400000000000000000e+01,1.200000000000000000e+01,5.913127599999999973e+01
4.000656738370000198e+01,-8.303759594281000034e+01,-4.569999999999999757e-02,7.127999999999999892e-01,-9.823069299632000706e-02,1.000889709331980182e+00,-2.329104196557999981e-02,9.189080649999999961e-01,-2.409174089999999990e-01,9.494258063799999547e+01,2.024000000000000000e+03,1.100000000000000000e+01,1.400000000000000000e+01,1.400000000000000000e+01,1.200000000000000000e+01,5.918444099999999963e+01
4.000656735076000103e+01,-8.303759523715000057e+01,-4.189999999999999974e-02,7.916999999999999593e-01,-2.325821200600999838e-01,1.964530908983999957e+00,-5.176232585539999875e-02,9.265292320000000359e-01,-2.334088059999999965e-01,9.480229624400000432e+01,2.024000000000000000e+03,1.100000000000000000e+01,1.400000000000000000e+01,1.400000000000000000e+01,1.200000000000000000e+01,5.923781100000000066e+01
4.000656733131999943e+01,-8.303759475866000628e+01,-4.080000000000000293e-02,8.407000000000000028e-01,-2.221507850592400191e-01,1.943168071519240092e+00,-6.114277126405999463e-02,9.273387050000000409e-01,-2.254574010000000017e-01,9.469453273099999535e+01,2.024000000000000000e+03,1.100000000000000000e+01,1.400000000000000000e+01,1.400000000000000000e+01,1.200000000000000000e+01,5.929221400000000131e+01
4.000656731256999876e+01,-8.303759425158000340e+01,-3.980000000000000204e-02,8.892999999999999794e-01,-9.646986194114000324e-02,9.622973037969599908e-01,-2.807729830879999913e-03,9.292780240000000358e-01,-2.188116609999999906e-01,9.457465593099999523e+01,2.024000000000000000e+03,1.100000000000000000e+01,1.400000000000000000e+01,1.400000000000000000e+01,1.200000000000000000e+01,5.934703600000000279e+01
4.000656729429999814e+01,-8.303759371565000436e+01,-3.839999999999999664e-02,9.388999999999999568e-01,-1.866900187417999957e-01,1.962301227025780026e+00,2.943384334559999774e-02,9.324512679999999998e-01,-2.098557050000000035e-01,9.444320455499999412e+01,2.024000000000000000e+03,1.100000000000000000e+01,1.400000000000000000e+01,1.400000000000000000e+01,1.200000000000000000e+01,5.940206200000000081e+01
4.000656727655999845e+01,-8.303759315032999666e+01,-3.780000000000000027e-02,9.899999999999999911e-01,-1.654055814906000010e-01,2.028553855508639980e+00,-6.161788543755999936e-02,9.344350510000000165e-01,-2.003623979999999971e-01,9.429943083300000239e+01,2.024000000000000000e+03,1.100000000000000000e+01,1.400000000000000000e+01,1.400000000000000000e+01,1.200000000000000000e+01,5.945613399999999871e+01
4.000656725628000032e+01,-8.303759243252000033e+01,-3.500000000000000333e-02,1.051700000000000079e+00,-2.262884815147600259e-01,2.061914209741039894e+00,2.457294018634000043e-02,9.331725680000000356e-01,-1.946225390000000111e-01,9.410969689200000232e+01,2.024000000000000000e+03,1.100000000000000000e+01,1.400000000000000000e+01,1.400000000000000000e+01,1.200000000000000000e+01,5.951127799999999723e+01
4.000656724019000166e+01,-8.303759180197999967e+01,-3.250000000000000111e-02,1.100600000000000023e+00,-2.654570936819800053e-01,1.959800036037100179e+00,6.310198257063999450e-02,9.305284980000000372e-01,-1.956255960000000127e-01,9.393583029699999543e+01,2.024000000000000000e+03,1.100000000000000000e+01,1.400000000000000000e+01,1.400000000000000000e+01,1.200000000000000000e+01,5.956553399999999954e+01
4.000656722099999740e+01,-8.303759087094999813e+01,-2.610000000000000167e-02,1.168500000000000094e+00,-1.496832694950600007e-01,9.547608417244199952e-01,-1.836535625739999997e-03,9.217143020000000408e-01,-1.940258599999999944e-01,9.368312673699999493e+01,2.024000000000000000e+03,1.100000000000000000e+01,1.400000000000000000e+01,1.400000000000000000e+01,1.200000000000000000e+01,5.961977499999999708e+01
4.000656720935999999e+01,-8.303759017151000421e+01,-2.129999999999999949e-02,1.217999999999999972e+00,-5.462552096643399357e-01,2.920166219278359954e+00,-1.888855131896000072e-02,9.096340000000000536e-01,-1.875802450000000066e-01,9.350368582999999489e+01,2.024000000000000000e+03,1.100000000000000000e+01,1.400000000000000000e+01,1.400000000000000000e+01,1.200000000000000000e+01,5.967343799999999732e+01
4.000656720015000190e+01,-8.303758944310999368e+01,-1.660000000000000017e-02,1.268000000000000016e+00,-3.014377189111200339e-01,1.978999251364820022e+00,-7.930139064043999209e-02,8.889828640000000393e-01,-1.771932029999999936e-01,9.332926464899999530e+01,2.024000000000000000e+03,1.100000000000000000e+01,1.400000000000000000e+01,1.400000000000000000e+01,1.200000000000000000e+01,5.972650200000000353e+01
4.000656719017000285e+01,-8.303758853038000609e+01,-1.710000000000000062e-02,1.328400000000000025e+00,-1.031066129334199943e-01,2.019694111880939946e+00,2.044106760760000096e-03,8.595152980000000387e-01,-1.634004470000000042e-01,9.312748229199999628e+01,2.024000000000000000e+03,1.100000000000000000e+01,1.400000000000000000e+01,1.400000000000000000e+01,1.200000000000000000e+01,5.977988899999999717e+01
4.000656718087999764e+01,-8.303758773725999731e+01,-2.110000000000000070e-02,1.379000000000000004e+00,3.525458794383999617e-02,2.022393200186260120e+00,6.497362789541999417e-02,8.407115259999999868e-01,-1.532141049999999893e-01,9.296508620400000211e+01,2.024000000000000000e+03,1.100000000000000000e+01,1.400000000000000000e+01,1.400000000000000000e+01,1.200000000000000000e+01,5.983389100000000127e+01
4.000656716732000007e+01,-8.303758674633999703e+01,-2.599999999999999881e-02,1.439200000000000035e+00,1.609883567545999927e-02,2.005176435258280154e+00,-3.094143696460000068e-03,8.312667940000000311e-01,-1.444712880000000033e-01,9.277789324299999407e+01,2.024000000000000000e+03,1.100000000000000000e+01,1.400000000000000000e+01,1.400000000000000000e+01,1.200000000000000000e+01,5.988839899999999972e+01
4.000656715366000071e+01,-8.303758588827000153e+01,-3.049999999999999933e-02,1.489500000000000046e+00,7.193300878397999865e-02,2.999260264415120059e+00,-2.803104829218000180e-02,8.285953270000000481e-01,-1.372401669999999962e-01,9.262620839900000647e+01,2.024000000000000000e+03,1.100000000000000000e+01,1.400000000000000000e+01,1.400000000000000000e+01,1.200000000000000000e+01,5.994196900000000028e+01
4.000656713829999944e+01,-8.303758500063999293e+01,-3.280000000000000276e-02,1.540499999999999980e+00,-9.629873163072000253e-02,2.038441984697420217e+00,-1.078369573930599845e-01,8.295254629999999629e-01,-1.281166360000000060e-01,9.248200863399999605e+01,2.024000000000000000e+03,1.100000000000000000e+01,1.400000000000000000e+01,1.400000000000000000e+01,1.200000000000000000e+01,5.999587300000000312e+01
4.000656713526999653e+01,-8.303758481952999659e+01,-3.230000000000000232e-02,1.550699999999999967e+00,-1.406420889261000007e-01,2.045027519777459890e+00,-1.090945401196600079e-01,8.311181749999999591e-01,-1.270291020000000048e-01,9.245471520700000667e+01,2.024000000000000000e+03,1.100000000000000000e+01,1.400000000000000000e+01,1.400000000000000000e+01,1.300000000000000000e+01,5.048199999999999910e-02
4.000656712066999887e+01,-8.303758389544999829e+01,-2.910000000000000087e-02,1.603900000000000103e+00,-2.654971322045600046e-01,2.128440994540480080e+00,-1.258430788322000178e-02,8.321431400000000034e-01,-1.224878939999999999e-01,9.232250092499999994e+01,2.024000000000000000e+03,1.100000000000000000e+01,1.400000000000000000e+01,1.400000000000000000e+01,1.300000000000000000e+01,1.043749999999999956e-01
4.000656710002999716e+01,-8.303758235320999859e+01,-2.610000000000000167e-02,1.685699999999999976e+00,-9.778420663879999752e-02,2.010223154999359885e+00,3.400669376740000222e-02,8.336166919999999925e-01,-1.344118539999999973e-01,9.211909884799999304e+01,2.024000000000000000e+03,1.100000000000000000e+01,1.400000000000000000e+01,1.400000000000000000e+01,1.300000000000000000e+01,1.585350000000000092e-01
4.000656708713000143e+01,-8.303758114773999921e+01,-2.089999999999999844e-02,1.742499999999999938e+00,-2.477159527146400031e-01,1.906910533937360208e+00,-1.369942305019599960e-01,8.318669549999999635e-01,-1.407973070000000104e-01,9.196479782299999783e+01,2.024000000000000000e+03,1.100000000000000000e+01,1.400000000000000000e+01,1.400000000000000000e+01,1.300000000000000000e+01,2.122030000000000027e-01
4.000656707614000140e+01,-8.303757969027999764e+01,-1.420000000000000082e-02,1.810799999999999965e+00,-3.655994400110199605e-01,2.977622954291420321e+00,-9.206932675274000222e-02,8.186928570000000516e-01,-1.392608489999999921e-01,9.178481471400000657e+01,2.024000000000000000e+03,1.100000000000000000e+01,1.400000000000000000e+01,1.400000000000000000e+01,1.300000000000000000e+01,2.670379999999999976e-01
4.000656706833999721e+01,-8.303757839464999790e+01,-1.209999999999999964e-02,1.873699999999999921e+00,-1.972003784848400110e-01,2.105771479011560032e+00,2.526124396787999757e-02,8.008136909999999942e-01,-1.464688379999999901e-01,9.163794615199999782e+01,2.024000000000000000e+03,1.100000000000000000e+01,1.400000000000000000e+01,1.400000000000000000e+01,1.300000000000000000e+01,3.209400000000000031e-01
4.000656706328999945e+01,-8.303757728124000437e+01,-9.499999999999999764e-03,1.925200000000000022e+00,-1.691121173951800061e-01,2.028494924085659790e+00,2.211087240906000062e-01,7.849029979999999629e-01,-1.647046289999999913e-01,9.152457053199999848e+01,2.024000000000000000e+03,1.100000000000000000e+01,1.400000000000000000e+01,1.400000000000000000e+01,1.300000000000000000e+01,3.749080000000000190e-01
4.000656705789999990e+01,-8.303757590691000701e+01,-9.599999999999999159e-03,1.982699999999999907e+00,-3.426047550438000161e-02,2.840753378312399935e+00,2.686921870974399718e-01,7.689443599999999934e-01,-1.931679920000000106e-01,9.139994442500000105e+01,2.024000000000000000e+03,1.100000000000000000e+01,1.400000000000000000e+01,1.400000000000000000e+01,1.300000000000000000e+01,4.291889999999999872e-01
4.000656705386000311e+01,-8.303757473182000126e+01,-9.900000000000000813e-03,2.027899999999999814e+00,6.041409835411999663e-02,1.816539284334419913e+00,1.545778655049399875e-01,7.589476290000000125e-01,-2.149304609999999893e-01,9.130356300900000122e+01,2.024000000000000000e+03,1.100000000000000000e+01,1.400000000000000000e+01,1.400000000000000000e+01,1.300000000000000000e+01,4.825889999999999902e-01
4.000656704968000099e+01,-8.303757353107999961e+01,-8.999999999999999320e-03,2.071000000000000174e+00,-3.272812806309999961e-02,1.758134993176619920e+00,8.606469952570000581e-02,7.490377489999999749e-01,-2.320653020000000011e-01,9.121082881399999565e+01,2.024000000000000000e+03,1.100000000000000000e+01,1.400000000000000000e+01,1.400000000000000000e+01,1.300000000000000000e+01,5.367009999999999836e-01
4.000656704875000003e+01,-8.303757205629999305e+01,2.999999999999999737e-04,2.123499999999999943e+00,-1.503890374556600129e-01,1.748816768524820153e+00,1.634076589163200033e-01,7.213327720000000109e-01,-2.486053199999999908e-01,9.111145527099999697e+01,2.024000000000000000e+03,1.100000000000000000e+01,1.400000000000000000e+01,1.400000000000000000e+01,1.300000000000000000e+01,5.906740000000000324e-01
4.000656704781999906e+01,-8.303757079858000623e+01,-5.700000000000000205e-03,2.167800000000000171e+00,3.120733130049799797e-01,1.743994396903979949e+00,7.961177455625999266e-02,7.039600799999999881e-01,-2.633099549999999844e-01,9.103697427500000572e+01,2.024000000000000000e+03,1.100000000000000000e+01,1.400000000000000000e+01,1.400000000000000000e+01,1.300000000000000000e+01,6.462470000000000159e-01
4.000656704328999780e+01,-8.303756925547000378e+01,-1.230000000000000017e-02,2.220800000000000107e+00,1.185090421275200034e-01,8.717667486538399624e-01,-1.099343196932000000e-01,7.083161300000000438e-01,-2.762191909999999750e-01,9.095081586300000254e+01,2.024000000000000000e+03,1.100000000000000000e+01,1.400000000000000000e+01,1.400000000000000000e+01,1.300000000000000000e+01,7.007259999999999600e-01
4.000656703815000270e+01,-8.303756794189000345e+01,-1.359999999999999924e-02,2.262399999999999967e+00,1.608975040492600095e-01,1.659455008754080030e+00,-2.692387958865000153e-01,7.170812880000000389e-01,-2.786202850000000231e-01,9.087819054300000232e+01,2.024000000000000000e+03,1.100000000000000000e+01,1.400000000000000000e+01,1.400000000000000000e+01,1.300000000000000000e+01,7.549369999999999692e-01
4.000656703314999874e+01,-8.303756633422999300e+01,-6.300000000000000044e-03,2.311199999999999921e+00,-2.451994628711600122e-01,1.664171478941419924e+00,-5.111655094187999432e-02,7.168888829999999768e-01,-2.747574059999999818e-01,9.079152205500000150e+01,2.024000000000000000e+03,1.100000000000000000e+01,1.400000000000000000e+01,1.400000000000000000e+01,1.300000000000000000e+01,8.100119999999999543e-01
4.000656703220000310e+01,-8.303756496677999621e+01,5.000000000000000104e-04,2.356799999999999784e+00,-1.131378857145799999e-01,9.193133787407199442e-01,1.918992595599999990e-04,7.077427819999999592e-01,-2.774198370000000025e-01,9.072168626200000574e+01,2.024000000000000000e+03,1.100000000000000000e+01,1.400000000000000000e+01,1.400000000000000000e+01,1.300000000000000000e+01,8.648979999999999446e-01
4.000656703341000053e+01,-8.303756329080999876e+01,3.899999999999999821e-03,2.408799999999999830e+00,-1.212988560169600133e-01,1.670211042979639959e+00,2.558883854948599823e-01,7.064331780000000505e-01,-3.082241330000000112e-01,9.064049443300000064e+01,2.024000000000000000e+03,1.100000000000000000e+01,1.400000000000000000e+01,1.400000000000000000e+01,1.300000000000000000e+01,9.188290000000000068e-01
4.000656703567999983e+01,-8.303756186885000545e+01,8.200000000000000691e-03,2.444799999999999862e+00,-2.806886016715000043e-01,1.424609521131640077e+00,9.008090368736000608e-02,7.128706190000000387e-01,-3.378828380000000187e-01,9.057191231599999526e+01,2.024000000000000000e+03,1.100000000000000000e+01,1.400000000000000000e+01,1.400000000000000000e+01,1.300000000000000000e+01,9.730389999999999873e-01
4.000656703711000262e+01,-8.303756129434999878e+01,8.899999999999999925e-03,2.458200000000000163e+00,-1.546823870702999926e-01,1.361851885410579888e+00,4.698392701024000501e-02,7.130861800000000139e-01,-3.443220080000000127e-01,9.054362727500000574e+01,2.024000000000000000e+03,1.100000000000000000e+01,1.400000000000000000e+01,1.400000000000000000e+01,1.300000000000000000e+01,1.027625999999999928e+00
4.000656704149000120e+01,-8.303756013619999976e+01,1.370000000000000037e-02,2.483999999999999986e+00,-4.701427629367800343e-01,1.928199774044059955e+00,-2.317099623501199801e-01,7.066526650000000132e-01,-3.538437600000000072e-01,9.048518940499999985e+01,2.024000000000000000e+03,1.100000000000000000e+01,1.400000000000000000e+01,1.400000000000000000e+01,1.300000000000000000e+01,1.080743000000000009e+00
4.000656705037999927e+01,-8.303755778081000472e+01,1.190000000000000085e-02,2.542600000000000193e+00,4.743163300659999915e-02,1.530088950948780058e+00,-1.520112324739200105e-01,6.878390119999999719e-01,-3.488871150000000254e-01,9.036873600600000600e+01,2.024000000000000000e+03,1.100000000000000000e+01,1.400000000000000000e+01,1.400000000000000000e+01,1.300000000000000000e+01,1.135605999999999893e+00
4.000656705645999978e+01,-8.303755627841999853e+01,1.359999999999999924e-02,2.583499999999999908e+00,-2.278874784293999714e-02,1.614841139594639818e+00,-9.920255940963999819e-02,6.872711750000000119e-01,-3.491535820000000179e-01,9.030286315600000080e+01,2.024000000000000000e+03,1.100000000000000000e+01,1.400000000000000000e+01,1.400000000000000000e+01,1.300000000000000000e+01,1.190175999999999901e+00
4.000656707080000274e+01,-8.303755382722999911e+01,2.900000000000000147e-02,2.643899999999999917e+00,-8.750313500384598875e-01,2.213480163913399856e+00,1.720511610073000019e-01,6.815730639999999507e-01,-3.559247660000000035e-01,9.020884725800000581e+01,2.024000000000000000e+03,1.100000000000000000e+01,1.400000000000000000e+01,1.400000000000000000e+01,1.300000000000000000e+01,1.246029999999999971e+00
4.000656708803000328e+01,-8.303755195367999420e+01,3.540000000000000091e-02,2.684499999999999886e+00,-4.050734124609599585e-01,1.355601515380800093e+00,-1.682966057375000213e-01,6.489139680000000077e-01,-3.470970720000000065e-01,9.014024547200000370e+01,2.024000000000000000e+03,1.100000000000000000e+01,1.400000000000000000e+01,1.400000000000000000e+01,1.300000000000000000e+01,1.300037000000000109e+00
4.000656710487000112e+01,-8.303755037086999380e+01,3.910000000000000281e-02,2.717400000000000038e+00,-4.926321108250000108e-02,6.501581294899599905e-01,2.050873377999999723e-03,6.267911600000000139e-01,-3.277051049999999965e-01,9.008267209599999603e+01,2.024000000000000000e+03,1.100000000000000000e+01,1.400000000000000000e+01,1.400000000000000000e+01,1.300000000000000000e+01,1.355061000000000071e+00
4.000656712650000202e+01,-8.303754844600000240e+01,3.760000000000000148e-02,2.759399999999999853e+00,2.720236783168799577e-01,1.491366384383939980e+00,1.158580705455800053e-01,6.004827609999999760e-01,-2.890525090000000130e-01,9.001699977299999489e+01,2.024000000000000000e+03,1.100000000000000000e+01,1.400000000000000000e+01,1.400000000000000000e+01,1.300000000000000000e+01,1.409224000000000032e+00
4.000656714456999907e+01,-8.303754681422999795e+01,4.109999999999999765e-02,2.809400000000000119e+00,-9.365589565719999177e-02,2.001053312156539921e+00,-9.779635006376000139e-02,5.857036770000000336e-01,-2.674036040000000169e-01,8.996676332299999501e+01,2.024000000000000000e+03,1.100000000000000000e+01,1.400000000000000000e+01,1.400000000000000000e+01,1.300000000000000000e+01,1.463716999999999935e+00
4.000656716107999955e+01,-8.303754548839999927e+01,4.959999999999999826e-02,2.847399999999999931e+00,-3.953877349665800289e-01,1.910477052594560021e+00,-2.352818883339800049e-01,5.629778960000000332e-01,-2.693391379999999780e-01,8.993107046999999454e+01,2.024000000000000000e+03,1.100000000000000000e+01,1.400000000000000000e+01,1.400000000000000000e+01,1.300000000000000000e+01,1.518467999999999929e+00
4.000656718695000080e+01,-8.303754313464999370e+01,3.969999999999999918e-02,2.891000000000000014e+00,6.935637225401999895e-02,1.192939843149299906e+00,-1.854220883434199996e-01,5.354947599999999586e-01,-2.841244110000000211e-01,8.987832890500000360e+01,2.024000000000000000e+03,1.100000000000000000e+01,1.400000000000000000e+01,1.400000000000000000e+01,1.300000000000000000e+01,1.572119000000000044e+00
4.000656720429000046e+01,-8.303754143201000204e+01,3.549999999999999684e-02,2.920900000000000052e+00,2.409963608042999805e-01,1.214639405619160062e+00,8.706140850240000340e-02,5.254814469999999904e-01,-2.766389249999999800e-01,8.984459671999999841e+01,2.024000000000000000e+03,1.100000000000000000e+01,1.400000000000000000e+01,1.400000000000000000e+01,1.300000000000000000e+01,1.627334999999999976e+00
4.000656722256999842e+01,-8.303753936421999526e+01,3.090000000000000038e-02,2.960100000000000176e+00,2.153987821450399909e-01,1.291264596919419860e+00,2.749607155482799992e-01,5.264440710000000134e-01,-2.689716200000000224e-01,8.980225631000000419e+01,2.024000000000000000e+03,1.100000000000000000e+01,1.400000000000000000e+01,1.400000000000000000e+01,1.300000000000000000e+01,1.681843999999999895e+00
4.000656723691000138e+01,-8.303753761980999570e+01,2.920000000000000026e-02,2.993700000000000028e+00,2.209493727976399868e-01,1.330090455380059877e+00,3.652840734699800418e-01,5.329719490000000004e-01,-2.714984100000000233e-01,8.976515134000000273e+01,2.024000000000000000e+03,1.100000000000000000e+01,1.400000000000000000e+01,1.400000000000000000e+01,1.300000000000000000e+01,1.736390000000000100e+00
4.000656725097000077e+01,-8.303753550279999729e+01,1.880000000000000074e-02,3.027099999999999902e+00,7.922326127158599851e-01,1.591928849629179910e+00,4.401938091677199960e-01,5.582823470000000121e-01,-3.005567530000000098e-01,8.972008263099999681e+01,2.024000000000000000e+03,1.100000000000000000e+01,1.400000000000000000e+01,1.400000000000000000e+01,1.300000000000000000e+01,1.790464999999999973e+00
4.000656725996999796e+01,-8.303753372404000288e+01,1.849999999999999908e-02,3.044700000000000184e+00,1.125972547528400064e-01,6.833493372576600056e-01,-1.246749524650400121e-01,6.010083640000000171e-01,-3.396775309999999770e-01,8.968424582000000100e+01,2.024000000000000000e+03,1.100000000000000000e+01,1.400000000000000000e+01,1.400000000000000000e+01,1.300000000000000000e+01,1.845647999999999955e+00
4.000656727353000264e+01,-8.303753158000999690e+01,2.809999999999999998e-02,3.054399999999999782e+00,-2.193177321650399969e-01,3.212951257056200216e-01,3.353725274279999863e-02,6.348975479999999783e-01,-3.923683459999999790e-01,8.964294912100000090e+01,2.024000000000000000e+03,1.100000000000000000e+01,1.400000000000000000e+01,1.400000000000000000e+01,1.300000000000000000e+01,1.901250000000000107e+00
4.000656728759999936e+01,-8.303752979016999802e+01,3.320000000000000034e-02,3.055400000000000116e+00,-8.069642092390000299e-02,8.121703625699999707e-03,-5.070157515765999490e-02,6.488382780000000460e-01,-4.464672120000000022e-01,8.960685877199999538e+01,2.024000000000000000e+03,1.100000000000000000e+01,1.400000000000000000e+01,1.400000000000000000e+01,1.300000000000000000e+01,1.955694999999999961e+00
4.000656730162999963e+01,-8.303752836044000674e+01,4.229999999999999732e-02,3.048099999999999810e+00,-1.904216994282799946e-01,-1.391743452590200048e-01,-2.696149746180000195e-02,6.563071929999999554e-01,-4.866392150000000139e-01,8.957847263899999746e+01,2.024000000000000000e+03,1.100000000000000000e+01,1.400000000000000000e+01,1.400000000000000000e+01,1.300000000000000000e+01,2.010889000000000149e+00
4.000656730565999908e+01,-8.303752800345000651e+01,4.519999999999999712e-02,3.045300000000000118e+00,-6.294514106712399970e-01,-5.054474506644600629e-01,-2.614898029743399910e-01,6.554634299999999580e-01,-4.936246200000000139e-01,8.957223466400000689e+01,2.024000000000000000e+03,1.100000000000000000e+01,1.400000000000000000e+01,1.400000000000000000e+01,1.300000000000000000e+01,2.066081000000000056e+00
4.000656733587000247e+01,-8.303752551338000387e+01,4.909999999999999781e-02,3.028300000000000214e+00,-7.370526012070000021e-02,-4.023082708003399843e-01,-1.827304073564799958e-01,6.650437860000000256e-01,-5.202603399999999878e-01,8.952355347600000357e+01,2.024000000000000000e+03,1.100000000000000000e+01,1.400000000000000000e+01,1.400000000000000000e+01,1.300000000000000000e+01,2.121033999999999864e+00
4.000656736943000169e+01,-8.303752303186000461e+01,5.960000000000000020e-02,3.020099999999999785e+00,-4.139158088068000119e-01,-1.779768979100199988e-01,1.187897940220199872e-01,6.786168339999999466e-01,-5.187757769999999935e-01,8.947626691099999618e+01,2.024000000000000000e+03,1.100000000000000000e+01,1.400000000000000000e+01,1.400000000000000000e+01,1.300000000000000000e+01,2.175638000000000183e+00
4.000656739803000050e+01,-8.303752125987000454e+01,6.320000000000000617e-02,3.019400000000000084e+00,-6.415219839294000748e-02,-1.213377441545999968e-02,1.831803937474399957e-01,6.660974240000000490e-01,-5.193768880000000365e-01,8.944702327100000616e+01,2.024000000000000000e+03,1.100000000000000000e+01,1.400000000000000000e+01,1.400000000000000000e+01,1.300000000000000000e+01,2.230465000000000142e+00
4.000656744908000206e+01,-8.303751807003999375e+01,6.140000000000000319e-02,3.021100000000000119e+00,-2.877727520599999912e-04,-1.461195383419999945e-03,2.600442127793800018e-01,6.589230659999999462e-01,-5.478727279999999755e-01,8.939312135699999828e+01,2.024000000000000000e+03,1.100000000000000000e+01,1.400000000000000000e+01,1.400000000000000000e+01,1.300000000000000000e+01,2.284459000000000017e+00
4.000656748051000022e+01,-8.303751594310000428e+01,5.319999999999999729e-02,3.017999999999999794e+00,3.209559831904200133e-01,-2.118898945868800121e-01,-2.791250684330000287e-02,6.658964320000000381e-01,-5.842829830000000335e-01,8.934698310500000673e+01,2.024000000000000000e+03,1.100000000000000000e+01,1.400000000000000000e+01,1.400000000000000000e+01,1.300000000000000000e+01,2.338385999999999854e+00
4.000656750387999949e+01,-8.303751417197000251e+01,4.590000000000000330e-02,3.016399999999999970e+00,4.012398716039600188e-01,-2.180480192204399814e-01,-4.397572035232399923e-01,6.850706850000000125e-01,-5.796616119999999928e-01,8.930224376600000369e+01,2.024000000000000000e+03,1.100000000000000000e+01,1.400000000000000000e+01,1.400000000000000000e+01,1.300000000000000000e+01,2.391989999999999839e+00
4.000656752553999951e+01,-8.303751239641999859e+01,4.639999999999999680e-02,3.035299999999999887e+00,1.773114558905999893e-02,3.453321834528200185e-01,-1.938418500456200178e-01,7.169897179999999981e-01,-5.364344709999999683e-01,8.926263682500000129e+01,2.024000000000000000e+03,1.100000000000000000e+01,1.400000000000000000e+01,1.400000000000000000e+01,1.300000000000000000e+01,2.446000000000000174e+00
4.000656755165999812e+01,-8.303751060941999640e+01,6.160000000000000198e-02,3.059400000000000119e+00,-3.926624517322999663e-01,1.095190237166099978e+00,-1.470495037533399996e-01,7.302489410000000403e-01,-4.914808660000000162e-01,8.923222389599999360e+01,2.024000000000000000e+03,1.100000000000000000e+01,1.400000000000000000e+01,1.400000000000000000e+01,1.300000000000000000e+01,2.499286999999999814e+00
4.000656758037000316e+01,-8.303750880692000180e+01,6.310000000000000331e-02,3.085599999999999898e+00,-2.089004107030000001e-02,1.027371897285759950e+00,2.998762857947200322e-01,7.408702579999999482e-01,-4.725946690000000228e-01,8.920561543099999824e+01,2.024000000000000000e+03,1.100000000000000000e+01,1.400000000000000000e+01,1.400000000000000000e+01,1.300000000000000000e+01,2.553571999999999953e+00
4.000656762228999952e+01,-8.303750625799999341e+01,6.990000000000000380e-02,3.119400000000000173e+00,-2.507992924570400239e-01,8.162237746617799772e-01,2.935076754582999770e-01,7.656882120000000347e-01,-4.598386389999999935e-01,8.916408394600000520e+01,2.024000000000000000e+03,1.100000000000000000e+01,1.400000000000000000e+01,1.400000000000000000e+01,1.300000000000000000e+01,2.609542999999999946e+00
4.000656765840000162e+01,-8.303750442106999685e+01,8.509999999999999509e-02,3.141999999999999904e+00,-4.954320308653399341e-01,8.600277318266600357e-01,2.082551572529000028e-01,7.562204759999999748e-01,-4.511439600000000105e-01,8.913135515099999395e+01,2.024000000000000000e+03,1.100000000000000000e+01,1.400000000000000000e+01,1.400000000000000000e+01,1.300000000000000000e+01,2.663234999999999797e+00
4.000656769729999951e+01,-8.303750257356000475e+01,8.500000000000000611e-02,3.160299999999999887e+00,8.123235670577999556e-02,8.172742220374199507e-01,1.731201191551600127e-01,7.342886349999999673e-01,-4.381629550000000206e-01,8.909510430900000699e+01,2.024000000000000000e+03,1.100000000000000000e+01,1.400000000000000000e+01,1.400000000000000000e+01,1.300000000000000000e+01,2.717289000000000065e+00
4.000656774200999877e+01,-8.303750034431999438e+01,8.140000000000000013e-02,3.175800000000000178e+00,3.351600512860000020e-02,5.352663160049999647e-01,6.482068956558000028e-02,7.351294879999999976e-01,-4.319430799999999793e-01,8.905227239399999917e+01,2.024000000000000000e+03,1.100000000000000000e+01,1.400000000000000000e+01,1.400000000000000000e+01,1.300000000000000000e+01,2.773213000000000150e+00
4.000656778116999845e+01,-8.303749847698999531e+01,9.080000000000000571e-02,3.190500000000000114e+00,-4.069603159719799579e-01,5.220989010335199687e-01,6.349698456172001015e-02,7.332718480000000039e-01,-4.315198989999999846e-01,8.901885321800000384e+01,2.024000000000000000e+03,1.100000000000000000e+01,1.400000000000000000e+01,1.400000000000000000e+01,1.300000000000000000e+01,2.827910999999999841e+00
4.000656783254999738e+01,-8.303749622328000157e+01,9.600000000000000200e-02,3.213699999999999779e+00,-1.169698264292400036e-01,7.504406365761799869e-01,5.609074866027999318e-02,7.060419399999999790e-01,-4.384060269999999759e-01,8.897996985999999708e+01,2.024000000000000000e+03,1.100000000000000000e+01,1.400000000000000000e+01,1.400000000000000000e+01,1.300000000000000000e+01,2.882451999999999792e+00
4.000656787903000122e+01,-8.303749395699999525e+01,7.610000000000000098e-02,3.226999999999999869e+00,6.238043497331799969e-01,5.173843045714199285e-01,-2.073118774990599933e-01,7.141337490000000399e-01,-4.575981539999999792e-01,8.893917772700000057e+01,2.024000000000000000e+03,1.100000000000000000e+01,1.400000000000000000e+01,1.400000000000000000e+01,1.300000000000000000e+01,2.938504000000000005e+00
4.000656791291999781e+01,-8.303749206451000475e+01,7.199999999999999456e-02,3.229200000000000070e+00,1.641984860763200105e-01,1.378307288999000013e-01,-1.703012079507199850e-01,7.496271110000000126e-01,-4.543140880000000048e-01,8.890207740699999306e+01,2.024000000000000000e+03,1.100000000000000000e+01,1.400000000000000000e+01,1.400000000000000000e+01,1.300000000000000000e+01,2.994350999999999985e+00
4.000656791950999747e+01,-8.303749168561999738e+01,7.169999999999999984e-02,3.231100000000000083e+00,1.317024969206400109e-01,2.135883534849800092e-01,-1.932010841479200047e-01,7.572732770000000224e-01,-4.549090290000000203e-01,8.889474672000000055e+01,2.024000000000000000e+03,1.100000000000000000e+01,1.400000000000000000e+01,1.400000000000000000e+01,1.300000000000000000e+01,3.048992999999999842e+00
4.000656794779000336e+01,-8.303749016874000688e+01,8.079999999999999682e-02,3.236600000000000144e+00,-3.973029809225800402e-01,2.403895672431800024e-01,3.918635980460000168e-02,7.719186999999999577e-01,-4.402110089999999865e-01,8.886524973500000613e+01,2.024000000000000000e+03,1.100000000000000000e+01,1.400000000000000000e+01,1.400000000000000000e+01,1.300000000000000000e+01,3.104258999999999880e+00
4.000656800130000335e+01,-8.303748750433000225e+01,8.659999999999999643e-02,3.253200000000000092e+00,-1.015332841761400068e-01,4.384745821944199817e-01,-3.574918026639999948e-03,7.732989580000000363e-01,-4.115439699999999812e-01,8.881687395400000185e+01,2.024000000000000000e+03,1.100000000000000000e+01,1.400000000000000000e+01,1.400000000000000000e+01,1.300000000000000000e+01,3.159342000000000095e+00
4.000656805407000149e+01,-8.303748482417999810e+01,9.089999999999999469e-02,3.274399999999999977e+00,-6.426832155943999758e-02,2.851115759016999984e-01,4.167682442147999794e-02,7.908612489999999884e-01,-3.928810690000000272e-01,8.877360749999999712e+01,2.024000000000000000e+03,1.100000000000000000e+01,1.400000000000000000e+01,1.400000000000000000e+01,1.300000000000000000e+01,3.215504000000000140e+00
4.000656813303999826e+01,-8.303748135554999976e+01,1.116000000000000048e-01,3.296800000000000175e+00,-4.428634872422599900e-01,4.898039219971400127e-01,1.158960823233800008e-01,7.872908800000000262e-01,-3.828770129999999883e-01,8.871035473499999569e+01,2.024000000000000000e+03,1.100000000000000000e+01,1.400000000000000000e+01,1.400000000000000000e+01,1.300000000000000000e+01,3.270703000000000138e+00
4.000656818315999885e+01,-8.303747942027999329e+01,1.170999999999999958e-01,3.303599999999999870e+00,-1.479654707477399966e-01,2.699962353851400043e-01,3.123306907443400005e-01,7.604069089999999642e-01,-3.847021840000000026e-01,8.867353609299999562e+01,2.024000000000000000e+03,1.100000000000000000e+01,1.400000000000000000e+01,1.400000000000000000e+01,1.300000000000000000e+01,3.324357000000000006e+00
4.000656824285999846e+01,-8.303747709321000059e+01,1.110000000000000014e-01,3.311900000000000066e+00,2.570992437816400078e-01,3.223866949681200023e-01,1.476104264814999956e-01,7.451376050000000362e-01,-3.778042839999999902e-01,8.863299892599999907e+01,2.024000000000000000e+03,1.100000000000000000e+01,1.400000000000000000e+01,1.400000000000000000e+01,1.300000000000000000e+01,3.378697999999999979e+00
4.000656829105999890e+01,-8.303747514632000559e+01,1.108999999999999986e-01,3.327199999999999935e+00,-2.963532938682000156e-02,5.800142562393999501e-01,-2.718675555534000310e-02,7.499418599999999602e-01,-3.830639470000000157e-01,8.860101658099999611e+01,2.024000000000000000e+03,1.100000000000000000e+01,1.400000000000000000e+01,1.400000000000000000e+01,1.300000000000000000e+01,3.433510000000000062e+00
4.000656835166999770e+01,-8.303747280275000264e+01,1.176999999999999991e-01,3.333600000000000119e+00,-8.881284347979999383e-02,1.269852513210600053e-01,2.947164904004000163e-02,7.350452109999999761e-01,-4.112087130000000035e-01,8.855986079999999561e+01,2.024000000000000000e+03,1.100000000000000000e+01,1.400000000000000000e+01,1.400000000000000000e+01,1.300000000000000000e+01,3.488541000000000114e+00
4.000656840039999906e+01,-8.303747084993000271e+01,1.072000000000000036e-01,3.328399999999999803e+00,3.835591987134400194e-01,-1.862259961901200078e-01,-4.284850342971999876e-02,7.267205119999999852e-01,-4.324913959999999724e-01,8.852195566700000029e+01,2.024000000000000000e+03,1.100000000000000000e+01,1.400000000000000000e+01,1.400000000000000000e+01,1.300000000000000000e+01,3.543441000000000063e+00
4.000656844620999664e+01,-8.303746890038000572e+01,1.052000000000000018e-01,3.321099999999999941e+00,-4.252577024309999593e-02,-3.158196489810000118e-01,4.816384540365999806e-02,7.453603460000000069e-01,-4.500069270000000010e-01,8.848521320599999740e+01,2.024000000000000000e+03,1.100000000000000000e+01,1.400000000000000000e+01,1.400000000000000000e+01,1.300000000000000000e+01,3.599382999999999999e+00
4.000656850456999791e+01,-8.303746656462999454e+01,1.175999999999999962e-01,3.317299999999999915e+00,-7.142275775405200200e-01,-2.377194825585599858e-01,2.073028214466000191e-02,7.572343019999999703e-01,-4.622981740000000062e-01,8.844890778399999931e+01,2.024000000000000000e+03,1.100000000000000000e+01,1.400000000000000000e+01,1.400000000000000000e+01,1.300000000000000000e+01,3.654748999999999803e+00
4.000656856748000223e+01,-8.303746423082000661e+01,1.219999999999999973e-01,3.315500000000000114e+00,-2.411902407285800298e-01,-1.439190082834400086e-01,-3.307893819064799956e-01,7.461953719999999679e-01,-4.753539070000000200e-01,8.842026116899999977e+01,2.024000000000000000e+03,1.100000000000000000e+01,1.400000000000000000e+01,1.400000000000000000e+01,1.300000000000000000e+01,3.709668000000000188e+00
4.000656861958999855e+01,-8.303746228824999775e+01,1.146999999999999964e-01,3.310999999999999943e+00,3.408815923064599795e-01,-1.917569139719199900e-01,-1.214656313733000065e-01,7.416312919999999975e-01,-4.818742639999999966e-01,8.839873737700000333e+01,2.024000000000000000e+03,1.100000000000000000e+01,1.400000000000000000e+01,1.400000000000000000e+01,1.300000000000000000e+01,3.764075000000000060e+00
4.000656867677999884e+01,-8.303745996047000233e+01,1.072000000000000036e-01,3.307100000000000151e+00,2.199871558934199944e-01,-2.807400776935599640e-01,1.679266316802000003e-01,7.666213680000000252e-01,-4.878882399999999731e-01,8.837699827999999513e+01,2.024000000000000000e+03,1.100000000000000000e+01,1.400000000000000000e+01,1.400000000000000000e+01,1.300000000000000000e+01,3.818845000000000045e+00
4.000656873079000064e+01,-8.303745802164000622e+01,1.350999999999999979e-01,3.305299999999999905e+00,-1.528876032087739922e+00,-1.050798669179599937e-01,9.350819398333999610e-02,7.480109959999999836e-01,-4.942033200000000015e-01,8.836703616799999850e+01,2.024000000000000000e+03,1.100000000000000000e+01,1.400000000000000000e+01,1.400000000000000000e+01,1.300000000000000000e+01,3.873898000000000064e+00
4.000656880092000023e+01,-8.303745569730000398e+01,1.272999999999999965e-01,3.300499999999999989e+00,3.647862986741999547e-02,-1.536944581060600001e-01,2.853460255647399801e-01,6.918771529999999670e-01,-5.113328919999999833e-01,8.836196200000000545e+01,2.024000000000000000e+03,1.100000000000000000e+01,1.400000000000000000e+01,1.400000000000000000e+01,1.300000000000000000e+01,3.928071000000000090e+00
4.000656885368999838e+01,-8.303745376559000135e+01,1.125000000000000028e-01,3.290200000000000014e+00,2.790096233982399809e-01,-2.197290445876199927e-01,-9.187749519062000936e-02,6.943075090000000449e-01,-5.176140830000000026e-01,8.836289599200000566e+01,2.024000000000000000e+03,1.100000000000000000e+01,1.400000000000000000e+01,1.400000000000000000e+01,1.300000000000000000e+01,3.983551999999999982e+00
4.000656886368999920e+01,-8.303745337960999962e+01,1.121999999999999942e-01,3.288600000000000190e+00,6.508961227889999979e-01,-6.109217001675200098e-01,-9.777968213469999392e-02,6.976734220000000430e-01,-5.142755669999999890e-01,8.836386016400000187e+01,2.024000000000000000e+03,1.100000000000000000e+01,1.400000000000000000e+01,1.400000000000000000e+01,1.300000000000000000e+01,4.037312000000000012e+00
4.000656892572000345e+01,-8.303745106850999491e+01,1.195999999999999980e-01,3.282300000000000217e+00,-1.990210059344999782e-01,-1.695408340636999911e-01,1.268597960710000083e-01,7.066133629999999943e-01,-5.013122599999999540e-01,8.837175098299999831e+01,2.024000000000000000e+03,1.100000000000000000e+01,1.400000000000000000e+01,1.400000000000000000e+01,1.300000000000000000e+01,4.092565999999999704e+00
4.000656900162999818e+01,-8.303744837566999593e+01,1.213000000000000050e-01,3.279700000000000060e+00,1.108255627304000068e-01,-9.798344311845999521e-02,-1.482083073980000002e-03,6.662059329999999724e-01,-4.899971699999999819e-01,8.838903323700000669e+01,2.024000000000000000e+03,1.100000000000000000e+01,1.400000000000000000e+01,1.400000000000000000e+01,1.300000000000000000e+01,4.147002999999999773e+00
4.000656905262000151e+01,-8.303744645404999858e+01,1.063000000000000056e-01,3.277499999999999858e+00,5.125968623542399571e-01,-9.414177609183999040e-02,-1.280372915381400023e-01,6.501048369999999910e-01,-4.873457119999999865e-01,8.841490878700000167e+01,2.024000000000000000e+03,1.100000000000000000e+01,1.400000000000000000e+01,1.400000000000000000e+01,1.300000000000000000e+01,4.204172999999999938e+00
4.000656913638999868e+01,-8.303744300238000164e+01,9.850000000000000422e-02,3.267399999999999860e+00,1.153004913796000092e-01,-9.623928062036000985e-02,-5.547213458562000321e-02,6.517987459999999844e-01,-4.751223319999999806e-01,8.851395805699999642e+01,2.024000000000000000e+03,1.100000000000000000e+01,1.400000000000000000e+01,1.400000000000000000e+01,1.300000000000000000e+01,4.259228000000000236e+00
4.000656917744999674e+01,-8.303744108863999429e+01,8.390000000000000235e-02,3.263300000000000090e+00,5.527752549017600492e-01,-1.612113000118400030e-01,-1.782598391767999807e-02,6.467129609999999751e-01,-4.647199909999999989e-01,8.859662390200000459e+01,2.024000000000000000e+03,1.100000000000000000e+01,1.400000000000000000e+01,1.400000000000000000e+01,1.300000000000000000e+01,4.314245999999999803e+00
4.000656921982000114e+01,-8.303743879600999378e+01,6.950000000000000622e-02,3.258900000000000130e+00,5.355916450251799743e-01,-3.086932702283999921e-02,-5.653232214423999785e-02,6.471872570000000158e-01,-4.447801869999999935e-01,8.872002665499999807e+01,2.024000000000000000e+03,1.100000000000000000e+01,1.400000000000000000e+01,1.400000000000000000e+01,1.300000000000000000e+01,4.369796000000000014e+00
4.000656924778999723e+01,-8.303743688551000446e+01,5.390000000000000346e-02,3.259399999999999853e+00,8.479251715165000425e-01,-1.714937620431999932e-02,1.630580486462400169e-01,6.580057190000000444e-01,-4.373002890000000087e-01,8.883427618800000403e+01,2.024000000000000000e+03,1.100000000000000000e+01,1.400000000000000000e+01,1.400000000000000000e+01,1.300000000000000000e+01,4.425201000000000384e+00
4.000656927346000202e+01,-8.303743459464999432e+01,4.170000000000000095e-02,3.253800000000000026e+00,2.622385612236199925e-01,-2.586483266491800270e-01,8.003855530095999038e-02,6.872867049999999978e-01,-4.375552710000000234e-01,8.897882712199999844e+01,2.024000000000000000e+03,1.100000000000000000e+01,1.400000000000000000e+01,1.400000000000000000e+01,1.300000000000000000e+01,4.480400000000000382e+00
4.000656929141999996e+01,-8.303743269038000108e+01,3.719999999999999696e-02,3.245099999999999874e+00,1.459542932546200045e-01,-3.305898001386599616e-01,2.753979110696400112e-01,7.096157570000000137e-01,-4.297690379999999921e-01,8.910201936500000386e+01,2.024000000000000000e+03,1.100000000000000000e+01,1.400000000000000000e+01,1.400000000000000000e+01,1.300000000000000000e+01,4.535108000000000139e+00
4.000656930859999960e+01,-8.303743041165999728e+01,2.489999999999999852e-02,3.236600000000000144e+00,2.042750549719999920e-01,-1.143843234749599980e-01,9.349066025170001126e-02,7.337349269999999812e-01,-4.067110870000000267e-01,8.924629369400000201e+01,2.024000000000000000e+03,1.100000000000000000e+01,1.400000000000000000e+01,1.400000000000000000e+01,1.300000000000000000e+01,4.592980999999999980e+00
4.000656932206999983e+01,-8.303742851475999487e+01,3.320000000000000034e-02,3.235899999999999999e+00,-4.393372796278999792e-01,-2.011818977121999918e-02,-1.237570571106999945e-01,7.441576090000000532e-01,-3.862602350000000073e-01,8.936514647900000341e+01,2.024000000000000000e+03,1.100000000000000000e+01,1.400000000000000000e+01,1.400000000000000000e+01,1.300000000000000000e+01,4.647002999999999773e+00
4.000656934389999719e+01,-8.303742623856000193e+01,4.599999999999999922e-02,3.237099999999999866e+00,-4.529553865702999893e-01,4.444793702779999828e-02,-1.992419927450199968e-01,7.141893219999999598e-01,-3.781818889999999933e-01,8.951018286699999749e+01,2.024000000000000000e+03,1.100000000000000000e+01,1.400000000000000000e+01,1.400000000000000000e+01,1.300000000000000000e+01,4.702589999999999826e+00
4.000656936224999782e+01,-8.303742434212999513e+01,3.710000000000000103e-02,3.234399999999999942e+00,1.427937822586199945e-01,-7.250173668840000085e-02,-5.629584225847999307e-02,6.809699190000000346e-01,-3.844553150000000197e-01,8.963343194700000538e+01,2.024000000000000000e+03,1.100000000000000000e+01,1.400000000000000000e+01,1.400000000000000000e+01,1.300000000000000000e+01,4.758619000000000376e+00
4.000656937630999721e+01,-8.303742207210000004e+01,1.729999999999999941e-02,3.220800000000000107e+00,5.215996562319600294e-01,-4.846262863547200483e-01,6.472986232924000938e-02,6.750893040000000012e-01,-3.855394759999999921e-01,8.977971126399999946e+01,2.024000000000000000e+03,1.100000000000000000e+01,1.400000000000000000e+01,1.400000000000000000e+01,1.300000000000000000e+01,4.814239999999999853e+00
4.000656938344000224e+01,-8.303741981025000030e+01,4.499999999999999660e-03,3.213299999999999823e+00,5.439571606844799678e-01,-1.741905099957800074e-01,1.477083985047799863e-01,6.619628870000000553e-01,-3.624602319999999933e-01,8.992568784200000209e+01,2.024000000000000000e+03,1.100000000000000000e+01,1.400000000000000000e+01,1.400000000000000000e+01,1.300000000000000000e+01,4.869177999999999784e+00
4.000656938294999776e+01,-8.303741792622000162e+01,-1.009999999999999960e-02,3.216400000000000148e+00,6.419914130733800350e-01,1.193936026588600097e-01,-1.859278221666000111e-02,6.505094340000000530e-01,-3.497914810000000152e-01,9.005278248099999416e+01,2.024000000000000000e+03,1.100000000000000000e+01,1.400000000000000000e+01,1.400000000000000000e+01,1.300000000000000000e+01,4.923913999999999902e+00
4.000656937330000318e+01,-8.303741566256999818e+01,-3.059999999999999873e-02,3.220899999999999874e+00,8.244651544135200849e-01,1.597220165465000064e-01,-7.235890907873999967e-02,6.542884960000000527e-01,-3.662297529999999912e-01,9.021535152699999571e+01,2.024000000000000000e+03,1.100000000000000000e+01,1.400000000000000000e+01,1.400000000000000000e+01,1.300000000000000000e+01,4.982420000000000293e+00
4.000656937059999763e+01,-8.303741528502999358e+01,-3.330000000000000321e-02,3.221299999999999830e+00,7.422870498182599919e-01,1.402606801325000097e-01,-1.814096239790599918e-01,6.564381230000000400e-01,-3.710837169999999796e-01,9.024263963200000660e+01,2.024000000000000000e+03,1.100000000000000000e+01,1.400000000000000000e+01,1.400000000000000000e+01,1.300000000000000000e+01,5.038655999999999580e+00
4.000656935645000090e+01,-8.303741339849999292e+01,-3.420000000000000123e-02,3.217999999999999972e+00,6.460224808704000121e-02,-5.836644000564000095e-02,-6.707341865450000551e-02,6.696146739999999653e-01,-3.974146080000000025e-01,9.038031012800000497e+01,2.024000000000000000e+03,1.100000000000000000e+01,1.400000000000000000e+01,1.400000000000000000e+01,1.300000000000000000e+01,5.093131999999999771e+00
4.000656933239999802e+01,-8.303741076125000120e+01,-4.660000000000000253e-02,3.209299999999999820e+00,6.686413157274800900e-01,-4.347954859372600289e-01,1.712592509026999998e-01,6.741581949999999601e-01,-4.267124389999999989e-01,9.056988315099999909e+01,2.024000000000000000e+03,1.100000000000000000e+01,1.400000000000000000e+01,1.400000000000000000e+01,1.300000000000000000e+01,5.149671999999999805e+00
4.000656931099999980e+01,-8.303740888173000201e+01,-4.809999999999999692e-02,3.199199999999999822e+00,-9.949323364859999352e-03,-4.235281291090800537e-01,1.547154959384400008e-01,6.874719360000000057e-01,-4.375641559999999819e-01,9.070191012700000499e+01,2.024000000000000000e+03,1.100000000000000000e+01,1.400000000000000000e+01,1.400000000000000000e+01,1.300000000000000000e+01,5.207805999999999713e+00
4.000656927053000089e+01,-8.303740513306000537e+01,-4.819999999999999979e-02,3.194799999999999862e+00,2.579133499190000012e-01,3.049088016156000294e-02,-1.438352423492200161e-01,6.564965139999999755e-01,-4.323633080000000017e-01,9.096588434299999903e+01,2.024000000000000000e+03,1.100000000000000000e+01,1.400000000000000000e+01,1.400000000000000000e+01,1.300000000000000000e+01,5.263455999999999690e+00
4.000656924206000298e+01,-8.303740288558999794e+01,-5.609999999999999709e-02,3.191300000000000026e+00,1.580377476462999919e-01,-1.633395099019600005e-01,2.522634798165999948e-02,6.357380379999999498e-01,-4.453551669999999962e-01,9.112409984299999621e+01,2.024000000000000000e+03,1.100000000000000000e+01,1.400000000000000000e+01,1.400000000000000000e+01,1.300000000000000000e+01,5.318673999999999680e+00
4.000656921105999686e+01,-8.303740101568000398e+01,-8.010000000000000453e-02,3.186300000000000132e+00,4.492820460899199508e-01,-9.985326054104000371e-02,5.709923980234000301e-02,6.305494230000000533e-01,-4.555207410000000068e-01,9.125420243499999629e+01,2.024000000000000000e+03,1.100000000000000000e+01,1.400000000000000000e+01,1.400000000000000000e+01,1.300000000000000000e+01,5.373961000000000432e+00
4.000656916223000081e+01,-8.303739877254000135e+01,-9.450000000000000067e-02,3.188000000000000167e+00,1.083561523809999927e-01,7.939778614278000801e-02,2.096590845000600167e-01,6.676771889999999487e-01,-4.776293469999999819e-01,9.141031619599999658e+01,2.024000000000000000e+03,1.100000000000000000e+01,1.400000000000000000e+01,1.400000000000000000e+01,1.300000000000000000e+01,5.431972000000000023e+00
4.000656912153999656e+01,-8.303739690314999677e+01,-8.790000000000000591e-02,3.188899999999999846e+00,-2.612038929291800038e-01,7.273997278909999364e-02,-1.575160548157999996e-02,6.634916140000000073e-01,-5.066069410000000328e-01,9.154238513900000385e+01,2.024000000000000000e+03,1.100000000000000000e+01,1.400000000000000000e+01,1.400000000000000000e+01,1.300000000000000000e+01,5.487506999999999913e+00
4.000656907047999766e+01,-8.303739465991000657e+01,-9.760000000000000620e-02,3.187600000000000211e+00,9.110751141975999279e-02,-2.009120835884000214e-02,-1.771980854206400002e-01,6.419438969999999856e-01,-5.526078850000000209e-01,9.170258153499999310e+01,2.024000000000000000e+03,1.100000000000000000e+01,1.400000000000000000e+01,1.400000000000000000e+01,1.300000000000000000e+01,5.542523000000000089e+00
4.000656902304000084e+01,-8.303739279283000485e+01,-1.117999999999999966e-01,3.181400000000000006e+00,4.938482955459400081e-01,-1.648299391246400014e-01,-1.851710233883200052e-01,6.457119540000000324e-01,-5.855280819999999498e-01,9.183587149400000271e+01,2.024000000000000000e+03,1.100000000000000000e+01,1.400000000000000000e+01,1.400000000000000000e+01,1.300000000000000000e+01,5.600541999999999909e+00
4.000656895883000175e+01,-8.303739055555999471e+01,-1.265999999999999903e-01,3.178799999999999848e+00,2.798262668001599840e-01,-1.828937633069999819e-02,6.642044035059999768e-03,6.687111629999999973e-01,-6.223992250000000004e-01,9.199170295099999350e+01,2.024000000000000000e+03,1.100000000000000000e+01,1.400000000000000000e+01,1.400000000000000000e+01,1.300000000000000000e+01,5.657052000000000191e+00
4.000656888993000138e+01,-8.303738832176000528e+01,-1.290000000000000036e-01,3.168099999999999916e+00,9.054699161514000172e-02,-6.506241829247200181e-01,2.098367571179599878e-01,6.827921970000000451e-01,-6.608470499999999914e-01,9.214012963899999420e+01,2.024000000000000000e+03,1.100000000000000000e+01,1.400000000000000000e+01,1.400000000000000000e+01,1.300000000000000000e+01,5.711928999999999590e+00
4.000656883093999738e+01,-8.303738646716000460e+01,-1.363000000000000045e-01,3.157399999999999984e+00,4.220597315684600503e-01,-4.255208222262200080e-01,3.094379861320000098e-03,6.796281920000000198e-01,-6.695338170000000311e-01,9.226176755699999887e+01,2.024000000000000000e+03,1.100000000000000000e+01,1.400000000000000000e+01,1.400000000000000000e+01,1.300000000000000000e+01,5.767852999999999675e+00
4.000656875623000275e+01,-8.303738424687000474e+01,-1.416999999999999926e-01,3.153300000000000214e+00,2.019821067472600262e-01,-1.423199050661400067e-01,-1.019999148207799966e-01,6.846869559999999577e-01,-6.651660339999999616e-01,9.241312446800000657e+01,2.024000000000000000e+03,1.100000000000000000e+01,1.400000000000000000e+01,1.400000000000000000e+01,1.300000000000000000e+01,5.826100000000000279e+00
4.000656868194000282e+01,-8.303738202728000317e+01,-1.365000000000000102e-01,3.154999999999999805e+00,-1.404444749641000079e-01,1.732568003147999872e-02,-1.551733358404999985e-01,6.779856189999999838e-01,-6.670521950000000144e-01,9.256841158699999994e+01,2.024000000000000000e+03,1.100000000000000000e+01,1.400000000000000000e+01,1.400000000000000000e+01,1.300000000000000000e+01,5.882088999999999679e+00
4.000656860795999847e+01,-8.303737980805999541e+01,-1.385000000000000120e-01,3.152600000000000069e+00,5.736910958449999848e-02,-1.278309428210999965e-01,-1.930421496671599901e-01,6.524158209999999514e-01,-6.772135280000000090e-01,9.272022572599999535e+01,2.024000000000000000e+03,1.100000000000000000e+01,1.400000000000000000e+01,1.400000000000000000e+01,1.300000000000000000e+01,5.938666999999999696e+00
4.000656854326000200e+01,-8.303737796036000418e+01,-1.489999999999999936e-01,3.149900000000000144e+00,3.858226770257600080e-01,-9.184600256577998834e-02,6.337132781081999955e-02,6.283881150000000249e-01,-6.846894820000000159e-01,9.284128237900000613e+01,2.024000000000000000e+03,1.100000000000000000e+01,1.400000000000000000e+01,1.400000000000000000e+01,1.300000000000000000e+01,5.994788999999999923e+00
4.000656852985999734e+01,-8.303737759128000562e+01,-1.502999999999999892e-01,3.149399999999999977e+00,1.710021210090399979e-01,-4.855120446464000067e-02,3.772402128035999558e-02,6.248255849999999612e-01,-6.861042010000000246e-01,9.286516573500000504e+01,2.024000000000000000e+03,1.100000000000000000e+01,1.400000000000000000e+01,1.400000000000000000e+01,1.300000000000000000e+01,6.052872999999999948e+00
4.000656844360999997e+01,-8.303737537790999568e+01,-1.668999999999999928e-01,3.141500000000000181e+00,4.762550167276000113e-01,-2.741375007799999874e-01,1.934650440756000012e-02,6.206772529999999843e-01,-6.924674650000000042e-01,9.300767200399999979e+01,2.024000000000000000e+03,1.100000000000000000e+01,1.400000000000000000e+01,1.400000000000000000e+01,1.300000000000000000e+01,6.109859000000000151e+00
4.000656830444000178e+01,-8.303737206770999535e+01,-1.759999999999999898e-01,3.135299999999999976e+00,2.141954279376600268e-01,-1.207305521372400020e-01,1.065160641343399911e-01,6.031563979999999825e-01,-6.887579529999999783e-01,9.323219707399999834e+01,2.024000000000000000e+03,1.100000000000000000e+01,1.400000000000000000e+01,1.400000000000000000e+01,1.300000000000000000e+01,6.167870999999999881e+00
4.000656818334000064e+01,-8.303736950024000407e+01,-2.028000000000000080e-01,3.130900000000000016e+00,8.127163891202598967e-01,3.238754023660000113e-03,-5.044301536298000099e-02,6.069154660000000145e-01,-6.876613630000000255e-01,9.340803445100000602e+01,2.024000000000000000e+03,1.100000000000000000e+01,1.400000000000000000e+01,1.400000000000000000e+01,1.300000000000000000e+01,6.224643000000000370e+00
4.000656807211999677e+01,-8.303736730081000417e+01,-2.041000000000000036e-01,3.129100000000000215e+00,1.857678580498000123e-02,-8.807312448027999896e-02,-1.171505051863799968e-01,6.207245949999999901e-01,-6.928916130000000173e-01,9.355245411600000693e+01,2.024000000000000000e+03,1.100000000000000000e+01,1.400000000000000000e+01,1.400000000000000000e+01,1.300000000000000000e+01,6.283160999999999774e+00
4.000656796514000035e+01,-8.303736510573000373e+01,-1.908999999999999864e-01,3.118799999999999795e+00,-2.834969403434799973e-01,-4.273199248036200215e-01,-1.198563209830399989e-01,5.849366190000000465e-01,-6.907002620000000093e-01,9.369694119499999374e+01,2.024000000000000000e+03,1.100000000000000000e+01,1.400000000000000000e+01,1.400000000000000000e+01,1.300000000000000000e+01,6.343104000000000298e+00
4.000656787674000014e+01,-8.303736328322999327e+01,-1.993000000000000049e-01,3.106300000000000061e+00,4.909619791852199988e-01,-5.156474031620400522e-01,-7.922376372960000801e-02,5.479312109999999736e-01,-6.649794749999999866e-01,9.381861412700000358e+01,2.024000000000000000e+03,1.100000000000000000e+01,1.400000000000000000e+01,1.400000000000000000e+01,1.300000000000000000e+01,6.401699999999999946e+00
4.000656774379000069e+01,-8.303736074037000492e+01,-2.142000000000000015e-01,3.100099999999999856e+00,2.551569516354200151e-01,-8.588517548637999988e-02,-9.583498292891999559e-02,5.478079019999999577e-01,-6.056617140000000177e-01,9.399498984299999904e+01,2.024000000000000000e+03,1.100000000000000000e+01,1.400000000000000000e+01,1.400000000000000000e+01,1.300000000000000000e+01,6.458423999999999943e+00
4.000656764375000307e+01,-8.303735892490000481e+01,-2.257000000000000117e-01,3.101300000000000168e+00,4.780501232565200209e-01,6.031194982060000820e-02,-1.939030112892199953e-01,5.526812119999999773e-01,-5.694718260000000143e-01,9.411941613000000473e+01,2.024000000000000000e+03,1.100000000000000000e+01,1.400000000000000000e+01,1.400000000000000000e+01,1.300000000000000000e+01,6.518443999999999683e+00
4.000656747378000233e+01,-8.303735601770000585e+01,-2.417999999999999872e-01,3.103099999999999969e+00,7.289288025406199800e-01,-5.161051110773999528e-02,2.831103867266799856e-01,5.381636269999999778e-01,-5.496880119999999481e-01,9.431477271500000370e+01,2.024000000000000000e+03,1.100000000000000000e+01,1.400000000000000000e+01,1.400000000000000000e+01,1.300000000000000000e+01,6.594806000000000168e+00
4.000656733734000170e+01,-8.303735384101000250e+01,-2.566999999999999837e-01,3.093599999999999905e+00,6.117805198601600214e-01,-2.878407160759000050e-01,1.315582115577400013e-01,5.457571869999999770e-01,-5.369120880000000096e-01,9.445834604799999568e+01,2.024000000000000000e+03,1.100000000000000000e+01,1.400000000000000000e+01,1.400000000000000000e+01,1.300000000000000000e+01,6.650377999999999901e+00
4.000656721811999716e+01,-8.303735203057000547e+01,-2.646999999999999909e-01,3.090700000000000003e+00,1.623891048484600030e-01,-1.115072841265999926e-01,-7.460217476816000115e-02,5.697835789999999845e-01,-5.181872600000000384e-01,9.457762327099999311e+01,2.024000000000000000e+03,1.100000000000000000e+01,1.400000000000000000e+01,1.400000000000000000e+01,1.300000000000000000e+01,6.707392999999999716e+00
4.000656707414000124e+01,-8.303734985759000153e+01,-2.631000000000000005e-01,3.094300000000000050e+00,1.356002895334000070e-02,9.749956848429999767e-02,2.930297422603999821e-02,5.859504639999999487e-01,-5.062291060000000398e-01,9.472163135399999589e+01,2.024000000000000000e+03,1.100000000000000000e+01,1.400000000000000000e+01,1.400000000000000000e+01,1.300000000000000000e+01,6.763849999999999696e+00
4.000656692841999984e+01,-8.303734768485000473e+01,-2.697999999999999843e-01,3.089700000000000113e+00,1.973355901969400250e-01,-2.743056389184800326e-01,-3.001846862340999955e-01,5.871513010000000143e-01,-5.079395399999999672e-01,9.486653136099999983e+01,2.024000000000000000e+03,1.100000000000000000e+01,1.400000000000000000e+01,1.400000000000000000e+01,1.300000000000000000e+01,6.820744999999999614e+00
4.000656680251999830e+01,-8.303734587866000538e+01,-2.827999999999999958e-01,3.080099999999999838e+00,4.726569357186000131e-01,-3.541870232438399935e-01,-1.635139156078400102e-01,5.994734600000000135e-01,-4.984156209999999754e-01,9.498461349400000131e+01,2.024000000000000000e+03,1.100000000000000000e+01,1.400000000000000000e+01,1.400000000000000000e+01,1.300000000000000000e+01,6.877758000000000038e+00
4.000656664456000300e+01,-8.303734371621999344e+01,-2.944999999999999840e-01,3.076900000000000190e+00,4.250437156549800033e-01,-5.701463005817999918e-02,1.219620205690400139e-01,6.335179920000000298e-01,-4.738074360000000262e-01,9.511825037699999541e+01,2.024000000000000000e+03,1.100000000000000000e+01,1.400000000000000000e+01,1.400000000000000000e+01,1.300000000000000000e+01,6.935076999999999714e+00
4.000656648550999961e+01,-8.303734155527999405e+01,-2.918999999999999928e-01,3.073900000000000077e+00,-1.641700608984000137e-02,-1.388139664118999972e-01,2.137417507751399881e-01,6.450212320000000554e-01,-4.586195109999999797e-01,9.524489198099999498e+01,2.024000000000000000e+03,1.100000000000000000e+01,1.400000000000000000e+01,1.400000000000000000e+01,1.300000000000000000e+01,6.991638000000000019e+00
4.000656645915000098e+01,-8.303734119544999714e+01,-2.909999999999999809e-01,3.072499999999999787e+00,-8.488551288017999463e-02,-2.011073496999000176e-01,2.184459776628400185e-01,6.455504730000000135e-01,-4.569989790000000274e-01,9.526606249399999626e+01,2.024000000000000000e+03,1.100000000000000000e+01,1.400000000000000000e+01,1.400000000000000000e+01,1.300000000000000000e+01,7.047819999999999752e+00
4.000656630038000117e+01,-8.303733903917999726e+01,-2.923000000000000043e-01,3.067699999999999871e+00,8.094266869518000618e-02,-8.144560608381999633e-02,1.108246503202999916e-01,6.432619010000000248e-01,-4.388442770000000048e-01,9.539171423400000549e+01,2.024000000000000000e+03,1.100000000000000000e+01,1.400000000000000000e+01,1.400000000000000000e+01,1.300000000000000000e+01,7.104644000000000403e+00
4.000656606415000027e+01,-8.303733580630999711e+01,-2.897000000000000131e-01,3.067099999999999937e+00,-8.069187130471999758e-02,3.155973682070000591e-02,2.461537403353999953e-02,6.401774719999999697e-01,-4.227417270000000116e-01,9.557798803500000417e+01,2.024000000000000000e+03,1.100000000000000000e+01,1.400000000000000000e+01,1.400000000000000000e+01,1.300000000000000000e+01,7.163331999999999589e+00
4.000656588508999789e+01,-8.303733329048000655e+01,-2.839999999999999747e-01,3.063299999999999912e+00,-7.757418885118000373e-02,-2.321820867763799978e-01,4.710679573186000307e-02,6.082677140000000149e-01,-4.357167279999999976e-01,9.571114258299999733e+01,2.024000000000000000e+03,1.100000000000000000e+01,1.400000000000000000e+01,1.400000000000000000e+01,1.300000000000000000e+01,7.221330000000000027e+00
4.000656572593000249e+01,-8.303733114156999306e+01,-3.084999999999999964e-01,3.049500000000000099e+00,9.095609657022000194e-01,-3.452355252236800065e-01,1.563488261214000113e-02,5.891281099999999826e-01,-4.363197919999999841e-01,9.581409077099999649e+01,2.024000000000000000e+03,1.100000000000000000e+01,1.400000000000000000e+01,1.400000000000000000e+01,1.300000000000000000e+01,7.278762000000000398e+00
4.000656558528000062e+01,-8.303732935595999720e+01,-3.206999999999999851e-01,3.044000000000000039e+00,5.360524565791400242e-01,-1.891688310202799816e-01,-3.330025023423999891e-02,6.013683690000000137e-01,-4.296394250000000192e-01,9.589629487099999494e+01,2.024000000000000000e+03,1.100000000000000000e+01,1.400000000000000000e+01,1.400000000000000000e+01,1.300000000000000000e+01,7.334978999999999694e+00
4.000656541243999698e+01,-8.303732721554999330e+01,-3.251000000000000001e-01,3.043800000000000061e+00,2.403876241503999922e-01,2.364365842932000111e-02,3.904215504594000380e-02,6.046951339999999675e-01,-4.291254059999999870e-01,9.599689084000000605e+01,2.024000000000000000e+03,1.100000000000000000e+01,1.400000000000000000e+01,1.400000000000000000e+01,1.300000000000000000e+01,7.391073999999999700e+00
4.000656526544999991e+01,-8.303732543137999755e+01,-3.323999999999999733e-01,3.044099999999999806e+00,3.549724933337400357e-01,4.975347998519999947e-03,-1.844690264434399873e-01,6.021450090000000088e-01,-4.409298790000000245e-01,9.608361217200000226e+01,2.024000000000000000e+03,1.100000000000000000e+01,1.400000000000000000e+01,1.400000000000000000e+01,1.300000000000000000e+01,7.447691999999999979e+00
4.000656511620000089e+01,-8.303732364887000017e+01,-3.366999999999999993e-01,3.040200000000000014e+00,2.906344180327600224e-01,-1.151295139677799978e-01,-5.121094368912000594e-02,6.116566620000000176e-01,-4.560610199999999836e-01,9.617444134000000133e+01,2.024000000000000000e+03,1.100000000000000000e+01,1.400000000000000000e+01,1.400000000000000000e+01,1.300000000000000000e+01,7.503125999999999962e+00
4.000656493710999939e+01,-8.303732151507000481e+01,-3.343999999999999750e-01,3.029199999999999893e+00,5.519136844519999946e-03,-1.890879863685800133e-01,3.150824384795999911e-02,6.208377739999999534e-01,-4.657292049999999795e-01,9.628406847200000129e+01,2.024000000000000000e+03,1.100000000000000000e+01,1.400000000000000000e+01,1.400000000000000000e+01,1.300000000000000000e+01,7.561917000000000222e+00
4.000656472592000057e+01,-8.303731903194000097e+01,-3.413999999999999813e-01,3.024500000000000188e+00,2.749028600863400174e-01,-6.926260464621999957e-02,-1.288635977327999907e-02,6.252376950000000377e-01,-4.575300030000000184e-01,9.640370646300000601e+01,2.024000000000000000e+03,1.100000000000000000e+01,1.400000000000000000e+01,1.400000000000000000e+01,1.300000000000000000e+01,7.621668999999999805e+00
4.000656454151000219e+01,-8.303731690549000177e+01,-3.413999999999999813e-01,3.023699999999999832e+00,-2.081941410919799784e-01,-6.019533160906000158e-02,2.163632883400599949e-01,6.336868300000000342e-01,-4.613624279999999911e-01,9.650446565800000087e+01,2.024000000000000000e+03,1.100000000000000000e+01,1.400000000000000000e+01,1.400000000000000000e+01,1.300000000000000000e+01,7.679071999999999676e+00
4.000656435754000029e+01,-8.303731478174999836e+01,-3.416000000000000147e-01,3.016199999999999992e+00,-1.898606430200000137e-04,-2.970323296886799858e-01,1.341792564749600125e-01,6.213205990000000289e-01,-4.700074140000000122e-01,9.660767114700000491e+01,2.024000000000000000e+03,1.100000000000000000e+01,1.400000000000000000e+01,1.400000000000000000e+01,1.300000000000000000e+01,7.738274999999999793e+00
4.000656420419999648e+01,-8.303731301701999712e+01,-3.432000000000000051e-01,3.007899999999999796e+00,1.155131761575000082e-01,-3.070113530700600002e-01,2.287757840695999953e-02,6.085022759999999531e-01,-4.638375120000000074e-01,9.669773088799999528e+01,2.024000000000000000e+03,1.100000000000000000e+01,1.400000000000000000e+01,1.400000000000000000e+01,1.300000000000000000e+01,7.798479999999999634e+00
4.000656401538999773e+01,-8.303731090668999570e+01,-3.548999999999999932e-01,2.995099999999999874e+00,3.455097452186600138e-01,-4.071225705909600201e-01,5.651447091470000045e-02,6.123704720000000545e-01,-4.475300119999999771e-01,9.680065623599999469e+01,2.024000000000000000e+03,1.100000000000000000e+01,1.400000000000000000e+01,1.400000000000000000e+01,1.300000000000000000e+01,7.855630999999999808e+00
4.000656382671999722e+01,-8.303730880051000440e+01,-3.488999999999999879e-01,2.997300000000000075e+00,-1.361225118611599783e-01,1.634115600928200129e-01,2.713640844947800002e-01,5.974934090000000309e-01,-4.259731909999999733e-01,9.690193105000000173e+01,2.024000000000000000e+03,1.100000000000000000e+01,1.400000000000000000e+01,1.400000000000000000e+01,1.300000000000000000e+01,7.911959000000000408e+00
4.000656366882000015e+01,-8.303730704346000380e+01,-3.579999999999999849e-01,2.999899999999999789e+00,5.123171297794599788e-01,1.388217467270599914e-01,-9.882724093897998774e-02,5.670977710000000283e-01,-4.320624060000000100e-01,9.698295104000000322e+01,2.024000000000000000e+03,1.100000000000000000e+01,1.400000000000000000e+01,1.400000000000000000e+01,1.300000000000000000e+01,7.971405999999999992e+00
4.000656357191999746e+01,-8.303730598919999295e+01,-3.618999999999999995e-01,2.999099999999999877e+00,1.398547163667999971e-01,9.182235512119999582e-03,-1.638043662119999938e-02,5.538258729999999685e-01,-4.422123880000000118e-01,9.703365105999999685e+01,2.024000000000000000e+03,1.100000000000000000e+01,1.400000000000000000e+01,1.400000000000000000e+01,1.300000000000000000e+01,8.027328000000000685e+00
4.000656340639999797e+01,-8.303730423362999602e+01,-3.735999999999999877e-01,2.993799999999999795e+00,3.905157794658200010e-01,-1.549575686877400216e-01,-2.688284883770400424e-01,5.558920819999999541e-01,-4.642485450000000125e-01,9.711784198799999501e+01,2.024000000000000000e+03,1.100000000000000000e+01,1.400000000000000000e+01,1.400000000000000000e+01,1.300000000000000000e+01,8.084754999999999470e+00
4.000656316960999703e+01,-8.303730178073999468e+01,-3.794000000000000150e-01,2.987099999999999866e+00,1.466297764014999894e-01,-1.884784905639000085e-01,2.297777731420000066e-02,5.716332290000000205e-01,-4.905178159999999954e-01,9.723880244199999368e+01,2.024000000000000000e+03,1.100000000000000000e+01,1.400000000000000000e+01,1.400000000000000000e+01,1.300000000000000000e+01,8.141581000000000401e+00
4.000656299839000241e+01,-8.303730003087000000e+01,-3.860999999999999988e-01,2.979400000000000048e+00,2.749887180785799967e-01,-2.853335285351800144e-01,-7.479546253819999158e-02,5.703793489999999800e-01,-5.058463930000000053e-01,9.732156952900000135e+01,2.024000000000000000e+03,1.100000000000000000e+01,1.400000000000000000e+01,1.400000000000000000e+01,1.300000000000000000e+01,8.198807999999999652e+00
4.000656268427000128e+01,-8.303729689169000494e+01,-3.920000000000000151e-01,2.969899999999999984e+00,-2.156848760928000222e-02,-1.287542356096399998e-01,-4.322144092456000480e-02,5.722609499999999905e-01,-5.110419179999999839e-01,9.746582033699999670e+01,2.024000000000000000e+03,1.100000000000000000e+01,1.400000000000000000e+01,1.400000000000000000e+01,1.300000000000000000e+01,8.256280999999999537e+00
4.000656247242000063e+01,-8.303729480395999474e+01,-3.950000000000000178e-01,2.963799999999999990e+00,3.661965716700000401e-02,-1.887991753029999997e-01,-3.745264859171999750e-02,5.807629349999999802e-01,-5.141776089999999799e-01,9.756641712399999733e+01,2.024000000000000000e+03,1.100000000000000000e+01,1.400000000000000000e+01,1.400000000000000000e+01,1.300000000000000000e+01,8.312395999999999674e+00
4.000656226059999909e+01,-8.303729271951000612e+01,-3.946000000000000063e-01,2.961599999999999788e+00,1.477093304120000086e-03,1.993450333356000179e-02,-8.912187043998000269e-02,5.854485579999999523e-01,-5.099425039999999631e-01,9.767353784600000211e+01,2.024000000000000000e+03,1.100000000000000000e+01,1.400000000000000000e+01,1.400000000000000000e+01,1.300000000000000000e+01,8.368721000000000743e+00
4.000656204882999845e+01,-8.303729063388000498e+01,-3.956000000000000072e-01,2.966499999999999915e+00,3.802911991598000030e-02,1.008258968414799950e-01,-2.684183966232000368e-02,5.740106430000000426e-01,-5.200808740000000263e-01,9.778163778299999365e+01,2.024000000000000000e+03,1.100000000000000000e+01,1.400000000000000000e+01,1.400000000000000000e+01,1.300000000000000000e+01,8.428646000000000527e+00
4.000656183193999738e+01,-8.303728854822999494e+01,-4.127000000000000113e-01,2.959200000000000053e+00,3.208692092169200261e-01,-5.914286764741999436e-02,-7.402698700519999564e-02,5.724422630000000067e-01,-5.487498840000000211e-01,9.788964065599999742e+01,2.024000000000000000e+03,1.100000000000000000e+01,1.400000000000000000e+01,1.400000000000000000e+01,1.300000000000000000e+01,8.488217999999999819e+00
4.000656164536000148e+01,-8.303728681757999652e+01,-4.189999999999999836e-01,2.944100000000000161e+00,2.428787384479600131e-01,-5.577319342369400079e-01,-2.931900876991999985e-02,5.902269359999999798e-01,-5.581696419999999659e-01,9.798295672800000489e+01,2.024000000000000000e+03,1.100000000000000000e+01,1.400000000000000000e+01,1.400000000000000000e+01,1.300000000000000000e+01,8.546568000000000609e+00
4.000656142081000155e+01,-8.303728475012999866e+01,-4.202000000000000179e-01,2.932999999999999829e+00,6.767335709593999549e-02,-1.770849093153199771e-01,7.102736242097999753e-02,5.880492459999999699e-01,-5.418572350000000482e-01,9.809966063900000677e+01,2.024000000000000000e+03,1.100000000000000000e+01,1.400000000000000000e+01,1.400000000000000000e+01,1.300000000000000000e+01,8.606688000000000116e+00
4.000656119141000033e+01,-8.303728268640000465e+01,-4.319000000000000061e-01,2.931599999999999984e+00,4.818783598538800006e-01,-2.022429249286000069e-02,2.947634885250400294e-01,5.898974989999999918e-01,-5.304143599999999736e-01,9.822241123800000651e+01,2.024000000000000000e+03,1.100000000000000000e+01,1.400000000000000000e+01,1.400000000000000000e+01,1.300000000000000000e+01,8.664367999999999626e+00
4.000656095595999773e+01,-8.303728062332000093e+01,-4.420999999999999930e-01,2.932599999999999874e+00,2.180926122177399840e-01,7.970259901607999742e-02,2.316102414750600136e-01,6.117755839999999834e-01,-5.482402440000000432e-01,9.835768023400000004e+01,2.024000000000000000e+03,1.100000000000000000e+01,1.400000000000000000e+01,1.400000000000000000e+01,1.300000000000000000e+01,8.722286999999999679e+00
4.000656072097000049e+01,-8.303727856046999989e+01,-4.330999999999999850e-01,2.930400000000000116e+00,-2.706486459933600264e-01,-1.669925083687600065e-01,9.493722805878000714e-02,6.056159679999999490e-01,-5.948004120000000006e-01,9.850964775799999984e+01,2.024000000000000000e+03,1.100000000000000000e+01,1.400000000000000000e+01,1.400000000000000000e+01,1.300000000000000000e+01,8.779811999999999728e+00
4.000656052442000288e+01,-8.303727684749999582e+01,-4.431999999999999829e-01,2.913499999999999979e+00,4.439442679960399762e-01,-5.701035143566399732e-01,-2.078253760952799845e-01,5.793871409999999944e-01,-6.287349290000000535e-01,9.865015389900000287e+01,2.024000000000000000e+03,1.100000000000000000e+01,1.400000000000000000e+01,1.400000000000000000e+01,1.300000000000000000e+01,8.837453000000000003e+00
4.000656028126000052e+01,-8.303727480525999738e+01,-4.595000000000000195e-01,2.894000000000000128e+00,2.795560158466400269e-01,-2.486899477205400111e-01,-6.797117487570000782e-02,5.749732760000000331e-01,-6.448988749999999825e-01,9.883160354499999301e+01,2.024000000000000000e+03,1.100000000000000000e+01,1.400000000000000000e+01,1.400000000000000000e+01,1.300000000000000000e+01,8.895502000000000464e+00
4.000656003102999847e+01,-8.303727277296999887e+01,-4.703999999999999848e-01,2.881800000000000139e+00,3.885250868120799783e-01,-3.839371276908200015e-01,-1.841478474867599968e-01,5.766458810000000268e-01,-6.548703729999999501e-01,9.902838599999999758e+01,2.024000000000000000e+03,1.100000000000000000e+01,1.400000000000000000e+01,1.400000000000000000e+01,1.300000000000000000e+01,8.952451999999999188e+00
4.000655986190999869e+01,-8.303727142382000181e+01,-4.733999999999999875e-01,2.871300000000000185e+00,2.258528127382000150e-01,-4.488398556297200637e-01,-1.985044709407000063e-01,5.656790299999999716e-01,-6.551292450000000267e-01,9.917120039099999929e+01,2.024000000000000000e+03,1.100000000000000000e+01,1.400000000000000000e+01,1.400000000000000000e+01,1.300000000000000000e+01,9.009748999999999342e+00
4.000655977694999876e+01,-8.303727075122999679e+01,-4.747000000000000108e-01,2.865000000000000213e+00,1.831062408335999980e-01,-4.735922968546999456e-01,-6.839032799237999838e-02,5.586222250000000278e-01,-6.524270279999999644e-01,9.924645876300000680e+01,2.024000000000000000e+03,1.100000000000000000e+01,1.400000000000000000e+01,1.400000000000000000e+01,1.300000000000000000e+01,9.066506999999999650e+00
4.000655947213999752e+01,-8.303726840855000546e+01,-4.980999999999999872e-01,2.845499999999999918e+00,4.349607927415000130e-01,-1.812806965374199886e-01,9.189403073066000627e-02,5.412989980000000312e-01,-6.276643330000000187e-01,9.951773127100000238e+01,2.024000000000000000e+03,1.100000000000000000e+01,1.400000000000000000e+01,1.400000000000000000e+01,1.300000000000000000e+01,9.123732999999999649e+00
4.000655933699000144e+01,-8.303726740752000524e+01,-5.070999999999999952e-01,2.844199999999999839e+00,6.728671841604000337e-01,-1.011017822393599913e-01,-3.771667029349999589e-02,5.521445980000000420e-01,-6.143895820000000452e-01,9.963707807500000513e+01,2.024000000000000000e+03,1.100000000000000000e+01,1.400000000000000000e+01,1.400000000000000000e+01,1.300000000000000000e+01,9.181748999999999938e+00
4.000655882003000130e+01,-8.303726374135999322e+01,-5.314999999999999725e-01,2.839100000000000179e+00,2.402032548858199779e-01,-3.595021781309000186e-01,4.860246692389999512e-02,6.118813669999999538e-01,-6.664722220000000030e-01,1.000603830799999940e+02,2.024000000000000000e+03,1.100000000000000000e+01,1.400000000000000000e+01,1.400000000000000000e+01,1.300000000000000000e+01,9.238289999999999225e+00
4.000655848476999665e+01,-8.303726142840000080e+01,-5.375999999999999668e-01,2.805899999999999839e+00,7.473368916395000117e-01,-1.288475673253699938e+00,-3.194695883221999877e-02,6.088693099999999969e-01,-6.821229290000000445e-01,1.003215551229999960e+02,2.024000000000000000e+03,1.100000000000000000e+01,1.400000000000000000e+01,1.400000000000000000e+01,1.300000000000000000e+01,9.295334000000000430e+00
4.000655819261999824e+01,-8.303725946493000265e+01,-5.451000000000000290e-01,2.783399999999999874e+00,3.632460862863000073e-01,-6.670731500675800563e-01,-2.349639260831999990e-02,6.267496209999999790e-01,-6.531709150000000186e-01,1.005476514960000003e+02,2.024000000000000000e+03,1.100000000000000000e+01,1.400000000000000000e+01,1.400000000000000000e+01,1.300000000000000000e+01,9.352705999999999520e+00
4.000655789756000047e+01,-8.303725751179000270e+01,-5.473999999999999977e-01,2.776499999999999968e+00,7.628987188899999383e-02,-2.782928098251600257e-01,-1.060501451332800105e-01,6.434621550000000356e-01,-6.201106339999999939e-01,1.007743443930000069e+02,2.024000000000000000e+03,1.100000000000000000e+01,1.400000000000000000e+01,1.400000000000000000e+01,1.300000000000000000e+01,9.409931000000000267e+00
4.000655760077999901e+01,-8.303725556377999339e+01,-5.546999999999999709e-01,2.768400000000000194e+00,3.861801036487200189e-01,-2.124373121162600186e-01,5.265033733530000148e-02,6.377176919999999472e-01,-6.094204899999999814e-01,1.010009624639999970e+02,2.024000000000000000e+03,1.100000000000000000e+01,1.400000000000000000e+01,1.400000000000000000e+01,1.300000000000000000e+01,9.469621999999999318e+00
4.000655734896000126e+01,-8.303725394670000526e+01,-5.646999999999999797e-01,2.754900000000000126e+00,2.468503260394000198e-01,-2.368046924945199916e-01,5.353194952960000329e-03,6.346621850000000453e-01,-6.116347979999999795e-01,1.011909159359999961e+02,2.024000000000000000e+03,1.100000000000000000e+01,1.400000000000000000e+01,1.400000000000000000e+01,1.300000000000000000e+01,9.525788999999999618e+00
4.000655703806999952e+01,-8.303725202015999685e+01,-5.844000000000000306e-01,2.729999999999999982e+00,7.297759249908599699e-01,-6.845542345290600572e-01,2.971984041819999717e-03,6.577799549999999718e-01,-6.039679100000000522e-01,1.014175278200000037e+02,2.024000000000000000e+03,1.100000000000000000e+01,1.400000000000000000e+01,1.400000000000000000e+01,1.300000000000000000e+01,9.582655000000000811e+00
4.000655672231999915e+01,-8.303725010750000024e+01,-5.855000000000000204e-01,2.714300000000000157e+00,1.161817293673600149e-01,-4.998259359298600213e-01,-1.937470158892000069e-02,6.767268979999999656e-01,-5.862879349999999823e-01,1.016430135129999996e+02,2.024000000000000000e+03,1.100000000000000000e+01,1.400000000000000000e+01,1.400000000000000000e+01,1.300000000000000000e+01,9.642823999999999174e+00
4.000655645991999876e+01,-8.303724852108000221e+01,-5.832000000000000517e-01,2.703500000000000014e+00,4.519291162636000087e-02,-2.267448179750199966e-01,-9.387426871499999700e-03,6.635984769999999644e-01,-5.785737720000000417e-01,1.018348552580000046e+02,2.024000000000000000e+03,1.100000000000000000e+01,1.400000000000000000e+01,1.400000000000000000e+01,1.300000000000000000e+01,9.700001000000000317e+00
4.000655614157999906e+01,-8.303724662903999842e+01,-5.958999999999999853e-01,2.681700000000000195e+00,5.745003455630799394e-01,-6.561245331673399850e-01,-9.511816500899999624e-03,6.538476530000000286e-01,-5.807201469999999643e-01,1.020796832420000015e+02,2.024000000000000000e+03,1.100000000000000000e+01,1.400000000000000000e+01,1.400000000000000000e+01,1.300000000000000000e+01,9.757338000000000733e+00
4.000655581675999883e+01,-8.303724475381000047e+01,-6.057000000000000162e-01,2.657099999999999795e+00,3.865943141162999641e-01,-7.156736502738200167e-01,8.478857090963999588e-02,6.710076710000000277e-01,-5.784614179999999495e-01,1.023399225090000044e+02,2.024000000000000000e+03,1.100000000000000000e+01,1.400000000000000000e+01,1.400000000000000000e+01,1.300000000000000000e+01,9.816796999999999329e+00
4.000655549007999667e+01,-8.303724289563000127e+01,-6.069999999999999840e-01,2.631800000000000139e+00,3.111440578011600011e-01,-8.122609351873800732e-01,-5.227188336228000276e-02,6.668881559999999542e-01,-5.674860830000000300e-01,1.026096507010000067e+02,2.024000000000000000e+03,1.100000000000000000e+01,1.400000000000000000e+01,1.400000000000000000e+01,1.300000000000000000e+01,9.876405000000000101e+00
4.000655515796000117e+01,-8.303724105553000356e+01,-6.225000000000000533e-01,2.606300000000000061e+00,6.780775278385600124e-01,-6.989344252783600275e-01,8.896248422451999427e-02,6.493241800000000286e-01,-5.501148289999999719e-01,1.028875898470000010e+02,2.024000000000000000e+03,1.100000000000000000e+01,1.400000000000000000e+01,1.400000000000000000e+01,1.300000000000000000e+01,9.936973000000000056e+00
4.000655487520000264e+01,-8.303723953547999770e+01,-6.344999999999999529e-01,2.586199999999999832e+00,6.494381063093799256e-01,-6.689265088507199142e-01,3.129583313545200030e-01,6.465240289999999446e-01,-5.418023889999999954e-01,1.031263546090000034e+02,2.024000000000000000e+03,1.100000000000000000e+01,1.400000000000000000e+01,1.400000000000000000e+01,1.300000000000000000e+01,9.997061000000000419e+00
4.000655481783999790e+01,-8.303723923264999485e+01,-6.380000000000000115e-01,2.583200000000000163e+00,6.854686117823600711e-01,-6.017742426970400516e-01,3.125461481538399644e-01,6.458763509999999597e-01,-5.408940009999999576e-01,1.031744624239999979e+02,2.024000000000000000e+03,1.100000000000000000e+01,1.400000000000000000e+01,1.400000000000000000e+01,1.300000000000000000e+01,1.005444999999999922e+01
4.000655476021999846e+01,-8.303723893020999469e+01,-6.413999999999999702e-01,2.580400000000000027e+00,7.120905740020599950e-01,-5.346027400602000323e-01,1.788355320017200045e-01,6.471653130000000198e-01,-5.413793289999999647e-01,1.032230185909999989e+02,2.024000000000000000e+03,1.100000000000000000e+01,1.400000000000000000e+01,1.400000000000000000e+01,1.300000000000000000e+01,1.011105300000000007e+01
4.000655470222999810e+01,-8.303723862817000168e+01,-6.453999999999999737e-01,2.577500000000000124e+00,7.748887312757199997e-01,-4.815622760485600007e-01,1.609541518932399995e-01,6.489323009999999892e-01,-5.437062900000000365e-01,1.032720010209999941e+02,2.024000000000000000e+03,1.100000000000000000e+01,1.400000000000000000e+01,1.400000000000000000e+01,1.300000000000000000e+01,1.016829199999999922e+01
4.000655446839999740e+01,-8.303723742404000063e+01,-6.541000000000000147e-01,2.563400000000000123e+00,5.986937590235800188e-01,-5.861956122401199565e-01,-3.966913016818000154e-02,6.565742399999999757e-01,-5.557353680000000073e-01,1.034747636499999999e+02,2.024000000000000000e+03,1.100000000000000000e+01,1.400000000000000000e+01,1.400000000000000000e+01,1.300000000000000000e+01,1.022530599999999978e+01
4.000655350614000128e+01,-8.303723269277999464e+01,-6.805999999999999828e-01,2.487699999999999800e+00,1.090998519777680142e+00,-1.099157029560460019e+00,-1.398283762123800067e-01,6.414427080000000281e-01,-5.647752999999999801e-01,1.043837363760000017e+02,2.024000000000000000e+03,1.100000000000000000e+01,1.400000000000000000e+01,1.400000000000000000e+01,1.300000000000000000e+01,1.028238499999999966e+01
4.000655268661000008e+01,-8.303722894646000441e+01,-7.145000000000000240e-01,2.433499999999999996e+00,7.686074889370999585e-01,-6.916297262305800553e-01,1.425081316942199972e-01,6.175779030000000391e-01,-5.676696060000000488e-01,1.052176226899999989e+02,2.024000000000000000e+03,1.100000000000000000e+01,1.400000000000000000e+01,1.400000000000000000e+01,1.300000000000000000e+01,1.034189199999999964e+01
4.000655235850999958e+01,-8.303722752893999370e+01,-7.296000000000000263e-01,2.410600000000000076e+00,6.846159472047800287e-01,-7.405953235460800421e-01,2.049226408885800044e-01,6.252481800000000423e-01,-5.787926070000000145e-01,1.055694233859999969e+02,2.024000000000000000e+03,1.100000000000000000e+01,1.400000000000000000e+01,1.400000000000000000e+01,1.300000000000000000e+01,1.039903699999999986e+01
4.000655188980999810e+01,-8.303722556725000459e+01,-7.488000000000000211e-01,2.376199999999999868e+00,7.150021949936600230e-01,-8.285130149455399717e-01,5.804047862025999566e-02,6.283213199999999610e-01,-5.939108939999999670e-01,1.060874869059999952e+02,2.024000000000000000e+03,1.100000000000000000e+01,1.400000000000000000e+01,1.400000000000000000e+01,1.300000000000000000e+01,1.045969700000000024e+01
4.000655154753999909e+01,-8.303722418329999755e+01,-7.627000000000000446e-01,2.351900000000000102e+00,1.231841768505819834e+00,-1.188392367041779973e+00,-3.964251956130000060e-02,6.269809330000000180e-01,-6.036622240000000250e-01,1.064770204019999937e+02,2.024000000000000000e+03,1.100000000000000000e+01,1.400000000000000000e+01,1.400000000000000000e+01,1.300000000000000000e+01,1.051783299999999954e+01
4.000655105687000201e+01,-8.303722226771000692e+01,-7.866999999999999549e-01,2.322999999999999954e+00,9.825938105209800488e-01,-5.653444050333999993e-01,-6.965748889924000542e-02,6.319792349999999725e-01,-6.143939940000000544e-01,1.070506634730000002e+02,2.024000000000000000e+03,1.100000000000000000e+01,1.400000000000000000e+01,1.400000000000000000e+01,1.300000000000000000e+01,1.057824100000000023e+01
4.000655069684999887e+01,-8.303722091407000505e+01,-8.037999999999999590e-01,2.302299999999999791e+00,8.765017034250000005e-01,-5.714399869352000394e-01,-1.285050920783999961e-01,6.432524120000000512e-01,-6.194160340000000042e-01,1.074787365300000062e+02,2.024000000000000000e+03,1.100000000000000000e+01,1.400000000000000000e+01,1.400000000000000000e+01,1.300000000000000000e+01,1.063604999999999912e+01
4.000655025550999966e+01,-8.303721930474999624e+01,-8.207999999999999741e-01,2.280299999999999994e+00,7.052588736137599401e-01,-5.185852747815800079e-01,-8.548097792980000401e-03,6.530305269999999718e-01,-6.226351620000000198e-01,1.080089786260000011e+02,2.024000000000000000e+03,1.100000000000000000e+01,1.400000000000000000e+01,1.400000000000000000e+01,1.300000000000000000e+01,1.069353699999999918e+01
4.000654988048000149e+01,-8.303721797587999731e+01,-8.357999999999999874e-01,2.260299999999999976e+00,7.715922902610200529e-01,-5.717563458196800452e-01,8.423624656558000023e-02,6.515120260000000219e-01,-6.266820760000000323e-01,1.084613825299999945e+02,2.024000000000000000e+03,1.100000000000000000e+01,1.400000000000000000e+01,1.400000000000000000e+01,1.300000000000000000e+01,1.075066200000000016e+01
4.000654934413000063e+01,-8.303721613481999952e+01,-8.586000000000000298e-01,2.233099999999999863e+00,1.339437695883100021e+00,-7.460740722023400107e-01,3.545342369880000177e-02,6.428102089999999658e-01,-6.298409280000000221e-01,1.091163009779999982e+02,2.024000000000000000e+03,1.100000000000000000e+01,1.400000000000000000e+01,1.400000000000000000e+01,1.300000000000000000e+01,1.080848899999999979e+01
4.000654895241000020e+01,-8.303721483258999569e+01,-8.728000000000000203e-01,2.215800000000000214e+00,7.276670485299799873e-01,-4.874049741130000446e-01,1.868135889894000090e-02,6.372374950000000426e-01,-6.374468930000000144e-01,1.096036116960000015e+02,2.024000000000000000e+03,1.100000000000000000e+01,1.400000000000000000e+01,1.400000000000000000e+01,1.300000000000000000e+01,1.086654399999999931e+01
4.000654847543000159e+01,-8.303721328459999995e+01,-8.869000000000000217e-01,2.190700000000000092e+00,8.178163177010400187e-01,-6.409116799444399826e-01,-3.591686048987999952e-02,6.153052270000000101e-01,-6.438876869999999863e-01,1.102082314040000028e+02,2.024000000000000000e+03,1.100000000000000000e+01,1.400000000000000000e+01,1.400000000000000000e+01,1.300000000000000000e+01,1.092450900000000047e+01
4.000654798773999943e+01,-8.303721175585999958e+01,-9.121000000000000218e-01,2.161399999999999988e+00,1.198080210148080083e+00,-6.091262329450199964e-01,-9.410634813900000534e-03,5.887327709999999881e-01,-6.386093019999999898e-01,1.108236467119999986e+02,2.024000000000000000e+03,1.100000000000000000e+01,1.400000000000000000e+01,1.400000000000000000e+01,1.300000000000000000e+01,1.098076999999999970e+01
4.000654790526999705e+01,-8.303721150299999465e+01,-9.149000000000000465e-01,2.157099999999999795e+00,1.087730016900980035e+00,-6.130016546081800133e-01,-1.422976073481999927e-02,5.854034580000000432e-01,-6.368535870000000543e-01,1.109269481430000042e+02,2.024000000000000000e+03,1.100000000000000000e+01,1.400000000000000000e+01,1.400000000000000000e+01,1.300000000000000000e+01,1.103876200000000019e+01
4.000654731641999717e+01,-8.303720974752999950e+01,-9.448999999999999622e-01,2.127299999999999969e+00,1.074478468736419945e+00,-4.846209906743799700e-01,1.604393851758000034e-02,5.824530829999999826e-01,-6.262297919999999518e-01,1.116487066669999990e+02,2.024000000000000000e+03,1.100000000000000000e+01,1.400000000000000000e+01,1.400000000000000000e+01,1.300000000000000000e+01,1.109569899999999976e+01
4.000654688437000317e+01,-8.303720850800999642e+01,-9.643000000000000460e-01,2.107699999999999907e+00,9.175580061149400946e-01,-4.533628831642400603e-01,-1.625986863091799794e-01,5.874049289999999646e-01,-6.222153320000000098e-01,1.121664505109999936e+02,2.024000000000000000e+03,1.100000000000000000e+01,1.400000000000000000e+01,1.400000000000000000e+01,1.300000000000000000e+01,1.115260600000000046e+01
4.000654653250000337e+01,-8.303720752565000396e+01,-9.812999999999999501e-01,2.087299999999999933e+00,1.185318500532639874e+00,-5.835459427415000677e-01,-4.828037741056000198e-02,5.975207639999999820e-01,-6.187593040000000100e-01,1.125862898249999944e+02,2.024000000000000000e+03,1.100000000000000000e+01,1.400000000000000000e+01,1.400000000000000000e+01,1.300000000000000000e+01,1.121020000000000039e+01
4.000654545055999733e+01,-8.303720462956999881e+01,-1.013500000000000068e+00,2.036599999999999966e+00,6.226270448641799682e-01,-5.224687780462800024e-01,9.092666330524000473e-02,6.382058689999999812e-01,-5.886707669999999837e-01,1.138650900699999937e+02,2.024000000000000000e+03,1.100000000000000000e+01,1.400000000000000000e+01,1.400000000000000000e+01,1.300000000000000000e+01,1.126882299999999937e+01
4.000654490013999975e+01,-8.303720320361999541e+01,-1.019099999999999895e+00,2.020300000000000207e+00,3.818571501713199923e-01,-4.242344981903600210e-01,5.402174416038000443e-02,6.299016069999999745e-01,-5.700241339999999601e-01,1.145118419899999935e+02,2.024000000000000000e+03,1.100000000000000000e+01,1.400000000000000000e+01,1.400000000000000000e+01,1.300000000000000000e+01,1.133071299999999937e+01
4.000654434601000276e+01,-8.303720178879000002e+01,-1.030399999999999983e+00,2.004700000000000149e+00,3.490001715244200331e-01,-1.532330408712199998e-01,7.009278687582000400e-02,5.944505390000000000e-01,-5.482557799999999704e-01,1.151655594810000025e+02,2.024000000000000000e+03,1.100000000000000000e+01,1.400000000000000000e+01,1.400000000000000000e+01,1.300000000000000000e+01,1.139045899999999989e+01
4.000654387641999676e+01,-8.303720061951000275e+01,-1.050200000000000022e+00,1.987999999999999989e+00,1.014475778364640091e+00,-2.624269121040400110e-01,-1.541219649109999874e-02,5.705552659999999499e-01,-5.266610149999999546e-01,1.157174558509999969e+02,2.024000000000000000e+03,1.100000000000000000e+01,1.400000000000000000e+01,1.400000000000000000e+01,1.300000000000000000e+01,1.145028199999999963e+01
4.000654339828999895e+01,-8.303719945967000626e+01,-1.069800000000000084e+00,1.972199999999999953e+00,9.895023735736400150e-01,-2.169220280900400200e-01,5.917560046498000076e-02,5.566620110000000121e-01,-5.100658369999999664e-01,1.162736368709999937e+02,2.024000000000000000e+03,1.100000000000000000e+01,1.400000000000000000e+01,1.400000000000000000e+01,1.300000000000000000e+01,1.150845200000000013e+01
4.000654271452000188e+01,-8.303719785142999399e+01,-1.095199999999999951e+00,1.950099999999999945e+00,4.729028726233400204e-01,-1.218686406216599877e-01,-1.356641541285999800e-02,5.233730290000000451e-01,-4.970258940000000236e-01,1.170558566280000008e+02,2.024000000000000000e+03,1.100000000000000000e+01,1.400000000000000000e+01,1.400000000000000000e+01,1.300000000000000000e+01,1.156735600000000019e+01
4.000654211738999777e+01,-8.303719648736000636e+01,-1.111099999999999977e+00,1.931100000000000039e+00,7.640619852028599501e-01,-3.053084994298199684e-01,-6.425246563284001122e-02,4.763098760000000209e-01,-4.868000299999999947e-01,1.177388138339999983e+02,2.024000000000000000e+03,1.100000000000000000e+01,1.400000000000000000e+01,1.400000000000000000e+01,1.300000000000000000e+01,1.162514600000000087e+01
4.000654151178999740e+01,-8.303719513743999414e+01,-1.126200000000000090e+00,1.910300000000000109e+00,7.436637530965000131e-01,-3.798055708580800327e-01,-3.405020640128000181e-02,4.188850539999999789e-01,-4.736170239999999976e-01,1.184412956179999981e+02,2.024000000000000000e+03,1.100000000000000000e+01,1.400000000000000000e+01,1.400000000000000000e+01,1.300000000000000000e+01,1.168354199999999921e+01
4.000654089647999712e+01,-8.303719380309999565e+01,-1.148700000000000054e+00,1.884900000000000020e+00,1.718358057334439914e+00,-5.698358148570800141e-01,8.264786567170000209e-02,3.600993149999999754e-01,-4.528546680000000157e-01,1.191612646669999975e+02,2.024000000000000000e+03,1.100000000000000000e+01,1.400000000000000000e+01,1.400000000000000000e+01,1.300000000000000000e+01,1.174304599999999965e+01
4.000654037302999910e+01,-8.303719270550999454e+01,-1.173000000000000043e+00,1.862100000000000088e+00,1.339560736914179984e+00,-3.137451328161000030e-01,4.925247640979999765e-03,3.292590950000000016e-01,-4.342982599999999915e-01,1.197667937009999974e+02,2.024000000000000000e+03,1.100000000000000000e+01,1.400000000000000000e+01,1.400000000000000000e+01,1.300000000000000000e+01,1.180168100000000031e+01
4.000653962314000012e+01,-8.303719119080000155e+01,-1.205000000000000071e+00,1.830799999999999983e+00,1.331850839070060077e+00,-2.972923929338399662e-01,1.511958582296000012e-02,2.925130719999999851e-01,-4.136786060000000043e-01,1.206246337179999983e+02,2.024000000000000000e+03,1.100000000000000000e+01,1.400000000000000000e+01,1.400000000000000000e+01,1.300000000000000000e+01,1.186027600000000071e+01
4.000653896442000246e+01,-8.303718991290999440e+01,-1.231300000000000061e+00,1.804499999999999993e+00,1.274295652486979957e+00,-2.791498296822400027e-01,1.856021939332000090e-02,2.625539100000000015e-01,-4.065126410000000079e-01,1.213805896869999970e+02,2.024000000000000000e+03,1.100000000000000000e+01,1.400000000000000000e+01,1.400000000000000000e+01,1.300000000000000000e+01,1.191873099999999930e+01
4.000653840428000052e+01,-8.303718886240000074e+01,-1.252499999999999947e+00,1.782000000000000028e+00,1.170955886951360103e+00,-3.254108607502800288e-01,-2.745962891547999718e-02,2.442908579999999996e-01,-4.077417770000000274e-01,1.220307401150000004e+02,2.024000000000000000e+03,1.100000000000000000e+01,1.400000000000000000e+01,1.400000000000000000e+01,1.300000000000000000e+01,1.197749199999999981e+01
4.000653817765000042e+01,-8.303718844597999293e+01,-1.261100000000000110e+00,1.772899999999999920e+00,1.185161751712340061e+00,-3.145664362415799831e-01,-1.088562275510400051e-01,2.396351909999999974e-01,-4.093879240000000141e-01,1.222945339609999991e+02,2.024000000000000000e+03,1.100000000000000000e+01,1.400000000000000000e+01,1.400000000000000000e+01,1.300000000000000000e+01,1.203638399999999997e+01
4.000653748938999854e+01,-8.303718721033999373e+01,-1.282999999999999918e+00,1.743200000000000083e+00,5.766387451413599319e-01,-2.078270119855999687e-01,-2.315381313058000046e-02,2.294259499999999896e-01,-4.096419519999999759e-01,1.230979802180000036e+02,2.024000000000000000e+03,1.100000000000000000e+01,1.400000000000000000e+01,1.400000000000000000e+01,1.300000000000000000e+01,1.209509700000000088e+01
4.000653655395999664e+01,-8.303718559063999294e+01,-1.306899999999999951e+00,1.712099999999999955e+00,8.599437107334800823e-01,-2.917115369174599904e-01,-3.585411197495999569e-02,2.111895829999999863e-01,-4.091478869999999879e-01,1.241810843869999985e+02,2.024000000000000000e+03,1.100000000000000000e+01,1.400000000000000000e+01,1.400000000000000000e+01,1.300000000000000000e+01,1.215350699999999939e+01
4.000653607899000264e+01,-8.303718479066999691e+01,-1.319099999999999939e+00,1.696600000000000108e+00,9.171816769216599718e-01,-2.839002522521599792e-01,1.307453867312800000e-01,1.916632739999999946e-01,-4.121200799999999997e-01,1.247275624640000018e+02,2.024000000000000000e+03,1.100000000000000000e+01,1.400000000000000000e+01,1.400000000000000000e+01,1.300000000000000000e+01,1.221275999999999939e+01
4.000653487432000333e+01,-8.303718282561000308e+01,-1.344100000000000072e+00,1.648400000000000087e+00,1.008919184855380013e+00,-5.804656528474200217e-01,3.414881900869999598e-02,1.336579679999999881e-01,-4.215364719999999954e-01,1.261104939429999945e+02,2.024000000000000000e+03,1.100000000000000000e+01,1.400000000000000000e+01,1.400000000000000000e+01,1.300000000000000000e+01,1.227402799999999949e+01
4.000653414031999944e+01,-8.303718167690000485e+01,-1.362500000000000044e+00,1.614300000000000068e+00,1.166706485441900032e+00,-5.215607095417800210e-01,1.137745452402600110e-01,1.074426259999999994e-01,-4.113180260000000033e-01,1.269527650510000001e+02,2.024000000000000000e+03,1.100000000000000000e+01,1.400000000000000000e+01,1.400000000000000000e+01,1.300000000000000000e+01,1.233290200000000070e+01
4.000653339397000252e+01,-8.303718054904000212e+01,-1.388099999999999890e+00,1.586999999999999966e+00,1.239049534980440015e+00,-2.003287401566999915e-01,1.238294925558399984e-01,9.065815200000000573e-02,-4.120709009999999894e-01,1.278081891509999934e+02,2.024000000000000000e+03,1.100000000000000000e+01,1.400000000000000000e+01,1.400000000000000000e+01,1.300000000000000000e+01,1.239080500000000029e+01
4.000653263379000180e+01,-8.303717944285999408e+01,-1.415399999999999991e+00,1.553500000000000103e+00,1.416064557929979983e+00,-3.249539078979999940e-01,5.110288542144000162e-02,7.851367900000000288e-02,-4.363094000000000139e-01,1.286681132260000027e+02,2.024000000000000000e+03,1.100000000000000000e+01,1.400000000000000000e+01,1.400000000000000000e+01,1.300000000000000000e+01,1.245208700000000057e+01
4.000653198905000352e+01,-8.303717854077000027e+01,-1.437599999999999989e+00,1.519800000000000040e+00,1.535804577665940140e+00,-4.942475615795600130e-01,-2.383110787740000056e-02,8.513993000000000255e-02,-4.643534779999999862e-01,1.293832051059999912e+02,2.024000000000000000e+03,1.100000000000000000e+01,1.400000000000000000e+01,1.400000000000000000e+01,1.300000000000000000e+01,1.251095100000000038e+01
4.000653107218000315e+01,-8.303717730949000497e+01,-1.458499999999999908e+00,1.477500000000000036e+00,1.108953521931939967e+00,-5.513845299779199793e-01,-9.731642754595999645e-02,1.190929569999999993e-01,-4.875787080000000273e-01,1.303834346449999941e+02,2.024000000000000000e+03,1.100000000000000000e+01,1.400000000000000000e+01,1.400000000000000000e+01,1.300000000000000000e+01,1.257361500000000021e+01
4.000653027832999697e+01,-8.303717627800999423e+01,-1.468599999999999905e+00,1.451200000000000045e+00,7.619894579449200123e-01,-4.488900777097399875e-01,3.236879634821999974e-02,1.389799979999999935e-01,-5.040404560000000256e-01,1.312456073890000141e+02,2.024000000000000000e+03,1.100000000000000000e+01,1.400000000000000000e+01,1.400000000000000000e+01,1.300000000000000000e+01,1.263612999999999964e+01
4.000652947906999657e+01,-8.303717526520999570e+01,-1.480499999999999927e+00,1.423000000000000043e+00,9.961841423575800158e-01,-4.350611207560799998e-01,-7.263645399684000303e-02,1.376425059999999978e-01,-5.187185479999999460e-01,1.321166693639999892e+02,2.024000000000000000e+03,1.100000000000000000e+01,1.400000000000000000e+01,1.400000000000000000e+01,1.300000000000000000e+01,1.269416900000000048e+01
4.000652880703999870e+01,-8.303717443781999918e+01,-1.494599999999999929e+00,1.396099999999999897e+00,1.132232580071160122e+00,-3.837688993104599877e-01,-5.102997687717999997e-02,1.448492670000000038e-01,-5.273844960000000359e-01,1.328482782240000120e+02,2.024000000000000000e+03,1.100000000000000000e+01,1.400000000000000000e+01,1.400000000000000000e+01,1.300000000000000000e+01,1.275219000000000058e+01
4.000652785716999915e+01,-8.303717330399000218e+01,-1.509100000000000108e+00,1.363499999999999934e+00,1.399031874249599960e+00,-5.649709175029400399e-01,-1.048516902878199875e-01,1.642201030000000062e-01,-5.348548159999999552e-01,1.338782215690000044e+02,2.024000000000000000e+03,1.100000000000000000e+01,1.400000000000000000e+01,1.400000000000000000e+01,1.300000000000000000e+01,1.281480099999999922e+01
4.000652703589999959e+01,-8.303717235077999703e+01,-1.522100000000000009e+00,1.340999999999999970e+00,8.959118892297600611e-01,-2.312720457899400117e-01,-5.857075732119999822e-02,1.587560919999999876e-01,-5.404975810000000047e-01,1.347619124070000112e+02,2.024000000000000000e+03,1.100000000000000000e+01,1.400000000000000000e+01,1.400000000000000000e+01,1.300000000000000000e+01,1.287183899999999959e+01
4.000652620593999842e+01,-8.303717141600999696e+01,-1.540200000000000014e+00,1.311500000000000110e+00,1.719367398041339978e+00,-4.465452850381600447e-01,-1.080369659378599967e-01,1.450723859999999976e-01,-5.523048619999999520e-01,1.356436651909999966e+02,2.024000000000000000e+03,1.100000000000000000e+01,1.400000000000000000e+01,1.400000000000000000e+01,1.300000000000000000e+01,1.292978500000000075e+01
4.000652536618999733e+01,-8.303717050471000505e+01,-1.556599999999999984e+00,1.275900000000000034e+00,1.211805588446700055e+00,-4.554951282231199938e-01,-3.935117407529999806e-02,1.557111949999999967e-01,-5.616649510000000234e-01,1.365222766429999979e+02,2.024000000000000000e+03,1.100000000000000000e+01,1.400000000000000000e+01,1.400000000000000000e+01,1.300000000000000000e+01,1.298877599999999966e+01
4.000652522544000078e+01,-8.303717035524999801e+01,-1.559099999999999930e+00,1.269800000000000040e+00,1.156711402573479930e+00,-4.823235711027200057e-01,2.394391255373999952e-02,1.585283610000000065e-01,-5.608169950000000403e-01,1.366684042390000116e+02,2.024000000000000000e+03,1.100000000000000000e+01,1.400000000000000000e+01,1.400000000000000000e+01,1.300000000000000000e+01,1.304611700000000063e+01
4.000652451885000005e+01,-8.303716961722000178e+01,-1.570300000000000029e+00,1.243600000000000039e+00,1.082727655944499823e+00,-3.907487361525199820e-01,6.554608022169999826e-02,1.754523510000000064e-01,-5.591933019999999477e-01,1.373966317729999957e+02,2.024000000000000000e+03,1.100000000000000000e+01,1.400000000000000000e+01,1.400000000000000000e+01,1.300000000000000000e+01,1.310400100000000023e+01
4.000652323472999683e+01,-8.303716832213000032e+01,-1.589699999999999891e+00,1.208299999999999930e+00,8.067671341525399775e-01,-1.881573720871199951e-01,4.486964818374000047e-02,1.802694699999999872e-01,-5.562039170000000476e-01,1.386984604950000062e+02,2.024000000000000000e+03,1.100000000000000000e+01,1.400000000000000000e+01,1.400000000000000000e+01,1.300000000000000000e+01,1.316559499999999971e+01
4.000652222309000194e+01,-8.303716734006999900e+01,-1.608400000000000052e+00,1.181000000000000050e+00,9.127521827567999235e-01,-1.373167657282199916e-01,5.929657337523999705e-02,1.769101439999999914e-01,-5.718199360000000286e-01,1.397143868940000004e+02,2.024000000000000000e+03,1.100000000000000000e+01,1.400000000000000000e+01,1.400000000000000000e+01,1.300000000000000000e+01,1.322777400000000014e+01
4.000652120179999827e+01,-8.303716637856000204e+01,-1.623599999999999932e+00,1.156400000000000095e+00,8.756131248886399598e-01,-1.704421582604799812e-01,6.974446889731999999e-02,1.714440100000000078e-01,-6.010654920000000345e-01,1.407427037319999954e+02,2.024000000000000000e+03,1.100000000000000000e+01,1.400000000000000000e+01,1.400000000000000000e+01,1.300000000000000000e+01,1.328719300000000025e+01
4.000652031855999979e+01,-8.303716557353999406e+01,-1.635699999999999932e+00,1.127899999999999903e+00,9.558193468899800482e-01,-3.092464022139599922e-01,8.188141963676000279e-02,1.590597179999999888e-01,-6.271397450000000262e-01,1.416272219569999891e+02,2.024000000000000000e+03,1.100000000000000000e+01,1.400000000000000000e+01,1.400000000000000000e+01,1.300000000000000000e+01,1.334812299999999929e+01
4.000651927916000261e+01,-8.303716466200999946e+01,-1.652400000000000091e+00,1.090400000000000036e+00,1.626904412236440001e+00,-4.370036379063999554e-01,1.097670695005799890e-01,1.327154030000000096e-01,-6.493383609999999750e-01,1.426617619110000135e+02,2.024000000000000000e+03,1.100000000000000000e+01,1.400000000000000000e+01,1.400000000000000000e+01,1.300000000000000000e+01,1.341163300000000014e+01
4.000651837932999655e+01,-8.303716390540000702e+01,-1.669499999999999984e+00,1.056899999999999951e+00,1.236236597678239901e+00,-2.177742175295799831e-01,1.600511432339999859e-02,1.136766020000000016e-01,-6.673580820000000191e-01,1.435589289819999976e+02,2.024000000000000000e+03,1.100000000000000000e+01,1.400000000000000000e+01,1.400000000000000000e+01,1.300000000000000000e+01,1.347023100000000007e+01
4.000651746964999944e+01,-8.303716317321000417e+01,-1.689799999999999969e+00,1.020399999999999974e+00,1.427887376463980118e+00,-1.552714299693999933e-01,5.385411883519999887e-03,1.150997980000000032e-01,-6.887246270000000337e-01,1.444657359079999992e+02,2.024000000000000000e+03,1.100000000000000000e+01,1.400000000000000000e+01,1.400000000000000000e+01,1.300000000000000000e+01,1.352870000000000061e+01
4.000651670439000185e+01,-8.303716258164999431e+01,-1.701100000000000056e+00,9.949999999999999956e-01,1.023561056758840015e+00,-2.022748715974000133e-01,-1.506101452785200134e-01,1.258612060000000032e-01,-7.085849250000000321e-01,1.452234453279999968e+02,2.024000000000000000e+03,1.100000000000000000e+01,1.400000000000000000e+01,1.400000000000000000e+01,1.300000000000000000e+01,1.358706800000000037e+01
4.000651577986999996e+01,-8.303716189009000459e+01,-1.712099999999999955e+00,9.684000000000000385e-01,8.608498672297799637e-01,-1.886725646795600064e-01,-8.449499445542001108e-02,1.277715389999999895e-01,-7.325978909999999455e-01,1.461328342959999986e+02,2.024000000000000000e+03,1.100000000000000000e+01,1.400000000000000000e+01,1.400000000000000000e+01,1.300000000000000000e+01,1.364578799999999958e+01
4.000651484848999928e+01,-8.303716121834999342e+01,-1.726799999999999891e+00,9.391000000000000458e-01,1.027621363037800162e+00,-1.295812672135600030e-01,-1.995417794314399973e-01,1.197646150000000048e-01,-7.562303249999999810e-01,1.470427302619999921e+02,2.024000000000000000e+03,1.100000000000000000e+01,1.400000000000000000e+01,1.400000000000000000e+01,1.300000000000000000e+01,1.370408800000000049e+01
4.000651390817999697e+01,-8.303716056784000443e+01,-1.742599999999999927e+00,9.083999999999999853e-01,1.522041403986259978e+00,-1.934524627013999853e-01,-2.085673628249999981e-02,1.270363559999999892e-01,-7.834912339999999809e-01,1.479576089310000100e+02,2.024000000000000000e+03,1.100000000000000000e+01,1.400000000000000000e+01,1.400000000000000000e+01,1.300000000000000000e+01,1.376439300000000010e+01
4.000651296235999865e+01,-8.303715993525000272e+01,-1.751100000000000101e+00,8.843999999999999639e-01,9.129597817530998860e-01,-1.931853926893800089e-01,1.478104954483399902e-01,1.232723250000000020e-01,-8.107105629999999952e-01,1.488761571139999944e+02,2.024000000000000000e+03,1.100000000000000000e+01,1.400000000000000000e+01,1.400000000000000000e+01,1.300000000000000000e+01,1.382638399999999912e+01
4.000651185305000013e+01,-8.303715922016999684e+01,-1.761300000000000088e+00,8.526000000000000245e-01,1.559004377083419879e+00,-3.267525459899400242e-01,1.138968847888199992e-01,9.885329299999999486e-02,-8.357376260000000112e-01,1.499505138840000029e+02,2.024000000000000000e+03,1.100000000000000000e+01,1.400000000000000000e+01,1.400000000000000000e+01,1.300000000000000000e+01,1.389017600000000030e+01
4.000651105568000077e+01,-8.303715872795000053e+01,-1.772599999999999953e+00,8.235000000000000098e-01,1.209649475908520122e+00,-1.661571763786000022e-01,-8.668486225926000377e-02,9.071149100000000520e-02,-8.461180959999999862e-01,1.507203360110000006e+02,2.024000000000000000e+03,1.100000000000000000e+01,1.400000000000000000e+01,1.400000000000000000e+01,1.300000000000000000e+01,1.395263100000000023e+01
4.000651025297000274e+01,-8.303715825262000294e+01,-1.786100000000000021e+00,7.942000000000000171e-01,6.438974820064199411e-01,-4.413392016946000168e-02,1.478988098250000154e-02,9.623067400000000216e-02,-8.565940180000000126e-01,1.514885189640000078e+02,2.024000000000000000e+03,1.100000000000000000e+01,1.400000000000000000e+01,1.400000000000000000e+01,1.300000000000000000e+01,1.401216400000000029e+01
4.000650993007000267e+01,-8.303715806655999643e+01,-1.790599999999999969e+00,7.849000000000000421e-01,1.731529081623220057e+00,-9.391937593254000294e-02,-1.153710511388200133e-01,1.024127390000000026e-01,-8.627486429999999817e-01,1.517946652319999998e+02,2.024000000000000000e+03,1.100000000000000000e+01,1.400000000000000000e+01,1.400000000000000000e+01,1.300000000000000000e+01,1.407007399999999997e+01
4.000650846727999976e+01,-8.303715726030999633e+01,-1.809500000000000108e+00,7.419000000000000039e-01,9.266301046565400545e-01,-9.043871815133999736e-02,1.937440334697999866e-02,1.069268849999999993e-01,-9.008338590000000146e-01,1.531656293039999923e+02,2.024000000000000000e+03,1.100000000000000000e+01,1.400000000000000000e+01,1.400000000000000000e+01,1.300000000000000000e+01,1.412771500000000024e+01
4.000650764820999683e+01,-8.303715683257999558e+01,-1.816000000000000059e+00,7.161999999999999478e-01,5.063267928072199275e-01,-1.135202131852999924e-01,-1.014959351173999949e-02,9.809288500000000466e-02,-9.232896919999999952e-01,1.539246880009999927e+02,2.024000000000000000e+03,1.100000000000000000e+01,1.400000000000000000e+01,1.400000000000000000e+01,1.300000000000000000e+01,1.418594799999999978e+01
4.000650616496000112e+01,-8.303715609985999890e+01,-1.828000000000000069e+00,6.745999999999999774e-01,8.684829381829000106e-01,-1.074547792353599956e-01,2.625074635200000048e-03,9.669539400000000395e-02,-9.477548660000000291e-01,1.552980879719999905e+02,2.024000000000000000e+03,1.100000000000000000e+01,1.400000000000000000e+01,1.400000000000000000e+01,1.300000000000000000e+01,1.424423700000000004e+01
4.000650517044000054e+01,-8.303715563308999492e+01,-1.839199999999999946e+00,6.505999999999999561e-01,4.470553322123400619e-01,-2.673912997399999800e-04,2.695574626708000313e-02,8.775625400000000575e-02,-9.674789430000000356e-01,1.562188162319999947e+02,2.024000000000000000e+03,1.100000000000000000e+01,1.400000000000000000e+01,1.400000000000000000e+01,1.300000000000000000e+01,1.430807000000000073e+01
4.000650400322000166e+01,-8.303715511120999793e+01,-1.846899999999999986e+00,6.219000000000000083e-01,7.059453187990200052e-01,-1.560257627692600013e-01,-6.412698884279999234e-02,7.336334599999999595e-02,-9.945150050000000075e-01,1.572915386290000015e+02,2.024000000000000000e+03,1.100000000000000000e+01,1.400000000000000000e+01,1.400000000000000000e+01,1.300000000000000000e+01,1.436977599999999988e+01
4.000650300024000217e+01,-8.303715468247999354e+01,-1.851499999999999924e+00,5.944000000000000394e-01,9.948017113288200042e-01,-2.152407950483600230e-01,1.817241078085999814e-02,3.594184599999999952e-02,-1.007670644999999920e+00,1.582047175559999914e+02,2.024000000000000000e+03,1.100000000000000000e+01,1.400000000000000000e+01,1.400000000000000000e+01,1.300000000000000000e+01,1.443301199999999973e+01
4.000650199446999977e+01,-8.303715427599000520e+01,-1.858500000000000041e+00,5.596999999999999753e-01,6.014823067131199741e-01,-9.690063993814000687e-02,1.355023241948000168e-02,-1.917479999999999944e-04,-1.009942915000000108e+00,1.591104686230000027e+02,2.024000000000000000e+03,1.100000000000000000e+01,1.400000000000000000e+01,1.400000000000000000e+01,1.300000000000000000e+01,1.449419400000000024e+01
4.000650098431000146e+01,-8.303715389209000364e+01,-1.867199999999999971e+00,5.282000000000000028e-01,1.139604233503039854e+00,-4.398713445003999550e-02,-3.591005206658000326e-02,-2.603594600000000078e-02,-1.003328859000000017e+00,1.600116532389999975e+02,2.024000000000000000e+03,1.100000000000000000e+01,1.400000000000000000e+01,1.400000000000000000e+01,1.300000000000000000e+01,1.455505100000000063e+01
4.000649996904000005e+01,-8.303715353203000404e+01,-1.877899999999999903e+00,4.919000000000000039e-01,6.487504269630199882e-01,-4.879844286116000185e-02,-2.161408463401999838e-02,-3.739261399999999763e-02,-9.969056339999999850e-01,1.609015625609999915e+02,2.024000000000000000e+03,1.100000000000000000e+01,1.400000000000000000e+01,1.400000000000000000e+01,1.300000000000000000e+01,1.461406500000000008e+01
4.000649894896000092e+01,-8.303715319772000214e+01,-1.883899999999999908e+00,4.578999999999999737e-01,1.616692456070240036e+00,-2.184620274349000080e-01,-7.778638015934000172e-02,-1.797019000000000047e-02,-9.823651610000000423e-01,1.617600963319999892e+02,2.024000000000000000e+03,1.100000000000000000e+01,1.400000000000000000e+01,1.400000000000000000e+01,1.300000000000000000e+01,1.467447400000000002e+01
4.000649792533000237e+01,-8.303715288271999384e+01,-1.890600000000000058e+00,4.394000000000000128e-01,4.672138392253600281e-01,2.852683705280000329e-02,7.569788768504000231e-02,5.225734000000000108e-03,-9.631244119999999853e-01,1.625908105370000101e+02,2.024000000000000000e+03,1.100000000000000000e+01,1.400000000000000000e+01,1.400000000000000000e+01,1.300000000000000000e+01,1.473427700000000051e+01
4.000649689720000168e+01,-8.303715257951000694e+01,-1.900900000000000034e+00,4.217000000000000193e-01,9.079478479368999766e-01,2.049391213712999926e-01,-2.857373461319999853e-03,1.181577200000000043e-02,-9.519086140000000418e-01,1.633965862800000082e+02,2.024000000000000000e+03,1.100000000000000000e+01,1.400000000000000000e+01,1.400000000000000000e+01,1.300000000000000000e+01,1.479269399999999912e+01
4.000649586480000153e+01,-8.303715229006999721e+01,-1.907399999999999984e+00,3.997999999999999887e-01,7.497732701847800163e-01,-1.323360454844000125e-02,-5.628814228236000278e-02,3.131309300000000018e-02,-9.437353320000000378e-01,1.641746286739999903e+02,2.024000000000000000e+03,1.100000000000000000e+01,1.400000000000000000e+01,1.400000000000000000e+01,1.300000000000000000e+01,1.485141100000000058e+01
4.000649483061000211e+01,-8.303715201331000628e+01,-1.909399999999999986e+00,3.845999999999999974e-01,5.278729071079800717e-01,-2.014126944518000034e-02,-6.661751370155999386e-02,5.722898800000000147e-02,-9.251503970000000132e-01,1.649135292119999860e+02,2.024000000000000000e+03,1.100000000000000000e+01,1.400000000000000000e+01,1.400000000000000000e+01,1.300000000000000000e+01,1.490953000000000017e+01
4.000649396803000002e+01,-8.303715178935999575e+01,-1.911599999999999966e+00,3.766999999999999793e-01,3.651244256007200040e-01,1.380904076313999897e-02,9.121715940360000663e-02,6.442801099999999337e-02,-9.039277430000000058e-01,1.654993016740000087e+02,2.024000000000000000e+03,1.100000000000000000e+01,1.400000000000000000e+01,1.400000000000000000e+01,1.300000000000000000e+01,1.496745899999999985e+01
4.000649344885999881e+01,-8.303715165730000081e+01,-1.916099999999999914e+00,3.711999999999999744e-01,4.229895208833199804e-01,1.410774837403999948e-01,-3.177726090823999872e-02,5.995936000000000321e-02,-8.965712829999999967e-01,1.658387303799999870e+02,2.024000000000000000e+03,1.100000000000000000e+01,1.400000000000000000e+01,1.400000000000000000e+01,1.300000000000000000e+01,1.502485099999999996e+01
4.000649275544999739e+01,-8.303715148595999551e+01,-1.921699999999999964e+00,3.578000000000000069e-01,6.372145602537799824e-01,1.034471676930799888e-01,6.351363895129999437e-02,5.063908000000000298e-02,-8.854509820000000531e-01,1.662857285510000054e+02,2.024000000000000000e+03,1.100000000000000000e+01,1.400000000000000000e+01,1.400000000000000000e+01,1.300000000000000000e+01,1.508502200000000038e+01
4.000649118906000012e+01,-8.303715112633000217e+01,-1.931400000000000006e+00,3.241999999999999882e-01,6.796042479831400085e-01,3.177505605262000155e-02,-1.554077597251000142e-01,5.708862800000000237e-02,-8.787604409999999477e-01,1.672869350709999878e+02,2.024000000000000000e+03,1.100000000000000000e+01,1.400000000000000000e+01,1.400000000000000000e+01,1.300000000000000000e+01,1.514540299999999995e+01
4.000649031575999715e+01,-8.303715093866000529e+01,-1.933799999999999963e+00,3.110999999999999877e-01,7.456632713487200137e-01,-2.361530220285999737e-02,-3.501070212231999906e-02,5.524009299999999706e-02,-8.776843319999999560e-01,1.678441411180000102e+02,2.024000000000000000e+03,1.100000000000000000e+01,1.400000000000000000e+01,1.400000000000000000e+01,1.300000000000000000e+01,1.521017699999999984e+01
4.000648856544000154e+01,-8.303715059597000447e+01,-1.943400000000000016e+00,2.706000000000000072e-01,8.143316462258399779e-01,7.078888738366000133e-02,-1.833295557943399878e-01,5.555332899999999852e-02,-8.644933470000000231e-01,1.689275251159999982e+02,2.024000000000000000e+03,1.100000000000000000e+01,1.400000000000000000e+01,1.400000000000000000e+01,1.300000000000000000e+01,1.526895099999999950e+01
4.000648768637000074e+01,-8.303715044138999701e+01,-1.949999999999999956e+00,2.518000000000000238e-01,7.850044985803800168e-01,1.371251903471799871e-01,1.406839318600000067e-04,7.734997700000000032e-02,-8.502459199999999884e-01,1.694373144349999905e+02,2.024000000000000000e+03,1.100000000000000000e+01,1.400000000000000000e+01,1.400000000000000000e+01,1.300000000000000000e+01,1.532731199999999916e+01
4.000648662767000019e+01,-8.303715027001000237e+01,-1.958800000000000097e+00,2.323000000000000065e-01,3.292619650295200429e-01,8.743012765066000835e-02,1.048077244442199851e-01,1.173667000000000044e-01,-8.443655920000000537e-01,1.700149930590000054e+02,2.024000000000000000e+03,1.100000000000000000e+01,1.400000000000000000e+01,1.400000000000000000e+01,1.300000000000000000e+01,1.538613699999999973e+01
4.000648556520999932e+01,-8.303715010774999428e+01,-1.962499999999999911e+00,2.257000000000000117e-01,1.790254513046400098e-01,4.961847685603999747e-02,1.797269733798800007e-01,1.466452159999999949e-01,-8.468613999999999864e-01,1.705567807749999929e+02,2.024000000000000000e+03,1.100000000000000000e+01,1.400000000000000000e+01,1.400000000000000000e+01,1.300000000000000000e+01,1.544478800000000085e+01
4.000648467861999791e+01,-8.303714997564999578e+01,-1.964399999999999924e+00,2.207000000000000073e-01,1.828510400008200032e-01,3.442787339680000031e-02,7.618641099916000081e-02,1.528176450000000020e-01,-8.463375760000000358e-01,1.709922267420000139e+02,2.024000000000000000e+03,1.100000000000000000e+01,1.400000000000000000e+01,1.400000000000000000e+01,1.300000000000000000e+01,1.550770600000000066e+01
4.000648343568000342e+01,-8.303714979717000233e+01,-1.969400000000000039e+00,2.097999999999999865e-01,4.767495151394399722e-01,1.471551918002400039e-01,-1.735389180928399999e-01,1.650830769999999947e-01,-8.403470339999999927e-01,1.715854775370000027e+02,2.024000000000000000e+03,1.100000000000000000e+01,1.400000000000000000e+01,1.400000000000000000e+01,1.300000000000000000e+01,1.556712100000000021e+01
4.000648236661000112e+01,-8.303714965148999738e+01,-1.977999999999999980e+00,2.011000000000000010e-01,3.037137857966000221e-01,2.546937368706999605e-01,-2.591560415642000376e-02,1.781760870000000108e-01,-8.415689229999999688e-01,1.720714389999999980e+02,2.024000000000000000e+03,1.100000000000000000e+01,1.400000000000000000e+01,1.400000000000000000e+01,1.300000000000000000e+01,1.562476000000000020e+01
4.000648129348999760e+01,-8.303714951227000540e+01,-1.984399999999999942e+00,1.885000000000000009e-01,5.365048550341999789e-01,1.243277018327800104e-01,-4.356411732209999887e-02,1.784370989999999879e-01,-8.517611099999999880e-01,1.725253332210000110e+02,2.024000000000000000e+03,1.100000000000000000e+01,1.400000000000000000e+01,1.400000000000000000e+01,1.300000000000000000e+01,1.568466699999999925e+01
4.000648021914000196e+01,-8.303714938304000270e+01,-1.985300000000000065e+00,1.751000000000000056e-01,4.494853229751000212e-01,2.182376385668000074e-02,6.666949937930000125e-02,1.796465989999999902e-01,-8.560145689999999474e-01,1.729513707019999913e+02,2.024000000000000000e+03,1.100000000000000000e+01,1.400000000000000000e+01,1.400000000000000000e+01,1.300000000000000000e+01,1.574477000000000082e+01
4.000647932292999798e+01,-8.303714927835000026e+01,-1.986699999999999910e+00,1.754999999999999893e-01,3.561710615834000337e-02,9.292441629351999577e-02,6.364842334574000171e-02,1.755846829999999914e-01,-8.558346159999999925e-01,1.732955515810000122e+02,2.024000000000000000e+03,1.100000000000000000e+01,1.400000000000000000e+01,1.400000000000000000e+01,1.300000000000000000e+01,1.580337199999999953e+01
4.000647806474000134e+01,-8.303714913298999534e+01,-1.995100000000000096e+00,1.751000000000000056e-01,-1.951584761632000134e-02,1.720985560435400186e-01,4.634013272802000455e-02,1.505013119999999982e-01,-8.671973130000000252e-01,1.737732474409999952e+02,2.024000000000000000e+03,1.100000000000000000e+01,1.400000000000000000e+01,1.400000000000000000e+01,1.300000000000000000e+01,1.586573399999999978e+01
4.000647698216999970e+01,-8.303714901227999690e+01,-2.000700000000000145e+00,1.668000000000000038e-01,1.309398801245399979e-01,8.970087957552000391e-02,1.731589095914800036e-01,1.210598979999999991e-01,-8.941868689999999953e-01,1.741703747669999984e+02,2.024000000000000000e+03,1.100000000000000000e+01,1.400000000000000000e+01,1.400000000000000000e+01,1.300000000000000000e+01,1.592524599999999957e+01
4.000647589745999966e+01,-8.303714890189999664e+01,-2.005399999999999849e+00,1.464999999999999913e-01,5.805574045951200635e-01,7.162861009634000076e-02,-4.005650720765999845e-02,9.040817700000000623e-02,-9.219303770000000231e-01,1.745586932109999907e+02,2.024000000000000000e+03,1.100000000000000000e+01,1.400000000000000000e+01,1.400000000000000000e+01,1.300000000000000000e+01,1.598798599999999936e+01
4.000647571647999712e+01,-8.303714888494999968e+01,-2.005700000000000038e+00,1.414999999999999869e-01,7.090337581707200076e-01,3.048318268303999712e-02,1.651277661706599953e-01,8.609031899999999848e-02,-9.264973010000000508e-01,1.746230400839999959e+02,2.024000000000000000e+03,1.100000000000000000e+01,1.400000000000000000e+01,1.400000000000000000e+01,1.300000000000000000e+01,1.604733799999999988e+01
4.000647462991000225e+01,-8.303714878969999802e+01,-2.008000000000000007e+00,1.233000000000000068e-01,6.930611818303399341e-01,3.361607260800000049e-03,1.222847824330799971e-01,5.700033599999999867e-02,-9.594530900000000084e-01,1.750154575390000105e+02,2.024000000000000000e+03,1.100000000000000000e+01,1.400000000000000000e+01,1.400000000000000000e+01,1.300000000000000000e+01,1.610493699999999961e+01
4.000647281562999780e+01,-8.303714866010000151e+01,-2.011099999999999888e+00,8.730000000000000260e-02,4.507913108601199759e-01,-1.044628370946000008e-02,-1.047822999915999989e-02,8.940448000000000145e-03,-1.016266963000000079e+00,1.757142815699999971e+02,2.024000000000000000e+03,1.100000000000000000e+01,1.400000000000000000e+01,1.400000000000000000e+01,1.300000000000000000e+01,1.616392799999999852e+01
4.000647154349000090e+01,-8.303714859909999291e+01,-2.012100000000000222e+00,5.310000000000000137e-02,9.362102035755999196e-01,-6.146623037762000141e-02,-5.635757869417999666e-02,1.233278099999999926e-02,-1.059936151000000049e+00,1.762451153300000044e+02,2.024000000000000000e+03,1.100000000000000000e+01,1.400000000000000000e+01,1.400000000000000000e+01,1.300000000000000000e+01,1.622285099999999858e+01
4.000647045457999695e+01,-8.303714856288000590e+01,-2.006099999999999994e+00,3.960000000000000325e-02,4.151463295968599865e-01,-2.441891385014799964e-01,-9.994099077779998799e-03,2.291588899999999832e-02,-1.089012569000000097e+00,1.767197884960000067e+02,2.024000000000000000e+03,1.100000000000000000e+01,1.400000000000000000e+01,1.400000000000000000e+01,1.300000000000000000e+01,1.628178600000000031e+01
4.000646936913000218e+01,-8.303714853728000378e+01,-1.999400000000000066e+00,2.220000000000000098e-02,6.550530240470000543e-01,-2.886991829931599973e-01,7.996460180905999582e-02,7.330828999999999644e-03,-1.101019242000000009e+00,1.772016589010000018e+02,2.024000000000000000e+03,1.100000000000000000e+01,1.400000000000000000e+01,1.400000000000000000e+01,1.300000000000000000e+01,1.634207500000000124e+01
4.000646846718999683e+01,-8.303714852857000039e+01,-1.994799999999999907e+00,8.999999999999999754e-04,7.432944844748000657e-01,-2.375398348586399977e-01,-2.707574452204000032e-02,2.384876000000000183e-03,-1.098192735000000031e+00,1.776047614189999990e+02,2.024000000000000000e+03,1.100000000000000000e+01,1.400000000000000000e+01,1.400000000000000000e+01,1.300000000000000000e+01,1.640204599999999857e+01
4.000646720705999826e+01,-8.303714853462000178e+01,-1.992699999999999916e+00,-2.040000000000000147e-02,2.060964894120399793e-01,-3.364206238232000240e-02,-1.854763666085999796e-02,2.377569200000000105e-02,-1.080489288999999964e+00,1.781807398720000037e+02,2.024000000000000000e+03,1.100000000000000000e+01,1.400000000000000000e+01,1.400000000000000000e+01,1.300000000000000000e+01,1.646256400000000042e+01
4.000646612781999778e+01,-8.303714855110999338e+01,-1.991400000000000059e+00,-3.359999999999999792e-02,3.845976583572000007e-01,-4.599533672181999738e-02,-1.529744577218000029e-02,3.033299700000000043e-02,-1.066894921000000052e+00,1.786837597089999861e+02,2.024000000000000000e+03,1.100000000000000000e+01,1.400000000000000000e+01,1.400000000000000000e+01,1.300000000000000000e+01,1.652165400000000162e+01
4.000646504838999817e+01,-8.303714857999999310e+01,-1.993600000000000039e+00,-5.739999999999999963e-02,8.480141110489199940e-01,8.573577886856000030e-02,1.504400550262399994e-01,2.917712800000000009e-02,-1.056707896000000035e+00,1.791912855690000015e+02,2.024000000000000000e+03,1.100000000000000000e+01,1.400000000000000000e+01,1.400000000000000000e+01,1.300000000000000000e+01,1.658023299999999978e+01
4.000646396762000023e+01,-8.303714862575999689e+01,-1.998299999999999965e+00,-8.440000000000000280e-02,9.528856329019999016e-01,1.491985491451999768e-01,-3.421030897619999848e-03,4.820727999999999819e-02,-1.057305319999999993e+00,1.796947659719999990e+02,2.024000000000000000e+03,1.100000000000000000e+01,1.400000000000000000e+01,1.400000000000000000e+01,1.300000000000000000e+01,1.663862800000000064e+01
4.000646288328000111e+01,-8.303714868964000573e+01,-2.003000000000000114e+00,-1.073000000000000065e-01,8.118646648133399646e-01,2.004708556878800063e-01,-1.097735611419599910e-01,9.217199299999999373e-02,-1.071762515999999943e+00,1.801897542989999863e+02,2.024000000000000000e+03,1.100000000000000000e+01,1.400000000000000000e+01,1.400000000000000000e+01,1.300000000000000000e+01,1.670083400000000040e+01
4.000646198074999660e+01,-8.303714874915000621e+01,-1.995600000000000041e+00,-1.081000000000000016e-01,1.733003956647800048e-01,-3.448849321820799951e-01,-6.779383249772000242e-02,1.158455290000000026e-01,-1.084453786000000086e+00,1.806019592309999950e+02,2.024000000000000000e+03,1.100000000000000000e+01,1.400000000000000000e+01,1.400000000000000000e+01,1.300000000000000000e+01,1.676059599999999961e+01
4.000646072349000093e+01,-8.303714883527000268e+01,-1.985100000000000087e+00,-1.125000000000000028e-01,3.308480768354200019e-01,-3.976376655155999806e-01,8.052741808414000391e-02,9.542850099999999891e-02,-1.062635878999999894e+00,1.811803009529999997e+02,2.024000000000000000e+03,1.100000000000000000e+01,1.400000000000000000e+01,1.400000000000000000e+01,1.300000000000000000e+01,1.682355499999999893e+01
4.000645964713000069e+01,-8.303714891462000480e+01,-1.989999999999999991e+00,-1.217000000000000026e-01,2.797118606625000337e-01,1.939350533446000113e-01,-1.942395070361999793e-02,7.015725500000000170e-02,-1.035198282999999941e+00,1.816795388710000054e+02,2.024000000000000000e+03,1.100000000000000000e+01,1.400000000000000000e+01,1.400000000000000000e+01,1.300000000000000000e+01,1.688295400000000157e+01
4.000645856708000281e+01,-8.303714900247000230e+01,-1.999500000000000055e+00,-1.345000000000000084e-01,3.631292719781800127e-01,3.359106236036600301e-01,2.383934200809999931e-02,4.833934000000000147e-02,-1.028781619999999952e+00,1.821787351529999910e+02,2.024000000000000000e+03,1.100000000000000000e+01,1.400000000000000000e+01,1.400000000000000000e+01,1.300000000000000000e+01,1.694646799999999942e+01
4.000645766419999916e+01,-8.303714908236999293e+01,-2.001900000000000013e+00,-1.471999999999999975e-01,4.997665285446599714e-01,1.123813994137800032e-01,-8.708367187995999514e-02,1.914191999999999977e-02,-1.040309718000000050e+00,1.825915107350000142e+02,2.024000000000000000e+03,1.100000000000000000e+01,1.400000000000000000e+01,1.400000000000000000e+01,1.300000000000000000e+01,1.701078299999999999e+01
4.000645730307999770e+01,-8.303714911747999849e+01,-2.000700000000000145e+00,-1.575999999999999901e-01,1.183232239619979920e+00,1.721862942497999829e-02,-8.909886485518000998e-02,7.880286000000000235e-03,-1.046668201999999992e+00,1.827557317650000073e+02,2.024000000000000000e+03,1.100000000000000000e+01,1.400000000000000000e+01,1.400000000000000000e+01,1.300000000000000000e+01,1.707033900000000060e+01
4.000645568491000148e+01,-8.303714930024000296e+01,-1.985500000000000043e+00,-1.958000000000000018e-01,3.998004604975000098e-01,-1.390284413524799922e-01,-3.592346402545999740e-02,-2.726484800000000125e-02,-1.037524764000000044e+00,1.834891305609999961e+02,2.024000000000000000e+03,1.100000000000000000e+01,1.400000000000000000e+01,1.400000000000000000e+01,1.300000000000000000e+01,1.712996800000000164e+01
4.000645461317999718e+01,-8.303714944227999695e+01,-1.979100000000000081e+00,-2.180999999999999883e-01,6.756299952674600373e-01,-1.541697051004800034e-01,-1.010048996382799935e-01,-2.882706800000000083e-02,-1.001946196000000011e+00,1.839843040840000015e+02,2.024000000000000000e+03,1.100000000000000000e+01,1.400000000000000000e+01,1.400000000000000000e+01,1.300000000000000000e+01,1.718980000000000175e+01
4.000645318819999829e+01,-8.303714964924999720e+01,-1.977600000000000025e+00,-2.374999999999999889e-01,2.670864953416799970e-01,1.055627898651999991e-02,6.174442680156000396e-02,-3.487569199999999980e-02,-9.486138920000000141e-01,1.846531468240000038e+02,2.024000000000000000e+03,1.100000000000000000e+01,1.400000000000000000e+01,1.400000000000000000e+01,1.300000000000000000e+01,1.724847199999999958e+01
4.000645194049000253e+01,-8.303714984795999499e+01,-1.981500000000000039e+00,-2.590999999999999970e-01,6.118529372341400263e-01,1.661271028150199947e-01,1.403376143416199817e-01,-3.996859999999999996e-02,-9.178967160000000014e-01,1.852307813060000115e+02,2.024000000000000000e+03,1.100000000000000000e+01,1.400000000000000000e+01,1.400000000000000000e+01,1.300000000000000000e+01,1.730938400000000144e+01
4.000645087037000280e+01,-8.303715003003999584e+01,-1.980699999999999905e+00,-2.713999999999999746e-01,4.246583856047399519e-01,1.840728514875999977e-02,-1.461090276857200110e-01,-4.729828999999999978e-02,-8.963757930000000318e-01,1.857167462399999920e+02,2.024000000000000000e+03,1.100000000000000000e+01,1.400000000000000000e+01,1.400000000000000000e+01,1.300000000000000000e+01,1.736922300000000163e+01
4.000644980057000311e+01,-8.303715021979000710e+01,-1.979999999999999982e+00,-2.805000000000000271e-01,3.448534497891200257e-01,2.640996272738000208e-02,-4.890278044512000322e-02,-7.064300099999999694e-02,-8.716047569999999522e-01,1.862019142489999979e+02,2.024000000000000000e+03,1.100000000000000000e+01,1.400000000000000000e+01,1.400000000000000000e+01,1.300000000000000000e+01,1.743302200000000113e+01
4.000644873128999990e+01,-8.303715041856000312e+01,-1.978699999999999903e+00,-2.963000000000000078e-01,5.302814165975600069e-01,1.168914934396000048e-02,-5.274996348232000726e-02,-1.019443700000000064e-01,-8.472300689999999745e-01,1.866918725989999928e+02,2.024000000000000000e+03,1.100000000000000000e+01,1.400000000000000000e+01,1.400000000000000000e+01,1.300000000000000000e+01,1.749309399999999926e+01
4.000644766282999854e+01,-8.303715062858999829e+01,-1.976799999999999891e+00,-3.135000000000000009e-01,6.695659728479800288e-01,1.577986342599999991e-04,-3.959541375189999657e-02,-1.315827210000000136e-01,-8.233875959999999994e-01,1.871913586960000089e+02,2.024000000000000000e+03,1.100000000000000000e+01,1.400000000000000000e+01,1.400000000000000000e+01,1.300000000000000000e+01,1.755658700000000039e+01
4.000644659588999730e+01,-8.303715085321999823e+01,-1.973999999999999977e+00,-3.378999999999999782e-01,1.302462884890579931e+00,5.217906908819999745e-02,1.018487198228199969e-01,-1.531995359999999973e-01,-8.000198630000000533e-01,1.876997068420000119e+02,2.024000000000000000e+03,1.100000000000000000e+01,1.400000000000000000e+01,1.400000000000000000e+01,1.300000000000000000e+01,1.761720499999999845e+01
4.000644535203999652e+01,-8.303715113753000310e+01,-1.973500000000000032e+00,-3.659000000000000030e-01,7.834700343147800172e-01,1.149903823312600076e-01,2.205012470732800045e-01,-1.629600479999999962e-01,-7.825260659999999646e-01,1.882984153200000037e+02,2.024000000000000000e+03,1.100000000000000000e+01,1.400000000000000000e+01,1.400000000000000000e+01,1.300000000000000000e+01,1.768208299999999866e+01
4.000644428716000078e+01,-8.303715140026000086e+01,-1.969300000000000050e+00,-3.907999999999999807e-01,4.120403486572800089e-01,-1.169334504280000048e-02,9.914765611909999443e-02,-1.616269939999999961e-01,-7.791858889999999649e-01,1.888141758710000033e+02,2.024000000000000000e+03,1.100000000000000000e+01,1.400000000000000000e+01,1.400000000000000000e+01,1.300000000000000000e+01,1.774747400000000042e+01
4.000644322472999903e+01,-8.303715167946999998e+01,-1.964699999999999891e+00,-4.134999999999999787e-01,7.241556908438999685e-01,-2.512432786306000032e-02,1.431606178804400165e-01,-1.468588879999999930e-01,-7.806673140000000011e-01,1.893300466690000121e+02,2.024000000000000000e+03,1.100000000000000000e+01,1.400000000000000000e+01,1.400000000000000000e+01,1.300000000000000000e+01,1.780781100000000094e+01
4.000644198828000242e+01,-8.303715202357000180e+01,-1.960299999999999931e+00,-4.339000000000000079e-01,7.786137261678599542e-01,-3.238729271560000268e-03,5.673184024039999544e-03,-1.237169560000000029e-01,-7.839397529999999614e-01,1.899305158170000141e+02,2.024000000000000000e+03,1.100000000000000000e+01,1.400000000000000000e+01,1.400000000000000000e+01,1.300000000000000000e+01,1.787275400000000047e+01
4.000644092982999922e+01,-8.303715232848999506e+01,-1.958399999999999919e+00,-4.426999999999999824e-01,2.909803680927399716e-01,-2.332828273072000067e-02,-4.512667863151999942e-02,-1.188659549999999954e-01,-7.951553460000000406e-01,1.904535466050000139e+02,2.024000000000000000e+03,1.100000000000000000e+01,1.400000000000000000e+01,1.400000000000000000e+01,1.300000000000000000e+01,1.793162200000000084e+01
4.000643987331000062e+01,-8.303715263800999935e+01,-1.953400000000000025e+00,-4.494000000000000217e-01,3.723772753093200216e-01,-1.167962066666799886e-01,-2.702787273926000183e-02,-1.440313500000000024e-01,-8.067898439999999782e-01,1.909927522710000005e+02,2.024000000000000000e+03,1.100000000000000000e+01,1.400000000000000000e+01,1.400000000000000000e+01,1.300000000000000000e+01,1.799621700000000146e+01
4.000643969747999762e+01,-8.303715269017999390e+01,-1.952399999999999913e+00,-4.506999999999999895e-01,3.583385833644600060e-01,-1.186305838587800032e-01,-8.788408560744000175e-02,-1.524006780000000116e-01,-8.080518570000000400e-01,1.910846173619999888e+02,2.024000000000000000e+03,1.100000000000000000e+01,1.400000000000000000e+01,1.400000000000000000e+01,1.300000000000000000e+01,1.805536400000000086e+01
4.000643812004999944e+01,-8.303715317353000103e+01,-1.942299999999999915e+00,-4.781000000000000250e-01,6.047823101052000050e-01,-3.545285977725999571e-02,-1.006766389329799977e-01,-2.107795399999999875e-01,-8.111810600000000093e-01,1.919311150640000108e+02,2.024000000000000000e+03,1.100000000000000000e+01,1.400000000000000000e+01,1.400000000000000000e+01,1.300000000000000000e+01,1.811503700000000094e+01
4.000643707574000274e+01,-8.303715351770999575e+01,-1.933400000000000007e+00,-5.043999999999999595e-01,8.275753154333199690e-01,-6.862050794728000169e-02,5.271021282090000704e-02,-2.448862749999999866e-01,-8.088690870000000421e-01,1.925171356479999929e+02,2.024000000000000000e+03,1.100000000000000000e+01,1.400000000000000000e+01,1.400000000000000000e+01,1.300000000000000000e+01,1.817453499999999877e+01
4.000643551838000178e+01,-8.303715406995000592e+01,-1.919899999999999940e+00,-5.465999999999999748e-01,1.030306986631900124e+00,-7.052955603754000602e-02,1.060578168650599951e-01,-3.003434010000000098e-01,-8.138381129999999741e-01,1.934354336979999971e+02,2.024000000000000000e+03,1.100000000000000000e+01,1.400000000000000000e+01,1.400000000000000000e+01,1.300000000000000000e+01,1.823843400000000159e+01
4.000643448688000348e+01,-8.303715446578000581e+01,-1.909599999999999964e+00,-5.815000000000000169e-01,1.173611749700359974e+00,-3.362631183507999721e-02,2.408799236086000065e-02,-3.071083270000000143e-01,-8.171101979999999543e-01,1.940649089179999862e+02,2.024000000000000000e+03,1.100000000000000000e+01,1.400000000000000000e+01,1.400000000000000000e+01,1.300000000000000000e+01,1.830129799999999918e+01
4.000643363051000279e+01,-8.303715481412000088e+01,-1.904900000000000038e+00,-6.088000000000000078e-01,1.034097642894119984e+00,9.537722046249999530e-02,-5.551136488695999904e-02,-2.926979699999999740e-01,-8.200379700000000049e-01,1.945858613039999909e+02,2.024000000000000000e+03,1.100000000000000000e+01,1.400000000000000000e+01,1.400000000000000000e+01,1.300000000000000000e+01,1.836082400000000092e+01
4.000643243465999888e+01,-8.303715532356000040e+01,-1.900800000000000045e+00,-6.342999999999999750e-01,6.911262506095200431e-01,5.952262622585999252e-02,-3.687360815069999631e-02,-2.662989119999999987e-01,-8.393346289999999987e-01,1.953002510000000029e+02,2.024000000000000000e+03,1.100000000000000000e+01,1.400000000000000000e+01,1.400000000000000000e+01,1.300000000000000000e+01,1.841931800000000052e+01
4.000643141153000215e+01,-8.303715577280999582e+01,-1.894800000000000040e+00,-6.504999999999999671e-01,7.286528545593600192e-01,-4.643180021395999779e-02,-2.661300624999999795e-03,-2.597863209999999867e-01,-8.564658309999999553e-01,1.959054541630000017e+02,2.024000000000000000e+03,1.100000000000000000e+01,1.400000000000000000e+01,1.400000000000000000e+01,1.300000000000000000e+01,1.848204499999999939e+01
4.000643039281000313e+01,-8.303715623540000479e+01,-1.886600000000000055e+00,-6.699000000000000510e-01,7.201434626424799701e-01,-7.241472732485999819e-02,1.164376417695399957e-01,-2.354323090000000063e-01,-8.717146489999999526e-01,1.965060561059999884e+02,2.024000000000000000e+03,1.100000000000000000e+01,1.400000000000000000e+01,1.400000000000000000e+01,1.300000000000000000e+01,1.854909200000000169e+01
4.000642937807000266e+01,-8.303715671003000409e+01,-1.880200000000000093e+00,-6.818999999999999506e-01,3.541260743130399957e-01,-6.625667091563999800e-02,-1.216126099831999971e-02,-1.969922970000000106e-01,-8.805353449999999693e-01,1.971027027250000003e+02,2.024000000000000000e+03,1.100000000000000000e+01,1.400000000000000000e+01,1.400000000000000000e+01,1.300000000000000000e+01,1.860820800000000119e+01
4.000642836610000330e+01,-8.303715719359999525e+01,-1.875599999999999934e+00,-6.951000000000000512e-01,4.107544976500600020e-01,-1.150809394862000075e-02,2.323304995392000069e-02,-1.753853489999999959e-01,-8.858120760000000038e-01,1.976861872480000102e+02,2.024000000000000000e+03,1.100000000000000000e+01,1.400000000000000000e+01,1.400000000000000000e+01,1.300000000000000000e+01,1.866725599999999829e+01
4.000642718841999823e+01,-8.303715776983999319e+01,-1.869399999999999951e+00,-7.125000000000000222e-01,5.810087355986599533e-01,-4.952746721841999600e-02,3.591605436228000048e-02,-1.690808400000000100e-01,-8.931140629999999581e-01,1.983440546850000032e+02,2.024000000000000000e+03,1.100000000000000000e+01,1.400000000000000000e+01,1.400000000000000000e+01,1.300000000000000000e+01,1.873153500000000093e+01
4.000642618199000111e+01,-8.303715827307000552e+01,-1.865199999999999969e+00,-7.226000000000000201e-01,5.958305119019600138e-01,-2.042414768663999847e-02,1.134529263446000108e-01,-1.688137650000000045e-01,-8.973280700000000332e-01,1.988922135519999870e+02,2.024000000000000000e+03,1.100000000000000000e+01,1.400000000000000000e+01,1.400000000000000000e+01,1.300000000000000000e+01,1.879212199999999910e+01
4.000642517608000048e+01,-8.303715878292000241e+01,-1.865799999999999903e+00,-7.305000000000000382e-01,1.134032241299400001e-01,3.745899725661999691e-02,5.554560360421999937e-02,-1.843064130000000023e-01,-9.096053459999999813e-01,1.994343103770000027e+02,2.024000000000000000e+03,1.100000000000000000e+01,1.400000000000000000e+01,1.400000000000000000e+01,1.300000000000000000e+01,1.885189000000000092e+01
4.000642417270999829e+01,-8.303715929922999806e+01,-1.858200000000000074e+00,-7.419000000000000039e-01,4.633533142887999445e-01,-9.714229816291999886e-02,-6.875973749805999735e-02,-2.193069169999999901e-01,-9.244018449999999998e-01,1.999731092629999978e+02,2.024000000000000000e+03,1.100000000000000000e+01,1.400000000000000000e+01,1.400000000000000000e+01,1.300000000000000000e+01,1.891107699999999880e+01
4.000642317335000087e+01,-8.303715982539000606e+01,-1.849299999999999944e+00,-7.578000000000000291e-01,3.061304075430599791e-01,-3.098894623564000042e-02,-9.131501516540000210e-03,-2.570196319999999979e-01,-9.301560199999999723e-01,2.005120748450000008e+02,2.024000000000000000e+03,1.100000000000000000e+01,1.400000000000000000e+01,1.400000000000000000e+01,1.300000000000000000e+01,1.897322799999999887e+01
4.000642284146999827e+01,-8.303716000333000125e+01,-1.846700000000000008e+00,-7.634999999999999565e-01,9.268191902962999995e-01,-7.621332038899999994e-02,4.799499357275999883e-02,-2.672015030000000069e-01,-9.333468729999999658e-01,2.006916348020000100e+02,2.024000000000000000e+03,1.100000000000000000e+01,1.400000000000000000e+01,1.400000000000000000e+01,1.300000000000000000e+01,1.903633299999999906e+01
4.000642184897999698e+01,-8.303716054791000545e+01,-1.835499999999999909e+00,-7.886999999999999567e-01,9.559597993726399734e-01,-4.207702814765999777e-02,-8.690327769333999752e-02,-2.927281319999999742e-01,-9.395122860000000298e-01,2.012258897680000018e+02,2.024000000000000000e+03,1.100000000000000000e+01,1.400000000000000000e+01,1.400000000000000000e+01,1.300000000000000000e+01,1.909661600000000092e+01
4.000642053629999850e+01,-8.303716130537000595e+01,-1.816200000000000037e+00,-8.289999999999999591e-01,1.122342983451519949e+00,-7.323036081653999663e-02,-1.336014231346600023e-01,-2.859242109999999837e-01,-9.422670370000000295e-01,2.019233744500000114e+02,2.024000000000000000e+03,1.100000000000000000e+01,1.400000000000000000e+01,1.400000000000000000e+01,1.300000000000000000e+01,1.915589200000000147e+01
4.000641939804999936e+01,-8.303716200064999953e+01,-1.802499999999999991e+00,-8.629000000000000004e-01,1.116780473237539928e+00,3.195052752558000253e-02,8.084228028727999393e-02,-2.355476009999999953e-01,-9.422832089999999550e-01,2.025158162909999930e+02,2.024000000000000000e+03,1.100000000000000000e+01,1.400000000000000000e+01,1.400000000000000000e+01,1.300000000000000000e+01,1.921592499999999859e+01
4.000641826601000162e+01,-8.303716271713000197e+01,-1.794699999999999962e+00,-8.823999999999999622e-01,5.967057163952200760e-01,4.183939491000000115e-04,-4.216535492264000123e-02,-1.669974760000000058e-01,-9.469089990000000290e-01,2.030994889590000128e+02,2.024000000000000000e+03,1.100000000000000000e+01,1.400000000000000000e+01,1.400000000000000000e+01,1.300000000000000000e+01,1.927557799999999943e+01
4.000641729837000327e+01,-8.303716334070999494e+01,-1.794000000000000039e+00,-8.881999999999999895e-01,2.534538645876600049e-01,8.336223550838001151e-02,-4.098793164807999767e-02,-1.118023900000000015e-01,-9.537586559999999825e-01,2.035962649079999949e+02,2.024000000000000000e+03,1.100000000000000000e+01,1.400000000000000000e+01,1.400000000000000000e+01,1.300000000000000000e+01,1.933513999999999911e+01
4.000641633111000317e+01,-8.303716396455999416e+01,-1.792300000000000004e+00,-8.836000000000000520e-01,-1.129564593195200028e-01,-1.342688637079799963e-01,5.133575045299999806e-02,-9.307447000000000636e-02,-9.620844149999999706e-01,2.040908480459999907e+02,2.024000000000000000e+03,1.100000000000000000e+01,1.400000000000000000e+01,1.400000000000000000e+01,1.300000000000000000e+01,1.939367599999999925e+01
4.000641520546999885e+01,-8.303716469133999567e+01,-1.785199999999999898e+00,-8.878000000000000336e-01,1.790753628055199997e-01,-1.422089685601999887e-01,1.184814772381799913e-01,-1.089629480000000039e-01,-9.589697419999999584e-01,2.046594874639999944e+02,2.024000000000000000e+03,1.100000000000000000e+01,1.400000000000000000e+01,1.400000000000000000e+01,1.300000000000000000e+01,1.945883500000000055e+01
4.000641424469999663e+01,-8.303716532075000600e+01,-1.777500000000000080e+00,-8.988000000000000433e-01,3.789387145448199767e-01,-9.042269722465999526e-02,-6.416857852550000851e-02,-1.206137580000000015e-01,-9.493410150000000103e-01,2.051357904040000051e+02,2.024000000000000000e+03,1.100000000000000000e+01,1.400000000000000000e+01,1.400000000000000000e+01,1.300000000000000000e+01,1.951987899999999954e+01
4.000641328772000094e+01,-8.303716595663999556e+01,-1.771600000000000064e+00,-9.062999999999999945e-01,2.331358294386600138e-01,-5.730253940263999729e-02,-1.050474429746999921e-01,-1.411458800000000013e-01,-9.363120639999999995e-01,2.056099652210000102e+02,2.024000000000000000e+03,1.100000000000000000e+01,1.400000000000000000e+01,1.400000000000000000e+01,1.300000000000000000e+01,1.957889700000000133e+01
4.000641233364999749e+01,-8.303716660002000083e+01,-1.765099999999999891e+00,-9.215999999999999748e-01,5.923676909496000675e-01,1.243279091998000102e-02,-1.124835204763000029e-01,-1.814607020000000015e-01,-9.228510399999999558e-01,2.060852033989999939e+02,2.024000000000000000e+03,1.100000000000000000e+01,1.400000000000000000e+01,1.400000000000000000e+01,1.300000000000000000e+01,1.964002299999999934e+01
4.000641138489999804e+01,-8.303716725617999828e+01,-1.752499999999999947e+00,-9.417999999999999705e-01,7.638366256795799947e-01,-9.271062700443999383e-02,-4.856772773009999933e-02,-2.134257210000000127e-01,-9.111649630000000499e-01,2.065596158930000001e+02,2.024000000000000000e+03,1.100000000000000000e+01,1.400000000000000000e+01,1.400000000000000000e+01,1.300000000000000000e+01,1.970082700000000031e+01
4.000641059873999694e+01,-8.303716781223999988e+01,-1.744399999999999951e+00,-9.556999999999999940e-01,6.829887879379399340e-01,-2.086872784224000008e-02,1.963731426546000067e-02,-2.295887669999999992e-01,-8.953750240000000193e-01,2.069514355459999990e+02,2.024000000000000000e+03,1.100000000000000000e+01,1.400000000000000000e+01,1.400000000000000000e+01,1.300000000000000000e+01,1.975994899999999888e+01
4.000640950289000131e+01,-8.303716860398999700e+01,-1.737900000000000000e+00,-9.733000000000000540e-01,5.369893186258600792e-01,7.797451718366001094e-02,2.141852629269999989e-02,-2.541127650000000182e-01,-8.821145320000000067e-01,2.074890899950000005e+02,2.024000000000000000e+03,1.100000000000000000e+01,1.400000000000000000e+01,1.400000000000000000e+01,1.300000000000000000e+01,1.982381099999999918e+01
4.000640856708999848e+01,-8.303716929377000611e+01,-1.730799999999999894e+00,-9.865000000000000435e-01,2.391135535773000198e-01,-8.777899696899999979e-03,-6.139629936999999905e-03,-2.796581539999999921e-01,-8.758517749999999991e-01,2.079495968109999922e+02,2.024000000000000000e+03,1.100000000000000000e+01,1.400000000000000000e+01,1.400000000000000000e+01,1.300000000000000000e+01,1.988420899999999847e+01
4.000640763615000139e+01,-8.303716999227999906e+01,-1.721700000000000008e+00,-9.989999999999999991e-01,5.318391434587800282e-01,-3.248622743357999776e-02,-2.892311578383999909e-02,-3.052387970000000061e-01,-8.701167579999999901e-01,2.084214747009999940e+02,2.024000000000000000e+03,1.100000000000000000e+01,1.400000000000000000e+01,1.400000000000000000e+01,1.300000000000000000e+01,1.994567800000000091e+01
4.000640686439000149e+01,-8.303717058303999465e+01,-1.711600000000000010e+00,-1.015500000000000069e+00,7.833122525562199456e-01,-3.994659133328000433e-02,-4.944286153882000018e-02,-3.200168460000000215e-01,-8.660152530000000404e-01,2.088267863700000078e+02,2.024000000000000000e+03,1.100000000000000000e+01,1.400000000000000000e+01,1.400000000000000000e+01,1.300000000000000000e+01,2.000559499999999957e+01
4.000640671053000119e+01,-8.303717070234000630e+01,-1.709799999999999986e+00,-1.018699999999999939e+00,7.802932387662400160e-01,-2.653575140758000078e-02,1.646336848839999789e-03,-3.236080940000000128e-01,-8.644034900000000521e-01,2.089088052639999944e+02,2.024000000000000000e+03,1.100000000000000000e+01,1.400000000000000000e+01,1.400000000000000000e+01,1.300000000000000000e+01,2.006452799999999925e+01
4.000640655683999825e+01,-8.303717082197999844e+01,-1.708299999999999930e+00,-1.021800000000000042e+00,7.498677100864800105e-01,1.162774775199999994e-03,3.109024426413999759e-02,-3.261290680000000219e-01,-8.638480899999999574e-01,2.089914421850000110e+02,2.024000000000000000e+03,1.100000000000000000e+01,1.400000000000000000e+01,1.400000000000000000e+01,1.300000000000000000e+01,2.012265199999999865e+01
4.000640640324999708e+01,-8.303717094193000037e+01,-1.707000000000000073e+00,-1.024499999999999966e+00,6.923090708709199737e-01,1.508263605729999804e-02,-6.176507866853999523e-02,-3.274713249999999798e-01,-8.642205760000000181e-01,2.090742177559999959e+02,2.024000000000000000e+03,1.100000000000000000e+01,1.400000000000000000e+01,1.400000000000000000e+01,1.300000000000000000e+01,2.018110899999999930e+01
4.000640624991999772e+01,-8.303717106234999790e+01,-1.704499999999999904e+00,-1.028000000000000025e+00,7.246278604684799340e-01,-1.760758374081999866e-02,-9.300714532956000369e-02,-3.275569580000000092e-01,-8.645525170000000204e-01,2.091573314460000006e+02,2.024000000000000000e+03,1.100000000000000000e+01,1.400000000000000000e+01,1.400000000000000000e+01,1.300000000000000000e+01,2.023982000000000170e+01
4.000640609672999659e+01,-8.303717118304000167e+01,-1.701799999999999979e+00,-1.031400000000000095e+00,3.933649688407599987e-01,-3.273032114362000450e-02,-3.647105787864000220e-02,-3.283419129999999853e-01,-8.644973209999999852e-01,2.092405090960000109e+02,2.024000000000000000e+03,1.100000000000000000e+01,1.400000000000000000e+01,1.400000000000000000e+01,1.300000000000000000e+01,2.029875499999999988e+01
4.000640533466999926e+01,-8.303717179238999790e+01,-1.689100000000000046e+00,-1.046599999999999975e+00,7.749275993945200502e-01,-1.246990337140399946e-01,-5.337631781958000754e-02,-3.407738359999999966e-01,-8.577795670000000205e-01,2.096639975969999909e+02,2.024000000000000000e+03,1.100000000000000000e+01,1.400000000000000000e+01,1.400000000000000000e+01,1.300000000000000000e+01,2.035754700000000028e+01
4.000640323252999764e+01,-8.303717354763000458e+01,-1.657699999999999951e+00,-1.096400000000000041e+00,7.523892901613800088e-01,2.448723010297999825e-02,-9.753724412639999675e-02,-3.598952209999999874e-01,-8.489630830000000072e-01,2.109308694240000079e+02,2.024000000000000000e+03,1.100000000000000000e+01,1.400000000000000000e+01,1.400000000000000000e+01,1.300000000000000000e+01,2.041629199999999855e+01
4.000640073228999682e+01,-8.303717578523000498e+01,-1.614900000000000002e+00,-1.157000000000000028e+00,1.629013102786679879e+00,-8.872550419593999704e-02,1.833434343108999998e-01,-3.666449940000000018e-01,-8.645008069999999822e-01,2.126049637460000099e+02,2.024000000000000000e+03,1.100000000000000000e+01,1.400000000000000000e+01,1.400000000000000000e+01,1.300000000000000000e+01,2.047589800000000082e+01
4.000639885769000159e+01,-8.303717757357999574e+01,-1.597199999999999953e+00,-1.190700000000000092e+00,4.495686632757799894e-01,-3.500003524312000208e-02,-9.585779777533999513e-02,-3.542853109999999917e-01,-8.816221589999999608e-01,2.139241285630000107e+02,2.024000000000000000e+03,1.100000000000000000e+01,1.400000000000000000e+01,1.400000000000000000e+01,1.300000000000000000e+01,2.053446200000000132e+01
4.000639800199000007e+01,-8.303717841643999975e+01,-1.582300000000000040e+00,-1.207600000000000007e+00,6.443707003138999800e-01,-1.112439889213599903e-01,-4.623176398639999851e-02,-3.575787260000000134e-01,-8.886656609999999956e-01,2.145611908019999987e+02,2.024000000000000000e+03,1.100000000000000000e+01,1.400000000000000000e+01,1.400000000000000000e+01,1.300000000000000000e+01,2.059504599999999996e+01
4.000639715487999837e+01,-8.303717927200999327e+01,-1.564699999999999980e+00,-1.227000000000000091e+00,7.841366101369598995e-01,-9.202207705694000206e-02,-1.140197661791800127e-01,-3.580337499999999840e-01,-8.870424999999999560e-01,2.152131469910000021e+02,2.024000000000000000e+03,1.100000000000000000e+01,1.400000000000000000e+01,1.400000000000000000e+01,1.300000000000000000e+01,2.065462799999999888e+01
4.000639617763000189e+01,-8.303718028660999551e+01,-1.546499999999999986e+00,-1.250699999999999923e+00,1.372785470262380070e+00,-7.322152795999999813e-04,2.641138388723199837e-01,-3.735442110000000149e-01,-8.895574769999999853e-01,2.159978364959999908e+02,2.024000000000000000e+03,1.100000000000000000e+01,1.400000000000000000e+01,1.400000000000000000e+01,1.300000000000000000e+01,2.071893999999999991e+01
4.000639548771000165e+01,-8.303718102528000600e+01,-1.528299999999999992e+00,-1.274399999999999977e+00,1.230838521782680051e+00,9.624496828580001231e-03,-3.793327557402000061e-02,-3.803618029999999983e-01,-8.948659610000000431e-01,2.165733731830000011e+02,2.024000000000000000e+03,1.100000000000000000e+01,1.400000000000000000e+01,1.400000000000000000e+01,1.300000000000000000e+01,2.077727099999999893e+01
4.000639453339000084e+01,-8.303718208128999834e+01,-1.509900000000000020e+00,-1.301500000000000101e+00,8.204486360913799681e-01,5.952912413374000095e-02,2.146170870489999896e-02,-3.740826509999999883e-01,-9.170930670000000395e-01,2.174027986320000139e+02,2.024000000000000000e+03,1.100000000000000000e+01,1.400000000000000000e+01,1.400000000000000000e+01,1.300000000000000000e+01,2.084074000000000026e+01
4.000639372420000228e+01,-8.303718300229000704e+01,-1.495200000000000085e+00,-1.320699999999999985e+00,6.922245266775799433e-01,-1.582551402098000132e-02,1.576466630624600018e-01,-3.822779219999999922e-01,-9.543677919999999926e-01,2.181373149140000010e+02,2.024000000000000000e+03,1.100000000000000000e+01,1.400000000000000000e+01,1.400000000000000000e+01,1.300000000000000000e+01,2.090059600000000017e+01
4.000639305714999949e+01,-8.303718377893000024e+01,-1.477800000000000002e+00,-1.332000000000000073e+00,7.062577887949599287e-01,-2.304502915468199797e-01,7.939197396693999098e-02,-3.915022129999999878e-01,-9.873163219999999685e-01,2.187599415679999879e+02,2.024000000000000000e+03,1.100000000000000000e+01,1.400000000000000000e+01,1.400000000000000000e+01,1.300000000000000000e+01,2.095875200000000049e+01
4.000639252898999843e+01,-8.303718440331999773e+01,-1.466399999999999926e+00,-1.334600000000000009e+00,6.700690423551199926e-01,-4.738059902190600026e-01,-1.540872519858400014e-01,-4.064163639999999744e-01,-1.002254664000000073e+00,2.192651307540000118e+02,2.024000000000000000e+03,1.100000000000000000e+01,1.400000000000000000e+01,1.400000000000000000e+01,1.300000000000000000e+01,2.102254800000000046e+01
4.000639187349000281e+01,-8.303718518603000120e+01,-1.455000000000000071e+00,-1.339800000000000102e+00,4.155390899385399406e-01,-1.833712201892400140e-01,-5.367750744259999762e-02,-4.448233540000000041e-01,-1.009182956999999936e+00,2.199028095259999986e+02,2.024000000000000000e+03,1.100000000000000000e+01,1.400000000000000000e+01,1.400000000000000000e+01,1.300000000000000000e+01,2.108331599999999995e+01
4.000639057878999694e+01,-8.303718677576000573e+01,-1.425100000000000033e+00,-1.381099999999999994e+00,1.196932633756480069e+00,1.170199643821600022e-01,-8.392969481190000469e-02,-5.470760940000000128e-01,-1.036420136999999908e+00,2.211920929700000045e+02,2.024000000000000000e+03,1.100000000000000000e+01,1.400000000000000000e+01,1.400000000000000000e+01,1.300000000000000000e+01,2.114752899999999869e+01
4.000639006814999732e+01,-8.303718742412000609e+01,-1.411000000000000032e+00,-1.397999999999999909e+00,1.708261654285119890e+00,9.669456633355999475e-02,-2.255032797098799890e-01,-5.761560980000000054e-01,-1.055723238999999980e+00,2.217083839249999926e+02,2.024000000000000000e+03,1.100000000000000000e+01,1.400000000000000000e+01,1.400000000000000000e+01,1.300000000000000000e+01,2.120721599999999896e+01
4.000638918802999910e+01,-8.303718857629999661e+01,-1.380300000000000082e+00,-1.422800000000000065e+00,6.389578155059000286e-01,-1.067998754838599962e-01,-1.917963843376000246e-02,-6.226065020000000061e-01,-1.087791685000000008e+00,2.226036490459999868e+02,2.024000000000000000e+03,1.100000000000000000e+01,1.400000000000000000e+01,1.400000000000000000e+01,1.300000000000000000e+01,2.126656300000000144e+01
4.000638832924000354e+01,-8.303718974849999768e+01,-1.345900000000000096e+00,-1.445699999999999985e+00,1.118134225405320148e+00,-2.567918153333599851e-01,-1.138370915663999977e-01,-6.445814789999999572e-01,-1.096502684000000061e+00,2.234868076109999890e+02,2.024000000000000000e+03,1.100000000000000000e+01,1.400000000000000000e+01,1.400000000000000000e+01,1.300000000000000000e+01,2.132630800000000093e+01
4.000638760708999797e+01,-8.303719076648999931e+01,-1.328899999999999970e+00,-1.460099999999999953e+00,7.005079257918400693e-01,-5.809254846741999934e-02,4.972440783950000248e-02,-6.548156790000000393e-01,-1.091279898000000026e+00,2.242460893250000140e+02,2.024000000000000000e+03,1.100000000000000000e+01,1.400000000000000000e+01,1.400000000000000000e+01,1.300000000000000000e+01,2.138564900000000080e+01
4.000638689363999845e+01,-8.303719179635000103e+01,-1.313199999999999923e+00,-1.478299999999999947e+00,4.146893833679599628e-01,2.635430749119999777e-02,-1.611067291758000106e-02,-6.774753650000000516e-01,-1.092584286999999987e+00,2.250122175120000065e+02,2.024000000000000000e+03,1.100000000000000000e+01,1.400000000000000000e+01,1.400000000000000000e+01,1.300000000000000000e+01,2.144495699999999871e+01
4.000638618949000147e+01,-8.303719283849000021e+01,-1.294599999999999973e+00,-1.495800000000000018e+00,8.753324898480399074e-01,-3.214520166660000261e-02,-5.857107450553999950e-02,-6.963559569999999699e-01,-1.102322406999999949e+00,2.257860704740000131e+02,2.024000000000000000e+03,1.100000000000000000e+01,1.400000000000000000e+01,1.400000000000000000e+01,1.300000000000000000e+01,2.150909199999999899e+01
4.000638537967999753e+01,-8.303719406531999425e+01,-1.277700000000000058e+00,-1.504000000000000004e+00,4.223110091632000240e-01,-1.411494169179000058e-01,-5.333376006065999875e-02,-7.276138060000000296e-01,-1.106239822000000039e+00,2.266883296020000103e+02,2.024000000000000000e+03,1.100000000000000000e+01,1.400000000000000000e+01,1.400000000000000000e+01,1.300000000000000000e+01,2.156905700000000081e+01
4.000638469407999764e+01,-8.303719512262000535e+01,-1.260699999999999932e+00,-1.513700000000000045e+00,7.116253507665800671e-01,-1.414231244333599979e-01,-1.045870752409399917e-01,-7.875071750000000037e-01,-1.096144449000000076e+00,2.274600458660000015e+02,2.024000000000000000e+03,1.100000000000000000e+01,1.400000000000000000e+01,1.400000000000000000e+01,1.300000000000000000e+01,2.162957400000000163e+01
4.000638402130000060e+01,-8.303719619055000578e+01,-1.231100000000000083e+00,-1.532399999999999984e+00,1.193786267589179939e+00,-2.090088514844400114e-01,6.451610458808000603e-02,-8.415253750000000199e-01,-1.079248044000000073e+00,2.282398557960000005e+02,2.024000000000000000e+03,1.100000000000000000e+01,1.400000000000000000e+01,1.400000000000000000e+01,1.300000000000000000e+01,2.168927100000000152e+01
4.000638347222000135e+01,-8.303719709035999585e+01,-1.208700000000000108e+00,-1.547700000000000076e+00,1.114785653706219959e+00,-1.495285781340599807e-01,3.020507454285999843e-02,-8.737207660000000375e-01,-1.066102105999999994e+00,2.289004271059999951e+02,2.024000000000000000e+03,1.100000000000000000e+01,1.400000000000000000e+01,1.400000000000000000e+01,1.300000000000000000e+01,2.174853399999999937e+01
4.000638282940000323e+01,-8.303719818324999835e+01,-1.171100000000000030e+00,-1.569800000000000084e+00,1.524540945007359927e+00,-2.765557750253800351e-01,1.844824501939600070e-01,-9.057568559999999991e-01,-1.049434631000000007e+00,2.297071833219999917e+02,2.024000000000000000e+03,1.100000000000000000e+01,1.400000000000000000e+01,1.400000000000000000e+01,1.300000000000000000e+01,2.180813600000000108e+01
4.000638221004000172e+01,-8.303719929199000660e+01,-1.123899999999999899e+00,-1.592400000000000038e+00,1.685935408950540060e+00,-4.085772053129200221e-01,2.940947150851999994e-02,-8.990200739999999469e-01,-1.023949632999999970e+00,2.305181181000000095e+02,2.024000000000000000e+03,1.100000000000000000e+01,1.400000000000000000e+01,1.400000000000000000e+01,1.300000000000000000e+01,2.186672400000000138e+01
4.000638161141999660e+01,-8.303720041344000435e+01,-1.094799999999999995e+00,-1.606300000000000061e+00,1.522679615927340135e+00,-2.885881940290599967e-01,7.492364739593999901e-02,-8.703326340000000494e-01,-9.866148710000000044e-01,2.313336118789999887e+02,2.024000000000000000e+03,1.100000000000000000e+01,1.400000000000000000e+01,1.400000000000000000e+01,1.300000000000000000e+01,2.192503999999999920e+01
4.000638102503999960e+01,-8.303720154447999846e+01,-1.078300000000000036e+00,-1.617899999999999894e+00,5.939599369147600116e-01,-2.113490725963999839e-02,-5.936192764947999939e-02,-8.576091980000000170e-01,-9.607971159999999511e-01,2.321570959919999950e+02,2.024000000000000000e+03,1.100000000000000000e+01,1.400000000000000000e+01,1.400000000000000000e+01,1.300000000000000000e+01,2.198463399999999979e+01
4.000638092818000047e+01,-8.303720173380000347e+01,-1.075299999999999923e+00,-1.620000000000000107e+00,6.314824601578800101e-01,-3.175693593340000315e-02,-7.669681440513999304e-02,-8.559720960000000156e-01,-9.583777589999999957e-01,2.322952002709999988e+02,2.024000000000000000e+03,1.100000000000000000e+01,1.400000000000000000e+01,1.400000000000000000e+01,1.300000000000000000e+01,2.204393699999999967e+01
4.000638044794000336e+01,-8.303720268234999935e+01,-1.061299999999999910e+00,-1.623699999999999921e+00,4.482314069762800002e-01,-2.065108994139600029e-01,-1.439786829778799959e-01,-8.604358939999999789e-01,-9.450119080000000116e-01,2.329888805889999901e+02,2.024000000000000000e+03,1.100000000000000000e+01,1.400000000000000000e+01,1.400000000000000000e+01,1.300000000000000000e+01,2.210288600000000159e+01
4.000637941698000333e+01,-8.303720477720000304e+01,-1.025900000000000034e+00,-1.630200000000000093e+00,5.723051130806000586e-01,-3.231189134141599917e-01,-1.821081845076399919e-01,-9.038831790000000366e-01,-8.869238080000000357e-01,2.345276337699999942e+02,2.024000000000000000e+03,1.100000000000000000e+01,1.400000000000000000e+01,1.400000000000000000e+01,1.300000000000000000e+01,2.216235100000000102e+01
4.000637896197999765e+01,-8.303720573408000405e+01,-1.006399999999999961e+00,-1.635299999999999976e+00,7.388129674561799698e-01,-2.682746357824600247e-01,-8.354083057050000483e-02,-9.483669639999999790e-01,-8.444498590000000249e-01,2.352319101440000111e+02,2.024000000000000000e+03,1.100000000000000000e+01,1.400000000000000000e+01,1.400000000000000000e+01,1.300000000000000000e+01,2.222091500000000153e+01
4.000637825414000304e+01,-8.303720727593000106e+01,-9.701999999999999513e-01,-1.652900000000000036e+00,1.043634248350939986e+00,-1.374112138941200045e-01,2.025059107444399653e-01,-1.032304729000000032e+00,-7.845397840000000178e-01,2.363831193350000035e+02,2.024000000000000000e+03,1.100000000000000000e+01,1.400000000000000000e+01,1.400000000000000000e+01,1.300000000000000000e+01,2.228257100000000079e+01
4.000637774260999890e+01,-8.303720844459999739e+01,-9.342000000000000304e-01,-1.669999999999999929e+00,6.470718457477400154e-01,-9.206756921962000462e-02,1.962980850008000031e-02,-1.081359932000000024e+00,-7.508603870000000180e-01,2.372648953739999911e+02,2.024000000000000000e+03,1.100000000000000000e+01,1.400000000000000000e+01,1.400000000000000000e+01,1.300000000000000000e+01,2.234483799999999931e+01
4.000637725155999647e+01,-8.303720962440999642e+01,-8.944999999999999618e-01,-1.685200000000000031e+00,1.379816254403840148e+00,-2.633634410308000051e-01,-5.407526647081999788e-02,-1.108220187999999995e+00,-7.166254960000000285e-01,2.381451504130000103e+02,2.024000000000000000e+03,1.100000000000000000e+01,1.400000000000000000e+01,1.400000000000000000e+01,1.300000000000000000e+01,2.240588800000000091e+01
4.000637678060999747e+01,-8.303721081375999802e+01,-8.612999999999999545e-01,-1.696499999999999897e+00,1.083163819265940075e+00,-2.415523626101200028e-01,-5.819430538556000232e-02,-1.121990621999999993e+00,-6.782219590000000409e-01,2.390138211160000026e+02,2.024000000000000000e+03,1.100000000000000000e+01,1.400000000000000000e+01,1.400000000000000000e+01,1.300000000000000000e+01,2.246792299999999898e+01
4.000637625152999988e+01,-8.303721220961000427e+01,-8.263000000000000345e-01,-1.706099999999999950e+00,1.061134184293260008e+00,-2.881157650449600038e-01,-4.676469024043999889e-02,-1.136392443000000085e+00,-6.333824729999999459e-01,2.400232715399999961e+02,2.024000000000000000e+03,1.100000000000000000e+01,1.400000000000000000e+01,1.400000000000000000e+01,1.300000000000000000e+01,2.253121900000000011e+01
4.000637581555999844e+01,-8.303721341147000601e+01,-7.971000000000000307e-01,-1.712199999999999944e+00,9.559867347118599090e-01,-2.953338577922399733e-01,-1.182317692205400034e-01,-1.133864144999999990e+00,-5.855001669999999603e-01,2.408877534099999878e+02,2.024000000000000000e+03,1.100000000000000000e+01,1.400000000000000000e+01,1.400000000000000000e+01,1.300000000000000000e+01,2.259480299999999886e+01
4.000637532465000135e+01,-8.303721481888000255e+01,-7.685999999999999499e-01,-1.719899999999999984e+00,8.687881821546200589e-01,-1.650414544286399887e-01,-2.277334599002000040e-02,-1.125989010999999929e+00,-5.259856969999999743e-01,2.418900610240000049e+02,2.024000000000000000e+03,1.100000000000000000e+01,1.400000000000000000e+01,1.400000000000000000e+01,1.300000000000000000e+01,2.265816999999999837e+01
4.000637465628999934e+01,-8.303721684116999313e+01,-7.240999999999999659e-01,-1.731000000000000094e+00,9.568797448421000329e-01,-2.300713794067600071e-01,8.689036392373999940e-02,-1.134573424000000053e+00,-4.482040389999999985e-01,2.432777041349999934e+02,2.024000000000000000e+03,1.100000000000000000e+01,1.400000000000000000e+01,1.400000000000000000e+01,1.300000000000000000e+01,2.276616100000000031e+01
4.000637403108000001e+01,-8.303721887727000706e+01,-6.771000000000000352e-01,-1.742299999999999960e+00,7.987793191478199661e-01,-1.896139325185400015e-01,9.891377082430000134e-02,-1.110145321999999934e+00,-3.686925790000000203e-01,2.446275081260000093e+02,2.024000000000000000e+03,1.100000000000000000e+01,1.400000000000000000e+01,1.400000000000000000e+01,1.300000000000000000e+01,2.286364500000000177e+01
4.000636992105000189e+01,-8.303723812200999532e+01,-3.316000000000000059e-01,-1.741300000000000070e+00,3.467740712511799828e-01,-2.868998030083799722e-01,-2.417546725724000270e-02,-9.346396569999999571e-01,-4.983574999999999637e-03,2.560726057809999929e+02,2.024000000000000000e+03,1.100000000000000000e+01,1.400000000000000000e+01,1.400000000000000000e+01,1.300000000000000000e+01,2.381502599999999958e+01
4.000636941818000025e+01,-8.303724178083000140e+01,-3.014000000000000012e-01,-1.733999999999999986e+00,4.687984500428000190e-01,-3.995404544177999506e-02,9.596975269414000087e-02,-9.086702650000000325e-01,1.837062899999999943e-02,2.576992910669999901e+02,2.024000000000000000e+03,1.100000000000000000e+01,1.400000000000000000e+01,1.400000000000000000e+01,1.300000000000000000e+01,2.398310999999999993e+01
4.000636933852000254e+01,-8.303724239048999323e+01,-2.974999999999999867e-01,-1.734099999999999975e+00,2.927039072654000207e-01,-5.359733872852000258e-02,-1.475970404176600026e-01,-9.113252880000000111e-01,1.289809999999999915e-02,2.579550732199999743e+02,2.024000000000000000e+03,1.100000000000000000e+01,1.400000000000000000e+01,1.400000000000000000e+01,1.300000000000000000e+01,2.407089500000000015e+01
4.000636902003999751e+01,-8.303724503767000442e+01,-2.602999999999999758e-01,-1.743300000000000072e+00,5.430522024706400108e-01,1.487057420332799917e-01,9.959912095120000003e-03,-8.964184640000000259e-01,3.347089799999999893e-02,2.589972827789999883e+02,2.024000000000000000e+03,1.100000000000000000e+01,1.400000000000000000e+01,1.400000000000000000e+01,1.300000000000000000e+01,2.414992300000000114e+01
4.000636888507000322e+01,-8.303724626541000475e+01,-2.454999999999999960e-01,-1.746699999999999919e+00,5.776084580184199790e-01,1.268523445949999891e-02,1.016015513950200011e-01,-8.790703300000000109e-01,3.408527699999999716e-02,2.594445222339999759e+02,2.024000000000000000e+03,1.100000000000000000e+01,1.400000000000000000e+01,1.400000000000000000e+01,1.300000000000000000e+01,2.421283299999999983e+01
4.000636871489999891e+01,-8.303724790369000175e+01,-2.346000000000000030e-01,-1.746599999999999930e+00,3.757944424258999883e-01,-2.660418598871999718e-02,-3.083447560722000352e-02,-8.550619400000000203e-01,4.196267900000000273e-02,2.600211133669999981e+02,2.024000000000000000e+03,1.100000000000000000e+01,1.400000000000000000e+01,1.400000000000000000e+01,1.300000000000000000e+01,2.428618300000000119e+01
4.000636859144999846e+01,-8.303724913474999880e+01,-2.283999999999999919e-01,-1.752899999999999903e+00,1.475113599414000221e-01,9.172595390974000451e-02,5.799917378227999881e-02,-8.479237050000000275e-01,5.240027800000000152e-02,2.604452440960000104e+02,2.024000000000000000e+03,1.100000000000000000e+01,1.400000000000000000e+01,1.400000000000000000e+01,1.300000000000000000e+01,2.434947400000000073e+01
4.000636847345000291e+01,-8.303725037174000079e+01,-2.182999999999999940e-01,-1.761400000000000077e+00,5.131985274770199945e-01,2.449618898075600071e-01,-2.496805927140000048e-02,-8.327516249999999953e-01,5.119478499999999960e-02,2.608555917379999869e+02,2.024000000000000000e+03,1.100000000000000000e+01,1.400000000000000000e+01,1.400000000000000000e+01,1.300000000000000000e+01,2.440943700000000049e+01
4.000636830210000028e+01,-8.303725223346999940e+01,-2.106999999999999984e-01,-1.766899999999999915e+00,2.213726945775599808e-01,9.546900757258000580e-02,-1.411045462977999869e-02,-8.202095520000000084e-01,4.898154899999999923e-02,2.614310161450000010e+02,2.024000000000000000e+03,1.100000000000000000e+01,1.400000000000000000e+01,1.400000000000000000e+01,1.300000000000000000e+01,2.450598899999999958e+01
4.000636798357999879e+01,-8.303725598884000192e+01,-1.902999999999999969e-01,-1.795099999999999918e+00,4.067945247251600338e-01,3.044524803830400139e-01,1.037020937954000015e-02,-8.180749699999999569e-01,4.331271300000000268e-02,2.624998354040000095e+02,2.024000000000000000e+03,1.100000000000000000e+01,1.400000000000000000e+01,1.400000000000000000e+01,1.300000000000000000e+01,2.467108599999999896e+01
4.000636782824000193e+01,-8.303725810234000448e+01,-1.625000000000000056e-01,-1.812200000000000033e+00,5.705517066226999390e-01,3.270115539676800021e-01,5.697548433389999778e-02,-7.959737110000000282e-01,4.980238800000000299e-02,2.630439394019999781e+02,2.024000000000000000e+03,1.100000000000000000e+01,1.400000000000000000e+01,1.400000000000000000e+01,1.300000000000000000e+01,2.477093699999999998e+01
4.000636762679999947e+01,-8.303726132373999747e+01,-1.426999999999999935e-01,-1.852200000000000069e+00,3.065688909938399931e-01,4.569414544580200355e-01,-7.990223814735999963e-02,-7.338646119999999717e-01,5.231574199999999841e-02,2.638127723609999862e+02,2.024000000000000000e+03,1.100000000000000000e+01,1.400000000000000000e+01,1.400000000000000000e+01,1.300000000000000000e+01,2.492286700000000010e+01
4.000636749283000171e+01,-8.303726372900999309e+01,-1.358000000000000040e-01,-1.879399999999999959e+00,1.102107638097600123e-01,5.004242673934200525e-01,3.408052484759999893e-03,-6.836681430000000059e-01,3.796690900000000007e-02,2.643572642820000169e+02,2.024000000000000000e+03,1.100000000000000000e+01,1.400000000000000000e+01,1.400000000000000000e+01,1.300000000000000000e+01,2.507945000000000135e+01
4.000636735426999735e+01,-8.303726616286000706e+01,-1.461000000000000076e-01,-1.897499999999999964e+00,-1.638539605094000220e-02,3.173083740312999668e-01,7.445294321964000817e-02,-7.043847650000000238e-01,2.880631000000000164e-02,2.648668698729999846e+02,2.024000000000000000e+03,1.100000000000000000e+01,1.400000000000000000e+01,1.400000000000000000e+01,1.300000000000000000e+01,2.514219999999999899e+01
4.000636731776000232e+01,-8.303726683088000016e+01,-1.351999999999999869e-01,-1.904700000000000060e+00,3.448318437363400157e-01,3.649046731380199970e-01,-7.357061121313999974e-02,-7.126927210000000290e-01,3.419592400000000254e-02,2.649993739139999889e+02,2.024000000000000000e+03,1.100000000000000000e+01,1.400000000000000000e+01,1.400000000000000000e+01,1.300000000000000000e+01,2.520264399999999938e+01
4.000636722102999698e+01,-8.303726884974000200e+01,-1.179999999999999938e-01,-1.926399999999999890e+00,6.834673005866000184e-02,4.476945232789000251e-01,-4.391968594822000249e-02,-6.822248450000000242e-01,4.533840599999999776e-02,2.653744856220000088e+02,2.024000000000000000e+03,1.100000000000000000e+01,1.400000000000000000e+01,1.400000000000000000e+01,1.300000000000000000e+01,2.526336799999999982e+01
4.000636715745999794e+01,-8.303727020800999981e+01,-1.215999999999999998e-01,-1.940499999999999892e+00,-6.204370930599999862e-02,4.839078286372600068e-01,-2.121873010793399739e-01,-6.988750919999999756e-01,5.589924400000000071e-02,2.656156176719999849e+02,2.024000000000000000e+03,1.100000000000000000e+01,1.400000000000000000e+01,1.400000000000000000e+01,1.300000000000000000e+01,2.532470800000000111e+01
4.000636709777000277e+01,-8.303727157487999477e+01,-1.073000000000000065e-01,-1.951899999999999968e+00,4.474876083352399836e-01,3.738032062975200076e-01,-2.925730992205999997e-02,-7.169673659999999948e-01,7.207860100000000603e-02,2.658534697549999919e+02,2.024000000000000000e+03,1.100000000000000000e+01,1.400000000000000000e+01,1.400000000000000000e+01,1.300000000000000000e+01,2.538603300000000118e+01
4.000636704373999919e+01,-8.303727295106999406e+01,-1.005999999999999950e-01,-1.965700000000000003e+00,6.622253269552000332e-02,2.267651616532400105e-01,1.931827905358000225e-02,-7.046074839999999506e-01,9.194308700000000667e-02,2.660906026069999939e+02,2.024000000000000000e+03,1.100000000000000000e+01,1.400000000000000000e+01,1.400000000000000000e+01,1.300000000000000000e+01,2.544621599999999972e+01
4.000636699977999911e+01,-8.303727410557000610e+01,-9.990000000000000269e-02,-1.978299999999999947e+00,5.088845354253999920e-02,4.981722603600000077e-01,9.596895938789999636e-02,-6.987281589999999598e-01,1.072331279999999970e-01,2.662837829609999858e+02,2.024000000000000000e+03,1.100000000000000000e+01,1.400000000000000000e+01,1.400000000000000000e+01,1.300000000000000000e+01,2.550647299999999973e+01
4.000636693343999895e+01,-8.303727596862999860e+01,-8.959999999999999909e-02,-2.000900000000000123e+00,3.013485989096599815e-01,5.965746470076799257e-01,7.361274046705999774e-02,-7.051902249999999484e-01,1.206294599999999939e-01,2.665904693100000031e+02,2.024000000000000000e+03,1.100000000000000000e+01,1.400000000000000000e+01,1.400000000000000000e+01,1.300000000000000000e+01,2.556845799999999969e+01
4.000636688784999961e+01,-8.303727738144999648e+01,-8.369999999999999662e-02,-2.021199999999999886e+00,1.126000635009799938e-01,3.326154229253999728e-01,7.981343701420000325e-03,-7.083266769999999601e-01,1.126576329999999931e-01,2.668297826279999754e+02,2.024000000000000000e+03,1.100000000000000000e+01,1.400000000000000000e+01,1.400000000000000000e+01,1.300000000000000000e+01,2.562794299999999836e+01
4.000636684682000066e+01,-8.303727880670000161e+01,-7.380000000000000449e-02,-2.035400000000000098e+00,3.322117592777200090e-01,4.035149780061199620e-01,-7.462446018524000746e-02,-7.154754199999999731e-01,8.746547699999999981e-02,2.670724948160000167e+02,2.024000000000000000e+03,1.100000000000000000e+01,1.400000000000000000e+01,1.400000000000000000e+01,1.300000000000000000e+01,2.568786300000000011e+01
4.000636681699999997e+01,-8.303727999934000081e+01,-6.300000000000000044e-02,-2.039600000000000080e+00,4.380974522930199955e-01,1.562311918823799939e-01,-5.895268993155999837e-02,-7.174604380000000337e-01,7.490536500000000153e-02,2.672727894099999730e+02,2.024000000000000000e+03,1.100000000000000000e+01,1.400000000000000000e+01,1.400000000000000000e+01,1.300000000000000000e+01,2.574881900000000101e+01
4.000636677917999862e+01,-8.303728191691999427e+01,-5.029999999999999749e-02,-2.054899999999999949e+00,1.656841284586599850e-01,4.071723515821999984e-01,1.649044905249600068e-01,-7.008480900000000346e-01,7.945700599999999669e-02,2.675846728120000080e+02,2.024000000000000000e+03,1.100000000000000000e+01,1.400000000000000000e+01,1.400000000000000000e+01,1.300000000000000000e+01,2.582619400000000098e+01
4.000636675249000263e+01,-8.303728360955000198e+01,-3.980000000000000204e-02,-2.075200000000000156e+00,3.347842191687200319e-01,5.602900566674600125e-01,9.985508925833999627e-02,-6.924317399999999623e-01,7.364321399999999851e-02,2.678559133680000173e+02,2.024000000000000000e+03,1.100000000000000000e+01,1.400000000000000000e+01,1.400000000000000000e+01,1.300000000000000000e+01,2.589051600000000164e+01
4.000636673702000223e+01,-8.303728482802999622e+01,-3.209999999999999659e-02,-2.087099999999999955e+00,5.667160769138600562e-01,6.855909202711799599e-01,-3.608972765610199973e-01,-6.842283999999999589e-01,6.021593299999999926e-02,2.680528663179999853e+02,2.024000000000000000e+03,1.100000000000000000e+01,1.400000000000000000e+01,1.400000000000000000e+01,1.300000000000000000e+01,2.595038100000000014e+01
4.000636672510000125e+01,-8.303728605237000693e+01,-2.369999999999999885e-02,-2.096900000000000208e+00,4.080875277158200198e-01,4.239791597022399827e-01,-1.224707921869799959e-01,-6.737572189999999628e-01,5.604008900000000126e-02,2.682492748770000048e+02,2.024000000000000000e+03,1.100000000000000000e+01,1.400000000000000000e+01,1.400000000000000000e+01,1.300000000000000000e+01,2.601175800000000038e+01
4.000636672153999740e+01,-8.303728654383000674e+01,-2.019999999999999921e-02,-2.101100000000000190e+00,3.713873365233800183e-01,4.118182848922199435e-01,-9.105621441522000759e-02,-6.659201190000000325e-01,5.027212200000000242e-02,2.683276839019999898e+02,2.024000000000000000e+03,1.100000000000000000e+01,1.400000000000000000e+01,1.400000000000000000e+01,1.300000000000000000e+01,2.607220699999999880e+01
4.000636671177999659e+01,-8.303728876767000600e+01,-7.199999999999999803e-03,-2.119299999999999962e+00,2.840059564602199771e-01,3.647213045527999964e-01,1.750556321861599929e-01,-6.407652400000000137e-01,4.326745099999999844e-02,2.686732454099999927e+02,2.024000000000000000e+03,1.100000000000000000e+01,1.400000000000000000e+01,1.400000000000000000e+01,1.300000000000000000e+01,2.613219099999999884e+01
4.000636670806999717e+01,-8.303729050833000258e+01,-1.600000000000000077e-03,-2.130799999999999805e+00,1.227744295942999886e-01,2.891727368289999656e-01,1.260315293400800229e-01,-6.228409259999999614e-01,4.341585399999999678e-02,2.689370509220000258e+02,2.024000000000000000e+03,1.100000000000000000e+01,1.400000000000000000e+01,1.400000000000000000e+01,1.300000000000000000e+01,2.619285599999999903e+01
4.000636671021000268e+01,-8.303729251008999768e+01,1.239999999999999956e-02,-2.147400000000000198e+00,3.472271956958800088e-01,4.203730741900200130e-01,-5.492215835476000479e-02,-6.059958269999999869e-01,5.516620099999999804e-02,2.692348288410000237e+02,2.024000000000000000e+03,1.100000000000000000e+01,1.400000000000000000e+01,1.400000000000000000e+01,1.300000000000000000e+01,2.625301800000000085e+01
4.000636671456999949e+01,-8.303729402243000379e+01,1.030000000000000013e-02,-2.161999999999999922e+00,-1.057309418373200000e-01,4.609901285274199401e-01,-6.327162339824000947e-02,-5.911476430000000004e-01,5.789898000000000267e-02,2.694573773829999936e+02,2.024000000000000000e+03,1.100000000000000000e+01,1.400000000000000000e+01,1.400000000000000000e+01,1.300000000000000000e+01,2.631358900000000034e+01
4.000636671952000256e+01,-8.303729579813999351e+01,1.209999999999999964e-02,-2.175600000000000200e+00,1.126266975471000159e-01,3.915106392901800403e-01,-6.274934731992000414e-02,-6.016099400000000097e-01,6.897420599999999624e-02,2.697105397820000121e+02,2.024000000000000000e+03,1.100000000000000000e+01,1.400000000000000000e+01,1.400000000000000000e+01,1.300000000000000000e+01,2.638153900000000007e+01
4.000636672809999794e+01,-8.303729758631999402e+01,2.079999999999999905e-02,-2.191600000000000215e+00,2.596177799685399634e-01,4.401549857836999369e-01,1.784454340018800100e-01,-6.085663770000000472e-01,8.243811800000000467e-02,2.699525658239999757e+02,2.024000000000000000e+03,1.100000000000000000e+01,1.400000000000000000e+01,1.400000000000000000e+01,1.300000000000000000e+01,2.645110199999999878e+01
4.000636673753999872e+01,-8.303729887151999378e+01,2.649999999999999925e-02,-2.202700000000000102e+00,2.242420165926000131e-01,4.255002844474600199e-01,2.468987387356400276e-01,-6.058299900000000404e-01,8.747360399999999647e-02,2.701145080449999796e+02,2.024000000000000000e+03,1.100000000000000000e+01,1.400000000000000000e+01,1.400000000000000000e+01,1.300000000000000000e+01,2.651251999999999853e+01
4.000636675354000005e+01,-8.303730068305000600e+01,2.980000000000000010e-02,-2.222199999999999953e+00,9.178560605216000423e-02,8.414115090522801266e-01,2.001830055935799879e-01,-6.114699449999999592e-01,9.338884000000000074e-02,2.703225765839999895e+02,2.024000000000000000e+03,1.100000000000000000e+01,1.400000000000000000e+01,1.400000000000000000e+01,1.300000000000000000e+01,2.657373000000000118e+01
4.000636677037999789e+01,-8.303730224784000313e+01,3.760000000000000148e-02,-2.235599999999999810e+00,2.405431764866199917e-01,3.910850667184599949e-01,5.782278337804000468e-02,-6.149720929999999974e-01,8.427301199999999437e-02,2.704854011329999821e+02,2.024000000000000000e+03,1.100000000000000000e+01,1.400000000000000000e+01,1.400000000000000000e+01,1.300000000000000000e+01,2.663613900000000001e+01
4.000636723873999756e+01,-8.303732923961999290e+01,8.219999999999999529e-02,-2.501700000000000035e+00,6.936114178602000024e-02,6.593354397110400278e-01,1.194545989655999979e-01,-5.608791810000000044e-01,2.361600299999999930e-01,2.716886708999999769e+02,2.024000000000000000e+03,1.100000000000000000e+01,1.400000000000000000e+01,1.400000000000000000e+01,1.300000000000000000e+01,2.761681099999999844e+01
4.000636732979000243e+01,-8.303733307714000489e+01,8.409999999999999420e-02,-2.545999999999999819e+00,2.562015550974000022e-01,6.860587669734199423e-01,-1.405202454410000093e-02,-5.467872689999999647e-01,2.308858719999999920e-01,2.717820764869999834e+02,2.024000000000000000e+03,1.100000000000000000e+01,1.400000000000000000e+01,1.400000000000000000e+01,1.300000000000000000e+01,2.773915799999999976e+01
4.000636738144999782e+01,-8.303733517346999804e+01,8.680000000000000215e-02,-2.573399999999999910e+00,3.399758894305399681e-01,7.826748208146199204e-01,2.902654018479999820e-01,-5.236415380000000175e-01,2.031338229999999911e-01,2.718210756479999759e+02,2.024000000000000000e+03,1.100000000000000000e+01,1.400000000000000000e+01,1.400000000000000000e+01,1.300000000000000000e+01,2.780863099999999832e+01
4.000636816571999788e+01,-8.303736665062000100e+01,1.088999999999999968e-01,-2.805800000000000072e+00,-1.160247070342200065e-01,1.916871931896799996e-01,-1.386777865568800117e-01,-4.883344909999999817e-01,1.317802809999999991e-01,2.723507438060000254e+02,2.024000000000000000e+03,1.100000000000000000e+01,1.400000000000000000e+01,1.400000000000000000e+01,1.300000000000000000e+01,2.881446400000000096e+01
4.000636830877999728e+01,-8.303737226410000005e+01,1.063999999999999946e-01,-2.838000000000000078e+00,1.853312343741800039e-01,2.140197471088000070e-01,3.609889841390000187e-02,-5.453892719999999805e-01,1.454536820000000008e-01,2.724675696900000048e+02,2.024000000000000000e+03,1.100000000000000000e+01,1.400000000000000000e+01,1.400000000000000000e+01,1.300000000000000000e+01,2.899326100000000039e+01
4.000636836639999672e+01,-8.303737425916000348e+01,1.205999999999999989e-01,-2.846099999999999852e+00,6.085344364151199503e-01,4.106486828321599947e-01,-1.123069259020000044e-02,-5.298530679999999826e-01,1.424499449999999945e-01,2.725040450829999941e+02,2.024000000000000000e+03,1.100000000000000000e+01,1.400000000000000000e+01,1.400000000000000000e+01,1.300000000000000000e+01,2.908350199999999930e+01
4.000636847495000126e+01,-8.303737759535999885e+01,1.285000000000000031e-01,-2.856399999999999828e+00,-7.059213761705999957e-02,2.265076179707199988e-01,1.827320442402000089e-02,-4.906297020000000009e-01,1.611590820000000090e-01,2.725572442440000032e+02,2.024000000000000000e+03,1.100000000000000000e+01,1.400000000000000000e+01,1.400000000000000000e+01,1.300000000000000000e+01,2.914962200000000081e+01
4.000636906191000008e+01,-8.303739556749999906e+01,1.418999999999999984e-01,-2.939299999999999802e+00,2.708541978480599743e-01,3.963318676716599542e-01,6.458351471599999699e-03,-4.513819059999999994e-01,1.877315930000000022e-01,2.728703618970000093e+02,2.024000000000000000e+03,1.100000000000000000e+01,1.400000000000000000e+01,1.400000000000000000e+01,1.300000000000000000e+01,2.967449600000000132e+01
4.000636918171999667e+01,-8.303739900421000186e+01,1.388000000000000067e-01,-2.928100000000000147e+00,5.486634739820000183e-03,-5.330745197012399794e-01,6.495789271819998878e-02,-4.562824839999999882e-01,1.441304009999999913e-01,2.729365616499999874e+02,2.024000000000000000e+03,1.100000000000000000e+01,1.400000000000000000e+01,1.400000000000000000e+01,1.300000000000000000e+01,2.977759100000000103e+01
4.000636930497000066e+01,-8.303740242636000346e+01,1.496999999999999997e-01,-2.919000000000000039e+00,4.125456399652599471e-01,-9.588649809228000365e-02,1.890602284217199891e-01,-4.528707519999999875e-01,1.116134949999999931e-01,2.729885372329999882e+02,2.024000000000000000e+03,1.100000000000000000e+01,1.400000000000000000e+01,1.400000000000000000e+01,1.300000000000000000e+01,2.987308799999999920e+01
4.000636944039000298e+01,-8.303740583661000585e+01,1.600999999999999923e-01,-2.905800000000000161e+00,7.999741571582000277e-02,-3.128418150762599659e-01,-4.118416189571999508e-02,-3.985355309999999984e-01,5.817513900000000071e-02,2.730347233589999973e+02,2.024000000000000000e+03,1.100000000000000000e+01,1.400000000000000000e+01,1.400000000000000000e+01,1.300000000000000000e+01,2.997254900000000077e+01
4.000636946795999904e+01,-8.303740651652999816e+01,1.585000000000000020e-01,-2.901499999999999968e+00,-4.669609233394000219e-02,-3.861306095110400016e-01,3.815600631919999902e-02,-3.929101159999999759e-01,5.066492699999999849e-02,2.730447091089999958e+02,2.024000000000000000e+03,1.100000000000000000e+01,1.400000000000000000e+01,1.400000000000000000e+01,1.300000000000000000e+01,3.003707700000000003e+01
4.000636955000000228e+01,-8.303740855066999416e+01,1.564000000000000112e-01,-2.890000000000000124e+00,-7.465219772212000615e-02,-3.529116444004800068e-01,1.202888120101399949e-01,-3.818076730000000141e-01,3.124282999999999921e-02,2.730787876090000168e+02,2.024000000000000000e+03,1.100000000000000000e+01,1.400000000000000000e+01,1.400000000000000000e+01,1.300000000000000000e+01,3.009722999999999971e+01
4.000636965977999893e+01,-8.303741124920999539e+01,1.585000000000000020e-01,-2.871199999999999974e+00,6.952325568388000032e-02,-4.646017790846800333e-01,-9.280138969083999434e-02,-3.520005820000000063e-01,2.197959299999999866e-02,2.731360263749999717e+02,2.024000000000000000e+03,1.100000000000000000e+01,1.400000000000000000e+01,1.400000000000000000e+01,1.300000000000000000e+01,3.015747700000000009e+01
4.000636974964999837e+01,-8.303741359724999427e+01,1.385000000000000120e-01,-2.854499999999999815e+00,-5.468980342492000268e-01,-5.185273551960600802e-01,1.025995415571999969e-01,-3.476697349999999798e-01,3.601312799999999842e-02,2.731904939180000156e+02,2.024000000000000000e+03,1.100000000000000000e+01,1.400000000000000000e+01,1.400000000000000000e+01,1.300000000000000000e+01,3.021752800000000150e+01
4.000636984401999996e+01,-8.303741626705999579e+01,1.360999999999999988e-01,-2.843100000000000183e+00,-7.390148731626000611e-02,-2.648900974148399867e-01,2.403660007973599799e-01,-3.923469490000000004e-01,5.469322699999999704e-02,2.732418333400000279e+02,2.024000000000000000e+03,1.100000000000000000e+01,1.400000000000000000e+01,1.400000000000000000e+01,1.300000000000000000e+01,3.027903699999999887e+01
4.000636991702999978e+01,-8.303741826284000638e+01,1.459999999999999909e-01,-2.834099999999999842e+00,4.221236471402599610e-01,-2.880773701286600263e-01,2.023149409536600107e-01,-4.059664740000000216e-01,4.999959100000000295e-02,2.732778040270000020e+02,2.024000000000000000e+03,1.100000000000000000e+01,1.400000000000000000e+01,1.400000000000000000e+01,1.300000000000000000e+01,3.033906700000000001e+01
4.000636998256000254e+01,-8.303741992048999521e+01,1.547000000000000042e-01,-2.825000000000000178e+00,5.220640743751000512e-01,-5.223245282999200434e-01,3.865430734199999663e-02,-3.971960290000000060e-01,4.058410700000000121e-02,2.733094744599999899e+02,2.024000000000000000e+03,1.100000000000000000e+01,1.400000000000000000e+01,1.400000000000000000e+01,1.300000000000000000e+01,3.039939199999999886e+01
4.000637007660999700e+01,-8.303742223061000516e+01,1.544999999999999984e-01,-2.808499999999999996e+00,5.057295100368000562e-02,-2.380411590512200026e-01,-6.315233281635999896e-02,-3.942965990000000254e-01,3.360303199999999796e-02,2.733542621990000043e+02,2.024000000000000000e+03,1.100000000000000000e+01,1.400000000000000000e+01,1.400000000000000000e+01,1.300000000000000000e+01,3.045832700000000060e+01
4.000637016019000214e+01,-8.303742420023999671e+01,1.640000000000000069e-01,-2.794599999999999973e+00,2.967448870287999751e-01,-4.458880894680000151e-01,-3.049873972590200211e-01,-3.939958190000000249e-01,3.819035199999999686e-02,2.733858899919999885e+02,2.024000000000000000e+03,1.100000000000000000e+01,1.400000000000000000e+01,1.400000000000000000e+01,1.300000000000000000e+01,3.051915999999999940e+01
4.000637024659000218e+01,-8.303742615932999627e+01,1.655999999999999972e-01,-2.778599999999999959e+00,1.553569798937199931e-01,-8.297449233299400984e-01,-4.638459325083599816e-01,-3.759151239999999894e-01,5.727030799999999894e-02,2.734097728869999742e+02,2.024000000000000000e+03,1.100000000000000000e+01,1.400000000000000000e+01,1.400000000000000000e+01,1.300000000000000000e+01,3.058158399999999943e+01
4.000637198172999831e+01,-8.303746475917000680e+01,1.665999999999999981e-01,-2.572599999999999998e+00,6.147672481964799873e-01,-3.932203747048400033e-01,1.437585228277399874e-01,-4.283884359999999836e-01,2.248675609999999936e-01,2.739388518750000117e+02,2.024000000000000000e+03,1.100000000000000000e+01,1.400000000000000000e+01,1.400000000000000000e+01,1.300000000000000000e+01,3.182138499999999937e+01
4.000637226416999681e+01,-8.303747013769999796e+01,1.809000000000000052e-01,-2.530899999999999928e+00,7.840193435596000404e-02,-2.877685982963399947e-01,-2.639511264973000149e-01,-3.483949929999999862e-01,2.006277770000000071e-01,2.739949574469999902e+02,2.024000000000000000e+03,1.100000000000000000e+01,1.400000000000000000e+01,1.400000000000000000e+01,1.300000000000000000e+01,3.199413600000000102e+01
4.000637228037000170e+01,-8.303747043436000297e+01,1.822000000000000008e-01,-2.529500000000000082e+00,1.406686969820799826e-01,-2.679159414579199705e-01,-1.661056995981600171e-01,-3.451386339999999997e-01,2.001333349999999955e-01,2.739979776210000182e+02,2.024000000000000000e+03,1.100000000000000000e+01,1.400000000000000000e+01,1.400000000000000000e+01,1.300000000000000000e+01,3.205511200000000116e+01
4.000637240590999966e+01,-8.303747279979999973e+01,1.698999999999999955e-01,-2.511299999999999866e+00,-5.737537952471999381e-01,-8.994113869674400519e-01,-5.934421091400000035e-04,-3.163549030000000206e-01,1.866780819999999952e-01,2.740215253389999930e+02,2.024000000000000000e+03,1.100000000000000000e+01,1.400000000000000000e+01,1.400000000000000000e+01,1.300000000000000000e+01,3.211567699999999803e+01
4.000637250906000020e+01,-8.303747485290000441e+01,1.632000000000000117e-01,-2.491000000000000103e+00,-1.708121698954000178e-01,-8.397401543704200444e-01,1.917019322681199900e-01,-3.083895329999999935e-01,2.021775060000000068e-01,2.740342816539999831e+02,2.024000000000000000e+03,1.100000000000000000e+01,1.400000000000000000e+01,1.400000000000000000e+01,1.300000000000000000e+01,3.217654000000000281e+01
4.000637262805999939e+01,-8.303747748191000255e+01,1.464000000000000024e-01,-2.485700000000000021e+00,-3.030583820407800055e-01,-1.381815087460600000e-01,-1.511074010222200059e-01,-3.514060370000000044e-01,2.133302699999999885e-01,2.740532850449999955e+02,2.024000000000000000e+03,1.100000000000000000e+01,1.400000000000000000e+01,1.400000000000000000e+01,1.300000000000000000e+01,3.223756399999999900e+01
4.000637269631999970e+01,-8.303747893575000205e+01,1.577999999999999958e-01,-2.471000000000000085e+00,2.305256080860199897e-01,-5.260441153787799307e-01,-1.483302994218800019e-01,-3.618716370000000238e-01,2.081239209999999895e-01,2.740672441070000218e+02,2.024000000000000000e+03,1.100000000000000000e+01,1.400000000000000000e+01,1.400000000000000000e+01,1.300000000000000000e+01,3.229509900000000044e+01
4.000637284532000137e+01,-8.303748182031999647e+01,1.743000000000000105e-01,-2.447999999999999954e+00,1.152904867662800092e-01,-4.879342401570000431e-01,-4.627592436074199900e-01,-3.215451770000000153e-01,2.382696780000000125e-01,2.741019317550000096e+02,2.024000000000000000e+03,1.100000000000000000e+01,1.400000000000000000e+01,1.400000000000000000e+01,1.300000000000000000e+01,3.239024700000000223e+01
4.000637382312999790e+01,-8.303750009959000522e+01,1.688999999999999946e-01,-2.343300000000000161e+00,-1.289198836975800067e-01,-8.493093556701999947e-02,-4.621333414796000016e-02,-2.081691900000000039e-01,2.557368199999999758e-01,2.742920550339999863e+02,2.024000000000000000e+03,1.100000000000000000e+01,1.400000000000000000e+01,1.400000000000000000e+01,1.300000000000000000e+01,3.311487000000000336e+01
4.000637413369000228e+01,-8.303750584805000301e+01,1.547000000000000042e-01,-2.329699999999999882e+00,-4.812780224461000178e-01,-1.742789010191999818e-02,6.926694441735999075e-02,-1.958568930000000041e-01,2.302589339999999984e-01,2.743562574100000120e+02,2.024000000000000000e+03,1.100000000000000000e+01,1.400000000000000000e+01,1.400000000000000000e+01,1.300000000000000000e+01,3.325266799999999989e+01
4.000637421546999661e+01,-8.303750748733000364e+01,1.489999999999999936e-01,-2.332399999999999807e+00,-1.079668224413800059e-01,6.839056131411999639e-02,-2.719227461723999761e-02,-2.265414560000000022e-01,2.311393780000000064e-01,2.743834492749999754e+02,2.024000000000000000e+03,1.100000000000000000e+01,1.400000000000000000e+01,1.400000000000000000e+01,1.300000000000000000e+01,3.330964000000000169e+01
4.000637429612000062e+01,-8.303750912491000236e+01,1.482999999999999874e-01,-2.326099999999999834e+00,-1.539555335767799904e-01,-2.172182423187200007e-01,2.216595448585600148e-01,-2.579307169999999760e-01,2.236813569999999973e-01,2.744044503910000117e+02,2.024000000000000000e+03,1.100000000000000000e+01,1.400000000000000000e+01,1.400000000000000000e+01,1.300000000000000000e+01,3.337017800000000278e+01
4.000637437492000004e+01,-8.303751076067999293e+01,1.466999999999999971e-01,-2.324399999999999800e+00,8.566820241059999383e-03,-4.560846373668000359e-02,1.552540665350199967e-01,-3.022007489999999907e-01,2.153959129999999944e-01,2.744201123319999738e+02,2.024000000000000000e+03,1.100000000000000000e+01,1.400000000000000000e+01,1.400000000000000000e+01,1.300000000000000000e+01,3.343133600000000172e+01
4.000637445772999712e+01,-8.303751239545999852e+01,1.620000000000000051e-01,-2.323199999999999932e+00,5.333722268264000643e-01,-1.256006842370000105e-02,-1.421505768383999994e-02,-3.389028590000000007e-01,2.040005629999999959e-01,2.744353078269999742e+02,2.024000000000000000e+03,1.100000000000000000e+01,1.400000000000000000e+01,1.400000000000000000e+01,1.300000000000000000e+01,3.349229799999999813e+01
4.000637453392999987e+01,-8.303751375817999758e+01,1.779999999999999916e-01,-2.325400000000000134e+00,5.937785852406199938e-01,9.922489648509999483e-02,-1.514147877959200195e-01,-3.339246479999999906e-01,1.907636590000000021e-01,2.744567935630000193e+02,2.024000000000000000e+03,1.100000000000000000e+01,1.400000000000000000e+01,1.400000000000000000e+01,1.300000000000000000e+01,3.355255400000000066e+01
4.000637464873000226e+01,-8.303751566625000180e+01,1.880999999999999894e-01,-2.322999999999999954e+00,1.293981020554599848e-01,-6.911835775881999822e-02,-5.874581094780000068e-03,-3.028110359999999779e-01,1.593607340000000039e-01,2.744957246949999785e+02,2.024000000000000000e+03,1.100000000000000000e+01,1.400000000000000000e+01,1.400000000000000000e+01,1.300000000000000000e+01,3.361296600000000012e+01
4.000637474749999711e+01,-8.303751728963999312e+01,1.801999999999999991e-01,-2.295599999999999863e+00,-3.398689327622999579e-01,-1.297254399253680024e+00,2.593596333841399759e-01,-2.874414499999999872e-01,1.638337780000000132e-01,2.745257853620000219e+02,2.024000000000000000e+03,1.100000000000000000e+01,1.400000000000000000e+01,1.400000000000000000e+01,1.300000000000000000e+01,3.367419199999999790e+01
4.000637677659000246e+01,-8.303755152725000244e+01,1.441999999999999948e-01,-2.034600000000000186e+00,-4.805306440180000249e-02,-5.068695742736399890e-01,-7.966349092519999647e-03,-3.379454080000000027e-01,3.911219450000000264e-01,2.748527779579999901e+02,2.024000000000000000e+03,1.100000000000000000e+01,1.400000000000000000e+01,1.400000000000000000e+01,1.300000000000000000e+01,3.506992799999999733e+01
