4.001497572115999901e+01,-8.302925583718999292e+01,3.845999999999999974e-01,-1.552999999999999936e-01,2.337477718959999826e-02,1.802455592068380019e+00,-1.487314067133800044e-01,6.688117380000000445e-01,1.324305572000000097e+00,3.384710565679999945e+02,2.024000000000000000e+03,1.200000000000000000e+01,3.000000000000000000e+00,1.800000000000000000e+01,4.500000000000000000e+01,2.038081700000000041e+01
4.001497575661999662e+01,-8.302925585561000332e+01,3.927999999999999825e-01,-1.584000000000000130e-01,5.305845602865999489e-02,1.882092135855360171e+00,-2.014156257606999900e-01,6.688386769999999926e-01,1.329767841000000006e+00,3.384698525329999939e+02,2.024000000000000000e+03,1.200000000000000000e+01,3.000000000000000000e+00,1.800000000000000000e+01,4.500000000000000000e+01,2.043493700000000146e+01
4.001497594583999984e+01,-8.302925595346999899e+01,4.391999999999999793e-01,-1.751000000000000056e-01,6.536687972568000493e-02,1.981323582022220142e+00,-2.052142938382000015e-01,6.703211690000000500e-01,1.366160167999999953e+00,3.384646098850000158e+02,2.024000000000000000e+03,1.200000000000000000e+01,3.000000000000000000e+00,1.800000000000000000e+01,4.500000000000000000e+01,2.048896500000000032e+01
4.001497615779000228e+01,-8.302925606274999382e+01,4.935999999999999832e-01,-1.970999999999999974e-01,7.346077040439999775e-03,2.338304896994559900e+00,-1.633680004152200105e-01,6.756927990000000106e-01,1.410300362000000085e+00,3.384597805610000023e+02,2.024000000000000000e+03,1.200000000000000000e+01,3.000000000000000000e+00,1.800000000000000000e+01,4.500000000000000000e+01,2.054326000000000008e+01
4.001497644797999698e+01,-8.302925621174999549e+01,5.716999999999999860e-01,-2.273999999999999910e-01,-2.033533975639999908e-02,2.802356119674779933e+00,-1.405753698762199910e-01,6.802073440000000470e-01,1.472529441999999911e+00,3.384511695319999944e+02,2.024000000000000000e+03,1.200000000000000000e+01,3.000000000000000000e+00,1.800000000000000000e+01,4.500000000000000000e+01,2.059676599999999880e+01
4.001497672451999676e+01,-8.302925635363999390e+01,6.472999999999999865e-01,-2.565999999999999948e-01,1.692883649939999971e-02,3.210020479253020032e+00,-4.998818949629999647e-02,6.846710639999999959e-01,1.531569444999999918e+00,3.384449767479999878e+02,2.024000000000000000e+03,1.200000000000000000e+01,3.000000000000000000e+00,1.800000000000000000e+01,4.500000000000000000e+01,2.065015899999999860e+01
4.001497703737999956e+01,-8.302925651289000086e+01,7.326000000000000290e-01,-2.873999999999999888e-01,5.289181762192000230e-02,3.601931859050760298e+00,3.773263320572000507e-02,6.966775269999999631e-01,1.594083281999999935e+00,3.384387678879999726e+02,2.024000000000000000e+03,1.200000000000000000e+01,3.000000000000000000e+00,1.800000000000000000e+01,4.500000000000000000e+01,2.070312500000000000e+01
4.001497746473999939e+01,-8.302925672697999460e+01,8.401999999999999469e-01,-3.227999999999999758e-01,1.517169740893200003e-01,3.771498723496560235e+00,2.409562666684200161e-01,7.191835749999999639e-01,1.656339985000000015e+00,3.384228410470000199e+02,2.024000000000000000e+03,1.200000000000000000e+01,3.000000000000000000e+00,1.800000000000000000e+01,4.500000000000000000e+01,2.075651099999999971e+01
4.001497786480999963e+01,-8.302925692710999783e+01,9.294999999999999929e-01,-3.589999999999999858e-01,3.982035447920000658e-03,3.873201177586880206e+00,6.299658772595999601e-01,7.370640269999999550e-01,1.680073550999999998e+00,3.384046181140000158e+02,2.024000000000000000e+03,1.200000000000000000e+01,3.000000000000000000e+00,1.800000000000000000e+01,4.500000000000000000e+01,2.080979699999999966e+01
4.001497830544000323e+01,-8.302925714631000176e+01,1.018499999999999961e+00,-3.906999999999999917e-01,5.401672342213999917e-02,3.761224602034240139e+00,6.761511659451400202e-01,7.622469640000000268e-01,1.669308215999999900e+00,3.383929342150000252e+02,2.024000000000000000e+03,1.200000000000000000e+01,3.000000000000000000e+00,1.800000000000000000e+01,4.500000000000000000e+01,2.086372799999999827e+01
4.001497878363999661e+01,-8.302925738652000121e+01,1.097699999999999898e+00,-4.289999999999999925e-01,-2.811873208724000039e-01,3.514673693800739684e+00,5.962182044986200635e-01,7.904165920000000289e-01,1.629458765999999947e+00,3.383942382729999849e+02,2.024000000000000000e+03,1.200000000000000000e+01,3.000000000000000000e+00,1.800000000000000000e+01,4.500000000000000000e+01,2.091765699999999839e+01
4.001497929570999901e+01,-8.302925764827000421e+01,1.169399999999999995e+00,-4.636000000000000121e-01,-2.115503629506799987e-01,3.175925586598479899e+00,2.640368361351400073e-01,8.078174310000000302e-01,1.580600133999999990e+00,3.383997282330000189e+02,2.024000000000000000e+03,1.200000000000000000e+01,3.000000000000000000e+00,1.800000000000000000e+01,4.500000000000000000e+01,2.097241599999999906e+01
4.001497940163999800e+01,-8.302925770295999541e+01,1.182399999999999896e+00,-4.707000000000000073e-01,-2.415334563809599933e-01,3.101752202656719692e+00,1.953430811943999701e-01,8.108337230000000062e-01,1.570660049000000003e+00,3.384008172430000059e+02,2.024000000000000000e+03,1.200000000000000000e+01,3.000000000000000000e+00,1.800000000000000000e+01,4.500000000000000000e+01,2.102571700000000021e+01
4.001498017491999803e+01,-8.302925810559999320e+01,1.262899999999999912e+00,-5.111999999999999877e-01,-2.378345490404999985e-01,2.531364538423759747e+00,-1.156362576408000026e-01,8.214976779999999534e-01,1.514663553000000107e+00,3.384026699720000124e+02,2.024000000000000000e+03,1.200000000000000000e+01,3.000000000000000000e+00,1.800000000000000000e+01,4.500000000000000000e+01,2.107863700000000051e+01
4.001498124218999664e+01,-8.302925867525000569e+01,1.359299999999999953e+00,-5.689999999999999503e-01,-4.202983116470999647e-01,2.453642894315960277e+00,-5.971424302886599866e-01,7.950875960000000076e-01,1.481504847000000069e+00,3.383874607629999787e+02,2.024000000000000000e+03,1.200000000000000000e+01,3.000000000000000000e+00,1.800000000000000000e+01,4.500000000000000000e+01,2.113248099999999852e+01
4.001498199772999698e+01,-8.302925908682000511e+01,1.423000000000000043e+00,-5.995000000000000329e-01,-9.812680341014000385e-02,2.276953343417139841e+00,-7.639178401481799829e-01,7.542324550000000238e-01,1.486757316999999912e+00,3.383740390759999741e+02,2.024000000000000000e+03,1.200000000000000000e+01,3.000000000000000000e+00,1.800000000000000000e+01,4.500000000000000000e+01,2.118605799999999917e+01
4.001498265346000238e+01,-8.302925944391999735e+01,1.476599999999999913e+00,-6.201999999999999735e-01,-3.056644645351999992e-02,2.310195508180480140e+00,-5.660071688637600129e-01,7.281831899999999802e-01,1.519353855999999947e+00,3.383621908630000235e+02,2.024000000000000000e+03,1.200000000000000000e+01,3.000000000000000000e+00,1.800000000000000000e+01,4.500000000000000000e+01,2.124033299999999969e+01
4.001498333515999661e+01,-8.302925981683999623e+01,1.537700000000000067e+00,-6.514999999999999680e-01,-2.768900330705799662e-01,2.715685165076040075e+00,-3.408234267287599817e-01,6.985899890000000223e-01,1.565830934000000063e+00,3.383547516329999780e+02,2.024000000000000000e+03,1.200000000000000000e+01,3.000000000000000000e+00,1.800000000000000000e+01,4.500000000000000000e+01,2.129387300000000138e+01
4.001498419071000257e+01,-8.302926028762999522e+01,1.615499999999999936e+00,-6.824999999999999956e-01,1.252717964263999895e-01,2.718666854536420097e+00,-2.010183319362000148e-02,6.350572960000000489e-01,1.600051136999999901e+00,3.383483672510000133e+02,2.024000000000000000e+03,1.200000000000000000e+01,3.000000000000000000e+00,1.800000000000000000e+01,4.500000000000000000e+01,2.134721599999999953e+01
4.001498493399000012e+01,-8.302926068828000439e+01,1.672700000000000076e+00,-6.866999999999999771e-01,6.106238121304399247e-01,2.194784682337119985e+00,2.731368799539199976e-01,6.075113380000000118e-01,1.605840154000000020e+00,3.383411733710000249e+02,2.024000000000000000e+03,1.200000000000000000e+01,3.000000000000000000e+00,1.800000000000000000e+01,4.500000000000000000e+01,2.140071299999999965e+01
4.001498585590000090e+01,-8.302926117168999554e+01,1.726699999999999902e+00,-6.881000000000000449e-01,5.740233012770999954e-01,1.670948255424720141e+00,4.776058441912199859e-01,6.246870310000000037e-01,1.591034483000000055e+00,3.383300358879999976e+02,2.024000000000000000e+03,1.200000000000000000e+01,3.000000000000000000e+00,1.800000000000000000e+01,4.500000000000000000e+01,2.145489399999999947e+01
4.001498664337999855e+01,-8.302926157766999893e+01,1.759200000000000097e+00,-6.939999999999999503e-01,3.326869569210400002e-01,1.277240710082139907e+00,3.737592586720799859e-01,6.581994429999999952e-01,1.551714103999999983e+00,3.383214428100000077e+02,2.024000000000000000e+03,1.200000000000000000e+01,3.000000000000000000e+00,1.800000000000000000e+01,4.500000000000000000e+01,2.150891000000000020e+01
4.001498744225000337e+01,-8.302926198721999640e+01,1.777500000000000080e+00,-7.018999999999999684e-01,-1.167636053502000074e-02,7.949839222478198852e-01,2.806894489617399735e-01,6.936392639999999776e-01,1.476486637000000046e+00,3.383198358409999855e+02,2.024000000000000000e+03,1.200000000000000000e+01,3.000000000000000000e+00,1.800000000000000000e+01,4.500000000000000000e+01,2.156332000000000093e+01
4.001498824632999884e+01,-8.302926239833999489e+01,1.781900000000000039e+00,-6.999999999999999556e-01,1.572332209189999941e-01,1.256174791778799926e-01,2.325681203429200150e-01,7.207877999999999785e-01,1.365754850999999936e+00,3.383165548499999886e+02,2.024000000000000000e+03,1.200000000000000000e+01,3.000000000000000000e+00,1.800000000000000000e+01,4.500000000000000000e+01,2.161636800000000136e+01
4.001498920358000078e+01,-8.302926288927000087e+01,1.747900000000000009e+00,-6.976999999999999869e-01,-5.041236843869000284e-01,-1.179718400695620062e+00,-1.862672862597999912e-02,7.511792750000000352e-01,1.227461324999999936e+00,3.383011104779999982e+02,2.024000000000000000e+03,1.200000000000000000e+01,3.000000000000000000e+00,1.800000000000000000e+01,4.500000000000000000e+01,2.167002099999999842e+01
4.001498998608000335e+01,-8.302926329384999349e+01,1.714199999999999946e+00,-6.945999999999999952e-01,-7.784371168946799813e-01,-1.217576423882839931e+00,-4.685651561353200156e-01,7.726250580000000312e-01,1.156036233000000024e+00,3.382829242089999866e+02,2.024000000000000000e+03,1.200000000000000000e+01,3.000000000000000000e+00,1.800000000000000000e+01,4.500000000000000000e+01,2.172487200000000129e+01
4.001499090395000025e+01,-8.302926378242999306e+01,1.674400000000000110e+00,-6.994000000000000217e-01,-7.977220676978600267e-01,-1.036725636078720036e+00,-7.317354666890399928e-01,7.600565660000000445e-01,1.153162352000000057e+00,3.382642941240000027e+02,2.024000000000000000e+03,1.200000000000000000e+01,3.000000000000000000e+00,1.800000000000000000e+01,4.500000000000000000e+01,2.177823000000000064e+01
4.001499165121000345e+01,-8.302926419374000488e+01,1.635699999999999932e+00,-7.042000000000000481e-01,-7.721659481717799700e-01,-1.300271353388759987e+00,1.342422818250799954e-01,7.183924579999999560e-01,1.172753302000000053e+00,3.382641195319999952e+02,2.024000000000000000e+03,1.200000000000000000e+01,3.000000000000000000e+00,1.800000000000000000e+01,4.500000000000000000e+01,2.183150900000000050e+01
4.001499252821000141e+01,-8.302926468801000226e+01,1.597299999999999942e+00,-7.018999999999999684e-01,-2.355095569656399934e-01,-6.344065189725199838e-01,1.286334632239999887e-01,6.438114609999999738e-01,1.221862344999999905e+00,3.382744633959999874e+02,2.024000000000000000e+03,1.200000000000000000e+01,3.000000000000000000e+00,1.800000000000000000e+01,4.500000000000000000e+01,2.188485100000000116e+01
4.001499324892999709e+01,-8.302926509467999949e+01,1.590000000000000080e+00,-6.894000000000000128e-01,1.663634279217399980e-01,-4.760914430205999692e-01,-1.302302919830800043e-01,5.794760230000000067e-01,1.282366338000000106e+00,3.382793904779999821e+02,2.024000000000000000e+03,1.200000000000000000e+01,3.000000000000000000e+00,1.800000000000000000e+01,4.500000000000000000e+01,2.193865399999999966e+01
4.001499353570000039e+01,-8.302926525482000386e+01,1.584999999999999964e+00,-6.804999999999999938e-01,4.250169855494600468e-01,-6.544680657190199424e-01,2.311354662912999958e-01,5.608867600000000397e-01,1.303308423999999910e+00,3.382784065719999944e+02,2.024000000000000000e+03,1.200000000000000000e+01,3.000000000000000000e+00,1.800000000000000000e+01,4.500000000000000000e+01,2.199238400000000127e+01
4.001499425269999932e+01,-8.302926565090000111e+01,1.587499999999999911e+00,-6.672000000000000153e-01,3.832628114190599899e-01,-1.898275466203999950e-01,-1.597298519950599849e-01,5.225770499999999874e-01,1.337432385000000057e+00,3.382729091769999741e+02,2.024000000000000000e+03,1.200000000000000000e+01,3.000000000000000000e+00,1.800000000000000000e+01,4.500000000000000000e+01,2.204631499999999988e+01
4.001499525621999709e+01,-8.302926618576999829e+01,1.591699999999999893e+00,-6.375999999999999446e-01,8.707287823267400029e-01,6.203185750620000133e-03,-4.613867270621999778e-02,5.106221039999999656e-01,1.332243851999999951e+00,3.382601092819999735e+02,2.024000000000000000e+03,1.200000000000000000e+01,3.000000000000000000e+00,1.800000000000000000e+01,4.500000000000000000e+01,2.210119399999999956e+01
4.001499625894999923e+01,-8.302926670665000586e+01,1.600800000000000001e+00,-6.302999999999999714e-01,2.742758418530399922e-01,4.564662500401799328e-01,-3.566053085074399887e-01,5.363147630000000277e-01,1.341586751999999994e+00,3.382558122600000274e+02,2.024000000000000000e+03,1.200000000000000000e+01,3.000000000000000000e+00,1.800000000000000000e+01,4.500000000000000000e+01,2.215452499999999958e+01
4.001499712223999694e+01,-8.302926715373999400e+01,1.606200000000000072e+00,-6.371999999999999886e-01,-1.034344775766400104e-01,4.713804990589399724e-01,-9.028576615427999497e-02,5.507322629999999997e-01,1.351570680000000024e+00,3.382638211930000125e+02,2.024000000000000000e+03,1.200000000000000000e+01,3.000000000000000000e+00,1.800000000000000000e+01,4.500000000000000000e+01,2.220863999999999905e+01
4.001499784559000261e+01,-8.302926752896000551e+01,1.612800000000000011e+00,-6.414999999999999591e-01,-1.080250746906400022e-01,3.646568613125599767e-01,1.618297706326599916e-01,5.738197940000000496e-01,1.354277383999999973e+00,3.382698407720000091e+02,2.024000000000000000e+03,1.200000000000000000e+01,3.000000000000000000e+00,1.800000000000000000e+01,4.500000000000000000e+01,2.226186999999999827e+01
4.001499857417000072e+01,-8.302926791010000329e+01,1.625099999999999989e+00,-6.534999999999999698e-01,-2.545672060940399883e-01,5.181938707787600018e-01,-3.530763596909999857e-02,6.004341570000000239e-01,1.358605762000000050e+00,3.382696104400000081e+02,2.024000000000000000e+03,1.200000000000000000e+01,3.000000000000000000e+00,1.800000000000000000e+01,4.500000000000000000e+01,2.231616400000000056e+01
4.001499945615000087e+01,-8.302926838224000505e+01,1.644900000000000029e+00,-6.808999999999999497e-01,-4.632574903445599857e-01,9.386768178338399382e-01,-2.895028322624200179e-01,5.983638930000000355e-01,1.377210416000000048e+00,3.382585685330000160e+02,2.024000000000000000e+03,1.200000000000000000e+01,3.000000000000000000e+00,1.800000000000000000e+01,4.500000000000000000e+01,2.236965199999999854e+01
4.001500019961999755e+01,-8.302926878674000477e+01,1.664299999999999891e+00,-6.955999999999999961e-01,-2.305401737166800080e-01,1.007642402462819886e+00,-2.514844275896400139e-01,5.699109279999999833e-01,1.391489412000000092e+00,3.382439807979999955e+02,2.024000000000000000e+03,1.200000000000000000e+01,3.000000000000000000e+00,1.800000000000000000e+01,4.500000000000000000e+01,2.242252999999999830e+01
4.001500095474000318e+01,-8.302926919557999952e+01,1.693100000000000049e+00,-6.969999999999999529e-01,3.638176153202999918e-01,1.072322454308759943e+00,1.898258307881399987e-01,5.602135400000000098e-01,1.385048293999999958e+00,3.382341810109999756e+02,2.024000000000000000e+03,1.200000000000000000e+01,3.000000000000000000e+00,1.800000000000000000e+01,4.500000000000000000e+01,2.247660300000000078e+01
4.001500188290000182e+01,-8.302926968637000016e+01,1.745500000000000052e+00,-6.974000000000000199e-01,5.650581589740799604e-01,1.648474437800900194e+00,1.865311382402800033e-01,5.951231489999999624e-01,1.381815776999999912e+00,3.382414277810000272e+02,2.024000000000000000e+03,1.200000000000000000e+01,3.000000000000000000e+00,1.800000000000000000e+01,4.500000000000000000e+01,2.253095100000000173e+01
4.001500284659000073e+01,-8.302927017970999657e+01,1.824699999999999989e+00,-6.994000000000000217e-01,1.007634454269439983e+00,2.464096770792960189e+00,1.213938137911600018e-01,6.529944309999999863e-01,1.335759542999999994e+00,3.382551866640000071e+02,2.024000000000000000e+03,1.200000000000000000e+01,3.000000000000000000e+00,1.800000000000000000e+01,4.500000000000000000e+01,2.258480099999999879e+01
4.001500368242000150e+01,-8.302927058884000644e+01,1.889199999999999990e+00,-6.951000000000000512e-01,1.543523938281099905e+00,3.496317976514180081e+00,-1.362061482574400129e-01,7.510731729999999828e-01,1.237665459000000023e+00,3.382570063460000256e+02,2.024000000000000000e+03,1.200000000000000000e+01,3.000000000000000000e+00,1.800000000000000000e+01,4.500000000000000000e+01,2.263965699999999970e+01
4.001500453461999740e+01,-8.302927099746999318e+01,1.903799999999999937e+00,-6.993000000000000327e-01,4.396438724560000448e-03,7.586625445508600185e-01,3.779583695163800106e-01,8.719840519999999540e-01,1.133628126000000069e+00,3.382587373169999978e+02,2.024000000000000000e+03,1.200000000000000000e+01,3.000000000000000000e+00,1.800000000000000000e+01,4.500000000000000000e+01,2.269266500000000164e+01
4.001500555855999863e+01,-8.302927150659000688e+01,1.893699999999999939e+00,-7.446000000000000396e-01,-1.539444062563660065e+00,3.272716506504199652e-01,4.143829695107999478e-01,9.528518929999999498e-01,1.068879233000000095e+00,3.382626165330000276e+02,2.024000000000000000e+03,1.200000000000000000e+01,3.000000000000000000e+00,1.800000000000000000e+01,4.500000000000000000e+01,2.274624499999999827e+01
4.001500641074999720e+01,-8.302927195975999553e+01,1.894099999999999895e+00,-7.971000000000000307e-01,-1.912403428225439850e+00,7.576904653839999781e-01,-3.482649756827999737e-02,9.237913700000000006e-01,1.071464254999999977e+00,3.382686688140000228e+02,2.024000000000000000e+03,1.200000000000000000e+01,3.000000000000000000e+00,1.800000000000000000e+01,4.500000000000000000e+01,2.280142400000000080e+01
4.001500744076000160e+01,-8.302927253539999697e+01,1.922400000000000109e+00,-8.358999999999999764e-01,-7.589913265739199888e-01,1.368575750816980019e+00,-1.979936402802600082e-01,8.247738190000000191e-01,1.112099138999999903e+00,3.382677868750000130e+02,2.024000000000000000e+03,1.200000000000000000e+01,3.000000000000000000e+00,1.800000000000000000e+01,4.500000000000000000e+01,2.285592099999999860e+01
4.001500831258999824e+01,-8.302927303210999810e+01,1.954599999999999893e+00,-8.568999999999999950e-01,-3.157221001056800258e-01,1.532238727627839969e+00,-3.044359177816799988e-01,7.570961170000000129e-01,1.138204881999999918e+00,3.382643811519999986e+02,2.024000000000000000e+03,1.200000000000000000e+01,3.000000000000000000e+00,1.800000000000000000e+01,4.500000000000000000e+01,2.291088399999999936e+01
4.001500919829999958e+01,-8.302927354112999581e+01,1.984699999999999909e+00,-8.756000000000000449e-01,-3.109385632390799792e-01,2.145075357477900013e+00,-6.332907210747400484e-01,6.815701509999999574e-01,1.149668480000000104e+00,3.382664023209999868e+02,2.024000000000000000e+03,1.200000000000000000e+01,3.000000000000000000e+00,1.800000000000000000e+01,4.500000000000000000e+01,2.296574000000000026e+01
4.001500937731999841e+01,-8.302927364353999451e+01,1.991800000000000015e+00,-8.759000000000000119e-01,5.939405805714000064e-02,6.928510753899599361e-01,-2.752260802899000325e-01,6.637516599999999656e-01,1.153893923000000044e+00,3.382670866509999996e+02,2.024000000000000000e+03,1.200000000000000000e+01,3.000000000000000000e+00,1.800000000000000000e+01,4.500000000000000000e+01,2.302142299999999864e+01
4.001501082688999844e+01,-8.302927445331999934e+01,2.036500000000000199e+00,-8.490999999999999659e-01,1.118608450699080104e+00,7.884934911231998855e-01,-5.176226369568599495e-01,5.438449760000000355e-01,1.200413259000000066e+00,3.382903086420000136e+02,2.024000000000000000e+03,1.200000000000000000e+01,3.000000000000000000e+00,1.800000000000000000e+01,4.500000000000000000e+01,2.307685299999999984e+01
4.001501230833000022e+01,-8.302927523801000120e+01,2.078399999999999803e+00,-8.152000000000000357e-01,1.452760570332459977e+00,7.610842258971800556e-01,3.160254122562800028e-01,5.280197970000000129e-01,1.270884230000000059e+00,3.383437523829999805e+02,2.024000000000000000e+03,1.200000000000000000e+01,3.000000000000000000e+00,1.800000000000000000e+01,4.500000000000000000e+01,2.313011900000000054e+01
4.001501324963999906e+01,-8.302927571684000441e+01,2.100299999999999834e+00,-7.990000000000000435e-01,1.361853693813799948e+00,5.278110669644600073e-01,6.223881214481400415e-01,5.914566140000000471e-01,1.310238381000000008e+00,3.383797548100000085e+02,2.024000000000000000e+03,1.200000000000000000e+01,3.000000000000000000e+00,1.800000000000000000e+01,4.500000000000000000e+01,2.318347400000000036e+01
4.001501438777999908e+01,-8.302927629225000317e+01,2.112699999999999800e+00,-8.175999999999999934e-01,1.825107904343999804e-02,6.789022103491400006e-01,1.244085154856179987e+00,6.623983369999999482e-01,1.308448118000000049e+00,3.384092533529999969e+02,2.024000000000000000e+03,1.200000000000000000e+01,3.000000000000000000e+00,1.800000000000000000e+01,4.500000000000000000e+01,2.323798299999999983e+01
4.001501534194999721e+01,-8.302927678423999680e+01,2.122500000000000053e+00,-8.417000000000000037e-01,-4.004521609546800032e-01,6.703599735972400886e-01,7.751498057094600158e-01,6.795825199999999677e-01,1.230975509999999939e+00,3.384239934710000171e+02,2.024000000000000000e+03,1.200000000000000000e+01,3.000000000000000000e+00,1.800000000000000000e+01,4.500000000000000000e+01,2.329122100000000017e+01
4.001501648949999890e+01,-8.302927737529999774e+01,2.117199999999999971e+00,-8.347999999999999865e-01,2.373293949016799798e-01,-9.681531401460000130e-02,-2.263428970188000044e-02,6.994795940000000378e-01,1.075438235000000020e+00,3.384303619770000182e+02,2.024000000000000000e+03,1.200000000000000000e+01,3.000000000000000000e+00,1.800000000000000000e+01,4.500000000000000000e+01,2.334469899999999853e+01
4.001501743678999645e+01,-8.302927786342999639e+01,2.088099999999999845e+00,-8.239999999999999547e-01,4.019346499970000153e-02,-1.179618003684860028e+00,-3.578807085211800354e-01,7.340245210000000409e-01,9.605100930000000092e-01,3.384364456729999802e+02,2.024000000000000000e+03,1.200000000000000000e+01,3.000000000000000000e+00,1.800000000000000000e+01,4.500000000000000000e+01,2.339848699999999937e+01
4.001501836954999902e+01,-8.302927834410999708e+01,2.054300000000000015e+00,-8.081000000000000405e-01,1.900298606563000092e-01,-1.387176849149760027e+00,-4.255192309047599597e-01,7.678777329999999512e-01,8.875425989999999876e-01,3.384467523349999851e+02,2.024000000000000000e+03,1.200000000000000000e+01,3.000000000000000000e+00,1.800000000000000000e+01,4.500000000000000000e+01,2.345285799999999909e+01
4.001501947121000313e+01,-8.302927891183000497e+01,2.018499999999999961e+00,-7.997999999999999554e-01,-1.681619914142599981e-01,-1.187062442673459950e+00,-3.856704305500999741e-01,8.074667519999999543e-01,8.558157749999999453e-01,3.384776551799999993e+02,2.024000000000000000e+03,1.200000000000000000e+01,3.000000000000000000e+00,1.800000000000000000e+01,4.500000000000000000e+01,2.350706299999999871e+01
4.001502037833000003e+01,-8.302927938367000138e+01,2.002899999999999903e+00,-8.018999999999999462e-01,-2.770816775344600025e-01,-6.325018780083000447e-01,-5.095339461980600282e-01,8.170053859999999446e-01,8.412110929999999653e-01,3.385125239430000192e+02,2.024000000000000000e+03,1.200000000000000000e+01,3.000000000000000000e+00,1.800000000000000000e+01,4.500000000000000000e+01,2.356124900000000011e+01
4.001502127733999714e+01,-8.302927986174999830e+01,1.984299999999999953e+00,-8.195999999999999952e-01,-7.955636446584399835e-01,-4.946974516927000187e-01,-7.090866099289799829e-01,7.809705590000000086e-01,8.297367140000000418e-01,3.385404056059999789e+02,2.024000000000000000e+03,1.200000000000000000e+01,3.000000000000000000e+00,1.800000000000000000e+01,4.500000000000000000e+01,2.361574999999999847e+01
4.001502233994000335e+01,-8.302928043273999492e+01,1.949799999999999978e+00,-7.999000000000000554e-01,2.336910464983999736e-01,-1.114388195354720112e+00,-3.746424231170599750e-01,7.224785679999999877e-01,8.348470550000000046e-01,3.385556072480000012e+02,2.024000000000000000e+03,1.200000000000000000e+01,3.000000000000000000e+00,1.800000000000000000e+01,4.500000000000000000e+01,2.366972700000000174e+01
4.001502321435999932e+01,-8.302928089233999742e+01,1.929999999999999938e+00,-7.708000000000000407e-01,5.702053948021800212e-01,-1.032699728148440022e+00,1.102139508845599997e-01,7.313057609999999986e-01,8.696351199999999837e-01,3.385549928379999756e+02,2.024000000000000000e+03,1.200000000000000000e+01,3.000000000000000000e+00,1.800000000000000000e+01,4.500000000000000000e+01,2.372379099999999852e+01
4.001502425694999943e+01,-8.302928143187000387e+01,1.918500000000000094e+00,-7.627000000000000446e-01,-1.732074133260800008e-01,-5.375641482404799332e-01,4.203617099522000133e-02,7.712378579999999983e-01,9.195726619999999851e-01,3.385683547950000047e+02,2.024000000000000000e+03,1.200000000000000000e+01,3.000000000000000000e+00,1.800000000000000000e+01,4.500000000000000000e+01,2.377779400000000010e+01
4.001502529156000065e+01,-8.302928196364000257e+01,1.900099999999999900e+00,-7.468000000000000194e-01,4.057573054955999903e-02,-6.692696323524199853e-01,-7.554538435871800406e-01,7.668782520000000380e-01,9.800665920000000142e-01,3.385974142630000188e+02,2.024000000000000000e+03,1.200000000000000000e+01,3.000000000000000000e+00,1.800000000000000000e+01,4.500000000000000000e+01,2.383358700000000141e+01
4.001502614577999850e+01,-8.302928238952000584e+01,1.887999999999999901e+00,-7.068999999999999728e-01,1.157223182297540065e+00,-1.015555941787740002e+00,-8.516518323514599142e-01,7.767909160000000535e-01,1.079027342000000056e+00,3.386174346419999779e+02,2.024000000000000000e+03,1.200000000000000000e+01,3.000000000000000000e+00,1.800000000000000000e+01,4.500000000000000000e+01,2.388784199999999913e+01
4.001502699737999791e+01,-8.302928279594999594e+01,1.890200000000000102e+00,-6.803000000000000158e-01,8.746412244485999299e-01,-1.812472637415999954e-01,2.854175943885000066e-01,8.606724300000000438e-01,1.187000006000000107e+00,3.386265976049999722e+02,2.024000000000000000e+03,1.200000000000000000e+01,3.000000000000000000e+00,1.800000000000000000e+01,4.500000000000000000e+01,2.394178899999999999e+01
4.001502733865999772e+01,-8.302928295712999329e+01,1.893499999999999961e+00,-6.824000000000000066e-01,3.575439744580399815e-01,1.255322552872999986e-01,3.317267761142000393e-01,9.177082829999999580e-01,1.198861546999999916e+00,3.386320616649999806e+02,2.024000000000000000e+03,1.200000000000000000e+01,3.000000000000000000e+00,1.800000000000000000e+01,4.500000000000000000e+01,2.399556000000000111e+01
4.001502835976999961e+01,-8.302928345083999773e+01,1.879399999999999959e+00,-7.143000000000000460e-01,-1.200848173998219970e+00,-8.858477822665999923e-02,6.099731562981000055e-01,1.026897229000000022e+00,1.214146157000000059e+00,3.386564249769999719e+02,2.024000000000000000e+03,1.200000000000000000e+01,3.000000000000000000e+00,1.800000000000000000e+01,4.500000000000000000e+01,2.404986699999999900e+01
4.001502969850999847e+01,-8.302928414535999480e+01,1.834200000000000053e+00,-7.655999999999999472e-01,-1.440021783367819941e+00,-4.718629868300600050e-01,3.132756855654600381e-01,1.003458132000000003e+00,1.175859761999999975e+00,3.386986233939999806e+02,2.024000000000000000e+03,1.200000000000000000e+01,3.000000000000000000e+00,1.800000000000000000e+01,4.500000000000000000e+01,2.410566400000000087e+01
4.001503068968000321e+01,-8.302928468060000000e+01,1.818000000000000060e+00,-7.839000000000000412e-01,-8.160448633921599804e-01,-1.966566161875799856e-01,-1.384009834527999937e-02,9.043781560000000441e-01,1.141034598999999927e+00,3.387138848710000048e+02,2.024000000000000000e+03,1.200000000000000000e+01,3.000000000000000000e+00,1.800000000000000000e+01,4.500000000000000000e+01,2.416009999999999991e+01
4.001503151029000094e+01,-8.302928513249000275e+01,1.809199999999999919e+00,-7.823999999999999844e-01,-1.008489745348599836e-01,-3.862311822195799715e-01,-1.714091822498199913e-01,8.157357379999999880e-01,1.089321930000000105e+00,3.387180529039999897e+02,2.024000000000000000e+03,1.200000000000000000e+01,3.000000000000000000e+00,1.800000000000000000e+01,4.500000000000000000e+01,2.421356700000000117e+01
4.001503232753999839e+01,-8.302928557766000495e+01,1.800499999999999989e+00,-7.629000000000000226e-01,4.751920890438200429e-01,-7.040537970953999469e-01,-1.247932158266999991e-01,7.511147419999999464e-01,1.024473557999999951e+00,3.387223586609999870e+02,2.024000000000000000e+03,1.200000000000000000e+01,3.000000000000000000e+00,1.800000000000000000e+01,4.500000000000000000e+01,2.426731399999999894e+01
4.001503329850999791e+01,-8.302928609834999918e+01,1.777500000000000080e+00,-7.439000000000000057e-01,1.907785187253399906e-01,-9.056761564615000148e-01,-4.682518219446800134e-01,6.840643530000000139e-01,9.803598310000000149e-01,3.387401839419999874e+02,2.024000000000000000e+03,1.200000000000000000e+01,3.000000000000000000e+00,1.800000000000000000e+01,4.500000000000000000e+01,2.432160000000000011e+01
4.001503425943000281e+01,-8.302928660128000615e+01,1.765400000000000080e+00,-7.144000000000000350e-01,5.807652284688800126e-01,-5.850760054331599624e-01,-4.952199316177599564e-01,6.273155559999999964e-01,1.003170880999999959e+00,3.387726885640000205e+02,2.024000000000000000e+03,1.200000000000000000e+01,3.000000000000000000e+00,1.800000000000000000e+01,4.500000000000000000e+01,2.437552799999999920e+01
4.001503505989000331e+01,-8.302928700098000547e+01,1.773400000000000087e+00,-6.800000000000000488e-01,1.077890048335760076e+00,-1.206711946088999954e-01,-2.181506778746000047e-02,6.284178910000000062e-01,1.033013897000000014e+00,3.387953715030000126e+02,2.024000000000000000e+03,1.200000000000000000e+01,3.000000000000000000e+00,1.800000000000000000e+01,4.500000000000000000e+01,2.443060699999999841e+01
4.001503602518000235e+01,-8.302928746550999506e+01,1.778799999999999937e+00,-6.671000000000000263e-01,1.435042674681999975e-01,-1.019329145798199970e-01,2.123057876103200126e-01,7.044203900000000074e-01,1.026214608000000084e+00,3.388120571360000213e+02,2.024000000000000000e+03,1.200000000000000000e+01,3.000000000000000000e+00,1.800000000000000000e+01,4.500000000000000000e+01,2.448711399999999827e+01
4.001503682901000047e+01,-8.302928785349000407e+01,1.774000000000000021e+00,-6.790000000000000480e-01,-6.113205699281599736e-01,-6.833280275160000250e-02,-5.909691758138000545e-02,7.433299829999999719e-01,1.007283326000000034e+00,3.388090941039999962e+02,2.024000000000000000e+03,1.200000000000000000e+01,3.000000000000000000e+00,1.800000000000000000e+01,4.500000000000000000e+01,2.454133099999999956e+01
4.001503779179000020e+01,-8.302928832019999561e+01,1.775199999999999889e+00,-6.717999999999999527e-01,2.100163415809399858e-01,-1.796755275128000123e-02,-4.152886362681999510e-01,7.748130279999999592e-01,1.011611406999999963e+00,3.388063181119999854e+02,2.024000000000000000e+03,1.200000000000000000e+01,3.000000000000000000e+00,1.800000000000000000e+01,4.500000000000000000e+01,2.459604300000000165e+01
4.001503859300999721e+01,-8.302928870873999756e+01,1.770799999999999930e+00,-6.713999999999999968e-01,7.906730334835999907e-02,-1.564871672487800069e-01,-3.244464871111800153e-01,8.217167770000000093e-01,1.038501402999999934e+00,3.388165675259999716e+02,2.024000000000000000e+03,1.200000000000000000e+01,3.000000000000000000e+00,1.800000000000000000e+01,4.500000000000000000e+01,2.465040300000000073e+01
4.001503955332000118e+01,-8.302928917836000267e+01,1.773400000000000087e+00,-6.772000000000000242e-01,1.414606600957400151e-01,2.258905958818000215e-01,1.222586530382599873e-01,8.707495090000000326e-01,1.083193131999999892e+00,3.388418063990000064e+02,2.024000000000000000e+03,1.200000000000000000e+01,3.000000000000000000e+00,1.800000000000000000e+01,4.500000000000000000e+01,2.470522300000000016e+01
4.001504035962999950e+01,-8.302928957106000496e+01,1.791600000000000081e+00,-6.790000000000000480e-01,2.775861493488999687e-01,5.924275865306600775e-01,3.038600023957200302e-01,9.163234970000000423e-01,1.095687365000000080e+00,3.388585592250000218e+02,2.024000000000000000e+03,1.200000000000000000e+01,3.000000000000000000e+00,1.800000000000000000e+01,4.500000000000000000e+01,2.476025399999999976e+01
4.001504117382000203e+01,-8.302928996331000633e+01,1.808100000000000041e+00,-6.806999999999999718e-01,2.770593503687199810e-01,8.980302642251400957e-01,-7.334631112000000079e-05,9.606837900000000374e-01,1.093495031000000006e+00,3.388673770220000279e+02,2.024000000000000000e+03,1.200000000000000000e+01,3.000000000000000000e+00,1.800000000000000000e+01,4.500000000000000000e+01,2.481466999999999956e+01
4.001504215367000228e+01,-8.302929044060999786e+01,1.810699999999999976e+00,-6.915000000000000036e-01,-1.882537756768800086e-01,3.141552871658200297e-01,-3.072931607751200334e-01,9.867077290000000334e-01,1.099920538999999975e+00,3.388768735979999747e+02,2.024000000000000000e+03,1.200000000000000000e+01,3.000000000000000000e+00,1.800000000000000000e+01,4.500000000000000000e+01,2.486988600000000105e+01
4.001504297392000353e+01,-8.302929084529000647e+01,1.820100000000000051e+00,-7.066999999999999948e-01,-3.631833269627399718e-01,5.719399317068000199e-01,-1.051565721939000109e-01,9.915327449999999931e-01,1.109380076000000104e+00,3.388953924649999863e+02,2.024000000000000000e+03,1.200000000000000000e+01,3.000000000000000000e+00,1.800000000000000000e+01,4.500000000000000000e+01,2.492450300000000141e+01
4.001504363394000308e+01,-8.302929117847000384e+01,1.829700000000000104e+00,-7.305000000000000382e-01,-1.219379413765499853e+00,1.231513959136200098e+00,-1.683726025522800096e-01,9.876244410000000196e-01,1.100372662000000057e+00,3.389207423600000197e+02,2.024000000000000000e+03,1.200000000000000000e+01,3.000000000000000000e+00,1.800000000000000000e+01,4.500000000000000000e+01,2.497961099999999846e+01
4.001504429839999943e+01,-8.302929151803999730e+01,1.846899999999999986e+00,-7.356000000000000316e-01,-2.247176393683799900e-01,9.134638916543800224e-01,5.753430115872000539e-02,9.789136809999999800e-01,1.086526456999999946e+00,3.389441450369999984e+02,2.024000000000000000e+03,1.200000000000000000e+01,3.000000000000000000e+00,1.800000000000000000e+01,4.500000000000000000e+01,2.503426899999999833e+01
4.001504580321000049e+01,-8.302929228509999859e+01,1.847499999999999920e+00,-7.385000000000000453e-01,-3.036163085774599701e-01,-2.039626342904599654e-01,3.039546110114599853e-01,9.635560199999999575e-01,1.006530731000000012e+00,3.389509263310000051e+02,2.024000000000000000e+03,1.200000000000000000e+01,3.000000000000000000e+00,1.800000000000000000e+01,4.500000000000000000e+01,2.508967799999999926e+01
4.001504646779000041e+01,-8.302929263334000609e+01,1.839199999999999946e+00,-7.446000000000000396e-01,-3.493768459832800044e-01,-2.098796773687000017e-01,1.428428167726600029e-01,9.114077689999999787e-01,1.016715787999999954e+00,3.389396163459999798e+02,2.024000000000000000e+03,1.200000000000000000e+01,3.000000000000000000e+00,1.800000000000000000e+01,4.500000000000000000e+01,2.514359899999999826e+01
4.001504763151999811e+01,-8.302929324509000253e+01,1.849099999999999966e+00,-7.441999999999999726e-01,2.271256894251399983e-01,3.385853302864400005e-01,2.891952409536600044e-01,8.219927449999999691e-01,1.044969312999999955e+00,3.389322976070000095e+02,2.024000000000000000e+03,1.200000000000000000e+01,3.000000000000000000e+00,1.800000000000000000e+01,4.500000000000000000e+01,2.519822100000000020e+01
4.001504863657999778e+01,-8.302929376657000660e+01,1.865499999999999936e+00,-7.409000000000000030e-01,1.449528971857000081e-01,5.154840684148599417e-01,3.544522068781200130e-01,7.940759790000000429e-01,1.040451389000000004e+00,3.389423050789999934e+02,2.024000000000000000e+03,1.200000000000000000e+01,3.000000000000000000e+00,1.800000000000000000e+01,4.500000000000000000e+01,2.525512399999999857e+01
4.001504948232000203e+01,-8.302929419787000143e+01,1.883299999999999974e+00,-7.348000000000000087e-01,2.783270189090800151e-01,5.766835800561399550e-01,-1.739088005129999989e-02,8.060132899999999934e-01,1.012582419999999983e+00,3.389584376010000142e+02,2.024000000000000000e+03,1.200000000000000000e+01,3.000000000000000000e+00,1.800000000000000000e+01,4.500000000000000000e+01,2.530988999999999933e+01
4.001505033373999964e+01,-8.302929462737000676e+01,1.891799999999999926e+00,-7.328000000000000069e-01,6.944819033527999119e-02,2.733338629485799753e-01,-3.348960723268600281e-01,8.211328810000000367e-01,9.887790929999999978e-01,3.389693639100000269e+02,2.024000000000000000e+03,1.200000000000000000e+01,3.000000000000000000e+00,1.800000000000000000e+01,4.500000000000000000e+01,2.536584099999999964e+01
4.001505135819000003e+01,-8.302929513912999937e+01,1.893999999999999906e+00,-7.258000000000000007e-01,6.732444706004001023e-02,1.989304695864000175e-02,-1.514139672201000042e-01,8.329113900000000292e-01,9.623629630000000157e-01,3.389716601050000122e+02,2.024000000000000000e+03,1.200000000000000000e+01,3.000000000000000000e+00,1.800000000000000000e+01,4.500000000000000000e+01,2.542027900000000074e+01
4.001505221039000304e+01,-8.302929556786000376e+01,1.888200000000000101e+00,-7.358000000000000096e-01,-4.137772080603800418e-01,-6.215219865396000298e-02,-1.807712285723800105e-01,8.425256239999999730e-01,9.638129570000000257e-01,3.389795380030000160e+02,2.024000000000000000e+03,1.200000000000000000e+01,3.000000000000000000e+00,1.800000000000000000e+01,4.500000000000000000e+01,2.547509700000000166e+01
4.001505323008999682e+01,-8.302929609282999479e+01,1.879699999999999926e+00,-7.570999999999999952e-01,-8.447301055893200461e-01,-9.791054973620001017e-03,-1.489751210676399928e-01,8.350774659999999905e-01,9.889193370000000094e-01,3.390042119189999994e+02,2.024000000000000000e+03,1.200000000000000000e+01,3.000000000000000000e+00,1.800000000000000000e+01,4.500000000000000000e+01,2.552976100000000059e+01
4.001505425153000317e+01,-8.302929662258999599e+01,1.892500000000000071e+00,-7.537000000000000366e-01,1.155661925251000033e-01,3.039387668515599605e-01,-3.666089154642799830e-01,8.091299100000000077e-01,1.031296218999999903e+00,3.390221546860000217e+02,2.024000000000000000e+03,1.200000000000000000e+01,3.000000000000000000e+00,1.800000000000000000e+01,4.500000000000000000e+01,2.558549700000000016e+01
4.001505511009000315e+01,-8.302929706192000481e+01,1.913499999999999979e+00,-7.507000000000000339e-01,2.069559660396199929e-01,7.388836949243600127e-01,-1.704005679789599992e-01,7.972941959999999550e-01,1.061673182000000049e+00,3.390197239039999886e+02,2.024000000000000000e+03,1.200000000000000000e+01,3.000000000000000000e+00,1.800000000000000000e+01,4.500000000000000000e+01,2.564013900000000135e+01
4.001505614951000211e+01,-8.302929759319999903e+01,1.930399999999999894e+00,-7.608000000000000318e-01,-1.612286381733600005e-01,7.010432640621400147e-01,1.013999175995800028e-01,7.862418770000000334e-01,1.068598163000000101e+00,3.390179156109999781e+02,2.024000000000000000e+03,1.200000000000000000e+01,3.000000000000000000e+00,1.800000000000000000e+01,4.500000000000000000e+01,2.569502999999999915e+01
4.001505702131999698e+01,-8.302929804167999350e+01,1.939899999999999958e+00,-7.667000000000000481e-01,1.749231449336000055e-02,4.862247690508200160e-01,3.907936933052600370e-01,7.550570260000000200e-01,1.058093657999999992e+00,3.390185751029999892e+02,2.024000000000000000e+03,1.200000000000000000e+01,3.000000000000000000e+00,1.800000000000000000e+01,4.500000000000000000e+01,2.574979199999999935e+01
4.001505807475000154e+01,-8.302929857184000184e+01,1.955600000000000005e+00,-7.422999999999999599e-01,9.389410386447398782e-01,2.736121742949200186e-01,5.287347495222000787e-02,7.589563040000000260e-01,1.045551125000000026e+00,3.390185370350000085e+02,2.024000000000000000e+03,1.200000000000000000e+01,3.000000000000000000e+00,1.800000000000000000e+01,4.500000000000000000e+01,2.580439700000000158e+01
4.001505895844999827e+01,-8.302929900568000221e+01,1.966699999999999893e+00,-7.387000000000000233e-01,2.590853883158800164e-01,4.378320664920200000e-01,3.411391974631999835e-01,8.212952030000000292e-01,1.037229876000000051e+00,3.390278347089999897e+02,2.024000000000000000e+03,1.200000000000000000e+01,3.000000000000000000e+00,1.800000000000000000e+01,4.500000000000000000e+01,2.585907500000000070e+01
4.001505984984999742e+01,-8.302929944224000280e+01,1.986599999999999921e+00,-7.493999999999999551e-01,-1.078559924699999950e-01,8.749597514367400963e-01,1.945011799406599906e-01,8.774402159999999951e-01,1.011336519999999961e+00,3.390405633369999805e+02,2.024000000000000000e+03,1.200000000000000000e+01,3.000000000000000000e+00,1.800000000000000000e+01,4.500000000000000000e+01,2.591405299999999912e+01
4.001506074622000142e+01,-8.302929988376000381e+01,1.992699999999999916e+00,-7.592999999999999750e-01,-3.296134963290799913e-01,4.597357921921000345e-01,1.783894879720000033e-03,8.934535120000000052e-01,9.775617760000000489e-01,3.390446741279999969e+02,2.024000000000000000e+03,1.200000000000000000e+01,3.000000000000000000e+00,1.800000000000000000e+01,4.500000000000000000e+01,2.596875299999999953e+01
4.001506092593000119e+01,-8.302929997261999517e+01,1.994099999999999984e+00,-7.600999999999999979e-01,-2.862878665774999942e-01,4.240468620282000223e-01,1.747194597356599988e-01,8.952983479999999661e-01,9.647877849999999533e-01,3.390453031619999820e+02,2.024000000000000000e+03,1.200000000000000000e+01,3.000000000000000000e+00,1.800000000000000000e+01,4.500000000000000000e+01,2.602440700000000007e+01
4.001506272265999797e+01,-8.302930085711000174e+01,1.987000000000000099e+00,-7.549000000000000155e-01,-3.671423217144400009e-01,-3.326018395590999988e-01,3.058854121527999903e-02,9.556106109999999987e-01,9.165442959999999806e-01,3.390373586730000284e+02,2.024000000000000000e+03,1.200000000000000000e+01,3.000000000000000000e+00,1.800000000000000000e+01,4.500000000000000000e+01,2.607956799999999831e+01
4.001506397925999892e+01,-8.302930148993000614e+01,1.986099999999999977e+00,-7.925999999999999712e-01,-1.281406627616439975e+00,4.076843110876400278e-01,1.013210263522600074e-01,9.700503489999999784e-01,9.417204540000000401e-01,3.390452156200000218e+02,2.024000000000000000e+03,1.200000000000000000e+01,3.000000000000000000e+00,1.800000000000000000e+01,4.500000000000000000e+01,2.613569000000000031e+01
4.001506487881999874e+01,-8.302930195784999512e+01,1.995900000000000007e+00,-8.007999999999999563e-01,-4.516581157581999600e-02,3.431819696151799937e-01,-2.582157635172599996e-01,9.199804010000000032e-01,9.401175440000000272e-01,3.390518308040000193e+02,2.024000000000000000e+03,1.200000000000000000e+01,3.000000000000000000e+00,1.800000000000000000e+01,4.500000000000000000e+01,2.618977200000000138e+01
4.001506596339000055e+01,-8.302930252024999902e+01,2.009700000000000042e+00,-7.984999999999999876e-01,4.458992151767400269e-01,3.229346044415200012e-01,-8.142100309937800873e-01,8.745680049999999817e-01,9.533777270000000081e-01,3.390383295859999748e+02,2.024000000000000000e+03,1.200000000000000000e+01,3.000000000000000000e+00,1.800000000000000000e+01,4.500000000000000000e+01,2.624356200000000072e+01
4.001506687175000110e+01,-8.302930299071999798e+01,2.019499999999999851e+00,-8.041000000000000369e-01,1.089178399282800108e-01,5.373835740819000728e-01,-7.211476788675200700e-01,8.576946319999999568e-01,9.902970020000000373e-01,3.390274669070000186e+02,2.024000000000000000e+03,1.200000000000000000e+01,3.000000000000000000e+00,1.800000000000000000e+01,4.500000000000000000e+01,2.629815899999999829e+01
4.001506796967999691e+01,-8.302930355680000218e+01,2.030499999999999972e+00,-8.105999999999999872e-01,-3.525481446007399655e-01,3.395676446163199969e-01,3.325675842017999928e-02,8.509010399999999974e-01,1.007246700999999911e+00,3.390186290589999771e+02,2.024000000000000000e+03,1.200000000000000000e+01,3.000000000000000000e+00,1.800000000000000000e+01,4.500000000000000000e+01,2.635421499999999995e+01
4.001506888827000097e+01,-8.302930403322000075e+01,2.035200000000000120e+00,-8.193000000000000282e-01,-4.289352971728200292e-01,2.329521001068599884e-01,5.690641241442800924e-01,8.342087689999999611e-01,1.008400458999999971e+00,3.390285832719999917e+02,2.024000000000000000e+03,1.200000000000000000e+01,3.000000000000000000e+00,1.800000000000000000e+01,4.500000000000000000e+01,2.641017000000000081e+01
4.001506980829000071e+01,-8.302930451483000240e+01,2.042899999999999938e+00,-8.247999999999999776e-01,-1.096224841320600080e-01,4.249155225156799331e-01,3.960014925361999838e-01,7.852290690000000017e-01,1.025032552000000097e+00,3.390452027750000070e+02,2.024000000000000000e+03,1.200000000000000000e+01,3.000000000000000000e+00,1.800000000000000000e+01,4.500000000000000000e+01,2.646540699999999902e+01
4.001507092261000054e+01,-8.302930508721000535e+01,2.071499999999999897e+00,-8.054999999999999938e-01,8.957667773908800646e-01,7.016731792474399931e-01,5.401781311618200077e-01,7.596709860000000480e-01,1.024498831999999915e+00,3.390527198510000062e+02,2.024000000000000000e+03,1.200000000000000000e+01,3.000000000000000000e+00,1.800000000000000000e+01,4.500000000000000000e+01,2.652089099999999888e+01
4.001507205010999968e+01,-8.302930564793000201e+01,2.092200000000000060e+00,-7.894999999999999796e-01,7.564152058766000497e-01,4.442221958911399815e-01,2.492212211496599994e-01,7.941138309999999922e-01,9.898252140000000088e-01,3.390379537700000014e+02,2.024000000000000000e+03,1.200000000000000000e+01,3.000000000000000000e+00,1.800000000000000000e+01,4.500000000000000000e+01,2.657631200000000149e+01
4.001507299339999690e+01,-8.302930611130000216e+01,2.090500000000000025e+00,-7.893000000000000016e-01,9.764285527187999136e-02,-6.858903974922000990e-02,2.046887302762200045e-01,8.311344320000000341e-01,9.623348529999999901e-01,3.390238193910000177e+02,2.024000000000000000e+03,1.200000000000000000e+01,3.000000000000000000e+00,1.800000000000000000e+01,4.500000000000000000e+01,2.663249100000000169e+01
4.001507412621000270e+01,-8.302930667489999905e+01,2.092200000000000060e+00,-8.091000000000000414e-01,-5.488495801014799946e-01,1.975974241457800207e-01,1.129371460338799982e-01,8.440868959999999754e-01,9.378865429999999614e-01,3.390240687460000117e+02,2.024000000000000000e+03,1.200000000000000000e+01,3.000000000000000000e+00,1.800000000000000000e+01,4.500000000000000000e+01,2.668882400000000032e+01
4.001507526174000162e+01,-8.302930724688999931e+01,2.097199999999999953e+00,-8.234000000000000208e-01,-6.542763146209800151e-01,2.374860993948000321e-01,-2.269652270849999987e-01,8.430634930000000526e-01,9.091949740000000446e-01,3.390400691830000142e+02,2.024000000000000000e+03,1.200000000000000000e+01,3.000000000000000000e+00,1.800000000000000000e+01,4.500000000000000000e+01,2.674562500000000043e+01
4.001507620924999742e+01,-8.302930772992000641e+01,2.102500000000000036e+00,-8.305000000000000160e-01,-3.731629185821200290e-01,3.416911797012199825e-01,-4.277503535316000138e-01,8.269643610000000367e-01,8.905197329999999800e-01,3.390479836740000223e+02,2.024000000000000000e+03,1.200000000000000000e+01,3.000000000000000000e+00,1.800000000000000000e+01,4.500000000000000000e+01,2.680170499999999834e+01
4.001507734852999931e+01,-8.302930831599999806e+01,2.106500000000000039e+00,-8.368999999999999773e-01,-1.576702450186399929e-01,1.987857687855600075e-01,-5.121775518169000563e-01,7.928534550000000403e-01,8.669767879999999982e-01,3.390345724570000243e+02,2.024000000000000000e+03,1.200000000000000000e+01,3.000000000000000000e+00,1.800000000000000000e+01,4.500000000000000000e+01,2.685633800000000093e+01
4.001507830023000167e+01,-8.302930880271000547e+01,2.108699999999999797e+00,-8.314000000000000279e-01,-5.139174344056000876e-02,-4.325011174452000201e-02,-2.901750694815000142e-01,7.769170690000000157e-01,8.526640779999999920e-01,3.390120832590000077e+02,2.024000000000000000e+03,1.200000000000000000e+01,3.000000000000000000e+00,1.800000000000000000e+01,4.500000000000000000e+01,2.691265800000000041e+01
4.001507925428000334e+01,-8.302930929173000152e+01,2.115099999999999980e+00,-8.413000000000000478e-01,-4.857619845385799939e-01,2.496417863069999854e-01,-5.133098816656600505e-01,7.677306259999999716e-01,8.520606040000000547e-01,3.390072962180000218e+02,2.024000000000000000e+03,1.200000000000000000e+01,3.000000000000000000e+00,1.800000000000000000e+01,4.500000000000000000e+01,2.696787000000000134e+01
4.001507944507999781e+01,-8.302930939044000525e+01,2.114500000000000046e+00,-8.437999999999999945e-01,-5.244782878289200312e-01,1.499614843282600085e-01,-3.999945756218799553e-01,7.668412390000000078e-01,8.510416269999999672e-01,3.390091533710000249e+02,2.024000000000000000e+03,1.200000000000000000e+01,3.000000000000000000e+00,1.800000000000000000e+01,4.500000000000000000e+01,2.702302800000000005e+01
4.001508098173000150e+01,-8.302931016883999860e+01,2.149199999999999999e+00,-8.110000000000000542e-01,1.187266111361040100e+00,6.083759689558400074e-01,-6.288129290230000390e-02,7.699361350000000215e-01,8.575394600000000311e-01,3.390215643710000109e+02,2.024000000000000000e+03,1.200000000000000000e+01,3.000000000000000000e+00,1.800000000000000000e+01,4.500000000000000000e+01,2.707862000000000080e+01
4.001508233954999838e+01,-8.302931082985000444e+01,2.155400000000000205e+00,-7.983999999999999986e-01,2.478787914594199893e-01,-9.669794997344000054e-02,5.354139766649999854e-02,8.658436040000000444e-01,8.556174010000000552e-01,3.390165103350000209e+02,2.024000000000000000e+03,1.200000000000000000e+01,3.000000000000000000e+00,1.800000000000000000e+01,4.500000000000000000e+01,2.713575000000000159e+01
4.001508388885000045e+01,-8.302931159131000527e+01,2.156499999999999861e+00,-8.148999999999999577e-01,-4.019397490562799380e-01,1.494247753727999950e-01,2.179703319041599863e-01,9.099696040000000430e-01,9.054573799999999784e-01,3.389988287919999834e+02,2.024000000000000000e+03,1.200000000000000000e+01,3.000000000000000000e+00,1.800000000000000000e+01,4.500000000000000000e+01,2.719305500000000109e+01
4.001508486177999657e+01,-8.302931207291000248e+01,2.170199999999999907e+00,-8.263000000000000345e-01,-3.260420064496999948e-01,6.870775874500799629e-01,5.279973618262200352e-01,9.458429529999999863e-01,9.139914959999999589e-01,3.389957403139999883e+02,2.024000000000000000e+03,1.200000000000000000e+01,3.000000000000000000e+00,1.800000000000000000e+01,4.500000000000000000e+01,2.724816200000000066e+01
4.001508603474000125e+01,-8.302931266388000608e+01,2.177599999999999980e+00,-8.445000000000000284e-01,-2.777999509335200012e-01,3.327265773955400130e-01,2.760788971248799850e-01,9.631104059999999745e-01,8.931216950000000487e-01,3.389953396369999723e+02,2.024000000000000000e+03,1.200000000000000000e+01,3.000000000000000000e+00,1.800000000000000000e+01,4.500000000000000000e+01,2.730394899999999936e+01
4.001508701118000033e+01,-8.302931316641000592e+01,2.170500000000000096e+00,-8.595000000000000417e-01,-3.822184548166600027e-01,1.335263404040000143e-02,7.121127291548000338e-02,9.527340180000000158e-01,8.874880920000000062e-01,3.389986704589999817e+02,2.024000000000000000e+03,1.200000000000000000e+01,3.000000000000000000e+00,1.800000000000000000e+01,4.500000000000000000e+01,2.735963500000000082e+01
4.001508798863999772e+01,-8.302931367061999879e+01,2.176499999999999879e+00,-8.588999999999999968e-01,8.976143054905999508e-02,2.316068894793200106e-01,2.190084025360599929e-01,9.480275630000000175e-01,8.866649739999999946e-01,3.390014884519999896e+02,2.024000000000000000e+03,1.200000000000000000e+01,3.000000000000000000e+00,1.800000000000000000e+01,4.500000000000000000e+01,2.741479199999999850e+01
4.001508916507999913e+01,-8.302931427862000646e+01,2.181500000000000217e+00,-8.699999999999999956e-01,-1.350052179190399937e-01,2.254441292647400008e-01,-6.033053136882000206e-02,9.403838660000000127e-01,8.785070699999999455e-01,3.389983488080000029e+02,2.024000000000000000e+03,1.200000000000000000e+01,3.000000000000000000e+00,1.800000000000000000e+01,4.500000000000000000e+01,2.747271100000000033e+01
4.001509014900000238e+01,-8.302931478701999879e+01,2.191800000000000193e+00,-8.675000000000000488e-01,4.100947656150000231e-02,3.480118849183799767e-01,-4.518760807811200153e-01,9.158849759999999618e-01,8.780532309999999896e-01,3.389941108709999753e+02,2.024000000000000000e+03,1.200000000000000000e+01,3.000000000000000000e+00,1.800000000000000000e+01,4.500000000000000000e+01,2.752734699999999890e+01
4.001509153036000299e+01,-8.302931549937000000e+01,2.194900000000000073e+00,-8.665000000000000480e-01,2.321133099827999910e-02,-1.154291466020000018e-02,-6.911484451806000628e-02,8.865149380000000301e-01,8.660953289999999694e-01,3.389942185909999921e+02,2.024000000000000000e+03,1.200000000000000000e+01,3.000000000000000000e+00,1.800000000000000000e+01,4.500000000000000000e+01,2.758483599999999925e+01
4.001509251624000285e+01,-8.302931600800999945e+01,2.193299999999999805e+00,-8.625000000000000444e-01,2.655546760927000038e-01,-4.866561437728000178e-02,3.206379294365999805e-02,8.599982680000000101e-01,8.726187269999999829e-01,3.389954720270000053e+02,2.024000000000000000e+03,1.200000000000000000e+01,3.000000000000000000e+00,1.800000000000000000e+01,4.500000000000000000e+01,2.764070600000000155e+01
4.001509370075999783e+01,-8.302931661195999880e+01,2.197999999999999954e+00,-8.514000000000000457e-01,4.810637810108199797e-01,9.635257116617999829e-02,4.357749878962000056e-02,8.604089550000000308e-01,8.919255029999999529e-01,3.389900836720000257e+02,2.024000000000000000e+03,1.200000000000000000e+01,3.000000000000000000e+00,1.800000000000000000e+01,4.500000000000000000e+01,2.769658400000000142e+01
4.001509469178999723e+01,-8.302931711329000564e+01,2.210900000000000087e+00,-8.539999999999999813e-01,1.919058480106000109e-01,5.635133869508799354e-01,2.833824270080800289e-01,8.749506009999999945e-01,9.000285620000000320e-01,3.389790007749999745e+02,2.024000000000000000e+03,1.200000000000000000e+01,3.000000000000000000e+00,1.800000000000000000e+01,4.500000000000000000e+01,2.775172699999999892e+01
4.001509588857000210e+01,-8.302931772165000268e+01,2.222399999999999931e+00,-8.670999999999999819e-01,-1.381036082406600085e-01,3.833608586801999785e-01,1.133330333188000139e-01,8.716954740000000257e-01,8.626229819999999826e-01,3.389693340459999717e+02,2.024000000000000000e+03,1.200000000000000000e+01,3.000000000000000000e+00,1.800000000000000000e+01,4.500000000000000000e+01,2.780805499999999952e+01
4.001509688830000044e+01,-8.302931822749999924e+01,2.223199999999999843e+00,-8.588999999999999968e-01,2.383242929720000014e-01,-4.948995909582000474e-02,1.590879470577200028e-01,8.755648729999999658e-01,8.247638229999999515e-01,3.389671077520000040e+02,2.024000000000000000e+03,1.200000000000000000e+01,3.000000000000000000e+00,1.800000000000000000e+01,4.500000000000000000e+01,2.786618400000000051e+01
4.001509808801999668e+01,-8.302931883315000050e+01,2.220400000000000151e+00,-8.649999999999999911e-01,-3.920122240988000439e-01,-2.936642252536000169e-02,-3.744819519540000356e-03,9.061010240000000326e-01,7.966293140000000328e-01,3.389761399800000277e+02,2.024000000000000000e+03,1.200000000000000000e+01,3.000000000000000000e+00,1.800000000000000000e+01,4.500000000000000000e+01,2.792168500000000009e+01
4.001509888857000163e+01,-8.302931923980000306e+01,2.226700000000000124e+00,-8.691999999999999726e-01,-1.590985904540200002e-01,3.247525304093000220e-01,-2.661409935810800098e-01,9.123599940000000075e-01,7.814341930000000547e-01,3.389839209689999961e+02,2.024000000000000000e+03,1.200000000000000000e+01,3.000000000000000000e+00,1.800000000000000000e+01,4.500000000000000000e+01,2.797829099999999869e+01
4.001509928960000195e+01,-8.302931944373999329e+01,2.229900000000000215e+00,-8.702999999999999625e-01,-7.739263009919999936e-02,3.363303570219600136e-01,-2.912033613766400464e-01,9.187091830000000403e-01,7.687045420000000462e-01,3.389864043719999813e+02,2.024000000000000000e+03,1.200000000000000000e+01,3.000000000000000000e+00,1.800000000000000000e+01,4.500000000000000000e+01,2.803553399999999840e+01
4.001510108643000052e+01,-8.302932036996000420e+01,2.212000000000000188e+00,-8.812999999999999723e-01,-9.894603083356000306e-02,-8.968187253756000621e-02,3.392621207154000035e-02,8.881295759999999762e-01,7.444957370000000463e-01,3.389809710569999766e+02,2.024000000000000000e+03,1.200000000000000000e+01,3.000000000000000000e+00,1.800000000000000000e+01,4.500000000000000000e+01,2.809250300000000067e+01
4.001510268018000005e+01,-8.302932119588000148e+01,2.205700000000000216e+00,-8.860000000000000098e-01,-5.049554205214399349e-01,-9.355976636082000142e-02,-5.264083954575999452e-02,8.372856899999999714e-01,7.880512349999999611e-01,3.389535032000000001e+02,2.024000000000000000e+03,1.200000000000000000e+01,3.000000000000000000e+00,1.800000000000000000e+01,4.500000000000000000e+01,2.814988900000000172e+01
4.001510387650999689e+01,-8.302932181552000657e+01,2.213000000000000078e+00,-8.728000000000000203e-01,7.096665602932600292e-01,3.024783176734000337e-02,2.087333810230000003e-02,8.116363349999999866e-01,8.275553429999999988e-01,3.389401976419999869e+02,2.024000000000000000e+03,1.200000000000000000e+01,3.000000000000000000e+00,1.800000000000000000e+01,4.500000000000000000e+01,2.820794400000000124e+01
4.001510487574999786e+01,-8.302932232716000271e+01,2.218999999999999861e+00,-8.686000000000000387e-01,4.179641433454999722e-01,1.931586103489600081e-01,4.572060406653800091e-01,8.233361150000000350e-01,8.525061219999999773e-01,3.389421106660000191e+02,2.024000000000000000e+03,1.200000000000000000e+01,3.000000000000000000e+00,1.800000000000000000e+01,4.500000000000000000e+01,2.826307500000000061e+01
4.001510588090000198e+01,-8.302932283743000141e+01,2.234900000000000109e+00,-8.690999999999999837e-01,3.597662715043200010e-01,5.001439781257199790e-01,1.828942247053799985e-01,8.322734000000000520e-01,8.590029999999999610e-01,3.389501742069999750e+02,2.024000000000000000e+03,1.200000000000000000e+01,3.000000000000000000e+00,1.800000000000000000e+01,4.500000000000000000e+01,2.831825200000000109e+01
4.001510729905000119e+01,-8.302932354664000059e+01,2.250799999999999912e+00,-8.588999999999999968e-01,4.322860684850999835e-01,1.191844538363199951e-01,1.894375726610000171e-02,8.614094989999999674e-01,8.181162060000000125e-01,3.389596110969999927e+02,2.024000000000000000e+03,1.200000000000000000e+01,3.000000000000000000e+00,1.800000000000000000e+01,4.500000000000000000e+01,2.837445100000000053e+01
4.001510831251999889e+01,-8.302932404599999927e+01,2.245600000000000041e+00,-8.455000000000000293e-01,4.573073868246200213e-01,-3.035427722143599905e-01,3.683199740019999988e-03,8.954261799999999605e-01,8.042773770000000155e-01,3.389632985310000208e+02,2.024000000000000000e+03,1.200000000000000000e+01,3.000000000000000000e+00,1.800000000000000000e+01,4.500000000000000000e+01,2.842980000000000018e+01
4.001510952902000184e+01,-8.302932463687000109e+01,2.247900000000000009e+00,-8.365000000000000213e-01,2.200416470365999799e-01,-2.121908411168000122e-02,2.617780510156599849e-01,9.595490549999999841e-01,7.934294939999999574e-01,3.389592252780000194e+02,2.024000000000000000e+03,1.200000000000000000e+01,3.000000000000000000e+00,1.800000000000000000e+01,4.500000000000000000e+01,2.848557900000000132e+01
4.001511094938000213e+01,-8.302932532455000114e+01,2.250100000000000211e+00,-8.408999999999999808e-01,-6.857785441486000111e-02,1.397496162137200071e-01,4.796360529499999609e-02,1.047616115999999931e+00,7.706935139999999684e-01,3.389562638250000077e+02,2.024000000000000000e+03,1.200000000000000000e+01,3.000000000000000000e+00,1.800000000000000000e+01,4.500000000000000000e+01,2.855472999999999928e+01
4.001511196324999986e+01,-8.302932582364999803e+01,2.245600000000000041e+00,-8.579999999999999849e-01,-5.474126755158600366e-01,2.483862674917999835e-02,5.827364134442000049e-02,1.093768642999999985e+00,7.401320230000000278e-01,3.389544536020000010e+02,2.024000000000000000e+03,1.200000000000000000e+01,3.000000000000000000e+00,1.800000000000000000e+01,4.500000000000000000e+01,2.860885999999999996e+01
4.001511297348999818e+01,-8.302932633096000359e+01,2.235399999999999832e+00,-8.709000000000000075e-01,-5.072057702788399514e-01,-1.930344088208399977e-01,-2.794027950671399974e-01,1.106524923999999910e+00,7.203320650000000214e-01,3.389503985389999912e+02,2.024000000000000000e+03,1.200000000000000000e+01,3.000000000000000000e+00,1.800000000000000000e+01,4.500000000000000000e+01,2.866348100000000088e+01
4.001511418108000129e+01,-8.302932695159999810e+01,2.229099999999999859e+00,-8.937000000000000499e-01,-6.832975388058599719e-01,1.296271479439600194e-01,-1.546804511855399966e-01,1.088949092000000007e+00,7.105443099999999568e-01,3.389496392020000144e+02,2.024000000000000000e+03,1.200000000000000000e+01,3.000000000000000000e+00,1.800000000000000000e+01,4.500000000000000000e+01,2.872038799999999981e+01
4.001511538670000334e+01,-8.302932758705999561e+01,2.225400000000000045e+00,-9.098000000000000531e-01,-3.759500612589199986e-01,-6.978513242740000400e-03,-3.409943877664999845e-01,1.032355866000000066e+00,6.875406440000000341e-01,3.389510100830000283e+02,2.024000000000000000e+03,1.200000000000000000e+01,3.000000000000000000e+00,1.800000000000000000e+01,4.500000000000000000e+01,2.877588300000000032e+01
4.001511638889000011e+01,-8.302932811782000044e+01,2.218500000000000139e+00,-9.029000000000000359e-01,1.509214232374399833e-01,-3.678206452568399953e-01,-1.197194470777799974e-01,9.886961840000000334e-01,6.806025949999999769e-01,3.389457659430000263e+02,2.024000000000000000e+03,1.200000000000000000e+01,3.000000000000000000e+00,1.800000000000000000e+01,4.500000000000000000e+01,2.883159699999999859e+01
4.001511758630999793e+01,-8.302932874809999930e+01,2.206199999999999939e+00,-8.903999999999999693e-01,2.151034177736000086e-01,-5.491723591194199727e-01,-2.839233116983799765e-01,9.429846849999999892e-01,7.087515300000000185e-01,3.389370632150000233e+02,2.024000000000000000e+03,1.200000000000000000e+01,3.000000000000000000e+00,1.800000000000000000e+01,4.500000000000000000e+01,2.888793599999999984e+01
4.001511878021000257e+01,-8.302932936396000230e+01,2.207699999999999996e+00,-8.629000000000000004e-01,8.745138968632600873e-01,-1.823699920798800000e-01,8.607432690322000535e-02,9.319401910000000289e-01,7.808076010000000178e-01,3.389322952420000092e+02,2.024000000000000000e+03,1.200000000000000000e+01,3.000000000000000000e+00,1.800000000000000000e+01,4.500000000000000000e+01,2.894506099999999904e+01
4.001511897972000043e+01,-8.302932946475999643e+01,2.210999999999999854e+00,-8.585000000000000409e-01,9.388394355417399861e-01,-5.137342861776000164e-02,1.133941248202000041e-01,9.375849529999999987e-01,7.929515179999999663e-01,3.389309333200000083e+02,2.024000000000000000e+03,1.200000000000000000e+01,3.000000000000000000e+00,1.800000000000000000e+01,4.500000000000000000e+01,2.900103000000000009e+01
4.001512018265999870e+01,-8.302933006906999935e+01,2.231399999999999828e+00,-8.670999999999999819e-01,-3.041723857520799990e-01,7.501824826292999848e-01,3.481804402349999994e-02,9.616596280000000441e-01,8.379482820000000443e-01,3.389233624930000133e+02,2.024000000000000000e+03,1.200000000000000000e+01,3.000000000000000000e+00,1.800000000000000000e+01,4.500000000000000000e+01,2.905685400000000129e+01
4.001512199834999706e+01,-8.302933098366999332e+01,2.240099999999999980e+00,-8.555000000000000382e-01,7.837701785065600557e-01,-2.935431387101800071e-01,1.138075220649399921e-01,9.407791709999999696e-01,8.301316909999999494e-01,3.389174232350000011e+02,2.024000000000000000e+03,1.200000000000000000e+01,3.000000000000000000e+00,1.800000000000000000e+01,4.500000000000000000e+01,2.911580000000000013e+01
4.001512340837999915e+01,-8.302933167371000422e+01,2.232699999999999907e+00,-8.454000000000000403e-01,8.114623540040000194e-03,-1.601862299985800098e-01,3.648758313593999936e-01,1.039837560000000050e+00,8.335162120000000341e-01,3.389154132479999930e+02,2.024000000000000000e+03,1.200000000000000000e+01,3.000000000000000000e+00,1.800000000000000000e+01,4.500000000000000000e+01,2.917441099999999921e+01
4.001512440607000087e+01,-8.302933217553000134e+01,2.202300000000000146e+00,-8.813999999999999613e-01,-1.887865028835800096e+00,-4.775721347196999478e-01,1.756970884330200100e-01,1.078846221000000050e+00,8.522066740000000529e-01,3.389323403739999776e+02,2.024000000000000000e+03,1.200000000000000000e+01,3.000000000000000000e+00,1.800000000000000000e+01,4.500000000000000000e+01,2.923099900000000062e+01
4.001512558993000113e+01,-8.302933280835000573e+01,2.183899999999999952e+00,-9.180000000000000382e-01,-8.474678820566799997e-01,-1.326142741384799817e-01,-9.924116650540000528e-03,9.527198009999999773e-01,8.939170600000000411e-01,3.389542959030000020e+02,2.024000000000000000e+03,1.200000000000000000e+01,3.000000000000000000e+00,1.800000000000000000e+01,4.500000000000000000e+01,2.928715499999999849e+01
4.001512657773999848e+01,-8.302933333626999968e+01,2.202500000000000124e+00,-8.949000000000000288e-01,1.159847853064360113e+00,3.417488370354799798e-01,5.859351711567999804e-02,8.545482309999999915e-01,9.086311820000000372e-01,3.389633778809999853e+02,2.024000000000000000e+03,1.200000000000000000e+01,3.000000000000000000e+00,1.800000000000000000e+01,4.500000000000000000e+01,2.934295300000000140e+01
4.001512777191999959e+01,-8.302933395182000709e+01,2.215300000000000047e+00,-8.690999999999999837e-01,8.605213762217999163e-01,3.290825950721999738e-02,-3.343508414704000203e-02,8.589810180000000406e-01,8.922925250000000030e-01,3.389600359980000235e+02,2.024000000000000000e+03,1.200000000000000000e+01,3.000000000000000000e+00,1.800000000000000000e+01,4.500000000000000000e+01,2.940065099999999987e+01
4.001512896402000052e+01,-8.302933456376000265e+01,2.198900000000000077e+00,-8.773999999999999577e-01,-3.365216765845600033e-01,-4.041353046496600210e-01,-2.023146941828399825e-01,8.528108229999999956e-01,8.819668459999999710e-01,3.389497074139999881e+02,2.024000000000000000e+03,1.200000000000000000e+01,3.000000000000000000e+00,1.800000000000000000e+01,4.500000000000000000e+01,2.945808099999999996e+01
4.001512995355999891e+01,-8.302933506946000364e+01,2.196899999999999853e+00,-8.594000000000000528e-01,6.324305448206000158e-01,-2.853972082337200011e-01,1.140918769558399992e-01,8.121135550000000425e-01,8.971774500000000430e-01,3.389448500920000242e+02,2.024000000000000000e+03,1.200000000000000000e+01,3.000000000000000000e+00,1.800000000000000000e+01,4.500000000000000000e+01,2.951355399999999918e+01
4.001513114293000228e+01,-8.302933565825000528e+01,2.205999999999999961e+00,-8.280999999999999472e-01,9.870768331773600579e-01,-3.114961637721999979e-02,-1.377217802970399918e-01,8.254294279999999651e-01,9.148077690000000484e-01,3.389339533680000045e+02,2.024000000000000000e+03,1.200000000000000000e+01,3.000000000000000000e+00,1.800000000000000000e+01,4.500000000000000000e+01,2.957014900000000068e+01
4.001513233456999785e+01,-8.302933623181999678e+01,2.205900000000000194e+00,-8.154000000000000137e-01,2.104475034353999741e-01,-1.301586355003599982e-01,-2.631861529069000061e-01,9.082957990000000148e-01,9.208401990000000259e-01,3.389163525010000058e+02,2.024000000000000000e+03,1.200000000000000000e+01,3.000000000000000000e+00,1.800000000000000000e+01,4.500000000000000000e+01,2.962593299999999985e+01
4.001513332353999886e+01,-8.302933670999000526e+01,2.187800000000000189e+00,-8.248999999999999666e-01,-5.912563294122999968e-01,-5.564617851213000677e-01,4.455682712727999928e-02,9.784982700000000033e-01,9.219451419999999953e-01,3.389155996819999928e+02,2.024000000000000000e+03,1.200000000000000000e+01,3.000000000000000000e+00,1.800000000000000000e+01,4.500000000000000000e+01,2.968198699999999945e+01
4.001513450080999945e+01,-8.302933728979999728e+01,2.170199999999999907e+00,-8.317999999999999838e-01,-3.748447788637799816e-01,-4.560985477563599955e-01,5.205987042099999296e-03,1.019323656000000078e+00,9.419172040000000079e-01,3.389187143149999883e+02,2.024000000000000000e+03,1.200000000000000000e+01,3.000000000000000000e+00,1.800000000000000000e+01,4.500000000000000000e+01,2.974090400000000045e+01
4.001513567146000128e+01,-8.302933787841999447e+01,2.159499999999999975e+00,-8.478999999999999870e-01,-5.891578737092200146e-01,-2.749770925679400069e-01,1.376723109504200127e-01,1.036291595000000010e+00,9.555793390000000276e-01,3.389242117929999836e+02,2.024000000000000000e+03,1.200000000000000000e+01,3.000000000000000000e+00,1.800000000000000000e+01,4.500000000000000000e+01,2.979720899999999872e+01
4.001513664085000244e+01,-8.302933837560000541e+01,2.146300000000000097e+00,-8.552999999999999492e-01,-3.524206263983000187e-01,-4.382502433890599347e-01,-1.081157928943599911e-01,1.023954709999999935e+00,9.674220890000000406e-01,3.389213337819999765e+02,2.024000000000000000e+03,1.200000000000000000e+01,3.000000000000000000e+00,1.800000000000000000e+01,4.500000000000000000e+01,2.985433599999999998e+01
4.001513779801999959e+01,-8.302933897449000256e+01,2.141000000000000014e+00,-8.559999999999999831e-01,3.833536903323999517e-02,-1.203250919326000028e-02,-9.340395162438000498e-02,1.004847229999999980e+00,9.990991580000000427e-01,3.389156739000000016e+02,2.024000000000000000e+03,1.200000000000000000e+01,3.000000000000000000e+00,1.800000000000000000e+01,4.500000000000000000e+01,2.990990299999999991e+01
4.001513875893999739e+01,-8.302933947756000066e+01,2.132200000000000095e+00,-8.627000000000000224e-01,-9.520139251747999909e-02,-1.693714031111999974e-01,3.892286235619399903e-01,9.720586979999999988e-01,1.016044485999999969e+00,3.389201068450000207e+02,2.024000000000000000e+03,1.200000000000000000e+01,3.000000000000000000e+00,1.800000000000000000e+01,4.500000000000000000e+01,2.996552199999999999e+01
4.001513914233999714e+01,-8.302933967932000314e+01,2.127499999999999947e+00,-8.642999999999999572e-01,-2.278727867842400001e-01,-2.726325845738399867e-01,-8.654649390863999869e-02,9.580760120000000324e-01,1.008975729000000099e+00,3.389228032660000167e+02,2.024000000000000000e+03,1.200000000000000000e+01,3.000000000000000000e+00,1.800000000000000000e+01,4.500000000000000000e+01,3.002151699999999934e+01
4.001514067541999964e+01,-8.302934046171000659e+01,2.129700000000000149e+00,-8.113000000000000211e-01,2.401261062427920034e+00,-7.247241943791600249e-01,6.947973064783399266e-01,9.361393359999999886e-01,1.005945435000000110e+00,3.389232767049999779e+02,2.024000000000000000e+03,1.200000000000000000e+01,3.000000000000000000e+00,1.800000000000000000e+01,4.500000000000000000e+01,3.007779899999999884e+01
4.001514221192999798e+01,-8.302934122435999598e+01,2.131099999999999994e+00,-8.082000000000000295e-01,-1.038152990120800034e-01,-8.394969508344000964e-02,3.921920122908000017e-02,1.007621533000000014e+00,9.778811120000000523e-01,3.389213166569999771e+02,2.024000000000000000e+03,1.200000000000000000e+01,3.000000000000000000e+00,1.800000000000000000e+01,4.500000000000000000e+01,3.013450999999999880e+01
4.001514316670999705e+01,-8.302934170756999777e+01,2.111499999999999932e+00,-8.257999999999999785e-01,-7.295855542295799356e-01,-4.177931401022400570e-01,-5.659966779100199519e-01,1.015158618000000068e+00,9.662452040000000242e-01,3.389398435499999778e+02,2.024000000000000000e+03,1.200000000000000000e+01,3.000000000000000000e+00,1.800000000000000000e+01,4.500000000000000000e+01,3.019061400000000006e+01
4.001514430336000316e+01,-8.302934229016000245e+01,2.095499999999999918e+00,-8.185999999999999943e-01,2.050688375619599824e-01,-5.488225231417800387e-01,-1.203014109449600105e-01,9.877436179999999899e-01,9.709677820000000015e-01,3.389518191469999806e+02,2.024000000000000000e+03,1.200000000000000000e+01,3.000000000000000000e+00,1.800000000000000000e+01,4.500000000000000000e+01,3.024731600000000142e+01
4.001514543300000071e+01,-8.302934287028000426e+01,2.085700000000000109e+00,-8.195999999999999952e-01,-2.099694853944000100e-02,-2.360658173181799935e-01,-2.366161882127200133e-01,9.717133850000000406e-01,9.794812769999999835e-01,3.389397729469999945e+02,2.024000000000000000e+03,1.200000000000000000e+01,3.000000000000000000e+00,1.800000000000000000e+01,4.500000000000000000e+01,3.030619499999999888e+01
4.001514637177000111e+01,-8.302934335340999894e+01,2.082599999999999785e+00,-8.235999999999999988e-01,-2.527494738968800170e-01,4.088644037642000240e-02,3.082765175095800170e-01,9.722960910000000290e-01,9.762243849999999723e-01,3.389352622200000269e+02,2.024000000000000000e+03,1.200000000000000000e+01,3.000000000000000000e+00,1.800000000000000000e+01,4.500000000000000000e+01,3.036170600000000164e+01
4.001514749948000116e+01,-8.302934394068999779e+01,2.084200000000000053e+00,-8.314000000000000279e-01,-1.741188273140200082e-01,-3.376961083867999897e-02,4.213652693731200216e-01,9.590871370000000340e-01,9.180192150000000550e-01,3.389400946449999878e+02,2.024000000000000000e+03,1.200000000000000000e+01,3.000000000000000000e+00,1.800000000000000000e+01,4.500000000000000000e+01,3.041687599999999847e+01
4.001514824921000013e+01,-8.302934433167000350e+01,2.076000000000000068e+00,-8.257999999999999785e-01,2.005864942065400114e-01,-4.902278932604999806e-01,-2.164948905981999849e-01,9.444608070000000133e-01,8.667064859999999982e-01,3.389465521609999996e+02,2.024000000000000000e+03,1.200000000000000000e+01,3.000000000000000000e+00,1.800000000000000000e+01,4.500000000000000000e+01,3.047253100000000003e+01
4.001514955678000263e+01,-8.302934499490000064e+01,2.074699999999999989e+00,-7.809000000000000385e-01,1.359936967683619935e+00,-3.911809092808800070e-01,-4.525966009277599955e-01,9.446084820000000271e-01,8.308010219999999446e-01,3.389428779200000008e+02,2.024000000000000000e+03,1.200000000000000000e+01,3.000000000000000000e+00,1.800000000000000000e+01,4.500000000000000000e+01,3.052911800000000042e+01
4.001515067806000303e+01,-8.302934553929000572e+01,2.072999999999999954e+00,-7.573999999999999622e-01,7.448263646581999575e-01,-3.703388959804400082e-01,-3.139268180183200085e-01,1.025509972000000047e+00,8.125924490000000500e-01,3.389332851600000254e+02,2.024000000000000000e+03,1.200000000000000000e+01,3.000000000000000000e+00,1.800000000000000000e+01,4.500000000000000000e+01,3.058619799999999955e+01
4.001515160596999721e+01,-8.302934598746000461e+01,2.047600000000000087e+00,-7.633999999999999675e-01,-6.153165575743599902e-01,-8.459279953173399758e-01,-1.052895282285200018e-01,1.100244865999999933e+00,8.103238090000000060e-01,3.389346824489999790e+02,2.024000000000000000e+03,1.200000000000000000e+01,3.000000000000000000e+00,1.800000000000000000e+01,4.500000000000000000e+01,3.064195300000000088e+01
4.001515270581000294e+01,-8.302934653478000371e+01,2.019699999999999829e+00,-7.841000000000000192e-01,-1.005100348206660055e+00,-6.755601831240800603e-01,2.397148582936999839e-01,1.121150614999999906e+00,8.264196169999999952e-01,3.389519008629999917e+02,2.024000000000000000e+03,1.200000000000000000e+01,3.000000000000000000e+00,1.800000000000000000e+01,4.500000000000000000e+01,3.069870399999999933e+01
4.001515379840999742e+01,-8.302934708981000256e+01,2.018299999999999983e+00,-7.903999999999999915e-01,-3.397956475085400219e-01,-3.203009321803999832e-02,2.281119513627799800e-01,1.120323540000000007e+00,8.372506889999999924e-01,3.389738187930000208e+02,2.024000000000000000e+03,1.200000000000000000e+01,3.000000000000000000e+00,1.800000000000000000e+01,4.500000000000000000e+01,3.075534899999999894e+01
4.001515470844999811e+01,-8.302934755587000382e+01,2.019400000000000084e+00,-7.943000000000000060e-01,-1.844803806254400047e-01,5.140555115576000283e-02,-2.697907628762399868e-01,1.135141262999999956e+00,8.257605860000000186e-01,3.389826063219999810e+02,2.024000000000000000e+03,1.200000000000000000e+01,3.000000000000000000e+00,1.800000000000000000e+01,4.500000000000000000e+01,3.081057799999999958e+01
4.001515561512000119e+01,-8.302934802782999668e+01,2.009199999999999875e+00,-8.078999999999999515e-01,-5.502489873718400260e-01,-8.903559911823999418e-02,2.884716502369999783e-02,1.121270253000000050e+00,8.052681000000000422e-01,3.389766530019999777e+02,2.024000000000000000e+03,1.200000000000000000e+01,3.000000000000000000e+00,1.800000000000000000e+01,4.500000000000000000e+01,3.086617499999999836e+01
4.001515669807000108e+01,-8.302934859908999954e+01,1.999100000000000099e+00,-8.084999999999999964e-01,-1.752824008340000180e-03,-2.729218819166800425e-01,1.859838081890400063e-01,1.066934459999999918e+00,7.651428599999999802e-01,3.389727346660000080e+02,2.024000000000000000e+03,1.200000000000000000e+01,3.000000000000000000e+00,1.800000000000000000e+01,4.500000000000000000e+01,3.092323700000000031e+01
4.001515741872999854e+01,-8.302934897494999689e+01,1.998199999999999976e+00,-7.939000000000000501e-01,4.908882348366200299e-01,-2.787982003563000410e-01,-1.731180851277199784e-01,1.049081641999999981e+00,7.359632059999999809e-01,3.389809046029999990e+02,2.024000000000000000e+03,1.200000000000000000e+01,3.000000000000000000e+00,1.800000000000000000e+01,4.500000000000000000e+01,3.098063399999999845e+01
4.001515813567999658e+01,-8.302934934940999767e+01,1.985500000000000043e+00,-7.945999999999999730e-01,-4.440776985105999997e-02,-2.133118889439000188e-01,-4.238082150992000113e-02,1.034599888000000023e+00,7.294145340000000033e-01,3.389929492499999810e+02,2.024000000000000000e+03,1.200000000000000000e+01,3.000000000000000000e+00,1.800000000000000000e+01,4.500000000000000000e+01,3.103723099999999846e+01
4.001515938168000019e+01,-8.302934999881999545e+01,1.966900000000000093e+00,-7.834999999999999742e-01,1.313337014610400089e-01,-5.535436569492400150e-01,1.239520620714599924e-01,1.013236164000000050e+00,7.231707200000000446e-01,3.390051368580000144e+02,2.024000000000000000e+03,1.200000000000000000e+01,3.000000000000000000e+00,1.800000000000000000e+01,4.500000000000000000e+01,3.109297199999999961e+01
4.001516062113000061e+01,-8.302935063702000207e+01,1.960199999999999942e+00,-7.785999999999999588e-01,-4.564439339542000068e-02,-1.820305922454399927e-01,-1.720205822251399952e-01,9.798207039999999868e-01,7.324139910000000420e-01,3.389916477040000018e+02,2.024000000000000000e+03,1.200000000000000000e+01,3.000000000000000000e+00,1.800000000000000000e+01,4.500000000000000000e+01,3.114967599999999948e+01
4.001516185340000220e+01,-8.302935127214999511e+01,1.945300000000000029e+00,-7.752999999999999892e-01,-8.385363958786000438e-02,-4.492067997631199461e-01,-7.353679926345998985e-02,9.277761079999999883e-01,7.290157849999999717e-01,3.389757885710000096e+02,2.024000000000000000e+03,1.200000000000000000e+01,3.000000000000000000e+00,1.800000000000000000e+01,4.500000000000000000e+01,3.120576799999999906e+01
4.001516272907999650e+01,-8.302935171881000542e+01,1.937999999999999945e+00,-7.574999999999999512e-01,4.489457087089999687e-01,-5.463895902599200660e-01,2.799067239811999647e-02,9.115930389999999939e-01,7.322257269999999929e-01,3.389812702159999844e+02,2.024000000000000000e+03,1.200000000000000000e+01,3.000000000000000000e+00,1.800000000000000000e+01,4.500000000000000000e+01,3.126133700000000104e+01
4.001516377731999796e+01,-8.302935224294000705e+01,1.928700000000000081e+00,-7.489999999999999991e-01,-3.464250517013600095e-01,-5.583601949497200012e-01,-2.453445240196799881e-01,9.527201990000000453e-01,7.285230900000000398e-01,3.390012267430000179e+02,2.024000000000000000e+03,1.200000000000000000e+01,3.000000000000000000e+00,1.800000000000000000e+01,4.500000000000000000e+01,3.131812000000000040e+01
4.001516464723000155e+01,-8.302935267956999610e+01,1.927100000000000035e+00,-7.465000000000000524e-01,6.622509888072000694e-02,-1.942043965271200157e-01,-6.784685687742000870e-02,9.725082659999999546e-01,7.302777489999999760e-01,3.390242270100000042e+02,2.024000000000000000e+03,1.200000000000000000e+01,3.000000000000000000e+00,1.800000000000000000e+01,4.500000000000000000e+01,3.137444100000000091e+01
4.001516586022999888e+01,-8.302935329016000310e+01,1.923799999999999955e+00,-7.389999999999999902e-01,6.066975082391999896e-01,-5.661418435688000267e-02,-5.976622011380000252e-03,9.588672440000000075e-01,7.281081449999999844e-01,3.390295426939999857e+02,2.024000000000000000e+03,1.200000000000000000e+01,3.000000000000000000e+00,1.800000000000000000e+01,4.500000000000000000e+01,3.143391300000000044e+01
4.001516672406000197e+01,-8.302935372365999456e+01,1.910900000000000043e+00,-7.433999999999999497e-01,-2.459837273229399934e-01,-3.822072640828400036e-01,5.973884706773999881e-02,9.686014520000000294e-01,7.137173730000000438e-01,3.390249257529999909e+02,2.024000000000000000e+03,1.200000000000000000e+01,3.000000000000000000e+00,1.800000000000000000e+01,4.500000000000000000e+01,3.149101599999999834e+01
4.001516758076999736e+01,-8.302935415749000470e+01,1.894400000000000084e+00,-7.379999999999999893e-01,1.326987360218200018e-01,-6.322519166401600055e-01,1.967021548752200255e-01,9.580280949999999685e-01,7.141195519999999908e-01,3.390202324190000240e+02,2.024000000000000000e+03,1.200000000000000000e+01,3.000000000000000000e+00,1.800000000000000000e+01,4.500000000000000000e+01,3.154734200000000044e+01
4.001516876568000214e+01,-8.302935476486000255e+01,1.860500000000000043e+00,-7.475000000000000533e-01,-6.409346297183199370e-01,-8.085669003275799405e-01,-1.447879497802800064e-01,9.459456179999999881e-01,7.484195449999999639e-01,3.390221427960000256e+02,2.024000000000000000e+03,1.200000000000000000e+01,3.000000000000000000e+00,1.800000000000000000e+01,4.500000000000000000e+01,3.160362100000000041e+01
4.001516960344999774e+01,-8.302935519963999411e+01,1.852300000000000058e+00,-7.465000000000000524e-01,-2.884991321075000004e-01,-3.882006404858999726e-01,-2.800001457238799896e-01,9.147757490000000269e-01,8.010247539999999500e-01,3.390354984850000051e+02,2.024000000000000000e+03,1.200000000000000000e+01,3.000000000000000000e+00,1.800000000000000000e+01,4.500000000000000000e+01,3.166299400000000119e+01
4.001517060721999997e+01,-8.302935571861999620e+01,1.857099999999999973e+00,-7.365000000000000435e-01,3.542554202172800148e-01,2.420552954119999881e-03,1.153019471021200087e-01,8.800498340000000308e-01,8.486508489999999849e-01,3.390522157870000228e+02,2.024000000000000000e+03,1.200000000000000000e+01,3.000000000000000000e+00,1.800000000000000000e+01,4.500000000000000000e+01,3.172019500000000036e+01
4.001517161342000151e+01,-8.302935622907000379e+01,1.863699999999999912e+00,-7.183000000000000496e-01,7.497678488929799823e-01,-1.761440431192000042e-02,1.052208627723399958e-01,8.662385759999999824e-01,8.648760460000000094e-01,3.390529402619999928e+02,2.024000000000000000e+03,1.200000000000000000e+01,3.000000000000000000e+00,1.800000000000000000e+01,4.500000000000000000e+01,3.177648800000000051e+01
4.001517245336999906e+01,-8.302935663981000403e+01,1.864400000000000057e+00,-6.894000000000000128e-01,1.093900236310360041e+00,-3.448556698623199690e-01,-1.990375105514200216e-01,8.977062810000000503e-01,8.778396309999999536e-01,3.390400912289999837e+02,2.024000000000000000e+03,1.200000000000000000e+01,3.000000000000000000e+00,1.800000000000000000e+01,4.500000000000000000e+01,3.183259699999999981e+01
4.001517346191999991e+01,-8.302935711656999729e+01,1.867899999999999894e+00,-6.706999999999999629e-01,6.360324026362799144e-01,-2.110943548215999874e-02,6.011411619399999184e-02,9.932771529999999682e-01,8.962384490000000481e-01,3.390322284999999738e+02,2.024000000000000000e+03,1.200000000000000000e+01,3.000000000000000000e+00,1.800000000000000000e+01,4.500000000000000000e+01,3.188891299999999873e+01
4.001517447004999894e+01,-8.302935759458999598e+01,1.856100000000000083e+00,-6.939999999999999503e-01,-1.050259526950499955e+00,-2.088032540077799926e-01,3.270476271524199730e-01,1.080356921999999997e+00,8.804377049999999594e-01,3.390479836700000078e+02,2.024000000000000000e+03,1.200000000000000000e+01,3.000000000000000000e+00,1.800000000000000000e+01,4.500000000000000000e+01,3.194632999999999967e+01
4.001517463732000124e+01,-8.302935767558000180e+01,1.854100000000000081e+00,-6.965999999999999970e-01,-8.423454388142199711e-01,-2.052549219170400063e-01,2.179791945880599768e-01,1.084660321999999955e+00,8.787589860000000197e-01,3.390531463379999764e+02,2.024000000000000000e+03,1.200000000000000000e+01,3.000000000000000000e+00,1.800000000000000000e+01,4.500000000000000000e+01,3.200333200000000033e+01
4.001517563214000006e+01,-8.302935817220000558e+01,1.828699999999999992e+00,-7.144000000000000350e-01,-5.839474658618799552e-01,-5.471303529674599320e-01,1.776228934954799943e-01,1.057715895000000073e+00,8.730975309999999823e-01,3.390785519319999821e+02,2.024000000000000000e+03,1.200000000000000000e+01,3.000000000000000000e+00,1.800000000000000000e+01,4.500000000000000000e+01,3.205962000000000245e+01
4.001517678660999877e+01,-8.302935875378000219e+01,1.826500000000000012e+00,-7.144000000000000350e-01,-3.040101527297200401e-01,-8.381485481219999589e-02,-1.234743496639799931e-01,1.051272591000000034e+00,8.978425840000000546e-01,3.390804038439999886e+02,2.024000000000000000e+03,1.200000000000000000e+01,3.000000000000000000e+00,1.800000000000000000e+01,4.500000000000000000e+01,3.211549200000000326e+01
4.001517810096999739e+01,-8.302935943433000432e+01,1.819800000000000084e+00,-7.419999999999999929e-01,-6.319254787624800640e-01,7.312204374925999895e-02,-2.750981640973800268e-01,1.035573381000000071e+00,9.248663940000000361e-01,3.390620295460000193e+02,2.024000000000000000e+03,1.200000000000000000e+01,3.000000000000000000e+00,1.800000000000000000e+01,4.500000000000000000e+01,3.217168499999999653e+01
4.001517908566999893e+01,-8.302935995596000396e+01,1.821700000000000097e+00,-7.468000000000000194e-01,-7.562496629798000358e-02,8.582879733318000970e-02,-1.611467804164000150e-01,9.588881460000000523e-01,9.390581049999999763e-01,3.390494917689999852e+02,2.024000000000000000e+03,1.200000000000000000e+01,3.000000000000000000e+00,1.800000000000000000e+01,4.500000000000000000e+01,3.222730899999999821e+01
4.001517990714999939e+01,-8.302936038805999885e+01,1.823600000000000110e+00,-7.367000000000000215e-01,3.108063103358399970e-01,-9.041046455578000129e-02,-7.319191569963999500e-02,8.962776220000000515e-01,9.521875939999999705e-01,3.390527885519999813e+02,2.024000000000000000e+03,1.200000000000000000e+01,3.000000000000000000e+00,1.800000000000000000e+01,4.500000000000000000e+01,3.228318500000000313e+01
4.001518089548999768e+01,-8.302936090372000422e+01,1.832300000000000040e+00,-7.340999999999999748e-01,2.015394415035400011e-01,2.312092845559000076e-01,2.211291252936800067e-01,8.596197239999999740e-01,9.718734679999999626e-01,3.390888868110000089e+02,2.024000000000000000e+03,1.200000000000000000e+01,3.000000000000000000e+00,1.800000000000000000e+01,4.500000000000000000e+01,3.234170799999999701e+01
4.001518188882000260e+01,-8.302936141668000403e+01,1.840100000000000069e+00,-7.315000000000000391e-01,6.127679032485999766e-02,1.523803581244199956e-01,-3.359671882599999868e-03,8.624063320000000532e-01,9.683218970000000425e-01,3.391345869799999946e+02,2.024000000000000000e+03,1.200000000000000000e+01,3.000000000000000000e+00,1.800000000000000000e+01,4.500000000000000000e+01,3.239721399999999818e+01
4.001518288474999707e+01,-8.302936192907999668e+01,1.845099999999999962e+00,-7.276000000000000245e-01,3.162184630100799976e-01,8.975317575117999769e-02,-1.587904118300400014e-01,8.419345929999999534e-01,9.604017580000000498e-01,3.391442859370000065e+02,2.024000000000000000e+03,1.200000000000000000e+01,3.000000000000000000e+00,1.800000000000000000e+01,4.500000000000000000e+01,3.245646099999999734e+01
4.001518371568000276e+01,-8.302936235241000418e+01,1.844999999999999973e+00,-7.175000000000000266e-01,5.630960039416399443e-01,-1.673171322462400079e-01,1.757641528691200050e-01,8.221071460000000108e-01,9.549182250000000094e-01,3.391288931400000024e+02,2.024000000000000000e+03,1.200000000000000000e+01,3.000000000000000000e+00,1.800000000000000000e+01,4.500000000000000000e+01,3.251362100000000055e+01
4.001518454738999964e+01,-8.302936276842000041e+01,1.846600000000000019e+00,-7.083000000000000407e-01,3.086310908029599731e-01,-6.236038134528000543e-02,5.328391474111799919e-01,8.231456769999999645e-01,9.428089139999999979e-01,3.391090880770000240e+02,2.024000000000000000e+03,1.200000000000000000e+01,3.000000000000000000e+00,1.800000000000000000e+01,4.500000000000000000e+01,3.257002399999999653e+01
4.001518571095999732e+01,-8.302936334570000554e+01,1.840999999999999970e+00,-7.083000000000000407e-01,-2.031196375292399769e-01,-1.525716361855599945e-01,3.251436937149599915e-01,8.362759950000000497e-01,9.407068240000000525e-01,3.391060991040000090e+02,2.024000000000000000e+03,1.200000000000000000e+01,3.000000000000000000e+00,1.800000000000000000e+01,4.500000000000000000e+01,3.262516600000000011e+01
4.001518653992000196e+01,-8.302936376427000198e+01,1.840600000000000014e+00,-7.221999999999999531e-01,-4.238768956166200641e-01,2.137921749194199861e-01,1.173985387246799933e-01,8.302214810000000389e-01,9.381736840000000077e-01,3.391255064179999863e+02,2.024000000000000000e+03,1.200000000000000000e+01,3.000000000000000000e+00,1.800000000000000000e+01,4.500000000000000000e+01,3.267957899999999682e+01
4.001518753569000353e+01,-8.302936426943999493e+01,1.844500000000000028e+00,-7.219999999999999751e-01,-2.458735648359999804e-02,1.860814606744199962e-01,-3.570280358913999752e-01,8.148447519999999500e-01,9.270166549999999672e-01,3.391412770740000155e+02,2.024000000000000000e+03,1.200000000000000000e+01,3.000000000000000000e+00,1.800000000000000000e+01,4.500000000000000000e+01,3.273716199999999787e+01
4.001518853355000260e+01,-8.302936477352000111e+01,1.847199999999999953e+00,-7.173000000000000487e-01,1.666251623167999962e-01,3.313112980105999833e-02,-4.230756836073599758e-01,8.123380890000000409e-01,9.089159279999999841e-01,3.391335480839999832e+02,2.024000000000000000e+03,1.200000000000000000e+01,3.000000000000000000e+00,1.800000000000000000e+01,4.500000000000000000e+01,3.279639000000000237e+01
4.001518952989999889e+01,-8.302936527640000008e+01,1.841099999999999959e+00,-7.157999999999999918e-01,9.743168384096000112e-02,-1.453083909089600001e-01,6.052389568920000379e-02,8.121342639999999946e-01,8.988231020000000404e-01,3.391206972599999858e+02,2.024000000000000000e+03,1.200000000000000000e+01,3.000000000000000000e+00,1.800000000000000000e+01,4.500000000000000000e+01,3.285626700000000255e+01
4.001519035910000355e+01,-8.302936569137000333e+01,1.838999999999999968e+00,-7.069999999999999618e-01,2.392010058475000089e-01,-2.091772333323400068e-01,2.348334680863800039e-01,8.191151749999999732e-01,8.926227239999999785e-01,3.391190265939999904e+02,2.024000000000000000e+03,1.200000000000000000e+01,3.000000000000000000e+00,1.800000000000000000e+01,4.500000000000000000e+01,3.291389499999999657e+01
4.001519119078000131e+01,-8.302936610359999747e+01,1.849900000000000100e+00,-7.029999999999999583e-01,3.132519329579999678e-01,2.401635460388400201e-01,3.037501089731600157e-01,8.400338560000000232e-01,8.794607770000000269e-01,3.391317981000000259e+02,2.024000000000000000e+03,1.200000000000000000e+01,3.000000000000000000e+00,1.800000000000000000e+01,4.500000000000000000e+01,3.297142500000000354e+01
4.001519152456000228e+01,-8.302936626765999506e+01,1.853900000000000103e+00,-7.015000000000000124e-01,2.379662513698999893e-01,3.003402115828800456e-01,1.015442593348800104e-01,8.521922709999999457e-01,8.746497410000000361e-01,3.391387386509999828e+02,2.024000000000000000e+03,1.200000000000000000e+01,3.000000000000000000e+00,1.800000000000000000e+01,4.500000000000000000e+01,3.303057700000000096e+01
4.001519285932999992e+01,-8.302936692628000515e+01,1.846600000000000019e+00,-7.139999999999999680e-01,-6.325310228717400118e-01,-1.209884053997000025e-01,-1.125602432650199963e-01,8.763940580000000313e-01,8.359262130000000290e-01,3.391551800729999968e+02,2.024000000000000000e+03,1.200000000000000000e+01,3.000000000000000000e+00,1.800000000000000000e+01,4.500000000000000000e+01,3.308856300000000061e+01
4.001519418369999670e+01,-8.302936760096000057e+01,1.829900000000000082e+00,-7.247000000000000108e-01,-2.146698892441999823e-02,-1.977900511250799687e-01,-1.605471084945800098e-01,8.118192210000000353e-01,8.267847090000000065e-01,3.391507110989999774e+02,2.024000000000000000e+03,1.200000000000000000e+01,3.000000000000000000e+00,1.800000000000000000e+01,4.500000000000000000e+01,3.314779399999999754e+01
4.001519534154999747e+01,-8.302936819530999912e+01,1.836899999999999977e+00,-7.264000000000000457e-01,4.847797048699999806e-02,2.074117813126200027e-01,-3.199685958556000021e-01,7.788582870000000380e-01,8.245697309999999725e-01,3.391356954319999772e+02,2.024000000000000000e+03,1.200000000000000000e+01,3.000000000000000000e+00,1.800000000000000000e+01,4.500000000000000000e+01,3.320689899999999994e+01
4.001519617068999679e+01,-8.302936862122000150e+01,1.838799999999999990e+00,-7.329999999999999849e-01,-2.870394725764000010e-01,1.588399627726199970e-01,-3.585181462278599906e-01,7.647334780000000221e-01,8.174958839999999505e-01,3.391231496569999990e+02,2.024000000000000000e+03,1.200000000000000000e+01,3.000000000000000000e+00,1.800000000000000000e+01,4.500000000000000000e+01,3.326399500000000131e+01
4.001519716301000074e+01,-8.302936913630000504e+01,1.827399999999999913e+00,-7.400999999999999801e-01,-5.177607182630000748e-01,-2.553122256717599847e-01,3.392211980048000231e-02,7.260156159999999748e-01,8.139146659999999533e-01,3.391270216350000055e+02,2.024000000000000000e+03,1.200000000000000000e+01,3.000000000000000000e+00,1.800000000000000000e+01,4.500000000000000000e+01,3.332377600000000228e+01
4.001519815241000089e+01,-8.302936965351000254e+01,1.826999999999999957e+00,-7.347000000000000197e-01,1.968584392239200176e-01,-8.482012220647999756e-02,2.792671063983199753e-01,6.619419949999999497e-01,8.178279040000000499e-01,3.391424257610000268e+02,2.024000000000000000e+03,1.200000000000000000e+01,3.000000000000000000e+00,1.800000000000000000e+01,4.500000000000000000e+01,3.338238700000000136e+01
4.001519914325999849e+01,-8.302937015895000172e+01,1.833399999999999919e+00,-7.109999999999999654e-01,7.415659012081600165e-01,-6.918757415604000205e-02,2.478567191516000134e-01,6.417036040000000385e-01,8.313995330000000239e-01,3.391507508409999900e+02,2.024000000000000000e+03,1.200000000000000000e+01,3.000000000000000000e+00,1.800000000000000000e+01,4.500000000000000000e+01,3.343892799999999710e+01
4.001520013839000001e+01,-8.302937065161999897e+01,1.841299999999999937e+00,-6.983000000000000318e-01,2.802193084873400020e-01,7.074662823760000108e-02,7.618957917396000645e-02,6.853310769999999552e-01,8.395429699999999995e-01,3.391460650029999897e+02,2.024000000000000000e+03,1.200000000000000000e+01,3.000000000000000000e+00,1.800000000000000000e+01,4.500000000000000000e+01,3.349768499999999705e+01
4.001520113413000246e+01,-8.302937114236999605e+01,1.836300000000000043e+00,-7.052000000000000490e-01,-4.921535841907199726e-01,-1.043852398868000131e-01,-1.212631950946599924e-01,7.213045249999999742e-01,8.463338590000000217e-01,3.391370650490000003e+02,2.024000000000000000e+03,1.200000000000000000e+01,3.000000000000000000e+00,1.800000000000000000e+01,4.500000000000000000e+01,3.355475700000000217e+01
4.001520195973999705e+01,-8.302937155653999923e+01,1.826699999999999990e+00,-7.144000000000000350e-01,-5.491894589151199435e-01,-1.751842087705599849e-01,-3.012477698645600332e-01,7.030375429999999870e-01,8.698779460000000130e-01,3.391353731250000010e+02,2.024000000000000000e+03,1.200000000000000000e+01,3.000000000000000000e+00,1.800000000000000000e+01,4.500000000000000000e+01,3.361162300000000158e+01
4.001520295104000269e+01,-8.302937205368000662e+01,1.834699999999999998e+00,-7.075000000000000178e-01,1.585930722674799842e-01,1.738129393990799909e-01,-1.468051355378600098e-01,6.857316039999999946e-01,8.921912990000000487e-01,3.391391084680000176e+02,2.024000000000000000e+03,1.200000000000000000e+01,3.000000000000000000e+00,1.800000000000000000e+01,4.500000000000000000e+01,3.367192399999999708e+01
4.001520394674999892e+01,-8.302937254530999667e+01,1.842000000000000082e+00,-6.995999999999999996e-01,1.630816358849200010e-01,6.520040390482000070e-02,-1.267213754068199916e-01,7.229641949999999762e-01,8.976033230000000085e-01,3.391391667070000153e+02,2.024000000000000000e+03,1.200000000000000000e+01,3.000000000000000000e+00,1.800000000000000000e+01,4.500000000000000000e+01,3.372946300000000264e+01
4.001520494137999862e+01,-8.302937304300999699e+01,1.836000000000000076e+00,-7.164000000000000368e-01,-4.831882044581000124e-01,2.967788794823999696e-02,7.338219906465999476e-02,7.426617500000000094e-01,8.982090689999999711e-01,3.391374700910000115e+02,2.024000000000000000e+03,1.200000000000000000e+01,3.000000000000000000e+00,1.800000000000000000e+01,4.500000000000000000e+01,3.378914000000000328e+01
4.001520593320000074e+01,-8.302937354812000592e+01,1.830400000000000027e+00,-7.235000000000000320e-01,-3.271621959829600357e-01,-9.574728894099999998e-02,-8.949729305459999326e-03,7.158226600000000550e-01,9.089450690000000499e-01,3.391311644059999821e+02,2.024000000000000000e+03,1.200000000000000000e+01,3.000000000000000000e+00,1.800000000000000000e+01,4.500000000000000000e+01,3.385011800000000193e+01
4.001520692481999930e+01,-8.302937404937000565e+01,1.833499999999999908e+00,-7.110999999999999543e-01,2.440067865470200159e-01,-2.182285131953999938e-02,1.341966099265000101e-01,7.036488789999999494e-01,9.214220290000000313e-01,3.391243836610000244e+02,2.024000000000000000e+03,1.200000000000000000e+01,3.000000000000000000e+00,1.800000000000000000e+01,4.500000000000000000e+01,3.390567399999999765e+01
4.001520775208999936e+01,-8.302937446475999650e+01,1.837499999999999911e+00,-7.106000000000000094e-01,7.618107817987999908e-02,1.997144760377800032e-01,2.646433407895599776e-01,7.079985370000000389e-01,9.310701909999999915e-01,3.391257182539999917e+02,2.024000000000000000e+03,1.200000000000000000e+01,3.000000000000000000e+00,1.800000000000000000e+01,4.500000000000000000e+01,3.396238799999999713e+01
4.001520791738000327e+01,-8.302937454764999359e+01,1.838899999999999979e+00,-7.110999999999999543e-01,9.728198079630000217e-02,2.437494653776800246e-01,3.247158516736000089e-01,7.083072679999999899e-01,9.315909159999999911e-01,3.391276195400000120e+02,2.024000000000000000e+03,1.200000000000000000e+01,3.000000000000000000e+00,1.800000000000000000e+01,4.500000000000000000e+01,3.401846299999999701e+01
4.001520891058999752e+01,-8.302937505500999293e+01,1.833199999999999941e+00,-7.296000000000000263e-01,-4.497876524914600216e-01,6.672496469208000214e-02,1.418378659568799993e-01,6.771679449999999933e-01,9.246902439999999945e-01,3.391425962879999929e+02,2.024000000000000000e+03,1.200000000000000000e+01,3.000000000000000000e+00,1.800000000000000000e+01,4.500000000000000000e+01,3.407530200000000065e+01
4.001521039968999816e+01,-8.302937580831999753e+01,1.844200000000000061e+00,-7.036000000000000032e-01,6.876315003938600068e-01,1.956726266651200030e-01,-9.996589246853998523e-02,6.659391059999999474e-01,9.258080840000000311e-01,3.391483446720000074e+02,2.024000000000000000e+03,1.200000000000000000e+01,3.000000000000000000e+00,1.800000000000000000e+01,4.500000000000000000e+01,3.413331800000000271e+01
4.001521156460000128e+01,-8.302937638958999855e+01,1.851499999999999924e+00,-7.157000000000000028e-01,-4.430519584217199602e-01,2.361971811134800092e-01,-1.900267094280400082e-01,7.094453619999999683e-01,9.030326109999999851e-01,3.391379962340000134e+02,2.024000000000000000e+03,1.200000000000000000e+01,3.000000000000000000e+00,1.800000000000000000e+01,4.500000000000000000e+01,3.418981300000000090e+01
4.001521256208000210e+01,-8.302937688901999991e+01,1.842899999999999983e+00,-7.106999999999999984e-01,-1.274883059385799877e-01,-3.450837505771000013e-01,-5.194609436987999984e-02,6.996910299999999916e-01,8.804831250000000331e-01,3.391222707109999988e+02,2.024000000000000000e+03,1.200000000000000000e+01,3.000000000000000000e+00,1.800000000000000000e+01,4.500000000000000000e+01,3.424650900000000320e+01
4.001521339024999691e+01,-8.302937730146000206e+01,1.839099999999999957e+00,-7.017999999999999794e-01,1.690633846752599978e-01,-2.354776878879200064e-01,-2.834896672523400385e-01,6.979626890000000250e-01,8.922567799999999716e-01,3.391181185070000197e+02,2.024000000000000000e+03,1.200000000000000000e+01,3.000000000000000000e+00,1.800000000000000000e+01,4.500000000000000000e+01,3.430241199999999679e+01
4.001521438615999671e+01,-8.302937778934999358e+01,1.849800000000000111e+00,-6.908999999999999586e-01,3.754178916265599741e-01,2.690894102630799756e-01,-1.391133832228400036e-01,7.451911350000000045e-01,9.172957109999999581e-01,3.391224084699999821e+02,2.024000000000000000e+03,1.200000000000000000e+01,3.000000000000000000e+00,1.800000000000000000e+01,4.500000000000000000e+01,3.436163599999999718e+01
4.001521538429999936e+01,-8.302937828083000227e+01,1.848300000000000054e+00,-7.073000000000000398e-01,-5.208606380777199840e-01,1.232531171091800076e-01,4.146532588595999713e-02,7.948023130000000380e-01,9.221217919999999957e-01,3.391355788490000123e+02,2.024000000000000000e+03,1.200000000000000000e+01,3.000000000000000000e+00,1.800000000000000000e+01,4.500000000000000000e+01,3.441890999999999678e+01
4.001521621460999967e+01,-8.302937870083999883e+01,1.843599999999999905e+00,-7.214000000000000412e-01,-3.095791480699999765e-01,-4.364001551005999846e-02,1.340732134295599953e-01,7.879953290000000221e-01,9.139032529999999710e-01,3.391432815509999728e+02,2.024000000000000000e+03,1.200000000000000000e+01,3.000000000000000000e+00,1.800000000000000000e+01,4.500000000000000000e+01,3.447784999999999656e+01
4.001521737477000329e+01,-8.302937929155000063e+01,1.840500000000000025e+00,-7.177999999999999936e-01,1.763933083449999994e-01,-1.700951815822799862e-01,1.097682152088999968e-01,7.654269110000000431e-01,9.193089450000000440e-01,3.391350850979999905e+02,2.024000000000000000e+03,1.200000000000000000e+01,3.000000000000000000e+00,1.800000000000000000e+01,4.500000000000000000e+01,3.453415400000000091e+01
4.001521820338999902e+01,-8.302937971187999722e+01,1.840799999999999992e+00,-7.188999999999999835e-01,-9.928924804886000988e-02,-2.579659213632000056e-02,-2.539424427702000053e-02,7.771884709999999918e-01,9.285304399999999569e-01,3.391288335730000085e+02,2.024000000000000000e+03,1.200000000000000000e+01,3.000000000000000000e+00,1.800000000000000000e+01,4.500000000000000000e+01,3.459148199999999918e+01
4.001521919753000134e+01,-8.302938021709999816e+01,1.841499999999999915e+00,-7.207999999999999963e-01,-6.477202247339999830e-02,4.951570323052000705e-02,4.452592494833999825e-02,7.887886050000000315e-01,9.442113079999999714e-01,3.391296541730000058e+02,2.024000000000000000e+03,1.200000000000000000e+01,3.000000000000000000e+00,1.800000000000000000e+01,4.500000000000000000e+01,3.464846899999999863e+01
4.001522019421999943e+01,-8.302938072320000629e+01,1.851499999999999924e+00,-7.198999999999999844e-01,1.265157157281599776e-01,1.776081327309199931e-01,5.115092291195999508e-02,7.863705899999999804e-01,9.440434149999999969e-01,3.391346122069999751e+02,2.024000000000000000e+03,1.200000000000000000e+01,3.000000000000000000e+00,1.800000000000000000e+01,4.500000000000000000e+01,3.470592200000000105e+01
4.001522102951000193e+01,-8.302938114072999554e+01,1.860500000000000043e+00,-7.070999999999999508e-01,5.877748165819999260e-01,1.162816276233400031e-01,5.256981130179999573e-03,7.971020589999999739e-01,9.265080930000000325e-01,3.391379882680000151e+02,2.024000000000000000e+03,1.200000000000000000e+01,3.000000000000000000e+00,1.800000000000000000e+01,4.500000000000000000e+01,3.476329700000000145e+01
4.001522203724999827e+01,-8.302938162949999423e+01,1.870600000000000041e+00,-6.884000000000000119e-01,5.756553859522199890e-01,7.857305034596000215e-02,1.005662016936200165e-01,8.530340859999999692e-01,8.937472850000000024e-01,3.391336945259999993e+02,2.024000000000000000e+03,1.200000000000000000e+01,3.000000000000000000e+00,1.800000000000000000e+01,4.500000000000000000e+01,3.482139999999999702e+01
4.001522304488000259e+01,-8.302938211717000172e+01,1.863499999999999934e+00,-7.014000000000000234e-01,-5.981026523130200667e-01,-5.454005176200000388e-03,-1.014236822010800149e-01,9.102456629999999826e-01,8.660287800000000535e-01,3.391339863470000182e+02,2.024000000000000000e+03,1.200000000000000000e+01,3.000000000000000000e+00,1.800000000000000000e+01,4.500000000000000000e+01,3.487926900000000074e+01
4.001522405064999788e+01,-8.302938261823000232e+01,1.862300000000000066e+00,-7.220999999999999641e-01,-6.046038913345199717e-01,1.817924001165600045e-01,3.155853723232000113e-02,9.095689270000000270e-01,8.382766480000000131e-01,3.391432992210000066e+02,2.024000000000000000e+03,1.200000000000000000e+01,3.000000000000000000e+00,1.800000000000000000e+01,4.500000000000000000e+01,3.493566799999999972e+01
4.001522438634000167e+01,-8.302938278646999493e+01,1.865499999999999936e+00,-7.206000000000000183e-01,-1.202110195712599860e-01,2.250048677120000118e-01,1.797335303544400076e-01,9.069207190000000418e-01,8.252915379999999912e-01,3.391466099410000083e+02,2.024000000000000000e+03,1.200000000000000000e+01,3.000000000000000000e+00,1.800000000000000000e+01,4.500000000000000000e+01,3.499216100000000296e+01
4.001522572929999910e+01,-8.302938346688000593e+01,1.865799999999999903e+00,-7.330999999999999739e-01,-3.352127399467999536e-01,1.142893760752399929e-01,-1.741746838742999903e-01,9.105229740000000405e-01,7.804410189999999581e-01,3.391471592209999812e+02,2.024000000000000000e+03,1.200000000000000000e+01,3.000000000000000000e+00,1.800000000000000000e+01,4.500000000000000000e+01,3.504922200000000032e+01
4.001522690542999783e+01,-8.302938407521999409e+01,1.865399999999999947e+00,-7.592999999999999750e-01,-9.144747572754399201e-01,2.885614145979800149e-01,-3.207752806337999668e-02,8.763036739999999769e-01,7.631388650000000551e-01,3.391351552849999962e+02,2.024000000000000000e+03,1.200000000000000000e+01,3.000000000000000000e+00,1.800000000000000000e+01,4.500000000000000000e+01,3.510558600000000240e+01
4.001522774701999907e+01,-8.302938452035999717e+01,1.870800000000000018e+00,-7.691000000000000059e-01,-2.923142389892999793e-01,3.386445767470799839e-01,-1.678276100162399975e-01,8.059810899999999556e-01,7.616979390000000461e-01,3.391324284820000230e+02,2.024000000000000000e+03,1.200000000000000000e+01,3.000000000000000000e+00,1.800000000000000000e+01,4.500000000000000000e+01,3.516274200000000150e+01
4.001522876263999962e+01,-8.302938505484000586e+01,1.885699999999999932e+00,-7.592999999999999750e-01,5.122407715290400176e-01,3.249768901191800174e-01,-4.034207941422000149e-02,7.399002209999999691e-01,7.637393949999999876e-01,3.391379972880000082e+02,2.024000000000000000e+03,1.200000000000000000e+01,3.000000000000000000e+00,1.800000000000000000e+01,4.500000000000000000e+01,3.521979000000000326e+01
4.001522978693999733e+01,-8.302938558034999517e+01,1.903100000000000014e+00,-7.458000000000000185e-01,5.409552743921399731e-01,3.876118233238000088e-01,1.820953027011600056e-01,7.299575440000000137e-01,7.696024489999999663e-01,3.391452384880000182e+02,2.024000000000000000e+03,1.200000000000000000e+01,3.000000000000000000e+00,1.800000000000000000e+01,4.500000000000000000e+01,3.527835300000000274e+01
4.001523082061000025e+01,-8.302938609960000349e+01,1.921100000000000030e+00,-7.397000000000000242e-01,3.638189318451600096e-01,5.130770396074599837e-01,1.768336510180399945e-01,7.296849220000000136e-01,7.730002390000000334e-01,3.391430709630000138e+02,2.024000000000000000e+03,1.200000000000000000e+01,3.000000000000000000e+00,1.800000000000000000e+01,4.500000000000000000e+01,3.533575600000000350e+01
4.001523186579999702e+01,-8.302938661771999307e+01,1.947100000000000053e+00,-7.382999999999999563e-01,4.614496394321799810e-01,8.162472748587998872e-01,2.411121412825199817e-01,7.297939169999999587e-01,7.613709659999999824e-01,3.391295865120000030e+02,2.024000000000000000e+03,1.200000000000000000e+01,3.000000000000000000e+00,1.800000000000000000e+01,4.500000000000000000e+01,3.539367899999999878e+01
4.001523274694999799e+01,-8.302938704832999406e+01,1.963799999999999990e+00,-7.402999999999999581e-01,1.012957422931400064e-01,6.330949934887000197e-01,-1.386752321081400063e-01,7.592087600000000380e-01,7.266278999999999932e-01,3.391208486799999946e+02,2.024000000000000000e+03,1.200000000000000000e+01,3.000000000000000000e+00,1.800000000000000000e+01,4.500000000000000000e+01,3.545167099999999749e+01
4.001523380775000049e+01,-8.302938757191999741e+01,1.964800000000000102e+00,-7.541999999999999815e-01,-2.788352539926400309e-01,2.762295988464600338e-01,-3.094351645810800022e-01,7.946299999999999475e-01,7.071791830000000445e-01,3.391291293159999896e+02,2.024000000000000000e+03,1.200000000000000000e+01,3.000000000000000000e+00,1.800000000000000000e+01,4.500000000000000000e+01,3.550918000000000063e+01
4.001523469523999665e+01,-8.302938801452999940e+01,1.976699999999999902e+00,-7.609000000000000208e-01,1.480806757029999934e-02,5.495997550391999997e-01,-1.946792356936000168e-02,8.079641269999999764e-01,7.006996970000000102e-01,3.391325102779999838e+02,2.024000000000000000e+03,1.200000000000000000e+01,3.000000000000000000e+00,1.800000000000000000e+01,4.500000000000000000e+01,3.556643799999999800e+01
4.001523594652000071e+01,-8.302938864150999621e+01,1.989300000000000068e+00,-7.764999999999999680e-01,-3.204356234974800044e-01,4.188619224743199698e-01,2.361385196293799837e-01,8.241604609999999553e-01,6.722170840000000203e-01,3.391299201919999859e+02,2.024000000000000000e+03,1.200000000000000000e+01,3.000000000000000000e+00,1.800000000000000000e+01,4.500000000000000000e+01,3.562556599999999918e+01
4.001523684277000115e+01,-8.302938909886999852e+01,1.993999999999999995e+00,-7.848000000000000531e-01,5.080804007386000021e-02,3.228332111077599764e-01,5.102297368538000200e-02,8.039274880000000234e-01,6.625971349999999482e-01,3.391226897849999773e+02,2.024000000000000000e+03,1.200000000000000000e+01,3.000000000000000000e+00,1.800000000000000000e+01,4.500000000000000000e+01,3.568243799999999766e+01
4.001523792609999930e+01,-8.302938964858999782e+01,2.014699999999999935e+00,-7.842000000000000082e-01,3.035221218673200272e-01,6.602099354076400584e-01,-1.070716495999999955e-03,7.858030679999999935e-01,6.559632880000000332e-01,3.391114075489999777e+02,2.024000000000000000e+03,1.200000000000000000e+01,3.000000000000000000e+00,1.800000000000000000e+01,4.500000000000000000e+01,3.573940600000000245e+01
4.001523902209999761e+01,-8.302939019657999609e+01,2.037999999999999812e+00,-7.832999999999999963e-01,1.061717016773800065e-01,3.260264220432800286e-01,2.666911971275999840e-02,8.114156670000000071e-01,6.256262339999999478e-01,3.391109774590000256e+02,2.024000000000000000e+03,1.200000000000000000e+01,3.000000000000000000e+00,1.800000000000000000e+01,4.500000000000000000e+01,3.579767999999999972e+01
4.001524012651000106e+01,-8.302939074478000236e+01,2.047600000000000087e+00,-7.838000000000000522e-01,7.148747929720000727e-02,2.818620965488800034e-01,8.513177093661999928e-02,8.402479019999999910e-01,5.895950840000000470e-01,3.391176761169999736e+02,2.024000000000000000e+03,1.200000000000000000e+01,3.000000000000000000e+00,1.800000000000000000e+01,4.500000000000000000e+01,3.585469499999999954e+01
4.001524105055000291e+01,-8.302939120092000280e+01,2.056500000000000217e+00,-7.796999999999999487e-01,2.808747969219200225e-01,3.266257369925200105e-01,9.948056309972000411e-02,8.542026799999999920e-01,5.767171949999999603e-01,3.391192565420000165e+02,2.024000000000000000e+03,1.200000000000000000e+01,3.000000000000000000e+00,1.800000000000000000e+01,4.500000000000000000e+01,3.591181399999999968e+01
4.001524197876000244e+01,-8.302939165354999318e+01,2.064999999999999947e+00,-7.748000000000000442e-01,2.403791014366400136e-01,2.869472505234200166e-01,4.547901761427999845e-02,8.889115399999999445e-01,5.737773520000000183e-01,3.391159772049999788e+02,2.024000000000000000e+03,1.200000000000000000e+01,3.000000000000000000e+00,1.800000000000000000e+01,4.500000000000000000e+01,3.597030699999999825e+01
4.001524235101999949e+01,-8.302939183479999485e+01,2.068000000000000060e+00,-7.763999999999999790e-01,1.019697434094000016e-01,3.248249700504400317e-01,-4.171593045036000452e-02,9.055339169999999660e-01,5.748310720000000540e-01,3.391147319410000023e+02,2.024000000000000000e+03,1.200000000000000000e+01,3.000000000000000000e+00,1.800000000000000000e+01,4.500000000000000000e+01,3.602680600000000055e+01
4.001524403588999945e+01,-8.302939266142999486e+01,2.088200000000000056e+00,-7.946999999999999620e-01,-2.828142400887400099e-01,5.575975912003600099e-01,8.029535110880000465e-03,9.664991480000000301e-01,5.773228510000000258e-01,3.391081278569999995e+02,2.024000000000000000e+03,1.200000000000000000e+01,3.000000000000000000e+00,1.800000000000000000e+01,4.500000000000000000e+01,3.608515100000000331e+01
4.001524535768000135e+01,-8.302939331846999949e+01,2.105100000000000193e+00,-8.136999999999999789e-01,-1.773998426940600059e-01,6.438573219495999922e-01,-1.621384048924399968e-01,9.754830540000000161e-01,5.654899709999999802e-01,3.391044397150000123e+02,2.024000000000000000e+03,1.200000000000000000e+01,3.000000000000000000e+00,1.800000000000000000e+01,4.500000000000000000e+01,3.614400599999999741e+01
4.001524650113999826e+01,-8.302939389349999999e+01,2.123499999999999943e+00,-8.258999999999999675e-01,1.021052113808000074e-02,5.758631472251000138e-01,-2.679809090424200013e-01,9.737148789999999776e-01,5.359604700000000221e-01,3.391045582539999828e+02,2.024000000000000000e+03,1.200000000000000000e+01,3.000000000000000000e+00,1.800000000000000000e+01,4.500000000000000000e+01,3.620102599999999882e+01
4.001524765013000007e+01,-8.302939447400000006e+01,2.128499999999999837e+00,-8.322000000000000508e-01,-5.791474720594000369e-02,2.373423635725400160e-01,-1.258443677487600110e-01,9.770343179999999572e-01,5.153719469999999969e-01,3.391045493540000280e+02,2.024000000000000000e+03,1.200000000000000000e+01,3.000000000000000000e+00,1.800000000000000000e+01,4.500000000000000000e+01,3.625956500000000204e+01
4.001524860917999860e+01,-8.302939496359999794e+01,2.132800000000000029e+00,-8.428999999999999826e-01,-1.313157796741800110e-01,3.805962125151000075e-01,6.182376843604000388e-02,9.633761929999999918e-01,5.227428100000000022e-01,3.391068629480000141e+02,2.024000000000000000e+03,1.200000000000000000e+01,3.000000000000000000e+00,1.800000000000000000e+01,4.500000000000000000e+01,3.631803800000000138e+01
4.001524995735000090e+01,-8.302939565908999953e+01,2.143899999999999917e+00,-8.581999999999999629e-01,-1.970481594481199861e-01,4.571280302154799857e-01,2.922444309199999975e-03,9.208366810000000457e-01,5.380755590000000366e-01,3.391189161579999904e+02,2.024000000000000000e+03,1.200000000000000000e+01,3.000000000000000000e+00,1.800000000000000000e+01,4.500000000000000000e+01,3.637490499999999827e+01
4.001525112024999942e+01,-8.302939625889999320e+01,2.157300000000000217e+00,-8.575000000000000400e-01,1.554496673450199984e-01,3.721921678742000084e-01,2.869402252385599983e-01,8.863679650000000354e-01,5.447940529999999448e-01,3.391248379630000045e+02,2.024000000000000000e+03,1.200000000000000000e+01,3.000000000000000000e+00,1.800000000000000000e+01,4.500000000000000000e+01,3.643424799999999664e+01
4.001525209489000190e+01,-8.302939675816999454e+01,2.168000000000000149e+00,-8.579999999999999849e-01,-4.260373523078000296e-02,3.818036439981800090e-01,3.098290701770999855e-01,8.666841269999999708e-01,5.389739009999999775e-01,3.391217634320000229e+02,2.024000000000000000e+03,1.200000000000000000e+01,3.000000000000000000e+00,1.800000000000000000e+01,4.500000000000000000e+01,3.649293699999999774e+01
4.001525327069000326e+01,-8.302939735718000236e+01,2.181299999999999795e+00,-8.559999999999999831e-01,1.362021922031000087e-01,3.794865577163399895e-01,1.428424790802000077e-01,8.452618640000000294e-01,5.169834970000000141e-01,3.391145116469999721e+02,2.024000000000000000e+03,1.200000000000000000e+01,3.000000000000000000e+00,1.800000000000000000e+01,4.500000000000000000e+01,3.655141499999999866e+01
4.001525445288999805e+01,-8.302939795359999664e+01,2.191899999999999959e+00,-8.500999999999999668e-01,2.780199680638200110e-01,2.244702583609399782e-01,-1.836902052291800036e-01,8.347313330000000198e-01,4.887173490000000231e-01,3.391106842840000013e+02,2.024000000000000000e+03,1.200000000000000000e+01,3.000000000000000000e+00,1.800000000000000000e+01,4.500000000000000000e+01,3.661067100000000352e+01
4.001525564068000307e+01,-8.302939854356999660e+01,2.203100000000000058e+00,-8.373000000000000442e-01,4.946295457706999521e-01,2.245277992986200177e-01,-2.301997968098800085e-01,8.499837679999999729e-01,4.620715599999999923e-01,3.391107756069999937e+02,2.024000000000000000e+03,1.200000000000000000e+01,3.000000000000000000e+00,1.800000000000000000e+01,4.500000000000000000e+01,3.666817799999999750e+01
4.001525663384000353e+01,-8.302939902992000043e+01,2.208299999999999930e+00,-8.287999999999999812e-01,4.826583197870599751e-01,9.873549449137999923e-02,-3.304487655855199990e-01,8.890332069999999920e-01,4.395871670000000009e-01,3.391206864000000110e+02,2.024000000000000000e+03,1.200000000000000000e+01,3.000000000000000000e+00,1.800000000000000000e+01,4.500000000000000000e+01,3.672650600000000054e+01
4.001525802790000341e+01,-8.302939970516000301e+01,2.213999999999999968e+00,-8.297999999999999821e-01,-1.182188172452599967e-01,2.731095507070199768e-01,-2.417752711534000010e-01,9.609932279999999771e-01,4.269891989999999860e-01,3.391381103370000005e+02,2.024000000000000000e+03,1.200000000000000000e+01,3.000000000000000000e+00,1.800000000000000000e+01,4.500000000000000000e+01,3.678813699999999898e+01
4.001525922318000283e+01,-8.302940029913000330e+01,2.210900000000000087e+00,-8.565000000000000391e-01,-5.604677267817800290e-01,1.797541303354200093e-01,-2.058028386176000146e-02,9.640698519999999494e-01,4.123219320000000021e-01,3.391490106339999784e+02,2.024000000000000000e+03,1.200000000000000000e+01,3.000000000000000000e+00,1.800000000000000000e+01,4.500000000000000000e+01,3.684508999999999901e+01
4.001526021933000266e+01,-8.302940079261999529e+01,2.210599999999999898e+00,-8.430999999999999606e-01,2.105935511635599888e-01,-1.683376325958999831e-01,-2.608065172159999921e-03,9.693722989999999928e-01,4.053517280000000222e-01,3.391414163669999766e+02,2.024000000000000000e+03,1.200000000000000000e+01,3.000000000000000000e+00,1.800000000000000000e+01,4.500000000000000000e+01,3.690253700000000237e+01
4.001526141427999761e+01,-8.302940138147999960e+01,2.210900000000000087e+00,-8.479999999999999760e-01,-5.188722660465000525e-01,1.767882263640999929e-01,-6.121156666979999522e-02,1.020351353999999988e+00,4.353671570000000046e-01,3.391294785590000060e+02,2.024000000000000000e+03,1.200000000000000000e+01,3.000000000000000000e+00,1.800000000000000000e+01,4.500000000000000000e+01,3.696021300000000309e+01
4.001526161366999901e+01,-8.302940148080999450e+01,2.212600000000000122e+00,-8.521999999999999575e-01,-6.301048748403400568e-01,3.439170788314599991e-01,4.949571012692000060e-02,1.026987388000000001e+00,4.405752439999999770e-01,3.391286150750000274e+02,2.024000000000000000e+03,1.200000000000000000e+01,3.000000000000000000e+00,1.800000000000000000e+01,4.500000000000000000e+01,3.701791699999999707e+01
4.001526301204999925e+01,-8.302940219043000525e+01,2.220800000000000107e+00,-8.849000000000000199e-01,-8.206982235170798834e-01,4.854338533123599420e-01,2.544540840973399942e-01,1.001619884999999988e+00,4.436690679999999998e-01,3.391358501189999970e+02,2.024000000000000000e+03,1.200000000000000000e+01,3.000000000000000000e+00,1.800000000000000000e+01,4.500000000000000000e+01,3.707692300000000074e+01
4.001526461795000245e+01,-8.302940301664000344e+01,2.239500000000000046e+00,-8.769000000000000128e-01,6.680359193283400554e-01,3.599692439924999654e-01,3.850162168256199835e-01,9.331958270000000333e-01,4.079895769999999922e-01,3.391565794480000022e+02,2.024000000000000000e+03,1.200000000000000000e+01,3.000000000000000000e+00,1.800000000000000000e+01,4.500000000000000000e+01,3.713477600000000223e+01
4.001526623209999656e+01,-8.302940383389000090e+01,2.238300000000000178e+00,-8.757000000000000339e-01,-3.224308788203200105e-01,-1.187605690507999995e-01,1.877784376182599912e-01,9.467710759999999892e-01,3.568993019999999738e-01,3.391613541749999854e+02,2.024000000000000000e+03,1.200000000000000000e+01,3.000000000000000000e+00,1.800000000000000000e+01,4.500000000000000000e+01,3.719433699999999732e+01
4.001526723746999892e+01,-8.302940434584000684e+01,2.228800000000000114e+00,-8.790000000000000036e-01,-3.562803772276600389e-01,-2.437561035652199837e-01,1.050257853231599953e-01,9.262103470000000449e-01,3.443495080000000264e-01,3.391575748490000137e+02,2.024000000000000000e+03,1.200000000000000000e+01,3.000000000000000000e+00,1.800000000000000000e+01,4.500000000000000000e+01,3.725327200000000261e+01
4.001526844007000250e+01,-8.302940496054000619e+01,2.222599999999999909e+00,-8.760999999999999899e-01,-3.640834702216000363e-02,-2.021191812692399725e-01,-2.365755270270000210e-01,8.836932079999999523e-01,3.607380390000000103e-01,3.391559376779999866e+02,2.024000000000000000e+03,1.200000000000000000e+01,3.000000000000000000e+00,1.800000000000000000e+01,4.500000000000000000e+01,3.731096699999999800e+01
4.001526964319000257e+01,-8.302940557230000707e+01,2.232299999999999951e+00,-8.688000000000000167e-01,3.857534708517800226e-01,2.131076166121400051e-01,-6.128382778248000345e-02,8.633114969999999833e-01,3.872459070000000003e-01,3.391656068789999949e+02,2.024000000000000000e+03,1.200000000000000000e+01,3.000000000000000000e+00,1.800000000000000000e+01,4.500000000000000000e+01,3.736910499999999757e+01
4.001527085226999958e+01,-8.302940617920999955e+01,2.240099999999999980e+00,-8.637000000000000233e-01,1.208896937330800059e-01,1.553358543853400053e-01,-2.670132958411999824e-02,8.781639970000000295e-01,3.856526670000000045e-01,3.391757243779999840e+02,2.024000000000000000e+03,1.200000000000000000e+01,3.000000000000000000e+00,1.800000000000000000e+01,4.500000000000000000e+01,3.742845599999999706e+01
4.001527205824000077e+01,-8.302940678739000191e+01,2.226799999999999891e+00,-8.719999999999999973e-01,-2.128841775161799954e-01,-1.158065825469599963e-01,-9.339745736199999825e-04,8.673330099999999598e-01,3.759602919999999737e-01,3.391729337070000270e+02,2.024000000000000000e+03,1.200000000000000000e+01,3.000000000000000000e+00,1.800000000000000000e+01,4.500000000000000000e+01,3.748616100000000273e+01
4.001527325955999714e+01,-8.302940739842999562e+01,2.219300000000000050e+00,-8.669000000000000039e-01,2.580714944214199669e-01,-3.499370956729000448e-01,1.855387355562599927e-01,8.260929150000000387e-01,3.529016400000000164e-01,3.391674976369999968e+02,2.024000000000000000e+03,1.200000000000000000e+01,3.000000000000000000e+00,1.800000000000000000e+01,4.500000000000000000e+01,3.754806299999999908e+01
4.001527445360000002e+01,-8.302940800202999583e+01,2.201200000000000045e+00,-8.528000000000000025e-01,2.717180441852800055e-01,-7.492215467781599969e-01,2.628943858092400165e-01,8.188627739999999600e-01,3.280348909999999951e-01,3.391712684020000097e+02,2.024000000000000000e+03,1.200000000000000000e+01,3.000000000000000000e+00,1.800000000000000000e+01,4.500000000000000000e+01,3.760661799999999744e+01
4.001527563548000188e+01,-8.302940860021999470e+01,2.177299999999999791e+00,-8.488999999999999879e-01,-6.048147373360000800e-02,-7.703921176486400180e-01,4.473510138127999997e-02,8.233560680000000520e-01,3.335098590000000196e-01,3.391829265009999972e+02,2.024000000000000000e+03,1.200000000000000000e+01,3.000000000000000000e+00,1.800000000000000000e+01,4.500000000000000000e+01,3.766800700000000290e+01
4.001527680960000311e+01,-8.302940919395000208e+01,2.166900000000000048e+00,-8.430999999999999606e-01,4.117299231939999804e-02,-4.324934726902799897e-01,-1.236826758034000051e-01,8.130568219999999569e-01,3.497083220000000159e-01,3.391939872799999875e+02,2.024000000000000000e+03,1.200000000000000000e+01,3.000000000000000000e+00,1.800000000000000000e+01,4.500000000000000000e+01,3.772938599999999809e+01
4.001527798187999707e+01,-8.302940978009000617e+01,2.169399999999999995e+00,-8.269999999999999574e-01,5.935488809911000363e-01,-2.064780182566400002e-01,-7.151856160243999505e-02,8.090877210000000375e-01,3.463899420000000062e-01,3.391953578989999869e+02,2.024000000000000000e+03,1.200000000000000000e+01,3.000000000000000000e+00,1.800000000000000000e+01,4.500000000000000000e+01,3.778731100000000254e+01
4.001527915343999808e+01,-8.302941035518999513e+01,2.167600000000000193e+00,-8.102000000000000313e-01,6.198629828094800454e-01,-2.802605109005200101e-01,-3.604817324547600066e-01,8.369852979999999887e-01,3.262065499999999840e-01,3.391866033869999910e+02,2.024000000000000000e+03,1.200000000000000000e+01,3.000000000000000000e+00,1.800000000000000000e+01,4.500000000000000000e+01,3.784853600000000284e+01
4.001528031907999861e+01,-8.302941092429000491e+01,2.149599999999999955e+00,-8.092000000000000304e-01,-1.187194860126200013e-01,-5.442178633600599502e-01,-3.444390233988000039e-01,8.711565270000000138e-01,3.109522330000000223e-01,3.391728282149999814e+02,2.024000000000000000e+03,1.200000000000000000e+01,3.000000000000000000e+00,1.800000000000000000e+01,4.500000000000000000e+01,3.790657900000000069e+01
4.001528128089000091e+01,-8.302941139725000141e+01,2.124899999999999789e+00,-8.086999999999999744e-01,-3.261190830152599918e-01,-8.859380392050999475e-01,-1.031953901452599964e-01,8.922730540000000099e-01,3.235308120000000009e-01,3.391759840860000281e+02,2.024000000000000000e+03,1.200000000000000000e+01,3.000000000000000000e+00,1.800000000000000000e+01,4.500000000000000000e+01,3.796642299999999892e+01
4.001528166311000234e+01,-8.302941158529999655e+01,2.117700000000000138e+00,-8.034000000000000030e-01,-5.924364338135999775e-02,-8.601323420174000756e-01,-1.318254484250200032e-01,9.090421739999999806e-01,3.327826560000000100e-01,3.391811014020000243e+02,2.024000000000000000e+03,1.200000000000000000e+01,3.000000000000000000e+00,1.800000000000000000e+01,4.500000000000000000e+01,3.802369399999999899e+01
4.001528336873000313e+01,-8.302941242475000649e+01,2.093500000000000139e+00,-7.947999999999999510e-01,-1.243597759137800018e-01,-4.802089924114400499e-01,1.315578535642200064e-01,9.822492179999999795e-01,3.922963569999999844e-01,3.392045927859999779e+02,2.024000000000000000e+03,1.200000000000000000e+01,3.000000000000000000e+00,1.800000000000000000e+01,4.500000000000000000e+01,3.808406800000000203e+01
4.001528468538000283e+01,-8.302941307416000427e+01,2.083200000000000163e+00,-7.940000000000000391e-01,-2.959827599889999772e-02,-3.273153056443599551e-01,-6.676014772200000204e-03,1.010331738000000090e+00,4.332633029999999885e-01,3.392032373920000055e+02,2.024000000000000000e+03,1.200000000000000000e+01,3.000000000000000000e+00,1.800000000000000000e+01,4.500000000000000000e+01,3.814111299999999716e+01
4.001528580768000154e+01,-8.302941363557999921e+01,2.071699999999999875e+00,-8.038999999999999480e-01,-3.402160194605399757e-01,-2.748320759305800109e-01,-4.415522061580000324e-02,1.002246889999999890e+00,4.513017089999999953e-01,3.392004440869999939e+02,2.024000000000000000e+03,1.200000000000000000e+01,3.000000000000000000e+00,1.800000000000000000e+01,4.500000000000000000e+01,3.819874899999999940e+01
4.001528692336000148e+01,-8.302941419853000582e+01,2.061100000000000154e+00,-8.038999999999999480e-01,-1.721186212027800144e-01,-2.247833165144199896e-01,-3.128093615977399766e-01,9.914409050000000390e-01,4.611251590000000067e-01,3.392035560179999720e+02,2.024000000000000000e+03,1.200000000000000000e+01,3.000000000000000000e+00,1.800000000000000000e+01,4.500000000000000000e+01,3.825608299999999673e+01
4.001528784834999897e+01,-8.302941466874000298e+01,2.047200000000000131e+00,-8.112000000000000322e-01,-6.591150937843799351e-01,-3.816544919410599923e-01,-2.159679334329200062e-01,9.824408959999999524e-01,4.651277369999999856e-01,3.392081009199999926e+02,2.024000000000000000e+03,1.200000000000000000e+01,3.000000000000000000e+00,1.800000000000000000e+01,4.500000000000000000e+01,3.831557600000000008e+01
4.001528913578999891e+01,-8.302941532763999533e+01,2.039699999999999847e+00,-8.027999999999999581e-01,2.545350339356799996e-01,-1.820692926539400069e-01,2.468106150101000151e-01,9.368827039999999551e-01,4.639756740000000046e-01,3.392021341519999851e+02,2.024000000000000000e+03,1.200000000000000000e+01,3.000000000000000000e+00,1.800000000000000000e+01,4.500000000000000000e+01,3.837408400000000341e+01
4.001529005217000190e+01,-8.302941579855999521e+01,2.031499999999999861e+00,-8.032000000000000250e-01,1.043878537126200073e-01,-3.625185033821600178e-01,3.320808077974199968e-01,9.051488970000000078e-01,4.404041410000000267e-01,3.392019827459999988e+02,2.024000000000000000e+03,1.200000000000000000e+01,3.000000000000000000e+00,1.800000000000000000e+01,4.500000000000000000e+01,3.843164199999999653e+01
4.001529114430000078e+01,-8.302941635790000419e+01,2.013300000000000090e+00,-7.884999999999999787e-01,4.323623778930799633e-01,-7.569414863735399734e-01,3.618017426137399850e-01,8.667656139999999620e-01,4.190525270000000080e-01,3.392069668039999897e+02,2.024000000000000000e+03,1.200000000000000000e+01,3.000000000000000000e+00,1.800000000000000000e+01,4.500000000000000000e+01,3.848900100000000180e+01
4.001529223079000275e+01,-8.302941690235999772e+01,2.010600000000000165e+00,-7.661999999999999922e-01,6.216706660300199694e-01,-2.481019581373000160e-01,-1.862350019457000017e-01,8.714631339999999726e-01,4.239624000000000170e-01,3.392063470890000190e+02,2.024000000000000000e+03,1.200000000000000000e+01,3.000000000000000000e+00,1.800000000000000000e+01,4.500000000000000000e+01,3.854709100000000177e+01
4.001529331834999681e+01,-8.302941743299000166e+01,2.008399999999999963e+00,-7.570000000000000062e-01,-1.849455243207800137e-01,-2.919677088430999712e-01,-2.329490728466000055e-02,9.232470430000000450e-01,4.065918009999999749e-01,3.392033130149999920e+02,2.024000000000000000e+03,1.200000000000000000e+01,3.000000000000000000e+00,1.800000000000000000e+01,4.500000000000000000e+01,3.860484300000000246e+01
4.001529421645999918e+01,-8.302941787985000133e+01,1.981500000000000039e+00,-7.709000000000000297e-01,-8.484782601253799683e-01,-8.564313222633599398e-01,-4.950355744457999446e-02,9.200668789999999486e-01,3.834799959999999897e-01,3.392170632039999987e+02,2.024000000000000000e+03,1.200000000000000000e+01,3.000000000000000000e+00,1.800000000000000000e+01,4.500000000000000000e+01,3.866411000000000087e+01
4.001529527990999924e+01,-8.302941841605000661e+01,1.957000000000000073e+00,-7.572999999999999732e-01,2.609489750644599648e-01,-8.862438169601600801e-01,-6.922745537157999618e-02,8.861123960000000244e-01,3.964058560000000009e-01,3.392366121559999783e+02,2.024000000000000000e+03,1.200000000000000000e+01,3.000000000000000000e+00,1.800000000000000000e+01,4.500000000000000000e+01,3.872419800000000123e+01
4.001529651245999730e+01,-8.302941902338000091e+01,1.953799999999999981e+00,-7.329999999999999849e-01,3.915250026549599860e-01,-2.953268280378599786e-01,-8.981027261528000405e-02,9.332339400000000396e-01,4.258064360000000104e-01,3.392454886919999808e+02,2.024000000000000000e+03,1.200000000000000000e+01,3.000000000000000000e+00,1.800000000000000000e+01,4.500000000000000000e+01,3.878333800000000053e+01
4.001529739042999978e+01,-8.302941945378999833e+01,1.947699999999999987e+00,-7.357000000000000206e-01,-6.656968244897999709e-02,-2.032467674446800099e-01,1.754738929689000082e-01,9.737773830000000519e-01,4.248730410000000068e-01,3.392392063870000243e+02,2.024000000000000000e+03,1.200000000000000000e+01,3.000000000000000000e+00,1.800000000000000000e+01,4.500000000000000000e+01,3.884160599999999874e+01
4.001529843937999686e+01,-8.302941997032999666e+01,1.935400000000000009e+00,-7.367000000000000215e-01,-1.409115708843000081e-01,-4.041188672468799536e-01,7.140011239577999380e-02,9.921636710000000248e-01,4.014965859999999886e-01,3.392296132189999867e+02,2.024000000000000000e+03,1.200000000000000000e+01,3.000000000000000000e+00,1.800000000000000000e+01,4.500000000000000000e+01,3.889936000000000149e+01
4.001529948163000228e+01,-8.302942048836999334e+01,1.922199999999999909e+00,-7.412999999999999590e-01,-3.038944019650399730e-01,-3.964015364284400045e-01,-1.808385423441999929e-01,9.912414099999999895e-01,3.751499779999999951e-01,3.392310726250000243e+02,2.024000000000000000e+03,1.200000000000000000e+01,3.000000000000000000e+00,1.800000000000000000e+01,4.500000000000000000e+01,3.895792600000000050e+01
4.001529965465000060e+01,-8.302942057516000318e+01,1.919999999999999929e+00,-7.426000000000000378e-01,-3.177244981421599723e-01,-3.617039255783199847e-01,-3.123105206482599816e-01,9.881659969999999626e-01,3.734547169999999916e-01,3.392324284079999757e+02,2.024000000000000000e+03,1.200000000000000000e+01,3.000000000000000000e+00,1.800000000000000000e+01,4.500000000000000000e+01,3.901928000000000196e+01
4.001530103163000263e+01,-8.302942126467999628e+01,1.897199999999999998e+00,-7.276000000000000245e-01,2.550038022872800347e-01,-9.429252580324799515e-01,-1.306124277906400011e-01,9.818567049999999963e-01,3.496890369999999804e-01,3.392467637600000216e+02,2.024000000000000000e+03,1.200000000000000000e+01,3.000000000000000000e+00,1.800000000000000000e+01,4.500000000000000000e+01,3.907847199999999788e+01
4.001530255421999982e+01,-8.302942202245000658e+01,1.864400000000000057e+00,-7.143000000000000460e-01,2.447601394756000054e-02,-4.301998585569799527e-01,-4.776392599510000114e-02,1.028681476999999900e+00,4.217067199999999794e-01,3.392533070110000040e+02,2.024000000000000000e+03,1.200000000000000000e+01,3.000000000000000000e+00,1.800000000000000000e+01,4.500000000000000000e+01,3.913733799999999974e+01
4.001530356320999715e+01,-8.302942253054999355e+01,1.870800000000000018e+00,-7.244000000000000439e-01,-4.467974039948000020e-02,4.650517939697800252e-01,3.008684286211600334e-01,1.016017536999999971e+00,5.134748239999999964e-01,3.392469779470000049e+02,2.024000000000000000e+03,1.200000000000000000e+01,3.000000000000000000e+00,1.800000000000000000e+01,4.500000000000000000e+01,3.919485399999999942e+01
4.001530457913000305e+01,-8.302942304161000209e+01,1.886400000000000077e+00,-7.258999999999999897e-01,2.845686047890999548e-01,5.023917607569799992e-01,5.805932448655000133e-01,1.001339508000000045e+00,5.473021430000000187e-01,3.392353530579999870e+02,2.024000000000000000e+03,1.200000000000000000e+01,3.000000000000000000e+00,1.800000000000000000e+01,4.500000000000000000e+01,3.925316000000000116e+01
4.001530543206000345e+01,-8.302942346573999544e+01,1.896500000000000075e+00,-7.197999999999999954e-01,3.767615751360000043e-01,2.316522577797599791e-01,4.913648156847000292e-01,1.015639026999999972e+00,5.302637180000000505e-01,3.392322780060000014e+02,2.024000000000000000e+03,1.200000000000000000e+01,3.000000000000000000e+00,1.800000000000000000e+01,4.500000000000000000e+01,3.931263400000000274e+01
4.001530645708000122e+01,-8.302942397332999747e+01,1.894500000000000073e+00,-7.190999999999999615e-01,4.560197460370000316e-02,-1.272316215138999951e-01,1.385043441392399821e-01,1.046994841000000065e+00,5.009554750000000389e-01,3.392409297250000009e+02,2.024000000000000000e+03,1.200000000000000000e+01,3.000000000000000000e+00,1.800000000000000000e+01,4.500000000000000000e+01,3.937113399999999785e+01
4.001530748188000075e+01,-8.302942447809999749e+01,1.896500000000000075e+00,-7.128999999999999782e-01,2.781040768940399865e-01,8.397825390794000366e-02,-2.195235404708199833e-01,1.074620498000000035e+00,4.880919120000000166e-01,3.392492152230000215e+02,2.024000000000000000e+03,1.200000000000000000e+01,3.000000000000000000e+00,1.800000000000000000e+01,4.500000000000000000e+01,3.942920699999999812e+01
4.001530850998000233e+01,-8.302942497768999885e+01,1.903899999999999926e+00,-7.076999999999999957e-01,1.951200942897000079e-01,1.492945289186199953e-01,-3.777055628554399913e-01,1.115290507999999958e+00,4.696651510000000029e-01,3.392518875380000054e+02,2.024000000000000000e+03,1.200000000000000000e+01,3.000000000000000000e+00,1.800000000000000000e+01,4.500000000000000000e+01,3.948774300000000181e+01
4.001530953492999743e+01,-8.302942547659999661e+01,1.888200000000000101e+00,-7.093000000000000416e-01,-1.989894568181199974e-01,-4.371190742941200580e-01,-2.245758547107399861e-01,1.147594471999999977e+00,4.565931010000000012e-01,3.392509495290000245e+02,2.024000000000000000e+03,1.200000000000000000e+01,3.000000000000000000e+00,1.800000000000000000e+01,4.500000000000000000e+01,3.954936899999999866e+01
4.001531055293000350e+01,-8.302942597777999367e+01,1.877599999999999936e+00,-7.138999999999999790e-01,-2.363405775019200017e-01,-2.184600494495000100e-01,-1.019526457891600096e-01,1.178436116999999950e+00,4.821796979999999899e-01,3.392521679669999912e+02,2.024000000000000000e+03,1.200000000000000000e+01,3.000000000000000000e+00,1.800000000000000000e+01,4.500000000000000000e+01,3.960791600000000301e+01
4.001531140027999811e+01,-8.302942639897999300e+01,1.881299999999999972e+00,-7.213000000000000522e-01,-2.376990405104000004e-01,2.144514578818400019e-01,-2.075218292259400077e-01,1.201457038999999893e+00,5.065483130000000278e-01,3.392529049969999733e+02,2.024000000000000000e+03,1.200000000000000000e+01,3.000000000000000000e+00,1.800000000000000000e+01,4.500000000000000000e+01,3.966557199999999739e+01
4.001531241781000148e+01,-8.302942690838000317e+01,1.879000000000000004e+00,-7.288000000000000034e-01,-4.017190427092799943e-01,-5.587542914877999950e-02,-2.509430353255400203e-01,1.215927726000000098e+00,5.337521560000000331e-01,3.392601017669999806e+02,2.024000000000000000e+03,1.200000000000000000e+01,3.000000000000000000e+00,1.800000000000000000e+01,4.500000000000000000e+01,3.972397000000000133e+01
4.001531360432999662e+01,-8.302942750315999376e+01,1.881499999999999950e+00,-7.209999999999999742e-01,2.984880328949600092e-01,-6.086086579579999545e-03,3.505792322560999930e-01,1.218221927999999954e+00,5.668020440000000049e-01,3.392771553540000014e+02,2.024000000000000000e+03,1.200000000000000000e+01,3.000000000000000000e+00,1.800000000000000000e+01,4.500000000000000000e+01,3.978307999999999822e+01
4.001531445370999762e+01,-8.302942792375999659e+01,1.891399999999999970e+00,-7.080999999999999517e-01,8.252643591937600664e-01,2.356988520763399764e-01,1.209304213462000094e-02,1.232888522999999958e+00,5.957672889999999777e-01,3.392801230189999728e+02,2.024000000000000000e+03,1.200000000000000000e+01,3.000000000000000000e+00,1.800000000000000000e+01,4.500000000000000000e+01,3.984049799999999664e+01
4.001531547846000336e+01,-8.302942842199000495e+01,1.897499999999999964e+00,-7.078999999999999737e-01,4.575746612550000286e-02,1.702081806757400062e-01,-9.441559444838000525e-02,1.286216942000000030e+00,6.218688820000000117e-01,3.392673116089999894e+02,2.024000000000000000e+03,1.200000000000000000e+01,3.000000000000000000e+00,1.800000000000000000e+01,4.500000000000000000e+01,3.989808099999999769e+01
4.001531650068000090e+01,-8.302942893956999626e+01,1.885799999999999921e+00,-7.566000000000000503e-01,-1.543311220648880155e+00,2.320514844424800271e-01,1.033662390520399960e-01,1.255555846000000031e+00,6.327663059999999451e-01,3.392616060899999866e+02,2.024000000000000000e+03,1.200000000000000000e+01,3.000000000000000000e+00,1.800000000000000000e+01,4.500000000000000000e+01,3.995603100000000296e+01
4.001531667107000345e+01,-8.302942902818000448e+01,1.888099999999999890e+00,-7.609000000000000208e-01,-1.329586401137619944e+00,4.258207903016999474e-01,2.660937900830199765e-01,1.243746524000000075e+00,6.318162990000000256e-01,3.392635330589999967e+02,2.024000000000000000e+03,1.200000000000000000e+01,3.000000000000000000e+00,1.800000000000000000e+01,4.500000000000000000e+01,4.001409900000000164e+01
4.001531821121999855e+01,-8.302942982353999923e+01,1.906099999999999905e+00,-7.352999999999999536e-01,9.109325067354601124e-01,1.125989379563599874e-01,3.676775510935400004e-01,1.166388414999999901e+00,5.870716780000000412e-01,3.392740599750000001e+02,2.024000000000000000e+03,1.200000000000000000e+01,3.000000000000000000e+00,1.800000000000000000e+01,4.500000000000000000e+01,4.007211499999999660e+01
4.001531940622000150e+01,-8.302943042031999710e+01,1.888400000000000079e+00,-7.179999999999999716e-01,3.006842440741600009e-01,-5.072410819909800583e-01,2.373672754602400015e-01,1.213608357000000026e+00,5.852068430000000321e-01,3.392595819929999834e+02,2.024000000000000000e+03,1.200000000000000000e+01,3.000000000000000000e+00,1.800000000000000000e+01,4.500000000000000000e+01,4.013115799999999922e+01
4.001532042381000309e+01,-8.302943093019999310e+01,1.881499999999999950e+00,-7.261999999999999567e-01,-2.008977220074999737e-01,-2.739515959199999989e-02,2.610990334712000038e-01,1.210019729000000099e+00,6.216610030000000453e-01,3.392438341490000084e+02,2.024000000000000000e+03,1.200000000000000000e+01,3.000000000000000000e+00,1.800000000000000000e+01,4.500000000000000000e+01,4.019122000000000128e+01
4.001532144742999719e+01,-8.302943143928999348e+01,1.904099999999999904e+00,-7.177000000000000046e-01,5.603946714009200303e-01,5.051644905904399963e-01,5.344527944552000115e-02,1.196026534999999891e+00,6.349222519999999648e-01,3.392453368640000235e+02,2.024000000000000000e+03,1.200000000000000000e+01,3.000000000000000000e+00,1.800000000000000000e+01,4.500000000000000000e+01,4.024862799999999652e+01
4.001532248161999661e+01,-8.302943194559999540e+01,1.921599999999999975e+00,-7.178999999999999826e-01,2.427328514656600100e-01,4.325319910036200532e-01,-4.485604868902199893e-01,1.239101535000000087e+00,6.157079039999999726e-01,3.392683844580000141e+02,2.024000000000000000e+03,1.200000000000000000e+01,3.000000000000000000e+00,1.800000000000000000e+01,4.500000000000000000e+01,4.030746200000000101e+01
4.001532334758999809e+01,-8.302943236787000103e+01,1.926399999999999890e+00,-7.194000000000000394e-01,1.119137709736600095e-01,2.291997168853000255e-01,-2.416286748509400006e-01,1.287164294999999958e+00,5.996178490000000361e-01,3.392803349039999716e+02,2.024000000000000000e+03,1.200000000000000000e+01,3.000000000000000000e+00,1.800000000000000000e+01,4.500000000000000000e+01,4.036572400000000016e+01
4.001532455238000097e+01,-8.302943296053000211e+01,1.900300000000000100e+00,-7.258999999999999897e-01,-5.179221606295000280e-01,-5.102636359750599704e-01,2.516670985115599946e-01,1.316450069000000056e+00,5.520443470000000463e-01,3.392675388040000257e+02,2.024000000000000000e+03,1.200000000000000000e+01,3.000000000000000000e+00,1.800000000000000000e+01,4.500000000000000000e+01,4.042344700000000302e+01
4.001532540229000290e+01,-8.302943338660000450e+01,1.878500000000000059e+00,-7.266000000000000236e-01,-2.569923988487199940e-01,-6.934007626825600124e-01,3.249631283291199990e-01,1.295829826999999934e+00,5.358921330000000482e-01,3.392603415639999866e+02,2.024000000000000000e+03,1.200000000000000000e+01,3.000000000000000000e+00,1.800000000000000000e+01,4.500000000000000000e+01,4.048180500000000137e+01
4.001532641541999880e+01,-8.302943389252999395e+01,1.865299999999999958e+00,-7.133000000000000451e-01,9.481782267140000109e-02,-7.300550110664599801e-01,4.605774429528000091e-01,1.306032770000000065e+00,5.137927679999999553e-01,3.392715163529999813e+02,2.024000000000000000e+03,1.200000000000000000e+01,3.000000000000000000e+00,1.800000000000000000e+01,4.500000000000000000e+01,4.054050900000000013e+01
4.001532741577000252e+01,-8.302943439858999852e+01,1.828699999999999992e+00,-7.284000000000000474e-01,-1.221867208919739989e+00,-1.224818399014119930e+00,3.102561355745400151e-01,1.327591133999999951e+00,4.954269510000000043e-01,3.393036153510000190e+02,2.024000000000000000e+03,1.200000000000000000e+01,3.000000000000000000e+00,1.800000000000000000e+01,4.500000000000000000e+01,4.059967199999999821e+01
4.001532839717999934e+01,-8.302943491160000633e+01,1.800799999999999956e+00,-7.321999999999999620e-01,-5.809794377182799785e-01,-9.035215080914399399e-01,-1.820295934845800045e-01,1.261307619999999963e+00,5.166394429999999760e-01,3.393114422119999745e+02,2.024000000000000000e+03,1.200000000000000000e+01,3.000000000000000000e+00,1.800000000000000000e+01,4.500000000000000000e+01,4.065945500000000123e+01
4.001532936947999985e+01,-8.302943542175999880e+01,1.798899999999999944e+00,-7.158999999999999808e-01,5.693720033247600121e-01,-2.179799491695600111e-01,-7.412273012864599719e-01,1.176128843000000090e+00,5.519995220000000202e-01,3.392766306569999983e+02,2.024000000000000000e+03,1.200000000000000000e+01,3.000000000000000000e+00,1.800000000000000000e+01,4.500000000000000000e+01,4.071891099999999852e+01
4.001533034135999856e+01,-8.302943591787000344e+01,1.797500000000000098e+00,-6.976999999999999869e-01,4.270121290749999687e-01,-2.467980405804800215e-01,-7.672164940177200743e-01,1.171781935999999913e+00,5.682399919999999716e-01,3.392282727799999975e+02,2.024000000000000000e+03,1.200000000000000000e+01,3.000000000000000000e+00,1.800000000000000000e+01,4.500000000000000000e+01,4.078150600000000026e+01
4.001533130643999669e+01,-8.302943640850000406e+01,1.782000000000000028e+00,-6.901000000000000467e-01,3.582229129598000217e-01,-4.266227041821999966e-01,-4.241848416502799757e-01,1.175286674000000087e+00,5.760633790000000420e-01,3.392016025880000143e+02,2.024000000000000000e+03,1.200000000000000000e+01,3.000000000000000000e+00,1.800000000000000000e+01,4.500000000000000000e+01,4.083999200000000229e+01
4.001533226579999791e+01,-8.302943689274999883e+01,1.766999999999999904e+00,-6.824999999999999956e-01,1.802860774516200082e-01,-6.431547645824400306e-01,4.140262639787600230e-01,1.189574823999999920e+00,5.600507019999999558e-01,3.391868146749999937e+02,2.024000000000000000e+03,1.200000000000000000e+01,3.000000000000000000e+00,1.800000000000000000e+01,4.500000000000000000e+01,4.090099099999999765e+01
4.001533321920999953e+01,-8.302943736541000419e+01,1.756999999999999895e+00,-6.598000000000000531e-01,6.042436082141600107e-01,-7.541782973091399889e-01,4.081221681557400394e-01,1.234842307000000083e+00,5.452696070000000450e-01,3.391677522680000152e+02,2.024000000000000000e+03,1.200000000000000000e+01,3.000000000000000000e+00,1.800000000000000000e+01,4.500000000000000000e+01,4.095912700000000228e+01
4.001533337768999843e+01,-8.302943744255000524e+01,1.757200000000000095e+00,-6.556999999999999496e-01,6.435115398194399816e-01,-6.134559153169599766e-01,1.596661558132599912e-01,1.241305346999999948e+00,5.568767159999999938e-01,3.391606420190000222e+02,2.024000000000000000e+03,1.200000000000000000e+01,3.000000000000000000e+00,1.800000000000000000e+01,4.500000000000000000e+01,4.101876299999999986e+01
4.001533463938000068e+01,-8.302943804922999504e+01,1.741500000000000048e+00,-6.459000000000000297e-01,-6.626477293791999124e-02,-1.846803982610200068e-01,-9.657840153473999656e-02,1.357385271999999921e+00,5.715239680000000488e-01,3.390608953770000085e+02,2.024000000000000000e+03,1.200000000000000000e+01,3.000000000000000000e+00,1.800000000000000000e+01,4.500000000000000000e+01,4.107708099999999973e+01
4.001533604093000207e+01,-8.302943874310000183e+01,1.718199999999999950e+00,-6.755999999999999783e-01,-6.782702794080999187e-01,-1.394269172103800025e-01,-3.013369273427800032e-01,1.395552254000000048e+00,5.368876970000000526e-01,3.389200202449999892e+02,2.024000000000000000e+03,1.200000000000000000e+01,3.000000000000000000e+00,1.800000000000000000e+01,4.500000000000000000e+01,4.113642399999999810e+01
4.001533696351999936e+01,-8.302943921931000659e+01,1.699300000000000033e+00,-6.879999999999999449e-01,-4.105997575427599577e-01,-3.596028603840999982e-01,-2.832098044358200006e-01,1.389022159999999895e+00,5.192955240000000083e-01,3.388437844860000041e+02,2.024000000000000000e+03,1.200000000000000000e+01,3.000000000000000000e+00,1.800000000000000000e+01,4.500000000000000000e+01,4.119561600000000112e+01
4.001533787414000187e+01,-8.302943970430999343e+01,1.671599999999999975e+00,-7.022000000000000464e-01,-7.396125015737600172e-01,-6.651357776364399399e-01,5.656544142530000457e-02,1.383344203000000050e+00,4.920098010000000244e-01,3.387917382260000068e+02,2.024000000000000000e+03,1.200000000000000000e+01,3.000000000000000000e+00,1.800000000000000000e+01,4.500000000000000000e+01,4.125422799999999768e+01
4.001533862109000239e+01,-8.302944011424999360e+01,1.645999999999999908e+00,-7.049999999999999600e-01,-2.964252098019599657e-01,-9.262981268773000654e-01,3.279017250406600081e-01,1.332650561999999983e+00,4.848079750000000021e-01,3.387434640409999815e+02,2.024000000000000000e+03,1.200000000000000000e+01,3.000000000000000000e+00,1.800000000000000000e+01,4.500000000000000000e+01,4.131281700000000257e+01
4.001533950057999789e+01,-8.302944060568999873e+01,1.611299999999999955e+00,-6.996999999999999886e-01,-7.518841122397999788e-02,-1.092696065908840053e+00,3.896992282029999866e-02,1.234327524000000009e+00,5.132019039999999865e-01,3.386856958480000230e+02,2.024000000000000000e+03,1.200000000000000000e+01,3.000000000000000000e+00,1.800000000000000000e+01,4.500000000000000000e+01,4.137147800000000331e+01
4.001534036750999945e+01,-8.302944108853000671e+01,1.599299999999999944e+00,-6.822000000000000286e-01,5.108633309312400339e-01,-5.167919153484399342e-01,1.640926422513800109e-01,1.146073048000000094e+00,5.819650309999999660e-01,3.386225213499999995e+02,2.024000000000000000e+03,1.200000000000000000e+01,3.000000000000000000e+00,1.800000000000000000e+01,4.500000000000000000e+01,4.143061900000000009e+01
4.001534123564999845e+01,-8.302944155458999376e+01,1.611699999999999910e+00,-6.626999999999999558e-01,4.226028891522799480e-01,2.599491369253199569e-01,4.238736767181000009e-01,1.123049278000000095e+00,6.104679939999999583e-01,3.385415471300000263e+02,2.024000000000000000e+03,1.200000000000000000e+01,3.000000000000000000e+00,1.800000000000000000e+01,4.500000000000000000e+01,4.149030900000000344e+01
4.001534211202999813e+01,-8.302944200684000009e+01,1.622500000000000053e+00,-6.431999999999999940e-01,3.488603741395199798e-01,-7.109394736558000139e-02,3.275431146239999800e-03,1.158533009999999974e+00,5.676793039999999957e-01,3.384595825019999893e+02,2.024000000000000000e+03,1.200000000000000000e+01,3.000000000000000000e+00,1.800000000000000000e+01,4.500000000000000000e+01,4.155138099999999923e+01
4.001534298180000349e+01,-8.302944245544999546e+01,1.598300000000000054e+00,-6.373999999999999666e-01,9.576747913218000563e-02,-8.970555903400999620e-01,-1.839172213623599950e-01,1.176962958999999920e+00,5.172492960000000251e-01,3.383977446210000153e+02,2.024000000000000000e+03,1.200000000000000000e+01,3.000000000000000000e+00,1.800000000000000000e+01,4.500000000000000000e+01,4.161386999999999858e+01
4.001534383850999887e+01,-8.302944290023999940e+01,1.574600000000000000e+00,-6.332999999999999741e-01,2.509185121786000269e-02,-7.494806062600599672e-01,-5.622064641952599917e-01,1.175559049999999939e+00,5.101093930000000221e-01,3.383444709610000132e+02,2.024000000000000000e+03,1.200000000000000000e+01,3.000000000000000000e+00,1.800000000000000000e+01,4.500000000000000000e+01,4.167324500000000143e+01
4.001534454386000306e+01,-8.302944326667000041e+01,1.559600000000000097e+00,-6.272999999999999687e-01,3.816006177740000060e-02,-5.936837482801600174e-01,-3.895427839399600023e-01,1.190615549000000106e+00,5.280716159999999659e-01,3.382926681800000210e+02,2.024000000000000000e+03,1.200000000000000000e+01,3.000000000000000000e+00,1.800000000000000000e+01,4.500000000000000000e+01,4.173136800000000335e+01
4.001534552438000247e+01,-8.302944377656000086e+01,1.548499999999999988e+00,-6.253999999999999559e-01,-3.300714648001999707e-02,-3.841478513045399890e-01,-2.154847118646200099e-01,1.238682346999999906e+00,5.639668009999999621e-01,3.381983778239999765e+02,2.024000000000000000e+03,1.200000000000000000e+01,3.000000000000000000e+00,1.800000000000000000e+01,4.500000000000000000e+01,4.179049899999999695e+01
4.001534635707000120e+01,-8.302944422374000055e+01,1.532100000000000017e+00,-6.501000000000000112e-01,-8.622138719157399489e-01,-2.776726386184399931e-01,4.099760785680799935e-01,1.256515008999999905e+00,5.978696940000000071e-01,3.381185498439999719e+02,2.024000000000000000e+03,1.200000000000000000e+01,3.000000000000000000e+00,1.800000000000000000e+01,4.500000000000000000e+01,4.184958499999999759e+01
4.001534718608999697e+01,-8.302944468504000497e+01,1.533199999999999896e+00,-6.674999999999999822e-01,-4.913385377393800213e-01,1.517315995042200216e-01,4.676593418425199489e-01,1.208443084000000001e+00,6.107495029999999714e-01,3.380396701939999957e+02,2.024000000000000000e+03,1.200000000000000000e+01,3.000000000000000000e+00,1.800000000000000000e+01,4.500000000000000000e+01,4.190793500000000193e+01
4.001534787757999823e+01,-8.302944506887000387e+01,1.530299999999999994e+00,-6.601000000000000201e-01,-1.690414681369200034e-01,-5.244906285215600317e-01,-4.573341943139999990e-03,1.176375425000000030e+00,6.040900249999999749e-01,3.379673477050000088e+02,2.024000000000000000e+03,1.200000000000000000e+01,3.000000000000000000e+00,1.800000000000000000e+01,4.500000000000000000e+01,4.196688000000000329e+01
4.001534801523000340e+01,-8.302944514556000399e+01,1.527400000000000091e+00,-6.578000000000000513e-01,-1.808799631669999811e-02,-2.695361744609999777e-01,1.456061821471199835e-01,1.174368081999999980e+00,6.016997429999999536e-01,3.379527035790000014e+02,2.024000000000000000e+03,1.200000000000000000e+01,3.000000000000000000e+00,1.800000000000000000e+01,4.500000000000000000e+01,4.202552699999999675e+01
4.001534911190000088e+01,-8.302944574788999432e+01,1.507700000000000040e+00,-6.513999999999999790e-01,-6.501373445988999356e-01,-6.179323789128600142e-01,7.739649899953600087e-01,1.171902680999999946e+00,6.073057830000000434e-01,3.378062399249999999e+02,2.024000000000000000e+03,1.200000000000000000e+01,3.000000000000000000e+00,1.800000000000000000e+01,4.500000000000000000e+01,4.208404500000000326e+01
4.001535032150000148e+01,-8.302944645402000390e+01,1.476199999999999957e+00,-6.965999999999999970e-01,-1.196272402191760120e+00,-1.633242000387200021e-01,4.287970406662000578e-01,1.056910092999999939e+00,6.272543560000000129e-01,3.376633008129999780e+02,2.024000000000000000e+03,1.200000000000000000e+01,3.000000000000000000e+00,1.800000000000000000e+01,4.500000000000000000e+01,4.214346499999999907e+01
4.001535111834999725e+01,-8.302944694245999813e+01,1.471799999999999997e+00,-6.961000000000000520e-01,9.351008394627999265e-02,-1.983078917667200070e-01,2.302935914427599873e-01,9.406680889999999851e-01,6.145157999999999454e-01,3.375871224919999918e+02,2.024000000000000000e+03,1.200000000000000000e+01,3.000000000000000000e+00,1.800000000000000000e+01,4.500000000000000000e+01,4.220306099999999816e+01
4.001535191474999920e+01,-8.302944742491999364e+01,1.472399999999999931e+00,-6.784999999999999920e-01,6.405531841331799647e-01,-3.709863059908000138e-01,6.208492537081999885e-02,8.618003789999999498e-01,5.916973319999999648e-01,3.374906943429999728e+02,2.024000000000000000e+03,1.200000000000000000e+01,3.000000000000000000e+00,1.800000000000000000e+01,4.500000000000000000e+01,4.226673000000000258e+01
4.001535284313000318e+01,-8.302944796846999509e+01,1.468199999999999950e+00,-6.525999999999999579e-01,5.706957580619199666e-01,-5.536419580644200700e-01,-1.492556404621599997e-01,8.162316299999999858e-01,5.910157069999999457e-01,3.373480137939999963e+02,2.024000000000000000e+03,1.200000000000000000e+01,3.000000000000000000e+00,1.800000000000000000e+01,4.500000000000000000e+01,4.232575500000000090e+01
4.001535363776000054e+01,-8.302944841987999780e+01,1.469799999999999995e+00,-6.398000000000000353e-01,3.280808359125000351e-01,-1.475432428877800073e-01,-3.164668036197999801e-02,8.104318799999999934e-01,5.979823909999999465e-01,3.372258828770000036e+02,2.024000000000000000e+03,1.200000000000000000e+01,3.000000000000000000e+00,1.800000000000000000e+01,4.500000000000000000e+01,4.238737900000000280e+01
4.001535443062000041e+01,-8.302944886829000382e+01,1.466800000000000104e+00,-6.368000000000000327e-01,2.529919033758799563e-01,-1.404815279098400038e-01,-2.725073463394800388e-01,7.999353879999999695e-01,6.087141759999999957e-01,3.371192344030000072e+02,2.024000000000000000e+03,1.200000000000000000e+01,3.000000000000000000e+00,1.800000000000000000e+01,4.500000000000000000e+01,4.245065799999999712e+01
4.001535522324000027e+01,-8.302944931428000075e+01,1.469200000000000061e+00,-6.337000000000000410e-01,2.944839528440200138e-01,6.303256077431999838e-02,-3.476590298307399851e-01,8.046679350000000008e-01,6.150504500000000263e-01,3.370062415610000244e+02,2.024000000000000000e+03,1.200000000000000000e+01,3.000000000000000000e+00,1.800000000000000000e+01,4.500000000000000000e+01,4.251007599999999798e+01
4.001535601717999668e+01,-8.302944975686000362e+01,1.472299999999999942e+00,-6.321999999999999842e-01,8.162026686688000909e-02,1.832006016387399960e-01,-2.417303064209000152e-01,8.464110479999999992e-01,6.221065559999999772e-01,3.368833847369999717e+02,2.024000000000000000e+03,1.200000000000000000e+01,3.000000000000000000e+00,1.800000000000000000e+01,4.500000000000000000e+01,4.256898000000000337e+01
4.001535681149999846e+01,-8.302945020321000413e+01,1.465600000000000014e+00,-6.440000000000000169e-01,-5.001769203118600071e-01,-1.021884329804400027e-01,-9.247529644499999368e-03,9.069283910000000004e-01,6.079530850000000042e-01,3.367646812259999933e+02,2.024000000000000000e+03,1.200000000000000000e+01,3.000000000000000000e+00,1.800000000000000000e+01,4.500000000000000000e+01,4.263038099999999986e+01
4.001535759776999868e+01,-8.302945066271999508e+01,1.443799999999999972e+00,-6.673000000000000043e-01,-9.837389437188400754e-01,-4.036910351418599996e-01,3.380226844151000276e-01,9.116304509999999528e-01,6.017323089999999652e-01,3.366497343859999773e+02,2.024000000000000000e+03,1.200000000000000000e+01,3.000000000000000000e+00,1.800000000000000000e+01,4.500000000000000000e+01,4.268999800000000278e+01
4.001535837469999990e+01,-8.302945112826000695e+01,1.429599999999999982e+00,-6.673999999999999932e-01,-3.515982016679399802e-01,-4.515500921148800084e-01,7.472180915239999381e-03,8.892700820000000173e-01,6.312105460000000390e-01,3.365237990719999743e+02,2.024000000000000000e+03,1.200000000000000000e+01,3.000000000000000000e+00,1.800000000000000000e+01,4.500000000000000000e+01,4.275175600000000031e+01
4.001535914696999896e+01,-8.302945159815999432e+01,1.426299999999999901e+00,-6.731000000000000316e-01,-1.862734650404199999e-01,-7.526846389621999478e-02,1.942543784382400052e-01,8.668823860000000048e-01,6.752303729999999948e-01,3.363770373169999743e+02,2.024000000000000000e+03,1.200000000000000000e+01,3.000000000000000000e+00,1.800000000000000000e+01,4.500000000000000000e+01,4.281160500000000013e+01
4.001535991766999700e+01,-8.302945207285000606e+01,1.426199999999999912e+00,-6.835999999999999854e-01,-3.710166838694599623e-01,1.682087720394800090e-01,7.834193521733999466e-02,8.415282370000000123e-01,7.141896690000000270e-01,3.362236968789999878e+02,2.024000000000000000e+03,1.200000000000000000e+01,3.000000000000000000e+00,1.800000000000000000e+01,4.500000000000000000e+01,4.287190600000000273e+01
4.001536068819999770e+01,-8.302945255262000046e+01,1.424800000000000066e+00,-6.912000000000000366e-01,-4.291335537009399737e-01,7.144361579221999992e-02,1.498792903309399960e-01,7.983798159999999644e-01,7.445621009999999762e-01,3.360639328130000081e+02,2.024000000000000000e+03,1.200000000000000000e+01,3.000000000000000000e+00,1.800000000000000000e+01,4.500000000000000000e+01,4.293144999999999811e+01
4.001536107330999670e+01,-8.302945279296000081e+01,1.425000000000000044e+00,-6.850000000000000533e-01,1.704240447675400005e-01,-9.703951373513999834e-02,7.584605107170799831e-01,7.910138399999999681e-01,7.396485480000000168e-01,3.359872916639999971e+02,2.024000000000000000e+03,1.200000000000000000e+01,3.000000000000000000e+00,1.800000000000000000e+01,4.500000000000000000e+01,4.299096800000000229e+01
4.001536184556999842e+01,-8.302945327425000244e+01,1.431300000000000017e+00,-6.891000000000000458e-01,-8.447172761047999634e-02,2.100565922633799987e-01,4.208881827934400355e-01,7.926557730000000079e-01,7.256060930000000075e-01,3.358401826470000060e+02,2.024000000000000000e+03,1.200000000000000000e+01,3.000000000000000000e+00,1.800000000000000000e+01,4.500000000000000000e+01,4.304940599999999762e+01
4.001536300605999941e+01,-8.302945400027999767e+01,1.432500000000000107e+00,-6.944000000000000172e-01,-1.798266951560799909e-01,2.478599061665999817e-02,7.284599781440000144e-02,7.931928350000000405e-01,7.018644370000000077e-01,3.355883238619999815e+02,2.024000000000000000e+03,1.200000000000000000e+01,3.000000000000000000e+00,1.800000000000000000e+01,4.500000000000000000e+01,4.310865100000000183e+01
4.001536377918999676e+01,-8.302945448382999416e+01,1.433000000000000052e+00,-6.855999999999999872e-01,1.101918914253599974e-01,-1.647588840039599933e-01,-2.473320294342400139e-01,7.903709110000000093e-01,6.915414229999999884e-01,3.353771102370000108e+02,2.024000000000000000e+03,1.200000000000000000e+01,3.000000000000000000e+00,1.800000000000000000e+01,4.500000000000000000e+01,4.316817700000000002e+01
4.001536454938000276e+01,-8.302945496658000479e+01,1.425499999999999989e+00,-6.885999999999999899e-01,-2.296158683175200110e-01,-1.579149808399600008e-01,-3.836816205638000077e-01,8.124446370000000250e-01,7.041037390000000062e-01,3.351518849049999744e+02,2.024000000000000000e+03,1.200000000000000000e+01,3.000000000000000000e+00,1.800000000000000000e+01,4.500000000000000000e+01,4.322735699999999781e+01
4.001536531549000131e+01,-8.302945546216000139e+01,1.418400000000000105e+00,-7.188999999999999835e-01,-9.623760048323199978e-01,2.477739466912199928e-01,-3.064561230666200120e-01,8.300715749999999504e-01,7.233870030000000284e-01,3.349331505490000040e+02,2.024000000000000000e+03,1.200000000000000000e+01,3.000000000000000000e+00,1.800000000000000000e+01,4.500000000000000000e+01,4.328631699999999682e+01
4.001536607503000198e+01,-8.302945597392999844e+01,1.403699999999999948e+00,-7.385000000000000453e-01,-7.793692647711799593e-01,-3.351308045060000240e-02,-2.062245095725999955e-01,8.227280089999999824e-01,7.416868660000000002e-01,3.347140066700000034e+02,2.024000000000000000e+03,1.200000000000000000e+01,3.000000000000000000e+00,1.800000000000000000e+01,4.500000000000000000e+01,4.334471700000000283e+01
4.001536670171999788e+01,-8.302945640824999884e+01,1.388800000000000034e+00,-7.427000000000000268e-01,-3.276152173972599613e-01,-4.281804039593799516e-01,1.276705039432800004e-01,7.947685079999999846e-01,7.612739600000000273e-01,3.345076705230000016e+02,2.024000000000000000e+03,1.200000000000000000e+01,3.000000000000000000e+00,1.800000000000000000e+01,4.500000000000000000e+01,4.340244400000000269e+01
4.001536745061000033e+01,-8.302945693267000138e+01,1.388900000000000023e+00,-7.468000000000000194e-01,-5.823936356967999300e-02,3.126632773216000277e-02,1.871295245769799831e-01,7.534331389999999740e-01,8.085012440000000078e-01,3.342219864020000273e+02,2.024000000000000000e+03,1.200000000000000000e+01,3.000000000000000000e+00,1.800000000000000000e+01,4.500000000000000000e+01,4.346134299999999939e+01
4.001536820156000118e+01,-8.302945746397000448e+01,1.396500000000000075e+00,-7.620999999999999996e-01,-2.842419867203199724e-01,3.953992637144999600e-01,1.889196828252200089e-01,7.180499030000000449e-01,8.334615739999999828e-01,3.339259971960000257e+02,2.024000000000000000e+03,1.200000000000000000e+01,3.000000000000000000e+00,1.800000000000000000e+01,4.500000000000000000e+01,4.352366099999999705e+01
4.001536895798000160e+01,-8.302945799828999895e+01,1.410199999999999898e+00,-7.563999999999999613e-01,5.078509179345600533e-01,3.337409669793600098e-01,-3.049197906515200285e-01,6.993391220000000352e-01,8.361396719999999450e-01,3.336329773890000183e+02,2.024000000000000000e+03,1.200000000000000000e+01,3.000000000000000000e+00,1.800000000000000000e+01,4.500000000000000000e+01,4.358305500000000166e+01
4.001536971496000206e+01,-8.302945853495999984e+01,1.403499999999999970e+00,-7.651000000000000023e-01,-1.421547632088400182e-01,-2.041188468640000100e-02,3.805641187641999740e-02,7.031988369999999655e-01,8.375905120000000093e-01,3.333447307260000230e+02,2.024000000000000000e+03,1.200000000000000000e+01,3.000000000000000000e+00,1.800000000000000000e+01,4.500000000000000000e+01,4.364183200000000085e+01
4.001537047096000066e+01,-8.302945907634000378e+01,1.397899999999999920e+00,-7.809000000000000385e-01,-8.222734590791199727e-01,1.065679036540800040e-01,3.677308848343999875e-02,7.319666190000000405e-01,8.364635209999999876e-01,3.330575336150000112e+02,2.024000000000000000e+03,1.200000000000000000e+01,3.000000000000000000e+00,1.800000000000000000e+01,4.500000000000000000e+01,4.370144899999999666e+01
4.001537122159000148e+01,-8.302945963262000362e+01,1.386600000000000055e+00,-8.044000000000000039e-01,-9.063936671110199850e-01,9.258080729984000112e-02,2.644707017524600134e-01,7.259059580000000178e-01,8.258728060000000148e-01,3.327553868370000032e+02,2.024000000000000000e+03,1.200000000000000000e+01,3.000000000000000000e+00,1.800000000000000000e+01,4.500000000000000000e+01,4.376193899999999815e+01
4.001537196822999931e+01,-8.302946020154000450e+01,1.379799999999999915e+00,-8.168999999999999595e-01,-5.379697978368800371e-01,-7.645159235934000097e-02,2.278743634019200215e-01,6.926724250000000360e-01,7.988796649999999611e-01,3.324247694669999760e+02,2.024000000000000000e+03,1.200000000000000000e+01,3.000000000000000000e+00,1.800000000000000000e+01,4.500000000000000000e+01,4.382127700000000203e+01
4.001537271098000303e+01,-8.302946077807000336e+01,1.373499999999999943e+00,-8.242000000000000437e-01,-3.191395231325800386e-01,-1.078216361796800055e-01,7.056492695214000577e-02,6.520751089999999861e-01,7.837001249999999697e-01,3.320599085520000244e+02,2.024000000000000000e+03,1.200000000000000000e+01,3.000000000000000000e+00,1.800000000000000000e+01,4.500000000000000000e+01,4.388030700000000195e+01
4.001537344869999657e+01,-8.302946136321999404e+01,1.363399999999999945e+00,-8.400999999999999579e-01,-6.162963318343799290e-01,-3.467317765784000416e-02,-2.048500858781600042e-01,6.130896380000000478e-01,7.824376450000000149e-01,3.316886542909999775e+02,2.024000000000000000e+03,1.200000000000000000e+01,3.000000000000000000e+00,1.800000000000000000e+01,4.500000000000000000e+01,4.393892000000000309e+01
4.001537369326999993e+01,-8.302946155985999610e+01,1.358800000000000008e+00,-8.413000000000000478e-01,-4.610543190564400096e-01,-2.107043157529200073e-01,-4.171909230549999958e-02,5.998022560000000336e-01,7.852337950000000122e-01,3.315637875229999736e+02,2.024000000000000000e+03,1.200000000000000000e+01,3.000000000000000000e+00,1.800000000000000000e+01,4.500000000000000000e+01,4.399830299999999994e+01
4.001537479606999881e+01,-8.302946245030000227e+01,1.367199999999999971e+00,-8.498999999999999888e-01,-3.914255791414000124e-02,2.314767612690999954e-01,1.003610731673599960e-01,5.708622819999999987e-01,7.942307830000000513e-01,3.309952573040000061e+02,2.024000000000000000e+03,1.200000000000000000e+01,3.000000000000000000e+00,1.800000000000000000e+01,4.500000000000000000e+01,4.405717899999999787e+01
4.001537553309000117e+01,-8.302946305324999798e+01,1.364400000000000057e+00,-8.672999999999999599e-01,-5.855624179971400389e-01,2.046213750692200128e-01,-1.383662993483600057e-01,5.755529419999999563e-01,7.741507659999999902e-01,3.305925615429999880e+02,2.024000000000000000e+03,1.200000000000000000e+01,3.000000000000000000e+00,1.800000000000000000e+01,4.500000000000000000e+01,4.411568299999999709e+01
4.001537626518000224e+01,-8.302946366212999862e+01,1.353900000000000103e+00,-8.770999999999999908e-01,-5.807116277874400101e-01,-2.234361627000199801e-01,-5.577103141618199311e-01,5.695604420000000001e-01,7.674161649999999835e-01,3.301626343990000123e+02,2.024000000000000000e+03,1.200000000000000000e+01,3.000000000000000000e+00,1.800000000000000000e+01,4.500000000000000000e+01,4.417281899999999695e+01
4.001537699848000074e+01,-8.302946428110000454e+01,1.350000000000000089e+00,-8.821999999999999842e-01,-2.795806084800399605e-01,-3.922520443313999572e-02,-4.206257217499000389e-01,5.723310299999999629e-01,8.003293519999999939e-01,3.296994820090000076e+02,2.024000000000000000e+03,1.200000000000000000e+01,3.000000000000000000e+00,1.800000000000000000e+01,4.500000000000000000e+01,4.423165000000000191e+01
4.001537772467000309e+01,-8.302946490735999419e+01,1.340400000000000036e+00,-9.002000000000000002e-01,-6.233747731554799554e-01,2.810125898857999960e-02,-6.135181021609999868e-02,5.785741829999999641e-01,8.384675639999999985e-01,3.292158524789999774e+02,2.024000000000000000e+03,1.200000000000000000e+01,3.000000000000000000e+00,1.800000000000000000e+01,4.500000000000000000e+01,4.429153000000000162e+01
4.001537844429999780e+01,-8.302946554945999935e+01,1.327800000000000091e+00,-9.254000000000000004e-01,-7.516225328414199991e-01,1.113085202382800010e-01,3.174392718836600014e-01,5.688908529999999741e-01,8.685076590000000429e-01,3.287321628939999982e+02,2.024000000000000000e+03,1.200000000000000000e+01,3.000000000000000000e+00,1.800000000000000000e+01,4.500000000000000000e+01,4.435230299999999914e+01
4.001537915869000273e+01,-8.302946620477000295e+01,1.319700000000000095e+00,-9.426999999999999824e-01,-5.972359636091000290e-01,1.484682836017000018e-01,2.781905118456000081e-01,5.485432860000000188e-01,8.991143689999999689e-01,3.282421399629999996e+02,2.024000000000000000e+03,1.200000000000000000e+01,3.000000000000000000e+00,1.800000000000000000e+01,4.500000000000000000e+01,4.441132999999999953e+01
4.001537975368000133e+01,-8.302946675697999979e+01,1.321900000000000075e+00,-9.485000000000000098e-01,-2.592383765212800117e-01,1.996459908841400066e-01,5.453208405755000099e-01,5.541331889999999705e-01,9.057190659999999616e-01,3.278175859680000030e+02,2.024000000000000000e+03,1.200000000000000000e+01,3.000000000000000000e+00,1.800000000000000000e+01,4.500000000000000000e+01,4.447185400000000044e+01
4.001538070301000261e+01,-8.302946765167000365e+01,1.311900000000000066e+00,-9.666000000000000147e-01,-7.503552647266400477e-01,2.394078154353999899e-02,3.519794448712800228e-01,5.911625160000000268e-01,9.021462230000000249e-01,3.270907367539999768e+02,2.024000000000000000e+03,1.200000000000000000e+01,3.000000000000000000e+00,1.800000000000000000e+01,4.500000000000000000e+01,4.453460900000000322e+01
4.001538140694999868e+01,-8.302946833848000097e+01,1.294399999999999995e+00,-9.906000000000000361e-01,-1.022003270693939925e+00,-6.071937710055999582e-02,1.492675439458800157e-01,5.786956180000000227e-01,8.894503040000000249e-01,3.265081491199999846e+02,2.024000000000000000e+03,1.200000000000000000e+01,3.000000000000000000e+00,1.800000000000000000e+01,4.500000000000000000e+01,4.459635099999999852e+01
4.001538210396000039e+01,-8.302946904040000220e+01,1.286399999999999988e+00,-1.006799999999999917e+00,-5.087053522080799972e-01,3.591909127063999674e-02,-2.284217455661999990e-02,5.467290310000000320e-01,8.717100979999999888e-01,3.259051053480000064e+02,2.024000000000000000e+03,1.200000000000000000e+01,3.000000000000000000e+00,1.800000000000000000e+01,4.500000000000000000e+01,4.465591599999999772e+01
4.001538268073999660e+01,-8.302946963358999710e+01,1.276100000000000012e+00,-1.022699999999999942e+00,-8.065490297503999928e-01,3.687502726077999948e-02,-3.360321745156599760e-01,5.508176369999999711e-01,8.553700969999999959e-01,3.253949091580000186e+02,2.024000000000000000e+03,1.200000000000000000e+01,3.000000000000000000e+00,1.800000000000000000e+01,4.500000000000000000e+01,4.471716299999999933e+01
4.001538347609999846e+01,-8.302947048478000625e+01,1.250299999999999967e+00,-1.056200000000000028e+00,-1.231663708685059921e+00,-2.589003060038000056e-02,-5.436289232217599299e-01,5.495827159999999711e-01,8.277972200000000003e-01,3.246604697710000096e+02,2.024000000000000000e+03,1.200000000000000000e+01,3.000000000000000000e+00,1.800000000000000000e+01,4.500000000000000000e+01,4.477636300000000347e+01
4.001538414741000338e+01,-8.302947123255999884e+01,1.237200000000000077e+00,-1.067299999999999915e+00,-2.910473147002000105e-01,-2.535060459774399755e-01,-4.297095910896600035e-01,5.079098340000000045e-01,8.119334449999999759e-01,3.239867102480000085e+02,2.024000000000000000e+03,1.200000000000000000e+01,3.000000000000000000e+00,1.800000000000000000e+01,4.500000000000000000e+01,4.483626999999999896e+01
4.001538481191000329e+01,-8.302947198143000662e+01,1.225700000000000012e+00,-1.065600000000000103e+00,-8.570578117485999625e-02,-2.915344711788599996e-01,-1.997710332090799901e-01,4.983365619999999829e-01,8.220497110000000163e-01,3.232907340080000154e+02,2.024000000000000000e+03,1.200000000000000000e+01,3.000000000000000000e+00,1.800000000000000000e+01,4.500000000000000000e+01,4.489992900000000020e+01
4.001538546892000170e+01,-8.302947273741000345e+01,1.209899999999999975e+00,-1.082500000000000018e+00,-5.823124480957200255e-01,-1.202470127035399905e-01,-8.057237322085999964e-02,5.041337590000000146e-01,8.523173969999999766e-01,3.225817036909999729e+02,2.024000000000000000e+03,1.200000000000000000e+01,3.000000000000000000e+00,1.800000000000000000e+01,4.500000000000000000e+01,4.496059199999999834e+01
4.001538557765999826e+01,-8.302947286456999620e+01,1.207100000000000062e+00,-1.086799999999999988e+00,-6.639614041032000369e-01,-5.446984696858000324e-02,-6.331528858366000656e-02,5.063807169999999802e-01,8.556010040000000538e-01,3.224637962869999797e+02,2.024000000000000000e+03,1.200000000000000000e+01,3.000000000000000000e+00,1.800000000000000000e+01,4.500000000000000000e+01,4.501970800000000139e+01
4.001538665435000297e+01,-8.302947414064999521e+01,1.187500000000000000e+00,-1.090999999999999970e+00,-2.263537168788199994e-01,-2.522921755931599730e-01,2.761778559116599974e-01,5.634310740000000317e-01,9.077242890000000175e-01,3.212490182120000100e+02,2.024000000000000000e+03,1.200000000000000000e+01,3.000000000000000000e+00,1.800000000000000000e+01,4.500000000000000000e+01,4.507956200000000280e+01
4.001538729674999928e+01,-8.302947490731000357e+01,1.182600000000000096e+00,-1.096400000000000041e+00,-4.946679625814799919e-01,8.706176269215999686e-02,2.780256480279599818e-01,6.562307440000000325e-01,9.495170139999999925e-01,3.204703651759999730e+02,2.024000000000000000e+03,1.200000000000000000e+01,3.000000000000000000e+00,1.800000000000000000e+01,4.500000000000000000e+01,4.513899399999999673e+01
4.001538803876000117e+01,-8.302947582200999932e+01,1.164800000000000058e+00,-1.133299999999999974e+00,-1.155541263762180026e+00,2.762881184971999748e-01,-5.771863826027999467e-02,7.394378059999999753e-01,9.774782079999999596e-01,3.195312268509999853e+02,2.024000000000000000e+03,1.200000000000000000e+01,3.000000000000000000e+00,1.800000000000000000e+01,4.500000000000000000e+01,4.519771899999999931e+01
4.001538866517999793e+01,-8.302947662869000567e+01,1.147499999999999964e+00,-1.160900000000000043e+00,-1.010409504976400141e+00,1.573867285354799972e-01,-1.877812560066600134e-01,7.762222909999999532e-01,9.855635849999999643e-01,3.187316161300000203e+02,2.024000000000000000e+03,1.200000000000000000e+01,3.000000000000000000e+00,1.800000000000000000e+01,4.500000000000000000e+01,4.525688199999999739e+01
4.001538927872999807e+01,-8.302947745493999321e+01,1.121299999999999963e+00,-1.188199999999999923e+00,-1.137741881979919878e+00,3.235084886526000403e-02,-2.383764520047200186e-01,8.176571569999999678e-01,9.937885739999999801e-01,3.179471837030000074e+02,2.024000000000000000e+03,1.200000000000000000e+01,3.000000000000000000e+00,1.800000000000000000e+01,4.500000000000000000e+01,4.531765999999999650e+01
4.001538987887000332e+01,-8.302947830009000540e+01,1.094000000000000083e+00,-1.217000000000000082e+00,-1.334492768263879858e+00,7.250397034579999893e-03,-2.430244987438599791e-01,8.533777719999999789e-01,1.015918386000000062e+00,3.171471435550000137e+02,2.024000000000000000e+03,1.200000000000000000e+01,3.000000000000000000e+00,1.800000000000000000e+01,4.500000000000000000e+01,4.537683200000000028e+01
4.001539046485000028e+01,-8.302947916802000350e+01,1.071299999999999919e+00,-1.251300000000000079e+00,-1.282987546506559884e+00,3.157456565564000228e-01,-6.046717033461999208e-02,8.419246030000000491e-01,1.060596620999999962e+00,3.163069631449999974e+02,2.024000000000000000e+03,1.200000000000000000e+01,3.000000000000000000e+00,1.800000000000000000e+01,4.500000000000000000e+01,4.543684799999999768e+01
4.001539104049999906e+01,-8.302948006219999399e+01,1.050999999999999934e+00,-1.294100000000000028e+00,-1.610181628838179835e+00,4.902555137565999810e-01,1.358294126515199873e-01,7.848448359999999902e-01,1.095622177999999947e+00,3.154354991359999758e+02,2.024000000000000000e+03,1.200000000000000000e+01,3.000000000000000000e+00,1.800000000000000000e+01,4.500000000000000000e+01,4.549648299999999779e+01
4.001539160702999709e+01,-8.302948098919000586e+01,1.034100000000000019e+00,-1.344000000000000083e+00,-1.762832358410880040e+00,6.890847103238399995e-01,1.881172518756000014e-02,6.934274000000000271e-01,1.111887660000000055e+00,3.145636699570000019e+02,2.024000000000000000e+03,1.200000000000000000e+01,3.000000000000000000e+00,1.800000000000000000e+01,4.500000000000000000e+01,4.555626500000000334e+01
4.001539207073000171e+01,-8.302948178942999391e+01,1.017800000000000038e+00,-1.387699999999999934e+00,-1.726061924987219998e+00,7.710821331523000088e-01,1.327928288246000080e-02,5.844510160000000454e-01,1.112956499000000044e+00,3.138474874739999905e+02,2.024000000000000000e+03,1.200000000000000000e+01,3.000000000000000000e+00,1.800000000000000000e+01,4.500000000000000000e+01,4.561594300000000146e+01
4.001539270632000012e+01,-8.302948294480999891e+01,9.941999999999999726e-01,-1.428600000000000092e+00,-1.218786942091740100e+00,3.719617422258399975e-01,-5.944453723793999972e-02,3.939114149999999870e-01,1.074897108999999906e+00,3.128540642689999913e+02,2.024000000000000000e+03,1.200000000000000000e+01,3.000000000000000000e+00,1.800000000000000000e+01,4.500000000000000000e+01,4.567623600000000295e+01
4.001539324024000166e+01,-8.302948394757000017e+01,9.779999999999999805e-01,-1.425100000000000033e+00,-1.764541818288799802e-01,-4.348464991074599828e-01,1.380296727026799897e-01,2.414320620000000028e-01,1.027497585000000102e+00,3.120043864799999938e+02,2.024000000000000000e+03,1.200000000000000000e+01,3.000000000000000000e+00,1.800000000000000000e+01,4.500000000000000000e+01,4.573702399999999813e+01
4.001539376214999777e+01,-8.302948493905999783e+01,9.533000000000000362e-01,-1.394500000000000073e+00,2.815125334351200048e-01,-1.256188234257280101e+00,2.185309889967599895e-01,1.224805149999999981e-01,1.001605552000000010e+00,3.111524283690000061e+02,2.024000000000000000e+03,1.200000000000000000e+01,3.000000000000000000e+00,1.800000000000000000e+01,4.500000000000000000e+01,4.579640400000000255e+01
4.001539428571999935e+01,-8.302948590107999394e+01,9.688999999999999835e-01,-1.347699999999999898e+00,1.040001178982159935e+00,-9.344497616457398959e-01,2.551368098821999927e-02,1.218525180000000069e-01,9.901252179999999736e-01,3.102728813179999747e+02,2.024000000000000000e+03,1.200000000000000000e+01,3.000000000000000000e+00,1.800000000000000000e+01,4.500000000000000000e+01,4.585414200000000307e+01
4.001539472846000223e+01,-8.302948668013999622e+01,9.824000000000000510e-01,-1.316000000000000059e+00,8.673347259823200872e-01,-7.134487873790800183e-01,-1.712832780525999909e-01,2.330414809999999948e-01,9.829919489999999760e-01,3.095213113820000217e+02,2.024000000000000000e+03,1.200000000000000000e+01,3.000000000000000000e+00,1.800000000000000000e+01,4.500000000000000000e+01,4.591413699999999665e+01
4.001539516246000261e+01,-8.302948745240000505e+01,9.473000000000000309e-01,-1.316599999999999993e+00,-8.994827432025599423e-01,-8.061260181911800160e-01,-3.723126127069999874e-02,3.508136250000000178e-01,9.912548559999999620e-01,3.087700451349999753e+02,2.024000000000000000e+03,1.200000000000000000e+01,3.000000000000000000e+00,1.800000000000000000e+01,4.500000000000000000e+01,4.597536499999999648e+01
4.001539557771000233e+01,-8.302948822518999350e+01,8.939000000000000279e-01,-1.322200000000000042e+00,-1.797115013473520095e+00,-1.116332162550000007e+00,1.962446990987399831e-01,4.252021260000000136e-01,1.001366076000000049e+00,3.080507699799999841e+02,2.024000000000000000e+03,1.200000000000000000e+01,3.000000000000000000e+00,1.800000000000000000e+01,4.500000000000000000e+01,4.603549600000000197e+01
4.001539627473000138e+01,-8.302948962876000394e+01,8.235999999999999988e-01,-1.338600000000000012e+00,-1.331401782749599860e+00,-5.609681226789999808e-01,-2.287208472358600031e-01,4.805229460000000064e-01,1.064682254000000050e+00,3.068110861249999743e+02,2.024000000000000000e+03,1.200000000000000000e+01,3.000000000000000000e+00,1.800000000000000000e+01,4.500000000000000000e+01,4.609616599999999664e+01
4.001539670721000164e+01,-8.302949057498000229e+01,7.712999999999999856e-01,-1.351299999999999946e+00,-1.536985525170139866e+00,-6.836280943852600656e-01,3.228344021167199873e-01,5.194244350000000177e-01,1.054064109000000027e+00,3.059815859990000035e+02,2.024000000000000000e+03,1.200000000000000000e+01,3.000000000000000000e+00,1.800000000000000000e+01,4.500000000000000000e+01,4.615650800000000231e+01
4.001539704385999840e+01,-8.302949137244000610e+01,7.193000000000000504e-01,-1.365099999999999980e+00,-1.767307138159480040e+00,-8.466290878196000014e-01,4.907910083849599814e-01,4.793176069999999789e-01,1.008925161000000070e+00,3.052594740339999930e+02,2.024000000000000000e+03,1.200000000000000000e+01,3.000000000000000000e+00,1.800000000000000000e+01,4.500000000000000000e+01,4.621591500000000252e+01
4.001539748620000125e+01,-8.302949249376000296e+01,6.741000000000000325e-01,-1.367599999999999927e+00,-1.086155848668540091e+00,-7.839101830719400477e-01,-1.448959080843999908e-02,3.018126689999999779e-01,9.848834850000000030e-01,3.041996544840000070e+02,2.024000000000000000e+03,1.200000000000000000e+01,3.000000000000000000e+00,1.800000000000000000e+01,4.500000000000000000e+01,4.627603200000000072e+01
4.001539784863999927e+01,-8.302949345515000346e+01,6.568000000000000504e-01,-1.365099999999999980e+00,-4.512106982108600173e-01,-5.233683204799600697e-01,-1.046075701396400048e-01,1.720960039999999969e-01,9.980685580000000501e-01,3.033180638950000230e+02,2.024000000000000000e+03,1.200000000000000000e+01,3.000000000000000000e+00,1.800000000000000000e+01,4.500000000000000000e+01,4.633586300000000335e+01
4.001539820565999861e+01,-8.302949441255999830e+01,6.586999999999999522e-01,-1.358600000000000030e+00,2.606318943275399702e-01,-9.668828636785999076e-02,-4.955552248010200445e-01,1.230347259999999970e-01,1.023700445000000014e+00,3.024987239480000198e+02,2.024000000000000000e+03,1.200000000000000000e+01,3.000000000000000000e+00,1.800000000000000000e+01,4.500000000000000000e+01,4.639624299999999835e+01
4.001539856499999814e+01,-8.302949536498999805e+01,6.673000000000000043e-01,-1.352200000000000069e+00,4.451287605861399821e-01,8.179231934316000263e-02,-4.455299647735199708e-01,1.297166590000000119e-01,1.048664679000000044e+00,3.016885093299999880e+02,2.024000000000000000e+03,1.200000000000000000e+01,3.000000000000000000e+00,1.800000000000000000e+01,4.500000000000000000e+01,4.645607400000000098e+01
4.001539886826000014e+01,-8.302949615551999329e+01,6.726999999999999647e-01,-1.347699999999999898e+00,2.494851951809999857e-01,3.848890258079999856e-03,3.511818791272600104e-01,1.664654700000000043e-01,1.048816454000000009e+00,3.009862401130000080e+02,2.024000000000000000e+03,1.200000000000000000e+01,3.000000000000000000e+00,1.800000000000000000e+01,4.500000000000000000e+01,4.651616800000000040e+01
4.001539930241000320e+01,-8.302949726555000609e+01,6.899999999999999467e-01,-1.359199999999999964e+00,-1.167061658817999947e-02,4.629072929934600622e-01,6.333506069130000193e-02,2.799418750000000067e-01,1.014437860999999996e+00,2.999619387970000162e+02,2.024000000000000000e+03,1.200000000000000000e+01,3.000000000000000000e+00,1.800000000000000000e+01,4.500000000000000000e+01,4.657738899999999660e+01
4.001539966810000237e+01,-8.302949822767999422e+01,6.513999999999999790e-01,-1.377599999999999936e+00,-1.604230364566459954e+00,-2.162776648083800102e-01,5.537929214479599960e-01,4.091673699999999747e-01,9.600243699999999603e-01,2.990990268940000192e+02,2.024000000000000000e+03,1.200000000000000000e+01,3.000000000000000000e+00,1.800000000000000000e+01,4.500000000000000000e+01,4.663909100000000052e+01
4.001540000119000240e+01,-8.302949920282000562e+01,5.806000000000000050e-01,-1.392200000000000104e+00,-2.046100965946980210e+00,-7.613648620904199804e-01,4.557500911232599816e-01,4.258126970000000178e-01,9.399353289999999861e-01,2.982952799779999964e+02,2.024000000000000000e+03,1.200000000000000000e+01,3.000000000000000000e+00,1.800000000000000000e+01,4.500000000000000000e+01,4.669812199999999791e+01
4.001540029905000040e+01,-8.302950018392999709e+01,5.185999999999999499e-01,-1.396400000000000086e+00,-2.627991216780840134e+00,-1.271733892340499938e+00,5.359088801231000065e-01,3.571086379999999783e-01,9.632252019999999471e-01,2.975078850319999901e+02,2.024000000000000000e+03,1.200000000000000000e+01,3.000000000000000000e+00,1.800000000000000000e+01,4.500000000000000000e+01,4.675585199999999730e+01
4.001540052714000240e+01,-8.302950100220999730e+01,4.879000000000000004e-01,-1.398800000000000043e+00,-1.180812101569959971e+00,-4.264512038471999777e-01,1.039168789211799837e-01,2.880302969999999907e-01,9.977620019999999812e-01,2.968177170480000200e+02,2.024000000000000000e+03,1.200000000000000000e+01,3.000000000000000000e+00,1.800000000000000000e+01,4.500000000000000000e+01,4.681474000000000046e+01
4.001540082627000317e+01,-8.302950215695000225e+01,4.585000000000000187e-01,-1.419300000000000006e+00,-9.829624452881399188e-01,3.466184281070999740e-01,-2.941688550682000081e-01,1.983563230000000011e-01,1.020218080000000027e+00,2.957754561899999999e+02,2.024000000000000000e+03,1.200000000000000000e+01,3.000000000000000000e+00,1.800000000000000000e+01,4.500000000000000000e+01,4.687371600000000171e+01
4.001540107065000029e+01,-8.302950316400000474e+01,4.405000000000000027e-01,-1.446700000000000097e+00,-9.378888618844600789e-01,6.250945091911999096e-01,-5.846473453550999899e-01,1.003352930000000059e-01,1.035498287000000017e+00,2.948452926350000212e+02,2.024000000000000000e+03,1.200000000000000000e+01,3.000000000000000000e+00,1.800000000000000000e+01,4.500000000000000000e+01,4.693371799999999894e+01
4.001540115045000334e+01,-8.302950350458000628e+01,4.375999999999999890e-01,-1.457799999999999985e+00,-8.227034272020798955e-01,7.684139517865199442e-01,-7.064868946667199889e-01,6.419059100000000517e-02,1.032756307999999956e+00,2.945428027660000225e+02,2.024000000000000000e+03,1.200000000000000000e+01,3.000000000000000000e+00,1.800000000000000000e+01,4.500000000000000000e+01,4.699435799999999830e+01
4.001540138947999736e+01,-8.302950453635000372e+01,4.444000000000000172e-01,-1.477800000000000002e+00,1.991339038770000014e-02,7.581408814337400326e-01,-6.058616751676400014e-01,-3.034480100000000111e-02,1.062136404999999950e+00,2.936817162219999773e+02,2.024000000000000000e+03,1.200000000000000000e+01,3.000000000000000000e+00,1.800000000000000000e+01,4.500000000000000000e+01,4.705453099999999722e+01
4.001540176222000156e+01,-8.302950610793999431e+01,4.753999999999999893e-01,-1.497800000000000020e+00,4.447313758487400071e-01,6.681631247202999280e-01,-3.457568366953999578e-02,-9.512476000000000612e-03,1.104788207999999994e+00,2.924746636849999959e+02,2.024000000000000000e+03,1.200000000000000000e+01,3.000000000000000000e+00,1.800000000000000000e+01,4.500000000000000000e+01,4.711472799999999950e+01
4.001540201859999968e+01,-8.302950717010999426e+01,4.806000000000000272e-01,-1.512799999999999923e+00,-2.431018875638799870e-01,5.876845447215800489e-01,-2.298187230575200191e-01,8.402940899999999935e-02,1.129266450000000033e+00,2.916135873540000034e+02,2.024000000000000000e+03,1.200000000000000000e+01,3.000000000000000000e+00,1.800000000000000000e+01,4.500000000000000000e+01,4.717333399999999699e+01
4.001540231266999825e+01,-8.302950842634000139e+01,4.677000000000000046e-01,-1.536100000000000021e+00,-4.405880207358999767e-01,5.493647487782999939e-01,6.786413883929999502e-02,1.771041959999999915e-01,1.151723661999999981e+00,2.905075091609999731e+02,2.024000000000000000e+03,1.200000000000000000e+01,3.000000000000000000e+00,1.800000000000000000e+01,4.500000000000000000e+01,4.723339699999999652e+01
4.001540251526999725e+01,-8.302950933617999851e+01,4.460000000000000075e-01,-1.555800000000000072e+00,-1.007946289842220011e+00,4.926980863240399966e-01,1.141103206204800019e-01,2.360447479999999987e-01,1.166247950000000033e+00,2.896790353900000241e+02,2.024000000000000000e+03,1.200000000000000000e+01,3.000000000000000000e+00,1.800000000000000000e+01,4.500000000000000000e+01,4.729289599999999893e+01
4.001540277744000207e+01,-8.302951063797999609e+01,3.941999999999999948e-01,-1.602500000000000036e+00,-1.903723790490979839e+00,7.350956439331199910e-01,2.032079975558200302e-01,3.138107780000000124e-01,1.161606501999999930e+00,2.885547453959999871e+02,2.024000000000000000e+03,1.200000000000000000e+01,3.000000000000000000e+00,1.800000000000000000e+01,4.500000000000000000e+01,4.735316499999999706e+01
4.001540294400000164e+01,-8.302951158940000198e+01,3.543999999999999928e-01,-1.632400000000000073e+00,-1.960217191557200200e+00,6.692071984193800338e-01,5.198098327975000377e-01,3.424524870000000276e-01,1.146529020000000010e+00,2.878039284199999770e+02,2.024000000000000000e+03,1.200000000000000000e+01,3.000000000000000000e+00,1.800000000000000000e+01,4.500000000000000000e+01,4.741411000000000087e+01
4.001540312312000225e+01,-8.302951275080999949e+01,3.130000000000000004e-01,-1.659200000000000008e+00,-1.779187495669699803e+00,4.278163619791000571e-01,4.474391597409199672e-01,3.418817279999999958e-01,1.119006694999999940e+00,2.869210728090000089e+02,2.024000000000000000e+03,1.200000000000000000e+01,3.000000000000000000e+00,1.800000000000000000e+01,4.500000000000000000e+01,4.747323300000000046e+01
4.001540328064000107e+01,-8.302951393083000653e+01,2.777000000000000024e-01,-1.683799999999999963e+00,-1.427068605210120023e+00,4.391936534417399951e-01,7.606297131992000027e-02,2.971211850000000099e-01,1.077223174000000006e+00,2.860095728489999942e+02,2.024000000000000000e+03,1.200000000000000000e+01,3.000000000000000000e+00,1.800000000000000000e+01,4.500000000000000000e+01,4.753121000000000151e+01
4.001540342177000298e+01,-8.302951512375000220e+01,2.550000000000000044e-01,-1.698099999999999943e+00,-7.948809142261801242e-01,3.184594783490800052e-01,-2.160162181394600089e-01,2.389553980000000133e-01,1.029089485999999942e+00,2.850536999880000053e+02,2.024000000000000000e+03,1.200000000000000000e+01,3.000000000000000000e+00,1.800000000000000000e+01,4.500000000000000000e+01,4.759055599999999941e+01
4.001540355128999948e+01,-8.302951632744999699e+01,2.331000000000000016e-01,-1.713300000000000045e+00,-8.230903975668800721e-01,3.093442450634399932e-01,-3.932720562401400555e-01,1.951111909999999894e-01,9.854359329999999861e-01,2.840694524659999729e+02,2.024000000000000000e+03,1.200000000000000000e+01,3.000000000000000000e+00,1.800000000000000000e+01,4.500000000000000000e+01,4.765061200000000241e+01
4.001540366471999732e+01,-8.302951754167000331e+01,1.973999999999999921e-01,-1.727600000000000025e+00,-1.198501145741039942e+00,1.827415325132200064e-01,-6.941003045730200771e-01,1.425447049999999938e-01,9.745219880000000057e-01,2.831012967450000133e+02,2.024000000000000000e+03,1.200000000000000000e+01,3.000000000000000000e+00,1.800000000000000000e+01,4.500000000000000000e+01,4.771121699999999777e+01
4.001540376460000203e+01,-8.302951876589000335e+01,1.824000000000000066e-01,-1.740399999999999947e+00,-4.657917537113399620e-01,2.468443358476000160e-01,-6.992178134279399826e-01,9.474660899999999553e-02,1.008398872999999973e+00,2.821619248200000243e+02,2.024000000000000000e+03,1.200000000000000000e+01,3.000000000000000000e+00,1.800000000000000000e+01,4.500000000000000000e+01,4.777138899999999921e+01
4.001540385962999835e+01,-8.302952000029999624e+01,1.736000000000000043e-01,-1.758699999999999930e+00,-5.170096069530599747e-01,5.401671427956399318e-01,-3.444725482799200211e-01,1.012675749999999986e-01,1.068386308000000007e+00,2.812236426499999880e+02,2.024000000000000000e+03,1.200000000000000000e+01,3.000000000000000000e+00,1.800000000000000000e+01,4.500000000000000000e+01,4.783071600000000245e+01
4.001540393957999697e+01,-8.302952125243000125e+01,1.335999999999999965e-01,-1.788999999999999924e+00,-1.460018535664040051e+00,7.198272216255999778e-01,3.770659198027200287e-01,9.751122900000000482e-02,1.109764654999999989e+00,2.802765975089999984e+02,2.024000000000000000e+03,1.200000000000000000e+01,3.000000000000000000e+00,1.800000000000000000e+01,4.500000000000000000e+01,4.789007099999999895e+01
4.001540400841999912e+01,-8.302952252599000360e+01,1.218999999999999945e-01,-1.822999999999999954e+00,-7.772715089296399205e-01,1.103255925077100130e+00,6.933872528260599521e-01,6.405026299999999617e-02,1.109318296999999953e+00,2.792960155000000100e+02,2.024000000000000000e+03,1.200000000000000000e+01,3.000000000000000000e+00,1.800000000000000000e+01,4.500000000000000000e+01,4.794948600000000027e+01
4.001540403951000258e+01,-8.302952317064999477e+01,1.142999999999999988e-01,-1.834999999999999964e+00,-4.660455571577999945e-01,9.592681933602600353e-01,8.410745274859400267e-01,5.354232899999999962e-02,1.095922953999999949e+00,2.788008413759999939e+02,2.024000000000000000e+03,1.200000000000000000e+01,3.000000000000000000e+00,1.800000000000000000e+01,4.500000000000000000e+01,4.801116300000000336e+01
4.001540409310999991e+01,-8.302952513271999635e+01,2.889999999999999861e-02,-1.873599999999999932e+00,-1.878439659878399892e+00,6.349289238714800332e-01,5.322352091381600259e-01,-1.180499500000000042e-02,1.019043547999999966e+00,2.773800139599999852e+02,2.024000000000000000e+03,1.200000000000000000e+01,3.000000000000000000e+00,1.800000000000000000e+01,4.500000000000000000e+01,4.807565999999999917e+01
4.001540410127999792e+01,-8.302952668797999536e+01,-4.000000000000000083e-03,-1.901100000000000012e+00,-6.726808783337199227e-01,6.214690257483199698e-01,-2.839468695252400088e-01,-9.727794800000000297e-02,9.409124070000000062e-01,2.763142889979999950e+02,2.024000000000000000e+03,1.200000000000000000e+01,3.000000000000000000e+00,1.800000000000000000e+01,4.500000000000000000e+01,4.813603400000000221e+01
4.001540410153999971e+01,-8.302952803222000000e+01,-6.499999999999999702e-03,-1.909499999999999975e+00,-9.570779883126000198e-02,2.791871998724400061e-01,-4.217340269894400140e-01,-1.085139460000000000e-01,8.781856289999999676e-01,2.753647576739999749e+02,2.024000000000000000e+03,1.200000000000000000e+01,3.000000000000000000e+00,1.800000000000000000e+01,4.500000000000000000e+01,4.819733300000000042e+01
4.001540409606000281e+01,-8.302952938504999736e+01,-2.390000000000000110e-02,-1.922800000000000065e+00,-6.392978636080799415e-01,3.402097066609600096e-01,-5.649273248933399660e-01,-1.109545219999999999e-01,8.269977659999999675e-01,2.743577238029999990e+02,2.024000000000000000e+03,1.200000000000000000e+01,3.000000000000000000e+00,1.800000000000000000e+01,4.500000000000000000e+01,4.826149000000000200e+01
4.001540408025999795e+01,-8.302953051990000688e+01,-5.199999999999999761e-02,-1.935300000000000020e+00,-1.023970282920440011e+00,3.690304544702600054e-01,-5.431849106560199258e-01,-1.295637900000000120e-01,7.990656310000000540e-01,2.734958873489999860e+02,2.024000000000000000e+03,1.200000000000000000e+01,3.000000000000000000e+00,1.800000000000000000e+01,4.500000000000000000e+01,4.832229399999999941e+01
4.001540403562999870e+01,-8.302953211710999426e+01,-9.890000000000000180e-02,-1.944299999999999917e+00,-1.415155641984920054e+00,1.299339592562399892e-01,-1.994941476203400121e-01,-1.524043150000000124e-01,7.900254960000000493e-01,2.723163572959999783e+02,2.024000000000000000e+03,1.200000000000000000e+01,3.000000000000000000e+00,1.800000000000000000e+01,4.500000000000000000e+01,4.838189400000000262e+01
4.001540397638000002e+01,-8.302953349125999694e+01,-1.338000000000000023e-01,-1.951600000000000001e+00,-1.281671937198959998e+00,2.329958635411999990e-01,1.473713493356000083e-02,-1.336234689999999947e-01,8.095708289999999918e-01,2.713523877509999807e+02,2.024000000000000000e+03,1.200000000000000000e+01,3.000000000000000000e+00,1.800000000000000000e+01,4.500000000000000000e+01,4.843859100000000240e+01
4.001540389222999750e+01,-8.302953487291999579e+01,-1.852999999999999925e-01,-1.965799999999999992e+00,-1.685521217576840147e+00,4.853892723681600407e-01,2.278640087904600098e-01,-1.368536890000000006e-01,8.317989949999999855e-01,2.703994325059999824e+02,2.024000000000000000e+03,1.200000000000000000e+01,3.000000000000000000e+00,1.800000000000000000e+01,4.500000000000000000e+01,4.849969200000000313e+01
4.001540378576999757e+01,-8.302953626894000649e+01,-2.154000000000000081e-01,-1.991500000000000048e+00,-8.739986223319999858e-01,8.501991884924999798e-01,1.976791781726399966e-01,-1.941449269999999949e-01,8.269370099999999724e-01,2.694273034440000174e+02,2.024000000000000000e+03,1.200000000000000000e+01,3.000000000000000000e+00,1.800000000000000000e+01,4.500000000000000000e+01,4.855993800000000249e+01
4.001540366665000192e+01,-8.302953768253999556e+01,-2.399000000000000021e-01,-2.016099999999999781e+00,-1.001023727067099856e+00,8.237091378346800274e-01,2.985118169538999999e-01,-2.263172930000000027e-01,7.792489479999999968e-01,2.684596762940000190e+02,2.024000000000000000e+03,1.200000000000000000e+01,3.000000000000000000e+00,1.800000000000000000e+01,4.500000000000000000e+01,4.862126500000000107e+01
4.001540352933000122e+01,-8.302953911067000092e+01,-2.772999999999999909e-01,-2.035299999999999887e+00,-1.247270479008140143e+00,7.240919306725800419e-01,6.915278796278000184e-02,-2.659955019999999948e-01,7.119650749999999473e-01,2.675313001779999809e+02,2.024000000000000000e+03,1.200000000000000000e+01,3.000000000000000000e+00,1.800000000000000000e+01,4.500000000000000000e+01,4.868205700000000036e+01
4.001540337971999861e+01,-8.302954055502000585e+01,-2.888999999999999901e-01,-2.059899999999999842e+00,-4.510583420678999644e-01,8.284482645934199141e-01,-2.703243348908000027e-02,-2.943425020000000059e-01,6.295194969999999834e-01,2.666548094300000002e+02,2.024000000000000000e+03,1.200000000000000000e+01,3.000000000000000000e+00,1.800000000000000000e+01,4.500000000000000000e+01,4.874137000000000342e+01
4.001540322027999963e+01,-8.302954200959999298e+01,-3.100999999999999868e-01,-2.065599999999999881e+00,-7.282627796376199836e-01,2.064656723679999806e-01,-9.615339944188000532e-02,-2.830931780000000009e-01,5.441021160000000245e-01,2.658154559100000256e+02,2.024000000000000000e+03,1.200000000000000000e+01,3.000000000000000000e+00,1.800000000000000000e+01,4.500000000000000000e+01,4.880161900000000230e+01
4.001540304454999841e+01,-8.302954346248000661e+01,-3.459999999999999742e-01,-2.054899999999999949e+00,-1.194326311936420026e+00,-3.376123607100399715e-01,-1.938823145365400069e-01,-2.977304740000000227e-01,4.910038979999999942e-01,2.649875117110000247e+02,2.024000000000000000e+03,1.200000000000000000e+01,3.000000000000000000e+00,1.800000000000000000e+01,4.500000000000000000e+01,4.886177099999999740e+01
4.001540281449000247e+01,-8.302954515049999884e+01,-3.851999999999999869e-01,-2.051000000000000156e+00,-8.593235014929799798e-01,7.397618643485999457e-02,-7.894539927087999842e-02,-3.751441360000000169e-01,4.844632730000000276e-01,2.640336387830000149e+02,2.024000000000000000e+03,1.200000000000000000e+01,3.000000000000000000e+00,1.800000000000000000e+01,4.500000000000000000e+01,4.892619200000000035e+01
4.001540271011000272e+01,-8.302954587486999571e+01,-3.962999999999999856e-01,-2.056700000000000195e+00,-7.587271250259000066e-01,3.547885262146799890e-01,-2.400610020410400003e-01,-3.990228020000000098e-01,4.858203520000000109e-01,2.636356986359999723e+02,2.024000000000000000e+03,1.200000000000000000e+01,3.000000000000000000e+00,1.800000000000000000e+01,4.500000000000000000e+01,4.898705300000000307e+01
4.001540245886999969e+01,-8.302954757563000499e+01,-4.128000000000000003e-01,-2.076900000000000190e+00,-6.217604693532600146e-01,6.102672462485599914e-01,-4.944277543285000021e-01,-3.958386429999999900e-01,4.842287220000000003e-01,2.627365046950000078e+02,2.024000000000000000e+03,1.200000000000000000e+01,3.000000000000000000e+00,1.800000000000000000e+01,4.500000000000000000e+01,4.904850799999999822e+01
4.001540215034999903e+01,-8.302954953166999985e+01,-4.460000000000000075e-01,-2.089199999999999946e+00,-7.770558213818800075e-01,3.703323910087599757e-01,8.042843605798000173e-02,-3.963651970000000024e-01,4.716102830000000190e-01,2.617548248740000076e+02,2.024000000000000000e+03,1.200000000000000000e+01,3.000000000000000000e+00,1.800000000000000000e+01,4.500000000000000000e+01,4.910817200000000327e+01
4.001540190293000165e+01,-8.302955100248000520e+01,-4.586000000000000076e-01,-2.097700000000000120e+00,-2.467440731404199894e-01,3.629255137325400060e-01,6.834675820200000751e-02,-4.128552360000000143e-01,4.642990269999999753e-01,2.610336963249999940e+02,2.024000000000000000e+03,1.200000000000000000e+01,3.000000000000000000e+00,1.800000000000000000e+01,4.500000000000000000e+01,4.916921700000000328e+01
4.001540164893999929e+01,-8.302955247869999766e+01,-4.752000000000000113e-01,-2.103899999999999881e+00,-6.197632544638199681e-01,3.208604100624000144e-01,9.541913659713999185e-02,-3.831643249999999723e-01,4.579402349999999733e-01,2.603255342639999981e+02,2.024000000000000000e+03,1.200000000000000000e+01,3.000000000000000000e+00,1.800000000000000000e+01,4.500000000000000000e+01,4.922964900000000199e+01
4.001540138085999843e+01,-8.302955395972999497e+01,-5.122999999999999776e-01,-2.110399999999999832e+00,-1.327125499381379914e+00,4.285449387018400169e-01,7.585909674320000240e-02,-3.485236219999999774e-01,4.506861799999999918e-01,2.596429787199999737e+02,2.024000000000000000e+03,1.200000000000000000e+01,3.000000000000000000e+00,1.800000000000000000e+01,4.500000000000000000e+01,4.929182899999999989e+01
4.001540109207999762e+01,-8.302955544502999885e+01,-5.515999999999999792e-01,-2.115499999999999936e+00,-1.332073881009659955e+00,4.137420180852600660e-01,-1.187939306241399956e-01,-3.587102059999999759e-01,4.367882909999999952e-01,2.589841115830000149e+02,2.024000000000000000e+03,1.200000000000000000e+01,3.000000000000000000e+00,1.800000000000000000e+01,4.500000000000000000e+01,4.935264999999999702e+01
4.001540078906000275e+01,-8.302955693421999683e+01,-5.666999999999999815e-01,-2.123499999999999943e+00,-5.117079255016799832e-01,4.380986433694399884e-01,-1.572591064611200129e-01,-3.719295579999999934e-01,4.252937250000000113e-01,2.583414748160000158e+02,2.024000000000000000e+03,1.200000000000000000e+01,3.000000000000000000e+00,1.800000000000000000e+01,4.500000000000000000e+01,4.941286199999999695e+01
4.001540047652999732e+01,-8.302955842951000420e+01,-5.869999999999999662e-01,-2.128499999999999837e+00,-7.855524186754200278e-01,2.358097319411999737e-01,-6.272738729001998970e-02,-3.464649750000000084e-01,4.068506459999999825e-01,2.577251593820000153e+02,2.024000000000000000e+03,1.200000000000000000e+01,3.000000000000000000e+00,1.800000000000000000e+01,4.500000000000000000e+01,4.947485700000000008e+01
4.001540008989000086e+01,-8.302956017002000522e+01,-6.299000000000000155e-01,-2.118300000000000072e+00,-1.250758847225819981e+00,-8.759166216320000628e-03,3.820893594389999925e-02,-3.874471150000000086e-01,4.086107469999999964e-01,2.570311348550000048e+02,2.024000000000000000e+03,1.200000000000000000e+01,3.000000000000000000e+00,1.800000000000000000e+01,4.500000000000000000e+01,4.953514799999999951e+01
4.001539973850000109e+01,-8.302956166341999733e+01,-6.635999999999999677e-01,-2.132400000000000073e+00,-9.843017698798599557e-01,8.170090366861400000e-01,3.268170331774000043e-02,-4.737931320000000057e-01,4.223334260000000118e-01,2.564739151680000191e+02,2.024000000000000000e+03,1.200000000000000000e+01,3.000000000000000000e+00,1.800000000000000000e+01,4.500000000000000000e+01,4.959560199999999952e+01
4.001539938058999724e+01,-8.302956317374000150e+01,-6.544999999999999707e-01,-2.163199999999999790e+00,6.478474774510799561e-01,8.575218634683400287e-01,-8.069568308442000293e-02,-5.128330190000000011e-01,3.859471760000000029e-01,2.559605021669999871e+02,2.024000000000000000e+03,1.200000000000000000e+01,3.000000000000000000e+00,1.800000000000000000e+01,4.500000000000000000e+01,4.966028899999999879e+01
4.001539901852999748e+01,-8.302956468765999887e+01,-6.780000000000000471e-01,-2.147400000000000198e+00,-8.139033938315199945e-01,-2.603466033021000214e-01,3.089905337058000342e-02,-4.995822719999999939e-01,3.411374409999999857e-01,2.554999749099999917e+02,2.024000000000000000e+03,1.200000000000000000e+01,3.000000000000000000e+00,1.800000000000000000e+01,4.500000000000000000e+01,4.972256300000000095e+01
4.001539858091999946e+01,-8.302956644520999419e+01,-6.926999999999999824e-01,-2.144899999999999807e+00,1.007748449184000042e-02,1.661573106837199998e-01,-2.957561394431999779e-02,-5.896781730000000277e-01,3.513888259999999875e-01,2.549737596049999979e+02,2.024000000000000000e+03,1.200000000000000000e+01,3.000000000000000000e+00,1.800000000000000000e+01,4.500000000000000000e+01,4.978446999999999889e+01
4.001539821989000245e+01,-8.302956795752000119e+01,-6.441999999999999948e-01,-2.152800000000000047e+00,1.463395296160119985e+00,-2.837131246382800231e-01,3.438231889428799981e-01,-5.627647019999999500e-01,3.530427279999999723e-01,2.545146933249999961e+02,2.024000000000000000e+03,1.200000000000000000e+01,3.000000000000000000e+00,1.800000000000000000e+01,4.500000000000000000e+01,4.984967499999999774e+01
4.001539786578000246e+01,-8.302956945440999448e+01,-6.640000000000000346e-01,-2.106899999999999995e+00,-1.246678504457420011e+00,-1.275776770668660021e+00,7.579634167562600000e-01,-4.536226910000000223e-01,3.796522270000000088e-01,2.540921040990000108e+02,2.024000000000000000e+03,1.200000000000000000e+01,3.000000000000000000e+00,1.800000000000000000e+01,4.500000000000000000e+01,4.990681500000000170e+01
4.001539755582999902e+01,-8.302957068274000108e+01,-7.026000000000000023e-01,-2.084099999999999842e+00,-1.647339843871300058e+00,-5.590665775378800273e-01,3.048447706995999901e-02,-4.564999960000000190e-01,4.465678029999999854e-01,2.537692359950000025e+02,2.024000000000000000e+03,1.200000000000000000e+01,3.000000000000000000e+00,1.800000000000000000e+01,4.500000000000000000e+01,4.996616499999999661e+01
4.001539742912999742e+01,-8.302957117139999355e+01,-7.066000000000000059e-01,-2.081300000000000150e+00,-1.025522414348100098e+00,-3.228276688986000398e-01,-3.827843426785999814e-02,-4.759722960000000169e-01,4.803435679999999985e-01,2.536408116059999998e+02,2.024000000000000000e+03,1.200000000000000000e+01,3.000000000000000000e+00,1.800000000000000000e+01,4.500000000000000000e+01,5.002531400000000161e+01
4.001539685451000139e+01,-8.302957336647999398e+01,-7.105000000000000204e-01,-2.077300000000000146e+00,-1.982365172299399847e-01,-1.041902328130200062e-01,-3.502031027671599905e-01,-4.915348760000000095e-01,5.561711670000000218e-01,2.530800754029999950e+02,2.024000000000000000e+03,1.200000000000000000e+01,3.000000000000000000e+00,1.800000000000000000e+01,4.500000000000000000e+01,5.008212900000000189e+01
4.001539639063999942e+01,-8.302957506100000273e+01,-7.521999999999999797e-01,-2.058399999999999785e+00,-1.176984908835339905e+00,-1.148302711240199864e-01,-3.457069248886399659e-01,-4.989982250000000175e-01,5.648913169999999484e-01,2.526876208719999966e+02,2.024000000000000000e+03,1.200000000000000000e+01,3.000000000000000000e+00,1.800000000000000000e+01,4.500000000000000000e+01,5.014270199999999988e+01
4.001539591001999696e+01,-8.302957674056000315e+01,-7.661999999999999922e-01,-2.040700000000000180e+00,-5.528783960502200445e-01,-3.145653975980600148e-01,-1.504635559914200005e-01,-5.628014289999999642e-01,5.549782109999999991e-01,2.523501425499999868e+02,2.024000000000000000e+03,1.200000000000000000e+01,3.000000000000000000e+00,1.800000000000000000e+01,4.500000000000000000e+01,5.020245299999999844e+01
4.001539556672000231e+01,-8.302957793305000678e+01,-7.589000000000000190e-01,-2.029999999999999805e+00,7.388966688926000559e-02,-5.009008293108000442e-01,1.233678034574400006e-01,-6.088977679999999504e-01,5.384806589999999726e-01,2.521218617780000102e+02,2.024000000000000000e+03,1.200000000000000000e+01,3.000000000000000000e+00,1.800000000000000000e+01,4.500000000000000000e+01,5.026337300000000141e+01
4.001539516014000242e+01,-8.302957935522999833e+01,-7.443999999999999506e-01,-2.013399999999999856e+00,2.842812473756400338e-01,-7.333661803973999804e-01,1.159817176894400031e-01,-6.568590829999999547e-01,5.243214870000000305e-01,2.518399285719999909e+02,2.024000000000000000e+03,1.200000000000000000e+01,3.000000000000000000e+00,1.800000000000000000e+01,4.500000000000000000e+01,5.032677400000000034e+01
4.001539469448000119e+01,-8.302958099766000544e+01,-7.294000000000000483e-01,-1.992499999999999938e+00,3.468088076814400122e-01,-6.903453546244000538e-01,2.837534615849799935e-01,-6.956654129999999547e-01,5.447117200000000103e-01,2.515159795760000065e+02,2.024000000000000000e+03,1.200000000000000000e+01,3.000000000000000000e+00,1.800000000000000000e+01,4.500000000000000000e+01,5.038688899999999649e+01
4.001539429902000222e+01,-8.302958239385999661e+01,-7.297000000000000153e-01,-1.979100000000000081e+00,-1.023079752776799994e-01,-4.418375740689399755e-01,3.236512626508200041e-01,-6.939146550000000468e-01,5.666798400000000457e-01,2.512671674769999868e+02,2.024000000000000000e+03,1.200000000000000000e+01,3.000000000000000000e+00,1.800000000000000000e+01,4.500000000000000000e+01,5.044859600000000199e+01
4.001539390247999961e+01,-8.302958378342999879e+01,-7.355000000000000426e-01,-1.971899999999999986e+00,-3.057043744146999975e-01,-2.098341214140199973e-01,-5.733716732625999957e-02,-6.744174560000000263e-01,5.717617510000000403e-01,2.510588784239999995e+02,2.024000000000000000e+03,1.200000000000000000e+01,3.000000000000000000e+00,1.800000000000000000e+01,4.500000000000000000e+01,5.050941199999999753e+01
4.001539350480000223e+01,-8.302958516326999927e+01,-7.378000000000000114e-01,-1.952499999999999902e+00,-3.795937082615000180e-01,-5.845249679072800353e-01,-2.909829475314200109e-01,-6.659592530000000288e-01,5.714010929999999711e-01,2.508750399719999962e+02,2.024000000000000000e+03,1.200000000000000000e+01,3.000000000000000000e+00,1.800000000000000000e+01,4.500000000000000000e+01,5.057152399999999659e+01
4.001539304178000123e+01,-8.302958675454000570e+01,-7.307000000000000162e-01,-1.929200000000000026e+00,5.445265512986000034e-02,-6.027321380989799637e-01,-1.921318513793399962e-01,-6.777719700000000014e-01,6.028328889999999829e-01,2.506680279100000064e+02,2.024000000000000000e+03,1.200000000000000000e+01,3.000000000000000000e+00,1.800000000000000000e+01,4.500000000000000000e+01,5.063448000000000349e+01
4.001539271005999865e+01,-8.302958788347000052e+01,-7.358000000000000096e-01,-1.924700000000000077e+00,-6.380938274241999830e-02,-1.261592766509400110e-01,-5.829858184263999460e-02,-6.870082800000000267e-01,6.425161799999999923e-01,2.505178830819999973e+02,2.024000000000000000e+03,1.200000000000000000e+01,3.000000000000000000e+00,1.800000000000000000e+01,4.500000000000000000e+01,5.069139400000000251e+01
4.001539230875999920e+01,-8.302958923501999777e+01,-7.460999999999999854e-01,-1.918299999999999894e+00,-3.886436372613399914e-01,-1.480261903174200089e-01,3.441220285119999528e-02,-6.951052410000000403e-01,6.792633790000000005e-01,2.503480721690000053e+02,2.024000000000000000e+03,1.200000000000000000e+01,3.000000000000000000e+00,1.800000000000000000e+01,4.500000000000000000e+01,5.075247800000000353e+01
4.001539190415999769e+01,-8.302959058012000071e+01,-7.480999999999999872e-01,-1.908400000000000096e+00,-1.064896114967599922e-01,-2.681445297034800168e-01,-1.140020190664999961e-01,-7.061720379999999464e-01,7.184178020000000497e-01,2.501989287709999985e+02,2.024000000000000000e+03,1.200000000000000000e+01,3.000000000000000000e+00,1.800000000000000000e+01,4.500000000000000000e+01,5.081339100000000286e+01
4.001539143773999996e+01,-8.302959214441000313e+01,-7.348000000000000087e-01,-1.905299999999999994e+00,4.065558080187800516e-01,-2.345755028257999752e-01,-1.485798070092199941e-01,-7.115684450000000494e-01,7.954143999999999659e-01,2.500223433479999926e+02,2.024000000000000000e+03,1.200000000000000000e+01,3.000000000000000000e+00,1.800000000000000000e+01,4.500000000000000000e+01,5.087337399999999832e+01
4.001539117019000003e+01,-8.302959303814000691e+01,-7.442999999999999616e-01,-1.907100000000000017e+00,-2.428858440892199821e-01,1.892769613407200013e-01,4.714310834331599809e-01,-7.063708829999999494e-01,8.201059210000000155e-01,2.499307087669999987e+02,2.024000000000000000e+03,1.200000000000000000e+01,3.000000000000000000e+00,1.800000000000000000e+01,4.500000000000000000e+01,5.092962099999999737e+01
4.001539089868000332e+01,-8.302959393438999314e+01,-7.580000000000000071e-01,-1.914500000000000091e+00,-4.301043691303400029e-01,5.014197645580200646e-01,2.640750884729199943e-01,-7.138310559999999638e-01,8.295671860000000120e-01,2.498481538929999886e+02,2.024000000000000000e+03,1.200000000000000000e+01,3.000000000000000000e+00,1.800000000000000000e+01,4.500000000000000000e+01,5.099022399999999777e+01
4.001539083070999681e+01,-8.302959415905000640e+01,-7.574999999999999512e-01,-1.916900000000000048e+00,-1.420022660844599827e-01,4.973223571087199701e-01,2.168036603450199939e-01,-7.165917689999999896e-01,8.237693310000000491e-01,2.498289277000000084e+02,2.024000000000000000e+03,1.200000000000000000e+01,3.000000000000000000e+00,1.800000000000000000e+01,4.500000000000000000e+01,5.105084000000000088e+01
4.001539076257000005e+01,-8.302959438346999832e+01,-7.576000000000000512e-01,-1.916299999999999892e+00,-1.360611938058799986e-01,3.187672307206599887e-01,1.435748180786400041e-01,-7.205371579999999554e-01,8.186652110000000038e-01,2.498104750109999941e+02,2.024000000000000000e+03,1.200000000000000000e+01,3.000000000000000000e+00,1.800000000000000000e+01,4.500000000000000000e+01,5.111210400000000220e+01
4.001539062492999932e+01,-8.302959483188999457e+01,-7.653999999999999693e-01,-1.913399999999999990e+00,-5.173817589887399482e-01,1.196020355235200144e-01,9.319574826692000880e-02,-7.256300319999999804e-01,8.164543589999999629e-01,2.497729540329999907e+02,2.024000000000000000e+03,1.200000000000000000e+01,3.000000000000000000e+00,1.800000000000000000e+01,4.500000000000000000e+01,5.117267499999999814e+01
4.001539000897000165e+01,-8.302959684601999868e+01,-7.544999999999999485e-01,-1.901699999999999946e+00,2.002570835396599858e-01,-3.609580844021800239e-01,2.259958929074199763e-01,-7.501393149999999732e-01,8.196675439999999702e-01,2.496038004270000101e+02,2.024000000000000000e+03,1.200000000000000000e+01,3.000000000000000000e+00,1.800000000000000000e+01,4.500000000000000000e+01,5.123335199999999645e+01
4.001538885496000120e+01,-8.302960063186000639e+01,-7.562999999999999723e-01,-1.883199999999999985e+00,9.817727511767998516e-02,-2.856792882922999932e-01,-2.430060830453999871e-02,-7.684590180000000492e-01,6.821110009999999946e-01,2.493646644030000061e+02,2.024000000000000000e+03,1.200000000000000000e+01,3.000000000000000000e+00,1.800000000000000000e+01,4.500000000000000000e+01,5.129412899999999809e+01
4.001538819356999710e+01,-8.302960285138000529e+01,-7.248999999999999888e-01,-1.885000000000000009e+00,3.473022261022399859e-01,-2.965309979834200305e-01,-5.763952614350200676e-01,-7.118528140000000004e-01,6.108053820000000078e-01,2.492269318849999991e+02,2.024000000000000000e+03,1.200000000000000000e+01,3.000000000000000000e+00,1.800000000000000000e+01,4.500000000000000000e+01,5.135573899999999981e+01
4.001538780082999835e+01,-8.302960417747000577e+01,-7.348999999999999977e-01,-1.871599999999999930e+00,-5.211539607010200470e-01,-3.578628290718600113e-01,-6.681327959457999954e-01,-6.602508329999999814e-01,5.759324940000000170e-01,2.491582457240000110e+02,2.024000000000000000e+03,1.200000000000000000e+01,3.000000000000000000e+00,1.800000000000000000e+01,4.500000000000000000e+01,5.141669799999999668e+01
4.001538740454000020e+01,-8.302960549185999639e+01,-7.382999999999999563e-01,-1.854200000000000070e+00,-4.763687880512000317e-01,-4.878910416691200069e-01,-7.067299360947999487e-01,-6.509451969999999754e-01,5.783106139999999451e-01,2.490952914679999992e+02,2.024000000000000000e+03,1.200000000000000000e+01,3.000000000000000000e+00,1.800000000000000000e+01,4.500000000000000000e+01,5.147753900000000016e+01
4.001538700990000308e+01,-8.302960679611000216e+01,-7.327000000000000179e-01,-1.841699999999999893e+00,-8.003776563245999787e-02,-4.245350186367600198e-01,-2.110347490275000237e-01,-6.386252260000000458e-01,6.116120160000000361e-01,2.490255333970000038e+02,2.024000000000000000e+03,1.200000000000000000e+01,3.000000000000000000e+00,1.800000000000000000e+01,4.500000000000000000e+01,5.153852599999999740e+01
4.001538661381000139e+01,-8.302960809354000560e+01,-7.448000000000000176e-01,-1.835399999999999920e+00,-5.969332194234600042e-01,1.821006461497999898e-02,-5.321683545420000105e-02,-6.103799930000000096e-01,6.638557560000000191e-01,2.489614495470000008e+02,2.024000000000000000e+03,1.200000000000000000e+01,3.000000000000000000e+00,1.800000000000000000e+01,4.500000000000000000e+01,5.159948700000000343e+01
4.001538620309000294e+01,-8.302960938527999701e+01,-7.785999999999999588e-01,-1.827900000000000080e+00,-9.962518079337601140e-01,1.996607195088200004e-01,1.370570569829200058e-01,-6.458823369999999731e-01,7.020152990000000370e-01,2.489008073280000133e+02,2.024000000000000000e+03,1.200000000000000000e+01,3.000000000000000000e+00,1.800000000000000000e+01,4.500000000000000000e+01,5.166000400000000070e+01
4.001538578113000000e+01,-8.302961067332999789e+01,-7.890000000000000346e-01,-1.824000000000000066e+00,-3.101734669940400257e-01,5.229963701819999485e-03,4.477937629327800595e-01,-7.300386770000000247e-01,7.191333880000000400e-01,2.488374648200000081e+02,2.024000000000000000e+03,1.200000000000000000e+01,3.000000000000000000e+00,1.800000000000000000e+01,4.500000000000000000e+01,5.172147999999999968e+01
4.001538535878000147e+01,-8.302961196255999710e+01,-7.825999999999999623e-01,-1.829399999999999915e+00,2.024306149119400045e-01,7.064575927671999656e-02,3.575802387256999948e-01,-7.969112139999999789e-01,7.252607380000000159e-01,2.487714957530000106e+02,2.024000000000000000e+03,1.200000000000000000e+01,3.000000000000000000e+00,1.800000000000000000e+01,4.500000000000000000e+01,5.178212400000000315e+01
4.001538486997999655e+01,-8.302961347231999412e+01,-7.737000000000000544e-01,-1.840400000000000036e+00,4.026915260860199353e-01,2.173316601210199817e-01,2.411470478892800140e-01,-8.392594009999999605e-01,7.092035580000000117e-01,2.487019758300000092e+02,2.024000000000000000e+03,1.200000000000000000e+01,3.000000000000000000e+00,1.800000000000000000e+01,4.500000000000000000e+01,5.184441499999999792e+01
4.001538445421000034e+01,-8.302961477520000244e+01,-7.688000000000000389e-01,-1.852800000000000002e+00,3.634632174606000077e-01,2.651758643266799997e-01,1.612145813822200013e-01,-8.644945990000000302e-01,6.595678830000000215e-01,2.486384594339999978e+02,2.024000000000000000e+03,1.200000000000000000e+01,3.000000000000000000e+00,1.800000000000000000e+01,4.500000000000000000e+01,5.190630300000000119e+01
4.001538411117000038e+01,-8.302961586198000532e+01,-7.593999999999999639e-01,-1.847699999999999898e+00,3.389666464819799940e-01,-2.794581850116799604e-01,3.379139316833999762e-02,-8.772374269999999585e-01,6.137359350000000102e-01,2.485802558979999901e+02,2.024000000000000000e+03,1.200000000000000000e+01,3.000000000000000000e+00,1.800000000000000000e+01,4.500000000000000000e+01,5.196680099999999669e+01
4.001538404299999740e+01,-8.302961607874999572e+01,-7.583999999999999631e-01,-1.844700000000000006e+00,2.266090639377799920e-01,-3.871040698526599932e-01,-3.450462268581999670e-02,-8.786728980000000355e-01,6.050202510000000089e-01,2.485684028260000105e+02,2.024000000000000000e+03,1.200000000000000000e+01,3.000000000000000000e+00,1.800000000000000000e+01,4.500000000000000000e+01,5.202768999999999977e+01
4.001538343827999711e+01,-8.302961801712000067e+01,-7.425000000000000488e-01,-1.820599999999999996e+00,7.554501624440000673e-02,-6.044848891461399587e-01,-5.600286145329999576e-02,-8.533275999999999639e-01,5.871921289999999516e-01,2.484710135759999901e+02,2.024000000000000000e+03,1.200000000000000000e+01,3.000000000000000000e+00,1.800000000000000000e+01,4.500000000000000000e+01,5.208855599999999697e+01
4.001538283450999955e+01,-8.302961993962000520e+01,-7.500000000000000000e-01,-1.814100000000000046e+00,3.125916039988999584e-01,-1.147856789218400092e-01,1.811801290043600077e-01,-8.554164469999999687e-01,6.067512099999999853e-01,2.483967786880000119e+02,2.024000000000000000e+03,1.200000000000000000e+01,3.000000000000000000e+00,1.800000000000000000e+01,4.500000000000000000e+01,5.215346300000000213e+01
4.001538243937999795e+01,-8.302962121870000090e+01,-7.366000000000000325e-01,-1.805099999999999927e+00,1.422794457400800017e-01,-5.389479283186600078e-01,1.887810097099199835e-01,-8.146518670000000295e-01,6.046586330000000009e-01,2.483399750609999899e+02,2.024000000000000000e+03,1.200000000000000000e+01,3.000000000000000000e+00,1.800000000000000000e+01,4.500000000000000000e+01,5.221481200000000200e+01
4.001538197522000218e+01,-8.302962269596000056e+01,-7.541999999999999815e-01,-1.784699999999999953e+00,-6.657664085139800569e-01,-2.550713029984000291e-01,-1.193812457340800021e-01,-7.982040679999999888e-01,6.401980229999999494e-01,2.482654678289999879e+02,2.024000000000000000e+03,1.200000000000000000e+01,3.000000000000000000e+00,1.800000000000000000e+01,4.500000000000000000e+01,5.227765200000000334e+01
4.001538157238000082e+01,-8.302962395864000200e+01,-7.563999999999999613e-01,-1.791099999999999914e+00,4.567184040338000128e-02,2.024065127556400057e-01,5.655814106400000249e-03,-8.183812379999999553e-01,6.692633510000000063e-01,2.481954069530000027e+02,2.024000000000000000e+03,1.200000000000000000e+01,3.000000000000000000e+00,1.800000000000000000e+01,4.500000000000000000e+01,5.233862799999999993e+01
4.001538116687000013e+01,-8.302962522589000116e+01,-7.607000000000000428e-01,-1.798899999999999944e+00,5.903217046147999497e-02,2.414112026585200077e-01,-7.741646156869999573e-02,-8.262459580000000026e-01,6.642552739999999512e-01,2.481334857319999969e+02,2.024000000000000000e+03,1.200000000000000000e+01,3.000000000000000000e+00,1.800000000000000000e+01,4.500000000000000000e+01,5.239913800000000066e+01
4.001538075930000105e+01,-8.302962649587999522e+01,-7.613999999999999657e-01,-1.802499999999999991e+00,1.987904822078800093e-01,1.330388542064200041e-01,-5.374110872359999860e-03,-8.298626059999999471e-01,6.358340470000000133e-01,2.480815286639999897e+02,2.024000000000000000e+03,1.200000000000000000e+01,3.000000000000000000e+00,1.800000000000000000e+01,4.500000000000000000e+01,5.246044899999999700e+01
4.001538035618000322e+01,-8.302962776841999926e+01,-7.502999999999999670e-01,-1.805299999999999905e+00,3.726463066117799983e-01,-2.239537179419999902e-03,1.920978697320000188e-03,-8.144638450000000196e-01,5.930424340000000072e-01,2.480337597600000095e+02,2.024000000000000000e+03,1.200000000000000000e+01,3.000000000000000000e+00,1.800000000000000000e+01,4.500000000000000000e+01,5.252114100000000008e+01
4.001537995844999784e+01,-8.302962904036000680e+01,-7.369999999999999885e-01,-1.803700000000000081e+00,5.688837885099200520e-01,-1.184972624220199944e-01,2.215169037999999943e-05,-7.795377949999999778e-01,5.505563449999999470e-01,2.479888508360000117e+02,2.024000000000000000e+03,1.200000000000000000e+01,3.000000000000000000e+00,1.800000000000000000e+01,4.500000000000000000e+01,5.258247899999999930e+01
4.001537949899999802e+01,-8.302963051815000028e+01,-7.358999999999999986e-01,-1.785600000000000076e+00,-1.201288851712799949e-01,-5.212320454798800018e-01,-2.021012532289799823e-01,-7.222866770000000436e-01,5.203846269999999885e-01,2.479276171219999867e+02,2.024000000000000000e+03,1.200000000000000000e+01,3.000000000000000000e+00,1.800000000000000000e+01,4.500000000000000000e+01,5.264313899999999791e+01
4.001537916939999917e+01,-8.302963156187000493e+01,-7.405000000000000471e-01,-1.768399999999999972e+00,-2.453943075723800105e-01,-5.082343342770599959e-01,1.262062223117200177e-01,-7.125057009999999913e-01,5.278858159999999522e-01,2.478798948970000140e+02,2.024000000000000000e+03,1.200000000000000000e+01,3.000000000000000000e+00,1.800000000000000000e+01,4.500000000000000000e+01,5.270139600000000257e+01
4.001537877364000195e+01,-8.302963281310999832e+01,-7.427000000000000268e-01,-1.774799999999999933e+00,-8.438702586840000908e-02,1.459693499040599918e-01,1.711426115027999892e-02,-6.980132420000000337e-01,5.439438680000000526e-01,2.478214891519999981e+02,2.024000000000000000e+03,1.200000000000000000e+01,3.000000000000000000e+00,1.800000000000000000e+01,4.500000000000000000e+01,5.276265000000000072e+01
4.001537830398999773e+01,-8.302963427448999312e+01,-7.654999999999999583e-01,-1.775400000000000089e+00,-7.135625991906799914e-01,2.628488874119999652e-01,1.867193155831199936e-01,-6.745438040000000246e-01,5.336464010000000480e-01,2.477715483480000103e+02,2.024000000000000000e+03,1.200000000000000000e+01,3.000000000000000000e+00,1.800000000000000000e+01,4.500000000000000000e+01,5.282307200000000336e+01
4.001537788676999696e+01,-8.302963552810000181e+01,-7.945999999999999730e-01,-1.777199999999999891e+00,-7.716333544627800300e-01,4.071250196828599677e-01,-2.158210633618000071e-02,-7.090658659999999891e-01,4.760485199999999750e-01,2.477409991069999933e+02,2.024000000000000000e+03,1.200000000000000000e+01,3.000000000000000000e+00,1.800000000000000000e+01,4.500000000000000000e+01,5.288381400000000099e+01
4.001537746211000268e+01,-8.302963677936000408e+01,-7.964999999999999858e-01,-1.770999999999999908e+00,-2.905510406537600288e-01,-1.397770655884399971e-01,-1.207009015440200089e-01,-7.930608500000000394e-01,3.952431539999999854e-01,2.477039185659999987e+02,2.024000000000000000e+03,1.200000000000000000e+01,3.000000000000000000e+00,1.800000000000000000e+01,4.500000000000000000e+01,5.294714499999999902e+01
4.001537732162999816e+01,-8.302963719438000112e+01,-7.883000000000000007e-01,-1.765500000000000069e+00,-4.828637322491999978e-02,-3.258047499612999887e-01,-4.666879455497999901e-02,-8.181308760000000069e-01,3.748936399999999725e-01,2.476885448319999909e+02,2.024000000000000000e+03,1.200000000000000000e+01,3.000000000000000000e+00,1.800000000000000000e+01,4.500000000000000000e+01,5.300798900000000202e+01
4.001537670327000029e+01,-8.302963905807000344e+01,-7.568000000000000282e-01,-1.757800000000000029e+00,4.148261262363999724e-01,-3.101397042910200019e-01,2.407219644578000028e-02,-8.453682959999999635e-01,3.127209120000000175e-01,2.476216959360000089e+02,2.024000000000000000e+03,1.200000000000000000e+01,3.000000000000000000e+00,1.800000000000000000e+01,4.500000000000000000e+01,5.307022099999999654e+01
4.001537623323000048e+01,-8.302964050351999958e+01,-7.503999999999999559e-01,-1.753900000000000015e+00,-8.547406618644000365e-02,-2.057413474892800243e-01,-7.085260357498000816e-02,-8.224451029999999552e-01,2.697585009999999839e-01,2.475813739360000056e+02,2.024000000000000000e+03,1.200000000000000000e+01,3.000000000000000000e+00,1.800000000000000000e+01,4.500000000000000000e+01,5.313163800000000236e+01
4.001537577041000304e+01,-8.302964194343999793e+01,-7.272999999999999465e-01,-1.747000000000000108e+00,4.207508048830400083e-01,-4.832942164057000278e-01,-6.679641271703999628e-02,-8.102330300000000207e-01,2.307354709999999975e-01,2.475420486890000120e+02,2.024000000000000000e+03,1.200000000000000000e+01,3.000000000000000000e+00,1.800000000000000000e+01,4.500000000000000000e+01,5.319662399999999991e+01
4.001537538326999766e+01,-8.302964316549000046e+01,-7.165000000000000258e-01,-1.721600000000000019e+00,-1.403994686915399914e-01,-8.926194754216600913e-01,-1.468784322497599937e-01,-7.617354370000000152e-01,2.382877619999999863e-01,2.475166563980000092e+02,2.024000000000000000e+03,1.200000000000000000e+01,3.000000000000000000e+00,1.800000000000000000e+01,4.500000000000000000e+01,5.325812700000000177e+01
4.001537499445999657e+01,-8.302964436978000151e+01,-7.276000000000000245e-01,-1.699400000000000022e+00,-5.534721670867199794e-01,-4.958683728923800049e-01,9.703302262699999362e-03,-7.312729230000000191e-01,2.858093070000000124e-01,2.474940707659999930e+02,2.024000000000000000e+03,1.200000000000000000e+01,3.000000000000000000e+00,1.800000000000000000e+01,4.500000000000000000e+01,5.332055400000000134e+01
4.001537460002000302e+01,-8.302964556617000369e+01,-7.399999999999999911e-01,-1.696199999999999930e+00,-4.396514141132600306e-01,9.210020970927999817e-02,3.427525270260000090e-01,-7.172862530000000403e-01,3.208637630000000240e-01,2.474668358350000119e+02,2.024000000000000000e+03,1.200000000000000000e+01,3.000000000000000000e+00,1.800000000000000000e+01,4.500000000000000000e+01,5.338233900000000176e+01
4.001537413119000064e+01,-8.302964695957000174e+01,-7.541999999999999815e-01,-1.694399999999999906e+00,-3.998030225861599618e-01,9.294700631233999977e-02,3.646032400400600060e-01,-7.401980820000000350e-01,3.054293559999999852e-01,2.474298480969999900e+02,2.024000000000000000e+03,1.200000000000000000e+01,3.000000000000000000e+00,1.800000000000000000e+01,4.500000000000000000e+01,5.344361200000000167e+01
4.001537372508000345e+01,-8.302964815240000007e+01,-7.556000000000000494e-01,-1.689699999999999980e+00,-8.861615537436000334e-02,-2.065540454173400153e-01,5.246055429825999955e-02,-7.886718910000000138e-01,2.542335660000000219e-01,2.473915823380000063e+02,2.024000000000000000e+03,1.200000000000000000e+01,3.000000000000000000e+00,1.800000000000000000e+01,4.500000000000000000e+01,5.350751900000000205e+01
4.001537332654999801e+01,-8.302964934663999941e+01,-7.289999999999999813e-01,-1.699600000000000000e+00,4.337925577058600046e-01,-1.076376494994000024e-02,-1.198196813962000042e-02,-8.059269129999999670e-01,1.968253520000000090e-01,2.473512383579999891e+02,2.024000000000000000e+03,1.200000000000000000e+01,3.000000000000000000e+00,1.800000000000000000e+01,4.500000000000000000e+01,5.356982099999999747e+01
4.001537293492999936e+01,-8.302965054643999565e+01,-7.282999999999999474e-01,-1.700499999999999901e+00,-1.446570381270199934e-01,-1.665714920373800034e-01,1.022443998351400124e-01,-7.714501169999999908e-01,1.037694380000000055e-01,2.473267461350000076e+02,2.024000000000000000e+03,1.200000000000000000e+01,3.000000000000000000e+00,1.800000000000000000e+01,4.500000000000000000e+01,5.363299599999999856e+01
4.001537246720000240e+01,-8.302965191891000529e+01,-7.570999999999999952e-01,-1.641899999999999915e+00,-1.334286495584459997e+00,-1.287950075849920051e+00,-3.442142859376199904e-01,-8.200878440000000102e-01,2.135330900000000087e-02,2.473459847969999998e+02,2.024000000000000000e+03,1.200000000000000000e+01,3.000000000000000000e+00,1.800000000000000000e+01,4.500000000000000000e+01,5.369462699999999700e+01
4.001537206249999912e+01,-8.302965306643000076e+01,-7.518000000000000238e-01,-1.616800000000000015e+00,-2.053638969353000221e-01,-7.406333176598800527e-01,-5.060976576851400344e-01,-9.405755089999999763e-01,3.994379199999999880e-02,2.473444573799999944e+02,2.024000000000000000e+03,1.200000000000000000e+01,3.000000000000000000e+00,1.800000000000000000e+01,4.500000000000000000e+01,5.375559599999999705e+01
4.001537172804999898e+01,-8.302965401717000304e+01,-7.422999999999999599e-01,-1.618400000000000061e+00,2.742453816298000002e-01,-1.833062372544000118e-01,-4.454035305423200142e-01,-1.013483762999999982e+00,7.103426899999999711e-02,2.473179161559999955e+02,2.024000000000000000e+03,1.200000000000000000e+01,3.000000000000000000e+00,1.800000000000000000e+01,4.500000000000000000e+01,5.381785800000000108e+01
4.001537126272000222e+01,-8.302965534317000618e+01,-7.440999999999999837e-01,-1.607199999999999962e+00,-3.446232393586800002e-01,-2.595045592896800257e-01,-4.961028645826199845e-01,-1.074701561999999999e+00,9.833944000000000019e-02,2.472629102589999945e+02,2.024000000000000000e+03,1.200000000000000000e+01,3.000000000000000000e+00,1.800000000000000000e+01,4.500000000000000000e+01,5.388223599999999891e+01
4.001537080234999877e+01,-8.302965665968000053e+01,-7.193000000000000504e-01,-1.600000000000000089e+00,3.890579832373400326e-01,-4.516952135770400667e-01,-1.631092210598600045e-01,-1.154613509000000038e+00,1.470031199999999871e-01,2.472102602580000053e+02,2.024000000000000000e+03,1.200000000000000000e+01,3.000000000000000000e+00,1.800000000000000000e+01,4.500000000000000000e+01,5.394433800000000190e+01
4.001537067563999983e+01,-8.302965703652999707e+01,-7.013000000000000345e-01,-1.605499999999999927e+00,1.248094325709460106e+00,-3.782476456935199849e-01,-5.593341584742000244e-02,-1.164016713000000092e+00,1.563636379999999992e-01,2.471996066389999953e+02,2.024000000000000000e+03,1.200000000000000000e+01,3.000000000000000000e+00,1.800000000000000000e+01,4.500000000000000000e+01,5.401049499999999881e+01
4.001537019186000066e+01,-8.302965856128000155e+01,-6.534999999999999698e-01,-1.640300000000000091e+00,1.232125330962880128e+00,3.824069848305400310e-01,3.546819462736000017e-01,-1.074007090000000053e+00,2.070455140000000138e-01,2.471993563000000051e+02,2.024000000000000000e+03,1.200000000000000000e+01,3.000000000000000000e+00,1.800000000000000000e+01,4.500000000000000000e+01,5.407225300000000345e+01
4.001536966830000353e+01,-8.302966030496999394e+01,-6.483999999999999764e-01,-1.664400000000000102e+00,3.801626551135999788e-01,3.554788935693800056e-01,3.271119077973400069e-01,-8.880426919999999669e-01,1.719213709999999895e-01,2.472447831979999933e+02,2.024000000000000000e+03,1.200000000000000000e+01,3.000000000000000000e+00,1.800000000000000000e+01,4.500000000000000000e+01,5.413446400000000125e+01
4.001536932217000242e+01,-8.302966147886000670e+01,-6.493999999999999773e-01,-1.672900000000000054e+00,1.531219851701999882e-02,2.263676099804800002e-01,5.806557165183999503e-02,-7.641810759999999592e-01,1.000917199999999951e-01,2.472172181480000006e+02,2.024000000000000000e+03,1.200000000000000000e+01,3.000000000000000000e+00,1.800000000000000000e+01,4.500000000000000000e+01,5.419613700000000023e+01
4.001536896639999696e+01,-8.302966264951000142e+01,-6.817999999999999616e-01,-1.656500000000000083e+00,-1.292356358595480037e+00,-1.657809866764800022e-01,-1.062130332249200115e-01,-6.610104209999999592e-01,4.781833299999999759e-02,2.471624128180000071e+02,2.024000000000000000e+03,1.200000000000000000e+01,3.000000000000000000e+00,1.800000000000000000e+01,4.500000000000000000e+01,5.425715100000000035e+01
4.001536865472999693e+01,-8.302966361401000484e+01,-7.195000000000000284e-01,-1.635799999999999921e+00,-1.816022966867680166e+00,-1.727142333633199800e-01,-6.243165322657600047e-01,-6.339859310000000026e-01,4.475890300000000266e-02,2.471363213049999956e+02,2.024000000000000000e+03,1.200000000000000000e+01,3.000000000000000000e+00,1.800000000000000000e+01,4.500000000000000000e+01,5.431782299999999708e+01
4.001536819126000211e+01,-8.302966494131999298e+01,-7.628000000000000336e-01,-1.604899999999999993e+00,-1.296276135191679835e+00,-2.637251255859199839e-01,-3.790223644216000332e-01,-7.017663330000000199e-01,1.132330039999999982e-01,2.471486588209999979e+02,2.024000000000000000e+03,1.200000000000000000e+01,3.000000000000000000e+00,1.800000000000000000e+01,4.500000000000000000e+01,5.437677899999999909e+01
4.001536778394999772e+01,-8.302966607243000396e+01,-7.600999999999999979e-01,-1.614700000000000024e+00,3.163938172718400166e-01,3.664463731189999685e-01,-6.228253465405999417e-02,-7.989797199999999489e-01,2.103429800000000127e-01,2.471602588050000122e+02,2.024000000000000000e+03,1.200000000000000000e+01,3.000000000000000000e+00,1.800000000000000000e+01,4.500000000000000000e+01,5.443793200000000354e+01
4.001536738181000175e+01,-8.302966721968999764e+01,-7.430999999999999828e-01,-1.649399999999999977e+00,1.004539521494180132e+00,8.843266707279799910e-01,5.568151044615999440e-02,-8.501028259999999781e-01,2.815281629999999979e-01,2.471357143870000073e+02,2.024000000000000000e+03,1.200000000000000000e+01,3.000000000000000000e+00,1.800000000000000000e+01,4.500000000000000000e+01,5.449923199999999923e+01
4.001536698571000272e+01,-8.302966838925000559e+01,-7.365000000000000435e-01,-1.677899999999999947e+00,5.868441279305000036e-01,7.873902803367600622e-01,1.434626995633999924e-01,-8.695597980000000504e-01,2.960862750000000099e-01,2.470944618089999949e+02,2.024000000000000000e+03,1.200000000000000000e+01,3.000000000000000000e+00,1.800000000000000000e+01,4.500000000000000000e+01,5.456139699999999948e+01
4.001536652749999945e+01,-8.302966977018999728e+01,-7.288000000000000034e-01,-1.687999999999999945e+00,4.343386543243800135e-01,6.780523742010000077e-02,3.227407847780600081e-01,-8.826298639999999862e-01,2.555059490000000100e-01,2.470742824840000083e+02,2.024000000000000000e+03,1.200000000000000000e+01,3.000000000000000000e+00,1.800000000000000000e+01,4.500000000000000000e+01,5.462653300000000200e+01
4.001536608098999892e+01,-8.302967115571999557e+01,-7.079999999999999627e-01,-1.686099999999999932e+00,2.609552827949599974e-01,-3.551115202986199759e-01,5.317806970077399997e-01,-8.402276170000000377e-01,1.882272349999999927e-01,2.470790403160000039e+02,2.024000000000000000e+03,1.200000000000000000e+01,3.000000000000000000e+00,1.800000000000000000e+01,4.500000000000000000e+01,5.469341299999999961e+01
4.001536571042999668e+01,-8.302967234556000165e+01,-6.864999999999999991e-01,-1.691000000000000059e+00,2.869115901276400038e-01,-2.459567403608000080e-01,3.647974880699599853e-01,-7.398520039999999520e-01,1.090961059999999982e-01,2.470855465449999997e+02,2.024000000000000000e+03,1.200000000000000000e+01,3.000000000000000000e+00,1.800000000000000000e+01,4.500000000000000000e+01,5.475552199999999914e+01
4.001536534624000296e+01,-8.302967352804999734e+01,-6.745999999999999774e-01,-1.671000000000000041e+00,8.357663019437999719e-02,-8.932091102558600282e-01,4.070191364046000376e-02,-6.276732830000000263e-01,3.916736500000000260e-02,2.470774140869999940e+02,2.024000000000000000e+03,1.200000000000000000e+01,3.000000000000000000e+00,1.800000000000000000e+01,4.500000000000000000e+01,5.481772200000000339e+01
4.001536497747999732e+01,-8.302967469047999316e+01,-6.972000000000000419e-01,-1.638600000000000056e+00,-9.209884605662400636e-01,-6.942108391701000691e-01,-2.771346624835799854e-01,-5.756024269999999721e-01,7.460824999999999922e-03,2.470609267000000102e+02,2.024000000000000000e+03,1.200000000000000000e+01,3.000000000000000000e+00,1.800000000000000000e+01,4.500000000000000000e+01,5.488029300000000177e+01
4.001536459502000298e+01,-8.302967583666000451e+01,-7.295000000000000373e-01,-1.622900000000000009e+00,-1.149259682240860059e+00,-2.285025864219999980e-02,-6.298676424867999391e-01,-6.001287520000000431e-01,-3.610241000000000144e-03,2.470510046020000061e+02,2.024000000000000000e+03,1.200000000000000000e+01,3.000000000000000000e+00,1.800000000000000000e+01,4.500000000000000000e+01,5.494119299999999839e+01
4.001536446405999925e+01,-8.302967621706000045e+01,-7.382999999999999563e-01,-1.621199999999999974e+00,-1.050969500241800025e+00,9.458489686661999962e-02,-8.049489890764800482e-01,-6.135828610000000349e-01,-1.132563999999999967e-02,2.470489082500000109e+02,2.024000000000000000e+03,1.200000000000000000e+01,3.000000000000000000e+00,1.800000000000000000e+01,4.500000000000000000e+01,5.500283799999999701e+01
4.001536392682000098e+01,-8.302967773259000239e+01,-7.581999999999999851e-01,-1.614600000000000035e+00,-1.729921058959399960e-01,2.445857769322000094e-02,-4.707210506098199465e-01,-7.128050630000000165e-01,-2.831188899999999981e-02,2.470428407439999887e+02,2.024000000000000000e+03,1.200000000000000000e+01,3.000000000000000000e+00,1.800000000000000000e+01,4.500000000000000000e+01,5.506693099999999674e+01
4.001536339255999764e+01,-8.302967925007999384e+01,-7.367000000000000215e-01,-1.622900000000000009e+00,5.348262908247199965e-01,4.968598926488000667e-02,-1.840692053939800010e-01,-7.814326059999999741e-01,-1.477784700000000020e-02,2.470071848929999874e+02,2.024000000000000000e+03,1.200000000000000000e+01,3.000000000000000000e+00,1.800000000000000000e+01,4.500000000000000000e+01,5.512903899999999879e+01
4.001536285961000061e+01,-8.302968077602000108e+01,-7.463999999999999524e-01,-1.632800000000000029e+00,-1.616993128925999987e-02,4.345337865771599639e-01,5.318447957349400346e-01,-8.557238889999999598e-01,-3.432154400000000244e-02,2.470081962639999915e+02,2.024000000000000000e+03,1.200000000000000000e+01,3.000000000000000000e+00,1.800000000000000000e+01,4.500000000000000000e+01,5.519490600000000313e+01
4.001536246148999965e+01,-8.302968193393999741e+01,-7.349999999999999867e-01,-1.655999999999999917e+00,6.643770742602399526e-01,5.260012130715999712e-01,5.362916978396400358e-01,-8.991111269999999545e-01,-9.573413699999999693e-02,2.470292816019999975e+02,2.024000000000000000e+03,1.200000000000000000e+01,3.000000000000000000e+00,1.800000000000000000e+01,4.500000000000000000e+01,5.526064699999999874e+01
4.001536206904999915e+01,-8.302968310270999552e+01,-7.265000000000000346e-01,-1.664900000000000047e+00,2.997541506631599684e-01,1.734006448376400056e-01,3.071796948638000346e-01,-8.922632209999999953e-01,-1.768309020000000120e-01,2.470271192170000063e+02,2.024000000000000000e+03,1.200000000000000000e+01,3.000000000000000000e+00,1.800000000000000000e+01,4.500000000000000000e+01,5.532239299999999815e+01
4.001536160872999659e+01,-8.302968446453999718e+01,-7.426000000000000378e-01,-1.652500000000000080e+00,-6.451141845659600360e-01,-1.423774420512399774e-01,3.484620587027599803e-01,-8.847234330000000035e-01,-2.646968160000000014e-01,2.470034357899999975e+02,2.024000000000000000e+03,1.200000000000000000e+01,3.000000000000000000e+00,1.800000000000000000e+01,4.500000000000000000e+01,5.538623599999999669e+01
4.001536114097999786e+01,-8.302968581893999556e+01,-7.442999999999999616e-01,-1.650500000000000078e+00,-1.962290714736000113e-02,-2.190677133185999978e-02,2.586853710044799692e-01,-9.220635200000000253e-01,-3.433160120000000037e-01,2.469930006310000010e+02,2.024000000000000000e+03,1.200000000000000000e+01,3.000000000000000000e+00,1.800000000000000000e+01,4.500000000000000000e+01,5.545336700000000008e+01
4.001536080919999705e+01,-8.302968679014000486e+01,-7.347000000000000197e-01,-1.660300000000000109e+00,5.473563646475000377e-01,1.627418520135799906e-01,-1.664011989517600043e-01,-9.545823690000000417e-01,-4.099391470000000037e-01,2.469691167500000120e+02,2.024000000000000000e+03,1.200000000000000000e+01,3.000000000000000000e+00,1.800000000000000000e+01,4.500000000000000000e+01,5.551807999999999765e+01
4.001536035062999730e+01,-8.302968815623999888e+01,-7.249999999999999778e-01,-1.666600000000000081e+00,3.214932657526399784e-01,1.843421347785999947e-02,-5.297659194759000156e-01,-9.759807310000000458e-01,-4.975402729999999774e-01,2.469344246199999873e+02,2.024000000000000000e+03,1.200000000000000000e+01,3.000000000000000000e+00,1.800000000000000000e+01,4.500000000000000000e+01,5.557956099999999822e+01
4.001535996773999670e+01,-8.302968933143000640e+01,-7.005000000000000115e-01,-1.673300000000000010e+00,8.040937482429599825e-01,-8.615926767789999774e-02,-6.542697981709000299e-01,-9.342574670000000081e-01,-5.487277870000000224e-01,2.469178388809999944e+02,2.024000000000000000e+03,1.200000000000000000e+01,3.000000000000000000e+00,1.800000000000000000e+01,4.500000000000000000e+01,5.564021999999999935e+01
4.001535959232000295e+01,-8.302969050839999454e+01,-6.945999999999999952e-01,-1.673399999999999999e+00,2.294710911031199729e-01,-6.654887658920000115e-03,-4.489623891598799599e-01,-8.430896610000000457e-01,-5.716357429999999740e-01,2.469177138580000133e+02,2.024000000000000000e+03,1.200000000000000000e+01,3.000000000000000000e+00,1.800000000000000000e+01,4.500000000000000000e+01,5.570151700000000261e+01
4.001535921504000015e+01,-8.302969168500999331e+01,-7.077999999999999847e-01,-1.672400000000000109e+00,-4.243054810570999758e-01,2.261049572575599964e-01,-2.611555479230199817e-01,-7.766375229999999963e-01,-5.790865480000000343e-01,2.469189276950000078e+02,2.024000000000000000e+03,1.200000000000000000e+01,3.000000000000000000e+00,1.800000000000000000e+01,4.500000000000000000e+01,5.576643800000000084e+01
4.001535876842999784e+01,-8.302969306045000053e+01,-7.207999999999999963e-01,-1.677400000000000002e+00,-4.079990174933799674e-01,3.174297932917599652e-01,3.115114881068999919e-01,-7.367834250000000473e-01,-6.015695500000000084e-01,2.469097765859999924e+02,2.024000000000000000e+03,1.200000000000000000e+01,3.000000000000000000e+00,1.800000000000000000e+01,4.500000000000000000e+01,5.582568899999999701e+01
4.001535837547000085e+01,-8.302969424049000224e+01,-7.379999999999999893e-01,-1.677100000000000035e+00,-4.182205343113000184e-01,2.160332733940600325e-01,5.614722442331600005e-01,-7.265620790000000273e-01,-6.475750470000000147e-01,2.469015034200000116e+02,2.024000000000000000e+03,1.200000000000000000e+01,3.000000000000000000e+00,1.800000000000000000e+01,4.500000000000000000e+01,5.589035499999999956e+01
4.001535797516999793e+01,-8.302969542056000307e+01,-7.479999999999999982e-01,-1.677100000000000035e+00,-2.235606436163800059e-01,1.295030612026800143e-01,4.044497071341799921e-01,-7.254464510000000477e-01,-7.008753079999999747e-01,2.468886905109999930e+02,2.024000000000000000e+03,1.200000000000000000e+01,3.000000000000000000e+00,1.800000000000000000e+01,4.500000000000000000e+01,5.595314299999999719e+01
4.001535784088999748e+01,-8.302969581374999564e+01,-7.498000000000000220e-01,-1.676099999999999923e+00,-2.423320176076800003e-01,1.127527002535599898e-01,2.681794554194000257e-01,-7.261330339999999550e-01,-7.177996150000000020e-01,2.468832741470000087e+02,2.024000000000000000e+03,1.200000000000000000e+01,3.000000000000000000e+00,1.800000000000000000e+01,4.500000000000000000e+01,5.601945200000000114e+01
4.001535729801999963e+01,-8.302969738567999514e+01,-7.642999999999999794e-01,-1.673399999999999999e+00,-4.233284124435799933e-01,1.245482939829199998e-01,-8.561346354629999211e-02,-7.648511540000000331e-01,-7.762013389999999902e-01,2.468692860209999935e+02,2.024000000000000000e+03,1.200000000000000000e+01,3.000000000000000000e+00,1.800000000000000000e+01,4.500000000000000000e+01,5.608460399999999879e+01
4.001535668561999870e+01,-8.302969916354000190e+01,-7.553999999999999604e-01,-1.689799999999999969e+00,4.173656666763799761e-01,2.592074369580800175e-01,-2.760699626995400391e-01,-8.181957050000000509e-01,-8.433105950000000517e-01,2.468706280300000060e+02,2.024000000000000000e+03,1.200000000000000000e+01,3.000000000000000000e+00,1.800000000000000000e+01,4.500000000000000000e+01,5.614800499999999772e+01
4.001535621786000263e+01,-8.302970056291999867e+01,-7.376000000000000334e-01,-1.707100000000000062e+00,7.620836894108999893e-01,1.506441549543000025e-01,-2.541895005216199821e-01,-7.993306550000000010e-01,-9.227153630000000106e-01,2.468561283790000118e+02,2.024000000000000000e+03,1.200000000000000000e+01,3.000000000000000000e+00,1.800000000000000000e+01,4.500000000000000000e+01,5.620958900000000114e+01
4.001535575962000024e+01,-8.302970197102999350e+01,-7.269999999999999796e-01,-1.711200000000000054e+00,2.961382416731799805e-01,-2.025075318638000152e-02,1.068465373501399918e-01,-7.593231510000000295e-01,-9.950428770000000478e-01,2.468143840639999951e+02,2.024000000000000000e+03,1.200000000000000000e+01,3.000000000000000000e+00,1.800000000000000000e+01,4.500000000000000000e+01,5.627367600000000181e+01
4.001535537209999660e+01,-8.302970317845999659e+01,-7.235000000000000320e-01,-1.707699999999999996e+00,-2.974068097493799967e-01,-2.491894301070400053e-01,5.479491008299000043e-01,-7.072289859999999484e-01,-1.050091419999999998e+00,2.467915510029999950e+02,2.024000000000000000e+03,1.200000000000000000e+01,3.000000000000000000e+00,1.800000000000000000e+01,4.500000000000000000e+01,5.633512499999999790e+01
4.001535498465000273e+01,-8.302970438155999489e+01,-7.235000000000000320e-01,-1.699200000000000044e+00,-2.865289955389200283e-01,-3.783781087255200237e-01,-1.268786518462000114e-02,-6.422242049999999924e-01,-1.095292117000000065e+00,2.467961751729999946e+02,2.024000000000000000e+03,1.200000000000000000e+01,3.000000000000000000e+00,1.800000000000000000e+01,4.500000000000000000e+01,5.639657299999999651e+01
4.001535459208000134e+01,-8.302970557407999763e+01,-7.393999999999999462e-01,-1.681899999999999951e+00,-6.875808280749799994e-01,-2.645938215660599835e-01,-1.723396776642800166e-01,-5.987927720000000287e-01,-1.099260303000000105e+00,2.468088161480000053e+02,2.024000000000000000e+03,1.200000000000000000e+01,3.000000000000000000e+00,1.800000000000000000e+01,4.500000000000000000e+01,5.645899099999999748e+01
4.001535418337000038e+01,-8.302970675361000019e+01,-7.768000000000000460e-01,-1.665999999999999925e+00,-1.086328067858699953e+00,5.886514621948000375e-02,-1.161035734958400095e-01,-6.282902449999999694e-01,-1.086378510999999936e+00,2.468066791450000039e+02,2.024000000000000000e+03,1.200000000000000000e+01,3.000000000000000000e+00,1.800000000000000000e+01,4.500000000000000000e+01,5.651857199999999892e+01
4.001535369209000237e+01,-8.302970812389999367e+01,-7.880000000000000338e-01,-1.664099999999999913e+00,-1.646442313586800044e-01,2.991507354767999893e-02,-3.150669592845000144e-01,-7.284541749999999816e-01,-1.094240450000000031e+00,2.467498392409999894e+02,2.024000000000000000e+03,1.200000000000000000e+01,3.000000000000000000e+00,1.800000000000000000e+01,4.500000000000000000e+01,5.658496900000000096e+01
4.001535327039999856e+01,-8.302970929756999396e+01,-7.822999999999999954e-01,-1.664199999999999902e+00,2.283810336280799880e-01,-4.527009063884000067e-02,-3.247126734579600105e-01,-8.050840900000000300e-01,-1.098827679000000002e+00,2.466687821030000123e+02,2.024000000000000000e+03,1.200000000000000000e+01,3.000000000000000000e+00,1.800000000000000000e+01,4.500000000000000000e+01,5.664935100000000290e+01
4.001535285244000306e+01,-8.302971047334000332e+01,-7.759000000000000341e-01,-1.666299999999999892e+00,9.772147293160000914e-02,-8.482623465140000374e-02,-1.930340740075000006e-01,-8.487822229999999468e-01,-1.100590704999999891e+00,2.466079043130000059e+02,2.024000000000000000e+03,1.200000000000000000e+01,3.000000000000000000e+00,1.800000000000000000e+01,4.500000000000000000e+01,5.671168099999999868e+01
4.001535236995000133e+01,-8.302971184534999338e+01,-7.682999999999999829e-01,-1.667399999999999993e+00,5.472990360838000251e-02,-2.026315840111999819e-02,-2.081949817840200168e-01,-8.761447159999999901e-01,-1.089870209999999950e+00,2.465716463400000009e+02,2.024000000000000000e+03,1.200000000000000000e+01,3.000000000000000000e+00,1.800000000000000000e+01,4.500000000000000000e+01,5.677409099999999853e+01
4.001535196438999975e+01,-8.302971302666999520e+01,-7.483999999999999542e-01,-1.679899999999999949e+00,5.990024099122199797e-01,1.320262962013000196e-01,2.248456351235200157e-01,-8.649456779999999956e-01,-1.082893700000000070e+00,2.465329752410000026e+02,2.024000000000000000e+03,1.200000000000000000e+01,3.000000000000000000e+00,1.800000000000000000e+01,4.500000000000000000e+01,5.683508900000000352e+01
4.001535156692000328e+01,-8.302971421671000485e+01,-7.358999999999999986e-01,-1.691999999999999948e+00,3.778091690887799836e-01,1.554033342591200073e-01,1.950136446144399849e-01,-8.048780650000000314e-01,-1.100102222999999935e+00,2.464534590780000087e+02,2.024000000000000000e+03,1.200000000000000000e+01,3.000000000000000000e+00,1.800000000000000000e+01,4.500000000000000000e+01,5.689706300000000283e+01
4.001535117040000245e+01,-8.302971540759000391e+01,-7.436000000000000387e-01,-1.685200000000000031e+00,-6.598996749671399709e-01,-1.168071175360800018e-01,5.962900635135999494e-02,-7.370572439999999448e-01,-1.119257935000000037e+00,2.463345348519999902e+02,2.024000000000000000e+03,1.200000000000000000e+01,3.000000000000000000e+00,1.800000000000000000e+01,4.500000000000000000e+01,5.695986800000000017e+01
4.001535103633000290e+01,-8.302971580326999401e+01,-7.502999999999999670e-01,-1.683599999999999985e+00,-5.953467520822000036e-01,4.304240045589999980e-02,7.034018896343999239e-02,-7.173925740000000051e-01,-1.124641046999999894e+00,2.462936777079999899e+02,2.024000000000000000e+03,1.200000000000000000e+01,3.000000000000000000e+00,1.800000000000000000e+01,4.500000000000000000e+01,5.702273699999999934e+01
4.001535034351000064e+01,-8.302971777538999731e+01,-7.893999999999999906e-01,-1.675799999999999956e+00,-6.016185900674000386e-01,1.840519590706000130e-01,-3.188683241726599782e-01,-6.891146719999999837e-01,-1.157530289999999962e+00,2.460921874469999864e+02,2.024000000000000000e+03,1.200000000000000000e+01,3.000000000000000000e+00,1.800000000000000000e+01,4.500000000000000000e+01,5.708576800000000162e+01
4.001534985039999981e+01,-8.302971915794999802e+01,-7.999000000000000554e-01,-1.672500000000000098e+00,-3.474671162683199976e-01,8.303227012527999995e-02,-1.497939265210199988e-01,-6.694857939999999674e-01,-1.183952512999999929e+00,2.459247632199999885e+02,2.024000000000000000e+03,1.200000000000000000e+01,3.000000000000000000e+00,1.800000000000000000e+01,4.500000000000000000e+01,5.714872499999999889e+01
4.001534942231000258e+01,-8.302972033995000345e+01,-8.084999999999999964e-01,-1.666500000000000092e+00,-5.418458648362000085e-01,-8.513930847469999841e-02,-8.488624855828000304e-02,-6.662260770000000276e-01,-1.202488328000000051e+00,2.457515689809999913e+02,2.024000000000000000e+03,1.200000000000000000e+01,3.000000000000000000e+00,1.800000000000000000e+01,4.500000000000000000e+01,5.721197000000000088e+01
4.001534891602000243e+01,-8.302972170808999408e+01,-8.174000000000000155e-01,-1.648600000000000065e+00,-4.945830798976799669e-01,-4.079403774741799937e-01,7.001021292598000323e-02,-6.939689209999999608e-01,-1.196004708000000027e+00,2.455440234939999868e+02,2.024000000000000000e+03,1.200000000000000000e+01,3.000000000000000000e+00,1.800000000000000000e+01,4.500000000000000000e+01,5.727459400000000045e+01
4.001534848264000033e+01,-8.302972287318000610e+01,-8.075999999999999845e-01,-1.645299999999999985e+00,2.479787615150200186e-01,-2.058320145365200027e-01,1.826856711267200173e-01,-7.085053080000000003e-01,-1.165310279000000060e+00,2.453714932420000139e+02,2.024000000000000000e+03,1.200000000000000000e+01,3.000000000000000000e+00,1.800000000000000000e+01,4.500000000000000000e+01,5.733814100000000025e+01
4.001534805579999698e+01,-8.302972404535999829e+01,-7.924999999999999822e-01,-1.669799999999999951e+00,8.197809924164800588e-01,6.066872253375399371e-01,7.775342638354000580e-02,-6.599137349999999458e-01,-1.139874929999999953e+00,2.451930321689999914e+02,2.024000000000000000e+03,1.200000000000000000e+01,3.000000000000000000e+00,1.800000000000000000e+01,4.500000000000000000e+01,5.740039600000000064e+01
4.001534763131000005e+01,-8.302972523821999573e+01,-7.952000000000000179e-01,-1.703000000000000069e+00,4.444275825170400096e-01,1.007065194169579847e+00,-4.029653654723999723e-02,-5.546919820000000279e-01,-1.175488907000000083e+00,2.450029791290000105e+02,2.024000000000000000e+03,1.200000000000000000e+01,3.000000000000000000e+00,1.800000000000000000e+01,4.500000000000000000e+01,5.746335899999999697e+01
4.001534719491999681e+01,-8.302972643443999345e+01,-8.374000000000000332e-01,-1.679499999999999993e+00,-1.695247183109200195e+00,-2.431336122152999990e-01,4.433580183000000036e-04,-4.885973200000000016e-01,-1.258791911000000097e+00,2.448088645530000065e+02,2.024000000000000000e+03,1.200000000000000000e+01,3.000000000000000000e+00,1.800000000000000000e+01,4.500000000000000000e+01,5.752402099999999763e+01
4.001534665049999973e+01,-8.302972779540000658e+01,-9.023999999999999799e-01,-1.624600000000000044e+00,-1.012173799420639897e+00,-2.762348145911200370e-01,-8.500668242009999653e-02,-6.142952579999999552e-01,-1.307044147000000045e+00,2.445781489590000035e+02,2.024000000000000000e+03,1.200000000000000000e+01,3.000000000000000000e+00,1.800000000000000000e+01,4.500000000000000000e+01,5.758552199999999743e+01
4.001534616967000346e+01,-8.302972893410999689e+01,-8.945999999999999508e-01,-1.595299999999999940e+00,-1.060492718140200047e-01,-1.061827268004420066e+00,1.944933990489400022e-01,-7.546349380000000329e-01,-1.288136157000000059e+00,2.443362752259999979e+02,2.024000000000000000e+03,1.200000000000000000e+01,3.000000000000000000e+00,1.800000000000000000e+01,4.500000000000000000e+01,5.764827400000000068e+01
4.001534570178999672e+01,-8.302973005894000380e+01,-8.577000000000000179e-01,-1.587099999999999955e+00,9.339715285509799791e-01,-7.164522378827200555e-01,2.532668511845199699e-01,-7.658506609999999881e-01,-1.211392574000000000e+00,2.440571312449999937e+02,2.024000000000000000e+03,1.200000000000000000e+01,3.000000000000000000e+00,1.800000000000000000e+01,4.500000000000000000e+01,5.771155699999999911e+01
4.001534516502999850e+01,-8.302973136958999589e+01,-8.608999999999999986e-01,-1.590200000000000058e+00,-1.730554442262400017e-01,1.056984478549800044e-01,1.601808429761200081e-01,-7.208561409999999503e-01,-1.088432832999999933e+00,2.437343802739999887e+02,2.024000000000000000e+03,1.200000000000000000e+01,3.000000000000000000e+00,1.800000000000000000e+01,4.500000000000000000e+01,5.777286099999999891e+01
4.001534470295000290e+01,-8.302973249979000059e+01,-8.645000000000000462e-01,-1.605299999999999949e+00,1.212437493667199995e-01,4.076744572678399625e-01,3.258215388409199664e-01,-7.367668590000000517e-01,-1.020778178999999897e+00,2.434718999819999965e+02,2.024000000000000000e+03,1.200000000000000000e+01,3.000000000000000000e+00,1.800000000000000000e+01,4.500000000000000000e+01,5.783451500000000323e+01
4.001534424441000226e+01,-8.302973364404999757e+01,-8.465000000000000302e-01,-1.632900000000000018e+00,1.066500483995000081e+00,5.016754306894399829e-01,4.368426749235799766e-01,-7.228943140000000378e-01,-1.005514489000000067e+00,2.431993789619999973e+02,2.024000000000000000e+03,1.200000000000000000e+01,3.000000000000000000e+00,1.800000000000000000e+01,4.500000000000000000e+01,5.789629699999999701e+01
4.001534378993000018e+01,-8.302973479656999700e+01,-8.477000000000000091e-01,-1.634900000000000020e+00,1.297919306918000060e-01,1.579070671640599999e-01,9.540670611514000254e-02,-6.089303539999999515e-01,-1.031588390000000022e+00,2.428983853249999925e+02,2.024000000000000000e+03,1.200000000000000000e+01,3.000000000000000000e+00,1.800000000000000000e+01,4.500000000000000000e+01,5.795821099999999859e+01
4.001534371366000187e+01,-8.302973498814000664e+01,-8.524000000000000465e-01,-1.630200000000000093e+00,-3.038945612086400017e-01,-1.771016066623999977e-02,2.653735386756000264e-02,-5.838531529999999581e-01,-1.043363926000000053e+00,2.428448970889999998e+02,2.024000000000000000e+03,1.200000000000000000e+01,3.000000000000000000e+00,1.800000000000000000e+01,4.500000000000000000e+01,5.802167699999999684e+01
4.001534301259000159e+01,-8.302973669438999593e+01,-8.939000000000000279e-01,-1.590700000000000003e+00,-1.365037114180859934e+00,-3.643004545053599719e-01,-1.274900884670999990e-01,-4.269186979999999854e-01,-1.068378465000000110e+00,2.423319866639999987e+02,2.024000000000000000e+03,1.200000000000000000e+01,3.000000000000000000e+00,1.800000000000000000e+01,4.500000000000000000e+01,5.808430500000000052e+01
4.001534226556999840e+01,-8.302973834995999880e+01,-9.576000000000000068e-01,-1.529600000000000071e+00,-1.980013307677499945e+00,-6.634325129440400426e-01,-1.726143759780600084e-01,-4.804438089999999995e-01,-1.026396686000000003e+00,2.417758446210000045e+02,2.024000000000000000e+03,1.200000000000000000e+01,3.000000000000000000e+00,1.800000000000000000e+01,4.500000000000000000e+01,5.815128800000000098e+01
4.001534174364000052e+01,-8.302973942395999529e+01,-9.758000000000000007e-01,-1.507900000000000018e+00,-6.076982120187199854e-01,-4.157589609972999756e-01,-1.241203774533999882e-02,-5.837523719999999638e-01,-9.773295060000000145e-01,2.413901749919999986e+02,2.024000000000000000e+03,1.200000000000000000e+01,3.000000000000000000e+00,1.800000000000000000e+01,4.500000000000000000e+01,5.821644200000000069e+01
4.001534113409999804e+01,-8.302974066867000147e+01,-9.691999999999999504e-01,-1.505600000000000049e+00,1.766739015938000035e-02,-1.767033746705800046e-01,2.079165867610799912e-01,-6.225126859999999818e-01,-9.143832990000000382e-01,2.408961319839999931e+02,2.024000000000000000e+03,1.200000000000000000e+01,3.000000000000000000e+00,1.800000000000000000e+01,4.500000000000000000e+01,5.827927600000000297e+01
4.001534061241000018e+01,-8.302974173361999988e+01,-9.709999999999999742e-01,-1.504000000000000004e+00,-2.005683231610400075e-01,-5.320118015505999332e-02,1.807331726613800038e-01,-6.242573089999999825e-01,-8.714730910000000330e-01,2.404386864159999959e+02,2.024000000000000000e+03,1.200000000000000000e+01,3.000000000000000000e+00,1.800000000000000000e+01,4.500000000000000000e+01,5.834141499999999780e+01
4.001534008784000207e+01,-8.302974279759999376e+01,-9.772999999999999465e-01,-1.504199999999999982e+00,-1.908363938031799878e-01,5.311193795633999820e-02,7.175442782285999799e-02,-6.466483539999999808e-01,-8.390616619999999859e-01,2.399648919210000031e+02,2.024000000000000000e+03,1.200000000000000000e+01,3.000000000000000000e+00,1.800000000000000000e+01,4.500000000000000000e+01,5.839972900000000067e+01
4.001533956315000040e+01,-8.302974386203000279e+01,-9.727000000000000091e-01,-1.506899999999999906e+00,1.863128220258800094e-01,5.889013446639999524e-03,8.932433906280000738e-03,-6.393032709999999508e-01,-8.160169980000000489e-01,2.394864276860000132e+02,2.024000000000000000e+03,1.200000000000000000e+01,3.000000000000000000e+00,1.800000000000000000e+01,4.500000000000000000e+01,5.846206300000000056e+01
4.001533904365000183e+01,-8.302974492791000216e+01,-9.595000000000000195e-01,-1.508599999999999941e+00,3.267394251929399696e-01,-1.478078950856600016e-01,-2.558209714937599855e-01,-5.431525209999999992e-01,-7.920272769999999740e-01,2.389878436239999928e+02,2.024000000000000000e+03,1.200000000000000000e+01,3.000000000000000000e+00,1.800000000000000000e+01,4.500000000000000000e+01,5.852181499999999659e+01
4.001533843611999686e+01,-8.302974616702999811e+01,-9.787000000000000144e-01,-1.495999999999999996e+00,-9.149081538487400245e-01,3.974228980359999913e-02,-1.509612313864399924e-01,-3.676212629999999759e-01,-7.591911580000000326e-01,2.383662535219999938e+02,2.024000000000000000e+03,1.200000000000000000e+01,3.000000000000000000e+00,1.800000000000000000e+01,4.500000000000000000e+01,5.858707400000000121e+01
4.001533789398000351e+01,-8.302974721184999396e+01,-1.031500000000000083e+00,-1.463300000000000045e+00,-1.999792365311139797e+00,3.732694516863999806e-02,-1.372150113426200135e-01,-2.965333390000000069e-01,-7.384585580000000427e-01,2.378111966349999875e+02,2.024000000000000000e+03,1.200000000000000000e+01,3.000000000000000000e+00,1.800000000000000000e+01,4.500000000000000000e+01,5.864952999999999861e+01
4.001533732487000350e+01,-8.302974823737000065e+01,-1.077499999999999902e+00,-1.438099999999999934e+00,-1.624687456836159782e+00,-9.416200236840000307e-03,1.395716551949399975e-01,-3.122146129999999742e-01,-7.389693109999999621e-01,2.372443763390000129e+02,2.024000000000000000e+03,1.200000000000000000e+01,3.000000000000000000e+00,1.800000000000000000e+01,4.500000000000000000e+01,5.871169299999999680e+01
4.001533663878999647e+01,-8.302974941070000625e+01,-1.100400000000000045e+00,-1.409000000000000030e+00,-8.603756300097199494e-01,-4.035522176504999781e-01,9.292136136626000242e-02,-3.406526599999999960e-01,-7.574143370000000486e-01,2.365535325049999926e+02,2.024000000000000000e+03,1.200000000000000000e+01,3.000000000000000000e+00,1.800000000000000000e+01,4.500000000000000000e+01,5.877329000000000292e+01
4.001533604738000349e+01,-8.302975040223999770e+01,-1.093499999999999917e+00,-1.398500000000000076e+00,8.906584690655999781e-02,-4.354821427591999972e-01,-2.902913756307800019e-01,-3.263002309999999961e-01,-7.457008590000000492e-01,2.359059515870000041e+02,2.024000000000000000e+03,1.200000000000000000e+01,3.000000000000000000e+00,1.800000000000000000e+01,4.500000000000000000e+01,5.883497599999999750e+01
4.001533546185000034e+01,-8.302975138909999941e+01,-1.083900000000000086e+00,-1.392300000000000093e+00,-4.968996496119999946e-03,-3.412994336575600474e-01,-2.058250717491199866e-01,-2.630069019999999869e-01,-7.022642869999999871e-01,2.352044981170000142e+02,2.024000000000000000e+03,1.200000000000000000e+01,3.000000000000000000e+00,1.800000000000000000e+01,4.500000000000000000e+01,5.890225300000000175e+01
4.001533486456000333e+01,-8.302975236141000437e+01,-1.126500000000000057e+00,-1.363799999999999901e+00,-1.565733650923059939e+00,3.790254808850000018e-02,5.358326934937399644e-01,-2.223537610000000109e-01,-6.698846349999999505e-01,2.345099093569999980e+02,2.024000000000000000e+03,1.200000000000000000e+01,3.000000000000000000e+00,1.800000000000000000e+01,4.500000000000000000e+01,5.896472500000000139e+01
4.001533455652000271e+01,-8.302975283957999864e+01,-1.154099999999999904e+00,-1.345699999999999896e+00,-1.991510009074479948e+00,1.611715038691799995e-01,5.066894195755999863e-01,-2.228527899999999951e-01,-6.697304739999999645e-01,2.341718393149999997e+02,2.024000000000000000e+03,1.200000000000000000e+01,3.000000000000000000e+00,1.800000000000000000e+01,4.500000000000000000e+01,5.902818299999999851e+01
4.001533371383000315e+01,-8.302975409354999670e+01,-1.189200000000000035e+00,-1.316699999999999982e+00,-1.053883520794159923e+00,-1.187815154355399971e-01,4.258466627247399772e-01,-2.590863959999999966e-01,-7.016298880000000349e-01,2.332350065139999913e+02,2.024000000000000000e+03,1.200000000000000000e+01,3.000000000000000000e+00,1.800000000000000000e+01,4.500000000000000000e+01,5.909067999999999898e+01
4.001533295848000193e+01,-8.302975516325000171e+01,-1.206800000000000095e+00,-1.287500000000000089e+00,-9.462948594468599817e-01,-4.353477173829599645e-01,-3.945862935791799586e-01,-2.700879090000000149e-01,-7.414585249999999794e-01,2.323118770789999985e+02,2.024000000000000000e+03,1.200000000000000000e+01,3.000000000000000000e+00,1.800000000000000000e+01,4.500000000000000000e+01,5.915436400000000106e+01
4.001533218936000225e+01,-8.302975619589000189e+01,-1.231600000000000028e+00,-1.231800000000000006e+00,-1.603147351784520058e+00,-8.314452191105400347e-01,-3.867132743821399821e-01,-2.980568800000000240e-01,-7.274019800000000036e-01,2.313126904949999982e+02,2.024000000000000000e+03,1.200000000000000000e+01,3.000000000000000000e+00,1.800000000000000000e+01,4.500000000000000000e+01,5.921644400000000275e+01
4.001533140635000052e+01,-8.302975718735000044e+01,-1.250899999999999901e+00,-1.189999999999999947e+00,-1.037141274544340019e+00,-4.698432368441999851e-01,3.334046295600600063e-01,-3.773793919999999802e-01,-6.789465270000000219e-01,2.302828109859999870e+02,2.024000000000000000e+03,1.200000000000000000e+01,3.000000000000000000e+00,1.800000000000000000e+01,4.500000000000000000e+01,5.927908599999999950e+01
4.001533072712999939e+01,-8.302975802057000010e+01,-1.261200000000000099e+00,-1.180800000000000072e+00,-4.383424953580000172e-01,-3.131426541860000100e-03,5.495362026510399733e-01,-4.404163039999999807e-01,-6.557423519999999728e-01,2.293906329339999957e+02,2.024000000000000000e+03,1.200000000000000000e+01,3.000000000000000000e+00,1.800000000000000000e+01,4.500000000000000000e+01,5.934121900000000238e+01
4.001532992995999649e+01,-8.302975898802000643e+01,-1.265700000000000047e+00,-1.177499999999999991e+00,-2.256996221952399795e-01,-5.122775173166000534e-02,2.723560022230600008e-01,-4.416414759999999773e-01,-6.676489509999999905e-01,2.283415008220000004e+02,2.024000000000000000e+03,1.200000000000000000e+01,3.000000000000000000e+00,1.800000000000000000e+01,4.500000000000000000e+01,5.940884199999999993e+01
4.001532935904999988e+01,-8.302975967445999572e+01,-1.270499999999999963e+00,-1.164900000000000047e+00,-5.903316006587600029e-01,-2.492434865076000039e-01,-3.404429508113999969e-02,-4.052095350000000096e-01,-6.865475079999999730e-01,2.275775033710000059e+02,2.024000000000000000e+03,1.200000000000000000e+01,3.000000000000000000e+00,1.800000000000000000e+01,4.500000000000000000e+01,5.947174199999999900e+01
4.001532843590000255e+01,-8.302976074528000083e+01,-1.292300000000000004e+00,-1.119199999999999973e+00,-1.258232090402900072e+00,-4.953307144332799727e-01,2.210609075692800130e-01,-3.525136609999999782e-01,-7.108064549999999482e-01,2.263264667470000120e+02,2.024000000000000000e+03,1.200000000000000000e+01,3.000000000000000000e+00,1.800000000000000000e+01,4.500000000000000000e+01,5.953491000000000355e+01
4.001532773068999660e+01,-8.302976151775000346e+01,-1.314100000000000046e+00,-1.082100000000000062e+00,-1.299507242918000127e+00,-3.628994656880399905e-01,2.124709195158799857e-01,-3.305184440000000223e-01,-7.398566770000000181e-01,2.253747466009999982e+02,2.024000000000000000e+03,1.200000000000000000e+01,3.000000000000000000e+00,1.800000000000000000e+01,4.500000000000000000e+01,5.959753700000000265e+01
4.001532701848999807e+01,-8.302976227124000275e+01,-1.322699999999999987e+00,-1.060000000000000053e+00,-8.332176748209599859e-01,-3.246209703366199628e-01,-3.757260511484000060e-02,-2.894448980000000060e-01,-7.821636250000000290e-01,2.244051507910000112e+02,2.024000000000000000e+03,1.200000000000000000e+01,3.000000000000000000e+00,1.800000000000000000e+01,4.500000000000000000e+01,5.965970699999999738e+01
4.001532629983999811e+01,-8.302976300500999685e+01,-1.335499999999999909e+00,-1.029300000000000104e+00,-1.049929843414580066e+00,-3.780748326360200418e-01,-1.466131994453200027e-01,-2.411778910000000054e-01,-8.308658439999999645e-01,2.234234586970000009e+02,2.024000000000000000e+03,1.200000000000000000e+01,3.000000000000000000e+00,1.800000000000000000e+01,4.500000000000000000e+01,5.972266499999999922e+01
4.001532545428000276e+01,-8.302976383447000330e+01,-1.344200000000000061e+00,-9.969999999999999973e-01,-7.543769548843000106e-01,-3.998397897088199482e-01,-5.230178708963200140e-01,-1.971867439999999971e-01,-8.661937760000000264e-01,2.222782284470000036e+02,2.024000000000000000e+03,1.200000000000000000e+01,3.000000000000000000e+00,1.800000000000000000e+01,4.500000000000000000e+01,5.978622299999999967e+01
4.001532472611000202e+01,-8.302976452510000627e+01,-1.349599999999999911e+00,-9.700999999999999623e-01,-7.630284675265599503e-01,-4.453495770242400509e-01,-3.006280403848800020e-01,-1.426186909999999919e-01,-8.687531029999999710e-01,2.213050076049999859e+02,2.024000000000000000e+03,1.200000000000000000e+01,3.000000000000000000e+00,1.800000000000000000e+01,4.500000000000000000e+01,5.985157699999999892e+01
4.001532399359999914e+01,-8.302976519694000501e+01,-1.360200000000000076e+00,-9.438999999999999613e-01,-8.815089521711400034e-01,-2.572402874455599897e-01,-1.694148007331600092e-01,-7.904834800000000439e-02,-8.673327170000000308e-01,2.203225886969999863e+02,2.024000000000000000e+03,1.200000000000000000e+01,3.000000000000000000e+00,1.800000000000000000e+01,4.500000000000000000e+01,5.991461100000000073e+01
4.001532337836999886e+01,-8.302976573923000103e+01,-1.372100000000000097e+00,-9.098000000000000531e-01,-1.385230281931699947e+00,-4.333819970651999753e-01,1.227588920573200043e-01,-3.520950300000000310e-02,-8.688314120000000251e-01,2.194807104610000010e+02,2.024000000000000000e+03,1.200000000000000000e+01,3.000000000000000000e+00,1.800000000000000000e+01,4.500000000000000000e+01,5.998180399999999679e+01
4.001532288431999973e+01,-8.302976615967000384e+01,-1.372100000000000097e+00,-8.872999999999999776e-01,-1.017249340927540047e+00,-7.205171429521000093e-01,3.713564376246000082e-02,-8.948005000000000195e-03,-8.665126709999999566e-01,2.187938844109999934e+02,2.024000000000000000e+03,1.200000000000000000e+01,3.000000000000000000e+00,1.800000000000000000e+01,4.600000000000000000e+01,4.722099999999999909e-02
4.001532176680999697e+01,-8.302976707288000568e+01,-1.386800000000000033e+00,-8.457999999999999963e-01,-1.170173961510240002e+00,-1.856560686461800058e-01,9.285069552162000805e-02,9.564940900000000468e-02,-8.504402410000000412e-01,2.172164056320000043e+02,2.024000000000000000e+03,1.200000000000000000e+01,3.000000000000000000e+00,1.800000000000000000e+01,4.600000000000000000e+01,1.106779999999999986e-01
4.001532075000999811e+01,-8.302976782903999720e+01,-1.420800000000000063e+00,-7.805999999999999606e-01,-1.628432181057060113e+00,-2.997764600999600071e-01,5.767756278225999456e-02,1.424975069999999955e-01,-8.520282319999999965e-01,2.158304158880000045e+02,2.024000000000000000e+03,1.200000000000000000e+01,3.000000000000000000e+00,1.800000000000000000e+01,4.600000000000000000e+01,1.733460000000000001e-01
4.001531984636999795e+01,-8.302976844844999960e+01,-1.433899999999999952e+00,-7.398000000000000131e-01,-1.075763672513459834e+00,-3.749835842676599862e-01,-7.530630652097999866e-02,1.259780510000000076e-01,-8.568966529999999526e-01,2.146158360809999976e+02,2.024000000000000000e+03,1.200000000000000000e+01,3.000000000000000000e+00,1.800000000000000000e+01,4.600000000000000000e+01,2.356459999999999944e-01
4.001531893791000272e+01,-8.302976904115999446e+01,-1.435999999999999943e+00,-7.140999999999999570e-01,-6.961356165947200081e-01,-4.141035487419200134e-01,1.141514413530000070e-02,1.296448910000000121e-01,-8.638520729999999981e-01,2.133812749399999973e+02,2.024000000000000000e+03,1.200000000000000000e+01,3.000000000000000000e+00,1.800000000000000000e+01,4.600000000000000000e+01,3.032259999999999955e-01
4.001531815567000194e+01,-8.302976952983999581e+01,-1.448399999999999910e+00,-6.854000000000000092e-01,-1.012353699924199990e+00,-1.467666349064200015e-01,4.592981882311999997e-02,1.482276720000000048e-01,-8.728211719999999785e-01,2.123069736749999947e+02,2.024000000000000000e+03,1.200000000000000000e+01,3.000000000000000000e+00,1.800000000000000000e+01,4.600000000000000000e+01,3.676769999999999761e-01
4.001531736775000070e+01,-8.302976999560000593e+01,-1.458900000000000086e+00,-6.471999999999999975e-01,-1.326848641031539877e+00,-3.683120699781999852e-01,-2.510525944287599898e-01,1.508449340000000138e-01,-8.809063480000000057e-01,2.112310937500000136e+02,2.024000000000000000e+03,1.200000000000000000e+01,3.000000000000000000e+00,1.800000000000000000e+01,4.600000000000000000e+01,4.313370000000000259e-01
4.001531644189000048e+01,-8.302977050875999510e+01,-1.467400000000000038e+00,-6.158000000000000140e-01,-7.286490079617000681e-01,-2.191935206719199947e-01,-1.533352088349800024e-01,1.455328589999999866e-01,-8.728091940000000104e-01,2.099983240139999907e+02,2.024000000000000000e+03,1.200000000000000000e+01,3.000000000000000000e+00,1.800000000000000000e+01,4.600000000000000000e+01,4.945829999999999949e-01
4.001531564543000030e+01,-8.302977093426000010e+01,-1.470499999999999918e+00,-6.020999999999999686e-01,-4.208092977205800111e-01,-1.522675254739000172e-01,1.592790219107400040e-01,1.803052109999999930e-01,-8.725205099999999714e-01,2.089530736179999906e+02,2.024000000000000000e+03,1.200000000000000000e+01,3.000000000000000000e+00,1.800000000000000000e+01,4.600000000000000000e+01,5.570969999999999533e-01
4.001531484584000253e+01,-8.302977134286000194e+01,-1.479800000000000004e+00,-5.728999999999999648e-01,-9.072058523827400967e-01,-1.044012728725199901e-01,6.880425613427999798e-02,2.222329459999999868e-01,-8.755971849999999446e-01,2.079060120350000034e+02,2.024000000000000000e+03,1.200000000000000000e+01,3.000000000000000000e+00,1.800000000000000000e+01,4.600000000000000000e+01,6.191149999999999709e-01
4.001531390742999861e+01,-8.302977179827999521e+01,-1.488899999999999890e+00,-5.437999999999999501e-01,-1.015492615688579958e+00,-1.363528850141799975e-01,-6.863703978843999076e-02,2.669324209999999753e-01,-8.924586370000000546e-01,2.066697328239999933e+02,2.024000000000000000e+03,1.200000000000000000e+01,3.000000000000000000e+00,1.800000000000000000e+01,4.600000000000000000e+01,6.835459999999999869e-01
4.001531309816000004e+01,-8.302977216552000073e+01,-1.498299999999999965e+00,-5.092999999999999750e-01,-1.205228150161600009e+00,-1.846699636384400156e-01,-5.640317971754000431e-02,2.947800930000000208e-01,-9.127965649999999487e-01,2.055994058500000108e+02,2.024000000000000000e+03,1.200000000000000000e+01,3.000000000000000000e+00,1.800000000000000000e+01,4.600000000000000000e+01,7.484020000000000117e-01
4.001531228619000302e+01,-8.302977250956999455e+01,-1.500699999999999923e+00,-4.791000000000000258e-01,-9.211893253422599459e-01,-2.488266050368199978e-01,-1.087069730502400050e-01,3.331751530000000017e-01,-9.274556739999999522e-01,2.045319287449999877e+02,2.024000000000000000e+03,1.200000000000000000e+01,3.000000000000000000e+00,1.800000000000000000e+01,4.600000000000000000e+01,8.108440000000000092e-01
4.001531133449999800e+01,-8.302977287388999628e+01,-1.508499999999999952e+00,-4.244999999999999885e-01,-1.205400062639720105e+00,-3.301494179786200189e-01,7.702508476187999720e-02,3.669687229999999967e-01,-9.339109289999999453e-01,2.032930765419999943e+02,2.024000000000000000e+03,1.200000000000000000e+01,3.000000000000000000e+00,1.800000000000000000e+01,4.600000000000000000e+01,8.741520000000000401e-01
4.001531051607000222e+01,-8.302977314874000569e+01,-1.511700000000000044e+00,-3.691999999999999726e-01,-1.601468228361440094e+00,-5.779812071617199676e-01,5.591114006569000150e-01,3.360773980000000272e-01,-9.405060029999999793e-01,2.022163848289999919e+02,2.024000000000000000e+03,1.200000000000000000e+01,3.000000000000000000e+00,1.800000000000000000e+01,4.600000000000000000e+01,9.369290000000000118e-01
4.001531024305000273e+01,-8.302977323397999498e+01,-1.511500000000000066e+00,-3.602000000000000202e-01,-1.186332771548999965e+00,-4.224649200210600086e-01,-2.775262340161200325e-01,3.145798149999999849e-01,-9.380349489999999513e-01,2.018512086270000054e+02,2.024000000000000000e+03,1.200000000000000000e+01,3.000000000000000000e+00,1.800000000000000000e+01,4.600000000000000000e+01,1.000421999999999922e+00
4.001531010685000211e+01,-8.302977327562000198e+01,-1.509200000000000097e+00,-3.556000000000000272e-01,-1.032590955013120038e+00,-5.218178474985000204e-01,-2.934315400125200313e-01,3.099844429999999984e-01,-9.433523630000000271e-01,2.016691966500000035e+02,2.024000000000000000e+03,1.200000000000000000e+01,3.000000000000000000e+00,1.800000000000000000e+01,4.600000000000000000e+01,1.063128999999999991e+00
4.001530997084999797e+01,-8.302977331684999740e+01,-1.506399999999999961e+00,-3.517000000000000126e-01,-8.133857270268398665e-01,-6.252062774505799947e-01,-5.911130176459999941e-02,3.034954890000000072e-01,-9.478795140000000341e-01,2.014870442099999934e+02,2.024000000000000000e+03,1.200000000000000000e+01,3.000000000000000000e+00,1.800000000000000000e+01,4.600000000000000000e+01,1.125966999999999940e+00
4.001530983474999914e+01,-8.302977335725999808e+01,-1.505900000000000016e+00,-3.463999999999999857e-01,-8.733183704018200322e-01,-6.155469043695799281e-01,2.823109093794999858e-01,2.934138359999999834e-01,-9.443877240000000395e-01,2.013039148800000078e+02,2.024000000000000000e+03,1.200000000000000000e+01,3.000000000000000000e+00,1.800000000000000000e+01,4.600000000000000000e+01,1.188533999999999979e+00
4.001530887738000075e+01,-8.302977363175000391e+01,-1.518399999999999972e+00,-3.290000000000000147e-01,-6.279610778224800072e-01,2.990138731355999890e-02,1.646984096647199913e-01,2.778199000000000085e-01,-9.278364580000000306e-01,2.000231466129999944e+02,2.024000000000000000e+03,1.200000000000000000e+01,3.000000000000000000e+00,1.800000000000000000e+01,4.600000000000000000e+01,1.252102000000000048e+00
4.001530707695999922e+01,-8.302977408537999793e+01,-1.543900000000000050e+00,-2.861000000000000210e-01,-5.316293884407400361e-01,3.105798055594000129e-02,-3.048737783137400181e-01,3.139413300000000184e-01,-9.398637669999999611e-01,1.976638345620000052e+02,2.024000000000000000e+03,1.200000000000000000e+01,3.000000000000000000e+00,1.800000000000000000e+01,4.600000000000000000e+01,1.315995000000000026e+00
4.001530455195000258e+01,-8.302977458584000203e+01,-1.570899999999999963e+00,-2.013999999999999957e-01,-1.193537098279840114e+00,1.564470865465800165e-01,1.335460038011399841e-01,3.984239580000000225e-01,-9.066044189999999947e-01,1.943863058679999938e+02,2.024000000000000000e+03,1.200000000000000000e+01,3.000000000000000000e+00,1.800000000000000000e+01,4.600000000000000000e+01,1.379370999999999903e+00
4.001530341096000143e+01,-8.302977474505000544e+01,-1.588799999999999990e+00,-1.516000000000000125e-01,-1.424858818265019922e+00,1.266761684227999951e-01,-1.707740109889399893e-01,4.399636869999999922e-01,-9.362945280000000148e-01,1.929122060939999983e+02,2.024000000000000000e+03,1.200000000000000000e+01,3.000000000000000000e+00,1.800000000000000000e+01,4.600000000000000000e+01,1.448104999999999976e+00
4.001530254978000301e+01,-8.302977482846999635e+01,-1.592799999999999994e+00,-1.069999999999999979e-01,-1.330365154654099991e+00,-1.364427638442000101e-01,1.818092964969199865e-01,4.376397539999999919e-01,-9.560753619999999842e-01,1.918110007950000124e+02,2.024000000000000000e+03,1.200000000000000000e+01,3.000000000000000000e+00,1.800000000000000000e+01,4.600000000000000000e+01,1.511557999999999957e+00
4.001530154174999865e+01,-8.302977489709999759e+01,-1.598600000000000021e+00,-8.179999999999999771e-02,-5.125869413189000356e-01,8.106611307923999865e-02,2.306650277583999903e-02,4.325700530000000099e-01,-9.671130690000000474e-01,1.905326732899999911e+02,2.024000000000000000e+03,1.200000000000000000e+01,3.000000000000000000e+00,1.800000000000000000e+01,4.600000000000000000e+01,1.574127000000000054e+00
4.001530067456999973e+01,-8.302977494479999621e+01,-1.602999999999999980e+00,-6.909999999999999476e-02,-4.222022823372400535e-01,7.262014703000000022e-03,8.438080766864000659e-02,4.771030290000000118e-01,-9.860901140000000176e-01,1.894257488359999968e+02,2.024000000000000000e+03,1.200000000000000000e+01,3.000000000000000000e+00,1.800000000000000000e+01,4.600000000000000000e+01,1.638079000000000063e+00
4.001529980448999879e+01,-8.302977497672999618e+01,-1.609199999999999964e+00,-3.740000000000000269e-02,-1.064556548327679986e+00,-4.997412516557999534e-02,2.220452287825199766e-01,5.297551740000000509e-01,-1.000782274999999943e+00,1.883050519260000044e+02,2.024000000000000000e+03,1.200000000000000000e+01,3.000000000000000000e+00,1.800000000000000000e+01,4.600000000000000000e+01,1.700984000000000052e+00
4.001529893261000126e+01,-8.302977497658000061e+01,-1.611499999999999932e+00,2.079999999999999905e-02,-1.924805076178520036e+00,-1.886328180591600179e-01,4.874286586917999514e-02,5.345985629999999711e-01,-9.955211729999999815e-01,1.871852650970000127e+02,2.024000000000000000e+03,1.200000000000000000e+01,3.000000000000000000e+00,1.800000000000000000e+01,4.600000000000000000e+01,1.764207999999999998e+00
4.001529791251999768e+01,-8.302977493084000571e+01,-1.619399999999999951e+00,7.109999999999999654e-02,-1.274713218883279930e+00,1.065641379313199966e-01,9.328002698751999833e-02,4.681554540000000264e-01,-9.622989159999999487e-01,1.858950992409999969e+02,2.024000000000000000e+03,1.200000000000000000e+01,3.000000000000000000e+00,1.800000000000000000e+01,4.600000000000000000e+01,1.828270000000000062e+00
4.001529688235999771e+01,-8.302977485972999716e+01,-1.642700000000000049e+00,8.989999999999999380e-02,-6.021258766823399666e-01,6.154844076523400265e-01,-9.945503374829998966e-02,4.526286279999999773e-01,-9.578597850000000191e-01,1.846155969190000121e+02,2.024000000000000000e+03,1.200000000000000000e+01,3.000000000000000000e+00,1.800000000000000000e+01,4.600000000000000000e+01,1.892308000000000101e+00
4.001529598890999750e+01,-8.302977477854000199e+01,-1.657699999999999951e+00,1.272999999999999965e-01,-1.331635662856680113e+00,3.759562725589399856e-01,-2.533726835999999837e-04,4.490482040000000064e-01,-9.815707310000000296e-01,1.835198270399999956e+02,2.024000000000000000e+03,1.200000000000000000e+01,3.000000000000000000e+00,1.800000000000000000e+01,4.600000000000000000e+01,1.956139000000000072e+00
4.001529583954999936e+01,-8.302977476229000331e+01,-1.657799999999999940e+00,1.345000000000000084e-01,-1.381360645885360006e+00,2.416631968612199810e-01,1.415623628286999947e-01,4.416573449999999790e-01,-9.844218099999999527e-01,1.833392148060000011e+02,2.024000000000000000e+03,1.200000000000000000e+01,3.000000000000000000e+00,1.800000000000000000e+01,4.600000000000000000e+01,2.019099999999999895e+00
4.001529464197000152e+01,-8.302977461138999615e+01,-1.661699999999999955e+00,1.617999999999999994e-01,-2.443449208785200000e-01,9.817084068883999426e-02,2.010160210940599990e-01,3.549011810000000100e-01,-9.789544449999999509e-01,1.819185368390000122e+02,2.024000000000000000e+03,1.200000000000000000e+01,3.000000000000000000e+00,1.800000000000000000e+01,4.600000000000000000e+01,2.081579000000000068e+00
4.001529328246000006e+01,-8.302977443590999940e+01,-1.683400000000000007e+00,1.592999999999999972e-01,2.393517972525999876e-02,5.612654250279199841e-01,-6.251663741825999598e-02,4.171010010000000268e-01,-9.629430660000000142e-01,1.803520216450000078e+02,2.024000000000000000e+03,1.200000000000000000e+01,3.000000000000000000e+00,1.800000000000000000e+01,4.600000000000000000e+01,2.144356000000000151e+00
4.001529221620999976e+01,-8.302977427749000583e+01,-1.682900000000000063e+00,2.182000000000000051e-01,-1.933062374104220105e+00,-1.372234822970399837e-01,1.792324804196000071e-02,4.891440479999999980e-01,-9.689737090000000164e-01,1.791409641390000047e+02,2.024000000000000000e+03,1.200000000000000000e+01,3.000000000000000000e+00,1.800000000000000000e+01,4.600000000000000000e+01,2.207746000000000208e+00
4.001529130501000253e+01,-8.302977410366000299e+01,-1.679699999999999971e+00,2.600999999999999979e-01,-1.245632672012800146e+00,3.228767986055999795e-02,6.343925660742000261e-02,4.441007359999999959e-01,-9.410038509999999468e-01,1.781058000710000044e+02,2.024000000000000000e+03,1.200000000000000000e+01,3.000000000000000000e+00,1.800000000000000000e+01,4.600000000000000000e+01,2.271612000000000187e+00
4.001529023722000034e+01,-8.302977388176999796e+01,-1.695799999999999974e+00,2.720000000000000195e-01,-3.370225208739199840e-01,5.497805220421599914e-01,-1.023157170410599892e-01,4.477338699999999783e-01,-9.184820700000000393e-01,1.768957693920000054e+02,2.024000000000000000e+03,1.200000000000000000e+01,3.000000000000000000e+00,1.800000000000000000e+01,4.600000000000000000e+01,2.335224000000000188e+00
4.001528931498999953e+01,-8.302977367539000397e+01,-1.707200000000000051e+00,3.024999999999999911e-01,-9.375546802272800573e-01,5.186149897157799060e-01,-1.681715142167599930e-01,5.049803889999999740e-01,-9.233714769999999961e-01,1.758803499310000120e+02,2.024000000000000000e+03,1.200000000000000000e+01,3.000000000000000000e+00,1.800000000000000000e+01,4.600000000000000000e+01,2.401409000000000127e+00
4.001528838650000353e+01,-8.302977344232999712e+01,-1.716399999999999926e+00,3.433999999999999830e-01,-1.092833194281640052e+00,3.713802541496600274e-01,1.320137768748599894e-01,5.223077959999999909e-01,-9.410244060000000355e-01,1.748900178140000037e+02,2.024000000000000000e+03,1.200000000000000000e+01,3.000000000000000000e+00,1.800000000000000000e+01,4.600000000000000000e+01,2.469218999999999831e+00
4.001528714337000281e+01,-8.302977310302999570e+01,-1.721799999999999997e+00,3.719999999999999973e-01,-7.120815489470400106e-01,2.017795343268599939e-01,9.225291003263999534e-02,5.314682899999999544e-01,-9.488490090000000210e-01,1.736149695160000022e+02,2.024000000000000000e+03,1.200000000000000000e+01,3.000000000000000000e+00,1.800000000000000000e+01,4.600000000000000000e+01,2.532836000000000087e+00
4.001528620845000006e+01,-8.302977283053000690e+01,-1.725300000000000056e+00,3.981999999999999984e-01,-9.939022385673599302e-01,1.933477602923799887e-01,3.028241252210199796e-01,5.620276279999999458e-01,-9.604015700000000377e-01,1.726778297749999922e+02,2.024000000000000000e+03,1.200000000000000000e+01,3.000000000000000000e+00,1.800000000000000000e+01,4.600000000000000000e+01,2.596678999999999959e+00
4.001528527239000255e+01,-8.302977253934000146e+01,-1.726099999999999968e+00,4.238999999999999990e-01,-9.667048170040000166e-01,9.369511537090000064e-02,2.975340180134399826e-01,5.873320450000000248e-01,-9.701719180000000220e-01,1.717474783700000103e+02,2.024000000000000000e+03,1.200000000000000000e+01,3.000000000000000000e+00,1.800000000000000000e+01,4.600000000000000000e+01,2.661278999999999950e+00
4.001528449260000286e+01,-8.302977227961000040e+01,-1.725100000000000078e+00,4.497999999999999776e-01,-9.130046772659399235e-01,7.057698578965999892e-02,-3.112799584077999976e-02,5.839592529999999559e-01,-9.684658919999999949e-01,1.709801791959999946e+02,2.024000000000000000e+03,1.200000000000000000e+01,3.000000000000000000e+00,1.800000000000000000e+01,4.600000000000000000e+01,2.724311000000000149e+00
4.001528324528000269e+01,-8.302977183452999554e+01,-1.727300000000000058e+00,4.884000000000000008e-01,-8.917048309804199713e-01,2.304845823029999796e-01,4.679176825040000376e-02,5.665950819999999721e-01,-9.300775079999999972e-01,1.698046745000000044e+02,2.024000000000000000e+03,1.200000000000000000e+01,3.000000000000000000e+00,1.800000000000000000e+01,4.600000000000000000e+01,2.788892999999999844e+00
4.001528214958000262e+01,-8.302977142218999518e+01,-1.735100000000000087e+00,5.098000000000000309e-01,-6.216234054900600103e-01,2.644481894885200024e-01,3.470308545608000172e-02,5.775212189999999746e-01,-8.852031980000000244e-01,1.688407541120000133e+02,2.024000000000000000e+03,1.200000000000000000e+01,3.000000000000000000e+00,1.800000000000000000e+01,4.600000000000000000e+01,2.853823000000000221e+00
4.001528120553999912e+01,-8.302977105518999679e+01,-1.748099999999999987e+00,5.260000000000000231e-01,-4.753327296214199804e-01,5.190551519945199033e-01,8.011229277268000493e-02,6.015417570000000103e-01,-8.501809230000000328e-01,1.680407663080000020e+02,2.024000000000000000e+03,1.200000000000000000e+01,3.000000000000000000e+00,1.800000000000000000e+01,4.600000000000000000e+01,2.917390999999999845e+00
4.001528057315000098e+01,-8.302977080172999536e+01,-1.754699999999999926e+00,5.430000000000000382e-01,-6.022049206055799520e-01,5.438751510073800421e-01,-2.530031896085999793e-02,5.952393780000000412e-01,-8.217574109999999932e-01,1.675109926560000133e+02,2.024000000000000000e+03,1.200000000000000000e+01,3.000000000000000000e+00,1.800000000000000000e+01,4.600000000000000000e+01,2.980426000000000020e+00
4.001527961744999828e+01,-8.302977040666999642e+01,-1.770199999999999996e+00,5.715999999999999970e-01,-8.247067922786599503e-01,6.421396575811399998e-01,3.471353575313400053e-01,5.701747750000000226e-01,-8.235949390000000259e-01,1.667282202389999952e+02,2.024000000000000000e+03,1.200000000000000000e+01,3.000000000000000000e+00,1.800000000000000000e+01,4.600000000000000000e+01,3.044230999999999909e+00
4.001527817224000216e+01,-8.302976977785999679e+01,-1.786999999999999922e+00,6.161999999999999700e-01,-9.024689989630799714e-01,5.502084254048600354e-01,2.854406242428000201e-02,5.491673070000000489e-01,-8.784814319999999510e-01,1.656370851229999914e+02,2.024000000000000000e+03,1.200000000000000000e+01,3.000000000000000000e+00,1.800000000000000000e+01,4.600000000000000000e+01,3.107273000000000174e+00
4.001527704691999787e+01,-8.302976925615999448e+01,-1.788499999999999979e+00,6.479000000000000314e-01,-7.049892241354400735e-01,3.105469794148800200e-01,-3.539935018763800123e-01,5.164131920000000209e-01,-9.192432919999999896e-01,1.648444496019999974e+02,2.024000000000000000e+03,1.200000000000000000e+01,3.000000000000000000e+00,1.800000000000000000e+01,4.600000000000000000e+01,3.176035000000000164e+00
4.001527608237000067e+01,-8.302976879490999806e+01,-1.786799999999999944e+00,6.581000000000000183e-01,-1.911106087347800020e-01,6.331617903336000941e-02,-4.522889464116000569e-01,4.862006269999999963e-01,-9.248291250000000296e-01,1.641797450960000049e+02,2.024000000000000000e+03,1.200000000000000000e+01,3.000000000000000000e+00,1.800000000000000000e+01,4.600000000000000000e+01,3.240040000000000031e+00
4.001527495079999852e+01,-8.302976825352999413e+01,-1.804699999999999971e+00,6.552999999999999936e-01,2.732897605979200395e-01,3.618394378432400194e-01,-5.097592270097000000e-01,4.913646170000000035e-01,-9.058370770000000460e-01,1.634231981270000063e+02,2.024000000000000000e+03,1.200000000000000000e+01,3.000000000000000000e+00,1.800000000000000000e+01,4.600000000000000000e+01,3.302436000000000149e+00
4.001527397227000193e+01,-8.302976778647999367e+01,-1.820100000000000051e+00,6.640000000000000346e-01,-2.819168801102000035e-02,4.106940394313999820e-01,-3.547171575001399901e-01,5.413646490000000311e-01,-8.884596319999999992e-01,1.628095267429999922e+02,2.024000000000000000e+03,1.200000000000000000e+01,3.000000000000000000e+00,1.800000000000000000e+01,4.600000000000000000e+01,3.367307999999999968e+00
4.001527298735999949e+01,-8.302976730531000271e+01,-1.829599999999999893e+00,6.909999999999999476e-01,-3.825719778685999772e-01,5.283478088561600616e-01,7.410675917120000677e-02,5.677216699999999561e-01,-8.735661120000000057e-01,1.622274720519999960e+02,2.024000000000000000e+03,1.200000000000000000e+01,3.000000000000000000e+00,1.800000000000000000e+01,4.600000000000000000e+01,3.431391000000000080e+00
4.001527183017999789e+01,-8.302976672846000383e+01,-1.843199999999999950e+00,7.100999999999999535e-01,-4.099543892275199775e-01,4.984493139868999556e-01,2.361622656189200087e-01,5.952422659999999643e-01,-8.649448349999999675e-01,1.615746030999999903e+02,2.024000000000000000e+03,1.200000000000000000e+01,3.000000000000000000e+00,1.800000000000000000e+01,4.600000000000000000e+01,3.494657999999999820e+00
4.001527083130000051e+01,-8.302976621844000249e+01,-1.854400000000000048e+00,7.413999999999999480e-01,-1.048505028463220023e+00,6.582511621452000750e-01,4.503358150743999588e-01,6.348555609999999572e-01,-8.760842840000000464e-01,1.610362887000000001e+02,2.024000000000000000e+03,1.200000000000000000e+01,3.000000000000000000e+00,1.800000000000000000e+01,4.600000000000000000e+01,3.559682000000000013e+00
4.001526966133000229e+01,-8.302976559213999508e+01,-1.858400000000000052e+00,7.834999999999999742e-01,-1.110336774092379963e+00,4.525635386925399573e-01,5.929343907447000017e-01,6.489521990000000073e-01,-9.234468310000000235e-01,1.604450749389999942e+02,2.024000000000000000e+03,1.200000000000000000e+01,3.000000000000000000e+00,1.800000000000000000e+01,4.600000000000000000e+01,3.628315000000000179e+00
4.001526865648000353e+01,-8.302976502865000441e+01,-1.863599999999999923e+00,8.156999999999999806e-01,-9.056377087023200767e-01,5.480362809607399743e-01,-1.312973715537999950e-02,6.325173170000000233e-01,-9.771148640000000274e-01,1.599678998990000025e+02,2.024000000000000000e+03,1.200000000000000000e+01,3.000000000000000000e+00,1.800000000000000000e+01,4.600000000000000000e+01,3.692466000000000026e+00
4.001526747692999919e+01,-8.302976435614000650e+01,-1.878500000000000059e+00,8.217999999999999750e-01,7.850158770027999833e-02,6.140606147294199735e-01,-3.026722543631999995e-01,6.087736609999999660e-01,-1.045029232999999946e+00,1.594128513370000064e+02,2.024000000000000000e+03,1.200000000000000000e+01,3.000000000000000000e+00,1.800000000000000000e+01,4.600000000000000000e+01,3.756677999999999962e+00
4.001526646053000036e+01,-8.302976377465999747e+01,-1.886100000000000110e+00,8.283000000000000362e-01,-2.330995636560000226e-03,3.323392093946399561e-01,-3.174946109881000011e-01,5.979942980000000352e-01,-1.095693142000000009e+00,1.589340628250000123e+02,2.024000000000000000e+03,1.200000000000000000e+01,3.000000000000000000e+00,1.800000000000000000e+01,4.600000000000000000e+01,3.820326000000000111e+00
4.001526527312000070e+01,-8.302976307989000304e+01,-1.883999999999999897e+00,8.598000000000000087e-01,-7.879053500756599826e-01,2.845947511211799896e-01,-4.713350082755999870e-01,5.629115540000000362e-01,-1.131918913000000027e+00,1.584200089349999985e+02,2.024000000000000000e+03,1.200000000000000000e+01,3.000000000000000000e+00,1.800000000000000000e+01,4.600000000000000000e+01,3.884479999999999933e+00
4.001526425561999645e+01,-8.302976246750000655e+01,-1.884700000000000042e+00,8.768000000000000238e-01,-3.491959251064599701e-01,2.436967267334600173e-01,-3.657842040016600071e-01,5.224485599999999508e-01,-1.137211637000000053e+00,1.580321225909999896e+02,2.024000000000000000e+03,1.200000000000000000e+01,3.000000000000000000e+00,1.800000000000000000e+01,4.600000000000000000e+01,3.948443999999999843e+00
4.001526408574999749e+01,-8.302976236477999805e+01,-1.886400000000000077e+00,8.773999999999999577e-01,-2.294863164073600026e-01,2.807568246046400207e-01,-3.031344698410000094e-01,5.191377969999999564e-01,-1.138278981000000023e+00,1.579708844719999945e+02,2.024000000000000000e+03,1.200000000000000000e+01,3.000000000000000000e+00,1.800000000000000000e+01,4.600000000000000000e+01,4.011858000000000146e+00
4.001526238424000326e+01,-8.302976131923999503e+01,-1.892400000000000082e+00,9.095999999999999641e-01,-7.836169135359000171e-01,3.929279407719999950e-01,1.905282974802999796e-01,4.766892010000000068e-01,-1.135142968999999891e+00,1.573690432420000036e+02,2.024000000000000000e+03,1.200000000000000000e+01,3.000000000000000000e+00,1.800000000000000000e+01,4.600000000000000000e+01,4.075420000000000265e+00
4.001526101902999955e+01,-8.302976045837999663e+01,-1.899399999999999977e+00,9.274999999999999911e-01,-2.045500700557000007e-01,3.157385597832200186e-01,1.998183374434200077e-01,3.848853070000000098e-01,-1.134533460000000105e+00,1.568858687960000111e+02,2.024000000000000000e+03,1.200000000000000000e+01,3.000000000000000000e+00,1.800000000000000000e+01,4.600000000000000000e+01,4.139383999999999730e+00
4.001525981494000206e+01,-8.302975970309999809e+01,-1.919699999999999962e+00,9.233000000000000096e-01,3.111736980413600251e-01,4.759386072064599738e-01,2.521126836643799995e-01,3.552850710000000078e-01,-1.142853861999999943e+00,1.564684157620000065e+02,2.024000000000000000e+03,1.200000000000000000e+01,3.000000000000000000e+00,1.800000000000000000e+01,4.600000000000000000e+01,4.202352999999999561e+00
4.001525877723999969e+01,-8.302975904739000157e+01,-1.921599999999999975e+00,9.444000000000000172e-01,-5.976052170210400805e-01,3.980334646848399660e-01,2.041521464288000021e-02,3.503156130000000257e-01,-1.159759825999999938e+00,1.561447709379999935e+02,2.024000000000000000e+03,1.200000000000000000e+01,3.000000000000000000e+00,1.800000000000000000e+01,4.600000000000000000e+01,4.265338999999999992e+00
4.001525773923999907e+01,-8.302975838259000341e+01,-1.919399999999999995e+00,9.506000000000000005e-01,-2.013896758497600026e-01,-3.285223164836000020e-02,-8.072549663099998565e-03,3.200207119999999850e-01,-1.163187952999999997e+00,1.558587971729999992e+02,2.024000000000000000e+03,1.200000000000000000e+01,3.000000000000000000e+00,1.800000000000000000e+01,4.600000000000000000e+01,4.329992999999999981e+00
4.001525652686999734e+01,-8.302975760687999696e+01,-1.927400000000000002e+00,9.476999999999999869e-01,1.368011160982199881e-01,2.631276468590200146e-01,-1.441290467164799971e-01,3.138995019999999969e-01,-1.127059338000000022e+00,1.555469211850000022e+02,2.024000000000000000e+03,1.200000000000000000e+01,3.000000000000000000e+00,1.800000000000000000e+01,4.600000000000000000e+01,4.394603000000000037e+00
4.001525548218000239e+01,-8.302975693896999587e+01,-1.937899999999999956e+00,9.576999999999999957e-01,-1.844031204772600130e-01,4.524433855209999411e-01,-2.824120906570600220e-01,3.415806920000000191e-01,-1.093010129000000052e+00,1.552815736960000095e+02,2.024000000000000000e+03,1.200000000000000000e+01,3.000000000000000000e+00,1.800000000000000000e+01,4.600000000000000000e+01,4.458440000000000403e+00
4.001525443394000092e+01,-8.302975625532999970e+01,-1.942299999999999915e+00,9.881999999999999673e-01,-7.775107775878999927e-01,5.531289363509600543e-01,-3.385653454324999978e-01,3.303880450000000191e-01,-1.060829220000000017e+00,1.550212420569999949e+02,2.024000000000000000e+03,1.200000000000000000e+01,3.000000000000000000e+00,1.800000000000000000e+01,4.600000000000000000e+01,4.521791000000000338e+00
4.001525320532999785e+01,-8.302975544345000003e+01,-1.955500000000000016e+00,9.948000000000000176e-01,6.657863582876000219e-02,4.372457453327999732e-01,-7.727463432469999782e-02,2.839525999999999994e-01,-1.022505084999999925e+00,1.547480817590000015e+02,2.024000000000000000e+03,1.200000000000000000e+01,3.000000000000000000e+00,1.800000000000000000e+01,4.600000000000000000e+01,4.585054000000000407e+00
4.001525214472000158e+01,-8.302975474417000612e+01,-1.968699999999999894e+00,9.978000000000000203e-01,1.478520494933200091e-01,4.048312226967799576e-01,2.010054309999200206e-01,2.745140340000000179e-01,-9.964560479999999831e-01,1.545622530500000096e+02,2.024000000000000000e+03,1.200000000000000000e+01,3.000000000000000000e+00,1.800000000000000000e+01,4.600000000000000000e+01,4.648484999999999978e+00
4.001525107967000139e+01,-8.302975403760000006e+01,-1.975800000000000001e+00,1.012899999999999912e+00,-2.066978000326600007e-01,5.012553836264800333e-01,2.778549431326399755e-01,2.655910739999999826e-01,-9.665522220000000164e-01,1.544287905570000135e+02,2.024000000000000000e+03,1.200000000000000000e+01,3.000000000000000000e+00,1.800000000000000000e+01,4.600000000000000000e+01,4.712253999999999721e+00
4.001524982750999726e+01,-8.302975320586000407e+01,-1.994199999999999973e+00,1.023300000000000098e+00,-1.886914237245399806e-01,5.979436601048599975e-01,3.509747649164000199e-02,2.437340430000000113e-01,-9.412134559999999484e-01,1.543095678169999871e+02,2.024000000000000000e+03,1.200000000000000000e+01,3.000000000000000000e+00,1.800000000000000000e+01,4.600000000000000000e+01,4.776157999999999682e+00
4.001524874294999989e+01,-8.302975249073000441e+01,-2.017500000000000071e+00,1.016899999999999915e+00,5.428670556600599939e-01,5.778351199529400128e-01,-8.463612293807999676e-02,2.187449549999999909e-01,-9.336628310000000264e-01,1.542153600290000099e+02,2.024000000000000000e+03,1.200000000000000000e+01,3.000000000000000000e+00,1.800000000000000000e+01,4.600000000000000000e+01,4.839342000000000255e+00
4.001524764692999980e+01,-8.302975178062999362e+01,-2.036200000000000010e+00,1.009100000000000108e+00,4.345887305562800562e-01,4.231048538059999364e-01,-1.623517218548400087e-01,2.394509890000000030e-01,-9.337857320000000350e-01,1.541360435850000101e+02,2.024000000000000000e+03,1.200000000000000000e+01,3.000000000000000000e+00,1.800000000000000000e+01,4.600000000000000000e+01,4.900704000000000171e+00
4.001524654272999726e+01,-8.302975107422000178e+01,-2.049199999999999910e+00,1.003200000000000092e+00,4.001843885996799743e-01,2.756807664241600064e-01,-1.207100942526199844e-01,2.833186670000000240e-01,-9.249562279999999914e-01,1.540871019470000078e+02,2.024000000000000000e+03,1.200000000000000000e+01,3.000000000000000000e+00,1.800000000000000000e+01,4.600000000000000000e+01,4.965090000000000003e+00
4.001524580425999744e+01,-8.302975060542999586e+01,-2.053300000000000125e+00,9.999000000000000110e-01,1.921587852950399911e-01,6.912843500706000732e-02,-1.471054605401000137e-01,3.105627040000000227e-01,-8.997847070000000169e-01,1.540703502099999866e+02,2.024000000000000000e+03,1.200000000000000000e+01,3.000000000000000000e+00,1.800000000000000000e+01,4.600000000000000000e+01,5.029609999999999914e+00
4.001524412746000081e+01,-8.302974954619000414e+01,-2.080299999999999816e+00,1.017900000000000027e+00,-2.452359838347999976e-01,7.087566006995399404e-01,-1.415081070228400018e-01,3.743049460000000273e-01,-8.624139360000000476e-01,1.540751748490000068e+02,2.024000000000000000e+03,1.200000000000000000e+01,3.000000000000000000e+00,1.800000000000000000e+01,4.600000000000000000e+01,5.094072999999999851e+00
4.001524281105999847e+01,-8.302974870664999685e+01,-2.097599999999999909e+00,1.042399999999999993e+00,-3.848267660474999907e-01,7.865081673543600216e-01,-1.653714639075399839e-01,3.883093559999999944e-01,-8.569217660000000292e-01,1.540922323830000096e+02,2.024000000000000000e+03,1.200000000000000000e+01,3.000000000000000000e+00,1.800000000000000000e+01,4.600000000000000000e+01,5.158506000000000036e+00
4.001524167598000048e+01,-8.302974796808000235e+01,-2.104699999999999793e+00,1.072400000000000020e+00,-7.904944209348798712e-01,6.624646828027600520e-01,7.230681389746000665e-02,3.612176080000000233e-01,-8.677584710000000312e-01,1.541024585060000049e+02,2.024000000000000000e+03,1.200000000000000000e+01,3.000000000000000000e+00,1.800000000000000000e+01,4.600000000000000000e+01,5.222681999999999825e+00
4.001524034573999700e+01,-8.302974708197000098e+01,-2.115800000000000125e+00,1.101299999999999946e+00,-5.402778734022199991e-01,6.495901193533999418e-01,-4.845602277870000169e-02,2.759837159999999900e-01,-8.967917250000000395e-01,1.541293476010000063e+02,2.024000000000000000e+03,1.200000000000000000e+01,3.000000000000000000e+00,1.800000000000000000e+01,4.600000000000000000e+01,5.287244000000000277e+00
4.001523920014999902e+01,-8.302974630970000192e+01,-2.128400000000000070e+00,1.105399999999999938e+00,3.126698413383199870e-01,5.024179433867800304e-01,8.063632347794000288e-02,1.878262490000000007e-01,-9.160385869999999597e-01,1.541822472620000042e+02,2.024000000000000000e+03,1.200000000000000000e+01,3.000000000000000000e+00,1.800000000000000000e+01,4.600000000000000000e+01,5.351618000000000208e+00
4.001523785207999850e+01,-8.302974540802999570e+01,-2.146900000000000031e+00,1.103299999999999947e+00,3.567113486592600191e-01,3.898004241401600289e-01,3.884414460507800149e-01,8.686234099999999569e-02,-9.478302069999999802e-01,1.542592254109999885e+02,2.024000000000000000e+03,1.200000000000000000e+01,3.000000000000000000e+00,1.800000000000000000e+01,4.600000000000000000e+01,5.415708999999999662e+00
4.001523668827000080e+01,-8.302974464941999599e+01,-2.161000000000000032e+00,1.074500000000000011e+00,8.405498913665999661e-01,1.061882619652800147e-01,4.545459814619600136e-01,3.064241800000000113e-02,-9.592223399999999511e-01,1.543219155179999973e+02,2.024000000000000000e+03,1.200000000000000000e+01,3.000000000000000000e+00,1.800000000000000000e+01,4.600000000000000000e+01,5.479536999999999658e+00
4.001523531448999904e+01,-8.302974379052000131e+01,-2.195100000000000051e+00,1.041099999999999914e+00,1.133163510013819986e+00,4.743550717745599887e-01,6.117248889031600134e-01,6.453280499999999864e-02,-9.691869060000000147e-01,1.543978656520000072e+02,2.024000000000000000e+03,1.200000000000000000e+01,3.000000000000000000e+00,1.800000000000000000e+01,4.600000000000000000e+01,5.543387000000000064e+00
4.001523412363999910e+01,-8.302974307079000482e+01,-2.211199999999999832e+00,1.023800000000000043e+00,5.506581824143800263e-01,2.692733502906600185e-01,1.514978711459600003e-01,1.335092089999999898e-01,-9.869544289999999664e-01,1.544727291639999862e+02,2.024000000000000000e+03,1.200000000000000000e+01,3.000000000000000000e+00,1.800000000000000000e+01,4.600000000000000000e+01,5.606428000000000189e+00
4.001523292600000303e+01,-8.302974235755000620e+01,-2.219899999999999984e+00,1.022599999999999953e+00,-7.182923162017999796e-02,2.837586074262199998e-01,3.641060082880000215e-02,2.101543120000000098e-01,-9.987962750000000112e-01,1.545670247589999917e+02,2.024000000000000000e+03,1.200000000000000000e+01,3.000000000000000000e+00,1.800000000000000000e+01,4.600000000000000000e+01,5.670969000000000371e+00
4.001523152112999782e+01,-8.302974153200999297e+01,-2.233400000000000052e+00,1.007500000000000062e+00,3.644353116445600005e-01,1.508589026244600007e-01,-1.449629873575399852e-01,3.258173799999999898e-01,-1.001184115000000041e+00,1.546889569209999991e+02,2.024000000000000000e+03,1.200000000000000000e+01,3.000000000000000000e+00,1.800000000000000000e+01,4.600000000000000000e+01,5.736216999999999899e+00
4.001523031276000353e+01,-8.302974082501999931e+01,-2.236800000000000122e+00,1.018199999999999994e+00,-3.802566439623999983e-01,2.554245186044999949e-01,-2.201852648258000034e-02,4.409244500000000233e-01,-9.958950519999999473e-01,1.547831303750000131e+02,2.024000000000000000e+03,1.200000000000000000e+01,3.000000000000000000e+00,1.800000000000000000e+01,4.600000000000000000e+01,5.800710999999999729e+00
4.001522910576999692e+01,-8.302974009727999771e+01,-2.231899999999999995e+00,1.057500000000000107e+00,-1.066999581251020013e+00,3.958565376048200357e-01,-4.821554905456000573e-02,4.695977789999999930e-01,-9.902027759999999512e-01,1.548787588220000089e+02,2.024000000000000000e+03,1.200000000000000000e+01,3.000000000000000000e+00,1.800000000000000000e+01,4.600000000000000000e+01,5.864827000000000012e+00
4.001522769790999945e+01,-8.302973921841000049e+01,-2.235300000000000065e+00,1.093399999999999928e+00,-8.099346326305598698e-01,5.501435449294800328e-01,-1.926468252443000184e-01,3.951435269999999944e-01,-9.860283629999999633e-01,1.549977720079999983e+02,2.024000000000000000e+03,1.200000000000000000e+01,3.000000000000000000e+00,1.800000000000000000e+01,4.600000000000000000e+01,5.929022999999999932e+00
4.001522709155999991e+01,-8.302973883849000458e+01,-2.248499999999999943e+00,1.087900000000000089e+00,2.531678730335800154e-01,6.232784642454400892e-01,-1.207210544231400035e-01,3.626117139999999739e-01,-9.786824859999999626e-01,1.550543866719999926e+02,2.024000000000000000e+03,1.200000000000000000e+01,3.000000000000000000e+00,1.800000000000000000e+01,4.600000000000000000e+01,5.993564000000000114e+00
4.001522546008000347e+01,-8.302973783808999997e+01,-2.283199999999999896e+00,1.051800000000000068e+00,1.418971214061419905e+00,4.426869959993200432e-01,-3.841587528010400043e-01,3.689582599999999823e-01,-9.864073020000000414e-01,1.552043906170000014e+02,2.024000000000000000e+03,1.200000000000000000e+01,3.000000000000000000e+00,1.800000000000000000e+01,4.600000000000000000e+01,6.057087000000000110e+00
4.001522380827999825e+01,-8.302973685963000605e+01,-2.295399999999999885e+00,1.046399999999999997e+00,1.574348773610000085e-02,2.582224403107599708e-01,2.763091134552000255e-02,4.262077790000000088e-01,-9.954728919999999981e-01,1.553462583540000139e+02,2.024000000000000000e+03,1.200000000000000000e+01,3.000000000000000000e+00,1.800000000000000000e+01,4.600000000000000000e+01,6.120878000000000263e+00
4.001522235963000185e+01,-8.302973599678000483e+01,-2.298799999999999955e+00,1.057099999999999929e+00,-2.051133391359800107e-01,4.360646623134399880e-01,-1.392531023422600156e-01,3.838673129999999878e-01,-9.575948359999999493e-01,1.554803412089999881e+02,2.024000000000000000e+03,1.200000000000000000e+01,3.000000000000000000e+00,1.800000000000000000e+01,4.600000000000000000e+01,6.185205999999999982e+00
4.001522110716000213e+01,-8.302973525257999654e+01,-2.326400000000000023e+00,1.059800000000000075e+00,2.501236240526200083e-01,8.251603808842199461e-01,-2.561859940832599825e-01,3.678309519999999888e-01,-9.360191199999999823e-01,1.556084300340000084e+02,2.024000000000000000e+03,1.200000000000000000e+01,3.000000000000000000e+00,1.800000000000000000e+01,4.600000000000000000e+01,6.249220000000000219e+00
4.001521984872000104e+01,-8.302973450941999545e+01,-2.327100000000000168e+00,1.054499999999999993e+00,1.577328624753799868e-01,3.761303011581999811e-02,1.445523584534799955e-01,4.058859000000000217e-01,-9.204117360000000359e-01,1.557370825509999861e+02,2.024000000000000000e+03,1.200000000000000000e+01,3.000000000000000000e+00,1.800000000000000000e+01,4.600000000000000000e+01,6.314226999999999812e+00
4.001521816348999749e+01,-8.302973351698000215e+01,-2.343100000000000183e+00,1.067199999999999926e+00,-3.476974011138599940e-01,6.036380480799199422e-01,-3.995058105968800066e-01,4.362135329999999867e-01,-8.598111040000000482e-01,1.559001068850000138e+02,2.024000000000000000e+03,1.200000000000000000e+01,3.000000000000000000e+00,1.800000000000000000e+01,4.600000000000000000e+01,6.383666999999999980e+00
4.001521689130999704e+01,-8.302973275822000687e+01,-2.359599999999999920e+00,1.083700000000000108e+00,-5.043806328066000044e-02,7.013127128451799308e-01,-1.588358669282000091e-01,3.676058260000000244e-01,-8.319611519999999816e-01,1.560178197369999964e+02,2.024000000000000000e+03,1.200000000000000000e+01,3.000000000000000000e+00,1.800000000000000000e+01,4.600000000000000000e+01,6.447405999999999970e+00
4.001521560853999659e+01,-8.302973200497000050e+01,-2.381400000000000183e+00,1.061199999999999921e+00,9.502819821584198579e-01,3.705967578918999972e-01,4.707259987918400168e-01,3.345190189999999730e-01,-8.288649439999999924e-01,1.561312288039999885e+02,2.024000000000000000e+03,1.200000000000000000e+01,3.000000000000000000e+00,1.800000000000000000e+01,4.600000000000000000e+01,6.511521000000000114e+00
4.001521409661000206e+01,-8.302973114094000096e+01,-2.407599999999999962e+00,1.045099999999999918e+00,6.469845693024800504e-01,4.939288067341200406e-01,4.661224797654000551e-01,4.011703200000000247e-01,-8.520821830000000485e-01,1.562519433889999902e+02,2.024000000000000000e+03,1.200000000000000000e+01,3.000000000000000000e+00,1.800000000000000000e+01,4.600000000000000000e+01,6.574810000000000265e+00
4.001521279365000083e+01,-8.302973040102000368e+01,-2.409499999999999975e+00,1.054499999999999993e+00,-1.303807214258800029e-01,1.199748325954400063e-01,4.565065783530199983e-01,4.479677440000000010e-01,-8.877130410000000360e-01,1.563442714340000066e+02,2.024000000000000000e+03,1.200000000000000000e+01,3.000000000000000000e+00,1.800000000000000000e+01,4.600000000000000000e+01,6.641346999999999667e+00
4.001521126680000151e+01,-8.302972953677999612e+01,-2.423700000000000188e+00,1.056200000000000028e+00,4.703419400980000421e-03,3.583764330244399998e-01,1.395719169521199843e-01,4.392762419999999834e-01,-9.349567939999999799e-01,1.564457311129999937e+02,2.024000000000000000e+03,1.200000000000000000e+01,3.000000000000000000e+00,1.800000000000000000e+01,4.600000000000000000e+01,6.705269999999999619e+00
4.001520994968999645e+01,-8.302972879303999321e+01,-2.442099999999999937e+00,1.051199999999999912e+00,6.321713552214399678e-01,2.855553458116800170e-01,2.079790930444400110e-01,4.386435209999999807e-01,-9.980894989999999911e-01,1.565390972129999909e+02,2.024000000000000000e+03,1.200000000000000000e+01,3.000000000000000000e+00,1.800000000000000000e+01,4.600000000000000000e+01,6.769214999999999982e+00
4.001520840528999656e+01,-8.302972794381000199e+01,-2.445399999999999796e+00,1.030000000000000027e+00,1.874907638805000110e-01,-2.161370088630999720e-01,-1.241000139782800077e-01,5.430874129999999633e-01,-1.067950511999999907e+00,1.566466365089999897e+02,2.024000000000000000e+03,1.200000000000000000e+01,3.000000000000000000e+00,1.800000000000000000e+01,4.600000000000000000e+01,6.833673000000000108e+00
4.001520708617000111e+01,-8.302972720722999611e+01,-2.431200000000000028e+00,1.063199999999999923e+00,-1.152092754106220029e+00,9.044906514100000544e-03,-4.131440542978199737e-01,5.790237620000000529e-01,-1.087929047000000038e+00,1.567470422129999861e+02,2.024000000000000000e+03,1.200000000000000000e+01,3.000000000000000000e+00,1.800000000000000000e+01,4.600000000000000000e+01,6.898249999999999993e+00
4.001520577090000330e+01,-8.302972645002999741e+01,-2.432700000000000085e+00,1.083499999999999908e+00,-2.875524470237399988e-01,3.017531231571800032e-01,-4.474536925564399636e-01,4.997408230000000007e-01,-1.096143993999999955e+00,1.568449166000000048e+02,2.024000000000000000e+03,1.200000000000000000e+01,3.000000000000000000e+00,1.800000000000000000e+01,4.600000000000000000e+01,6.964846999999999788e+00
4.001520511201000119e+01,-8.302972606957999346e+01,-2.438200000000000145e+00,1.080699999999999994e+00,2.080420178659400099e-01,2.650026704839800185e-01,-3.333157506201999687e-01,4.697784369999999932e-01,-1.103809127999999973e+00,1.568950167840000063e+02,2.024000000000000000e+03,1.200000000000000000e+01,3.000000000000000000e+00,1.800000000000000000e+01,4.600000000000000000e+01,7.029478000000000115e+00
4.001520290173999683e+01,-8.302972483675999626e+01,-2.456599999999999895e+00,1.030100000000000016e+00,7.397866912345799628e-01,-1.813037626959999871e-01,-1.882442563855599993e-01,5.377706260000000293e-01,-1.121257555999999989e+00,1.570415700769999887e+02,2.024000000000000000e+03,1.200000000000000000e+01,3.000000000000000000e+00,1.800000000000000000e+01,4.600000000000000000e+01,7.094217999999999691e+00
4.001520157360999974e+01,-8.302972410968000361e+01,-2.450000000000000178e+00,1.044899999999999940e+00,-4.541371573828800190e-01,7.683780139420000321e-02,3.619765284209000011e-01,5.546941090000000463e-01,-1.102755890999999933e+00,1.571229794340000012e+02,2.024000000000000000e+03,1.200000000000000000e+01,3.000000000000000000e+00,1.800000000000000000e+01,4.600000000000000000e+01,7.165332000000000257e+00
4.001519979777999936e+01,-8.302972313553000561e+01,-2.469300000000000050e+00,1.036699999999999955e+00,5.610302713677599584e-01,3.808667667731999718e-01,9.254893233299999258e-03,5.279288170000000502e-01,-1.101752587000000005e+00,1.572598316520000026e+02,2.024000000000000000e+03,1.200000000000000000e+01,3.000000000000000000e+00,1.800000000000000000e+01,4.600000000000000000e+01,7.229891000000000290e+00
4.001519823036999668e+01,-8.302972230611999294e+01,-2.492300000000000182e+00,1.000399999999999956e+00,1.124891655806799839e+00,2.998559276414199948e-01,4.505736629653199765e-01,6.504404169999999930e-01,-1.129502999000000063e+00,1.573939733120000142e+02,2.024000000000000000e+03,1.200000000000000000e+01,3.000000000000000000e+00,1.800000000000000000e+01,4.600000000000000000e+01,7.297549000000000063e+00
4.001519687623999744e+01,-8.302972160488999975e+01,-2.507899999999999796e+00,9.985000000000000542e-01,3.975331938278399702e-01,4.073706433680600036e-01,9.289944322951999844e-02,7.780925709999999551e-01,-1.190691216999999913e+00,1.574734742390000122e+02,2.024000000000000000e+03,1.200000000000000000e+01,3.000000000000000000e+00,1.800000000000000000e+01,4.600000000000000000e+01,7.362464000000000119e+00
4.001519529875000103e+01,-8.302972078397000644e+01,-2.483999999999999986e+00,1.013600000000000056e+00,-7.818005598536400536e-01,-5.048781316264400187e-01,-1.594958822099799833e-01,8.557954290000000519e-01,-1.256158228999999960e+00,1.575371844119999878e+02,2.024000000000000000e+03,1.200000000000000000e+01,3.000000000000000000e+00,1.800000000000000000e+01,4.600000000000000000e+01,7.426656000000000368e+00
4.001519395967000037e+01,-8.302972006685999418e+01,-2.462299999999999933e+00,1.032599999999999962e+00,-7.652850462016800304e-01,-4.054742599022599925e-01,-3.468708369897400279e-01,8.460522510000000329e-01,-1.254743265999999968e+00,1.576075603030000138e+02,2.024000000000000000e+03,1.200000000000000000e+01,3.000000000000000000e+00,1.800000000000000000e+01,4.600000000000000000e+01,7.490413000000000210e+00
4.001519240724999804e+01,-8.302971922214000244e+01,-2.453899999999999970e+00,1.033500000000000085e+00,1.050053292932399962e-01,-1.517258979072599878e-01,-2.753559404401000332e-01,8.410208719999999749e-01,-1.216351270999999956e+00,1.577030463870000005e+02,2.024000000000000000e+03,1.200000000000000000e+01,3.000000000000000000e+00,1.800000000000000000e+01,4.600000000000000000e+01,7.553823999999999650e+00
4.001519107477000148e+01,-8.302971849367000345e+01,-2.465199999999999836e+00,1.043600000000000083e+00,-2.108388722711999896e-02,4.192954445931000307e-01,-2.800740157763200178e-01,8.413427980000000028e-01,-1.191837100999999954e+00,1.577732202649999920e+02,2.024000000000000000e+03,1.200000000000000000e+01,3.000000000000000000e+00,1.800000000000000000e+01,4.600000000000000000e+01,7.620095000000000063e+00
4.001518951815999969e+01,-8.302971762877000117e+01,-2.464199999999999946e+00,1.073099999999999943e+00,-8.992241093064399227e-01,3.654052318939999822e-01,-8.087633240783999311e-02,7.708564770000000399e-01,-1.203398874999999979e+00,1.578454074059999925e+02,2.024000000000000000e+03,1.200000000000000000e+01,3.000000000000000000e+00,1.800000000000000000e+01,4.600000000000000000e+01,7.684734999999999872e+00
4.001518818326999849e+01,-8.302971689244999709e+01,-2.464100000000000179e+00,1.036000000000000032e+00,1.043035412843900112e+00,-5.106904490077400771e-01,-3.607316668938799764e-01,7.009207400000000421e-01,-1.207255184999999953e+00,1.579126168349999944e+02,2.024000000000000000e+03,1.200000000000000000e+01,3.000000000000000000e+00,1.800000000000000000e+01,4.600000000000000000e+01,7.749679999999999680e+00
4.001518684316000218e+01,-8.302971619282000404e+01,-2.480500000000000149e+00,9.755000000000000338e-01,1.717468621644039795e+00,-2.452852303093800146e-01,4.970066147440599935e-01,7.761713310000000199e-01,-1.183971684999999940e+00,1.579855095460000030e+02,2.024000000000000000e+03,1.200000000000000000e+01,3.000000000000000000e+00,1.800000000000000000e+01,4.600000000000000000e+01,7.814998000000000111e+00
4.001518527227000277e+01,-8.302971539499000642e+01,-2.492999999999999883e+00,9.762999999999999456e-01,1.291881717563399812e-01,3.413422418618600185e-01,2.019832278174999995e-01,8.911348230000000203e-01,-1.155088550000000103e+00,1.580799927099999991e+02,2.024000000000000000e+03,1.200000000000000000e+01,3.000000000000000000e+00,1.800000000000000000e+01,4.600000000000000000e+01,7.880126999999999882e+00
4.001518369704999856e+01,-8.302971458892000101e+01,-2.493599999999999817e+00,9.921999999999999709e-01,-3.895252714196799637e-01,6.809370920919999293e-02,-1.213981102474400164e-01,9.396103989999999850e-01,-1.161352466999999944e+00,1.581909427269999924e+02,2.024000000000000000e+03,1.200000000000000000e+01,3.000000000000000000e+00,1.800000000000000000e+01,4.600000000000000000e+01,7.946716999999999587e+00
4.001518324676000304e+01,-8.302971435822999524e+01,-2.496900000000000119e+00,9.910999999999999810e-01,-7.310464766558000260e-02,1.778588179538999892e-01,1.095408230387199949e-01,9.400760769999999544e-01,-1.159429378000000010e+00,1.582195832840000094e+02,2.024000000000000000e+03,1.200000000000000000e+01,3.000000000000000000e+00,1.800000000000000000e+01,4.600000000000000000e+01,8.017087000000000074e+00
4.001518099170999676e+01,-8.302971320307999292e+01,-2.496199999999999974e+00,9.956000000000000405e-01,-1.984329413824200139e-01,2.484198961300000067e-03,2.180091862146000051e-02,1.030077028000000006e+00,-1.175024351000000022e+00,1.583176298349999911e+02,2.024000000000000000e+03,1.200000000000000000e+01,3.000000000000000000e+00,1.800000000000000000e+01,4.600000000000000000e+01,8.083705000000000140e+00
4.001517919655999833e+01,-8.302971226463999699e+01,-2.477700000000000014e+00,1.028799999999999937e+00,-8.655469349605600105e-01,-1.036883504084800123e-01,5.897816472267999877e-02,1.018307582000000044e+00,-1.177939410000000020e+00,1.583621920660000058e+02,2.024000000000000000e+03,1.200000000000000000e+01,3.000000000000000000e+00,1.800000000000000000e+01,4.600000000000000000e+01,8.149639000000000522e+00
4.001517785450000275e+01,-8.302971155120999924e+01,-2.478200000000000180e+00,1.028200000000000003e+00,2.351362909361200126e-01,5.944130612276000286e-02,-1.562161648532600089e-01,9.520220209999999961e-01,-1.167717238999999907e+00,1.584082122259999892e+02,2.024000000000000000e+03,1.200000000000000000e+01,3.000000000000000000e+00,1.800000000000000000e+01,4.600000000000000000e+01,8.215001000000000886e+00
4.001517628468999987e+01,-8.302971072760999505e+01,-2.489399999999999835e+00,1.007500000000000062e+00,6.737350213429399437e-01,7.412444308931999404e-02,-3.976210834837799468e-01,9.145932759999999551e-01,-1.158834490999999911e+00,1.584563866919999953e+02,2.024000000000000000e+03,1.200000000000000000e+01,3.000000000000000000e+00,1.800000000000000000e+01,4.600000000000000000e+01,8.279984000000000677e+00
4.001517470720000347e+01,-8.302970992407000494e+01,-2.497799999999999798e+00,9.877000000000000224e-01,3.221440740410400072e-01,-4.876934082394000086e-02,-3.172656932031199806e-01,9.445455940000000439e-01,-1.154384013999999903e+00,1.584935680810000065e+02,2.024000000000000000e+03,1.200000000000000000e+01,3.000000000000000000e+00,1.800000000000000000e+01,4.600000000000000000e+01,8.344557999999999254e+00
4.001517335279999799e+01,-8.302970924256000274e+01,-2.504399999999999959e+00,9.815000000000000391e-01,2.200378901791799902e-01,2.278110213865999767e-01,-1.950703213576000100e-02,9.899594680000000091e-01,-1.139687413000000094e+00,1.585358406160000015e+02,2.024000000000000000e+03,1.200000000000000000e+01,3.000000000000000000e+00,1.800000000000000000e+01,4.600000000000000000e+01,8.411158999999999608e+00
4.001517199807999958e+01,-8.302970856107999964e+01,-2.501399999999999846e+00,9.845000000000000417e-01,-5.455611168406000050e-02,2.918862650863999694e-02,4.648222243941999704e-02,1.029731278000000083e+00,-1.137392951999999902e+00,1.585771703210000112e+02,2.024000000000000000e+03,1.200000000000000000e+01,3.000000000000000000e+00,1.800000000000000000e+01,4.600000000000000000e+01,8.475956000000000046e+00
4.001517041553999832e+01,-8.302970775949999904e+01,-2.507600000000000051e+00,9.983999999999999542e-01,-3.961593077602800217e-01,3.476083385322399910e-01,1.276673979882800014e-01,1.064490237000000006e+00,-1.154314233000000023e+00,1.586183885039999950e+02,2.024000000000000000e+03,1.200000000000000000e+01,3.000000000000000000e+00,1.800000000000000000e+01,4.600000000000000000e+01,8.540478000000000236e+00
4.001516883159000315e+01,-8.302970695023999781e+01,-2.506499999999999950e+00,1.002499999999999947e+00,-5.144313943526000049e-02,6.673569723708000501e-02,-3.295087661724799832e-01,1.071702763000000003e+00,-1.190947336000000023e+00,1.586417433560000063e+02,2.024000000000000000e+03,1.200000000000000000e+01,3.000000000000000000e+00,1.800000000000000000e+01,4.600000000000000000e+01,8.605949999999999989e+00
4.001516747929999696e+01,-8.302970625404999794e+01,-2.490000000000000213e+00,1.006099999999999994e+00,-2.982131025811800007e-01,-3.765832287686400326e-01,4.939997806805999925e-02,1.059335702999999906e+00,-1.199347345000000065e+00,1.586573645020000072e+02,2.024000000000000000e+03,1.200000000000000000e+01,3.000000000000000000e+00,1.800000000000000000e+01,4.600000000000000000e+01,8.670097999999999416e+00
4.001516590904000026e+01,-8.302970543943000337e+01,-2.484199999999999964e+00,1.004699999999999926e+00,-1.673994372700000205e-02,-6.559384644379999407e-02,-1.462057943614400168e-01,1.039395507000000052e+00,-1.171160428000000087e+00,1.586738395680000053e+02,2.024000000000000000e+03,1.200000000000000000e+01,3.000000000000000000e+00,1.800000000000000000e+01,4.600000000000000000e+01,8.735089000000000325e+00
4.001516455840999953e+01,-8.302970475076000412e+01,-2.498699999999999921e+00,9.879000000000000004e-01,3.702547424715799673e-01,1.810090552238799999e-01,1.635849654010199938e-01,1.053080620000000023e+00,-1.169740296000000068e+00,1.586622940389999883e+02,2.024000000000000000e+03,1.200000000000000000e+01,3.000000000000000000e+00,1.800000000000000000e+01,4.600000000000000000e+01,8.800387999999999877e+00
4.001516297892000296e+01,-8.302970395152000549e+01,-2.497599999999999820e+00,9.887000000000000233e-01,-1.228748163557999984e-01,-1.166387708043200022e-01,-1.068930200791199936e-01,1.069391874999999992e+00,-1.179361558000000088e+00,1.586466363069999943e+02,2.024000000000000000e+03,1.200000000000000000e+01,3.000000000000000000e+00,1.800000000000000000e+01,4.600000000000000000e+01,8.866868999999999446e+00
4.001516140303999691e+01,-8.302970314869000390e+01,-2.491699999999999804e+00,9.898000000000000131e-01,3.776244979967999932e-02,-1.735558874777999860e-01,-6.374026698101999122e-02,1.056093973000000075e+00,-1.165075416000000086e+00,1.586467302410000002e+02,2.024000000000000000e+03,1.200000000000000000e+01,3.000000000000000000e+00,1.800000000000000000e+01,4.600000000000000000e+01,8.937827999999999662e+00
4.001516095270999784e+01,-8.302970292070000369e+01,-2.495099999999999874e+00,9.838000000000000078e-01,4.178788653378400220e-01,-1.236640391169999999e-02,-3.367687851381799824e-01,1.058330487999999958e+00,-1.158836664000000072e+00,1.586452142919999915e+02,2.024000000000000000e+03,1.200000000000000000e+01,3.000000000000000000e+00,1.800000000000000000e+01,4.600000000000000000e+01,9.003812999999999178e+00
4.001515915019000147e+01,-8.302970201044000476e+01,-2.502600000000000158e+00,9.838000000000000078e-01,3.882646690285999902e-02,3.673086700738000254e-01,-2.367518649778600215e-01,1.106772725999999984e+00,-1.133126056999999909e+00,1.586158506449999948e+02,2.024000000000000000e+03,1.200000000000000000e+01,3.000000000000000000e+00,1.800000000000000000e+01,4.600000000000000000e+01,9.068434999999999135e+00
4.001515711815000031e+01,-8.302970096958000568e+01,-2.502400000000000180e+00,1.012000000000000011e+00,-5.408663058254200573e-01,1.912573353514800123e-01,2.552636480188599788e-01,1.144550621000000046e+00,-1.147466396000000000e+00,1.585735720449999917e+02,2.024000000000000000e+03,1.200000000000000000e+01,3.000000000000000000e+00,1.800000000000000000e+01,4.600000000000000000e+01,9.134437999999999391e+00
4.001515554152999954e+01,-8.302970013649999714e+01,-2.495499999999999829e+00,1.038399999999999990e+00,-6.763760547606000317e-01,1.810378522503200138e-01,2.387464065207400010e-01,1.098130213999999993e+00,-1.166837283000000003e+00,1.585649128800000085e+02,2.024000000000000000e+03,1.200000000000000000e+01,3.000000000000000000e+00,1.800000000000000000e+01,4.600000000000000000e+01,9.200490999999999531e+00
4.001515419159999709e+01,-8.302969941185000380e+01,-2.492399999999999949e+00,1.040300000000000002e+00,5.926768146865999537e-02,-1.733795360684000086e-01,1.606484558663799911e-01,1.031522159999999966e+00,-1.192068810000000090e+00,1.585676523239999938e+02,2.024000000000000000e+03,1.200000000000000000e+01,3.000000000000000000e+00,1.800000000000000000e+01,4.600000000000000000e+01,9.265254000000000545e+00
4.001515261365999976e+01,-8.302969857873000592e+01,-2.504199999999999982e+00,1.021600000000000064e+00,2.661829550283200119e-01,1.908289009329000030e-01,6.571885443276000160e-02,1.014715400999999906e+00,-1.206090603999999900e+00,1.585593967970000051e+02,2.024000000000000000e+03,1.200000000000000000e+01,3.000000000000000000e+00,1.800000000000000000e+01,4.600000000000000000e+01,9.330356999999999346e+00
4.001515103330000045e+01,-8.302969774592999386e+01,-2.500599999999999934e+00,1.021700000000000053e+00,2.415309565249199875e-01,-2.723655862534800076e-01,-1.380080231068000172e-02,9.885548730000000006e-01,-1.233107941000000096e+00,1.585435610279999992e+02,2.024000000000000000e+03,1.200000000000000000e+01,3.000000000000000000e+00,1.800000000000000000e+01,4.600000000000000000e+01,9.395946999999999605e+00
4.001514968018000218e+01,-8.302969704022000030e+01,-2.501799999999999802e+00,1.004599999999999937e+00,6.313210557996999928e-01,-1.442456422733399968e-01,3.015355270871599713e-01,9.732523280000000554e-01,-1.235782120999999956e+00,1.585293051360000049e+02,2.024000000000000000e+03,1.200000000000000000e+01,3.000000000000000000e+00,1.800000000000000000e+01,4.600000000000000000e+01,9.461721999999999966e+00
4.001514810022000290e+01,-8.302969622640999603e+01,-2.505500000000000060e+00,9.979999999999999982e-01,2.017505754900799919e-01,7.928986729731998806e-02,-3.141144123504200358e-01,9.928807179999999954e-01,-1.226555778999999902e+00,1.585313981289999958e+02,2.024000000000000000e+03,1.200000000000000000e+01,3.000000000000000000e+00,1.800000000000000000e+01,4.600000000000000000e+01,9.527587000000000472e+00
4.001514651731000072e+01,-8.302969541189000324e+01,-2.509100000000000108e+00,1.002599999999999936e+00,7.942155371801999653e-02,7.996770729192000104e-02,-1.581863847507000154e-01,1.018343951000000080e+00,-1.229352446999999904e+00,1.585373087430000112e+02,2.024000000000000000e+03,1.200000000000000000e+01,3.000000000000000000e+00,1.800000000000000000e+01,4.600000000000000000e+01,9.593222000000000804e+00
4.001514515742000100e+01,-8.302969471522999356e+01,-2.516599999999999948e+00,1.001200000000000090e+00,7.344090644482000052e-02,2.284673927833999751e-01,1.496176451777400107e-01,1.038891165999999977e+00,-1.244982188999999906e+00,1.585221277459999953e+02,2.024000000000000000e+03,1.200000000000000000e+01,3.000000000000000000e+00,1.800000000000000000e+01,4.600000000000000000e+01,9.656743000000000521e+00
4.001514379804000043e+01,-8.302969401324999410e+01,-2.508999999999999897e+00,1.010899999999999910e+00,-2.915299852695000249e-01,-1.563203073972599944e-01,1.296205989543399995e-01,1.043649065000000098e+00,-1.272209745999999919e+00,1.584974825250000094e+02,2.024000000000000000e+03,1.200000000000000000e+01,3.000000000000000000e+00,1.800000000000000000e+01,4.600000000000000000e+01,9.722652999999999324e+00
4.001514221736000110e+01,-8.302969318742999860e+01,-2.502400000000000180e+00,1.018699999999999939e+00,-2.473748826687399982e-01,-2.777779296469999951e-02,6.230406152772000050e-02,1.046798887000000011e+00,-1.276246449999999921e+00,1.584849964180000086e+02,2.024000000000000000e+03,1.200000000000000000e+01,3.000000000000000000e+00,1.800000000000000000e+01,4.600000000000000000e+01,9.786913999999999447e+00
4.001514086611000209e+01,-8.302969247837999944e+01,-2.488700000000000134e+00,1.024100000000000010e+00,-6.968017295040399572e-01,-4.121167663303200168e-01,5.598842003734000317e-02,1.057696876000000064e+00,-1.270968209999999932e+00,1.584882798120000018e+02,2.024000000000000000e+03,1.200000000000000000e+01,3.000000000000000000e+00,1.800000000000000000e+01,4.600000000000000000e+01,9.852194000000000784e+00
4.001513952373999672e+01,-8.302969175671999835e+01,-2.475600000000000023e+00,1.047700000000000076e+00,-9.499319492448800029e-01,-5.348981745613999583e-02,-2.078733940348000131e-02,9.916225309999999737e-01,-1.237304205999999906e+00,1.584957765279999933e+02,2.024000000000000000e+03,1.200000000000000000e+01,3.000000000000000000e+00,1.800000000000000000e+01,4.600000000000000000e+01,9.917483000000000715e+00
4.001513840404000177e+01,-8.302969115175000070e+01,-2.487499999999999822e+00,1.038100000000000023e+00,3.987512015367599694e-01,2.349082134689799983e-01,-4.005082259536000416e-02,9.118921939999999893e-01,-1.220398550999999943e+00,1.584872259880000058e+02,2.024000000000000000e+03,1.200000000000000000e+01,3.000000000000000000e+00,1.800000000000000000e+01,4.600000000000000000e+01,9.982250000000000512e+00
4.001513705485999850e+01,-8.302969043903000568e+01,-2.497100000000000097e+00,1.014199999999999990e+00,6.511023593365200535e-01,-1.302791326419999902e-02,-1.807813141260599943e-01,9.135033550000000169e-01,-1.217446057000000081e+00,1.584661092419999875e+02,2.024000000000000000e+03,1.200000000000000000e+01,3.000000000000000000e+00,1.800000000000000000e+01,4.600000000000000000e+01,1.004724599999999946e+01
4.001513502798999866e+01,-8.302968936490999852e+01,-2.501999999999999780e+00,1.034899999999999931e+00,-2.970536563264600249e-01,3.228958743676599852e-01,-4.589946969211800565e-01,8.961985550000000078e-01,-1.214370485000000111e+00,1.584460723999999914e+02,2.024000000000000000e+03,1.200000000000000000e+01,3.000000000000000000e+00,1.800000000000000000e+01,4.600000000000000000e+01,1.011392400000000080e+01
4.001513345184999793e+01,-8.302968852015999346e+01,-2.498200000000000198e+00,1.033300000000000107e+00,4.986739368824000262e-02,-9.200115661523999844e-02,-3.134973160748000254e-01,8.277364259999999696e-01,-1.224316469999999990e+00,1.584545287120000125e+02,2.024000000000000000e+03,1.200000000000000000e+01,3.000000000000000000e+00,1.800000000000000000e+01,4.600000000000000000e+01,1.017958299999999916e+01
4.001513187933999660e+01,-8.302968767925999316e+01,-2.492999999999999883e+00,1.024599999999999955e+00,1.930387193079600161e-01,-1.461046289669599985e-01,1.577135035952599851e-01,7.942051820000000095e-01,-1.196718492000000023e+00,1.584673844360000032e+02,2.024000000000000000e+03,1.200000000000000000e+01,3.000000000000000000e+00,1.800000000000000000e+01,4.600000000000000000e+01,1.024477699999999913e+01
4.001513052731999665e+01,-8.302968696624000700e+01,-2.508399999999999963e+00,1.013700000000000045e+00,4.631011794654800173e-01,3.418112708206400008e-01,-3.237975102381999981e-02,7.912263160000000406e-01,-1.175149513000000034e+00,1.584575963709999940e+02,2.024000000000000000e+03,1.200000000000000000e+01,3.000000000000000000e+00,1.800000000000000000e+01,4.600000000000000000e+01,1.031093699999999913e+01
4.001512894196999781e+01,-8.302968613134000009e+01,-2.523899999999999810e+00,1.026699999999999946e+00,-7.526034736230000077e-02,6.340828412731199792e-01,2.951278315850400236e-01,7.816360749999999857e-01,-1.177099619999999902e+00,1.584410879410000064e+02,2.024000000000000000e+03,1.200000000000000000e+01,3.000000000000000000e+00,1.800000000000000000e+01,4.600000000000000000e+01,1.037634599999999985e+01
4.001512734877000099e+01,-8.302968528853000407e+01,-2.527099999999999902e+00,1.030000000000000027e+00,9.978440389099998975e-02,-7.697658429919999878e-02,2.756927195048999857e-01,7.583325629999999595e-01,-1.234674194999999974e+00,1.584415076589999956e+02,2.024000000000000000e+03,1.200000000000000000e+01,3.000000000000000000e+00,1.800000000000000000e+01,4.600000000000000000e+01,1.044866099999999953e+01
4.001512598341000171e+01,-8.302968457192000074e+01,-2.527400000000000091e+00,1.019200000000000106e+00,2.354322153289200303e-01,-4.658903640229999921e-02,-8.395381617645999994e-02,7.582601749999999807e-01,-1.261163902000000059e+00,1.584303825940000081e+02,2.024000000000000000e+03,1.200000000000000000e+01,3.000000000000000000e+00,1.800000000000000000e+01,4.600000000000000000e+01,1.051487799999999950e+01
4.001512439334999982e+01,-8.302968373212999609e+01,-2.516500000000000181e+00,1.034000000000000030e+00,-5.302164399950600737e-01,-1.484584612694000161e-01,1.083860956989999950e-02,7.553494739999999652e-01,-1.272302746000000040e+00,1.584126702910000120e+02,2.024000000000000000e+03,1.200000000000000000e+01,3.000000000000000000e+00,1.800000000000000000e+01,4.600000000000000000e+01,1.058152699999999946e+01
4.001512280744999828e+01,-8.302968288677000430e+01,-2.511299999999999866e+00,1.034399999999999986e+00,-3.325524549750000225e-02,-2.325464995567599891e-01,-2.052671407211999893e-02,7.230889419999999568e-01,-1.264973882000000049e+00,1.584007000919999939e+02,2.024000000000000000e+03,1.200000000000000000e+01,3.000000000000000000e+00,1.800000000000000000e+01,4.600000000000000000e+01,1.064683400000000013e+01
4.001512144841999685e+01,-8.302968216511999344e+01,-2.519499999999999851e+00,1.024399999999999977e+00,4.957120947625200391e-01,1.928208194649600193e-01,2.422473719213199816e-01,7.201883260000000453e-01,-1.246625901999999897e+00,1.583943898660000116e+02,2.024000000000000000e+03,1.200000000000000000e+01,3.000000000000000000e+00,1.800000000000000000e+01,4.600000000000000000e+01,1.071356899999999968e+01
4.001511986346000072e+01,-8.302968133157000352e+01,-2.508000000000000007e+00,1.014999999999999902e+00,8.750575541157999682e-02,-4.483193805744000171e-01,1.448924427997400066e-01,7.489238289999999854e-01,-1.224498215999999973e+00,1.583868603630000109e+02,2.024000000000000000e+03,1.200000000000000000e+01,3.000000000000000000e+00,1.800000000000000000e+01,4.600000000000000000e+01,1.077918099999999946e+01
4.001511827857999748e+01,-8.302968050228000152e+01,-2.522600000000000176e+00,1.016799999999999926e+00,6.877784539455999990e-02,6.072097168819600155e-01,2.262630719611999908e-01,7.503804520000000311e-01,-1.188147212999999924e+00,1.583757303840000077e+02,2.024000000000000000e+03,1.200000000000000000e+01,3.000000000000000000e+00,1.800000000000000000e+01,4.600000000000000000e+01,1.084402299999999997e+01
4.001511690742000127e+01,-8.302967979138000487e+01,-2.545199999999999907e+00,1.018599999999999950e+00,-7.961116093006000149e-02,5.974272811942600292e-01,-1.916378984224000048e-01,7.746085459999999534e-01,-1.226460636999999965e+00,1.583756645310000124e+02,2.024000000000000000e+03,1.200000000000000000e+01,3.000000000000000000e+00,1.800000000000000000e+01,4.600000000000000000e+01,1.090912800000000082e+01
4.001511576455000352e+01,-8.302967919617999826e+01,-2.532000000000000028e+00,1.025099999999999900e+00,-6.245419496287599737e-01,-3.000652870759800139e-01,-2.367584751701999890e-01,8.049744840000000456e-01,-1.276538721999999959e+00,1.583874597649999885e+02,2.024000000000000000e+03,1.200000000000000000e+01,3.000000000000000000e+00,1.800000000000000000e+01,4.600000000000000000e+01,1.097618699999999947e+01
4.001511462612999992e+01,-8.302967859685000462e+01,-2.521399999999999864e+00,1.034200000000000008e+00,-4.840331943105600221e-01,-3.117267797113200123e-01,1.097196743958000001e-02,8.107969280000000278e-01,-1.300377203999999898e+00,1.583918446940000138e+02,2.024000000000000000e+03,1.200000000000000000e+01,3.000000000000000000e+00,1.800000000000000000e+01,4.600000000000000000e+01,1.104113899999999937e+01
4.001511258165000129e+01,-8.302967750346999765e+01,-2.515899999999999803e+00,1.047400000000000109e+00,-3.198170010213400305e-01,-1.630432147161799961e-01,-5.309930006538400304e-01,7.569012809999999813e-01,-1.324311550000000004e+00,1.583749251250000043e+02,2.024000000000000000e+03,1.200000000000000000e+01,3.000000000000000000e+00,1.800000000000000000e+01,4.600000000000000000e+01,1.110637200000000036e+01
4.001511099559999707e+01,-8.302967664114000002e+01,-2.515699999999999825e+00,1.059800000000000075e+00,-1.915196143177600174e-01,1.699655488730799913e-01,-3.206741839032599684e-01,6.764309579999999711e-01,-1.323951317999999988e+00,1.583792459580000127e+02,2.024000000000000000e+03,1.200000000000000000e+01,3.000000000000000000e+00,1.800000000000000000e+01,4.600000000000000000e+01,1.117037900000000050e+01
4.001510940386000215e+01,-8.302967577984000513e+01,-2.532300000000000217e+00,1.052400000000000002e+00,3.712044236345400372e-01,4.664996840149400192e-01,-3.932974205913999932e-02,6.232014780000000309e-01,-1.338143918000000099e+00,1.583966365510000003e+02,2.024000000000000000e+03,1.200000000000000000e+01,3.000000000000000000e+00,1.800000000000000000e+01,4.600000000000000000e+01,1.123556499999999936e+01
4.001510803283999707e+01,-8.302967504464000115e+01,-2.537199999999999900e+00,1.048799999999999955e+00,9.856234413642001035e-02,5.480681795076000618e-02,-2.798406095159600149e-01,5.898273219999999872e-01,-1.364749050999999991e+00,1.584012974960000122e+02,2.024000000000000000e+03,1.200000000000000000e+01,3.000000000000000000e+00,1.800000000000000000e+01,4.600000000000000000e+01,1.130145000000000088e+01
4.001510666251000004e+01,-8.302967431244999830e+01,-2.534899999999999931e+00,1.042100000000000026e+00,2.658885065570599782e-01,-6.251754951931999538e-02,-4.259518726718599657e-01,5.391304510000000105e-01,-1.362871069000000102e+00,1.584009940869999866e+02,2.024000000000000000e+03,1.200000000000000000e+01,3.000000000000000000e+00,1.800000000000000000e+01,4.600000000000000000e+01,1.136610199999999971e+01
4.001510482933999668e+01,-8.302967335636999735e+01,-2.551699999999999857e+00,1.009100000000000108e+00,8.928240561511600060e-01,1.355308502578599916e-01,2.717851704264599988e-01,5.489142120000000125e-01,-1.342641785999999948e+00,1.584035609249999936e+02,2.024000000000000000e+03,1.200000000000000000e+01,3.000000000000000000e+00,1.800000000000000000e+01,4.600000000000000000e+01,1.143400300000000058e+01
4.001510344895999793e+01,-8.302967264913000633e+01,-2.553300000000000125e+00,1.012699999999999934e+00,-2.507408539459399788e-01,8.454190836498000350e-02,-7.164898855041999803e-02,6.234899649999999793e-01,-1.334684996000000012e+00,1.584189540140000076e+02,2.024000000000000000e+03,1.200000000000000000e+01,3.000000000000000000e+00,1.800000000000000000e+01,4.600000000000000000e+01,1.149996800000000086e+01
4.001510206927000013e+01,-8.302967193374000487e+01,-2.554100000000000037e+00,1.032399999999999984e+00,-6.448296542642599771e-01,4.352609047209000104e-01,2.502568778329000154e-01,6.424819859999999494e-01,-1.329882460000000099e+00,1.584291843720000088e+02,2.024000000000000000e+03,1.200000000000000000e+01,3.000000000000000000e+00,1.800000000000000000e+01,4.600000000000000000e+01,1.156545900000000060e+01
4.001510022726999694e+01,-8.302967096336000452e+01,-2.554899999999999949e+00,1.038499999999999979e+00,2.873535877692000029e-01,-3.446945177703999996e-02,4.056197304312600393e-01,6.091386109999999965e-01,-1.380358675000000090e+00,1.584366893319999861e+02,2.024000000000000000e+03,1.200000000000000000e+01,3.000000000000000000e+00,1.800000000000000000e+01,4.600000000000000000e+01,1.163391099999999945e+01
4.001509884859000010e+01,-8.302967023931999790e+01,-2.545300000000000118e+00,1.030599999999999961e+00,5.286472671668000084e-02,-3.771243076284800377e-01,2.971868263947999994e-02,6.214037869999999852e-01,-1.406526622999999976e+00,1.584442089119999935e+02,2.024000000000000000e+03,1.200000000000000000e+01,3.000000000000000000e+00,1.800000000000000000e+01,4.600000000000000000e+01,1.169943100000000058e+01
4.001509747573999931e+01,-8.302966951521999306e+01,-2.535299999999999887e+00,1.035700000000000065e+00,-2.396520534845800188e-01,-1.957256397283600180e-01,5.583490387138400068e-01,6.190519730000000331e-01,-1.435346892000000096e+00,1.584612657590000140e+02,2.024000000000000000e+03,1.200000000000000000e+01,3.000000000000000000e+00,1.800000000000000000e+01,4.600000000000000000e+01,1.176461199999999963e+01
4.001509587644999755e+01,-8.302966867831999309e+01,-2.530199999999999783e+00,1.015099999999999891e+00,4.364055736732599944e-01,-4.785469228830800392e-01,-3.101831177240599868e-01,6.114137649999999979e-01,-1.482815607000000035e+00,1.584849272349999865e+02,2.024000000000000000e+03,1.200000000000000000e+01,3.000000000000000000e+00,1.800000000000000000e+01,4.600000000000000000e+01,1.183141900000000035e+01
4.001509428498999910e+01,-8.302966786720000414e+01,-2.516199999999999992e+00,9.768000000000000016e-01,6.709463586626600584e-01,-6.968275990392800434e-01,-5.665117629163199942e-01,6.549022770000000326e-01,-1.491517508000000047e+00,1.584936117130000071e+02,2.024000000000000000e+03,1.200000000000000000e+01,3.000000000000000000e+00,1.800000000000000000e+01,4.600000000000000000e+01,1.189732500000000037e+01
4.001509292766999693e+01,-8.302966718566999305e+01,-2.504900000000000126e+00,9.696000000000000174e-01,7.952024797289999891e-02,-4.193150632359799457e-01,-6.352036791802000149e-02,7.330319789999999447e-01,-1.493427014999999969e+00,1.585013798699999938e+02,2.024000000000000000e+03,1.200000000000000000e+01,3.000000000000000000e+00,1.800000000000000000e+01,4.600000000000000000e+01,1.196217799999999976e+01
4.001509247692000315e+01,-8.302966695873000447e+01,-2.498899999999999899e+00,9.714000000000000412e-01,-1.113229819121600017e-01,-4.512569977919000386e-01,-3.376095317889999947e-01,7.568460729999999526e-01,-1.497995995999999996e+00,1.585058138889999952e+02,2.024000000000000000e+03,1.200000000000000000e+01,3.000000000000000000e+00,1.800000000000000000e+01,4.600000000000000000e+01,1.202953499999999920e+01
4.001509024768999723e+01,-8.302966579392000313e+01,-2.452100000000000168e+00,1.013600000000000056e+00,-8.437503913769999198e-01,-5.760477234678600400e-01,-1.972880574369400009e-01,7.533708350000000165e-01,-1.507253227000000084e+00,1.585326201569999967e+02,2.024000000000000000e+03,1.200000000000000000e+01,3.000000000000000000e+00,1.800000000000000000e+01,4.600000000000000000e+01,1.209804699999999933e+01
4.001508849222000208e+01,-8.302966485672999397e+01,-2.423599999999999977e+00,9.995000000000000551e-01,2.018035117063000095e-01,-7.443046595967399703e-01,-7.605249652786000292e-02,6.866016980000000380e-01,-1.499972496999999905e+00,1.585364233059999890e+02,2.024000000000000000e+03,1.200000000000000000e+01,3.000000000000000000e+00,1.800000000000000000e+01,4.600000000000000000e+01,1.216532899999999984e+01
4.001508697263999892e+01,-8.302966404775999365e+01,-2.402699999999999836e+00,9.877000000000000224e-01,4.452185567883999717e-02,-5.528086915412600000e-01,-2.306959322904199861e-01,6.586000379999999987e-01,-1.466788256999999929e+00,1.585444886779999933e+02,2.024000000000000000e+03,1.200000000000000000e+01,3.000000000000000000e+00,1.800000000000000000e+01,4.600000000000000000e+01,1.223047200000000068e+01
4.001508546397000288e+01,-8.302966324580999924e+01,-2.385499999999999954e+00,9.861999999999999655e-01,-2.796757451033600184e-01,-3.815538352121800036e-01,6.827672132832000862e-02,6.154425129999999688e-01,-1.421228987999999971e+00,1.585598335489999897e+02,2.024000000000000000e+03,1.200000000000000000e+01,3.000000000000000000e+00,1.800000000000000000e+01,4.600000000000000000e+01,1.229704899999999945e+01
4.001508417125999983e+01,-8.302966256442999793e+01,-2.400999999999999801e+00,9.631999999999999451e-01,1.056388393550460103e+00,1.955642772919599925e-01,1.508935352294999976e-01,5.670883939999999956e-01,-1.380679648999999953e+00,1.585737259480000034e+02,2.024000000000000000e+03,1.200000000000000000e+01,3.000000000000000000e+00,1.800000000000000000e+01,4.600000000000000000e+01,1.236422400000000010e+01
4.001508265215999671e+01,-8.302966179288000603e+01,-2.418000000000000149e+00,9.341000000000000414e-01,8.137092416933999761e-01,1.271198796307800027e-01,1.944305042300400188e-01,6.221756819999999522e-01,-1.357357936000000098e+00,1.585828713749999963e+02,2.024000000000000000e+03,1.200000000000000000e+01,3.000000000000000000e+00,1.800000000000000000e+01,4.600000000000000000e+01,1.243012599999999956e+01
4.001508112892999947e+01,-8.302966102409999394e+01,-2.415599999999999969e+00,9.529999999999999583e-01,-6.278324569145400380e-01,1.143221780043999908e-01,-3.301816024465999838e-02,6.803090590000000493e-01,-1.352484165999999988e+00,1.585954077030000064e+02,2.024000000000000000e+03,1.200000000000000000e+01,3.000000000000000000e+00,1.800000000000000000e+01,4.600000000000000000e+01,1.249599100000000007e+01
4.001507982553999909e+01,-8.302966035676999468e+01,-2.410299999999999887e+00,9.614000000000000323e-01,-4.189120147935000427e-01,-1.682675138063999959e-02,-3.381536270281999823e-02,6.792104700000000106e-01,-1.356455428999999935e+00,1.586177010090000010e+02,2.024000000000000000e+03,1.200000000000000000e+01,3.000000000000000000e+00,1.800000000000000000e+01,4.600000000000000000e+01,1.256136799999999987e+01
4.001507830770000140e+01,-8.302965957067000602e+01,-2.408500000000000085e+00,9.683000000000000496e-01,-1.960660064292999993e-01,1.239461546387200103e-01,-8.012802089298000363e-02,6.815407669999999918e-01,-1.353918557000000078e+00,1.586505836400000078e+02,2.024000000000000000e+03,1.200000000000000000e+01,3.000000000000000000e+00,1.800000000000000000e+01,4.600000000000000000e+01,1.262658000000000058e+01
4.001507700831000136e+01,-8.302965889121000487e+01,-2.401199999999999779e+00,9.788000000000000034e-01,-5.596071795204400345e-01,-1.058178404392400157e-01,-1.673726319287799913e-01,6.738681279999999552e-01,-1.362424642999999991e+00,1.586617300439999951e+02,2.024000000000000000e+03,1.200000000000000000e+01,3.000000000000000000e+00,1.800000000000000000e+01,4.600000000000000000e+01,1.269214599999999926e+01
4.001507549517999962e+01,-8.302965809580000212e+01,-2.400799999999999823e+00,9.731999999999999540e-01,1.730575025162200131e-01,-5.322259565133999337e-02,-5.259994085889999754e-02,6.313971579999999584e-01,-1.364326198999999962e+00,1.586482213300000126e+02,2.024000000000000000e+03,1.200000000000000000e+01,3.000000000000000000e+00,1.800000000000000000e+01,4.600000000000000000e+01,1.275775199999999998e+01
4.001507398219000322e+01,-8.302965730840000447e+01,-2.399599999999999955e+00,9.596000000000000085e-01,2.789393115575800053e-01,-1.886603087185199923e-01,-1.586006542159799915e-01,6.186558180000000240e-01,-1.361926010999999992e+00,1.586399481470000126e+02,2.024000000000000000e+03,1.200000000000000000e+01,3.000000000000000000e+00,1.800000000000000000e+01,4.600000000000000000e+01,1.282321499999999936e+01
4.001507267960000291e+01,-8.302965664679000213e+01,-2.421899999999999942e+00,9.338999999999999524e-01,1.066096605197220049e+00,3.691269827947000204e-01,2.013654954501799821e-01,6.607378379999999662e-01,-1.371390721000000035e+00,1.586476081319999878e+02,2.024000000000000000e+03,1.200000000000000000e+01,3.000000000000000000e+00,1.800000000000000000e+01,4.600000000000000000e+01,1.288787199999999977e+01
4.001507115452999841e+01,-8.302965588323999668e+01,-2.413800000000000168e+00,9.444000000000000172e-01,-6.640934050374400766e-01,-2.033010630041400257e-01,1.038126272965800012e-01,7.322247670000000541e-01,-1.420636489999999919e+00,1.586635966839999980e+02,2.024000000000000000e+03,1.200000000000000000e+01,3.000000000000000000e+00,1.800000000000000000e+01,4.600000000000000000e+01,1.295334700000000083e+01
4.001507093751000355e+01,-8.302965577224999549e+01,-2.409800000000000164e+00,9.516999999999999904e-01,-9.828971605501000131e-01,-1.718799347621200180e-01,1.138770980834399871e-01,7.322432030000000092e-01,-1.427909850999999897e+00,1.586653416300000004e+02,2.024000000000000000e+03,1.200000000000000000e+01,3.000000000000000000e+00,1.800000000000000000e+01,4.600000000000000000e+01,1.301925300000000085e+01
4.001506921698999975e+01,-8.302965487842999437e+01,-2.368500000000000050e+00,9.552000000000000490e-01,-8.343467009583999117e-02,-1.063295379971979981e+00,-2.669435912461600169e-01,6.761692110000000477e-01,-1.443372789000000100e+00,1.586773748800000021e+02,2.024000000000000000e+03,1.200000000000000000e+01,3.000000000000000000e+00,1.800000000000000000e+01,4.600000000000000000e+01,1.308720300000000059e+01
4.001506730823999902e+01,-8.302965388242999722e+01,-2.346999999999999975e+00,9.455999999999999961e-01,-2.028566503519800002e-01,-2.174777875769600133e-01,-3.273670290646000375e-02,7.078626009999999802e-01,-1.336962057000000037e+00,1.586940298099999893e+02,2.024000000000000000e+03,1.200000000000000000e+01,3.000000000000000000e+00,1.800000000000000000e+01,4.600000000000000000e+01,1.315262500000000045e+01
4.001506561253999905e+01,-8.302965299170999458e+01,-2.359500000000000153e+00,9.471000000000000529e-01,1.571837427446400037e-01,2.468318779350399950e-01,6.619220657796000273e-02,6.967813959999999973e-01,-1.284475712999999963e+00,1.587072016699999892e+02,2.024000000000000000e+03,1.200000000000000000e+01,3.000000000000000000e+00,1.800000000000000000e+01,4.600000000000000000e+01,1.321845300000000023e+01
4.001506412242000010e+01,-8.302965221873999724e+01,-2.369499999999999940e+00,9.282000000000000250e-01,8.564132967739600533e-01,2.201915464688000007e-02,-1.300123378935000018e-01,6.792874810000000263e-01,-1.293258774999999972e+00,1.587200030649999860e+02,2.024000000000000000e+03,1.200000000000000000e+01,3.000000000000000000e+00,1.800000000000000000e+01,4.600000000000000000e+01,1.328503800000000012e+01
4.001506284279999903e+01,-8.302965156765000643e+01,-2.367599999999999927e+00,9.185999999999999721e-01,3.400461302023000121e-01,-1.792742934787200093e-01,1.651470697049000069e-01,7.262038459999999862e-01,-1.315826276999999989e+00,1.587389064500000018e+02,2.024000000000000000e+03,1.200000000000000000e+01,3.000000000000000000e+00,1.800000000000000000e+01,4.600000000000000000e+01,1.335005800000000065e+01
4.001506156651999646e+01,-8.302965092018000348e+01,-2.358299999999999841e+00,9.175999999999999712e-01,-4.569873349819999694e-03,-2.827135207930999705e-01,-2.279049808498000151e-02,7.702763209999999860e-01,-1.324641766999999914e+00,1.587582818410000129e+02,2.024000000000000000e+03,1.200000000000000000e+01,3.000000000000000000e+00,1.800000000000000000e+01,4.600000000000000000e+01,1.341535000000000011e+01
4.001506008546999738e+01,-8.302965016432000311e+01,-2.343300000000000161e+00,9.204999999999999849e-01,-2.358632718016400176e-01,-3.184783639187400150e-01,9.831153151815999469e-02,7.815226290000000242e-01,-1.319787559999999971e+00,1.587568207219999863e+02,2.024000000000000000e+03,1.200000000000000000e+01,3.000000000000000000e+00,1.800000000000000000e+01,4.600000000000000000e+01,1.348119799999999913e+01
4.001505861267000341e+01,-8.302964940430000240e+01,-2.328100000000000058e+00,9.281000000000000361e-01,-3.078891138070399824e-01,-4.271299217520999614e-01,1.787018373909999777e-02,7.800969079999999778e-01,-1.307324412999999907e+00,1.587561427159999994e+02,2.024000000000000000e+03,1.200000000000000000e+01,3.000000000000000000e+00,1.800000000000000000e+01,4.600000000000000000e+01,1.354713100000000026e+01
4.001505735541000064e+01,-8.302964874612000301e+01,-2.326600000000000001e+00,9.416999999999999815e-01,-5.028041159945200178e-01,1.828079260593399868e-01,1.061078716613600148e-01,7.716247240000000396e-01,-1.297877734000000061e+00,1.587640192739999918e+02,2.024000000000000000e+03,1.200000000000000000e+01,3.000000000000000000e+00,1.800000000000000000e+01,4.600000000000000000e+01,1.361274000000000051e+01
4.001505568156999715e+01,-8.302964785666999603e+01,-2.320600000000000218e+00,9.518999999999999684e-01,-2.165278317746399950e-01,-7.770689085202001078e-02,-2.597658664112200144e-01,7.267688900000000007e-01,-1.327030707999999892e+00,1.587741690089999906e+02,2.024000000000000000e+03,1.200000000000000000e+01,3.000000000000000000e+00,1.800000000000000000e+01,4.600000000000000000e+01,1.368365799999999943e+01
4.001505442895999920e+01,-8.302964718895999852e+01,-2.318299999999999805e+00,9.405999999999999917e-01,4.957741229581600351e-01,-1.855614639300600111e-01,-1.303577591731200080e-01,6.758711480000000327e-01,-1.352593643999999928e+00,1.587808442760000105e+02,2.024000000000000000e+03,1.200000000000000000e+01,3.000000000000000000e+00,1.800000000000000000e+01,4.600000000000000000e+01,1.375171100000000024e+01
4.001505297061999755e+01,-8.302964642509999749e+01,-2.308100000000000041e+00,9.213999999999999968e-01,2.975629205124200038e-01,-4.720355228445600182e-01,-3.184848569941199914e-01,6.666363760000000305e-01,-1.373917110999999913e+00,1.587922911359999887e+02,2.024000000000000000e+03,1.200000000000000000e+01,3.000000000000000000e+00,1.800000000000000000e+01,4.600000000000000000e+01,1.381762799999999913e+01
4.001505172473000016e+01,-8.302964578245999405e+01,-2.306799999999999962e+00,9.012999999999999901e-01,7.097190760718199432e-01,-2.102265132216399879e-01,-4.298454620764000089e-02,6.715937979999999641e-01,-1.370539240999999908e+00,1.588034021820000135e+02,2.024000000000000000e+03,1.200000000000000000e+01,3.000000000000000000e+00,1.800000000000000000e+01,4.600000000000000000e+01,1.388370600000000010e+01
4.001505027083000243e+01,-8.302964505238000470e+01,-2.306599999999999984e+00,8.773999999999999577e-01,5.866764341121399884e-01,-2.026541089567999998e-01,-6.156818935526000569e-01,7.342287140000000045e-01,-1.363274676999999935e+00,1.588069853679999994e+02,2.024000000000000000e+03,1.200000000000000000e+01,3.000000000000000000e+00,1.800000000000000000e+01,4.600000000000000000e+01,1.394950099999999971e+01
4.001505006352000038e+01,-8.302964494878000323e+01,-2.303599999999999870e+00,8.790999999999999925e-01,2.121570822343999962e-01,-2.837053784053800154e-01,-4.325986668847600081e-01,7.444713440000000348e-01,-1.365014090999999929e+00,1.588068239659999961e+02,2.024000000000000000e+03,1.200000000000000000e+01,3.000000000000000000e+00,1.800000000000000000e+01,4.600000000000000000e+01,1.401789699999999961e+01
4.001504779870000306e+01,-8.302964378980000504e+01,-2.273099999999999898e+00,9.153000000000000025e-01,-7.182665490859400093e-01,-2.024785794212200229e-01,2.383380162721999984e-01,7.630955000000000377e-01,-1.331327678000000070e+00,1.588316890979999982e+02,2.024000000000000000e+03,1.200000000000000000e+01,3.000000000000000000e+00,1.800000000000000000e+01,4.600000000000000000e+01,1.408549000000000007e+01
4.001504636464999720e+01,-8.302964303832999349e+01,-2.274399999999999977e+00,9.203999999999999959e-01,-1.925101984093399998e-01,-6.678160136859999721e-03,7.694997070520399607e-01,7.551905020000000412e-01,-1.354597086999999922e+00,1.588501304689999927e+02,2.024000000000000000e+03,1.200000000000000000e+01,3.000000000000000000e+00,1.800000000000000000e+01,4.600000000000000000e+01,1.415125100000000025e+01
4.001504493534999796e+01,-8.302964227983000001e+01,-2.262500000000000178e+00,9.264000000000000012e-01,-1.241768161404799981e-01,-2.906970590122199827e-01,3.094606277592399923e-01,6.985304310000000072e-01,-1.399219095000000079e+00,1.588397094139999979e+02,2.024000000000000000e+03,1.200000000000000000e+01,3.000000000000000000e+00,1.800000000000000000e+01,4.600000000000000000e+01,1.421655699999999989e+01
4.001504330748999649e+01,-8.302964142415000026e+01,-2.258799999999999919e+00,9.030000000000000249e-01,5.361098210949200027e-01,-2.107583754087200001e-01,-4.301477592513600623e-01,6.407915720000000315e-01,-1.422457327000000049e+00,1.588134347799999944e+02,2.024000000000000000e+03,1.200000000000000000e+01,3.000000000000000000e+00,1.800000000000000000e+01,4.600000000000000000e+01,1.428336400000000062e+01
4.001504208813000218e+01,-8.302964079065000647e+01,-2.254999999999999893e+00,8.989000000000000323e-01,1.475055382667400106e-01,-2.085719359663599781e-01,-4.408251716692400124e-01,6.348483430000000372e-01,-1.429852788999999902e+00,1.588120175269999947e+02,2.024000000000000000e+03,1.200000000000000000e+01,3.000000000000000000e+00,1.800000000000000000e+01,4.600000000000000000e+01,1.434914400000000079e+01
4.001504087274000199e+01,-8.302964016283000603e+01,-2.244499999999999940e+00,8.945999999999999508e-01,-2.196377574713199998e-01,-3.181784472747399839e-01,-4.057901684055799651e-01,6.420339790000000324e-01,-1.418310256999999908e+00,1.588194699340000113e+02,2.024000000000000000e+03,1.200000000000000000e+01,3.000000000000000000e+00,1.800000000000000000e+01,4.600000000000000000e+01,1.441660399999999953e+01
4.001503925550999696e+01,-8.302963933303999511e+01,-2.245600000000000041e+00,8.777000000000000357e-01,3.370940478412400299e-01,-1.577472363998199956e-01,-1.406448269746000124e-01,6.568593480000000095e-01,-1.375990457999999972e+00,1.588166693160000023e+02,2.024000000000000000e+03,1.200000000000000000e+01,3.000000000000000000e+00,1.800000000000000000e+01,4.600000000000000000e+01,1.448338900000000073e+01
4.001503804373000150e+01,-8.302963871737999568e+01,-2.241299999999999848e+00,8.719999999999999973e-01,2.192894960619599931e-01,-2.452510663684400183e-01,1.089638444065599981e-01,6.870606409999999720e-01,-1.339330646000000069e+00,1.588075049889999946e+02,2.024000000000000000e+03,1.200000000000000000e+01,3.000000000000000000e+00,1.800000000000000000e+01,4.600000000000000000e+01,1.455051399999999973e+01
4.001503663292999846e+01,-8.302963799629000619e+01,-2.237400000000000055e+00,8.852999999999999758e-01,-3.555983650074999725e-01,5.156046047230000012e-02,1.412602463036999878e-01,7.110926600000000430e-01,-1.297566444999999957e+00,1.588097077959999979e+02,2.024000000000000000e+03,1.200000000000000000e+01,3.000000000000000000e+00,1.800000000000000000e+01,4.600000000000000000e+01,1.461647299999999916e+01
4.001503542159999682e+01,-8.302963737343999640e+01,-2.245299999999999851e+00,8.870999999999999996e-01,8.507646872941999894e-02,1.783654486598399980e-01,2.063605235261800064e-01,7.128052630000000223e-01,-1.288418719999999906e+00,1.588182882460000087e+02,2.024000000000000000e+03,1.200000000000000000e+01,3.000000000000000000e+00,1.800000000000000000e+01,4.600000000000000000e+01,1.468208599999999997e+01
4.001503400786999975e+01,-8.302963664444999381e+01,-2.240099999999999980e+00,8.940000000000000169e-01,-3.046547063687999879e-01,-6.730222432007999800e-02,3.923253954967999974e-02,7.301473720000000167e-01,-1.295523125000000109e+00,1.588386029680000036e+02,2.024000000000000000e+03,1.200000000000000000e+01,3.000000000000000000e+00,1.800000000000000000e+01,4.600000000000000000e+01,1.474785499999999949e+01
4.001503279891999654e+01,-8.302963601953000250e+01,-2.235599999999999810e+00,8.893999999999999684e-01,-4.577536483663999928e-02,-1.565551207354200225e-01,-6.561042877558000141e-02,7.375110860000000379e-01,-1.290530248000000046e+00,1.588513172570000052e+02,2.024000000000000000e+03,1.200000000000000000e+01,3.000000000000000000e+00,1.800000000000000000e+01,4.600000000000000000e+01,1.481365599999999993e+01
4.001503138937000159e+01,-8.302963529654999775e+01,-2.234999999999999876e+00,8.804999999999999494e-01,6.698492433127999079e-02,-1.311695326496200020e-01,-1.966970124712800194e-01,7.458692770000000527e-01,-1.274673619999999952e+00,1.588430424350000010e+02,2.024000000000000000e+03,1.200000000000000000e+01,3.000000000000000000e+00,1.800000000000000000e+01,4.600000000000000000e+01,1.487888599999999961e+01
4.001502998509999998e+01,-8.302963456736999603e+01,-2.223300000000000054e+00,8.980000000000000204e-01,-4.851729494945600241e-01,-8.609659465187999294e-02,-1.338831088363799937e-01,7.108626850000000497e-01,-1.251372519000000016e+00,1.588303055659999927e+02,2.024000000000000000e+03,1.200000000000000000e+01,3.000000000000000000e+00,1.800000000000000000e+01,4.600000000000000000e+01,1.494719199999999937e+01
4.001502958473999882e+01,-8.302963435648000257e+01,-2.222399999999999931e+00,9.028000000000000469e-01,-5.041627325806600224e-01,-6.706426545535999761e-02,-5.056577710831999806e-02,6.924975209999999493e-01,-1.245012212000000007e+00,1.588295248489999949e+02,2.024000000000000000e+03,1.200000000000000000e+01,3.000000000000000000e+00,1.800000000000000000e+01,4.600000000000000000e+01,1.501326399999999950e+01
4.001502757904000163e+01,-8.302963329822999583e+01,-2.229600000000000026e+00,9.039000000000000368e-01,5.987594481386000755e-02,2.966866578075999863e-02,-1.016991713765399985e-01,6.328395980000000032e-01,-1.224882374000000107e+00,1.588281179290000011e+02,2.024000000000000000e+03,1.200000000000000000e+01,3.000000000000000000e+00,1.800000000000000000e+01,4.600000000000000000e+01,1.508109900000000003e+01
4.001502617596000277e+01,-8.302963255547000188e+01,-2.229499999999999815e+00,8.984999999999999654e-01,3.043203718483000197e-01,-2.751234370731999931e-02,2.941204147849999992e-02,6.077186039999999956e-01,-1.215479903999999944e+00,1.588278630389999933e+02,2.024000000000000000e+03,1.200000000000000000e+01,3.000000000000000000e+00,1.800000000000000000e+01,4.600000000000000000e+01,1.514865400000000051e+01
4.001502477017000103e+01,-8.302963182279999899e+01,-2.235300000000000065e+00,8.852999999999999758e-01,2.467625781680599650e-01,2.098054666408000202e-02,6.167817471595999496e-02,6.108220490000000336e-01,-1.200104596999999940e+00,1.588284995379999884e+02,2.024000000000000000e+03,1.200000000000000000e+01,3.000000000000000000e+00,1.800000000000000000e+01,4.600000000000000000e+01,1.521455500000000072e+01
4.001502336024000073e+01,-8.302963109169999711e+01,-2.243799999999999795e+00,8.904999999999999583e-01,-5.314284775859999532e-02,2.889455260949799764e-01,9.790078927865998593e-02,6.122788439999999888e-01,-1.198278331999999891e+00,1.588280723649999970e+02,2.024000000000000000e+03,1.200000000000000000e+01,3.000000000000000000e+00,1.800000000000000000e+01,4.600000000000000000e+01,1.528018699999999974e+01
4.001502194457999906e+01,-8.302963036772000294e+01,-2.251700000000000035e+00,8.731999999999999762e-01,4.137551239110000001e-01,2.002351338369999859e-02,1.613570621206600053e-01,6.377335910000000441e-01,-1.220382649000000042e+00,1.588249845839999921e+02,2.024000000000000000e+03,1.200000000000000000e+01,3.000000000000000000e+00,1.800000000000000000e+01,4.600000000000000000e+01,1.534784800000000082e+01
4.001502073108999724e+01,-8.302962975050999717e+01,-2.246399999999999952e+00,8.759000000000000119e-01,-1.409018757833399860e-01,-1.257748595638200073e-01,4.452955538429999999e-02,6.799832099999999491e-01,-1.233468962999999974e+00,1.588226522660000057e+02,2.024000000000000000e+03,1.200000000000000000e+01,3.000000000000000000e+00,1.800000000000000000e+01,4.600000000000000000e+01,1.541407300000000014e+01
4.001501931538999912e+01,-8.302962903142000073e+01,-2.254799999999999915e+00,8.690999999999999837e-01,4.563553391016400562e-01,3.318344404642399881e-01,6.636839645858000347e-02,7.274328230000000062e-01,-1.238970023000000031e+00,1.588260897460000081e+02,2.024000000000000000e+03,1.200000000000000000e+01,3.000000000000000000e+00,1.800000000000000000e+01,4.600000000000000000e+01,1.547948799999999991e+01
4.001501790329000130e+01,-8.302962830831999952e+01,-2.226799999999999891e+00,8.899000000000000243e-01,-9.913330892747200807e-01,-6.918938000289200918e-01,-2.308811632356000051e-02,7.738298660000000329e-01,-1.256856815999999988e+00,1.588317009769999970e+02,2.024000000000000000e+03,1.200000000000000000e+01,3.000000000000000000e+00,1.800000000000000000e+01,4.600000000000000000e+01,1.554469399999999979e+01
4.001501671140000127e+01,-8.302962767104999386e+01,-2.198100000000000165e+00,9.099000000000000421e-01,-6.094683632956600094e-01,-4.972691665346000156e-01,6.821476844238000270e-02,7.073436699999999799e-01,-1.211114317999999912e+00,1.588411573120000071e+02,2.024000000000000000e+03,1.200000000000000000e+01,3.000000000000000000e+00,1.800000000000000000e+01,4.600000000000000000e+01,1.561086500000000044e+01
4.001501532396999750e+01,-8.302962692027000458e+01,-2.208299999999999930e+00,9.133999999999999897e-01,1.663945124129399822e-01,2.937771641306399784e-01,-5.678615946705999756e-02,6.078890519999999853e-01,-1.163751793999999951e+00,1.588453716630000088e+02,2.024000000000000000e+03,1.200000000000000000e+01,3.000000000000000000e+00,1.800000000000000000e+01,4.600000000000000000e+01,1.567760099999999923e+01
4.001501392761999654e+01,-8.302962617288000047e+01,-2.226500000000000146e+00,9.032000000000000028e-01,5.321345745443000208e-01,3.631995710966000046e-01,-3.130046534756800169e-01,5.579705529999999802e-01,-1.171980946999999995e+00,1.588397403970000141e+02,2.024000000000000000e+03,1.200000000000000000e+01,3.000000000000000000e+00,1.800000000000000000e+01,4.600000000000000000e+01,1.574432200000000037e+01
4.001501272424000177e+01,-8.302962553684000113e+01,-2.232899999999999885e+00,8.994999999999999662e-01,2.545902467797599988e-01,1.280427125423199974e-01,-3.341568307115200254e-01,5.352811259999999960e-01,-1.201336366000000044e+00,1.588388754389999917e+02,2.024000000000000000e+03,1.200000000000000000e+01,3.000000000000000000e+00,1.800000000000000000e+01,4.600000000000000000e+01,1.580980199999999947e+01
4.001501131559999891e+01,-8.302962480314999993e+01,-2.243300000000000072e+00,8.810999999999999943e-01,8.302847045179799768e-01,1.255887957803600019e-01,-3.090642354830200333e-01,5.092227459999999484e-01,-1.245527959999999990e+00,1.588466595849999976e+02,2.024000000000000000e+03,1.200000000000000000e+01,3.000000000000000000e+00,1.800000000000000000e+01,4.600000000000000000e+01,1.587625399999999942e+01
4.001500990169999739e+01,-8.302962408502000358e+01,-2.248400000000000176e+00,8.687000000000000277e-01,3.964987812520999744e-01,1.002931666102200026e-01,-1.541401672179200100e-01,5.380314910000000284e-01,-1.288864154999999956e+00,1.588448929349999901e+02,2.024000000000000000e+03,1.200000000000000000e+01,3.000000000000000000e+00,1.800000000000000000e+01,4.600000000000000000e+01,1.594335700000000067e+01
4.001500969968000021e+01,-8.302962398356000051e+01,-2.246799999999999908e+00,8.645000000000000462e-01,3.424575633934600072e-01,-7.562261865250000104e-02,-1.754290689593400177e-01,5.502132220000000018e-01,-1.297526877999999995e+00,1.588446692100000064e+02,2.024000000000000000e+03,1.200000000000000000e+01,3.000000000000000000e+00,1.800000000000000000e+01,4.600000000000000000e+01,1.600954499999999925e+01
4.001500749571000171e+01,-8.302962287629999594e+01,-2.209000000000000075e+00,8.621999999999999664e-01,-6.220810235335599847e-01,-4.762560075463799780e-01,3.040606277789399958e-01,6.600235909999999651e-01,-1.266758170999999988e+00,1.588499825659999942e+02,2.024000000000000000e+03,1.200000000000000000e+01,3.000000000000000000e+00,1.800000000000000000e+01,4.600000000000000000e+01,1.607575999999999894e+01
4.001500610045999906e+01,-8.302962216477999391e+01,-2.214399999999999924e+00,8.707000000000000295e-01,5.140103304170000331e-02,2.517239766556200187e-01,1.966006200795999692e-01,6.847188400000000508e-01,-1.215500121000000044e+00,1.588705835860000093e+02,2.024000000000000000e+03,1.200000000000000000e+01,3.000000000000000000e+00,1.800000000000000000e+01,4.600000000000000000e+01,1.614298199999999994e+01
4.001500470065000314e+01,-8.302962144689000468e+01,-2.220899999999999874e+00,8.850999999999999979e-01,-3.839889522903399688e-01,3.438535660458199583e-01,2.348788583564200005e-01,7.034583890000000173e-01,-1.207789857000000078e+00,1.588778956149999999e+02,2.024000000000000000e+03,1.200000000000000000e+01,3.000000000000000000e+00,1.800000000000000000e+01,4.600000000000000000e+01,1.620929399999999987e+01
4.001500329904000353e+01,-8.302962072294999984e+01,-2.217000000000000082e+00,8.872999999999999776e-01,-2.131026231288199735e-01,-1.606980475344000070e-01,-5.890751254514000473e-02,6.895640360000000468e-01,-1.228734294999999976e+00,1.588730223469999885e+02,2.024000000000000000e+03,1.200000000000000000e+01,3.000000000000000000e+00,1.800000000000000000e+01,4.600000000000000000e+01,1.627605700000000155e+01
4.001500190085000241e+01,-8.302961999714000285e+01,-2.214799999999999880e+00,8.873999999999999666e-01,-1.193570635252199919e-01,-2.535973512837999891e-02,1.709762194939999994e-03,6.589807500000000040e-01,-1.232786584999999935e+00,1.588714989450000132e+02,2.024000000000000000e+03,1.200000000000000000e+01,3.000000000000000000e+00,1.800000000000000000e+01,4.600000000000000000e+01,1.634367900000000162e+01
4.001500030468999825e+01,-8.302961916769000084e+01,-2.207199999999999829e+00,8.892999999999999794e-01,-1.900782948965200059e-01,-2.280197556995199881e-01,-3.295283061530799862e-01,6.512416939999999821e-01,-1.234137676000000017e+00,1.588907107919999930e+02,2.024000000000000000e+03,1.200000000000000000e+01,3.000000000000000000e+00,1.800000000000000000e+01,4.600000000000000000e+01,1.642784400000000034e+01
4.001499890960000272e+01,-8.302961843888999738e+01,-2.216299999999999937e+00,8.882999999999999785e-01,3.347527270533600108e-01,3.047078322350199597e-01,-1.708484383532399842e-01,6.116936069999999726e-01,-1.219448579000000032e+00,1.588851516009999898e+02,2.024000000000000000e+03,1.200000000000000000e+01,3.000000000000000000e+00,1.800000000000000000e+01,4.600000000000000000e+01,1.649559800000000109e+01
4.001499770993000027e+01,-8.302961782142999425e+01,-2.218700000000000117e+00,8.719999999999999973e-01,5.956942138555999522e-01,-1.267142020589999973e-01,1.277993606089999901e-02,6.125397280000000055e-01,-1.226087911000000030e+00,1.588699344769999868e+02,2.024000000000000000e+03,1.200000000000000000e+01,3.000000000000000000e+00,1.800000000000000000e+01,4.600000000000000000e+01,1.656271800000000027e+01
4.001499630610999958e+01,-8.302961711864999472e+01,-2.229800000000000004e+00,8.539999999999999813e-01,2.877294362527400007e-01,2.417581406218000106e-01,9.526240018616000116e-02,6.729063730000000021e-01,-1.211526413000000080e+00,1.588631543349999902e+02,2.024000000000000000e+03,1.200000000000000000e+01,3.000000000000000000e+00,1.800000000000000000e+01,4.600000000000000000e+01,1.662919499999999928e+01
4.001499490639000101e+01,-8.302961640021000278e+01,-2.209000000000000075e+00,8.978000000000000425e-01,-1.307734012849020022e+00,-1.114554858555599909e-01,6.318538137900400198e-01,6.803037379999999912e-01,-1.236105475000000009e+00,1.589165853510000090e+02,2.024000000000000000e+03,1.200000000000000000e+01,3.000000000000000000e+00,1.800000000000000000e+01,4.600000000000000000e+01,1.669676700000000125e+01
4.001499370804999955e+01,-8.302961577876999399e+01,-2.218999999999999861e+00,8.776000000000000467e-01,7.279161647936799318e-01,5.075757970680000453e-02,1.314063293817399891e-01,6.262113049999999959e-01,-1.260211546000000071e+00,1.589369960800000001e+02,2.024000000000000000e+03,1.200000000000000000e+01,3.000000000000000000e+00,1.800000000000000000e+01,4.600000000000000000e+01,1.676347000000000165e+01
4.001499230425999798e+01,-8.302961506654999368e+01,-2.228499999999999925e+00,8.706000000000000405e-01,-6.232927406840000489e-02,1.990918677977999984e-01,-2.247909905124999830e-01,6.755371669999999940e-01,-1.297916177000000060e+00,1.589075878550000027e+02,2.024000000000000000e+03,1.200000000000000000e+01,3.000000000000000000e+00,1.800000000000000000e+01,4.600000000000000000e+01,1.683074799999999982e+01
4.001499089775000328e+01,-8.302961433989000284e+01,-2.225900000000000212e+00,9.038000000000000478e-01,-1.010393237663899990e+00,1.896193870386399805e-01,-7.169866551000599886e-01,6.765899229999999820e-01,-1.355673984999999915e+00,1.588817893899999945e+02,2.024000000000000000e+03,1.200000000000000000e+01,3.000000000000000000e+00,1.800000000000000000e+01,4.600000000000000000e+01,1.689900499999999894e+01
4.001498969653000159e+01,-8.302961370500000271e+01,-2.219300000000000050e+00,9.003999999999999782e-01,3.284855374254599947e-01,-2.090077081664599989e-01,-6.566602072545599800e-01,5.934971230000000153e-01,-1.392750479999999902e+00,1.588867548800000122e+02,2.024000000000000000e+03,1.200000000000000000e+01,3.000000000000000000e+00,1.800000000000000000e+01,4.600000000000000000e+01,1.696562000000000126e+01
4.001498929643000224e+01,-8.302961349625999787e+01,-2.218500000000000139e+00,8.894999999999999574e-01,6.985665175513000591e-01,-3.447878535903199926e-01,-4.731730843736599579e-01,5.787706719999999860e-01,-1.402040055000000063e+00,1.588935128239999983e+02,2.024000000000000000e+03,1.200000000000000000e+01,3.000000000000000000e+00,1.800000000000000000e+01,4.600000000000000000e+01,1.703202299999999880e+01
4.001498730258000336e+01,-8.302961247317000471e+01,-2.204899999999999860e+00,8.640999999999999792e-01,3.428854884090999922e-01,-4.012966017573000310e-01,3.382688048127999864e-02,6.159520529999999994e-01,-1.348593667999999912e+00,1.589422487530000012e+02,2.024000000000000000e+03,1.200000000000000000e+01,3.000000000000000000e+00,1.800000000000000000e+01,4.600000000000000000e+01,1.709890700000000052e+01
4.001498570532999821e+01,-8.302961167927999497e+01,-2.232299999999999951e+00,8.282000000000000473e-01,8.440898710030600993e-01,3.844374397174000202e-01,6.382795849642600716e-01,7.033683969999999785e-01,-1.296291789000000083e+00,1.589264169930000037e+02,2.024000000000000000e+03,1.200000000000000000e+01,3.000000000000000000e+00,1.800000000000000000e+01,4.600000000000000000e+01,1.716520900000000083e+01
4.001498429763000075e+01,-8.302961099342999773e+01,-2.234500000000000153e+00,8.424000000000000377e-01,-5.303243151091999730e-01,2.144672096488599855e-01,3.180951989934400204e-01,8.003935020000000344e-01,-1.313544422999999961e+00,1.588984094260000006e+02,2.024000000000000000e+03,1.200000000000000000e+01,3.000000000000000000e+00,1.800000000000000000e+01,4.600000000000000000e+01,1.723144100000000023e+01
4.001498289143999898e+01,-8.302961029540000482e+01,-2.229999999999999982e+00,8.545000000000000373e-01,-2.896062485389400143e-01,6.084611263278000282e-02,-2.018273498011999983e-02,8.546934739999999531e-01,-1.339379378999999926e+00,1.589083311919999915e+02,2.024000000000000000e+03,1.200000000000000000e+01,3.000000000000000000e+00,1.800000000000000000e+01,4.600000000000000000e+01,1.729706399999999888e+01
4.001498168682999790e+01,-8.302960968696000066e+01,-2.230300000000000171e+00,8.679999999999999938e-01,-2.825196768458599905e-01,1.881819687250000095e-01,-2.077649221707199845e-01,8.908673329999999835e-01,-1.367870259999999893e+00,1.589362526310000021e+02,2.024000000000000000e+03,1.200000000000000000e+01,3.000000000000000000e+00,1.800000000000000000e+01,4.600000000000000000e+01,1.736480299999999843e+01
4.001498028241000071e+01,-8.302960897554000042e+01,-2.223899999999999988e+00,8.651999999999999691e-01,-1.555145299516600133e-01,-2.544643038624599951e-01,-3.227653707020400331e-01,9.337830080000000255e-01,-1.415697763000000053e+00,1.589602817130000005e+02,2.024000000000000000e+03,1.200000000000000000e+01,3.000000000000000000e+00,1.800000000000000000e+01,4.600000000000000000e+01,1.743118799999999879e+01
4.001497889107000105e+01,-8.302960825658999511e+01,-2.194599999999999884e+00,8.846000000000000529e-01,-8.079414544661399633e-01,-4.461259160306200178e-01,-5.164022674146799829e-01,9.265361589999999703e-01,-1.408208896000000099e+00,1.589623914610000099e+02,2.024000000000000000e+03,1.200000000000000000e+01,3.000000000000000000e+00,1.800000000000000000e+01,4.600000000000000000e+01,1.749719899999999839e+01
4.001497770702000167e+01,-8.302960762895999380e+01,-2.190700000000000092e+00,8.978000000000000425e-01,-4.713872373481199918e-01,1.617749077559599846e-01,-2.202700911903799907e-01,8.588868589999999470e-01,-1.372444087000000090e+00,1.589528267160000041e+02,2.024000000000000000e+03,1.200000000000000000e+01,3.000000000000000000e+00,1.800000000000000000e+01,4.600000000000000000e+01,1.756595499999999888e+01
4.001497612250000202e+01,-8.302960678344000200e+01,-2.207300000000000040e+00,8.994999999999999662e-01,2.557016487751799794e-01,3.892813997469199983e-01,-5.612103569087599775e-01,8.024918850000000159e-01,-1.360119829000000058e+00,1.589649602290000132e+02,2.024000000000000000e+03,1.200000000000000000e+01,3.000000000000000000e+00,1.800000000000000000e+01,4.600000000000000000e+01,1.763336999999999932e+01
4.001497493022999663e+01,-8.302960616267000660e+01,-2.207599999999999785e+00,8.717000000000000304e-01,5.627703088927200614e-01,-1.915202277384399909e-01,2.161555736258000127e-02,8.192944349999999876e-01,-1.356711030999999901e+00,1.589809045920000017e+02,2.024000000000000000e+03,1.200000000000000000e+01,3.000000000000000000e+00,1.800000000000000000e+01,4.600000000000000000e+01,1.769967799999999869e+01
4.001497353479999930e+01,-8.302960545336999587e+01,-2.220200000000000173e+00,8.588000000000000078e-01,2.785194117488000165e-01,3.162778734647400114e-01,-4.450188202219999833e-02,8.458644499999999899e-01,-1.331749448999999919e+00,1.589780758699999978e+02,2.024000000000000000e+03,1.200000000000000000e+01,3.000000000000000000e+00,1.800000000000000000e+01,4.600000000000000000e+01,1.776888299999999887e+01
4.001497213012999765e+01,-8.302960473938999542e+01,-2.237299999999999844e+00,8.756000000000000449e-01,-2.720144608846999934e-01,6.371155427885599742e-01,2.459992142852199803e-01,8.336409219999999509e-01,-1.366467746999999955e+00,1.589628021409999974e+02,2.024000000000000000e+03,1.200000000000000000e+01,3.000000000000000000e+00,1.800000000000000000e+01,4.600000000000000000e+01,1.783754300000000015e+01
4.001497072168000102e+01,-8.302960402566999676e+01,-2.232800000000000118e+00,8.659000000000000030e-01,6.642046520871999760e-02,-1.414001673870400044e-01,1.276317113554399918e-01,8.654728419999999645e-01,-1.426459992999999926e+00,1.589763765870000043e+02,2.024000000000000000e+03,1.200000000000000000e+01,3.000000000000000000e+00,1.800000000000000000e+01,4.600000000000000000e+01,1.790406799999999876e+01
4.001496972169000088e+01,-8.302960351503999448e+01,-2.213999999999999968e+00,8.707000000000000295e-01,-3.219548075402400289e-01,-5.325072265450800924e-01,7.319008062095999634e-02,8.971967239999999455e-01,-1.434601433000000092e+00,1.590066303469999980e+02,2.024000000000000000e+03,1.200000000000000000e+01,3.000000000000000000e+00,1.800000000000000000e+01,4.600000000000000000e+01,1.796920700000000082e+01
4.001496852963000350e+01,-8.302960290712999836e+01,-2.198100000000000165e+00,8.566000000000000281e-01,2.313738130103399904e-01,-6.867941751123399774e-01,9.275898863818000939e-02,9.152082870000000092e-01,-1.400878767000000025e+00,1.590297413680000034e+02,2.024000000000000000e+03,1.200000000000000000e+01,3.000000000000000000e+00,1.800000000000000000e+01,4.600000000000000000e+01,1.803542500000000004e+01
4.001496694362000284e+01,-8.302960209363999411e+01,-2.207100000000000062e+00,8.761999999999999789e-01,-3.609413812555199996e-01,5.283677234305000914e-01,4.073549870583999949e-02,8.969778440000000241e-01,-1.319114954000000006e+00,1.590423929309999949e+02,2.024000000000000000e+03,1.200000000000000000e+01,3.000000000000000000e+00,1.800000000000000000e+01,4.600000000000000000e+01,1.810225200000000001e+01
4.001496554965000030e+01,-8.302960136074000275e+01,-2.217200000000000060e+00,9.066999999999999504e-01,-4.883821729146800017e-01,5.833470781858599574e-01,5.904781129830000141e-02,8.044007659999999893e-01,-1.320351604999999928e+00,1.590444624700000134e+02,2.024000000000000000e+03,1.200000000000000000e+01,3.000000000000000000e+00,1.800000000000000000e+01,4.600000000000000000e+01,1.816982799999999898e+01
4.001496414739000329e+01,-8.302960062847999723e+01,-2.224699999999999900e+00,8.901999999999999913e-01,1.987231855351200005e-01,-1.027458520414600007e-01,1.429643123781599856e-01,7.528915280000000321e-01,-1.371857192000000003e+00,1.590423719849999884e+02,2.024000000000000000e+03,1.200000000000000000e+01,3.000000000000000000e+00,1.800000000000000000e+01,4.600000000000000000e+01,1.823676400000000086e+01
4.001496274689999666e+01,-8.302959990482000308e+01,-2.218999999999999861e+00,8.762999999999999678e-01,4.279583544966599762e-01,-2.780038594916799943e-01,2.323018613878799765e-01,7.434393719999999872e-01,-1.399222039000000084e+00,1.590581144809999898e+02,2.024000000000000000e+03,1.200000000000000000e+01,3.000000000000000000e+00,1.800000000000000000e+01,4.600000000000000000e+01,1.830348299999999995e+01
4.001496154363000102e+01,-8.302959929604000422e+01,-2.226900000000000102e+00,8.676000000000000378e-01,-1.288735223290000086e-02,4.465246305846000408e-02,3.326234888581600102e-01,7.638794300000000259e-01,-1.423590077999999925e+00,1.590785763659999930e+02,2.024000000000000000e+03,1.200000000000000000e+01,3.000000000000000000e+00,1.800000000000000000e+01,4.600000000000000000e+01,1.837040000000000006e+01
4.001496013719999922e+01,-8.302959859191000191e+01,-2.232299999999999951e+00,8.551999999999999602e-01,5.215425118088000689e-01,-2.060669291916000095e-02,1.809875972384200060e-01,7.775596139999999545e-01,-1.454946402000000027e+00,1.591053571029999887e+02,2.024000000000000000e+03,1.200000000000000000e+01,3.000000000000000000e+00,1.800000000000000000e+01,4.600000000000000000e+01,1.843645499999999871e+01
4.001495873006000181e+01,-8.302959789671000124e+01,-2.230799999999999894e+00,8.419999999999999707e-01,3.575272100572999823e-01,-1.881173301121399910e-01,-7.543621031043999670e-02,8.220059499999999852e-01,-1.478036165000000013e+00,1.591277726330000064e+02,2.024000000000000000e+03,1.200000000000000000e+01,3.000000000000000000e+00,1.800000000000000000e+01,4.600000000000000000e+01,1.850339599999999862e+01
4.001495752409000062e+01,-8.302959730668000304e+01,-2.228600000000000136e+00,8.436000000000000165e-01,-2.803282883263800151e-01,-1.130386387103600038e-01,6.269511922803999715e-02,8.675389399999999807e-01,-1.493576994999999963e+00,1.591193959269999993e+02,2.024000000000000000e+03,1.200000000000000000e+01,3.000000000000000000e+00,1.800000000000000000e+01,4.600000000000000000e+01,1.857155300000000153e+01
4.001495612539000035e+01,-8.302959661107999523e+01,-2.209600000000000009e+00,8.534000000000000474e-01,-3.411010984804199730e-01,-3.909383514346400079e-01,8.661086901164000151e-02,8.972685030000000506e-01,-1.508234462000000109e+00,1.591310119450000116e+02,2.024000000000000000e+03,1.200000000000000000e+01,3.000000000000000000e+00,1.800000000000000000e+01,4.600000000000000000e+01,1.863704099999999997e+01
4.001495473746000187e+01,-8.302959590476000074e+01,-2.193700000000000205e+00,8.713999999999999524e-01,-5.908179632828199912e-01,-2.112274882008000065e-01,-1.465529303536799999e-01,8.946171280000000392e-01,-1.499834946000000002e+00,1.591875182489999929e+02,2.024000000000000000e+03,1.200000000000000000e+01,3.000000000000000000e+00,1.800000000000000000e+01,4.600000000000000000e+01,1.870328299999999899e+01
4.001495355466000348e+01,-8.302959529663999660e+01,-2.186700000000000088e+00,8.620999999999999774e-01,2.578241640088599906e-01,-2.590096513545199763e-01,-3.005389505245200099e-01,8.497653429999999508e-01,-1.477952670999999940e+00,1.592259726629999932e+02,2.024000000000000000e+03,1.200000000000000000e+01,3.000000000000000000e+00,1.800000000000000000e+01,4.600000000000000000e+01,1.876926699999999926e+01
4.001495217443000030e+01,-8.302959460399000591e+01,-2.186500000000000110e+00,8.407999999999999918e-01,1.264459813898800022e-01,-1.792233346603600008e-01,2.061563197759600230e-01,8.612635250000000298e-01,-1.463295624999999989e+00,1.592323143899999991e+02,2.024000000000000000e+03,1.200000000000000000e+01,3.000000000000000000e+00,1.800000000000000000e+01,4.600000000000000000e+01,1.883579399999999993e+01
4.001495080219999778e+01,-8.302959391014999824e+01,-2.168499999999999872e+00,8.571999999999999620e-01,-6.580683732286399801e-01,-3.032903252323999599e-01,-3.658253037454199941e-01,8.406634960000000101e-01,-1.439379219999999959e+00,1.592489869110000029e+02,2.024000000000000000e+03,1.200000000000000000e+01,3.000000000000000000e+00,1.800000000000000000e+01,4.600000000000000000e+01,1.890285199999999932e+01
4.001494982789999710e+01,-8.302959340481000083e+01,-2.160099999999999909e+00,8.668000000000000149e-01,-2.940521321805600330e-01,-1.445697441920600068e-01,-2.311813009092199833e-01,7.834107660000000362e-01,-1.424638705000000005e+00,1.592940914440000029e+02,2.024000000000000000e+03,1.200000000000000000e+01,3.000000000000000000e+00,1.800000000000000000e+01,4.600000000000000000e+01,1.896990399999999966e+01
4.001494904901999661e+01,-8.302959299843000451e+01,-2.162999999999999812e+00,8.693999999999999506e-01,-1.299691676664800066e-01,2.481801744641999943e-02,-3.120003394121200202e-01,7.347809410000000208e-01,-1.420546376000000111e+00,1.593375392499999919e+02,2.024000000000000000e+03,1.200000000000000000e+01,3.000000000000000000e+00,1.800000000000000000e+01,4.600000000000000000e+01,1.903579399999999922e+01
4.001494689398000304e+01,-8.302959191745000567e+01,-2.177099999999999813e+00,7.933999999999999941e-01,1.785394618298759895e+00,-7.293167847310200180e-01,5.829763909437000180e-01,7.132807850000000283e-01,-1.485531641999999986e+00,1.594199304560000030e+02,2.024000000000000000e+03,1.200000000000000000e+01,3.000000000000000000e+00,1.800000000000000000e+01,4.600000000000000000e+01,1.910342800000000096e+01
4.001494572317000120e+01,-8.302959135700000104e+01,-2.153999999999999915e+00,7.943000000000000060e-01,-5.701177992576400566e-01,-7.947073960548201033e-01,5.407740322462000204e-01,7.793985979999999980e-01,-1.509596307000000026e+00,1.594690816129999860e+02,2.024000000000000000e+03,1.200000000000000000e+01,3.000000000000000000e+00,1.800000000000000000e+01,4.600000000000000000e+01,1.917017500000000041e+01
4.001494437448999975e+01,-8.302959070334999581e+01,-2.126799999999999802e+00,7.872000000000000108e-01,9.465897928487999879e-02,-8.123599685920799285e-01,8.992282250190000714e-02,7.554929449999999713e-01,-1.485850413000000092e+00,1.595490556610000112e+02,2.024000000000000000e+03,1.200000000000000000e+01,3.000000000000000000e+00,1.800000000000000000e+01,4.600000000000000000e+01,1.923692799999999892e+01
4.001494303751000103e+01,-8.302959005072000309e+01,-2.115400000000000169e+00,7.896999999999999575e-01,-7.233375917565999791e-02,-3.264651158897199923e-01,-1.054426995019400043e-01,7.793657560000000206e-01,-1.435185174999999980e+00,1.596646968839999943e+02,2.024000000000000000e+03,1.200000000000000000e+01,3.000000000000000000e+00,1.800000000000000000e+01,4.600000000000000000e+01,1.930375599999999991e+01
4.001494189758999909e+01,-8.302958948994999844e+01,-2.102300000000000058e+00,8.003000000000000114e-01,-6.925149859328999513e-01,-3.182490579970199684e-01,-8.559109296958000712e-02,7.964196860000000155e-01,-1.402653162000000009e+00,1.597490748010000061e+02,2.024000000000000000e+03,1.200000000000000000e+01,3.000000000000000000e+00,1.800000000000000000e+01,4.600000000000000000e+01,1.937140899999999988e+01
4.001494057584999808e+01,-8.302958882583000388e+01,-2.092699999999999783e+00,8.062000000000000277e-01,-8.344222868454000130e-02,-2.196093681594799840e-01,2.926704332122800345e-01,7.202890140000000052e-01,-1.377646313000000067e+00,1.598338968129999955e+02,2.024000000000000000e+03,1.200000000000000000e+01,3.000000000000000000e+00,1.800000000000000000e+01,4.600000000000000000e+01,1.943628199999999850e+01
4.001493925858999745e+01,-8.302958817580000073e+01,-2.082300000000000040e+00,7.775999999999999579e-01,3.699014793083800212e-01,-6.429204576021400053e-01,1.053032381123999994e-01,6.721461610000000197e-01,-1.361979258000000081e+00,1.599361079519999862e+02,2.024000000000000000e+03,1.200000000000000000e+01,3.000000000000000000e+00,1.800000000000000000e+01,4.600000000000000000e+01,1.950364599999999982e+01
4.001493813833000246e+01,-8.302958763491000127e+01,-2.064799999999999969e+00,7.531999999999999806e-01,5.206773023092600150e-01,-8.412882116868000137e-01,1.555072470961199882e-01,6.749208650000000365e-01,-1.324160245999999930e+00,1.600514446690000057e+02,2.024000000000000000e+03,1.200000000000000000e+01,3.000000000000000000e+00,1.800000000000000000e+01,4.600000000000000000e+01,1.957052099999999939e+01
4.001493683913999888e+01,-8.302958702496999877e+01,-2.054600000000000204e+00,7.329999999999999849e-01,1.296162587121199861e-01,-4.771274802916799507e-01,1.380605292166600107e-01,7.051373859999999771e-01,-1.261793501999999956e+00,1.602024511790000076e+02,2.024000000000000000e+03,1.200000000000000000e+01,3.000000000000000000e+00,1.800000000000000000e+01,4.600000000000000000e+01,1.963703599999999838e+01
4.001493554345000092e+01,-8.302958642184999860e+01,-2.057300000000000129e+00,7.261999999999999567e-01,3.998371275065799590e-01,4.289442881059999345e-03,1.641877274341199955e-01,7.110270760000000356e-01,-1.226127785000000081e+00,1.603658501479999927e+02,2.024000000000000000e+03,1.200000000000000000e+01,3.000000000000000000e+00,1.800000000000000000e+01,4.600000000000000000e+01,1.970455499999999915e+01
4.001493443233000136e+01,-8.302958590891999791e+01,-2.060200000000000031e+00,7.195000000000000284e-01,5.263123243489000735e-01,1.056463591270200009e-01,1.638275064210999998e-01,7.075752060000000121e-01,-1.233469842000000094e+00,1.605076326329999858e+02,2.024000000000000000e+03,1.200000000000000000e+01,3.000000000000000000e+00,1.800000000000000000e+01,4.600000000000000000e+01,1.977169100000000057e+01
4.001493313372999694e+01,-8.302958531451000113e+01,-2.059899999999999842e+00,7.185000000000000275e-01,5.986282404034000415e-02,-6.909344295970000494e-02,-2.361312376817400194e-01,6.951067170000000406e-01,-1.286735825999999916e+00,1.606660672579999982e+02,2.024000000000000000e+03,1.200000000000000000e+01,3.000000000000000000e+00,1.800000000000000000e+01,4.600000000000000000e+01,1.983745599999999953e+01
4.001493184326999852e+01,-8.302958472186999472e+01,-2.036399999999999988e+00,7.159999999999999698e-01,-2.843998430722000093e-02,-6.802254071324199680e-01,-2.994997878244000031e-02,6.586930389999999802e-01,-1.339897920999999936e+00,1.608294802489999995e+02,2.024000000000000000e+03,1.200000000000000000e+01,3.000000000000000000e+00,1.800000000000000000e+01,4.600000000000000000e+01,1.990324800000000138e+01
4.001493092996999934e+01,-8.302958430370999565e+01,-2.021399999999999864e+00,7.048999999999999710e-01,2.358139668950000045e-01,-6.545733883661399855e-01,-8.991069951385999293e-02,6.258064370000000487e-01,-1.349307062000000057e+00,1.609599126589999969e+02,2.024000000000000000e+03,1.200000000000000000e+01,3.000000000000000000e+00,1.800000000000000000e+01,4.600000000000000000e+01,1.997017500000000112e+01
4.001493002019000045e+01,-8.302958389408999551e+01,-2.019000000000000128e+00,6.864999999999999991e-01,6.840477442140000530e-01,-3.414805612949599611e-01,9.634177666479999680e-02,6.130860719999999819e-01,-1.350138531000000031e+00,1.611051905360000092e+02,2.024000000000000000e+03,1.200000000000000000e+01,3.000000000000000000e+00,1.800000000000000000e+01,4.600000000000000000e+01,2.003744000000000014e+01
4.001492820552000040e+01,-8.302958310079000626e+01,-2.005500000000000060e+00,6.595999999999999641e-01,4.350867212711599930e-01,-6.193913318060999540e-01,-1.157382821524600008e-01,6.202447800000000511e-01,-1.382448058000000035e+00,1.614352475940000033e+02,2.024000000000000000e+03,1.200000000000000000e+01,3.000000000000000000e+00,1.800000000000000000e+01,4.600000000000000000e+01,2.010379400000000061e+01
4.001492712852999745e+01,-8.302958264350999684e+01,-1.979400000000000048e+00,6.418000000000000371e-01,4.270408717661600129e-01,-9.206263249573000129e-01,-2.352770565188999907e-01,5.942375899999999822e-01,-1.356300765000000075e+00,1.616426262710000117e+02,2.024000000000000000e+03,1.200000000000000000e+01,3.000000000000000000e+00,1.800000000000000000e+01,4.600000000000000000e+01,2.017147100000000037e+01
4.001492588029999808e+01,-8.302958212273000527e+01,-1.976900000000000102e+00,6.248000000000000220e-01,6.554889575912800082e-01,-1.740313265400000031e-01,-4.776742752985400076e-01,5.870269830000000022e-01,-1.290110072999999913e+00,1.619251886719999902e+02,2.024000000000000000e+03,1.200000000000000000e+01,3.000000000000000000e+00,1.800000000000000000e+01,4.600000000000000000e+01,2.023794900000000041e+01
4.001492462702000097e+01,-8.302958162787000163e+01,-1.990499999999999936e+00,5.817999999999999838e-01,1.451677741664779919e+00,-1.546303310927600039e-01,-1.349819858544600015e-01,6.360112759999999588e-01,-1.259766181000000040e+00,1.622175245150000080e+02,2.024000000000000000e+03,1.200000000000000000e+01,3.000000000000000000e+00,1.800000000000000000e+01,4.600000000000000000e+01,2.030899700000000152e+01
4.001492337882999806e+01,-8.302958115136999595e+01,-1.969700000000000006e+00,5.775000000000000133e-01,-1.946922406193999852e-02,-4.956586176066600236e-01,2.771388183744799560e-01,6.642052960000000006e-01,-1.236644201000000054e+00,1.625049668800000120e+02,2.024000000000000000e+03,1.200000000000000000e+01,3.000000000000000000e+00,1.800000000000000000e+01,4.600000000000000000e+01,2.037647000000000119e+01
4.001492213526999819e+01,-8.302958068287000515e+01,-1.972900000000000098e+00,5.676999999999999824e-01,3.407947556872200079e-01,9.653161787568000085e-02,4.881566415039200191e-01,6.816025919999999516e-01,-1.230010269999999961e+00,1.628252068740000027e+02,2.024000000000000000e+03,1.200000000000000000e+01,3.000000000000000000e+00,1.800000000000000000e+01,4.600000000000000000e+01,2.044869999999999877e+01
4.001492088927000168e+01,-8.302958021828999335e+01,-1.969600000000000017e+00,5.697999999999999732e-01,-3.006060010481799716e-01,-2.275210411525999954e-01,1.099221257471799940e-01,7.123733270000000006e-01,-1.285117126999999915e+00,1.631553875550000043e+02,2.024000000000000000e+03,1.200000000000000000e+01,3.000000000000000000e+00,1.800000000000000000e+01,4.600000000000000000e+01,2.051800499999999872e+01
4.001491965382000160e+01,-8.302957974443999944e+01,-1.949400000000000022e+00,5.839999999999999636e-01,-4.393277839006399788e-01,-3.274380943103799568e-01,-2.044996258513999965e-01,6.567569979999999807e-01,-1.334789699999999968e+00,1.634817018489999896e+02,2.024000000000000000e+03,1.200000000000000000e+01,3.000000000000000000e+00,1.800000000000000000e+01,4.600000000000000000e+01,2.058524900000000102e+01
4.001491859973000231e+01,-8.302957934279000085e+01,-1.947999999999999954e+00,5.634000000000000119e-01,6.452732892737200743e-01,-1.770401611578200085e-01,-2.798636941116000032e-01,5.808260979999999574e-01,-1.373005706000000048e+00,1.637545182009999962e+02,2.024000000000000000e+03,1.200000000000000000e+01,3.000000000000000000e+00,1.800000000000000000e+01,4.600000000000000000e+01,2.065200300000000055e+01
4.001491754864999706e+01,-8.302957895638999730e+01,-1.939100000000000046e+00,5.377999999999999448e-01,7.881190779268800739e-01,-4.820403281238799797e-01,-3.432524651691200024e-01,5.524038220000000443e-01,-1.408101284000000009e+00,1.640459635850000097e+02,2.024000000000000000e+03,1.200000000000000000e+01,3.000000000000000000e+00,1.800000000000000000e+01,4.600000000000000000e+01,2.072022199999999970e+01
4.001491615036999860e+01,-8.302957847976999517e+01,-1.937000000000000055e+00,4.853000000000000091e-01,1.183845301050799881e+00,-3.808330650861400102e-01,-7.686756287839999549e-03,5.863268700000000555e-01,-1.448653570999999918e+00,1.644592964199999869e+02,2.024000000000000000e+03,1.200000000000000000e+01,3.000000000000000000e+00,1.800000000000000000e+01,4.600000000000000000e+01,2.078547899999999871e+01
4.001491510428999732e+01,-8.302957814654999424e+01,-1.931400000000000006e+00,4.601999999999999980e-01,9.415197981794399817e-01,-4.104103206937799730e-01,2.493620698126799984e-01,6.064188000000000356e-01,-1.488397903000000078e+00,1.647691059919999930e+02,2.024000000000000000e+03,1.200000000000000000e+01,3.000000000000000000e+00,1.800000000000000000e+01,4.600000000000000000e+01,2.085210899999999867e+01
4.001491388915000158e+01,-8.302957778485000517e+01,-1.918800000000000061e+00,4.252000000000000224e-01,8.298913040742799119e-01,-6.203684044234399897e-01,6.302401088049999767e-02,6.666631889999999894e-01,-1.524560181000000014e+00,1.651243335009999953e+02,2.024000000000000000e+03,1.200000000000000000e+01,3.000000000000000000e+00,1.800000000000000000e+01,4.600000000000000000e+01,2.092098899999999873e+01
4.001491319902000043e+01,-8.302957758793999687e+01,-1.909200000000000008e+00,4.183000000000000052e-01,2.508573901079400037e-01,-5.225380496364400162e-01,1.937998390265199822e-01,7.325603969999999743e-01,-1.539572597000000043e+00,1.653345185290000074e+02,2.024000000000000000e+03,1.200000000000000000e+01,3.000000000000000000e+00,1.800000000000000000e+01,4.600000000000000000e+01,2.099385799999999946e+01
4.001491251241999692e+01,-8.302957738899999640e+01,-1.897499999999999964e+00,4.300999999999999823e-01,-5.654096305632599906e-01,-4.584316404859000160e-01,-3.737667872537799862e-01,7.775407220000000175e-01,-1.544982123000000040e+00,1.655528324189999978e+02,2.024000000000000000e+03,1.200000000000000000e+01,3.000000000000000000e+00,1.800000000000000000e+01,4.600000000000000000e+01,2.105944099999999963e+01
4.001491082343000016e+01,-8.302957687078000504e+01,-1.849800000000000111e+00,4.515000000000000124e-01,-2.536221279681999952e-01,-7.328151526475800148e-01,-5.596472434259999740e-02,7.118017979999999856e-01,-1.495159485000000066e+00,1.661183423360000120e+02,2.024000000000000000e+03,1.200000000000000000e+01,3.000000000000000000e+00,1.800000000000000000e+01,4.600000000000000000e+01,2.112649299999999997e+01
4.001490915086999678e+01,-8.302957637119999390e+01,-1.849399999999999933e+00,4.233000000000000096e-01,4.189719074509000163e-01,-6.294474030660000136e-03,-3.064219890894600007e-01,6.453212170000000025e-01,-1.379136608000000042e+00,1.666857895859999985e+02,2.024000000000000000e+03,1.200000000000000000e+01,3.000000000000000000e+00,1.800000000000000000e+01,4.600000000000000000e+01,2.119370500000000135e+01
4.001490814472000324e+01,-8.302957607838999365e+01,-1.860400000000000054e+00,4.240999999999999770e-01,1.306076198046000059e-01,4.128194432922199786e-01,-4.418958639441999958e-02,5.855681440000000126e-01,-1.329367844000000076e+00,1.670394229960000132e+02,2.024000000000000000e+03,1.200000000000000000e+01,3.000000000000000000e+00,1.800000000000000000e+01,4.600000000000000000e+01,2.126213600000000170e+01
4.001490695985000201e+01,-8.302957574002999763e+01,-1.884500000000000064e+00,4.092999999999999972e-01,9.183426185519200091e-01,5.561241192972400382e-01,-8.771084092160000290e-02,4.625157830000000136e-01,-1.340261928999999963e+00,1.674737609649999968e+02,2.024000000000000000e+03,1.200000000000000000e+01,3.000000000000000000e+00,1.800000000000000000e+01,4.600000000000000000e+01,2.132982900000000015e+01
4.001490575703000019e+01,-8.302957543782000016e+01,-1.917000000000000037e+00,3.417999999999999927e-01,2.190597906645039838e+00,5.167668417417200510e-01,-1.472069196638199906e-01,4.387145780000000217e-01,-1.402723751999999990e+00,1.679102034599999911e+02,2.024000000000000000e+03,1.200000000000000000e+01,3.000000000000000000e+00,1.800000000000000000e+01,4.600000000000000000e+01,2.139886600000000172e+01
4.001490471539000282e+01,-8.302957522481000296e+01,-1.924199999999999910e+00,2.891000000000000236e-01,1.374941562321940092e+00,-5.602660027699999518e-02,2.532378789829999866e-01,5.451620670000000279e-01,-1.468842675000000098e+00,1.682833224910000069e+02,2.024000000000000000e+03,1.200000000000000000e+01,3.000000000000000000e+00,1.800000000000000000e+01,4.600000000000000000e+01,2.146707500000000124e+01
4.001490332915000181e+01,-8.302957497181999713e+01,-1.909599999999999964e+00,2.701999999999999957e-01,2.261604481372600228e-01,-4.532019235280799752e-01,-5.507280696050000091e-02,6.651963319999999458e-01,-1.547007599000000067e+00,1.688364265740000008e+02,2.024000000000000000e+03,1.200000000000000000e+01,3.000000000000000000e+00,1.800000000000000000e+01,4.600000000000000000e+01,2.153380900000000153e+01
4.001490229707000168e+01,-8.302957478570999683e+01,-1.896700000000000053e+00,2.751000000000000112e-01,-3.198819837731800009e-01,-3.579348128919800365e-01,-2.731757391773599886e-01,7.028811160000000280e-01,-1.559823826999999996e+00,1.693109327280000116e+02,2.024000000000000000e+03,1.200000000000000000e+01,3.000000000000000000e+00,1.800000000000000000e+01,4.600000000000000000e+01,2.160153299999999987e+01
4.001490092713999758e+01,-8.302957453489000272e+01,-1.891799999999999926e+00,2.776000000000000134e-01,-1.959193194540000127e-01,-8.568878109475999705e-02,-3.068322892573799865e-01,7.159799730000000473e-01,-1.547532222000000068e+00,1.699639794599999902e+02,2.024000000000000000e+03,1.200000000000000000e+01,3.000000000000000000e+00,1.800000000000000000e+01,4.600000000000000000e+01,2.167353900000000166e+01
4.001489990441000089e+01,-8.302957433653000408e+01,-1.879399999999999959e+00,3.019999999999999907e-01,-9.547438721465999478e-01,-3.008783881186399833e-01,-1.723661065047800145e-01,6.701782149999999660e-01,-1.517306620000000050e+00,1.704515873679999913e+02,2.024000000000000000e+03,1.200000000000000000e+01,3.000000000000000000e+00,1.800000000000000000e+01,4.600000000000000000e+01,2.174172799999999839e+01
4.001489871306999646e+01,-8.302957408790000216e+01,-1.885599999999999943e+00,3.114000000000000101e-01,1.369081251120000085e-03,1.722027523523199932e-01,1.069588166264799911e-01,4.580897959999999935e-01,-1.475472407000000041e+00,1.710225777130000040e+02,2.024000000000000000e+03,1.200000000000000000e+01,3.000000000000000000e+00,1.800000000000000000e+01,4.600000000000000000e+01,2.181207099999999954e+01
4.001489751375999759e+01,-8.302957385413000679e+01,-1.905000000000000027e+00,2.727999999999999869e-01,1.134178970721360091e+00,3.475097458040999898e-01,-1.003297671159399940e-01,2.718138869999999763e-01,-1.463734574000000066e+00,1.716260481070000026e+02,2.024000000000000000e+03,1.200000000000000000e+01,3.000000000000000000e+00,1.800000000000000000e+01,4.600000000000000000e+01,2.187981900000000124e+01
4.001489630284999777e+01,-8.302957365419000269e+01,-1.922600000000000087e+00,2.311999999999999889e-01,1.163966455656060051e+00,2.833275546261599942e-01,-5.408542677541999799e-02,1.649473889999999998e-01,-1.481459606000000040e+00,1.722639136690000043e+02,2.024000000000000000e+03,1.200000000000000000e+01,3.000000000000000000e+00,1.800000000000000000e+01,4.600000000000000000e+01,2.194651899999999856e+01
4.001489612913000116e+01,-8.302957362792000140e+01,-1.924099999999999921e+00,2.268999999999999906e-01,1.137532342609520075e+00,2.638809092443999971e-01,6.509715099556000195e-02,1.489272480000000121e-01,-1.484502291000000085e+00,1.723573040160000005e+02,2.024000000000000000e+03,1.200000000000000000e+01,3.000000000000000000e+00,1.800000000000000000e+01,4.600000000000000000e+01,2.201487600000000100e+01
4.001489490827000139e+01,-8.302957346079999468e+01,-1.935300000000000020e+00,1.872999999999999943e-01,1.339653882755719838e+00,8.199445605129999926e-02,-8.765200642536000175e-02,2.346793499999999880e-02,-1.519955104999999973e+00,1.730072887260000130e+02,2.024000000000000000e+03,1.200000000000000000e+01,3.000000000000000000e+00,1.800000000000000000e+01,4.600000000000000000e+01,2.208303599999999989e+01
4.001489298754000146e+01,-8.302957333820999963e+01,-1.925699999999999967e+00,1.720000000000000001e-02,2.892706458179960194e+00,-5.254094024696599474e-01,-1.394531928663799991e-01,1.638233099999999998e-01,-1.490542668000000015e+00,1.739758508619999873e+02,2.024000000000000000e+03,1.200000000000000000e+01,3.000000000000000000e+00,1.800000000000000000e+01,4.600000000000000000e+01,2.215116899999999944e+01
4.001489142671000110e+01,-8.302957332581000571e+01,-1.911499999999999977e+00,4.400000000000000265e-03,2.861765725765999871e-02,-2.614805443772000304e-01,2.890308031349200224e-01,4.636250960000000143e-01,-1.395265479999999947e+00,1.748304546569999900e+02,2.024000000000000000e+03,1.200000000000000000e+01,3.000000000000000000e+00,1.800000000000000000e+01,4.600000000000000000e+01,2.222556799999999910e+01
4.001489021439999760e+01,-8.302957331282000553e+01,-1.919300000000000006e+00,1.480000000000000066e-02,-1.597953258144799993e-01,2.734180265996000170e-01,4.019787992433999646e-01,5.530656019999999895e-01,-1.332717649999999976e+00,1.755651603930000135e+02,2.024000000000000000e+03,1.200000000000000000e+01,3.000000000000000000e+00,1.800000000000000000e+01,4.600000000000000000e+01,2.229382400000000075e+01
4.001488917004000001e+01,-8.302957329502000050e+01,-1.929400000000000004e+00,2.910000000000000087e-02,-4.605255124739400241e-01,3.495931093257200195e-01,1.472963240577200017e-01,5.942275940000000256e-01,-1.311309754000000050e+00,1.762044543410000017e+02,2.024000000000000000e+03,1.200000000000000000e+01,3.000000000000000000e+00,1.800000000000000000e+01,4.600000000000000000e+01,2.236652300000000082e+01
4.001488776942999692e+01,-8.302957325459999538e+01,-1.941400000000000015e+00,5.029999999999999749e-02,-5.072642732329200044e-01,2.450713993239199973e-01,2.264740549651799995e-01,5.594664099999999696e-01,-1.319405002999999965e+00,1.770253978099999870e+02,2.024000000000000000e+03,1.200000000000000000e+01,3.000000000000000000e+00,1.800000000000000000e+01,4.600000000000000000e+01,2.244072800000000001e+01
4.001488653917999727e+01,-8.302957321885999420e+01,-1.943899999999999961e+00,3.440000000000000002e-02,3.828071400533200053e-01,-4.701834994629999764e-02,2.671065390960999930e-01,4.364854109999999898e-01,-1.356246526000000063e+00,1.777334061749999989e+02,2.024000000000000000e+03,1.200000000000000000e+01,3.000000000000000000e+00,1.800000000000000000e+01,4.600000000000000000e+01,2.250933799999999962e+01
4.001488513611000286e+01,-8.302957319889999610e+01,-1.934199999999999919e+00,3.599999999999999901e-03,6.263120808763399383e-01,-2.796972855426600457e-01,1.110359776965999939e-01,2.647776940000000079e-01,-1.401936799000000011e+00,1.786309099009999954e+02,2.024000000000000000e+03,1.200000000000000000e+01,3.000000000000000000e+00,1.800000000000000000e+01,4.600000000000000000e+01,2.258307299999999884e+01
4.001488409019999892e+01,-8.302957320842999422e+01,-1.921399999999999997e+00,-3.769999999999999740e-02,1.449727756800440082e+00,-4.717126494654800273e-01,-4.162786731630599979e-01,1.517905890000000035e-01,-1.411653411000000080e+00,1.793825518429999875e+02,2.024000000000000000e+03,1.200000000000000000e+01,3.000000000000000000e+00,1.800000000000000000e+01,4.600000000000000000e+01,2.265140799999999999e+01
4.001488287771999808e+01,-8.302957327040999758e+01,-1.912099999999999911e+00,-1.207000000000000017e-01,2.559849055285639885e+00,-2.139882383113999864e-01,-4.590260041132000479e-01,8.461329400000000556e-02,-1.375745490999999987e+00,1.802794669449999958e+02,2.024000000000000000e+03,1.200000000000000000e+01,3.000000000000000000e+00,1.800000000000000000e+01,4.600000000000000000e+01,2.271948599999999985e+01
4.001488150029999957e+01,-8.302957341872000541e+01,-1.896500000000000075e+00,-1.935000000000000053e-01,1.494580010602819975e+00,-4.052924570073000443e-01,1.878200457430599934e-01,1.038457220000000014e-01,-1.326868393000000035e+00,1.813040321070000118e+02,2.024000000000000000e+03,1.200000000000000000e+01,3.000000000000000000e+00,1.800000000000000000e+01,4.600000000000000000e+01,2.280207499999999854e+01
4.001487996334000030e+01,-8.302957364863999601e+01,-1.881799999999999917e+00,-2.414000000000000035e-01,8.960968221396000688e-01,-2.392356680705799987e-01,1.259442641044800082e-01,1.399135850000000070e-01,-1.256523115000000024e+00,1.825405731639999942e+02,2.024000000000000000e+03,1.200000000000000000e+01,3.000000000000000000e+00,1.800000000000000000e+01,4.600000000000000000e+01,2.288624700000000090e+01
4.001487877366999868e+01,-8.302957385029999671e+01,-1.880200000000000093e+00,-2.551999999999999824e-01,3.442171036631599956e-01,5.404161113444000408e-02,-1.140832780654799927e-01,1.544530440000000115e-01,-1.196328317000000085e+00,1.835741133770000033e+02,2.024000000000000000e+03,1.200000000000000000e+01,3.000000000000000000e+00,1.800000000000000000e+01,4.600000000000000000e+01,2.295754900000000021e+01
4.001487860369000060e+01,-8.302957388039000364e+01,-1.880700000000000038e+00,-2.590000000000000080e-01,4.210572062172799890e-01,9.590828082372000740e-02,-3.694224768402800119e-01,1.547797509999999932e-01,-1.192243195999999950e+00,1.837260643939999909e+02,2.024000000000000000e+03,1.200000000000000000e+01,3.000000000000000000e+00,1.800000000000000000e+01,4.600000000000000000e+01,2.302459899999999848e+01
4.001487826382000179e+01,-8.302957394160999627e+01,-1.880600000000000049e+00,-2.661000000000000032e-01,6.225135816289800728e-01,7.308317970296000776e-02,-1.093863980176199985e-01,1.537304130000000102e-01,-1.187305333000000074e+00,1.840304783310000118e+02,2.024000000000000000e+03,1.200000000000000000e+01,3.000000000000000000e+00,1.800000000000000000e+01,4.600000000000000000e+01,2.309281700000000015e+01
4.001487690090999649e+01,-8.302957419537999328e+01,-1.885999999999999899e+00,-2.822000000000000064e-01,4.139946108683800197e-01,2.798172000236000267e-02,4.499287379661799369e-01,8.160172499999999995e-02,-1.153474424999999970e+00,1.852488480480000135e+02,2.024000000000000000e+03,1.200000000000000000e+01,3.000000000000000000e+00,1.800000000000000000e+01,4.600000000000000000e+01,2.315983699999999956e+01
4.001487418365999815e+01,-8.302957479449999312e+01,-1.878400000000000070e+00,-3.492000000000000104e-01,8.215772058364800845e-01,4.971239625892000247e-02,2.739518843105999760e-02,-1.685549640000000016e-01,-1.139139012000000006e+00,1.877404910939999922e+02,2.024000000000000000e+03,1.200000000000000000e+01,3.000000000000000000e+00,1.800000000000000000e+01,4.600000000000000000e+01,2.322677600000000098e+01
4.001487300275000081e+01,-8.302957511361999821e+01,-1.863099999999999978e+00,-4.131000000000000227e-01,1.536684375131660119e+00,-2.776048258057199902e-01,-6.215962574927999529e-02,-2.684273649999999733e-01,-1.151562500999999905e+00,1.888651004769999986e+02,2.024000000000000000e+03,1.200000000000000000e+01,3.000000000000000000e+00,1.800000000000000000e+01,4.600000000000000000e+01,2.329344599999999943e+01
4.001487150164999917e+01,-8.302957560513000601e+01,-1.835399999999999920e+00,-5.083999999999999631e-01,2.307833315010200170e+00,-2.254276583144000090e-01,-7.217564001633999804e-02,-3.048275999999999764e-01,-1.162833291000000102e+00,1.903128846810000141e+02,2.024000000000000000e+03,1.200000000000000000e+01,3.000000000000000000e+00,1.800000000000000000e+01,4.600000000000000000e+01,2.338385399999999947e+01
4.001487035353000010e+01,-8.302957605553000064e+01,-1.802300000000000013e+00,-5.795000000000000151e-01,2.064704308107280006e+00,-5.737638863920599963e-01,1.710445493216199986e-01,-2.425737930000000098e-01,-1.169362991000000074e+00,1.914483806849999894e+02,2.024000000000000000e+03,1.200000000000000000e+01,3.000000000000000000e+00,1.800000000000000000e+01,4.600000000000000000e+01,2.345399899999999960e+01
4.001486954453000067e+01,-8.302957640930000593e+01,-1.783600000000000074e+00,-6.236000000000000432e-01,2.070333204378440151e+00,-3.841793809681000038e-01,3.648346903215399784e-01,-1.598370149999999990e-01,-1.169844875999999978e+00,1.922638320190000059e+02,2.024000000000000000e+03,1.200000000000000000e+01,3.000000000000000000e+00,1.800000000000000000e+01,4.600000000000000000e+01,2.352123299999999873e+01
4.001486778958999935e+01,-8.302957723896000175e+01,-1.754599999999999937e+00,-6.530000000000000249e-01,4.369537308879800075e-01,-4.218096712737000042e-01,-2.717831494649999846e-02,4.641746100000000014e-02,-1.182555006999999936e+00,1.941050136130000112e+02,2.024000000000000000e+03,1.200000000000000000e+01,3.000000000000000000e+00,1.800000000000000000e+01,4.600000000000000000e+01,2.361928800000000095e+01
4.001486450024000163e+01,-8.302957890560999488e+01,-1.722499999999999920e+00,-7.153000000000000469e-01,1.297806374825180020e+00,4.878782362683999757e-02,2.169531118641800094e-01,1.072871420000000020e-01,-1.059948915000000103e+00,1.976000268550000101e+02,2.024000000000000000e+03,1.200000000000000000e+01,3.000000000000000000e+00,1.800000000000000000e+01,4.600000000000000000e+01,2.382761999999999958e+01
4.001486326439000152e+01,-8.302957961155000532e+01,-1.700499999999999901e+00,-7.721999999999999975e-01,1.201594999259419927e+00,-2.365707913645400118e-01,5.100921908971599583e-01,1.606285709999999978e-01,-1.055169054000000051e+00,1.989446727069999952e+02,2.024000000000000000e+03,1.200000000000000000e+01,3.000000000000000000e+00,1.800000000000000000e+01,4.600000000000000000e+01,2.390704200000000057e+01
4.001486250031000225e+01,-8.302958007226999371e+01,-1.686500000000000110e+00,-7.882000000000000117e-01,6.600207459835599755e-01,-4.073891429869599401e-01,3.810452323740999847e-01,1.857378789999999946e-01,-1.071054571999999983e+00,1.997865618870000048e+02,2.024000000000000000e+03,1.200000000000000000e+01,3.000000000000000000e+00,1.800000000000000000e+01,4.600000000000000000e+01,2.401749799999999979e+01
4.001486113919000331e+01,-8.302958093287999475e+01,-1.667200000000000015e+00,-8.365000000000000213e-01,1.237205769691560153e+00,2.300096806347999914e-02,3.016530015533799847e-01,1.750118139999999878e-01,-1.037504930000000103e+00,2.012953967230000103e+02,2.024000000000000000e+03,1.200000000000000000e+01,3.000000000000000000e+00,1.800000000000000000e+01,4.600000000000000000e+01,2.409091400000000149e+01
4.001485948812000260e+01,-8.302958205951000537e+01,-1.662300000000000111e+00,-8.968000000000000416e-01,1.005622502415560060e+00,4.679448889071199380e-01,1.491940148713799819e-01,2.476301340000000017e-01,-1.004260015999999922e+00,2.031416444330000104e+02,2.024000000000000000e+03,1.200000000000000000e+01,3.000000000000000000e+00,1.800000000000000000e+01,4.600000000000000000e+01,2.415948699999999860e+01
4.001485843830000277e+01,-8.302958280747999709e+01,-1.659899999999999931e+00,-9.062000000000000055e-01,6.505892251311999608e-02,-8.987053643313999696e-02,-8.106240019840000102e-03,2.603246000000000171e-01,-1.011803766999999965e+00,2.042830201879999947e+02,2.024000000000000000e+03,1.200000000000000000e+01,3.000000000000000000e+00,1.800000000000000000e+01,4.600000000000000000e+01,2.422838099999999883e+01
4.001485739256000329e+01,-8.302958355842000060e+01,-1.649999999999999911e+00,-9.226999999999999647e-01,1.089765191314139958e+00,1.480235466680600021e-01,-9.959126876312000831e-02,1.683919359999999921e-01,-9.765107069999999778e-01,2.054004899280000132e+02,2.024000000000000000e+03,1.200000000000000000e+01,3.000000000000000000e+00,1.800000000000000000e+01,4.600000000000000000e+01,2.429568099999999831e+01
4.001485650143000328e+01,-8.302958423513000241e+01,-1.641100000000000003e+00,-9.817000000000000171e-01,1.869408651141939881e+00,5.474860227671799473e-01,-1.522057690148199971e-01,1.576794290000000098e-01,-9.460314109999999888e-01,2.063292287099999953e+02,2.024000000000000000e+03,1.200000000000000000e+01,3.000000000000000000e+00,1.800000000000000000e+01,4.600000000000000000e+01,2.436261800000000122e+01
4.001485531632999937e+01,-8.302958516309000458e+01,-1.640200000000000102e+00,-9.892999999999999572e-01,4.078605652230000156e-01,1.348954946561199963e-01,-8.849022779598000876e-02,1.583139460000000109e-01,-9.204834779999999661e-01,2.075268852970000069e+02,2.024000000000000000e+03,1.200000000000000000e+01,3.000000000000000000e+00,1.800000000000000000e+01,4.600000000000000000e+01,2.443450999999999951e+01
4.001485428424000190e+01,-8.302958600123000110e+01,-1.628100000000000103e+00,-1.037800000000000056e+00,1.425826216359340037e+00,3.907451134725599684e-01,-5.716523216634000065e-02,1.044065700000000041e-01,-8.940873940000000353e-01,2.085408179060000009e+02,2.024000000000000000e+03,1.200000000000000000e+01,3.000000000000000000e+00,1.800000000000000000e+01,4.600000000000000000e+01,2.450341200000000086e+01
4.001485340557000114e+01,-8.302958674909000081e+01,-1.617899999999999894e+00,-1.075099999999999945e+00,1.250713622467320096e+00,3.644233357040000398e-01,-1.210141474884600110e-01,1.081279760000000006e-01,-8.819079659999999876e-01,2.093952602079999963e+02,2.024000000000000000e+03,1.200000000000000000e+01,3.000000000000000000e+00,1.800000000000000000e+01,4.600000000000000000e+01,2.457029999999999959e+01
4.001485238859999782e+01,-8.302958765581000478e+01,-1.601699999999999902e+00,-1.120600000000000041e+00,1.358782447506960089e+00,2.518670610189200354e-01,-1.706706096315999954e-01,1.591623510000000075e-01,-8.733389270000000426e-01,2.103607032220000121e+02,2.024000000000000000e+03,1.200000000000000000e+01,3.000000000000000000e+00,1.800000000000000000e+01,4.600000000000000000e+01,2.463927699999999987e+01
4.001485138313999812e+01,-8.302958859467000252e+01,-1.582600000000000007e+00,-1.153799999999999937e+00,1.061848881569100067e+00,6.250400243143999779e-02,-2.650743634848800045e-01,2.416839980000000110e-01,-8.463886889999999719e-01,2.112813829129999874e+02,2.024000000000000000e+03,1.200000000000000000e+01,3.000000000000000000e+00,1.800000000000000000e+01,4.600000000000000000e+01,2.470700199999999924e+01
4.001485038429999719e+01,-8.302958955133000529e+01,-1.580799999999999983e+00,-1.164400000000000102e+00,2.139601499831800258e-01,1.895043864693000124e-01,-5.064859417830599453e-01,3.017285519999999832e-01,-7.914080420000000338e-01,2.121976357279999945e+02,2.024000000000000000e+03,1.200000000000000000e+01,3.000000000000000000e+00,1.800000000000000000e+01,4.600000000000000000e+01,2.477531099999999853e+01
4.001484938419999793e+01,-8.302959051637000698e+01,-1.585499999999999909e+00,-1.178199999999999914e+00,1.579727010377799945e-01,3.281274171153000241e-01,2.445074068540000270e-03,3.146303990000000050e-01,-7.342426180000000135e-01,2.131400256629999888e+02,2.024000000000000000e+03,1.200000000000000000e+01,3.000000000000000000e+00,1.800000000000000000e+01,4.600000000000000000e+01,2.484265900000000116e+01
4.001484852531000058e+01,-8.302959136149000585e+01,-1.586699999999999999e+00,-1.210800000000000098e+00,9.053242724337199343e-01,6.799174963697999230e-01,3.244940636649000232e-01,3.152882739999999795e-01,-7.155354980000000475e-01,2.139419922540000130e+02,2.024000000000000000e+03,1.200000000000000000e+01,3.000000000000000000e+00,1.800000000000000000e+01,4.600000000000000000e+01,2.490976900000000072e+01
4.001484781341999764e+01,-8.302959208433000526e+01,-1.572300000000000031e+00,-1.238599999999999923e+00,1.090412618433760139e+00,1.621028876028199894e-01,5.434593022526399420e-01,3.322597760000000067e-01,-7.228832859999999583e-01,2.145887181880000014e+02,2.024000000000000000e+03,1.200000000000000000e+01,3.000000000000000000e+00,1.800000000000000000e+01,4.600000000000000000e+01,2.497770699999999877e+01
4.001484724744000232e+01,-8.302959267299000601e+01,-1.564999999999999947e+00,-1.257600000000000051e+00,9.389532653673600127e-01,2.479723358395199972e-01,2.246906523841999959e-01,3.315747869999999820e-01,-7.175451900000000549e-01,2.150885597420000011e+02,2.024000000000000000e+03,1.200000000000000000e+01,3.000000000000000000e+00,1.800000000000000000e+01,4.600000000000000000e+01,2.504552999999999940e+01
4.001484597612999750e+01,-8.302959401828999830e+01,-1.569700000000000095e+00,-1.273700000000000054e+00,-3.086684069649999959e-02,3.063972505543000047e-01,4.118079297737000100e-01,3.128625600000000118e-01,-7.521723099999999551e-01,2.162470118100000036e+02,2.024000000000000000e+03,1.200000000000000000e+01,3.000000000000000000e+00,1.800000000000000000e+01,4.600000000000000000e+01,2.511309299999999922e+01
4.001484469345999884e+01,-8.302959537203000195e+01,-1.569299999999999917e+00,-1.291800000000000059e+00,1.100786870467099998e+00,2.404636004336000235e-02,1.184062926896800039e-01,1.860175269999999881e-01,-8.228234620000000055e-01,2.174972666150000009e+02,2.024000000000000000e+03,1.200000000000000000e+01,3.000000000000000000e+00,1.800000000000000000e+01,4.600000000000000000e+01,2.518215199999999854e+01
4.001484371661999973e+01,-8.302959646021000140e+01,-1.522799999999999931e+00,-1.344400000000000039e+00,1.875572373239519752e+00,-1.037369909600200091e-01,-2.130603274541799930e-01,1.475891079999999966e-01,-8.510851609999999789e-01,2.184324473599999976e+02,2.024000000000000000e+03,1.200000000000000000e+01,3.000000000000000000e+00,1.800000000000000000e+01,4.600000000000000000e+01,2.525124599999999830e+01
4.001484263657000184e+01,-8.302959775509999929e+01,-1.472399999999999931e+00,-1.400900000000000034e+00,1.563474841626839806e+00,5.445617105178000156e-02,-5.569348259040199922e-01,1.249229260000000036e-01,-8.161732250000000022e-01,2.194236235269999895e+02,2.024000000000000000e+03,1.200000000000000000e+01,3.000000000000000000e+00,1.800000000000000000e+01,4.600000000000000000e+01,2.532499400000000023e+01
4.001484171618999852e+01,-8.302959892491999483e+01,-1.442900000000000071e+00,-1.435300000000000020e+00,1.022746246716240037e+00,7.252888668121999782e-02,-1.539147832891399892e-01,1.194788430000000012e-01,-7.868634599999999590e-01,2.203100539920000074e+02,2.024000000000000000e+03,1.200000000000000000e+01,3.000000000000000000e+00,1.800000000000000000e+01,4.600000000000000000e+01,2.539467900000000000e+01
4.001484094287000204e+01,-8.302959995048999531e+01,-1.413999999999999924e+00,-1.465300000000000047e+00,1.215391268461040175e+00,-8.436346236331999926e-02,-2.276171974880000087e-03,2.001566200000000073e-01,-7.675626039999999817e-01,2.211359461110000098e+02,2.024000000000000000e+03,1.200000000000000000e+01,3.000000000000000000e+00,1.800000000000000000e+01,4.600000000000000000e+01,2.546858299999999886e+01
4.001483993160000097e+01,-8.302960134638999534e+01,-1.394800000000000040e+00,-1.488899999999999890e+00,8.949907227855999348e-02,4.617566667580000339e-02,1.369604217356800158e-01,3.751413290000000234e-01,-7.204329000000000427e-01,2.222350523730000020e+02,2.024000000000000000e+03,1.200000000000000000e+01,3.000000000000000000e+00,1.800000000000000000e+01,4.600000000000000000e+01,2.553694700000000140e+01
4.001483904869999719e+01,-8.302960257370999386e+01,-1.404800000000000049e+00,-1.490699999999999914e+00,-3.927642413221199558e-01,4.182676658985200469e-01,6.160092209247399753e-01,4.228278360000000125e-01,-6.886758330000000150e-01,2.231725003519999859e+02,2.024000000000000000e+03,1.200000000000000000e+01,3.000000000000000000e+00,1.800000000000000000e+01,4.600000000000000000e+01,2.560454999999999970e+01
4.001483816265000115e+01,-8.302960381047999761e+01,-1.399399999999999977e+00,-1.511600000000000055e+00,5.704252623799599409e-01,2.481879558703600219e-01,3.708257862248999781e-01,3.766897909999999960e-01,-6.889497740000000148e-01,2.240977349300000014e+02,2.024000000000000000e+03,1.200000000000000000e+01,3.000000000000000000e+00,1.800000000000000000e+01,4.600000000000000000e+01,2.567283199999999965e+01
4.001483728446000043e+01,-8.302960506720999945e+01,-1.378300000000000081e+00,-1.539299999999999891e+00,8.976106732184599979e-01,1.830146727860400002e-01,-1.408673242651599933e-01,3.520889240000000253e-01,-6.979433449999999928e-01,2.250263597869999899e+02,2.024000000000000000e+03,1.200000000000000000e+01,3.000000000000000000e+00,1.800000000000000000e+01,4.600000000000000000e+01,2.574192299999999989e+01
4.001483654145999935e+01,-8.302960615981000103e+01,-1.362800000000000011e+00,-1.558499999999999996e+00,8.262265517898998990e-01,9.818241327768000015e-02,-1.429904188315199998e-01,3.324209410000000253e-01,-7.007883969999999518e-01,2.258286679859999992e+02,2.024000000000000000e+03,1.200000000000000000e+01,3.000000000000000000e+00,1.800000000000000000e+01,4.600000000000000000e+01,2.581017100000000042e+01
4.001483569607000135e+01,-8.302960745603000703e+01,-1.312799999999999967e+00,-1.590899999999999981e+00,1.703098897099640130e+00,-3.269483359122999921e-01,-1.461027775659000105e-01,3.199035459999999831e-01,-6.956174950000000301e-01,2.267646537109999940e+02,2.024000000000000000e+03,1.200000000000000000e+01,3.000000000000000000e+00,1.800000000000000000e+01,4.600000000000000000e+01,2.587876899999999836e+01
4.001483487625999658e+01,-8.302960877767999648e+01,-1.277300000000000102e+00,-1.623699999999999921e+00,1.506117052029299908e+00,2.883934673951999914e-02,-1.849887661004200046e-01,3.304763969999999773e-01,-6.682520920000000197e-01,2.277000086829999930e+02,2.024000000000000000e+03,1.200000000000000000e+01,3.000000000000000000e+00,1.800000000000000000e+01,4.600000000000000000e+01,2.594722200000000001e+01
4.001483453184000183e+01,-8.302960935203999782e+01,-1.262499999999999956e+00,-1.636400000000000077e+00,1.364449573265420046e+00,-1.699398735802000113e-02,-1.572648633630200077e-01,3.490629199999999988e-01,-6.503543299999999805e-01,2.281012326789999918e+02,2.024000000000000000e+03,1.200000000000000000e+01,3.000000000000000000e+00,1.800000000000000000e+01,4.600000000000000000e+01,2.602318899999999857e+01
4.001483102121999735e+01,-8.302961572181999372e+01,-1.201799999999999979e+00,-1.732099999999999973e+00,-1.277252988746799822e-01,1.961427247050799849e-01,1.381381212070799946e-01,6.902860180000000012e-01,-5.426127090000000264e-01,2.321274653199999989e+02,2.024000000000000000e+03,1.200000000000000000e+01,3.000000000000000000e+00,1.800000000000000000e+01,4.600000000000000000e+01,2.629394800000000032e+01
4.001483015808999966e+01,-8.302961735304999991e+01,-1.196499999999999897e+00,-1.747800000000000020e+00,2.626782749850999910e-01,1.865493417178400171e-01,5.020640754462399880e-01,6.956347600000000186e-01,-5.210666120000000401e-01,2.330217015919999994e+02,2.024000000000000000e+03,1.200000000000000000e+01,3.000000000000000000e+00,1.800000000000000000e+01,4.600000000000000000e+01,2.637683399999999878e+01
4.001482940662000232e+01,-8.302961879369000542e+01,-1.192099999999999937e+00,-1.764100000000000001e+00,1.397433755482800077e-01,3.117189508454999980e-01,3.444272534283999709e-01,6.782852609999999727e-01,-5.089612890000000389e-01,2.337567389250000076e+02,2.024000000000000000e+03,1.200000000000000000e+01,3.000000000000000000e+00,1.800000000000000000e+01,4.600000000000000000e+01,2.644500899999999888e+01
4.001482749950999818e+01,-8.302962259187999905e+01,-1.164199999999999902e+00,-1.825299999999999923e+00,5.715529711778399857e-01,1.369476544008000063e-01,-1.171781050227800047e-01,6.078646439999999540e-01,-5.840677010000000502e-01,2.355391135350000127e+02,2.024000000000000000e+03,1.200000000000000000e+01,3.000000000000000000e+00,1.800000000000000000e+01,4.600000000000000000e+01,2.662361500000000092e+01
4.001482667361000267e+01,-8.302962431100000629e+01,-1.130500000000000060e+00,-1.844700000000000006e+00,9.190296085966199735e-01,-4.146068404259999757e-03,-4.361573266425999851e-02,5.878967910000000296e-01,-6.206856880000000132e-01,2.362611767770000029e+02,2.024000000000000000e+03,1.200000000000000000e+01,3.000000000000000000e+00,1.800000000000000000e+01,4.600000000000000000e+01,2.670828300000000155e+01
4.001482596206000153e+01,-8.302962582415000270e+01,-1.127599999999999936e+00,-1.848000000000000087e+00,5.801450499763999985e-02,1.064990501269799938e-01,3.734882213026000097e-02,5.897887339999999812e-01,-6.326764689999999636e-01,2.368599618979999946e+02,2.024000000000000000e+03,1.200000000000000000e+01,3.000000000000000000e+00,1.800000000000000000e+01,4.600000000000000000e+01,2.677823899999999924e+01
4.001482525443000071e+01,-8.302962734627999453e+01,-1.119799999999999907e+00,-1.865099999999999980e+00,4.136226655120600060e-01,3.544054400822000406e-01,-1.425996552915599902e-01,5.766153649999999908e-01,-6.432208780000000514e-01,2.374328729050000106e+02,2.024000000000000000e+03,1.200000000000000000e+01,3.000000000000000000e+00,1.800000000000000000e+01,4.600000000000000000e+01,2.684778999999999982e+01
4.001482455275999683e+01,-8.302962887936999437e+01,-1.107099999999999973e+00,-1.874000000000000110e+00,4.510425058625600059e-01,6.169491093260000454e-03,-2.418342910621599784e-01,5.565447169999999666e-01,-6.594378459999999942e-01,2.379763013449999960e+02,2.024000000000000000e+03,1.200000000000000000e+01,3.000000000000000000e+00,1.800000000000000000e+01,4.600000000000000000e+01,2.691726200000000091e+01
4.001482415432000295e+01,-8.302962975715000482e+01,-1.102700000000000014e+00,-1.876100000000000101e+00,3.556764585056799710e-01,1.612852340603999901e-02,-5.204304450022000095e-02,5.408606559999999952e-01,-6.520605569999999851e-01,2.382725399400000015e+02,2.024000000000000000e+03,1.200000000000000000e+01,3.000000000000000000e+00,1.800000000000000000e+01,4.600000000000000000e+01,2.698842900000000000e+01
4.001482335976000115e+01,-8.302963152213000342e+01,-1.095399999999999929e+00,-1.893899999999999917e+00,6.955924543840800167e-01,2.794892069363399956e-01,2.370735627721400063e-01,4.902378230000000170e-01,-6.843540500000000470e-01,2.388334446730000025e+02,2.024000000000000000e+03,1.200000000000000000e+01,3.000000000000000000e+00,1.800000000000000000e+01,4.600000000000000000e+01,2.705677000000000021e+01
4.001482257949999877e+01,-8.302963331149000226e+01,-1.072799999999999976e+00,-1.921300000000000008e+00,7.463197618862199567e-01,3.606837251504599884e-01,9.193862247575999846e-02,4.998208499999999832e-01,-7.721944320000000417e-01,2.393383248309999942e+02,2.024000000000000000e+03,1.200000000000000000e+01,3.000000000000000000e+00,1.800000000000000000e+01,4.600000000000000000e+01,2.712698100000000068e+01
4.001482181066999999e+01,-8.302963511980000533e+01,-1.056999999999999940e+00,-1.932199999999999918e+00,5.575710173288599414e-01,-1.854005372468000082e-02,-3.299120462545400145e-01,5.250849650000000146e-01,-8.988438800000000395e-01,2.398116077180000048e+02,2.024000000000000000e+03,1.200000000000000000e+01,3.000000000000000000e+00,1.800000000000000000e+01,4.600000000000000000e+01,2.719599499999999992e+01
4.001482124417999842e+01,-8.302963647688000037e+01,-1.038399999999999990e+00,-1.926900000000000057e+00,5.248860090984799331e-01,-3.520584453472000441e-01,-4.301925537189399407e-01,5.454457790000000195e-01,-9.577955500000000510e-01,2.401445143960000053e+02,2.024000000000000000e+03,1.200000000000000000e+01,3.000000000000000000e+00,1.800000000000000000e+01,4.600000000000000000e+01,2.726619699999999824e+01
4.001482050607000218e+01,-8.302963828213999875e+01,-1.009800000000000031e+00,-1.923999999999999932e+00,7.544021643864200488e-01,-2.765585450339400064e-01,-3.430295995012200283e-01,5.849588089999999685e-01,-9.786414079999999904e-01,2.405475418890000014e+02,2.024000000000000000e+03,1.200000000000000000e+01,3.000000000000000000e+00,1.800000000000000000e+01,4.600000000000000000e+01,2.733524299999999840e+01
4.001481996489999915e+01,-8.302963963563000505e+01,-9.930999999999999828e-01,-1.922500000000000098e+00,4.500200611451800059e-01,-2.556177848295400068e-01,-4.856755967490199999e-01,6.420439249999999598e-01,-9.518512049999999780e-01,2.408176125280000122e+02,2.024000000000000000e+03,1.200000000000000000e+01,3.000000000000000000e+00,1.800000000000000000e+01,4.600000000000000000e+01,2.740232299999999910e+01
4.001481942632000255e+01,-8.302964098456000386e+01,-9.970999999999999863e-01,-1.912099999999999911e+00,-1.902612305421199912e-01,-2.015939580368399930e-01,-8.439036246785999729e-02,6.778480919999999577e-01,-9.076654320000000498e-01,2.410719718869999895e+02,2.024000000000000000e+03,1.200000000000000000e+01,3.000000000000000000e+00,1.800000000000000000e+01,4.600000000000000000e+01,2.746977199999999897e+01
4.001481870599000246e+01,-8.302964278109000418e+01,-9.976000000000000423e-01,-1.921300000000000008e+00,3.275849138390400372e-01,3.430055590684000233e-01,1.201994652638599947e-01,6.924026620000000021e-01,-8.582781109999999547e-01,2.414059173530000066e+02,2.024000000000000000e+03,1.200000000000000000e+01,3.000000000000000000e+00,1.800000000000000000e+01,4.600000000000000000e+01,2.753690900000000141e+01
4.001481807737000196e+01,-8.302964436342999477e+01,-9.998000000000000220e-01,-1.928900000000000059e+00,-1.303701273957200146e-01,1.641852502638000144e-01,1.706485362880799939e-01,7.426671230000000401e-01,-8.618726690000000357e-01,2.417014931719999993e+02,2.024000000000000000e+03,1.200000000000000000e+01,3.000000000000000000e+00,1.800000000000000000e+01,4.600000000000000000e+01,2.761390199999999950e+01
4.001481735149999963e+01,-8.302964616794000108e+01,-1.008000000000000007e+00,-1.921100000000000030e+00,1.313055057650000003e-02,-6.178992339962000035e-02,1.099078368217800139e-01,7.133804280000000109e-01,-8.839008320000000252e-01,2.420385607830000083e+02,2.024000000000000000e+03,1.200000000000000000e+01,3.000000000000000000e+00,1.800000000000000000e+01,4.600000000000000000e+01,2.768791399999999925e+01
4.001481671727999867e+01,-8.302964773850999336e+01,-1.002999999999999892e+00,-1.904199999999999893e+00,-7.496837859152000183e-02,-5.364019179296000139e-01,1.063978039762399908e-01,6.419506310000000493e-01,-8.850116869999999913e-01,2.423220645860000104e+02,2.024000000000000000e+03,1.200000000000000000e+01,3.000000000000000000e+00,1.800000000000000000e+01,4.600000000000000000e+01,2.775682400000000172e+01
4.001481609084999747e+01,-8.302964930475999950e+01,-9.835000000000000409e-01,-1.912199999999999900e+00,6.861705691507000715e-01,1.698491363213999739e-02,-5.734739438687999624e-02,5.698130780000000284e-01,-8.555526890000000328e-01,2.425850277240000139e+02,2.024000000000000000e+03,1.200000000000000000e+01,3.000000000000000000e+00,1.800000000000000000e+01,4.600000000000000000e+01,2.782443100000000058e+01
4.001481547040000208e+01,-8.302965087453999615e+01,-9.867000000000000215e-01,-1.909299999999999997e+00,-3.657792164892200160e-01,-6.569430590786000390e-02,-1.757878623024800024e-01,5.243673800000000496e-01,-8.502289960000000146e-01,2.428411059389999878e+02,2.024000000000000000e+03,1.200000000000000000e+01,3.000000000000000000e+00,1.800000000000000000e+01,4.600000000000000000e+01,2.789333299999999838e+01
4.001481493875999718e+01,-8.302965221691999886e+01,-9.744000000000000439e-01,-1.906400000000000095e+00,5.559687855669199763e-01,-3.711789052836199643e-01,-3.217280552104800351e-01,4.311176549999999885e-01,-8.438973370000000251e-01,2.430666874080000071e+02,2.024000000000000000e+03,1.200000000000000000e+01,3.000000000000000000e+00,1.800000000000000000e+01,4.600000000000000000e+01,2.796222799999999964e+01
4.001481476314999952e+01,-8.302965266441999859e+01,-9.717999999999999972e-01,-1.907100000000000017e+00,3.798946839385000107e-01,-2.083218812733599878e-01,-6.418600283708000842e-02,4.032451890000000039e-01,-8.439513789999999460e-01,2.431426892039999927e+02,2.024000000000000000e+03,1.200000000000000000e+01,3.000000000000000000e+00,1.800000000000000000e+01,4.600000000000000000e+01,2.803016099999999966e+01
4.001481399821999929e+01,-8.302965468927000359e+01,-9.209000000000000519e-01,-1.932099999999999929e+00,1.284737869474300132e+00,9.290195651648000541e-02,-3.291429775149999626e-02,3.794221890000000208e-01,-8.222577070000000043e-01,2.435017853610000031e+02,2.024000000000000000e+03,1.200000000000000000e+01,3.000000000000000000e+00,1.800000000000000000e+01,4.600000000000000000e+01,2.809822799999999887e+01
4.001481325657000099e+01,-8.302965673484999343e+01,-8.973999999999999755e-01,-1.951400000000000023e+00,5.194383627823400129e-01,1.666490219834600162e-01,-2.623947674472399960e-01,4.436754520000000257e-01,-8.361343780000000114e-01,2.438455625519999899e+02,2.024000000000000000e+03,1.200000000000000000e+01,3.000000000000000000e+00,1.800000000000000000e+01,4.600000000000000000e+01,2.816663700000000148e+01
4.001481261122999911e+01,-8.302965856689999669e+01,-8.777000000000000357e-01,-1.964599999999999902e+00,7.210486099410200467e-01,2.038048974720000142e-02,1.241612810692799967e-01,5.050324430000000531e-01,-8.756854109999999691e-01,2.441405131779999920e+02,2.024000000000000000e+03,1.200000000000000000e+01,3.000000000000000000e+00,1.800000000000000000e+01,4.600000000000000000e+01,2.823544899999999913e+01
4.001481205473999836e+01,-8.302966017174999536e+01,-8.748000000000000220e-01,-1.955300000000000038e+00,-1.953238564553800016e-01,-3.496125138224399631e-01,-1.458959958191599904e-01,5.984209809999999630e-01,-9.044674440000000093e-01,2.444066440409999927e+02,2.024000000000000000e+03,1.200000000000000000e+01,3.000000000000000000e+00,1.800000000000000000e+01,4.600000000000000000e+01,2.830391200000000040e+01
4.001481150143000320e+01,-8.302966176946000587e+01,-8.683999999999999497e-01,-1.948099999999999943e+00,9.407200321333999971e-02,-2.385551699635199974e-01,-2.057029142651599918e-01,6.623893349999999680e-01,-8.848945280000000135e-01,2.446712004430000036e+02,2.024000000000000000e+03,1.200000000000000000e+01,3.000000000000000000e+00,1.800000000000000000e+01,4.600000000000000000e+01,2.837240999999999858e+01
4.001481102865000139e+01,-8.302966313622999905e+01,-8.659999999999999920e-01,-1.948700000000000099e+00,2.125650408917400258e-01,-3.139186120075999897e-02,-1.183584694804599990e-01,6.902107990000000415e-01,-8.529176899999999506e-01,2.448923681859999988e+02,2.024000000000000000e+03,1.200000000000000000e+01,3.000000000000000000e+00,1.800000000000000000e+01,4.600000000000000000e+01,2.844134499999999832e+01
4.001481048125000228e+01,-8.302966473763000010e+01,-8.604000000000000536e-01,-1.963200000000000056e+00,2.465561673888400085e-01,3.486640536405600233e-01,-1.681944028425999896e-02,7.419807720000000106e-01,-8.257919799999999810e-01,2.451508351820000087e+02,2.024000000000000000e+03,1.200000000000000000e+01,3.000000000000000000e+00,1.800000000000000000e+01,4.600000000000000000e+01,2.851027699999999854e+01
4.001480994213000031e+01,-8.302966635142999507e+01,-8.380999999999999561e-01,-1.978799999999999892e+00,7.818488919673599602e-01,9.631578017938000058e-02,1.189240139759799864e-01,8.289428410000000413e-01,-8.295579260000000010e-01,2.454072859180000137e+02,2.024000000000000000e+03,1.200000000000000000e+01,3.000000000000000000e+00,1.800000000000000000e+01,4.600000000000000000e+01,2.857855999999999952e+01
4.001480941770000044e+01,-8.302966797794999820e+01,-8.206999999999999851e-01,-1.992299999999999960e+00,3.797585789985599702e-01,1.620791414787400020e-01,1.211771927180800013e-01,9.664240889999999862e-01,-8.453674660000000118e-01,2.456381921279999858e+02,2.024000000000000000e+03,1.200000000000000000e+01,3.000000000000000000e+00,1.800000000000000000e+01,4.600000000000000000e+01,2.864678899999999828e+01
4.001480889260000140e+01,-8.302966960636000238e+01,-8.349999999999999645e-01,-1.984599999999999920e+00,-3.316710543242599729e-01,-1.289150329195999992e-02,2.433164210814999784e-01,1.053808556999999979e+00,-8.771904339999999634e-01,2.458388656600000104e+02,2.024000000000000000e+03,1.200000000000000000e+01,3.000000000000000000e+00,1.800000000000000000e+01,4.600000000000000000e+01,2.871760099999999838e+01
4.001480828065999873e+01,-8.302967145521999726e+01,-8.517000000000000126e-01,-1.967400000000000038e+00,-5.475135460243999441e-01,-2.553081365365600375e-01,1.271000684440599937e-01,1.087360872999999950e+00,-9.051109299999999802e-01,2.460355378159999873e+02,2.024000000000000000e+03,1.200000000000000000e+01,3.000000000000000000e+00,1.800000000000000000e+01,4.600000000000000000e+01,2.879460699999999918e+01
4.001480773586000339e+01,-8.302967305913000473e+01,-8.660999999999999810e-01,-1.950299999999999923e+00,-5.357724708396600644e-01,-3.056757506193000240e-01,1.088287780308999919e-01,1.086556953999999964e+00,-9.004877270000000156e-01,2.461932087309999986e+02,2.024000000000000000e+03,1.200000000000000000e+01,3.000000000000000000e+00,1.800000000000000000e+01,4.600000000000000000e+01,2.886780399999999958e+01
4.001480710226000070e+01,-8.302967488062999735e+01,-8.797000000000000375e-01,-1.943999999999999950e+00,-2.541136656901200053e-01,-3.321043148279999909e-03,4.510840271224000192e-02,1.028518029000000000e+00,-8.845032720000000070e-01,2.463934512929999983e+02,2.024000000000000000e+03,1.200000000000000000e+01,3.000000000000000000e+00,1.800000000000000000e+01,4.600000000000000000e+01,2.895075900000000146e+01
4.001480023941000042e+01,-8.302969619870999907e+01,-7.756999999999999451e-01,-1.955200000000000049e+00,2.103625682183799805e-01,-9.377405278301999270e-02,-1.181690991506800098e-01,9.986676660000000094e-01,-9.635155730000000140e-01,2.480765636810000103e+02,2.024000000000000000e+03,1.200000000000000000e+01,3.000000000000000000e+00,1.800000000000000000e+01,4.600000000000000000e+01,2.988102800000000059e+01
4.001479968020999678e+01,-8.302969803237999713e+01,-7.709000000000000297e-01,-1.961000000000000076e+00,1.479964767322399788e-01,7.244073409993999346e-02,1.517694100544199898e-01,1.000496845000000024e+00,-9.166458339999999927e-01,2.482060502500000041e+02,2.024000000000000000e+03,1.200000000000000000e+01,3.000000000000000000e+00,1.800000000000000000e+01,4.600000000000000000e+01,2.999838099999999841e+01
4.001479869506999876e+01,-8.302970124847000477e+01,-7.862000000000000099e-01,-1.963700000000000001e+00,-1.511750091965400056e-01,8.076323932373999370e-02,2.574482695921800346e-01,1.005728412999999932e+00,-9.172673540000000347e-01,2.484180148979999956e+02,2.024000000000000000e+03,1.200000000000000000e+01,3.000000000000000000e+00,1.800000000000000000e+01,4.600000000000000000e+01,3.010017500000000013e+01
4.001479819990999687e+01,-8.302970285620000368e+01,-7.933000000000000052e-01,-1.954399999999999915e+00,-3.387427606419999848e-01,-2.529931167969000083e-01,1.063022527327399935e-01,9.691594180000000502e-01,-9.410704840000000404e-01,2.485026979090000054e+02,2.024000000000000000e+03,1.200000000000000000e+01,3.000000000000000000e+00,1.800000000000000000e+01,4.600000000000000000e+01,3.017371800000000093e+01
4.001479770480000298e+01,-8.302970445558000279e+01,-7.882000000000000117e-01,-1.943999999999999950e+00,-3.462150518052000553e-02,-3.359170482370799626e-01,1.708879930756000004e-02,9.065077409999999780e-01,-9.410740979999999700e-01,2.486006630379999933e+02,2.024000000000000000e+03,1.200000000000000000e+01,3.000000000000000000e+00,1.800000000000000000e+01,4.600000000000000000e+01,3.024249000000000009e+01
4.001479721194999684e+01,-8.302970604934000676e+01,-7.861000000000000210e-01,-1.939599999999999991e+00,-8.939059114866000633e-02,-1.709253840271799940e-01,-5.290883458955999985e-02,8.464302470000000245e-01,-9.239594110000000082e-01,2.487160064429999977e+02,2.024000000000000000e+03,1.200000000000000000e+01,3.000000000000000000e+00,1.800000000000000000e+01,4.600000000000000000e+01,3.031124399999999852e+01
4.001479678892000180e+01,-8.302970741276000410e+01,-7.890000000000000346e-01,-1.939799999999999969e+00,-1.456515318080000010e-01,-2.539864821033999825e-02,-9.479774747696000092e-02,7.841538369999999647e-01,-9.130905839999999829e-01,2.488180925659999900e+02,2.024000000000000000e+03,1.200000000000000000e+01,3.000000000000000000e+00,1.800000000000000000e+01,4.600000000000000000e+01,3.038042599999999993e+01
4.001479622933000257e+01,-8.302970923418000382e+01,-7.699000000000000288e-01,-1.943799999999999972e+00,5.473402950197400196e-01,-1.101466567305799948e-01,9.867638806008000030e-02,7.066659669999999505e-01,-8.935566769999999659e-01,2.489321010339999987e+02,2.024000000000000000e+03,1.200000000000000000e+01,3.000000000000000000e+00,1.800000000000000000e+01,4.600000000000000000e+01,3.044866999999999990e+01
4.001479574820999829e+01,-8.302971082723000507e+01,-7.623999999999999666e-01,-1.939899999999999958e+00,3.061593984795999909e-02,-1.847615023092200048e-01,-1.832409271205799883e-01,6.740004210000000162e-01,-8.635279519999999875e-01,2.490256945550000012e+02,2.024000000000000000e+03,1.200000000000000000e+01,3.000000000000000000e+00,1.800000000000000000e+01,4.600000000000000000e+01,3.051755700000000004e+01
4.001479527550999649e+01,-8.302971242419999953e+01,-7.448000000000000176e-01,-1.954199999999999937e+00,6.726575319884399162e-01,2.430949210891199808e-01,5.637530049940000509e-01,6.468709200000000159e-01,-8.420676379999999517e-01,2.491231113949999951e+02,2.024000000000000000e+03,1.200000000000000000e+01,3.000000000000000000e+00,1.800000000000000000e+01,4.600000000000000000e+01,3.058754899999999921e+01
4.001479480975999792e+01,-8.302971402733000161e+01,-7.345000000000000417e-01,-1.955200000000000049e+00,4.035364362069400190e-01,-1.591127611703400113e-01,1.873586036511800113e-01,6.268927410000000311e-01,-8.534251880000000012e-01,2.492323152040000025e+02,2.024000000000000000e+03,1.200000000000000000e+01,3.000000000000000000e+00,1.800000000000000000e+01,4.600000000000000000e+01,3.065572299999999828e+01
4.001478755547999810e+01,-8.302974315135000438e+01,-4.783999999999999919e-01,-1.948199999999999932e+00,1.632768674732600067e-01,-4.474340862992799983e-01,6.754981585046000714e-02,-1.098846690000000043e-01,-9.098072449999999867e-01,2.551798623560000010e+02,2.024000000000000000e+03,1.200000000000000000e+01,3.000000000000000000e+00,1.800000000000000000e+01,4.600000000000000000e+01,3.192773199999999889e+01
4.001478717033000265e+01,-8.302974520015000337e+01,-4.706000000000000183e-01,-1.943100000000000049e+00,8.856282001462000009e-02,-1.066644871785800142e-01,2.347294395160199887e-01,-2.190419749999999999e-01,-8.798232209999999887e-01,2.558515987190000089e+02,2.024000000000000000e+03,1.200000000000000000e+01,3.000000000000000000e+00,1.800000000000000000e+01,4.600000000000000000e+01,3.206777999999999906e+01
4.001478639758000355e+01,-8.302974975962999338e+01,-3.855000000000000093e-01,-1.943599999999999994e+00,9.151676880507599865e-01,-4.375674115948000042e-01,-1.575100685362600117e-01,-4.630827080000000096e-01,-9.274783229999999934e-01,2.574737811690000058e+02,2.024000000000000000e+03,1.200000000000000000e+01,3.000000000000000000e+00,1.800000000000000000e+01,4.600000000000000000e+01,3.221896399999999971e+01
4.001478614351999852e+01,-8.302975157820000618e+01,-3.277999999999999803e-01,-1.940900000000000070e+00,1.304690535208679947e+00,-3.721495049700599966e-01,1.693866708901599905e-01,-5.028728759999999687e-01,-9.219926090000000185e-01,2.581687855879999915e+02,2.024000000000000000e+03,1.200000000000000000e+01,3.000000000000000000e+00,1.800000000000000000e+01,4.600000000000000000e+01,3.230036700000000138e+01
4.001478594694000179e+01,-8.302975316334999434e+01,-2.989999999999999880e-01,-1.929000000000000048e+00,7.254445133121799616e-01,-5.838335248163000202e-01,1.708788821021799964e-01,-5.097001420000000227e-01,-9.196604059999999858e-01,2.588154986800000188e+02,2.024000000000000000e+03,1.200000000000000000e+01,3.000000000000000000e+00,1.800000000000000000e+01,4.600000000000000000e+01,3.236986100000000022e+01
4.001478576817000032e+01,-8.302975473700000464e+01,-2.701000000000000068e-01,-1.912600000000000078e+00,8.002014430936800204e-01,-6.051564203705800393e-01,1.263991319528399992e-01,-5.179704680000000172e-01,-8.938376179999999449e-01,2.595097074309999812e+02,2.024000000000000000e+03,1.200000000000000000e+01,3.000000000000000000e+00,1.800000000000000000e+01,4.600000000000000000e+01,3.243852700000000056e+01
4.001478560518000194e+01,-8.302975630158999820e+01,-2.475999999999999868e-01,-1.908800000000000052e+00,6.844839815232799385e-01,-1.776434547494999960e-01,1.720469978387199894e-01,-5.470807300000000151e-01,-8.562571049999999628e-01,2.602344271210000102e+02,2.024000000000000000e+03,1.200000000000000000e+01,3.000000000000000000e+00,1.800000000000000000e+01,4.600000000000000000e+01,3.250635299999999717e+01
4.001478540322000299e+01,-8.302975853694999842e+01,-2.093000000000000138e-01,-1.909799999999999942e+00,5.823171532155400065e-01,-1.214912808697800051e-01,-2.065890033332800080e-01,-5.687331540000000185e-01,-8.484706239999999511e-01,2.612636538439999754e+02,2.024000000000000000e+03,1.200000000000000000e+01,3.000000000000000000e+00,1.800000000000000000e+01,4.600000000000000000e+01,3.260556199999999905e+01
4.001478523584000158e+01,-8.302976053630000308e+01,-2.001000000000000001e-01,-1.887999999999999901e+00,4.521359968636400328e-01,-5.325912210381199552e-01,9.605441262189999552e-02,-6.421444189999999663e-01,-8.306539779999999595e-01,2.621886362569999847e+02,2.024000000000000000e+03,1.200000000000000000e+01,3.000000000000000000e+00,1.800000000000000000e+01,4.600000000000000000e+01,3.269940600000000330e+01
4.001478513424000027e+01,-8.302976185897000505e+01,-1.746999999999999942e-01,-1.883000000000000007e+00,1.031392810701299956e+00,-1.209085462994800020e-01,3.068507854131000134e-01,-7.200091730000000023e-01,-7.900885029999999976e-01,2.628107773230000248e+02,2.024000000000000000e+03,1.200000000000000000e+01,3.000000000000000000e+00,1.800000000000000000e+01,4.600000000000000000e+01,3.276600299999999777e+01
4.001478503439000178e+01,-8.302976340192999771e+01,-1.441999999999999948e-01,-1.886400000000000077e+00,9.246868438386599554e-01,5.235865402631999926e-02,2.207354226131000019e-01,-7.820297689999999857e-01,-7.634886950000000505e-01,2.635553690439999741e+02,2.024000000000000000e+03,1.200000000000000000e+01,3.000000000000000000e+00,1.800000000000000000e+01,4.600000000000000000e+01,3.283130500000000040e+01
4.001478510175000025e+01,-8.302977924779999341e+01,1.728999999999999981e-01,-1.804799999999999960e+00,1.024463084582859951e+00,-5.208703132008799530e-01,2.047416459313000092e-01,-1.431045576999999902e+00,-7.633542190000000005e-01,2.721173084409999774e+02,2.024000000000000000e+03,1.200000000000000000e+01,3.000000000000000000e+00,1.800000000000000000e+01,4.600000000000000000e+01,3.356452099999999916e+01
4.001478530397999833e+01,-8.302978155111000547e+01,2.278999999999999915e-01,-1.768599999999999950e+00,9.579952629942600772e-01,-5.933371040674000341e-01,-1.636428492991200134e-01,-1.464838269999999998e+00,-7.304725699999999877e-01,2.735324866600000178e+02,2.024000000000000000e+03,1.200000000000000000e+01,3.000000000000000000e+00,1.800000000000000000e+01,4.600000000000000000e+01,3.367154000000000025e+01
4.001478545916000229e+01,-8.302978299327000400e+01,2.624000000000000221e-01,-1.747900000000000009e+00,1.130901470809879905e+00,-4.939981243307799419e-01,-4.810513110516000113e-02,-1.456092165000000049e+00,-6.930292070000000360e-01,2.744901498620000098e+02,2.024000000000000000e+03,1.200000000000000000e+01,3.000000000000000000e+00,1.800000000000000000e+01,4.600000000000000000e+01,3.374151200000000017e+01
4.001478564288999706e+01,-8.302978441617000271e+01,3.113000000000000211e-01,-1.722599999999999909e+00,1.382571909163500035e+00,-5.603441029652599381e-01,7.929197597251999574e-02,-1.430214643000000008e+00,-6.485086359999999717e-01,2.754360216779999746e+02,2.024000000000000000e+03,1.200000000000000000e+01,3.000000000000000000e+00,1.800000000000000000e+01,4.600000000000000000e+01,3.380971499999999708e+01
4.001478588332000186e+01,-8.302978602090000493e+01,3.474999999999999756e-01,-1.705300000000000038e+00,7.413679864576599998e-01,-1.811300836597999897e-01,-4.523150075500199652e-01,-1.389182243000000039e+00,-5.809011450000000076e-01,2.765030239029999848e+02,2.024000000000000000e+03,1.200000000000000000e+01,3.000000000000000000e+00,1.800000000000000000e+01,4.600000000000000000e+01,3.388385900000000106e+01
4.001478610760000265e+01,-8.302978742253000632e+01,3.630999999999999783e-01,-1.713700000000000001e+00,5.487864585094199832e-01,4.087219302025200673e-01,-2.865275481646800126e-01,-1.396563489999999907e+00,-4.792494930000000264e-01,2.774815921160000016e+02,2.024000000000000000e+03,1.200000000000000000e+01,3.000000000000000000e+00,1.800000000000000000e+01,4.600000000000000000e+01,3.395348800000000011e+01
4.001478617355000011e+01,-8.302978782389999424e+01,3.665999999999999814e-01,-1.714099999999999957e+00,4.778678219959999751e-01,2.817004988523399978e-01,-3.327597277057799952e-01,-1.395808817999999896e+00,-4.524011600000000244e-01,2.777701559980000070e+02,2.024000000000000000e+03,1.200000000000000000e+01,3.000000000000000000e+00,1.800000000000000000e+01,4.600000000000000000e+01,3.402141300000000257e+01
4.001478647972000147e+01,-8.302978964604000112e+01,3.791999999999999815e-01,-1.741300000000000070e+00,-2.674416672167999678e-02,5.978852898217800194e-01,3.313959585857999962e-02,-1.424261490999999991e+00,-3.425505669999999725e-01,2.790781995240000128e+02,2.024000000000000000e+03,1.200000000000000000e+01,3.000000000000000000e+00,1.800000000000000000e+01,4.600000000000000000e+01,3.408998900000000276e+01
4.001478680465999815e+01,-8.302979149591000407e+01,4.198000000000000065e-01,-1.766199999999999992e+00,9.971907834093400869e-01,6.192494129189999308e-01,-9.919021127070000443e-02,-1.547781512000000026e+00,-2.473341990000000046e-01,2.803669989219999934e+02,2.024000000000000000e+03,1.200000000000000000e+01,3.000000000000000000e+00,1.800000000000000000e+01,4.600000000000000000e+01,3.415868300000000346e+01
4.001478708353000258e+01,-8.302979294467000670e+01,4.571999999999999953e-01,-1.773900000000000032e+00,9.268412243379600124e-01,4.727780304326600347e-01,9.630835217359999534e-02,-1.636963989000000064e+00,-1.557511430000000086e-01,2.813679197779999868e+02,2.024000000000000000e+03,1.200000000000000000e+01,3.000000000000000000e+00,1.800000000000000000e+01,4.600000000000000000e+01,3.422820800000000219e+01
4.001478738475000085e+01,-8.302979440274999945e+01,4.949000000000000066e-01,-1.786999999999999922e+00,1.082014756917740073e+00,6.372305579659400809e-01,2.101171106877800232e-01,-1.736815237000000067e+00,-6.166320100000000082e-02,2.824120062609999877e+02,2.024000000000000000e+03,1.200000000000000000e+01,3.000000000000000000e+00,1.800000000000000000e+01,4.600000000000000000e+01,3.429720300000000321e+01
4.001478766619000282e+01,-8.302979566057000227e+01,5.402000000000000135e-01,-1.797299999999999898e+00,1.383001793607719909e+00,7.098830415843199182e-01,1.020990704688800044e-01,-1.799184515999999956e+00,9.052443000000000295e-03,2.833446662520000245e+02,2.024000000000000000e+03,1.200000000000000000e+01,3.000000000000000000e+00,1.800000000000000000e+01,4.600000000000000000e+01,3.436550400000000138e+01
4.001478802815000080e+01,-8.302979713829999753e+01,6.007000000000000117e-01,-1.812100000000000044e+00,1.530106248685640047e+00,8.736684245340600175e-01,-1.271513208999799915e-01,-1.833455644000000051e+00,7.259894499999999806e-02,2.844553186129999744e+02,2.024000000000000000e+03,1.200000000000000000e+01,3.000000000000000000e+00,1.800000000000000000e+01,4.600000000000000000e+01,3.443027099999999763e+01
4.001478843008000297e+01,-8.302979862655999455e+01,6.697999999999999510e-01,-1.819700000000000095e+00,1.968866442170700060e+00,6.634771398999399494e-01,-2.081899179495199925e-01,-1.840911096999999996e+00,1.033083999999999947e-01,2.855699260310000227e+02,2.024000000000000000e+03,1.200000000000000000e+01,3.000000000000000000e+00,1.800000000000000000e+01,4.600000000000000000e+01,3.450001000000000317e+01
4.001478887494999981e+01,-8.302980011242999581e+01,7.328000000000000069e-01,-1.807800000000000074e+00,1.683992725368419929e+00,1.184230424500199996e-01,9.690112264099999539e-02,-1.784710392999999895e+00,1.215081300000000059e-01,2.866887277980000022e+02,2.024000000000000000e+03,1.200000000000000000e+01,3.000000000000000000e+00,1.800000000000000000e+01,4.600000000000000000e+01,3.456839300000000037e+01
4.001478935381000213e+01,-8.302980158831999802e+01,7.775999999999999579e-01,-1.796599999999999975e+00,1.192142385985960118e+00,1.034662946386600002e-01,1.371649845358000053e-01,-1.688892972000000103e+00,1.539063320000000068e-01,2.878377370580000161e+02,2.024000000000000000e+03,1.200000000000000000e+01,3.000000000000000000e+00,1.800000000000000000e+01,4.600000000000000000e+01,3.463933399999999807e+01
4.001478985547999656e+01,-8.302980305587999510e+01,8.076999999999999735e-01,-1.787900000000000045e+00,8.147930473032400922e-01,8.207003554779999932e-02,8.985108907989999838e-02,-1.610632827000000100e+00,2.035997659999999876e-01,2.890208481910000273e+02,2.024000000000000000e+03,1.200000000000000000e+01,3.000000000000000000e+00,1.800000000000000000e+01,4.600000000000000000e+01,3.471000899999999945e+01
4.001479037231000291e+01,-8.302980452529000388e+01,8.293000000000000371e-01,-1.798399999999999999e+00,5.289733730189399852e-01,5.357018392700999554e-01,2.473703534611999821e-02,-1.585576810999999919e+00,2.566928030000000249e-01,2.902219009089999986e+02,2.024000000000000000e+03,1.200000000000000000e+01,3.000000000000000000e+00,1.800000000000000000e+01,4.600000000000000000e+01,3.477895699999999835e+01
4.001479090562000351e+01,-8.302980600211999729e+01,8.566000000000000281e-01,-1.803399999999999892e+00,7.459863992515199937e-01,3.193679704822799947e-01,-2.609823033339999654e-01,-1.606757704000000064e+00,2.806469229999999926e-01,2.914188615969999887e+02,2.024000000000000000e+03,1.200000000000000000e+01,3.000000000000000000e+00,1.800000000000000000e+01,4.600000000000000000e+01,3.484824499999999858e+01
4.001479145231999723e+01,-8.302980747310999732e+01,8.769000000000000128e-01,-1.788000000000000034e+00,8.473179723506200078e-01,-1.353671970174600003e-01,-6.913323463067999608e-02,-1.665349587999999992e+00,3.519562410000000030e-01,2.925990357700000004e+02,2.024000000000000000e+03,1.200000000000000000e+01,3.000000000000000000e+00,1.800000000000000000e+01,4.600000000000000000e+01,3.491723000000000354e+01
4.001479177227000150e+01,-8.302980830711000237e+01,8.945999999999999508e-01,-1.775300000000000100e+00,1.070387384639639894e+00,-2.280563243839399956e-01,4.595325912415799685e-01,-1.709882137999999996e+00,4.038698840000000123e-01,2.932649767030000021e+02,2.024000000000000000e+03,1.200000000000000000e+01,3.000000000000000000e+00,1.800000000000000000e+01,4.600000000000000000e+01,3.498658700000000010e+01
4.001479235106000232e+01,-8.302980975939000530e+01,9.340000000000000524e-01,-1.767200000000000104e+00,1.093238355336900058e+00,1.337916986338199832e-01,4.284474828232599508e-01,-1.788531587999999894e+00,4.862884290000000220e-01,2.944453364959999817e+02,2.024000000000000000e+03,1.200000000000000000e+01,3.000000000000000000e+00,1.800000000000000000e+01,4.600000000000000000e+01,3.505517600000000300e+01
4.001479314485000316e+01,-8.302981161284999700e+01,1.021099999999999897e+00,-1.747200000000000086e+00,1.952943979512280048e+00,3.793334249757399634e-01,-9.098179951055999914e-02,-1.848680861000000064e+00,5.472130280000000457e-01,2.960039511539999921e+02,2.024000000000000000e+03,1.200000000000000000e+01,3.000000000000000000e+00,1.800000000000000000e+01,4.600000000000000000e+01,3.512503900000000101e+01
4.001479390290000282e+01,-8.302981324261999418e+01,1.081900000000000084e+00,-1.724699999999999900e+00,1.488896833824060018e+00,1.022287492374000101e-01,-3.815910188709399908e-01,-1.821275073000000022e+00,5.561726620000000398e-01,2.973992448870000089e+02,2.024000000000000000e+03,1.200000000000000000e+01,3.000000000000000000e+00,1.800000000000000000e+01,4.600000000000000000e+01,3.519398900000000197e+01
4.001479449619999684e+01,-8.302981444850000514e+01,1.119599999999999929e+00,-1.702399999999999913e+00,1.506484783773379910e+00,1.877362935049999709e-02,-5.354430603297399838e-01,-1.791883480999999945e+00,5.878836400000000406e-01,2.984257613510000056e+02,2.024000000000000000e+03,1.200000000000000000e+01,3.000000000000000000e+00,1.800000000000000000e+01,4.600000000000000000e+01,3.526353399999999993e+01
4.001479532898999736e+01,-8.302981602977000364e+01,1.195699999999999985e+00,-1.667699999999999960e+00,2.230346617970100365e+00,2.383675917469799677e-01,-3.650034547940200214e-01,-1.680716595000000035e+00,6.522617920000000069e-01,2.997684461459999739e+02,2.024000000000000000e+03,1.200000000000000000e+01,3.000000000000000000e+00,1.800000000000000000e+01,4.600000000000000000e+01,3.533419399999999655e+01
4.001479609052000086e+01,-8.302981739148999907e+01,1.224499999999999922e+00,-1.648700000000000054e+00,1.061365555927260118e+00,2.045018263860000005e-02,1.220025308461999969e-02,-1.541562461999999911e+00,7.096351779999999776e-01,3.009293743960000143e+02,2.024000000000000000e+03,1.200000000000000000e+01,3.000000000000000000e+00,1.800000000000000000e+01,4.600000000000000000e+01,3.540277600000000291e+01
4.001479663930000186e+01,-8.302981835577999448e+01,1.222499999999999920e+00,-1.637999999999999901e+00,3.304752097652199905e-01,-3.182198126752200373e-01,2.332768183555399832e-01,-1.485743679999999900e+00,7.708990169999999642e-01,3.017561915439999893e+02,2.024000000000000000e+03,1.200000000000000000e+01,3.000000000000000000e+00,1.800000000000000000e+01,4.600000000000000000e+01,3.547043299999999988e+01
4.001479753793000071e+01,-8.302981987962000687e+01,1.272000000000000020e+00,-1.615599999999999925e+00,1.272956807194800088e+00,4.111952852630400002e-01,1.609843831749399878e-01,-1.375512064999999895e+00,9.080752840000000381e-01,3.030611245759999974e+02,2.024000000000000000e+03,1.200000000000000000e+01,3.000000000000000000e+00,1.800000000000000000e+01,4.600000000000000000e+01,3.553935899999999748e+01
4.001479835311999977e+01,-8.302982120896000140e+01,1.312500000000000000e+00,-1.621199999999999974e+00,8.332809103861799072e-01,7.579232821061000491e-01,1.242462071924399919e-01,-1.236419563000000110e+00,9.781231280000000083e-01,3.041861193149999849e+02,2.024000000000000000e+03,1.200000000000000000e+01,3.000000000000000000e+00,1.800000000000000000e+01,4.600000000000000000e+01,3.560790999999999684e+01
4.001479930810000241e+01,-8.302982273691000614e+01,1.339599999999999902e+00,-1.638400000000000079e+00,2.665044570490199827e-01,8.615223394666600143e-01,-1.870835289902599841e-01,-1.174483339000000015e+00,9.866784669999999480e-01,3.054196105130000092e+02,2.024000000000000000e+03,1.200000000000000000e+01,3.000000000000000000e+00,1.800000000000000000e+01,4.600000000000000000e+01,3.568541900000000311e+01
4.001480016295000297e+01,-8.302982407928999464e+01,1.377399999999999958e+00,-1.629999999999999893e+00,1.198387664132339880e+00,4.644784848484799777e-01,-2.704612037352199794e-01,-1.176208410000000093e+00,9.583091740000000414e-01,3.064620198869999967e+02,2.024000000000000000e+03,1.200000000000000000e+01,3.000000000000000000e+00,1.800000000000000000e+01,4.600000000000000000e+01,3.575607600000000019e+01
4.001480104573000318e+01,-8.302982540448999771e+01,1.420400000000000107e+00,-1.596100000000000074e+00,1.497934935810119939e+00,-1.689545531155599856e-01,-1.512166496472600041e-01,-1.096380643999999904e+00,9.253122839999999849e-01,3.075012166989999969e+02,2.024000000000000000e+03,1.200000000000000000e+01,3.000000000000000000e+00,1.800000000000000000e+01,4.600000000000000000e+01,3.582705099999999732e+01
4.001480194425000292e+01,-8.302982670606000681e+01,1.432500000000000107e+00,-1.578200000000000047e+00,4.293238010318599640e-01,-3.320067013946000067e-02,-2.051078905326600144e-01,-1.019916878000000082e+00,9.354182399999999564e-01,3.085519624120000231e+02,2.024000000000000000e+03,1.200000000000000000e+01,3.000000000000000000e+00,1.800000000000000000e+01,4.600000000000000000e+01,3.589746199999999732e+01
4.001480272223999890e+01,-8.302982781888999853e+01,1.449600000000000000e+00,-1.585099999999999953e+00,3.186686523018399941e-01,6.370722209216399534e-01,-3.369988695061800210e-01,-1.046110333999999975e+00,9.576425459999999834e-01,3.094792430030000219e+02,2.024000000000000000e+03,1.200000000000000000e+01,3.000000000000000000e+00,1.800000000000000000e+01,4.600000000000000000e+01,3.596616800000000325e+01
4.001480338209999843e+01,-8.302982874740000341e+01,1.479200000000000070e+00,-1.581800000000000095e+00,9.070461774450800929e-01,6.198729238255200613e-01,2.496128890029999936e-02,-1.092961537999999955e+00,9.468224280000000492e-01,3.102469266649999895e+02,2.024000000000000000e+03,1.200000000000000000e+01,3.000000000000000000e+00,1.800000000000000000e+01,4.600000000000000000e+01,3.603862600000000072e+01
4.001480474676999677e+01,-8.302983057513999654e+01,1.539099999999999913e+00,-1.537600000000000078e+00,1.144786632140559979e+00,2.750912188780000114e-02,-1.282916440365400035e-01,-1.071859837999999954e+00,9.363674969999999931e-01,3.117119582409999907e+02,2.024000000000000000e+03,1.200000000000000000e+01,3.000000000000000000e+00,1.800000000000000000e+01,4.600000000000000000e+01,3.610869100000000032e+01
4.001480572914999811e+01,-8.302983183282999846e+01,1.567900000000000071e+00,-1.530899999999999928e+00,5.286529067544000204e-01,6.217300005059599455e-01,-7.391748595810000710e-02,-1.055946341999999927e+00,9.653688390000000341e-01,3.127055187419999811e+02,2.024000000000000000e+03,1.200000000000000000e+01,3.000000000000000000e+00,1.800000000000000000e+01,4.600000000000000000e+01,3.617768499999999676e+01
4.001480658596000239e+01,-8.302983291824999412e+01,1.595399999999999929e+00,-1.550300000000000011e+00,2.687081489854399874e-01,1.118688686710120006e+00,8.674292058636000335e-02,-1.121576475999999989e+00,9.492145810000000017e-01,3.135899807949999740e+02,2.024000000000000000e+03,1.200000000000000000e+01,3.000000000000000000e+00,1.800000000000000000e+01,4.600000000000000000e+01,3.623940199999999834e+01
4.001480761722999802e+01,-8.302983417798999710e+01,1.665399999999999991e+00,-1.516799999999999926e+00,2.156361884763520198e+00,6.706779923442399705e-01,1.363213963519999995e-02,-1.155045206000000046e+00,8.689446960000000164e-01,3.146226792599999840e+02,2.024000000000000000e+03,1.200000000000000000e+01,3.000000000000000000e+00,1.800000000000000000e+01,4.600000000000000000e+01,3.630845500000000214e+01
4.001481150824000110e+01,-8.302983848963999947e+01,1.782499999999999973e+00,-1.416700000000000070e+00,1.742047215600500021e+00,-4.138679145828000339e-02,1.076826430158399905e-01,-9.943851550000000206e-01,7.226496270000000166e-01,3.178992692489999854e+02,2.024000000000000000e+03,1.200000000000000000e+01,3.000000000000000000e+00,1.800000000000000000e+01,4.600000000000000000e+01,3.655208799999999769e+01
4.001481824470999982e+01,-8.302984504357999640e+01,1.949899999999999967e+00,-1.338300000000000045e+00,8.827436149327799741e-01,1.256128372592600073e-01,-8.833547790758000673e-02,-8.350657409999999725e-01,6.334764609999999907e-01,3.227798438809999766e+02,2.024000000000000000e+03,1.200000000000000000e+01,3.000000000000000000e+00,1.800000000000000000e+01,4.600000000000000000e+01,3.697805499999999768e+01
4.001482484520000327e+01,-8.302985050339999873e+01,2.097700000000000120e+00,-1.286499999999999977e+00,9.135185314407999746e-01,5.616673818012600794e-01,-1.179593800849799978e-01,-6.715996330000000292e-01,7.681649139999999765e-01,3.269230159630000117e+02,2.024000000000000000e+03,1.200000000000000000e+01,3.000000000000000000e+00,1.800000000000000000e+01,4.600000000000000000e+01,3.731887799999999800e+01
4.001482656476999722e+01,-8.302985185305999494e+01,2.134199999999999875e+00,-1.271200000000000108e+00,6.802433900661399857e-01,1.471038058678000027e-01,-2.535803038444799928e-01,-6.892098039999999814e-01,7.613984929999999540e-01,3.278877748759999804e+02,2.024000000000000000e+03,1.200000000000000000e+01,3.000000000000000000e+00,1.800000000000000000e+01,4.600000000000000000e+01,3.743467199999999906e+01
4.001482909978000180e+01,-8.302985373680999714e+01,2.202999999999999847e+00,-1.191200000000000037e+00,2.306691898509759753e+00,5.221631119834599932e-01,-6.828789968567999802e-02,-7.467080249999999975e-01,8.259838640000000121e-01,3.291463038350000261e+02,2.024000000000000000e+03,1.200000000000000000e+01,3.000000000000000000e+00,1.800000000000000000e+01,4.600000000000000000e+01,3.753679699999999997e+01
4.001483153320000241e+01,-8.302985537840000063e+01,2.260400000000000187e+00,-1.171999999999999931e+00,-4.300223038503799833e-01,2.011132373459199874e-01,-4.358745405345999802e-02,-4.902985859999999807e-01,8.295907350000000235e-01,3.302745908169999893e+02,2.024000000000000000e+03,1.200000000000000000e+01,3.000000000000000000e+00,1.800000000000000000e+01,4.600000000000000000e+01,3.765371100000000126e+01
4.001483417474999982e+01,-8.302985722085000475e+01,2.262300000000000200e+00,-1.237000000000000099e+00,-4.757134852110000423e-01,7.838018588927599950e-01,2.897929567673200313e-01,-6.866515159999999618e-01,8.582981979999999567e-01,3.313965944820000118e+02,2.024000000000000000e+03,1.200000000000000000e+01,3.000000000000000000e+00,1.800000000000000000e+01,4.600000000000000000e+01,3.778674800000000289e+01
4.001483666008000029e+01,-8.302985891481999658e+01,2.321899999999999853e+00,-1.183300000000000018e+00,1.004265879657360028e+00,3.596354223655999771e-01,-1.129587322666000121e-01,-7.359747009999999534e-01,8.532846750000000480e-01,3.323252598120000130e+02,2.024000000000000000e+03,1.200000000000000000e+01,3.000000000000000000e+00,1.800000000000000000e+01,4.600000000000000000e+01,3.791617000000000104e+01
4.001484138528999779e+01,-8.302986179347000473e+01,2.426000000000000156e+00,-1.057500000000000107e+00,9.792961936603200579e-01,2.174273839744000070e-01,1.791195717034400059e-01,-5.906977289999999492e-01,8.654286930000000266e-01,3.338865552350000030e+02,2.024000000000000000e+03,1.200000000000000000e+01,3.000000000000000000e+00,1.800000000000000000e+01,4.600000000000000000e+01,3.813383499999999771e+01
4.001484358530999685e+01,-8.302986304072000223e+01,2.447400000000000020e+00,-1.070200000000000040e+00,-2.490774698926400132e-01,6.197321868484599872e-01,3.412611848703400175e-01,-3.682334019999999875e-01,8.925637210000000321e-01,3.345405387210000185e+02,2.024000000000000000e+03,1.200000000000000000e+01,3.000000000000000000e+00,1.800000000000000000e+01,4.600000000000000000e+01,3.822338100000000338e+01
4.001484535403999843e+01,-8.302986406582999734e+01,2.450200000000000156e+00,-1.110100000000000087e+00,-7.878844669236200193e-01,4.889236673850400061e-01,-2.911581080821200040e-01,-3.430866209999999805e-01,8.910470590000000302e-01,3.350586969400000044e+02,2.024000000000000000e+03,1.200000000000000000e+01,3.000000000000000000e+00,1.800000000000000000e+01,4.600000000000000000e+01,3.830862900000000337e+01
4.001484979648999740e+01,-8.302986676788999887e+01,2.472300000000000164e+00,-1.132900000000000018e+00,1.776534804685140134e+00,-1.150080195625600016e-01,1.936196620192600082e-01,-7.889036320000000213e-01,8.843440630000000136e-01,3.360520580240000186e+02,2.024000000000000000e+03,1.200000000000000000e+01,3.000000000000000000e+00,1.800000000000000000e+01,4.600000000000000000e+01,3.850764499999999657e+01
4.001485159559999971e+01,-8.302986780045999637e+01,2.507600000000000051e+00,-1.068599999999999994e+00,1.674655236514740020e+00,1.415097108139000137e-01,-7.721232225660000503e-02,-8.257591220000000121e-01,9.489515859999999581e-01,3.364097755529999745e+02,2.024000000000000000e+03,1.200000000000000000e+01,3.000000000000000000e+00,1.800000000000000000e+01,4.600000000000000000e+01,3.859064899999999909e+01
4.001485411750000054e+01,-8.302986913725999329e+01,2.573900000000000077e+00,-1.014199999999999990e+00,1.070127502961879973e+00,9.350128300991800145e-01,2.700339950704400138e-01,-7.447896640000000179e-01,1.043569705999999986e+00,3.369438471519999894e+02,2.024000000000000000e+03,1.200000000000000000e+01,3.000000000000000000e+00,1.800000000000000000e+01,4.600000000000000000e+01,3.869585399999999709e+01
4.001485575017999707e+01,-8.302986996350999505e+01,2.594100000000000072e+00,-9.908000000000000140e-01,9.844191508771400478e-01,1.471695008947599970e-01,5.533335871526000316e-02,-5.903481219999999752e-01,1.049945420000000018e+00,3.372590705480000111e+02,2.024000000000000000e+03,1.200000000000000000e+01,3.000000000000000000e+00,1.800000000000000000e+01,4.600000000000000000e+01,3.877119299999999669e+01
4.001485739222999882e+01,-8.302987077797000381e+01,2.603099999999999969e+00,-9.986000000000000432e-01,-3.830863613090000341e-01,4.005991609027799716e-01,1.570911629762000161e-01,-3.988009390000000209e-01,1.070490855999999935e+00,3.374754612309999970e+02,2.024000000000000000e+03,1.200000000000000000e+01,3.000000000000000000e+00,1.800000000000000000e+01,4.600000000000000000e+01,3.883974899999999764e+01
4.001485903484000062e+01,-8.302987162911999519e+01,2.599899999999999878e+00,-1.063700000000000090e+00,-1.540320680635619999e+00,5.504471046411399948e-01,-3.809157526002000110e-02,-3.641423360000000109e-01,1.080840389000000012e+00,3.376230914089999828e+02,2.024000000000000000e+03,1.200000000000000000e+01,3.000000000000000000e+00,1.800000000000000000e+01,4.600000000000000000e+01,3.890870499999999765e+01
4.001486020885000272e+01,-8.302987226198000315e+01,2.603499999999999925e+00,-1.090899999999999981e+00,-8.974782501460200068e-01,4.805074594002399779e-01,-1.560062864705399899e-01,-4.122329519999999858e-01,1.073644029000000000e+00,3.377271602260000236e+02,2.024000000000000000e+03,1.200000000000000000e+01,3.000000000000000000e+00,1.800000000000000000e+01,4.600000000000000000e+01,3.898562499999999886e+01
4.001486185873000068e+01,-8.302987315158999593e+01,2.620999999999999996e+00,-1.078500000000000014e+00,4.787478323142599912e-01,3.728358572113200098e-01,-1.607938544342000023e-02,-4.392532789999999965e-01,1.077820087000000093e+00,3.378828412940000021e+02,2.024000000000000000e+03,1.200000000000000000e+01,3.000000000000000000e+00,1.800000000000000000e+01,4.600000000000000000e+01,3.905566900000000174e+01
4.001486495382000186e+01,-8.302987479763000067e+01,2.657200000000000006e+00,-1.070100000000000051e+00,7.488459502223999975e-02,4.540393235279400197e-01,3.251216028809200131e-01,-4.144171110000000047e-01,1.048945318999999987e+00,3.381330378600000017e+02,2.024000000000000000e+03,1.200000000000000000e+01,3.000000000000000000e+00,1.800000000000000000e+01,4.600000000000000000e+01,3.915349199999999996e+01
4.001486760651999930e+01,-8.302987615298999913e+01,2.692299999999999915e+00,-1.035600000000000076e+00,3.163913121830599917e-01,4.466465755380799596e-01,-2.638146087259000128e-01,-3.194649099999999908e-01,1.025968266000000018e+00,3.382732687220000116e+02,2.024000000000000000e+03,1.200000000000000000e+01,3.000000000000000000e+00,1.800000000000000000e+01,4.600000000000000000e+01,3.926998600000000295e+01
4.001487293481000052e+01,-8.302987895207000690e+01,2.703800000000000203e+00,-1.091299999999999937e+00,2.712247326477200127e-01,2.067582307563800015e-01,4.153679524078600638e-01,-3.793847929999999979e-01,1.079545012000000082e+00,3.385571962099999723e+02,2.024000000000000000e+03,1.200000000000000000e+01,3.000000000000000000e+00,1.800000000000000000e+01,4.600000000000000000e+01,3.948652500000000032e+01
4.001487488563999761e+01,-8.302987998707999395e+01,2.722599999999999909e+00,-1.094400000000000039e+00,5.071362714986000775e-01,8.113775259328199763e-01,4.255020089053199728e-01,-4.526569699999999918e-01,1.092515920999999945e+00,3.386094186149999814e+02,2.024000000000000000e+03,1.200000000000000000e+01,3.000000000000000000e+00,1.800000000000000000e+01,4.600000000000000000e+01,3.957143400000000355e+01
4.001487661782000060e+01,-8.302988088095999331e+01,2.763599999999999834e+00,-1.076600000000000001e+00,7.623065213406199359e-01,7.333332260261999913e-01,2.501441931999999826e-02,-4.338268209999999736e-01,1.040112686999999925e+00,3.386756720729999870e+02,2.024000000000000000e+03,1.200000000000000000e+01,3.000000000000000000e+00,1.800000000000000000e+01,4.600000000000000000e+01,3.964070399999999950e+01
4.001487836778999707e+01,-8.302988176507000162e+01,2.785899999999999821e+00,-1.064500000000000002e+00,5.417098105495599114e-01,4.206637890518999945e-01,-5.495991636720000406e-02,-3.644847540000000219e-01,9.586687760000000003e-01,3.387145535459999905e+02,2.024000000000000000e+03,1.200000000000000000e+01,3.000000000000000000e+00,1.800000000000000000e+01,4.600000000000000000e+01,3.971009300000000053e+01
4.001488461081999759e+01,-8.302988497440000515e+01,2.770599999999999952e+00,-1.127899999999999903e+00,-3.944477570268400402e-01,5.255188745783799797e-01,-3.217495757720800209e-01,-2.809564330000000054e-01,9.859666449999999749e-01,3.386418711910000070e+02,2.024000000000000000e+03,1.200000000000000000e+01,3.000000000000000000e+00,1.800000000000000000e+01,4.600000000000000000e+01,3.998214999999999719e+01
4.001488686271000006e+01,-8.302988619084999300e+01,2.787199999999999900e+00,-1.163100000000000023e+00,-3.770135733038800230e-01,6.094267928324600403e-01,1.754455744200200118e-01,-3.964325340000000031e-01,1.023596320000000004e+00,3.385695887050000010e+02,2.024000000000000000e+03,1.200000000000000000e+01,3.000000000000000000e+00,1.800000000000000000e+01,4.600000000000000000e+01,4.006095700000000193e+01
4.001488888408999856e+01,-8.302988728165999532e+01,2.823799999999999866e+00,-1.160600000000000076e+00,3.759180093778199949e-01,8.571527208757399041e-01,3.205457035559000079e-01,-4.716912810000000178e-01,1.001323949999999963e+00,3.385352793089999750e+02,2.024000000000000000e+03,1.200000000000000000e+01,3.000000000000000000e+00,1.800000000000000000e+01,4.600000000000000000e+01,4.013034799999999791e+01
4.001489066770999870e+01,-8.302988823565000587e+01,2.837299999999999933e+00,-1.156500000000000083e+00,5.327246425534599705e-01,2.853812920000199926e-01,4.908245344721000603e-01,-5.242050870000000140e-01,9.505348940000000191e-01,3.385025588469999889e+02,2.024000000000000000e+03,1.200000000000000000e+01,3.000000000000000000e+00,1.800000000000000000e+01,4.600000000000000000e+01,4.020002499999999657e+01
4.001489246405999722e+01,-8.302988917609999930e+01,2.857000000000000206e+00,-1.145199999999999996e+00,2.160129228132399992e-01,4.219945225005200529e-01,-2.129264680869999773e-02,-4.847561140000000157e-01,9.058990350000000191e-01,3.384633679959999881e+02,2.024000000000000000e+03,1.200000000000000000e+01,3.000000000000000000e+00,1.800000000000000000e+01,4.600000000000000000e+01,4.026573299999999733e+01
4.001489427130000109e+01,-8.302989011446000234e+01,2.878299999999999859e+00,-1.143699999999999939e+00,3.816477844087400317e-01,6.080094247138599917e-01,3.124591295147799985e-01,-4.558740969999999781e-01,8.593318789999999652e-01,3.384269196669999928e+02,2.024000000000000000e+03,1.200000000000000000e+01,3.000000000000000000e+00,1.800000000000000000e+01,4.600000000000000000e+01,4.033572099999999949e+01
4.001489608276000354e+01,-8.302989105934000236e+01,2.867700000000000138e+00,-1.151999999999999913e+00,-2.103674598791200057e-01,-3.670087177038000026e-01,3.550045294220400272e-01,-4.421786440000000096e-01,7.643888170000000537e-01,3.384103922539999871e+02,2.024000000000000000e+03,1.200000000000000000e+01,3.000000000000000000e+00,1.800000000000000000e+01,4.600000000000000000e+01,4.040570999999999913e+01
4.001489788247000234e+01,-8.302989200227999333e+01,2.837800000000000100e+00,-1.144900000000000029e+00,-1.436245645142399940e-01,-1.084792144282940018e+00,-3.415711724599599930e-01,-4.130422069999999946e-01,6.958374040000000482e-01,3.383911264920000121e+02,2.024000000000000000e+03,1.200000000000000000e+01,3.000000000000000000e+00,1.800000000000000000e+01,4.600000000000000000e+01,4.047802500000000236e+01
4.001489965804000093e+01,-8.302989293974999896e+01,2.794999999999999929e+00,-1.139499999999999957e+00,-3.742762249390200191e-01,-1.232456495177119971e+00,-1.983799946053999841e-01,-4.172698539999999956e-01,6.964163490000000456e-01,3.383488164280000206e+02,2.024000000000000000e+03,1.200000000000000000e+01,3.000000000000000000e+00,1.800000000000000000e+01,4.600000000000000000e+01,4.054854199999999764e+01
4.001490166504000001e+01,-8.302989400209000337e+01,2.785800000000000054e+00,-1.124100000000000099e+00,4.986988500289399884e-01,-4.579389148534000059e-02,-2.781507381224599951e-01,-3.948223730000000042e-01,7.584465419999999458e-01,3.383132124809999937e+02,2.024000000000000000e+03,1.200000000000000000e+01,3.000000000000000000e+00,1.800000000000000000e+01,4.600000000000000000e+01,4.062382499999999652e+01
4.001490341395999906e+01,-8.302989493421000589e+01,2.754100000000000215e+00,-1.147999999999999909e+00,-1.186328832319500037e+00,-9.270243839487000148e-01,5.663666377825999493e-02,-4.051607039999999826e-01,7.482187219999999472e-01,3.382981791280000152e+02,2.024000000000000000e+03,1.200000000000000000e+01,3.000000000000000000e+00,1.800000000000000000e+01,4.600000000000000000e+01,4.069644100000000009e+01
4.001490489903000025e+01,-8.302989573793999512e+01,2.747599999999999820e+00,-1.132900000000000018e+00,6.108264980092600327e-01,-2.918145235646000257e-01,1.224212876306799980e-01,-4.742739539999999976e-01,7.656669059999999805e-01,3.382578538309999772e+02,2.024000000000000000e+03,1.200000000000000000e+01,3.000000000000000000e+00,1.800000000000000000e+01,4.600000000000000000e+01,4.076661500000000160e+01
4.001490688735000134e+01,-8.302989678010999341e+01,2.756899999999999906e+00,-1.103900000000000103e+00,6.374973757504000249e-02,-3.950831717091400352e-01,1.133654749579599968e-01,-3.801298479999999924e-01,7.194746130000000406e-01,3.381842772229999809e+02,2.024000000000000000e+03,1.200000000000000000e+01,3.000000000000000000e+00,1.800000000000000000e+01,4.600000000000000000e+01,4.083565600000000018e+01
4.001490861311000202e+01,-8.302989771577000511e+01,2.719399999999999817e+00,-1.168900000000000050e+00,-2.025644950870179706e+00,-3.627617303979600027e-01,-9.637707115929999846e-02,-4.163322019999999846e-01,6.789782309999999876e-01,3.381610800650000215e+02,2.024000000000000000e+03,1.200000000000000000e+01,3.000000000000000000e+00,1.800000000000000000e+01,4.600000000000000000e+01,4.090527999999999764e+01
4.001490983301000171e+01,-8.302989839802999938e+01,2.698199999999999932e+00,-1.165999999999999925e+00,-4.574656514437600019e-01,-8.129252956962599308e-01,-8.440015851573999528e-02,-5.427301709999999835e-01,6.630089890000000485e-01,3.381574229340000102e+02,2.024000000000000000e+03,1.200000000000000000e+01,3.000000000000000000e+00,1.800000000000000000e+01,4.600000000000000000e+01,4.097519400000000189e+01
4.001491128797999863e+01,-8.302989920057000006e+01,2.684000000000000163e+00,-1.124600000000000044e+00,8.566861554123599287e-01,-9.750940268037199266e-01,-1.804470601570200006e-01,-6.084177459999999815e-01,6.907980700000000418e-01,3.381450285949999852e+02,2.024000000000000000e+03,1.200000000000000000e+01,3.000000000000000000e+00,1.800000000000000000e+01,4.600000000000000000e+01,4.104510100000000250e+01
4.001491345488000206e+01,-8.302990038068999468e+01,2.668699999999999850e+00,-1.115399999999999947e+00,-1.980501251022599718e-01,-1.487268788436000022e-01,-1.082682821897199971e-01,-5.802920719999999921e-01,8.207775330000000036e-01,3.381131587599999762e+02,2.024000000000000000e+03,1.200000000000000000e+01,3.000000000000000000e+00,1.800000000000000000e+01,4.600000000000000000e+01,4.111532799999999810e+01
4.001491538460000186e+01,-8.302990143543999579e+01,2.691100000000000048e+00,-1.127899999999999903e+00,-3.229807152736000053e-02,6.706931837011399500e-01,-7.742428794420000426e-02,-6.489880230000000250e-01,9.124431360000000435e-01,3.380788208309999732e+02,2.024000000000000000e+03,1.200000000000000000e+01,3.000000000000000000e+00,1.800000000000000000e+01,4.600000000000000000e+01,4.118672899999999970e+01
4.001491684426999740e+01,-8.302990222639999729e+01,2.716299999999999937e+00,-1.109799999999999898e+00,9.625571022242399577e-01,5.377739668699199616e-01,-1.766443814801199885e-01,-6.940175699999999726e-01,9.268833440000000534e-01,3.380610425049999890e+02,2.024000000000000000e+03,1.200000000000000000e+01,3.000000000000000000e+00,1.800000000000000000e+01,4.600000000000000000e+01,4.124988499999999902e+01
4.001491856385000290e+01,-8.302990312894999647e+01,2.739500000000000046e+00,-1.084000000000000075e+00,8.001260773438999552e-01,2.422055776536000127e-01,2.091545823242399738e-01,-6.011531460000000271e-01,8.932201520000000450e-01,3.380433079700000008e+02,2.024000000000000000e+03,1.200000000000000000e+01,3.000000000000000000e+00,1.800000000000000000e+01,4.600000000000000000e+01,4.131998399999999805e+01
4.001492028503999876e+01,-8.302990402493000488e+01,2.725699999999999790e+00,-1.092000000000000082e+00,-4.485505158233599743e-01,-2.758324689964400389e-01,4.617890667640399682e-01,-4.919334439999999975e-01,8.527036369999999588e-01,3.380312117870000179e+02,2.024000000000000000e+03,1.200000000000000000e+01,3.000000000000000000e+00,1.800000000000000000e+01,4.600000000000000000e+01,4.139039199999999852e+01
4.001492199799000105e+01,-8.302990493240000092e+01,2.714100000000000179e+00,-1.112600000000000033e+00,-8.270305521701399876e-01,1.064560331520000023e-03,5.139837694457399797e-01,-4.543126599999999793e-01,8.357536349999999947e-01,3.380254947199999833e+02,2.024000000000000000e+03,1.200000000000000000e+01,3.000000000000000000e+00,1.800000000000000000e+01,4.600000000000000000e+01,4.146006599999999764e+01
4.001492370892000139e+01,-8.302990584753000292e+01,2.718199999999999950e+00,-1.102400000000000047e+00,6.926984502681399203e-01,-8.825978366433999411e-02,-2.091270747523999718e-01,-4.726694379999999973e-01,8.095924370000000536e-01,3.380009620050000194e+02,2.024000000000000000e+03,1.200000000000000000e+01,3.000000000000000000e+00,1.800000000000000000e+01,4.600000000000000000e+01,4.153066299999999700e+01
4.001492541934000258e+01,-8.302990675638000084e+01,2.708600000000000119e+00,-1.118400000000000061e+00,-1.200819469376960047e+00,-4.232853801018000156e-02,1.479066901368000092e-02,-4.253005289999999827e-01,7.977795619999999976e-01,3.379706374649999816e+02,2.024000000000000000e+03,1.200000000000000000e+01,3.000000000000000000e+00,1.800000000000000000e+01,4.600000000000000000e+01,4.159972599999999687e+01
4.001492712129000040e+01,-8.302990769212000544e+01,2.695600000000000218e+00,-1.142300000000000093e+00,-3.082198882475000179e-01,-2.380243003756800091e-01,-4.390345859276800211e-01,-4.539425089999999940e-01,7.779454989999999848e-01,3.379822304869999812e+02,2.024000000000000000e+03,1.200000000000000000e+01,3.000000000000000000e+00,1.800000000000000000e+01,4.600000000000000000e+01,4.167032799999999781e+01
4.001492857470000075e+01,-8.302990849232999437e+01,2.688400000000000123e+00,-1.126800000000000024e+00,3.587197452844800294e-01,-4.371758182382999847e-01,-6.110225537618999558e-01,-4.792954360000000191e-01,8.062229680000000398e-01,3.379957668490000060e+02,2.024000000000000000e+03,1.200000000000000000e+01,3.000000000000000000e+00,1.800000000000000000e+01,4.600000000000000000e+01,4.173947799999999830e+01
4.001493050898999826e+01,-8.302990954809000357e+01,2.681299999999999795e+00,-1.124800000000000022e+00,-3.797759915804799769e-01,-1.771520368186199901e-01,-3.780119438450800229e-01,-5.110105860000000444e-01,8.789018939999999613e-01,3.379938611079999760e+02,2.024000000000000000e+03,1.200000000000000000e+01,3.000000000000000000e+00,1.800000000000000000e+01,4.600000000000000000e+01,4.181315699999999680e+01
4.001493244625999779e+01,-8.302991060789000244e+01,2.702999999999999847e+00,-1.123799999999999910e+00,4.297441643394199762e-01,5.797997985936000909e-01,2.401784590806400055e-01,-5.643187149999999708e-01,9.381956599999999868e-01,3.380162212939999904e+02,2.024000000000000000e+03,1.200000000000000000e+01,3.000000000000000000e+00,1.800000000000000000e+01,4.600000000000000000e+01,4.188861899999999849e+01
4.001493415582000068e+01,-8.302991152660000296e+01,2.723599999999999799e+00,-1.108600000000000030e+00,6.669433015555999988e-01,3.844061440945999997e-01,6.766865248337200489e-01,-5.524687710000000251e-01,9.099066909999999897e-01,3.380357925640000190e+02,2.024000000000000000e+03,1.200000000000000000e+01,3.000000000000000000e+00,1.800000000000000000e+01,4.600000000000000000e+01,4.196425399999999684e+01
4.001493489116000291e+01,-8.302991191681999794e+01,2.725699999999999790e+00,-1.103499999999999925e+00,4.360437684033999783e-01,1.341078556340799810e-01,8.400408562907000221e-01,-5.290604810000000269e-01,8.823335100000000430e-01,3.380437739440000087e+02,2.024000000000000000e+03,1.200000000000000000e+01,3.000000000000000000e+00,1.800000000000000000e+01,4.600000000000000000e+01,4.203757499999999681e+01
4.001493782877000172e+01,-8.302991347005999501e+01,2.705299999999999816e+00,-1.107799999999999896e+00,-4.098470130513799936e-01,-4.325907678360800257e-01,-2.896913747661000182e-01,-4.808315930000000016e-01,8.112177529999999859e-01,3.380752391159999775e+02,2.024000000000000000e+03,1.200000000000000000e+01,3.000000000000000000e+00,1.800000000000000000e+01,4.600000000000000000e+01,4.211019900000000149e+01
4.001493928947000001e+01,-8.302991424683999355e+01,2.696499999999999897e+00,-1.110899999999999999e+00,-3.319189707244599719e-01,-2.104403860581599839e-01,-6.581064711247399668e-01,-4.883340930000000246e-01,8.297482179999999818e-01,3.380930797959999836e+02,2.024000000000000000e+03,1.200000000000000000e+01,3.000000000000000000e+00,1.800000000000000000e+01,4.600000000000000000e+01,4.217396399999999801e+01
4.001494123436999928e+01,-8.302991527990999998e+01,2.703699999999999992e+00,-1.096700000000000008e+00,6.339117256092799968e-01,1.701924916916600083e-01,-4.814254844152199841e-01,-4.685389669999999729e-01,8.746344910000000139e-01,3.381036755459999767e+02,2.024000000000000000e+03,1.200000000000000000e+01,3.000000000000000000e+00,1.800000000000000000e+01,4.600000000000000000e+01,4.224454899999999924e+01
4.001494343222000083e+01,-8.302991643657999532e+01,2.711399999999999810e+00,-1.103099999999999969e+00,-2.136571163116000038e-01,6.883577377541999498e-02,1.025667406371999907e-01,-4.098118960000000088e-01,8.811760389999999665e-01,3.381226386179999963e+02,2.024000000000000000e+03,1.200000000000000000e+01,3.000000000000000000e+00,1.800000000000000000e+01,4.600000000000000000e+01,4.233585599999999971e+01
4.001494538213000141e+01,-8.302991747481999596e+01,2.699199999999999822e+00,-1.118200000000000083e+00,-4.801375086038399687e-01,-8.384075989549999441e-02,2.090673622879399840e-01,-4.244828370000000017e-01,8.934006920000000518e-01,3.381535534010000106e+02,2.024000000000000000e+03,1.200000000000000000e+01,3.000000000000000000e+00,1.800000000000000000e+01,4.600000000000000000e+01,4.241597500000000309e+01
4.001494708533000022e+01,-8.302991838722999773e+01,2.698700000000000099e+00,-1.114100000000000090e+00,8.262516124428000153e-02,-8.151209764222000498e-02,3.149071116114600111e-01,-4.527739949999999847e-01,9.111504780000000414e-01,3.381725875060000135e+02,2.024000000000000000e+03,1.200000000000000000e+01,3.000000000000000000e+00,1.800000000000000000e+01,4.600000000000000000e+01,4.248749800000000221e+01
4.001494878446000314e+01,-8.302991930519000618e+01,2.691600000000000215e+00,-1.131499999999999950e+00,-6.047301130635199806e-01,1.349364698401200047e-01,2.266661366699999902e-01,-4.841739070000000145e-01,9.373234719999999909e-01,3.381798760639999841e+02,2.024000000000000000e+03,1.200000000000000000e+01,3.000000000000000000e+00,1.800000000000000000e+01,4.600000000000000000e+01,4.255940100000000115e+01
4.001495048718999925e+01,-8.302992023090000373e+01,2.705499999999999794e+00,-1.129499999999999948e+00,2.948973264093600055e-01,3.234546804665199837e-01,2.619009029463800209e-01,-5.495815240000000435e-01,9.286558499999999494e-01,3.381861575959999868e+02,2.024000000000000000e+03,1.200000000000000000e+01,3.000000000000000000e+00,1.800000000000000000e+01,4.600000000000000000e+01,4.263033999999999679e+01
4.001495219908999701e+01,-8.302992114901999798e+01,2.719800000000000217e+00,-1.115599999999999925e+00,4.781914794882400344e-01,1.602974991794799964e-01,5.172593475302000171e-02,-5.628595560000000386e-01,8.792561629999999795e-01,3.381982037600000126e+02,2.024000000000000000e+03,1.200000000000000000e+01,3.000000000000000000e+00,1.800000000000000000e+01,4.600000000000000000e+01,4.270033500000000259e+01
4.001495391230000109e+01,-8.302992205593000108e+01,2.711399999999999810e+00,-1.097099999999999964e+00,5.246838688878600054e-01,-5.251693435039199720e-01,-1.225330649026400015e-01,-5.535630639999999936e-01,8.317861420000000061e-01,3.382104682240000102e+02,2.024000000000000000e+03,1.200000000000000000e+01,3.000000000000000000e+00,1.800000000000000000e+01,4.600000000000000000e+01,4.277089200000000346e+01
4.001495586283999728e+01,-8.302992307904000313e+01,2.703800000000000203e+00,-1.091499999999999915e+00,-1.475144007784200129e-01,-2.084237653899199960e-01,-3.021321357815600073e-01,-5.294746240000000048e-01,8.528523430000000127e-01,3.382176309710000055e+02,2.024000000000000000e+03,1.200000000000000000e+01,3.000000000000000000e+00,1.800000000000000000e+01,4.600000000000000000e+01,4.284165999999999741e+01
4.001495733322000348e+01,-8.302992383909000296e+01,2.729099999999999859e+00,-1.077499999999999902e+00,6.411206546520400451e-01,4.569340990752000509e-01,-1.373611571101999995e-01,-4.862594630000000029e-01,8.502812800000000282e-01,3.382112403479999898e+02,2.024000000000000000e+03,1.200000000000000000e+01,3.000000000000000000e+00,1.800000000000000000e+01,4.600000000000000000e+01,4.291306900000000013e+01
4.001495855878999919e+01,-8.302992447377999952e+01,2.717499999999999805e+00,-1.089199999999999946e+00,-4.238766371807800581e-01,-1.411011165651399890e-01,-5.218592085708000095e-02,-4.382915869999999825e-01,8.328198980000000029e-01,3.382162241899999913e+02,2.024000000000000000e+03,1.200000000000000000e+01,3.000000000000000000e+00,1.800000000000000000e+01,4.600000000000000000e+01,4.297650999999999755e+01
4.001496002820999820e+01,-8.302992524226000626e+01,2.720400000000000151e+00,-1.100999999999999979e+00,-3.297589640355599871e-01,2.078982270303000035e-01,1.061254229213799971e-01,-4.164437500000000014e-01,8.205491959999999807e-01,3.382251738040000077e+02,2.024000000000000000e+03,1.200000000000000000e+01,3.000000000000000000e+00,1.800000000000000000e+01,4.600000000000000000e+01,4.304844500000000096e+01
4.001496247525000172e+01,-8.302992655927999976e+01,2.705400000000000027e+00,-1.147799999999999931e+00,-7.908336518275400628e-01,-2.602669890468199965e-01,8.787771710036000605e-02,-4.756271839999999806e-01,7.473525140000000233e-01,3.382401728570000046e+02,2.024000000000000000e+03,1.200000000000000000e+01,3.000000000000000000e+00,1.800000000000000000e+01,4.600000000000000000e+01,4.311970699999999823e+01
4.001496417815999962e+01,-8.302992748682000013e+01,2.696699999999999875e+00,-1.124400000000000066e+00,5.928666287758400655e-01,-4.269691892396799693e-01,-2.228503141728000181e-01,-5.436825020000000119e-01,7.414833859999999666e-01,3.382356435770000189e+02,2.024000000000000000e+03,1.200000000000000000e+01,3.000000000000000000e+00,1.800000000000000000e+01,4.600000000000000000e+01,4.318935199999999952e+01
4.001496587756999901e+01,-8.302992839782000090e+01,2.696200000000000152e+00,-1.103699999999999903e+00,6.614317835194200024e-01,-1.234717631385000014e-01,1.193625824838000053e-02,-5.583311979999999730e-01,7.791123970000000121e-01,3.382392415379999875e+02,2.024000000000000000e+03,1.200000000000000000e+01,3.000000000000000000e+00,1.800000000000000000e+01,4.600000000000000000e+01,4.326163100000000128e+01
4.001496782606000124e+01,-8.302992941806999738e+01,2.711599999999999788e+00,-1.086400000000000032e+00,3.544277954003199893e-01,3.072201155837199771e-01,-9.448918431262000317e-02,-5.204251810000000145e-01,8.155680960000000201e-01,3.382596481439999820e+02,2.024000000000000000e+03,1.200000000000000000e+01,3.000000000000000000e+00,1.800000000000000000e+01,4.600000000000000000e+01,4.333371000000000350e+01
4.001496953901000353e+01,-8.302993030301999511e+01,2.723700000000000010e+00,-1.079900000000000082e+00,3.499242232662599927e-01,3.384840726402399969e-01,1.640378468242000010e-02,-4.803944660000000200e-01,8.151403879999999935e-01,3.382686049039999716e+02,2.024000000000000000e+03,1.200000000000000000e+01,3.000000000000000000e+00,1.800000000000000000e+01,4.600000000000000000e+01,4.341009300000000337e+01
4.001497150568000194e+01,-8.302993130932000554e+01,2.730100000000000193e+00,-1.072699999999999987e+00,2.802132396373600010e-01,8.006993328044000047e-02,-1.414504822675400064e-01,-3.841787449999999882e-01,7.665420509999999465e-01,3.382654849510000190e+02,2.024000000000000000e+03,1.200000000000000000e+01,3.000000000000000000e+00,1.800000000000000000e+01,4.600000000000000000e+01,4.348190999999999917e+01
4.001497297593999747e+01,-8.302993206515999702e+01,2.714100000000000179e+00,-1.087699999999999889e+00,-7.249436248419800499e-01,-1.739287764825599991e-01,-3.252105808617800076e-01,-3.185981059999999920e-01,7.576194050000000235e-01,3.382602469980000137e+02,2.024000000000000000e+03,1.200000000000000000e+01,3.000000000000000000e+00,1.800000000000000000e+01,4.600000000000000000e+01,4.355160399999999754e+01
4.001497492210000217e+01,-8.302993309628000418e+01,2.690199999999999925e+00,-1.114999999999999991e+00,-6.184985524135999668e-01,-2.622331470263200015e-01,-8.868109721842000470e-02,-3.485709550000000156e-01,7.804197689999999854e-01,3.382705881009999871e+02,2.024000000000000000e+03,1.200000000000000000e+01,3.000000000000000000e+00,1.800000000000000000e+01,4.600000000000000000e+01,4.362156000000000233e+01
4.001497662063999883e+01,-8.302993401342999391e+01,2.698599999999999888e+00,-1.123699999999999921e+00,1.482760262959999936e-02,4.017007309431400164e-01,7.567126612902000393e-02,-4.024579449999999836e-01,8.000263469999999710e-01,3.382886105069999871e+02,2.024000000000000000e+03,1.200000000000000000e+01,3.000000000000000000e+00,1.800000000000000000e+01,4.600000000000000000e+01,4.369243900000000025e+01
4.001497808007000145e+01,-8.302993479843000557e+01,2.701099999999999834e+00,-1.121499999999999941e+00,-6.718829939631999759e-02,9.435465487840000165e-02,-1.627488650755599953e-01,-4.146953950000000222e-01,7.937701289999999910e-01,3.382893259229999785e+02,2.024000000000000000e+03,1.200000000000000000e+01,3.000000000000000000e+00,1.800000000000000000e+01,4.600000000000000000e+01,4.376241300000000223e+01
4.001498002673999821e+01,-8.302993584633999546e+01,2.704699999999999882e+00,-1.121099999999999985e+00,3.694223237902000134e-02,1.668829847802399957e-01,-3.222043831622000143e-01,-4.560589389999999965e-01,8.045880479999999446e-01,3.382866655029999947e+02,2.024000000000000000e+03,1.200000000000000000e+01,3.000000000000000000e+00,1.800000000000000000e+01,4.600000000000000000e+01,4.383308999999999855e+01
4.001498173849999773e+01,-8.302993676110000365e+01,2.720000000000000195e+00,-1.108899999999999997e+00,7.652101629510599246e-01,4.523445807699999835e-03,-1.228289736733599868e-01,-5.109648610000000479e-01,7.803086780000000333e-01,3.382920151320000173e+02,2.024000000000000000e+03,1.200000000000000000e+01,3.000000000000000000e+00,1.800000000000000000e+01,4.600000000000000000e+01,4.390265800000000240e+01
4.001498296153000211e+01,-8.302993740408000178e+01,2.714599999999999902e+00,-1.090100000000000069e+00,7.532806266224599812e-01,-3.965846100067600410e-01,-1.949866529131600024e-01,-5.023821259999999844e-01,7.838607279999999511e-01,3.382981809899999917e+02,2.024000000000000000e+03,1.200000000000000000e+01,3.000000000000000000e+00,1.800000000000000000e+01,4.600000000000000000e+01,4.397014800000000179e+01
4.001498418228000276e+01,-8.302993804500999886e+01,2.706700000000000106e+00,-1.100899999999999990e+00,-3.834022104448800428e-01,-1.540502667600799902e-01,-5.964615028190000529e-02,-4.708613200000000276e-01,8.106878990000000451e-01,3.383089972980000084e+02,2.024000000000000000e+03,1.200000000000000000e+01,3.000000000000000000e+00,1.800000000000000000e+01,4.600000000000000000e+01,4.403972499999999712e+01
4.001498662006000018e+01,-8.302993935083000565e+01,2.710900000000000087e+00,-1.125199999999999978e+00,-6.072116568770000167e-02,2.731828326006999763e-01,2.067775974667599992e-01,-5.321020779999999784e-01,8.392674469999999998e-01,3.383111118520000105e+02,2.024000000000000000e+03,1.200000000000000000e+01,3.000000000000000000e+00,1.800000000000000000e+01,4.600000000000000000e+01,4.411583799999999655e+01
4.001498857280000010e+01,-8.302994039403000670e+01,2.707699999999999996e+00,-1.103399999999999936e+00,5.394672115173400062e-01,-4.632231251557800134e-01,5.367500583782200962e-01,-5.845289989999999936e-01,8.269558790000000048e-01,3.382916832789999830e+02,2.024000000000000000e+03,1.200000000000000000e+01,3.000000000000000000e+00,1.800000000000000000e+01,4.600000000000000000e+01,4.418730300000000000e+01
4.001499027487000149e+01,-8.302994129149000457e+01,2.696499999999999897e+00,-1.087199999999999944e+00,3.565651181605399844e-01,-4.121353013445999691e-01,1.549563787633400080e-01,-5.766650500000000124e-01,8.636473310000000181e-01,3.382758339499999920e+02,2.024000000000000000e+03,1.200000000000000000e+01,3.000000000000000000e+00,1.800000000000000000e+01,4.600000000000000000e+01,4.425817599999999885e+01
4.001499197422999998e+01,-8.302994218284999306e+01,2.697299999999999809e+00,-1.092899999999999983e+00,-2.831142259244399662e-01,1.483117873735999848e-01,-9.671865672465999875e-02,-5.448271620000000315e-01,9.127552799999999467e-01,3.382793498629999931e+02,2.024000000000000000e+03,1.200000000000000000e+01,3.000000000000000000e+00,1.800000000000000000e+01,4.600000000000000000e+01,4.432872299999999655e+01
4.001499367598000134e+01,-8.302994307696999954e+01,2.705999999999999961e+00,-1.082899999999999974e+00,7.244109735981999476e-01,1.067620352304199938e-01,-9.855138554626000080e-02,-5.406943229999999767e-01,9.381668140000000156e-01,3.382829312069999901e+02,2.024000000000000000e+03,1.200000000000000000e+01,3.000000000000000000e+00,1.800000000000000000e+01,4.600000000000000000e+01,4.439911399999999730e+01
4.001499514423999670e+01,-8.302994382718999589e+01,2.729800000000000004e+00,-1.058400000000000007e+00,9.743886612426400085e-01,4.979810686870400072e-01,-3.717734486500999802e-01,-4.586315000000000253e-01,9.376664080000000068e-01,3.382723933670000065e+02,2.024000000000000000e+03,1.200000000000000000e+01,3.000000000000000000e+00,1.800000000000000000e+01,4.600000000000000000e+01,4.447087100000000248e+01
4.001499709848000208e+01,-8.302994483953000326e+01,2.698599999999999888e+00,-1.107599999999999918e+00,-1.717026099928540050e+00,-2.396702725248200105e-01,-2.195342591106199948e-01,-3.973754500000000189e-01,9.147618050000000389e-01,3.382735917929999800e+02,2.024000000000000000e+03,1.200000000000000000e+01,3.000000000000000000e+00,1.800000000000000000e+01,4.600000000000000000e+01,4.453486399999999890e+01
4.001499880016000077e+01,-8.302994574269000339e+01,2.704000000000000181e+00,-1.095599999999999907e+00,6.162803218621799584e-01,6.034936528750000501e-02,-1.387821831656800009e-01,-4.396907389999999971e-01,9.225630070000000460e-01,3.382754045199999950e+02,2.024000000000000000e+03,1.200000000000000000e+01,3.000000000000000000e+00,1.800000000000000000e+01,4.600000000000000000e+01,4.460576499999999811e+01
4.001500050541999798e+01,-8.302994663008000487e+01,2.706199999999999939e+00,-1.080799999999999983e+00,1.488174520310799887e-01,-4.938971611986000404e-02,9.461016123082000018e-02,-3.520663760000000142e-01,9.271212340000000163e-01,3.382828153529999895e+02,2.024000000000000000e+03,1.200000000000000000e+01,3.000000000000000000e+00,1.800000000000000000e+01,4.600000000000000000e+01,4.468198000000000292e+01
4.001500244823999708e+01,-8.302994765111000675e+01,2.690999999999999837e+00,-1.095499999999999918e+00,-4.004560494375999924e-01,-2.385838273611599891e-01,-2.210059171318399796e-01,-3.209186310000000097e-01,9.596371830000000047e-01,3.382713297480000278e+02,2.024000000000000000e+03,1.200000000000000000e+01,3.000000000000000000e+00,1.800000000000000000e+01,4.600000000000000000e+01,4.475395799999999724e+01
4.001500414395999883e+01,-8.302994855110000572e+01,2.693700000000000205e+00,-1.097299999999999942e+00,3.348740224862600257e-01,1.606693267734199959e-01,-4.485911547139999518e-03,-3.705982030000000149e-01,1.016685464999999899e+00,3.382570253170000001e+02,2.024000000000000000e+03,1.200000000000000000e+01,3.000000000000000000e+00,1.800000000000000000e+01,4.600000000000000000e+01,4.482373799999999875e+01
4.001500609248000018e+01,-8.302994957391000241e+01,2.708299999999999930e+00,-1.101399999999999935e+00,-5.535893287592399403e-01,2.991679900070399745e-01,6.078193631989999707e-02,-3.225506349999999745e-01,1.028665831999999947e+00,3.382670012070000212e+02,2.024000000000000000e+03,1.200000000000000000e+01,3.000000000000000000e+00,1.800000000000000000e+01,4.600000000000000000e+01,4.490367100000000278e+01
4.001500730982999698e+01,-8.302995022622999954e+01,2.698900000000000077e+00,-1.129499999999999948e+00,-1.278227367927240010e+00,1.503330195426000153e-02,1.539633685915400008e-01,-3.263469860000000056e-01,1.017767019999999967e+00,3.382812486450000051e+02,2.024000000000000000e+03,1.200000000000000000e+01,3.000000000000000000e+00,1.800000000000000000e+01,4.600000000000000000e+01,4.497768899999999803e+01
4.001500852603000169e+01,-8.302995088759000453e+01,2.698799999999999866e+00,-1.135699999999999932e+00,-4.228927857523600009e-01,-3.419029297988000066e-02,1.076924772984600154e-01,-3.884920669999999965e-01,1.004150021000000059e+00,3.382865958059999798e+02,2.024000000000000000e+03,1.200000000000000000e+01,3.000000000000000000e+00,1.800000000000000000e+01,4.600000000000000000e+01,4.504985800000000040e+01
4.001501119705999798e+01,-8.302995234547999814e+01,2.689499999999999780e+00,-1.136600000000000055e+00,-4.243740707029800552e-01,-2.178375501478399812e-01,5.660766851194399818e-01,-5.169745629999999981e-01,9.848244710000000346e-01,3.382730439129999809e+02,2.024000000000000000e+03,1.200000000000000000e+01,3.000000000000000000e+00,1.800000000000000000e+01,4.600000000000000000e+01,4.512179600000000335e+01
4.001501289384000160e+01,-8.302995326574999524e+01,2.692099999999999937e+00,-1.109299999999999953e+00,6.067911952748800131e-01,-8.496427716717999679e-02,5.279509077807599260e-01,-5.562730580000000424e-01,9.711147719999999595e-01,3.382742662040000141e+02,2.024000000000000000e+03,1.200000000000000000e+01,3.000000000000000000e+00,1.800000000000000000e+01,4.600000000000000000e+01,4.519230100000000050e+01
4.001501459157999818e+01,-8.302995417926000243e+01,2.689700000000000202e+00,-1.110300000000000065e+00,-3.184210666030000414e-02,-1.666802679888000072e-01,1.359419068323999835e-02,-5.758190669999999622e-01,9.396402600000000049e-01,3.382874813789999848e+02,2.024000000000000000e+03,1.200000000000000000e+01,3.000000000000000000e+00,1.800000000000000000e+01,4.600000000000000000e+01,4.526345200000000091e+01
4.001501677529999768e+01,-8.302995533291000640e+01,2.696899999999999853e+00,-1.065600000000000103e+00,1.253079125084920031e+00,-3.376096625046799971e-01,-3.203250181065200319e-01,-5.676332720000000220e-01,8.694642089999999879e-01,3.382921063709999885e+02,2.024000000000000000e+03,1.200000000000000000e+01,3.000000000000000000e+00,1.800000000000000000e+01,4.600000000000000000e+01,4.535170200000000307e+01
4.001501871112999709e+01,-8.302995632280999416e+01,2.672699999999999854e+00,-1.047900000000000054e+00,-5.223439640786000510e-02,-7.224724133897399980e-01,-4.574035962285200041e-01,-4.622678439999999833e-01,7.951350289999999932e-01,3.382722254679999878e+02,2.024000000000000000e+03,1.200000000000000000e+01,3.000000000000000000e+00,1.800000000000000000e+01,4.600000000000000000e+01,4.542692699999999917e+01
4.001502038294999863e+01,-8.302995719231999772e+01,2.636000000000000121e+00,-1.057500000000000107e+00,-2.411767810411599711e-01,-8.066719360686199769e-01,-7.204376962433599596e-01,-4.446965749999999828e-01,7.626170570000000426e-01,3.382758742290000100e+02,2.024000000000000000e+03,1.200000000000000000e+01,3.000000000000000000e+00,1.800000000000000000e+01,4.600000000000000000e+01,4.549795900000000159e+01
4.001502203319999751e+01,-8.302995805641999993e+01,2.597199999999999953e+00,-1.051900000000000057e+00,-5.640468304524599574e-01,-1.027678825250120109e+00,-4.441822902907800463e-01,-4.058300730000000134e-01,7.819899989999999912e-01,3.382844044070000109e+02,2.024000000000000000e+03,1.200000000000000000e+01,3.000000000000000000e+00,1.800000000000000000e+01,4.600000000000000000e+01,4.556917899999999833e+01
4.001502412687000287e+01,-8.302995915478000200e+01,2.568000000000000060e+00,-1.030499999999999972e+00,7.987825665636000272e-02,-7.370391862628600244e-01,1.578392246253400022e-01,-3.664488029999999896e-01,8.627677320000000094e-01,3.382747938159999990e+02,2.024000000000000000e+03,1.200000000000000000e+01,3.000000000000000000e+00,1.800000000000000000e+01,4.600000000000000000e+01,4.565287399999999707e+01
4.001502574151000147e+01,-8.302996001073999821e+01,2.550800000000000178e+00,-1.047900000000000054e+00,-5.390356556607199812e-01,-3.561085586657199986e-01,4.076839293266800168e-01,-3.673652499999999765e-01,9.038158920000000096e-01,3.382954594149999821e+02,2.024000000000000000e+03,1.200000000000000000e+01,3.000000000000000000e+00,1.800000000000000000e+01,4.600000000000000000e+01,4.572577600000000331e+01
4.001502734793000116e+01,-8.302996086301999412e+01,2.540099999999999802e+00,-1.028599999999999959e+00,2.830204423268600222e-01,-5.836303993717399941e-01,1.574938900076200132e-01,-3.897073529999999786e-01,9.149366549999999876e-01,3.383364430650000259e+02,2.024000000000000000e+03,1.200000000000000000e+01,3.000000000000000000e+00,1.800000000000000000e+01,4.600000000000000000e+01,4.579692500000000166e+01
4.001502939478999821e+01,-8.302996195637000199e+01,2.509199999999999875e+00,-1.047099999999999920e+00,-7.538073238174199941e-01,-3.680856181477800138e-01,5.336847298760000191e-02,-4.349177260000000045e-01,9.366781440000000458e-01,3.383926716779999992e+02,2.024000000000000000e+03,1.200000000000000000e+01,3.000000000000000000e+00,1.800000000000000000e+01,4.600000000000000000e+01,4.588587600000000322e+01
4.001503431657000220e+01,-8.302996460948000390e+01,2.464900000000000091e+00,-1.002399999999999958e+00,5.559572836237399729e-01,-3.167482104608400073e-01,5.676376223828399903e-01,-6.343440500000000482e-01,9.112124550000000323e-01,3.385016712870000219e+02,2.024000000000000000e+03,1.200000000000000000e+01,3.000000000000000000e+00,1.800000000000000000e+01,4.600000000000000000e+01,4.610318800000000294e+01
4.001503630618999807e+01,-8.302996565287000408e+01,2.443099999999999827e+00,-9.724000000000000421e-01,4.375458843018999455e-01,-8.852931978203599783e-01,2.497152209431200143e-01,-6.461895239999999596e-01,8.495622440000000219e-01,3.385484600720000117e+02,2.024000000000000000e+03,1.200000000000000000e+01,3.000000000000000000e+00,1.800000000000000000e+01,4.600000000000000000e+01,4.619458499999999646e+01
4.001503783623000032e+01,-8.302996643798999798e+01,2.415900000000000158e+00,-9.455000000000000071e-01,2.026353611794400045e-01,-8.313390969664800068e-01,-2.642853484646000284e-02,-6.133833239999999520e-01,8.364873369999999975e-01,3.385883783049999920e+02,2.024000000000000000e+03,1.200000000000000000e+01,3.000000000000000000e+00,1.800000000000000000e+01,4.600000000000000000e+01,4.626678700000000077e+01
4.001503934958999764e+01,-8.302996721197999364e+01,2.387700000000000156e+00,-9.334999999999999964e-01,1.934399627405999911e-01,-9.251686953621199860e-01,-2.618849031220800150e-01,-5.900800959999999984e-01,8.502010020000000390e-01,3.386211267799999973e+02,2.024000000000000000e+03,1.200000000000000000e+01,3.000000000000000000e+00,1.800000000000000000e+01,4.600000000000000000e+01,4.633675800000000322e+01
4.001504084623000068e+01,-8.302996797429000253e+01,2.364799999999999791e+00,-9.230000000000000426e-01,6.268523221470000129e-02,-6.129710836036200705e-01,-3.614312842614200161e-01,-5.571329470000000450e-01,8.889185769999999875e-01,3.386492967450000151e+02,2.024000000000000000e+03,1.200000000000000000e+01,3.000000000000000000e+00,1.800000000000000000e+01,4.600000000000000000e+01,4.640765400000000085e+01
4.001504233056999738e+01,-8.302996873879999384e+01,2.348599999999999799e+00,-9.341000000000000414e-01,-3.742151159570999974e-01,-2.727217439754400230e-01,-2.830236455276400331e-01,-5.445820120000000042e-01,9.134408840000000085e-01,3.386872063349999848e+02,2.024000000000000000e+03,1.200000000000000000e+01,3.000000000000000000e+00,1.800000000000000000e+01,4.600000000000000000e+01,4.647794300000000334e+01
4.001504380643000047e+01,-8.302996950610000226e+01,2.336100000000000065e+00,-9.358999999999999542e-01,-2.414685860950999963e-01,-2.868990447585600401e-01,-1.103981633531400108e-01,-5.571651840000000355e-01,9.087758179999999575e-01,3.387324323939999999e+02,2.024000000000000000e+03,1.200000000000000000e+01,3.000000000000000000e+00,1.800000000000000000e+01,4.600000000000000000e+01,4.654898500000000183e+01
4.001504569445999948e+01,-8.302997049294999954e+01,2.323799999999999866e+00,-9.226999999999999647e-01,5.919577577897600085e-01,-5.262378117016799361e-01,6.571553795909999829e-02,-5.733936309999999592e-01,8.562286989999999820e-01,3.387768225309999934e+02,2.024000000000000000e+03,1.200000000000000000e+01,3.000000000000000000e+00,1.800000000000000000e+01,4.600000000000000000e+01,4.663533199999999823e+01
4.001504798252000228e+01,-8.302997166241000571e+01,2.303100000000000147e+00,-8.949000000000000288e-01,2.274098150461800194e-01,-2.869403549742199910e-01,1.631794876760000179e-01,-5.433588400000000096e-01,9.075679309999999944e-01,3.387967831039999851e+02,2.024000000000000000e+03,1.200000000000000000e+01,3.000000000000000000e+00,1.800000000000000000e+01,4.600000000000000000e+01,4.674468900000000104e+01
4.001504964570000311e+01,-8.302997250247000238e+01,2.314599999999999991e+00,-8.930000000000000160e-01,1.669668386189999965e-01,2.372260887293799747e-01,2.647301416705200028e-01,-5.180918159999999828e-01,9.438648269999999618e-01,3.388290123539999854e+02,2.024000000000000000e+03,1.200000000000000000e+01,3.000000000000000000e+00,1.800000000000000000e+01,4.600000000000000000e+01,4.683153500000000236e+01
4.001505131127999704e+01,-8.302997334991999878e+01,2.310200000000000031e+00,-9.129000000000000448e-01,-5.782256508828800268e-01,5.600287276384000035e-02,3.123760894300000104e-03,-4.945618110000000178e-01,9.340858570000000194e-01,3.388721480350000093e+02,2.024000000000000000e+03,1.200000000000000000e+01,3.000000000000000000e+00,1.800000000000000000e+01,4.600000000000000000e+01,4.690348900000000043e+01
4.001505235065000221e+01,-8.302997388577000493e+01,2.307500000000000107e+00,-9.164999999999999813e-01,-2.747158348150199880e-01,-4.174110584699999849e-02,-8.171316885278000208e-02,-4.930480899999999944e-01,9.208984439999999827e-01,3.388917190939999955e+02,2.024000000000000000e+03,1.200000000000000000e+01,3.000000000000000000e+00,1.800000000000000000e+01,4.600000000000000000e+01,4.697390800000000155e+01
4.001505359597000222e+01,-8.302997453350999990e+01,2.301200000000000134e+00,-9.257999999999999563e-01,-5.214639164841400332e-01,-1.466936347419399989e-01,-1.250874012649799971e-01,-5.049988640000000473e-01,9.079585780000000161e-01,3.389032663770000227e+02,2.024000000000000000e+03,1.200000000000000000e+01,3.000000000000000000e+00,1.800000000000000000e+01,4.600000000000000000e+01,4.705170499999999834e+01
4.001505607967000344e+01,-8.302997583382999380e+01,2.298500000000000210e+00,-9.177999999999999492e-01,2.798307333222200266e-01,-9.166578527089999651e-02,-2.000256404723400050e-01,-5.795574890000000368e-01,9.200395890000000465e-01,3.389022046029999728e+02,2.024000000000000000e+03,1.200000000000000000e+01,3.000000000000000000e+00,1.800000000000000000e+01,4.600000000000000000e+01,4.713534200000000141e+01
4.001505752858000164e+01,-8.302997658003999959e+01,2.299300000000000122e+00,-9.006999999999999451e-01,5.809805377590400166e-01,-9.531785127844000227e-02,8.673592562540000106e-02,-5.737813459999999699e-01,9.264861060000000315e-01,3.389151757889999885e+02,2.024000000000000000e+03,1.200000000000000000e+01,3.000000000000000000e+00,1.800000000000000000e+01,4.600000000000000000e+01,4.721102599999999683e+01
4.001505897479999874e+01,-8.302997731099000589e+01,2.290099999999999802e+00,-8.790000000000000036e-01,5.229598583988400717e-01,-4.349187500526799921e-01,3.592485104687799802e-01,-5.376097260000000100e-01,9.014006650000000453e-01,3.389266944980000176e+02,2.024000000000000000e+03,1.200000000000000000e+01,3.000000000000000000e+00,1.800000000000000000e+01,4.600000000000000000e+01,4.728208300000000008e+01
4.001506061794999880e+01,-8.302997812646999876e+01,2.266599999999999948e+00,-8.632999999999999563e-01,4.045265674672000183e-02,-7.982328350540799367e-01,-3.181682721989999990e-02,-4.759236900000000103e-01,8.553772530000000041e-01,3.389338713920000146e+02,2.024000000000000000e+03,1.200000000000000000e+01,3.000000000000000000e+00,1.800000000000000000e+01,4.600000000000000000e+01,4.735317100000000323e+01
4.001506264212000019e+01,-8.302997913888999904e+01,2.228200000000000180e+00,-8.667000000000000259e-01,-5.093539465167399305e-01,-6.882347393375000122e-01,1.399230611913399869e-01,-4.132373380000000096e-01,8.242890210000000106e-01,3.389616658940000207e+02,2.024000000000000000e+03,1.200000000000000000e+01,3.000000000000000000e+00,1.800000000000000000e+01,4.600000000000000000e+01,4.746262899999999973e+01
4.001506522529999899e+01,-8.302998045191000642e+01,2.182999999999999829e+00,-8.498999999999999888e-01,2.083233207617800065e-01,-8.274776481732800670e-01,-3.849306931291799905e-01,-3.840200730000000173e-01,8.055733219999999806e-01,3.389778608689999828e+02,2.024000000000000000e+03,1.200000000000000000e+01,3.000000000000000000e+00,1.800000000000000000e+01,4.600000000000000000e+01,4.758559900000000198e+01
4.001506890262000127e+01,-8.302998233155000207e+01,2.130199999999999871e+00,-8.290999999999999481e-01,8.187751752641199143e-01,-4.702841735775999954e-01,4.285792775287999845e-01,-3.836407000000000012e-01,9.019669270000000294e-01,3.390015489389999743e+02,2.024000000000000000e+03,1.200000000000000000e+01,3.000000000000000000e+00,1.800000000000000000e+01,4.600000000000000000e+01,4.778110300000000166e+01
