4.001471401623999924e+01,-8.303002795976000527e+01,3.599999999999999901e-03,1.319999999999999993e-02,8.674469069399998958e-04,1.176623242357799914e-01,2.117823276807999713e-02,7.918837880000000329e-01,-7.534066430000000425e-01,7.137066048600000556e+01,2.024000000000000000e+03,1.100000000000000000e+01,2.500000000000000000e+01,1.200000000000000000e+01,3.100000000000000000e+01,3.083930300000000102e+01
4.001471401666999839e+01,-8.303002796279000108e+01,4.100000000000000346e-03,1.370000000000000037e-02,2.003630335794000239e-02,1.119328885089600073e-01,1.369367489783999969e-02,7.913127650000000290e-01,-7.534476479999999698e-01,7.137041443600000434e+01,2.024000000000000000e+03,1.100000000000000000e+01,2.500000000000000000e+01,1.200000000000000000e+01,3.100000000000000000e+01,3.089417699999999911e+01
4.001471401703999931e+01,-8.303002796578999778e+01,3.799999999999999992e-03,1.409999999999999969e-02,-1.215266583433999986e-02,1.399532352583399974e-01,8.888104780860000761e-03,7.915283509999999634e-01,-7.531125770000000053e-01,7.137025622000000169e+01,2.024000000000000000e+03,1.100000000000000000e+01,2.500000000000000000e+01,1.200000000000000000e+01,3.100000000000000000e+01,3.094693200000000033e+01
4.001471401797999761e+01,-8.303002797150000447e+01,4.499999999999999660e-03,1.529999999999999936e-02,-2.376640998149999809e-02,8.496687517378000154e-02,4.973394599319999783e-03,7.909933839999999661e-01,-7.530529230000000407e-01,7.137003717499999311e+01,2.024000000000000000e+03,1.100000000000000000e+01,2.500000000000000000e+01,1.200000000000000000e+01,3.100000000000000000e+01,3.120044800000000151e+01
4.001471403453000164e+01,-8.303002802347999989e+01,8.600000000000000006e-03,2.129999999999999949e-02,-3.218951796655999953e-02,7.286261220533998828e-02,1.197491020331999979e-02,7.935649940000000235e-01,-7.538136229999999882e-01,7.136965738700000372e+01,2.024000000000000000e+03,1.100000000000000000e+01,2.500000000000000000e+01,1.200000000000000000e+01,3.100000000000000000e+01,3.125390200000000007e+01
4.001471404005000210e+01,-8.303002800766999769e+01,1.039999999999999952e-02,2.359999999999999945e-02,-3.759359104720000344e-02,1.495044672760200144e-01,-5.418964756324000376e-02,7.927615479999999826e-01,-7.551147049999999972e-01,7.136835074600000439e+01,2.024000000000000000e+03,1.100000000000000000e+01,2.500000000000000000e+01,1.200000000000000000e+01,3.100000000000000000e+01,3.130733400000000088e+01
4.001471404704999912e+01,-8.303002798642999949e+01,1.400000000000000029e-02,3.629999999999999893e-02,1.686662893393999982e-02,4.471649629387000058e-01,-1.010429444285400047e-01,7.912898900000000513e-01,-7.435379009999999456e-01,7.136751253399999939e+01,2.024000000000000000e+03,1.100000000000000000e+01,2.500000000000000000e+01,1.200000000000000000e+01,3.100000000000000000e+01,3.135993099999999956e+01
4.001471405541000337e+01,-8.303002795887999810e+01,2.069999999999999965e-02,5.650000000000000161e-02,1.511847864365999800e-02,8.225383235750800548e-01,-1.688009211600599857e-01,7.907695380000000496e-01,-7.248881600000000036e-01,7.136612515500000598e+01,2.024000000000000000e+03,1.100000000000000000e+01,2.500000000000000000e+01,1.200000000000000000e+01,3.100000000000000000e+01,3.141268600000000077e+01
4.001471406694000166e+01,-8.303002791804999561e+01,2.889999999999999861e-02,8.319999999999999618e-02,3.158581933437999700e-02,1.158753771072080108e+00,-1.627716639405799859e-01,7.897869400000000484e-01,-6.968316129999999609e-01,7.136449546699999757e+01,2.024000000000000000e+03,1.100000000000000000e+01,2.500000000000000000e+01,1.200000000000000000e+01,3.100000000000000000e+01,3.146579900000000052e+01
4.001471408644000149e+01,-8.303002784587999940e+01,4.240000000000000019e-02,1.229999999999999982e-01,-7.900315286919999680e-03,1.471136341579100115e+00,-8.749511627832000371e-02,7.928414649999999675e-01,-6.544621280000000318e-01,7.136218143199999986e+01,2.024000000000000000e+03,1.100000000000000000e+01,2.500000000000000000e+01,1.200000000000000000e+01,3.100000000000000000e+01,3.151909099999999953e+01
4.001471410888999714e+01,-8.303002776165000398e+01,5.630000000000000282e-02,1.643999999999999906e-01,-2.982795844717999953e-02,1.762632399191459864e+00,4.291447318555999951e-02,7.983021230000000301e-01,-6.163955049999999547e-01,7.136044945700000142e+01,2.024000000000000000e+03,1.100000000000000000e+01,2.500000000000000000e+01,1.200000000000000000e+01,3.100000000000000000e+01,3.157162100000000038e+01
4.001471413832999957e+01,-8.303002765098000282e+01,7.280000000000000360e-02,2.139999999999999958e-01,6.718174250399999714e-03,2.140003399633700010e+00,-8.491752512099999539e-03,8.023796850000000092e-01,-5.734605489999999861e-01,7.135732783999999640e+01,2.024000000000000000e+03,1.100000000000000000e+01,2.500000000000000000e+01,1.200000000000000000e+01,3.100000000000000000e+01,3.162520800000000065e+01
4.001471418413999714e+01,-8.303002747729999555e+01,9.560000000000000442e-02,2.814999999999999725e-01,-4.268371024239999735e-03,2.454235080759100018e+00,6.069696726671999776e-02,8.077925200000000139e-01,-5.266114699999999704e-01,7.135190991899999347e+01,2.024000000000000000e+03,1.100000000000000000e+01,2.500000000000000000e+01,1.200000000000000000e+01,3.100000000000000000e+01,3.167849599999999910e+01
4.001471423264000293e+01,-8.303002729451000619e+01,1.188000000000000028e-01,3.432000000000000051e-01,-1.055886365563599993e-01,2.672959975883800077e+00,1.961033838180400168e-01,8.129655550000000064e-01,-4.926785719999999813e-01,7.134710742000000039e+01,2.024000000000000000e+03,1.100000000000000000e+01,2.500000000000000000e+01,1.200000000000000000e+01,3.100000000000000000e+01,3.173216599999999943e+01
4.001471429234000254e+01,-8.303002707374000124e+01,1.451000000000000068e-01,4.103999999999999870e-01,-1.615808841677399965e-01,2.886893380604780290e+00,1.678629909340400017e-01,8.149459999999999482e-01,-4.647015990000000207e-01,7.134140559700000495e+01,2.024000000000000000e+03,1.100000000000000000e+01,2.500000000000000000e+01,1.200000000000000000e+01,3.100000000000000000e+01,3.178551300000000168e+01
4.001471438040999828e+01,-8.303002675410999700e+01,1.789000000000000035e-01,4.988000000000000211e-01,-1.063316860995400098e-01,3.154702302102020184e+00,1.290353058094399763e-01,8.086066880000000179e-01,-4.297350600000000020e-01,7.133232740699999397e+01,2.024000000000000000e+03,1.100000000000000000e+01,2.500000000000000000e+01,1.200000000000000000e+01,3.100000000000000000e+01,3.183886000000000038e+01
4.001471446835999757e+01,-8.303002644017000478e+01,2.096000000000000085e-01,5.733000000000000318e-01,-2.009693454918600186e-01,3.227827105633319871e+00,9.360579188105999648e-02,7.974528640000000390e-01,-4.086124939999999928e-01,7.132592806300000632e+01,2.024000000000000000e+03,1.100000000000000000e+01,2.500000000000000000e+01,1.200000000000000000e+01,3.100000000000000000e+01,3.189241399999999871e+01
4.001471456881999700e+01,-8.303002608126000439e+01,2.349999999999999867e-01,6.516999999999999460e-01,5.161520641023999850e-02,3.279060696641079797e+00,9.107040434446000976e-02,7.863085690000000127e-01,-4.007797909999999963e-01,7.132014044699999999e+01,2.024000000000000000e+03,1.100000000000000000e+01,2.500000000000000000e+01,1.200000000000000000e+01,3.100000000000000000e+01,3.194551500000000033e+01
4.001471470376999662e+01,-8.303002559041999575e+01,2.637999999999999790e-01,7.440999999999999837e-01,8.394922159706000309e-02,3.219900666002620149e+00,-1.020872636549600004e-01,7.844194039999999868e-01,-4.023293259999999871e-01,7.130702372400000399e+01,2.024000000000000000e+03,1.100000000000000000e+01,2.500000000000000000e+01,1.200000000000000000e+01,3.100000000000000000e+01,3.199912899999999993e+01
4.001471482848000250e+01,-8.303002513250000050e+01,2.883999999999999897e-01,8.198999999999999622e-01,7.006541919452000111e-02,3.193574822743140196e+00,-6.494177383494000033e-02,7.794719319999999785e-01,-4.058464450000000001e-01,7.128819651899999599e+01,2.024000000000000000e+03,1.100000000000000000e+01,2.500000000000000000e+01,1.200000000000000000e+01,3.100000000000000000e+01,3.205202500000000043e+01
4.001471493569999893e+01,-8.303002473508999515e+01,3.052000000000000268e-01,8.776000000000000467e-01,1.345563508150799947e-01,3.044060780755079687e+00,1.249629306937000001e-01,7.769686609999999494e-01,-4.148514689999999727e-01,7.127186986099999899e+01,2.024000000000000000e+03,1.100000000000000000e+01,2.500000000000000000e+01,1.200000000000000000e+01,3.100000000000000000e+01,3.210528899999999908e+01
4.001471499125000264e+01,-8.303002452634000008e+01,3.113000000000000211e-01,9.050000000000000266e-01,2.450456738112599953e-01,2.897263688175760077e+00,1.681451705623200066e-01,7.784311299999999711e-01,-4.265352159999999948e-01,7.126546551500000248e+01,2.024000000000000000e+03,1.100000000000000000e+01,2.500000000000000000e+01,1.200000000000000000e+01,3.100000000000000000e+01,3.215810700000000111e+01
4.001471528815999790e+01,-8.303002339823000000e+01,3.461000000000000187e-01,1.019200000000000106e+00,2.265419369024000013e-02,1.139172216253860004e+00,8.653831341532000621e-02,8.168720440000000194e-01,-5.088210930000000021e-01,7.124458497999999906e+01,2.024000000000000000e+03,1.100000000000000000e+01,2.500000000000000000e+01,1.200000000000000000e+01,3.100000000000000000e+01,3.221208399999999727e+01
4.001471541536999865e+01,-8.303002291146999880e+01,3.603999999999999981e-01,1.058899999999999952e+00,-4.193473213418000278e-02,2.135310605161900188e+00,3.736936442790000229e-02,8.344332589999999827e-01,-5.333812239999999871e-01,7.123585672400000135e+01,2.024000000000000000e+03,1.100000000000000000e+01,2.500000000000000000e+01,1.200000000000000000e+01,3.100000000000000000e+01,3.226511899999999855e+01
4.001471565112999684e+01,-8.303002201213000433e+01,3.889000000000000234e-01,1.135099999999999998e+00,-1.089208756607399908e-01,2.382391138843860112e+00,-1.205141377790200086e-01,8.596674039999999684e-01,-5.611596309999999921e-01,7.120798336199999312e+01,2.024000000000000000e+03,1.100000000000000000e+01,2.500000000000000000e+01,1.200000000000000000e+01,3.100000000000000000e+01,3.231919899999999757e+01
4.001471583216999761e+01,-8.303002132973999494e+01,4.159999999999999809e-01,1.194299999999999917e+00,-3.233490079758599700e-01,2.585713573891359918e+00,-1.687556360213999795e-01,8.709640640000000378e-01,-5.733167810000000530e-01,7.118103302999999471e+01,2.024000000000000000e+03,1.100000000000000000e+01,2.500000000000000000e+01,1.200000000000000000e+01,3.100000000000000000e+01,3.237248199999999798e+01
4.001471602747000134e+01,-8.303002061219000041e+01,4.512999999999999790e-01,1.254899999999999904e+00,-5.765769598137999719e-01,2.736620585801860184e+00,-1.827762313830600116e-01,8.707343549999999599e-01,-5.940977610000000020e-01,7.115804224999999406e+01,2.024000000000000000e+03,1.100000000000000000e+01,2.500000000000000000e+01,1.200000000000000000e+01,3.100000000000000000e+01,3.242482900000000257e+01
4.001471628526999780e+01,-8.303001970422999989e+01,5.030000000000000027e-01,1.328999999999999959e+00,-8.612936958063600601e-01,2.917172714900019947e+00,-2.407780099180600042e-01,8.309842710000000521e-01,-6.301052419999999543e-01,7.113845554200000265e+01,2.024000000000000000e+03,1.100000000000000000e+01,2.500000000000000000e+01,1.200000000000000000e+01,3.100000000000000000e+01,3.247803700000000049e+01
4.001471652101999865e+01,-8.303001890691000142e+01,5.434999999999999831e-01,1.393000000000000016e+00,-6.928714233004199530e-01,2.921282037504920215e+00,-2.115682740448599775e-01,7.610386740000000261e-01,-6.699196050000000291e-01,7.112363822400000402e+01,2.024000000000000000e+03,1.100000000000000000e+01,2.500000000000000000e+01,1.200000000000000000e+01,3.100000000000000000e+01,3.253238199999999836e+01
4.001471676580000292e+01,-8.303001807331999373e+01,5.449000000000000510e-01,1.452800000000000091e+00,6.855797119332800449e-01,2.246352968181439813e+00,1.760891195001400011e-01,7.016945449999999473e-01,-7.218765579999999460e-01,7.110191532599999675e+01,2.024000000000000000e+03,1.100000000000000000e+01,2.500000000000000000e+01,1.200000000000000000e+01,3.100000000000000000e+01,3.258581399999999917e+01
4.001471705376999921e+01,-8.303001703564000024e+01,5.272999999999999909e-01,1.497800000000000020e+00,8.116519832305999493e-01,1.160487643988200146e+00,3.689703695977999964e-01,7.194699390000000028e-01,-7.806028990000000167e-01,7.106262380699999426e+01,2.024000000000000000e+03,1.100000000000000000e+01,2.500000000000000000e+01,1.200000000000000000e+01,3.100000000000000000e+01,3.263953099999999807e+01
4.001471729010000189e+01,-8.303001614949999976e+01,5.268000000000000460e-01,1.527600000000000069e+00,1.989464130228000005e-01,1.143456511710880141e+00,2.177908322482000059e-02,7.533776620000000035e-01,-7.978669440000000224e-01,7.102990624299999922e+01,2.024000000000000000e+03,1.100000000000000000e+01,2.500000000000000000e+01,1.200000000000000000e+01,3.100000000000000000e+01,3.269320700000000102e+01
4.001471752927999859e+01,-8.303001524334000294e+01,5.350000000000000311e-01,1.567499999999999893e+00,2.297667289569000071e-01,1.661489791197540145e+00,2.000734322699999901e-02,7.715233390000000302e-01,-7.874886169999999463e-01,7.100465905500000474e+01,2.024000000000000000e+03,1.100000000000000000e+01,2.500000000000000000e+01,1.200000000000000000e+01,3.100000000000000000e+01,3.274759900000000101e+01
4.001471782146000322e+01,-8.303001412617000199e+01,5.453000000000000069e-01,1.610300000000000065e+00,-1.405472465008000132e-02,1.436353074412479947e+00,7.569460902867999885e-02,8.012613870000000471e-01,-8.122152409999999767e-01,7.098171222700000271e+01,2.024000000000000000e+03,1.100000000000000000e+01,2.500000000000000000e+01,1.200000000000000000e+01,3.100000000000000000e+01,3.280084500000000247e+01
4.001471806847000323e+01,-8.303001317531000325e+01,5.537999999999999590e-01,1.633599999999999941e+00,-1.303432023998200018e-01,8.767369034352801016e-01,1.073645786358400078e-01,8.491472030000000171e-01,-8.696657979999999899e-01,7.096242190499999936e+01,2.024000000000000000e+03,1.100000000000000000e+01,2.500000000000000000e+01,1.200000000000000000e+01,3.100000000000000000e+01,3.285443599999999975e+01
4.001471836843000318e+01,-8.303001202126999658e+01,5.594000000000000083e-01,1.647499999999999964e+00,-1.837809364390400046e-01,4.127083683171399731e-01,3.768057088960000394e-03,9.169888470000000513e-01,-9.468176050000000066e-01,7.092251162899999883e+01,2.024000000000000000e+03,1.100000000000000000e+01,2.500000000000000000e+01,1.200000000000000000e+01,3.100000000000000000e+01,3.290767300000000262e+01
4.001471862281999847e+01,-8.303001105634000112e+01,5.721000000000000529e-01,1.648700000000000054e+00,-5.322371556594199804e-01,2.862290334096800337e-01,-2.277534397504799857e-01,9.584577579999999930e-01,-1.002976102999999952e+00,7.088548585300000582e+01,2.024000000000000000e+03,1.100000000000000000e+01,2.500000000000000000e+01,1.200000000000000000e+01,3.100000000000000000e+01,3.296106999999999942e+01
4.001471888444999792e+01,-8.303001009154000656e+01,5.865000000000000213e-01,1.647799999999999931e+00,-4.145144502250400209e-01,1.984959798317199875e-01,2.943502437705999841e-02,9.716789519999999847e-01,-1.061719555000000037e+00,7.085489818300000309e+01,2.024000000000000000e+03,1.100000000000000000e+01,2.500000000000000000e+01,1.200000000000000000e+01,3.100000000000000000e+01,3.301420699999999897e+01
4.001471920345999678e+01,-8.303000893194000298e+01,5.934000000000000385e-01,1.650800000000000045e+00,-1.633239018953999977e-01,1.054510521169800125e-01,-7.771019154680000249e-03,9.766210400000000513e-01,-1.135728725000000106e+00,7.082829818400000477e+01,2.024000000000000000e+03,1.100000000000000000e+01,2.500000000000000000e+01,1.200000000000000000e+01,3.100000000000000000e+01,3.306825099999999651e+01
4.001471931055999676e+01,-8.303000854489999938e+01,5.950999999999999623e-01,1.652900000000000036e+00,-9.391632203914000721e-02,2.000448521996199824e-01,-4.152115864217800212e-01,9.758305520000000177e-01,-1.148580144000000081e+00,7.082041860799999711e+01,2.024000000000000000e+03,1.100000000000000000e+01,2.500000000000000000e+01,1.200000000000000000e+01,3.100000000000000000e+01,3.312261099999999914e+01
4.001471963240000207e+01,-8.303000738119000346e+01,5.979999999999999760e-01,1.658199999999999896e+00,-1.167440821482600144e-01,2.068192093995000203e-01,-4.028159979702399807e-01,9.893794839999999757e-01,-1.178669221999999905e+00,7.079308993399999395e+01,2.024000000000000000e+03,1.100000000000000000e+01,2.500000000000000000e+01,1.200000000000000000e+01,3.100000000000000000e+01,3.317589900000000114e+01
4.001472006550999794e+01,-8.303000581439999905e+01,6.055000000000000382e-01,1.689300000000000024e+00,4.812087955752000074e-02,9.817475127171200189e-01,-3.083762649544399825e-01,1.001206760000000084e+00,-1.148551510000000109e+00,7.074334663700000192e+01,2.024000000000000000e+03,1.100000000000000000e+01,2.500000000000000000e+01,1.200000000000000000e+01,3.100000000000000000e+01,3.322929599999999795e+01
4.001472034161000124e+01,-8.303000481470000693e+01,6.156000000000000361e-01,1.726499999999999924e+00,8.340498673170000654e-02,1.433764773965040096e+00,-7.594250874958000108e-02,1.011347296999999923e+00,-1.126476931000000015e+00,7.071113222500000006e+01,2.024000000000000000e+03,1.100000000000000000e+01,2.500000000000000000e+01,1.200000000000000000e+01,3.100000000000000000e+01,3.328273899999999941e+01
4.001472062053999679e+01,-8.303000379137999687e+01,6.147000000000000242e-01,1.773200000000000109e+00,8.216500929792199814e-01,1.715714911696520240e+00,-8.044178539639999792e-02,1.036336230999999941e+00,-1.111217228999999973e+00,7.068104158799999936e+01,2.024000000000000000e+03,1.100000000000000000e+01,2.500000000000000000e+01,1.200000000000000000e+01,3.100000000000000000e+01,3.333539400000000086e+01
4.001472094817000169e+01,-8.303000251896000350e+01,5.921999999999999487e-01,1.852000000000000091e+00,1.719273097853379895e+00,2.229132939974439953e+00,2.191250977831999888e-02,1.165178765000000061e+00,-1.133481353000000080e+00,7.064390203300000337e+01,2.024000000000000000e+03,1.100000000000000000e+01,2.500000000000000000e+01,1.200000000000000000e+01,3.100000000000000000e+01,3.338856100000000282e+01
4.001472122212999949e+01,-8.303000142867999500e+01,6.173999999999999488e-01,1.876800000000000024e+00,-6.015483111995200138e-01,1.223170496805020102e+00,6.069856196188400110e-01,1.315811092999999987e+00,-1.188735743000000067e+00,7.062414029999999343e+01,2.024000000000000000e+03,1.100000000000000000e+01,2.500000000000000000e+01,1.200000000000000000e+01,3.100000000000000000e+01,3.344281600000000054e+01
4.001472151189000215e+01,-8.303000033000999736e+01,6.622999999999999998e-01,1.880400000000000071e+00,-1.577776886176359916e+00,6.718720867588600099e-01,4.633523258243800180e-01,1.363653162999999946e+00,-1.225760960999999982e+00,7.060478365500000564e+01,2.024000000000000000e+03,1.100000000000000000e+01,2.500000000000000000e+01,1.200000000000000000e+01,3.100000000000000000e+01,3.349535000000000196e+01
4.001472181905000269e+01,-8.302999922729999582e+01,6.935999999999999943e-01,1.891199999999999992e+00,-8.443643389023600676e-01,8.217376156506800422e-01,1.470582614110400033e-01,1.311050244999999892e+00,-1.214732456999999988e+00,7.057309550399999409e+01,2.024000000000000000e+03,1.100000000000000000e+01,2.500000000000000000e+01,1.200000000000000000e+01,3.100000000000000000e+01,3.354936800000000119e+01
4.001472213593000049e+01,-8.302999811223999416e+01,7.090999999999999526e-01,1.921100000000000030e+00,-1.082761954731400050e-01,1.356506076162679930e+00,1.111888188084399903e-01,1.269318233999999990e+00,-1.190768641000000017e+00,7.053306226300000503e+01,2.024000000000000000e+03,1.100000000000000000e+01,2.500000000000000000e+01,1.200000000000000000e+01,3.100000000000000000e+01,3.360398299999999949e+01
4.001472252543999986e+01,-8.302999674433999644e+01,7.315000000000000391e-01,1.973600000000000021e+00,-1.817809696074799974e-01,1.874779233037579873e+00,1.486393739250600199e-01,1.284841064000000088e+00,-1.188285285000000080e+00,7.049030710399999577e+01,2.024000000000000000e+03,1.100000000000000000e+01,2.500000000000000000e+01,1.200000000000000000e+01,3.100000000000000000e+01,3.365794000000000352e+01
4.001472293319999807e+01,-8.302999534149999761e+01,7.681999999999999940e-01,2.022200000000000220e+00,-3.574625642107399637e-01,1.843305249535600154e+00,-1.147907715494199954e-01,1.290658330999999936e+00,-1.236902267000000055e+00,7.046943217300000128e+01,2.024000000000000000e+03,1.100000000000000000e+01,2.500000000000000000e+01,1.200000000000000000e+01,3.100000000000000000e+01,3.371118200000000087e+01
4.001472328543000145e+01,-8.302999414814000545e+01,7.854999999999999760e-01,2.058199999999999807e+00,1.515389000659199958e-01,1.547667746024619984e+00,-5.429761007688800323e-01,1.239176891000000058e+00,-1.292389513999999906e+00,7.045644602100000498e+01,2.024000000000000000e+03,1.100000000000000000e+01,2.500000000000000000e+01,1.200000000000000000e+01,3.100000000000000000e+01,3.376465199999999811e+01
4.001472370591999805e+01,-8.302999268796999388e+01,7.627000000000000446e-01,2.103899999999999881e+00,1.541868227636820077e+00,1.211661618585060163e+00,-3.226751636219399866e-01,1.185249701999999905e+00,-1.343327197999999889e+00,7.042626364000000194e+01,2.024000000000000000e+03,1.100000000000000000e+01,2.500000000000000000e+01,1.200000000000000000e+01,3.100000000000000000e+01,3.381819200000000336e+01
4.001472404564000129e+01,-8.302999144720000402e+01,7.412999999999999590e-01,2.137999999999999901e+00,1.335858523683979948e+00,1.008340547053000025e+00,-7.258970967524000506e-02,1.220105253999999917e+00,-1.367362640000000074e+00,7.039505722900000251e+01,2.024000000000000000e+03,1.100000000000000000e+01,2.500000000000000000e+01,1.200000000000000000e+01,3.100000000000000000e+01,3.387198699999999718e+01
4.001472438124000064e+01,-8.302999018922000118e+01,7.430999999999999828e-01,2.161200000000000010e+00,3.081021163875800051e-01,8.431415823129799758e-01,-3.887870835587999702e-02,1.299103636999999978e+00,-1.368400936000000012e+00,7.037308398999999781e+01,2.024000000000000000e+03,1.100000000000000000e+01,2.500000000000000000e+01,1.200000000000000000e+01,3.100000000000000000e+01,3.392596499999999793e+01
4.001472479059999898e+01,-8.302998866760999874e+01,7.651999999999999913e-01,2.172600000000000087e+00,-4.349375518738999857e-01,5.321570238469000014e-01,-2.265044856030599962e-01,1.371636630000000023e+00,-1.331327087000000020e+00,7.037199005600000135e+01,2.024000000000000000e+03,1.100000000000000000e+01,2.500000000000000000e+01,1.200000000000000000e+01,3.100000000000000000e+01,3.397990000000000066e+01
4.001472513430000078e+01,-8.302998739193999711e+01,7.560000000000000053e-01,2.190599999999999881e+00,7.691703598936799890e-01,6.458473834103599653e-01,5.457297140671000246e-01,1.430098958000000087e+00,-1.276021516999999994e+00,7.037169913300000701e+01,2.024000000000000000e+03,1.100000000000000000e+01,2.500000000000000000e+01,1.200000000000000000e+01,3.100000000000000000e+01,3.403331699999999671e+01
4.001472554259999725e+01,-8.302998584418000405e+01,7.543999999999999595e-01,2.218199999999999950e+00,2.551993696322199523e-01,9.045249670248799445e-01,7.998719504115200385e-01,1.529293164000000038e+00,-1.253984774999999940e+00,7.034525737900000308e+01,2.024000000000000000e+03,1.100000000000000000e+01,2.500000000000000000e+01,1.200000000000000000e+01,3.100000000000000000e+01,3.408809000000000111e+01
4.001472561103000203e+01,-8.302998558449999678e+01,7.577000000000000401e-01,2.221499999999999808e+00,-9.084891529359999732e-03,8.876821114401199919e-01,4.411985676444399873e-01,1.547277857999999950e+00,-1.255182537000000043e+00,7.033933406299999547e+01,2.024000000000000000e+03,1.100000000000000000e+01,2.500000000000000000e+01,1.200000000000000000e+01,3.100000000000000000e+01,3.414228800000000064e+01
4.001472617420999711e+01,-8.302998349323000582e+01,8.044999999999999929e-01,2.245800000000000018e+00,-9.203473563517999834e-01,9.889704983163000174e-01,-1.378882449174599900e-01,1.649910028999999945e+00,-1.279768052000000100e+00,7.029469607199999359e+01,2.024000000000000000e+03,1.100000000000000000e+01,2.500000000000000000e+01,1.200000000000000000e+01,3.100000000000000000e+01,3.419682199999999739e+01
4.001472661710000267e+01,-8.302998191054000188e+01,8.294000000000000261e-01,2.262900000000000134e+00,-1.794116914835000021e-01,7.807660806674600051e-01,-2.018802534135000215e-01,1.649665584999999934e+00,-1.304282788000000082e+00,7.027452192500000194e+01,2.024000000000000000e+03,1.100000000000000000e+01,2.500000000000000000e+01,1.200000000000000000e+01,3.100000000000000000e+01,3.425114599999999854e+01
4.001472706769000354e+01,-8.302998031551000224e+01,8.395000000000000240e-01,2.282399999999999984e+00,2.749368927408200047e-01,7.568236645294000864e-01,-4.380164873188799879e-01,1.643424033000000062e+00,-1.298185028000000019e+00,7.025836059799999589e+01,2.024000000000000000e+03,1.100000000000000000e+01,2.500000000000000000e+01,1.200000000000000000e+01,3.100000000000000000e+01,3.430480399999999719e+01
4.001472752382999687e+01,-8.302997870446000661e+01,8.580999999999999739e-01,2.306900000000000173e+00,-3.786776299216200181e-01,1.032727798049920098e+00,-3.036912177971199944e-01,1.653420907000000106e+00,-1.263952648000000067e+00,7.023994375200000206e+01,2.024000000000000000e+03,1.100000000000000000e+01,2.500000000000000000e+01,1.200000000000000000e+01,3.100000000000000000e+01,3.435890100000000302e+01
4.001472791511999816e+01,-8.302997734683999909e+01,8.881999999999999895e-01,2.331500000000000128e+00,-8.225991566631200014e-01,1.310412115106780018e+00,5.928307815279999782e-02,1.624963861999999981e+00,-1.243471956000000045e+00,7.022056001699999683e+01,2.024000000000000000e+03,1.100000000000000000e+01,2.500000000000000000e+01,1.200000000000000000e+01,3.100000000000000000e+01,3.441138899999999978e+01
4.001472831617000026e+01,-8.302997597498999482e+01,8.991000000000000103e-01,2.357800000000000118e+00,1.126405567554599890e-01,1.147894573240419991e+00,3.247954681345999878e-02,1.554777271000000072e+00,-1.229389966000000056e+00,7.019521249400000329e+01,2.024000000000000000e+03,1.100000000000000000e+01,2.500000000000000000e+01,1.200000000000000000e+01,3.100000000000000000e+01,3.446618999999999744e+01
4.001472879749999834e+01,-8.302997430787000610e+01,8.903999999999999693e-01,2.389400000000000190e+00,6.333588309331199540e-01,8.628139211432399591e-01,-8.254172336604000126e-02,1.512646704000000009e+00,-1.223319371999999960e+00,7.016745166500000153e+01,2.024000000000000000e+03,1.100000000000000000e+01,2.500000000000000000e+01,1.200000000000000000e+01,3.100000000000000000e+01,3.452089000000000141e+01
4.001472918988000060e+01,-8.302997290220000082e+01,8.636000000000000343e-01,2.412799999999999834e+00,1.245117390507699984e+00,5.043031769791600505e-01,-5.760295834948799820e-01,1.550418092999999997e+00,-1.210945850000000101e+00,7.013825949300000673e+01,2.024000000000000000e+03,1.100000000000000000e+01,2.500000000000000000e+01,1.200000000000000000e+01,3.100000000000000000e+01,3.457528899999999794e+01
4.001472966031000311e+01,-8.302997120483000515e+01,8.870999999999999996e-01,2.424100000000000144e+00,-7.240124299581599532e-01,7.899482242735199611e-01,4.251094480010600418e-01,1.595055050999999890e+00,-1.183999589999999991e+00,7.010927401899999722e+01,2.024000000000000000e+03,1.100000000000000000e+01,2.500000000000000000e+01,1.200000000000000000e+01,3.100000000000000000e+01,3.462961800000000068e+01
4.001473006532999932e+01,-8.302996978292999586e+01,9.179000000000000492e-01,2.435299999999999798e+00,-9.902746543256599754e-01,8.385515256749199731e-01,9.541745475406000487e-01,1.557260454999999988e+00,-1.193099775000000085e+00,7.009881428399999947e+01,2.024000000000000000e+03,1.100000000000000000e+01,2.500000000000000000e+01,1.200000000000000000e+01,3.100000000000000000e+01,3.468351899999999688e+01
4.001473055932000022e+01,-8.302996806618999415e+01,9.181000000000000272e-01,2.454899999999999860e+00,2.787585682821200339e-01,6.295992413283200140e-01,6.558943726440000788e-01,1.505885289000000071e+00,-1.228983071000000038e+00,7.008835544800000150e+01,2.024000000000000000e+03,1.100000000000000000e+01,2.500000000000000000e+01,1.200000000000000000e+01,3.100000000000000000e+01,3.473941599999999852e+01
4.001473097008999957e+01,-8.302996662501999481e+01,9.152000000000000135e-01,2.468100000000000183e+00,2.265326567031399896e-01,4.306114502694999846e-01,2.636816818545999891e-02,1.508036083999999999e+00,-1.265352124999999939e+00,7.006174022199999740e+01,2.024000000000000000e+03,1.100000000000000000e+01,2.500000000000000000e+01,1.200000000000000000e+01,3.100000000000000000e+01,3.479306100000000157e+01
4.001473138240999816e+01,-8.302996517859999415e+01,9.226999999999999647e-01,2.475200000000000067e+00,-1.355662654053799987e-01,4.015743174440399854e-01,-2.728822639937200090e-01,1.515108785000000013e+00,-1.305659482000000038e+00,7.002318667400000152e+01,2.024000000000000000e+03,1.100000000000000000e+01,2.500000000000000000e+01,1.200000000000000000e+01,3.100000000000000000e+01,3.484676199999999824e+01
4.001473179674999869e+01,-8.302996372812999937e+01,9.235999999999999766e-01,2.482000000000000206e+00,1.282723921188200222e-01,3.023475622194399803e-01,-4.667764785216199641e-01,1.512825561000000096e+00,-1.346227749999999945e+00,6.998897748100000626e+01,2.024000000000000000e+03,1.100000000000000000e+01,2.500000000000000000e+01,1.200000000000000000e+01,3.100000000000000000e+01,3.490059999999999718e+01
4.001473229060999870e+01,-8.302996198051999954e+01,9.103999999999999870e-01,2.494499999999999940e+00,6.160459530438400222e-01,2.402185124713799858e-01,-6.906487677110000334e-01,1.534876554000000004e+00,-1.388048801000000054e+00,6.996941286099999502e+01,2.024000000000000000e+03,1.100000000000000000e+01,2.500000000000000000e+01,1.200000000000000000e+01,3.100000000000000000e+01,3.495504999999999995e+01
4.001473277902999826e+01,-8.302996022239000240e+01,9.065999999999999615e-01,2.511000000000000121e+00,2.705399329761999927e-01,7.280570742888600178e-01,-5.265234992501199862e-01,1.592875481999999954e+00,-1.429605460999999966e+00,6.995915069699999833e+01,2.024000000000000000e+03,1.100000000000000000e+01,2.500000000000000000e+01,1.200000000000000000e+01,3.100000000000000000e+01,3.501090700000000311e+01
4.001473318702999649e+01,-8.302995874888000571e+01,9.141000000000000236e-01,2.523699999999999832e+00,-2.400616712985000067e-01,5.880808576596600057e-01,2.173790685713199999e-01,1.633672251999999991e+00,-1.482470854000000005e+00,6.994051812200000029e+01,2.024000000000000000e+03,1.100000000000000000e+01,2.500000000000000000e+01,1.200000000000000000e+01,3.100000000000000000e+01,3.506625100000000117e+01
4.001473343298999907e+01,-8.302995786078000151e+01,9.144999999999999796e-01,2.533100000000000129e+00,1.181619833109399942e-01,5.916040211237000301e-01,1.857951640327799858e-01,1.651522268999999987e+00,-1.524982862000000106e+00,6.992000437500000487e+01,2.024000000000000000e+03,1.100000000000000000e+01,2.500000000000000000e+01,1.200000000000000000e+01,3.100000000000000000e+01,3.512169000000000096e+01
4.001473392442999710e+01,-8.302995607777999965e+01,9.044999999999999707e-01,2.543000000000000149e+00,6.313081826534400198e-01,4.895134214271999740e-02,6.645761304383599466e-01,1.701702075999999897e+00,-1.625913533999999938e+00,6.985779089400000430e+01,2.024000000000000000e+03,1.100000000000000000e+01,2.500000000000000000e+01,1.200000000000000000e+01,3.100000000000000000e+01,3.517524499999999676e+01
4.001473448944999944e+01,-8.302995400470000220e+01,9.030000000000000249e-01,2.516199999999999992e+00,-7.533464304263800537e-01,-6.842661551722999391e-01,2.968377197346200314e-01,1.837576542999999951e+00,-1.697183182000000068e+00,6.978631162700000345e+01,2.024000000000000000e+03,1.100000000000000000e+01,2.500000000000000000e+01,1.200000000000000000e+01,3.100000000000000000e+01,3.522900400000000332e+01
4.001473498400000040e+01,-8.302995224871999369e+01,9.292000000000000259e-01,2.488999999999999879e+00,-1.291696067016139926e+00,-4.218096482825600124e-01,1.367213849768399991e-01,1.897876133000000021e+00,-1.679760254000000064e+00,6.976142450199999701e+01,2.024000000000000000e+03,1.100000000000000000e+01,2.500000000000000000e+01,1.200000000000000000e+01,3.100000000000000000e+01,3.528247900000000215e+01
4.001473549196000334e+01,-8.302995050046999381e+01,9.492000000000000437e-01,2.494699999999999918e+00,-4.576305436190200582e-01,5.709052555735800727e-01,-3.009593278880000056e-01,1.867734374999999947e+00,-1.628351091000000084e+00,6.974663001000000406e+01,2.024000000000000000e+03,1.100000000000000000e+01,2.500000000000000000e+01,1.200000000000000000e+01,3.100000000000000000e+01,3.533766099999999710e+01
4.001473592290999903e+01,-8.302994903692000150e+01,9.616999999999999993e-01,2.511699999999999822e+00,-1.255694895388400067e-01,8.756322985695400574e-01,-3.298187272928599922e-01,1.838565781000000010e+00,-1.564440500999999983e+00,6.972679446399999392e+01,2.024000000000000000e+03,1.100000000000000000e+01,2.500000000000000000e+01,1.200000000000000000e+01,3.100000000000000000e+01,3.539235800000000154e+01
4.001473636117000154e+01,-8.302994756354999595e+01,9.806000000000000272e-01,2.524700000000000166e+00,-4.800804696608600430e-01,6.627940376908000308e-01,-1.181705646310600016e-01,1.816017986999999945e+00,-1.515584057000000096e+00,6.969736714500000119e+01,2.024000000000000000e+03,1.100000000000000000e+01,2.500000000000000000e+01,1.200000000000000000e+01,3.100000000000000000e+01,3.544627400000000250e+01
4.001473680846999770e+01,-8.302994608285000311e+01,9.991999999999999771e-01,2.537999999999999812e+00,-3.177629240104000163e-01,6.843534911450199765e-01,-7.553693052560001009e-02,1.768827047999999902e+00,-1.482730974000000090e+00,6.966364492200000313e+01,2.024000000000000000e+03,1.100000000000000000e+01,2.500000000000000000e+01,1.200000000000000000e+01,3.100000000000000000e+01,3.549986499999999978e+01
4.001473735177000179e+01,-8.302994429832999401e+01,1.005200000000000093e+00,2.548299999999999788e+00,1.146257164266199918e-01,2.007866125615400121e-01,-9.357372250642000122e-02,1.682431718999999992e+00,-1.467790141000000048e+00,6.962449729799999432e+01,2.024000000000000000e+03,1.100000000000000000e+01,2.500000000000000000e+01,1.200000000000000000e+01,3.100000000000000000e+01,3.555333999999999861e+01
4.001473771343000152e+01,-8.302994310504999476e+01,9.997000000000000330e-01,2.553999999999999826e+00,4.122583532494199510e-01,2.181306498756000189e-01,1.973501382768000009e-02,1.636268019999999934e+00,-1.469187894999999910e+00,6.960743673499999318e+01,2.024000000000000000e+03,1.100000000000000000e+01,2.500000000000000000e+01,1.200000000000000000e+01,3.100000000000000000e+01,3.560664400000000285e+01
4.001473834261999940e+01,-8.302994101234000368e+01,9.962999999999999634e-01,2.555699999999999861e+00,1.071866753166400010e-01,-7.115757134968000996e-02,1.894592000411199906e-01,1.577049181000000022e+00,-1.461444390999999898e+00,6.959541138299999830e+01,2.024000000000000000e+03,1.100000000000000000e+01,2.500000000000000000e+01,1.200000000000000000e+01,3.100000000000000000e+01,3.566142599999999874e+01
4.001473879001999734e+01,-8.302993950977999305e+01,9.864000000000000545e-01,2.578800000000000203e+00,8.020811036968800156e-01,6.337784587311799944e-01,-8.614167452601999286e-02,1.548767001000000088e+00,-1.461498108000000018e+00,6.958402824099999862e+01,2.024000000000000000e+03,1.100000000000000000e+01,2.500000000000000000e+01,1.200000000000000000e+01,3.100000000000000000e+01,3.571575299999999942e+01
4.001473932063999683e+01,-8.302993769519000011e+01,9.758000000000000007e-01,2.591200000000000170e+00,4.712629688880600187e-01,2.356410828526000201e-01,-1.305127659086600111e-01,1.561947022000000018e+00,-1.482539846999999966e+00,6.956565717300000529e+01,2.024000000000000000e+03,1.100000000000000000e+01,2.500000000000000000e+01,1.200000000000000000e+01,3.100000000000000000e+01,3.577039800000000014e+01
4.001473975865000199e+01,-8.302993617916000346e+01,9.658999999999999808e-01,2.594800000000000217e+00,5.405964878100999460e-01,8.461545679408000176e-02,-1.759753094645399862e-01,1.586570896000000008e+00,-1.488556030999999891e+00,6.954496584100000689e+01,2.024000000000000000e+03,1.100000000000000000e+01,2.500000000000000000e+01,1.200000000000000000e+01,3.100000000000000000e+01,3.582540300000000144e+01
4.001474027740000139e+01,-8.302993435352000517e+01,9.527999999999999803e-01,2.607200000000000184e+00,5.318431187654200087e-01,2.962703869531599921e-01,-2.458109840658200262e-01,1.649770241999999998e+00,-1.487939604999999998e+00,6.952363009799999816e+01,2.024000000000000000e+03,1.100000000000000000e+01,2.500000000000000000e+01,1.200000000000000000e+01,3.100000000000000000e+01,3.587857300000000293e+01
4.001474070350000289e+01,-8.302993282154000099e+01,9.384000000000000119e-01,2.629300000000000193e+00,8.323583734541599721e-01,6.053419054076000227e-01,-3.771399608568000161e-01,1.732299020999999994e+00,-1.493507906000000052e+00,6.951044698500000152e+01,2.024000000000000000e+03,1.100000000000000000e+01,2.500000000000000000e+01,1.200000000000000000e+01,3.100000000000000000e+01,3.593329399999999652e+01
4.001474120734999929e+01,-8.302993096646000026e+01,9.207999999999999519e-01,2.655100000000000016e+00,1.019161595657680053e+00,5.186862178493000242e-01,-5.474773622279599516e-01,1.873021881000000111e+00,-1.516531963999999899e+00,6.950103603799999519e+01,2.024000000000000000e+03,1.100000000000000000e+01,2.500000000000000000e+01,1.200000000000000000e+01,3.100000000000000000e+01,3.598731599999999986e+01
4.001474161947000141e+01,-8.302992940795999743e+01,9.101000000000000201e-01,2.673999999999999932e+00,6.418238457783800310e-01,6.460307633836599450e-01,-5.793509195267000367e-01,2.041162020999999882e+00,-1.535951988999999962e+00,6.949861740800000121e+01,2.024000000000000000e+03,1.100000000000000000e+01,2.500000000000000000e+01,1.200000000000000000e+01,3.100000000000000000e+01,3.604392599999999902e+01
4.001474203738000313e+01,-8.302992784088000633e+01,9.406999999999999806e-01,2.681299999999999795e+00,-9.682206166817999282e-01,5.706693725210399970e-01,-6.714112930661400025e-01,2.193537027000000084e+00,-1.558879397000000111e+00,6.949800464899999497e+01,2.024000000000000000e+03,1.100000000000000000e+01,2.500000000000000000e+01,1.200000000000000000e+01,3.100000000000000000e+01,3.609840400000000216e+01
4.001474220998999698e+01,-8.302992721552999456e+01,9.675000000000000266e-01,2.670599999999999863e+00,-2.173504789916560043e+00,2.086880094384199746e-01,-3.439162308419400071e-01,2.225218821999999985e+00,-1.573790540999999932e+00,6.949571693999999411e+01,2.024000000000000000e+03,1.100000000000000000e+01,2.500000000000000000e+01,1.200000000000000000e+01,3.100000000000000000e+01,3.615462000000000131e+01
4.001474302980999909e+01,-8.302992442788000460e+01,1.037099999999999911e+00,2.636099999999999888e+00,-6.476112746761000238e-01,2.333451483842000074e-02,1.056332835321539987e+00,2.151151538000000141e+00,-1.569945273000000086e+00,6.947700207500000147e+01,2.024000000000000000e+03,1.100000000000000000e+01,2.500000000000000000e+01,1.200000000000000000e+01,3.100000000000000000e+01,3.620941799999999944e+01
4.001474350128999902e+01,-8.302992288648999875e+01,1.054499999999999993e+00,2.637100000000000222e+00,-1.882961040417999998e-01,2.775309472840400415e-01,1.716438210385619945e+00,2.071573260000000083e+00,-1.561864539999999968e+00,6.945631853099999375e+01,2.024000000000000000e+03,1.100000000000000000e+01,2.500000000000000000e+01,1.200000000000000000e+01,3.100000000000000000e+01,3.626474000000000331e+01
4.001474417528000060e+01,-8.302992071842000144e+01,1.102600000000000025e+00,2.638100000000000112e+00,-1.855902666735680162e+00,-3.622424257795999608e-02,1.095284275703519938e+00,1.943920539000000058e+00,-1.602870934000000025e+00,6.945083343199999604e+01,2.024000000000000000e+03,1.100000000000000000e+01,2.500000000000000000e+01,1.200000000000000000e+01,3.100000000000000000e+01,3.631940199999999663e+01
4.001474467031999893e+01,-8.302991917986000203e+01,1.106600000000000028e+00,2.621900000000000119e+00,-1.920437486514199876e-01,-5.514744844570399485e-01,7.874418191017998891e-01,1.765142500999999919e+00,-1.608250234000000001e+00,6.946510556500000177e+01,2.024000000000000000e+03,1.100000000000000000e+01,2.500000000000000000e+01,1.200000000000000000e+01,3.100000000000000000e+01,3.637606799999999652e+01
4.001474526009000243e+01,-8.302991733596999779e+01,1.093800000000000106e+00,2.622900000000000009e+00,1.517169873335000030e-01,-2.793240712386599878e-01,3.567377754095999998e-01,1.564883535999999964e+00,-1.583861304000000025e+00,6.947331475000000012e+01,2.024000000000000000e+03,1.100000000000000000e+01,2.500000000000000000e+01,1.200000000000000000e+01,3.100000000000000000e+01,3.643092399999999742e+01
4.001474574083000135e+01,-8.302991579445999548e+01,1.064300000000000024e+00,2.639699999999999935e+00,9.344930163109400612e-01,2.240713171763000222e-01,-3.728733042525599894e-01,1.440816324999999898e+00,-1.556013207999999981e+00,6.945495713500000079e+01,2.024000000000000000e+03,1.100000000000000000e+01,2.500000000000000000e+01,1.200000000000000000e+01,3.100000000000000000e+01,3.648459499999999878e+01
4.001474630119999887e+01,-8.302991393483999616e+01,1.031600000000000072e+00,2.656000000000000139e+00,8.473143502454399956e-01,2.826009646546199794e-01,-7.107348052155000317e-01,1.389211772999999983e+00,-1.525655777000000102e+00,6.941217448499999421e+01,2.024000000000000000e+03,1.100000000000000000e+01,2.500000000000000000e+01,1.200000000000000000e+01,3.100000000000000000e+01,3.654117899999999963e+01
4.001474675632999833e+01,-8.302991238084000258e+01,1.005100000000000104e+00,2.655499999999999972e+00,9.410552334911800321e-01,-3.227085134080199813e-01,-5.963033764907600398e-01,1.382994937000000091e+00,-1.499993230999999927e+00,6.937667601900000136e+01,2.024000000000000000e+03,1.100000000000000000e+01,2.500000000000000000e+01,1.200000000000000000e+01,3.100000000000000000e+01,3.659589299999999668e+01
4.001474719659999835e+01,-8.302991082798999400e+01,9.665000000000000258e-01,2.649399999999999977e+00,1.224456320504119899e+00,-7.443647076495800707e-01,-1.013862804188780053e+00,1.434799270000000071e+00,-1.445901931000000085e+00,6.935941767799999980e+01,2.024000000000000000e+03,1.100000000000000000e+01,2.500000000000000000e+01,1.200000000000000000e+01,3.100000000000000000e+01,3.665079000000000065e+01
4.001474770539000048e+01,-8.302990897613000243e+01,9.315999999999999837e-01,2.625999999999999890e+00,3.643159059408799805e-01,-4.915393887826200459e-01,-3.029579479643800255e-01,1.556849404999999908e+00,-1.294221422999999982e+00,6.936081352300000447e+01,2.024000000000000000e+03,1.100000000000000000e+01,2.500000000000000000e+01,1.200000000000000000e+01,3.100000000000000000e+01,3.670676799999999673e+01
4.001474820245999808e+01,-8.302990713206000351e+01,9.163000000000000034e-01,2.628699999999999815e+00,7.788371258284999543e-01,6.715942956553999643e-02,-4.671400566864199466e-01,1.701101173000000077e+00,-1.085173141000000063e+00,6.935967493699999409e+01,2.024000000000000000e+03,1.100000000000000000e+01,2.500000000000000000e+01,1.200000000000000000e+01,3.100000000000000000e+01,3.676042100000000090e+01
4.001474861276999917e+01,-8.302990559967000195e+01,9.187999999999999501e-01,2.602500000000000036e+00,-5.807327406617800447e-01,-1.168715995203259972e+00,-4.942040789479999752e-02,1.838153592000000058e+00,-9.169593950000000104e-01,6.934414297700000418e+01,2.024000000000000000e+03,1.100000000000000000e+01,2.500000000000000000e+01,1.200000000000000000e+01,3.100000000000000000e+01,3.681554700000000224e+01
4.001474912415999796e+01,-8.302990379428999290e+01,9.754000000000000448e-01,2.549900000000000055e+00,-1.931812535004300058e+00,-6.689650214428000119e-01,-1.740272500992799953e-01,1.865595383999999912e+00,-6.357842400000000005e-01,6.931658122700000035e+01,2.024000000000000000e+03,1.100000000000000000e+01,2.500000000000000000e+01,1.200000000000000000e+01,3.100000000000000000e+01,3.687146400000000313e+01
4.001474965460000277e+01,-8.302990200867000681e+01,9.980999999999999872e-01,2.535200000000000120e+00,-7.519187051568000379e-01,-1.548693263302400036e-01,-3.157130208028000040e-02,1.788164886999999981e+00,-3.137304080000000162e-01,6.925217261999999607e+01,2.024000000000000000e+03,1.100000000000000000e+01,2.500000000000000000e+01,1.200000000000000000e+01,3.100000000000000000e+01,3.692864000000000146e+01
4.001475010570000279e+01,-8.302990052529000309e+01,1.020599999999999952e+00,2.533199999999999896e+00,-1.094749842535259976e+00,2.932434568351600102e-01,-6.310924381780000370e-02,1.727819594999999930e+00,-5.283112200000000119e-02,6.920759554599999319e+01,2.024000000000000000e+03,1.100000000000000000e+01,2.500000000000000000e+01,1.200000000000000000e+01,3.100000000000000000e+01,3.698355500000000262e+01
4.001475065972000067e+01,-8.302989874552000060e+01,1.034899999999999931e+00,2.538600000000000190e+00,3.429296710038000351e-02,3.876437249546400010e-01,3.449390736363999732e-02,1.634251801000000004e+00,2.488207769999999930e-01,6.919354413799999293e+01,2.024000000000000000e+03,1.100000000000000000e+01,2.500000000000000000e+01,1.200000000000000000e+01,3.100000000000000000e+01,3.704126600000000025e+01
4.001475112850000215e+01,-8.302989725726999382e+01,1.055500000000000105e+00,2.548399999999999999e+00,-5.904664121536999932e-01,6.916462962560799843e-01,9.795027497937999206e-01,1.553345607000000017e+00,4.544837749999999787e-01,6.920888550300000475e+01,2.024000000000000000e+03,1.100000000000000000e+01,2.500000000000000000e+01,1.200000000000000000e+01,3.100000000000000000e+01,3.709502799999999922e+01
4.001475131707000088e+01,-8.302989666000000568e+01,1.054699999999999971e+00,2.554100000000000037e+00,-7.269947248725999733e-02,5.492860065122600055e-01,9.435450135445000441e-01,1.512734298999999893e+00,5.236723049999999491e-01,6.921607148200000381e+01,2.024000000000000000e+03,1.100000000000000000e+01,2.500000000000000000e+01,1.200000000000000000e+01,3.100000000000000000e+01,3.715068600000000032e+01
4.001475206807000262e+01,-8.302989425660000222e+01,1.036899999999999933e+00,2.576499999999999790e+00,7.685381808688799277e-01,2.360867948667000060e-01,9.152095539459000895e-01,1.385902446000000010e+00,7.460835730000000554e-01,6.921678252200000259e+01,2.024000000000000000e+03,1.100000000000000000e+01,2.500000000000000000e+01,1.200000000000000000e+01,3.100000000000000000e+01,3.720551600000000292e+01
4.001475262385999798e+01,-8.302989244920999568e+01,1.011300000000000088e+00,2.593999999999999861e+00,7.684887048064199533e-01,2.204889128082200001e-01,6.453604309672399397e-01,1.316619122000000086e+00,8.844640019999999714e-01,6.917892705399999898e+01,2.024000000000000000e+03,1.100000000000000000e+01,2.500000000000000000e+01,1.200000000000000000e+01,3.100000000000000000e+01,3.726187500000000341e+01
4.001475327578999952e+01,-8.302989032498000199e+01,1.021200000000000108e+00,2.631400000000000183e+00,2.194108617489999857e-01,4.489314160573200096e-01,6.222006012806799990e-01,1.259595835999999913e+00,9.657286800000000060e-01,6.913838593200000560e+01,2.024000000000000000e+03,1.100000000000000000e+01,2.500000000000000000e+01,1.200000000000000000e+01,3.100000000000000000e+01,3.731770800000000321e+01
4.001475374924000050e+01,-8.302988879286999691e+01,1.048300000000000010e+00,2.644000000000000128e+00,-7.397894462073000277e-01,7.562867367493999460e-01,3.825880756526199855e-01,1.235033730000000052e+00,9.517946689999999821e-01,6.913663124400000015e+01,2.024000000000000000e+03,1.100000000000000000e+01,2.500000000000000000e+01,1.200000000000000000e+01,3.100000000000000000e+01,3.737306499999999687e+01
4.001475432555000111e+01,-8.302988694530000657e+01,1.061800000000000077e+00,2.654599999999999849e+00,-3.452275528052000109e-01,5.540983647599400097e-01,-8.227272672799999798e-02,1.202956689999999940e+00,9.043525789999999898e-01,6.914425221700000179e+01,2.024000000000000000e+03,1.100000000000000000e+01,2.500000000000000000e+01,1.200000000000000000e+01,3.100000000000000000e+01,3.742772399999999777e+01
4.001475480933999762e+01,-8.302988540444999899e+01,1.065399999999999903e+00,2.649399999999999977e+00,-4.640365419734399643e-01,-1.428177851435800116e-01,-4.173449580055599850e-01,1.169092529000000047e+00,8.728888759999999802e-01,6.914566845500000625e+01,2.024000000000000000e+03,1.100000000000000000e+01,2.500000000000000000e+01,1.200000000000000000e+01,3.100000000000000000e+01,3.748474199999999712e+01
4.001475538636999829e+01,-8.302988355444000490e+01,1.043199999999999905e+00,2.657700000000000173e+00,8.473094148753199661e-01,-3.584792611898000164e-02,-2.662068058298400208e-01,1.139644764000000032e+00,8.575720420000000344e-01,6.912251576900000316e+01,2.024000000000000000e+03,1.100000000000000000e+01,2.500000000000000000e+01,1.200000000000000000e+01,3.100000000000000000e+01,3.754065899999999800e+01
4.001475585760000087e+01,-8.302988200401000540e+01,1.028699999999999948e+00,2.674300000000000122e+00,4.811336798621400068e-01,3.177166647746800243e-01,-1.775060311192599993e-01,1.140516569999999952e+00,8.395479249999999727e-01,6.907929267299999765e+01,2.024000000000000000e+03,1.100000000000000000e+01,2.500000000000000000e+01,1.200000000000000000e+01,3.100000000000000000e+01,3.759580900000000270e+01
4.001475641913999937e+01,-8.302988013188999616e+01,1.027400000000000091e+00,2.692400000000000126e+00,5.603313558334000605e-02,5.228232205357800089e-01,2.627349550139400081e-01,1.155403135000000026e+00,7.926486560000000070e-01,6.902499297599999295e+01,2.024000000000000000e+03,1.100000000000000000e+01,2.500000000000000000e+01,1.200000000000000000e+01,3.100000000000000000e+01,3.765253100000000330e+01
4.001475697771999762e+01,-8.302987825063999594e+01,1.009900000000000020e+00,2.702999999999999847e+00,9.814642613030600815e-01,4.080023401111999848e-02,9.926097510580000893e-02,1.191769107000000050e+00,7.276560890000000059e-01,6.898661239499999454e+01,2.024000000000000000e+03,1.100000000000000000e+01,2.500000000000000000e+01,1.200000000000000000e+01,3.100000000000000000e+01,3.770895199999999647e+01
4.001475743806999930e+01,-8.302987667911000358e+01,1.010899999999999910e+00,2.705000000000000071e+00,-1.291168641684600216e-01,1.524528284959600077e-01,1.421398727366260051e+00,1.273775574999999938e+00,6.655454800000000226e-01,6.896892524499999411e+01,2.024000000000000000e+03,1.100000000000000000e+01,2.500000000000000000e+01,1.200000000000000000e+01,3.100000000000000000e+01,3.776487900000000053e+01
4.001475800442000264e+01,-8.302987478824999812e+01,1.051399999999999890e+00,2.713400000000000034e+00,-8.326791157100799090e-01,5.681400703647400130e-01,6.971029221332800674e-01,1.347739647999999901e+00,5.309650809999999499e-01,6.897510625900000036e+01,2.024000000000000000e+03,1.100000000000000000e+01,2.500000000000000000e+01,1.200000000000000000e+01,3.100000000000000000e+01,3.781936400000000020e+01
4.001475859047999961e+01,-8.302987289912999813e+01,1.084600000000000009e+00,2.703300000000000036e+00,-1.210704604850540100e+00,1.484857265953599958e-01,8.187463354498599744e-01,1.334843784999999894e+00,3.563221229999999906e-01,6.897749258499999314e+01,2.024000000000000000e+03,1.100000000000000000e+01,2.500000000000000000e+01,1.200000000000000000e+01,3.100000000000000000e+01,3.787657200000000302e+01
4.001475908901999645e+01,-8.302987133396000274e+01,1.103699999999999903e+00,2.682900000000000063e+00,-9.010169536571400739e-01,-4.156766116097400099e-01,3.357868606988000104e-02,1.264876517999999894e+00,2.085404680000000066e-01,6.895511932300000524e+01,2.024000000000000000e+03,1.100000000000000000e+01,2.500000000000000000e+01,1.200000000000000000e+01,3.100000000000000000e+01,3.793295700000000181e+01
4.001475968916000170e+01,-8.302986946867000029e+01,1.091599999999999904e+00,2.665900000000000158e+00,4.696534344357200519e-01,-6.168681654496599442e-01,-5.882492073533400756e-01,1.161419739000000062e+00,7.187913999999999415e-02,6.890514978000000212e+01,2.024000000000000000e+03,1.100000000000000000e+01,2.500000000000000000e+01,1.200000000000000000e+01,3.100000000000000000e+01,3.799081600000000236e+01
4.001476018577000104e+01,-8.302986792359999413e+01,1.089099999999999957e+00,2.648000000000000131e+00,-9.837382660908000620e-02,-7.439602293526800247e-01,-5.559701006179800231e-01,1.104661839000000034e+00,-1.872974900000000040e-02,6.886384647500000256e+01,2.024000000000000000e+03,1.100000000000000000e+01,2.500000000000000000e+01,1.200000000000000000e+01,3.100000000000000000e+01,3.804702100000000087e+01
4.001476068133000297e+01,-8.302986638970000399e+01,1.090000000000000080e+00,2.625399999999999956e+00,-3.730214005340399819e-01,-9.029723728443199704e-01,-7.475492161438800354e-01,1.036996838000000087e+00,-8.423241200000000650e-02,6.883636149599999499e+01,2.024000000000000000e+03,1.100000000000000000e+01,2.500000000000000000e+01,1.200000000000000000e+01,3.100000000000000000e+01,3.810298900000000089e+01
4.001476087886000244e+01,-8.302986577945999613e+01,1.085199999999999942e+00,2.619200000000000195e+00,2.380339568900000091e-02,-8.189733010622199938e-01,-7.644388296786999160e-01,9.999122950000000065e-01,-9.627883299999999422e-02,6.882950995999999577e+01,2.024000000000000000e+03,1.100000000000000000e+01,2.500000000000000000e+01,1.200000000000000000e+01,3.100000000000000000e+01,3.815793099999999782e+01
4.001476185562999888e+01,-8.302986273768999581e+01,1.050300000000000011e+00,2.613199999999999967e+00,1.208074618625339935e+00,-3.885635409909199978e-01,-5.540684568370000118e-01,8.699089300000000247e-01,-1.441655870000000117e-01,6.878199554799999760e+01,2.024000000000000000e+03,1.100000000000000000e+01,2.500000000000000000e+01,1.200000000000000000e+01,3.100000000000000000e+01,3.821379300000000256e+01
4.001476223254999809e+01,-8.302986152607999770e+01,1.026999999999999913e+00,2.607800000000000118e+00,5.720888689949999995e-01,-3.298000452402599647e-01,-1.719046888857199973e-01,8.776302889999999524e-01,-1.498860880000000007e-01,6.875298898699999484e+01,2.024000000000000000e+03,1.100000000000000000e+01,2.500000000000000000e+01,1.200000000000000000e+01,3.100000000000000000e+01,3.826864599999999683e+01
4.001476287735999904e+01,-8.302985941656000080e+01,1.009400000000000075e+00,2.592299999999999827e+00,3.586780599995200158e-01,-4.271231337920199933e-01,-2.357322001050799753e-01,9.181982010000000471e-01,-1.145213340000000024e-01,6.869672720299999469e+01,2.024000000000000000e+03,1.100000000000000000e+01,2.500000000000000000e+01,1.200000000000000000e+01,3.100000000000000000e+01,3.832355400000000145e+01
4.001476342384000162e+01,-8.302985761098000239e+01,1.002499999999999947e+00,2.592499999999999805e+00,2.169968403376399957e-01,-1.164336520704999933e-01,-2.451592862576599807e-01,9.680417040000000028e-01,-8.181144399999999706e-02,6.865561975599999300e+01,2.024000000000000000e+03,1.100000000000000000e+01,2.500000000000000000e+01,1.200000000000000000e+01,3.100000000000000000e+01,3.837957699999999761e+01
4.001476387950000202e+01,-8.302985611107000352e+01,1.010999999999999899e+00,2.575200000000000156e+00,-5.683449065978600778e-01,-5.895269567024400414e-01,6.600687369037999686e-02,1.009105571999999951e+00,-6.441225500000000159e-02,6.862762977299999534e+01,2.024000000000000000e+03,1.100000000000000000e+01,2.500000000000000000e+01,1.200000000000000000e+01,3.100000000000000000e+01,3.843499700000000274e+01
4.001476443364000346e+01,-8.302985433041000363e+01,1.028799999999999937e+00,2.540700000000000180e+00,-9.509521990941399716e-01,-7.893422568303001263e-01,6.759381131756000971e-02,1.004826569000000003e+00,-7.533200999999999786e-03,6.859457867099999362e+01,2.024000000000000000e+03,1.100000000000000000e+01,2.500000000000000000e+01,1.200000000000000000e+01,3.100000000000000000e+01,3.849024899999999860e+01
4.001476490072000303e+01,-8.302985286039999835e+01,1.040300000000000002e+00,2.524700000000000166e+00,-7.805994773734600267e-01,-3.377124116733000170e-01,-1.242379758997999920e-02,9.688876840000000268e-01,7.044651799999999964e-02,6.855902671399999804e+01,2.024000000000000000e+03,1.100000000000000000e+01,2.500000000000000000e+01,1.200000000000000000e+01,3.100000000000000000e+01,3.854592199999999735e+01
4.001476537431000224e+01,-8.302985139662000336e+01,1.053099999999999925e+00,2.518600000000000172e+00,-5.098402127537799977e-01,-4.042416197460000499e-02,2.120761088390999971e-01,9.172716629999999594e-01,1.378901640000000095e-01,6.852137421199999778e+01,2.024000000000000000e+03,1.100000000000000000e+01,2.500000000000000000e+01,1.200000000000000000e+01,3.100000000000000000e+01,3.860182700000000011e+01
4.001476585377999839e+01,-8.302984993404000136e+01,1.064599999999999991e+00,2.520099999999999785e+00,-2.788739917354600140e-01,1.962747512248000092e-01,1.354982645524800133e-01,8.556980690000000056e-01,1.810732670000000100e-01,6.849029927499999815e+01,2.024000000000000000e+03,1.100000000000000000e+01,2.500000000000000000e+01,1.200000000000000000e+01,3.100000000000000000e+01,3.865778600000000154e+01
4.001476652227999864e+01,-8.302984788332000221e+01,1.043500000000000094e+00,2.526899999999999924e+00,8.123551739655199277e-01,-6.049323231625999830e-02,5.063382978715999516e-02,7.962168979999999507e-01,2.011693220000000115e-01,6.845820921099999623e+01,2.024000000000000000e+03,1.100000000000000000e+01,2.500000000000000000e+01,1.200000000000000000e+01,3.100000000000000000e+01,3.871254600000000323e+01
4.001476707882000028e+01,-8.302984612013000287e+01,1.014499999999999957e+00,2.531000000000000139e+00,6.559302553050400109e-01,-2.311155451238200154e-01,-2.094047079562399993e-01,8.079932600000000464e-01,2.052714089999999880e-01,6.842482476099999644e+01,2.024000000000000000e+03,1.100000000000000000e+01,2.500000000000000000e+01,1.200000000000000000e+01,3.100000000000000000e+01,3.876757700000000284e+01
4.001476753445999890e+01,-8.302984465366999700e+01,1.004699999999999926e+00,2.519299999999999873e+00,5.558217068098000174e-02,-5.156906144624999744e-01,-2.208267446320600069e-01,8.217138779999999532e-01,2.208277919999999950e-01,6.839363571299999478e+01,2.024000000000000000e+03,1.100000000000000000e+01,2.500000000000000000e+01,1.200000000000000000e+01,3.100000000000000000e+01,3.882520000000000238e+01
4.001476807614999842e+01,-8.302984290064000561e+01,9.979000000000000092e-01,2.510299999999999976e+00,-1.189404078483199956e-01,-3.002556843061000014e-01,2.160367705613999711e-01,8.371581599999999845e-01,2.521917000000000186e-01,6.835733166999999355e+01,2.024000000000000000e+03,1.100000000000000000e+01,2.500000000000000000e+01,1.200000000000000000e+01,3.100000000000000000e+01,3.888126599999999655e+01
4.001476852662000283e+01,-8.302984144276000222e+01,9.979999999999999982e-01,2.506400000000000183e+00,-2.107802367583599956e-01,-1.785665865077999959e-01,4.100842862630000446e-02,8.637055700000000336e-01,2.697077370000000029e-01,6.833399121300000445e+01,2.024000000000000000e+03,1.100000000000000000e+01,2.500000000000000000e+01,1.200000000000000000e+01,3.100000000000000000e+01,3.893629599999999868e+01
4.001476906855999971e+01,-8.302983970166999939e+01,1.003100000000000103e+00,2.488399999999999945e+00,-5.004138214759999981e-01,-4.531743887459200315e-01,1.027258273663600174e-01,9.049393199999999915e-01,2.881079990000000035e-01,6.830993554600000550e+01,2.024000000000000000e+03,1.100000000000000000e+01,2.500000000000000000e+01,1.200000000000000000e+01,3.100000000000000000e+01,3.899154899999999913e+01
4.001476952414000010e+01,-8.302983826089000274e+01,1.014000000000000012e+00,2.472799999999999887e+00,-6.595661352335799865e-01,-3.432887334755200248e-01,1.851207060479599931e-01,9.140026439999999752e-01,3.130458680000000049e-01,6.828882445700000403e+01,2.024000000000000000e+03,1.100000000000000000e+01,2.500000000000000000e+01,1.200000000000000000e+01,3.100000000000000000e+01,3.904726500000000300e+01
4.001476998393999907e+01,-8.302983682670999599e+01,1.020999999999999908e+00,2.463799999999999990e+00,-3.797461366844400166e-01,-2.111828962874200133e-01,2.805394544317200145e-01,8.970837980000000433e-01,3.264354489999999887e-01,6.826668507799999475e+01,2.024000000000000000e+03,1.100000000000000000e+01,2.500000000000000000e+01,1.200000000000000000e+01,3.100000000000000000e+01,3.910380599999999873e+01
4.001477016855999835e+01,-8.302983625388000632e+01,1.022899999999999920e+00,2.463900000000000201e+00,-2.546255509434199871e-01,-2.862934843473999985e-02,6.619984606480000533e-03,8.857908209999999505e-01,3.334611619999999776e-01,6.825768377400000020e+01,2.024000000000000000e+03,1.100000000000000000e+01,2.500000000000000000e+01,1.200000000000000000e+01,3.100000000000000000e+01,3.915949400000000225e+01
4.001477109014000177e+01,-8.302983338849999484e+01,1.019600000000000062e+00,2.470099999999999962e+00,2.294423041331999924e-02,2.539205840894199762e-01,-1.736973795473999993e-01,8.668830849999999977e-01,4.018883650000000252e-01,6.822470479000000410e+01,2.024000000000000000e+03,1.100000000000000000e+01,2.500000000000000000e+01,1.200000000000000000e+01,3.100000000000000000e+01,3.921534499999999923e+01
4.001477163954999838e+01,-8.302983166266000126e+01,1.015900000000000025e+00,2.478299999999999947e+00,3.025598414689399940e-01,2.125798754056200113e-01,-8.299302033927999367e-02,8.571869819999999862e-01,4.327464630000000256e-01,6.820028848200000482e+01,2.024000000000000000e+03,1.100000000000000000e+01,2.500000000000000000e+01,1.200000000000000000e+01,3.100000000000000000e+01,3.927329699999999946e+01
4.001477218131999791e+01,-8.302982993374000387e+01,9.968000000000000194e-01,2.477300000000000058e+00,5.360789104057800403e-01,-1.665870269637600154e-01,-9.174519588175999996e-02,8.751212120000000372e-01,4.689757359999999764e-01,6.817106257000000369e+01,2.024000000000000000e+03,1.100000000000000000e+01,2.500000000000000000e+01,1.200000000000000000e+01,3.100000000000000000e+01,3.932846899999999835e+01
4.001477262710999838e+01,-8.302982849184999736e+01,9.898000000000000131e-01,2.480900000000000105e+00,2.341621056175400284e-01,1.199446222743199980e-01,2.857742109246599882e-01,9.174380939999999818e-01,5.071595989999999610e-01,6.814971951100000069e+01,2.024000000000000000e+03,1.100000000000000000e+01,2.500000000000000000e+01,1.200000000000000000e+01,3.100000000000000000e+01,3.938462200000000024e+01
4.001477317223999819e+01,-8.302982675565999671e+01,1.031900000000000039e+00,2.490299999999999958e+00,-1.338967144867539982e+00,7.531041922997200322e-01,4.131218844388000466e-01,9.318210289999999674e-01,5.199386320000000117e-01,6.813871373300000300e+01,2.024000000000000000e+03,1.100000000000000000e+01,2.500000000000000000e+01,1.200000000000000000e+01,3.100000000000000000e+01,3.944092200000000048e+01
4.001477363646999663e+01,-8.302982530545000373e+01,1.036399999999999988e+00,2.494200000000000195e+00,-1.559018555682800122e-01,2.123165691386799947e-01,2.856989733977999824e-01,9.009865879999999771e-01,4.881300590000000050e-01,6.813590430700000411e+01,2.024000000000000000e+03,1.100000000000000000e+01,2.500000000000000000e+01,1.200000000000000000e+01,3.100000000000000000e+01,3.949701400000000007e+01
4.001477419614000297e+01,-8.302982356559999744e+01,1.038699999999999957e+00,2.486400000000000166e+00,-1.337473183208600092e-01,-1.134616314311200080e-01,3.561352458595999637e-02,8.774084620000000001e-01,4.382092439999999978e-01,6.813302181900000676e+01,2.024000000000000000e+03,1.100000000000000000e+01,2.500000000000000000e+01,1.200000000000000000e+01,3.100000000000000000e+01,3.955278400000000261e+01
4.001477466216999801e+01,-8.302982212364000247e+01,1.033700000000000063e+00,2.472900000000000098e+00,3.015882728187999767e-02,-5.803812899969800210e-01,1.540292366170000204e-01,8.588653250000000128e-01,4.081474869999999755e-01,6.812363737600000491e+01,2.024000000000000000e+03,1.100000000000000000e+01,2.500000000000000000e+01,1.200000000000000000e+01,3.100000000000000000e+01,3.960850800000000049e+01
4.001477522091000338e+01,-8.302982040166000388e+01,1.036000000000000032e+00,2.459299999999999820e+00,-1.963293522749199882e-01,-4.124615248698999537e-01,-4.687629754159599593e-01,8.132751169999999918e-01,4.087741480000000038e-01,6.810999886000000458e+01,2.024000000000000000e+03,1.100000000000000000e+01,2.500000000000000000e+01,1.200000000000000000e+01,3.100000000000000000e+01,3.966474300000000142e+01
4.001477577043999645e+01,-8.302981868226000017e+01,1.005900000000000016e+00,2.464500000000000135e+00,8.748397776643199730e-01,-1.425216515503600068e-01,-3.803652879064799985e-01,7.875589370000000145e-01,4.282458639999999761e-01,6.810044360899999560e+01,2.024000000000000000e+03,1.100000000000000000e+01,2.500000000000000000e+01,1.200000000000000000e+01,3.100000000000000000e+01,3.972324799999999811e+01
4.001477630643000083e+01,-8.302981696049999982e+01,9.897000000000000242e-01,2.464199999999999946e+00,1.924055287375200096e-01,-1.246418950151600008e-01,-3.850020669849599786e-01,8.293578579999999478e-01,4.551001909999999873e-01,6.811213445600000682e+01,2.024000000000000000e+03,1.100000000000000000e+01,2.500000000000000000e+01,1.200000000000000000e+01,3.100000000000000000e+01,3.978016300000000172e+01
4.001477684452000005e+01,-8.302981524150999348e+01,1.006299999999999972e+00,2.457300000000000040e+00,-7.374200581734799975e-01,-4.295738810147999714e-02,-8.656199320448000611e-02,8.387937279999999607e-01,4.762122089999999974e-01,6.813599318200000710e+01,2.024000000000000000e+03,1.100000000000000000e+01,2.500000000000000000e+01,1.200000000000000000e+01,3.100000000000000000e+01,3.983674800000000005e+01
4.001477729468999911e+01,-8.302981381342999612e+01,9.989999999999999991e-01,2.448599999999999888e+00,1.048923603924400011e-01,-4.224751283112400113e-01,2.005670648264999967e-01,8.193524979999999847e-01,4.902116699999999883e-01,6.814730690999999752e+01,2.024000000000000000e+03,1.100000000000000000e+01,2.500000000000000000e+01,1.200000000000000000e+01,3.100000000000000000e+01,3.989230299999999829e+01
4.001477774002000132e+01,-8.302981238918999907e+01,9.887000000000000233e-01,2.444700000000000095e+00,1.377604333974599971e-01,-1.798199115750799826e-01,2.624769717295999949e-01,8.322156210000000165e-01,5.249171950000000031e-01,6.814684730300000126e+01,2.024000000000000000e+03,1.100000000000000000e+01,2.500000000000000000e+01,1.200000000000000000e+01,3.100000000000000000e+01,3.994814800000000332e+01
4.001477827949000243e+01,-8.302981068149000521e+01,1.011400000000000077e+00,2.444399999999999906e+00,-7.233069245316400275e-01,3.346509794661199910e-01,1.923275838220400158e-01,8.370385240000000060e-01,5.487067679999999559e-01,6.814623759200000563e+01,2.024000000000000000e+03,1.100000000000000000e+01,2.500000000000000000e+01,1.200000000000000000e+01,3.100000000000000000e+01,4.000625200000000348e+01
4.001477882857999901e+01,-8.302980897438000341e+01,1.023800000000000043e+00,2.439799999999999969e+00,-4.409069105581000514e-01,-9.142476087317999434e-02,2.496554881368399925e-01,7.954446659999999669e-01,5.322486130000000371e-01,6.814874912999999879e+01,2.024000000000000000e+03,1.100000000000000000e+01,2.500000000000000000e+01,1.200000000000000000e+01,3.100000000000000000e+01,4.006451899999999711e+01
4.001477910383999870e+01,-8.302980812268999955e+01,1.020999999999999908e+00,2.435500000000000220e+00,-4.983620157745999313e-02,-2.794108396629400026e-01,2.064888297709999709e-01,7.679849380000000059e-01,5.244414849999999850e-01,6.815247327500000551e+01,2.024000000000000000e+03,1.100000000000000000e+01,2.500000000000000000e+01,1.200000000000000000e+01,3.100000000000000000e+01,4.012127499999999714e+01
4.001477946946000230e+01,-8.302980699015999733e+01,1.012499999999999956e+00,2.427500000000000213e+00,2.713103665250000129e-01,-4.917670910002600038e-01,2.541443979929999819e-01,7.410624270000000235e-01,5.213934390000000141e-01,6.815825508700000057e+01,2.024000000000000000e+03,1.100000000000000000e+01,2.500000000000000000e+01,1.200000000000000000e+01,3.100000000000000000e+01,4.017648200000000003e+01
4.001478036817000117e+01,-8.302980416581000611e+01,9.905000000000000471e-01,2.423299999999999788e+00,1.959326084016999869e-01,-1.693133957112600008e-01,-1.265756357858399961e-01,7.260381169999999829e-01,5.426092110000000357e-01,6.816775550500000236e+01,2.024000000000000000e+03,1.100000000000000000e+01,2.500000000000000000e+01,1.200000000000000000e+01,3.100000000000000000e+01,4.023220200000000091e+01
4.001478090570999768e+01,-8.302980247175999295e+01,9.883999999999999453e-01,2.425600000000000200e+00,1.954355807347599727e-01,1.978209055618000006e-02,9.265589194652000538e-02,7.166626799999999964e-01,5.406923540000000417e-01,6.817319025999999837e+01,2.024000000000000000e+03,1.100000000000000000e+01,2.500000000000000000e+01,1.200000000000000000e+01,3.100000000000000000e+01,4.028882500000000277e+01
4.001478134999000247e+01,-8.302980105883000306e+01,9.743000000000000549e-01,2.430800000000000072e+00,7.015868363597800306e-01,-8.360074982357999784e-02,-4.041499740182000200e-02,7.239308300000000251e-01,5.190140109999999973e-01,6.817624120199999993e+01,2.024000000000000000e+03,1.100000000000000000e+01,2.500000000000000000e+01,1.200000000000000000e+01,3.100000000000000000e+01,4.034565200000000118e+01
4.001478187354000227e+01,-8.302979936187000476e+01,9.535000000000000142e-01,2.427000000000000046e+00,3.676869541644000039e-01,-2.038449710735600051e-01,-1.086142808294199985e-01,7.727858560000000487e-01,4.987771870000000107e-01,6.817847470300000623e+01,2.024000000000000000e+03,1.100000000000000000e+01,2.500000000000000000e+01,1.200000000000000000e+01,3.100000000000000000e+01,4.040202099999999774e+01
4.001478239600999842e+01,-8.302979767701999947e+01,9.627999999999999892e-01,2.403999999999999915e+00,-2.062937768580999920e-01,-5.588815060656600053e-01,-3.723367359518000019e-01,8.103570009999999657e-01,5.188072080000000197e-01,6.818859145400000443e+01,2.024000000000000000e+03,1.100000000000000000e+01,2.500000000000000000e+01,1.200000000000000000e+01,3.100000000000000000e+01,4.045809700000000220e+01
4.001478283163999805e+01,-8.302979627889999392e+01,9.610999999999999543e-01,2.401499999999999968e+00,2.478944089067399992e-01,-6.931544076513999897e-02,3.283887725141999836e-02,8.251382659999999536e-01,5.504202999999999735e-01,6.819614858399999946e+01,2.024000000000000000e+03,1.100000000000000000e+01,2.500000000000000000e+01,1.200000000000000000e+01,3.100000000000000000e+01,4.051510900000000248e+01
4.001478335366999772e+01,-8.302979459827000142e+01,9.595000000000000195e-01,2.409499999999999975e+00,3.265771317535999807e-01,1.631329563113599890e-01,7.446551294013999123e-02,8.513174239999999893e-01,5.653640279999999629e-01,6.820024925399999915e+01,2.024000000000000000e+03,1.100000000000000000e+01,2.500000000000000000e+01,1.200000000000000000e+01,3.100000000000000000e+01,4.057151400000000052e+01
4.001478387336000253e+01,-8.302979291443999443e+01,9.572000000000000508e-01,2.410000000000000142e+00,1.464590377900000170e-02,-2.614087412791999895e-02,7.250413084037998779e-02,9.059573819999999778e-01,5.526208280000000084e-01,6.820533539800000256e+01,2.024000000000000000e+03,1.100000000000000000e+01,2.500000000000000000e+01,1.200000000000000000e+01,3.100000000000000000e+01,4.062815499999999957e+01
4.001478430707999934e+01,-8.302979151524999679e+01,9.650999999999999579e-01,2.397600000000000176e+00,-5.809049141903399605e-01,-2.618675085812799952e-01,7.789817353679999445e-02,9.426826750000000255e-01,5.482710849999999914e-01,6.821182771200000161e+01,2.024000000000000000e+03,1.100000000000000000e+01,2.500000000000000000e+01,1.200000000000000000e+01,3.100000000000000000e+01,4.068497099999999733e+01
4.001478483302999933e+01,-8.302978984396000328e+01,9.755000000000000338e-01,2.385099999999999998e+00,-5.464327648546599692e-01,-2.847107802963000367e-01,-2.790471581748000043e-02,9.448566219999999793e-01,5.486463510000000321e-01,6.821929054800000358e+01,2.024000000000000000e+03,1.100000000000000000e+01,2.500000000000000000e+01,1.200000000000000000e+01,3.100000000000000000e+01,4.074202100000000115e+01
4.001478536316999879e+01,-8.302978817970000591e+01,9.848999999999999977e-01,2.375000000000000000e+00,-6.348530611199399987e-01,-2.469020334286000096e-01,-6.233533223926000094e-02,9.189050140000000200e-01,5.561275909999999767e-01,6.822661244299999339e+01,2.024000000000000000e+03,1.100000000000000000e+01,2.500000000000000000e+01,1.200000000000000000e+01,3.100000000000000000e+01,4.080044600000000088e+01
4.001478589933000052e+01,-8.302978652199000464e+01,9.950999999999999845e-01,2.370000000000000107e+00,-3.995579910903599985e-01,1.282404459846000003e-02,2.030005335460000147e-03,8.669295620000000424e-01,5.655312890000000481e-01,6.823888348200000564e+01,2.024000000000000000e+03,1.100000000000000000e+01,2.500000000000000000e+01,1.200000000000000000e+01,3.100000000000000000e+01,4.085766499999999724e+01
4.001478634872000129e+01,-8.302978514099000051e+01,9.959000000000000075e-01,2.372100000000000097e+00,1.303653420520000002e-02,8.962513782734000956e-02,1.675011564722400093e-01,8.269748890000000463e-01,5.578351019999999716e-01,6.825174970599999824e+01,2.024000000000000000e+03,1.100000000000000000e+01,2.500000000000000000e+01,1.200000000000000000e+01,3.100000000000000000e+01,4.091291900000000226e+01
4.001478688824000329e+01,-8.302978348054999458e+01,9.931999999999999718e-01,2.379000000000000004e+00,2.738947495610400407e-01,1.330396573299799934e-01,1.277203935999000062e-01,7.870561539999999523e-01,5.167700629999999462e-01,6.826325945400000705e+01,2.024000000000000000e+03,1.100000000000000000e+01,2.500000000000000000e+01,1.200000000000000000e+01,3.100000000000000000e+01,4.097017199999999804e+01
4.001478733420000111e+01,-8.302978209393999975e+01,9.804000000000000492e-01,2.382400000000000073e+00,6.612822676358399709e-01,-7.000034567222000736e-02,-1.768876635268399888e-01,7.581825039999999793e-01,4.738545739999999729e-01,6.826314093300000252e+01,2.024000000000000000e+03,1.100000000000000000e+01,2.500000000000000000e+01,1.200000000000000000e+01,3.100000000000000000e+01,4.102594700000000216e+01
4.001478785876000188e+01,-8.302978042886999788e+01,9.562000000000000499e-01,2.382400000000000073e+00,7.931627219581200983e-01,-2.661519682574799983e-01,-2.586478428491599812e-01,7.546604169999999723e-01,4.365168810000000232e-01,6.826114822300000640e+01,2.024000000000000000e+03,1.100000000000000000e+01,2.500000000000000000e+01,1.200000000000000000e+01,3.100000000000000000e+01,4.108228100000000182e+01
4.001478794508999925e+01,-8.302978015143000334e+01,9.536999999999999922e-01,2.381499999999999950e+00,6.374316655790399633e-01,-2.964793714128599600e-01,-3.661452423856200178e-01,7.606575030000000126e-01,4.311364759999999907e-01,6.826119188799999904e+01,2.024000000000000000e+03,1.100000000000000000e+01,2.500000000000000000e+01,1.200000000000000000e+01,3.100000000000000000e+01,4.113791700000000162e+01
4.001478862985999996e+01,-8.302977793238000004e+01,9.444000000000000172e-01,2.380700000000000038e+00,1.954905970994600117e-01,-1.905152367286000112e-02,9.946032443850000293e-02,8.211099499999999773e-01,3.989577380000000062e-01,6.827609664400000611e+01,2.024000000000000000e+03,1.100000000000000000e+01,2.500000000000000000e+01,1.200000000000000000e+01,3.100000000000000000e+01,4.119321500000000214e+01
4.001478922460999854e+01,-8.302977599397999597e+01,9.456999999999999851e-01,2.374499999999999833e+00,-5.911602815458000260e-02,-1.089923816081800056e-01,4.241518405492000071e-02,8.567512350000000554e-01,3.655548539999999846e-01,6.828885807400000374e+01,2.024000000000000000e+03,1.100000000000000000e+01,2.500000000000000000e+01,1.200000000000000000e+01,3.100000000000000000e+01,4.124945100000000053e+01
4.001478973412999807e+01,-8.302977433802999485e+01,9.616000000000000103e-01,2.361099999999999977e+00,-8.489263079461200068e-01,-1.962732126653000120e-01,-3.386509352941999978e-02,8.682385740000000407e-01,3.425922200000000029e-01,6.829573997900000393e+01,2.024000000000000000e+03,1.100000000000000000e+01,2.500000000000000000e+01,1.200000000000000000e+01,3.100000000000000000e+01,4.130667700000000053e+01
4.001479025372000109e+01,-8.302977269158000695e+01,9.808000000000000052e-01,2.347700000000000120e+00,-8.109743100165199836e-01,-1.471523697362800143e-01,-1.631580033339999911e-03,8.307840920000000295e-01,3.232766690000000165e-01,6.829868649499999833e+01,2.024000000000000000e+03,1.100000000000000000e+01,2.500000000000000000e+01,1.200000000000000000e+01,3.100000000000000000e+01,4.136288499999999857e+01
4.001479077916999927e+01,-8.302977104888999804e+01,9.828999999999999959e-01,2.348700000000000010e+00,-8.118891994648000376e-02,5.666230160569999535e-02,-9.209627074837999083e-02,7.771401660000000211e-01,2.970964970000000149e-01,6.829563113700000088e+01,2.024000000000000000e+03,1.100000000000000000e+01,2.500000000000000000e+01,1.200000000000000000e+01,3.100000000000000000e+01,4.141983799999999860e+01
4.001479121644999992e+01,-8.302976967940999486e+01,9.764000000000000457e-01,2.349699999999999900e+00,2.713364547686599737e-01,-1.115594270944599981e-01,1.409931414940000100e-02,7.473014529999999489e-01,2.610684930000000126e-01,6.829104640799999970e+01,2.024000000000000000e+03,1.100000000000000000e+01,2.500000000000000000e+01,1.200000000000000000e+01,3.100000000000000000e+01,4.147685800000000000e+01
4.001479173525999755e+01,-8.302976803785000470e+01,9.578999999999999737e-01,2.346000000000000085e+00,6.900023598448000728e-01,-3.514804759119800059e-01,1.196794959950000029e-02,7.309867519999999619e-01,2.274538929999999903e-01,6.828928795500000604e+01,2.024000000000000000e+03,1.100000000000000000e+01,2.500000000000000000e+01,1.200000000000000000e+01,3.100000000000000000e+01,4.153383000000000180e+01
4.001479224252999956e+01,-8.302976639706000128e+01,9.357999999999999652e-01,2.346299999999999830e+00,7.196782022718399840e-01,-2.343791305734599928e-01,-2.002499163395400072e-01,7.463231679999999812e-01,2.145355969999999945e-01,6.829522884099999658e+01,2.024000000000000000e+03,1.100000000000000000e+01,2.500000000000000000e+01,1.200000000000000000e+01,3.100000000000000000e+01,4.159313900000000075e+01
4.001479265737999924e+01,-8.302976502836999373e+01,9.201000000000000290e-01,2.349099999999999966e+00,3.473631722026999658e-01,-4.803154392514000226e-02,1.499924956999999998e-03,7.826223190000000107e-01,2.109115659999999948e-01,6.830393043600000169e+01,2.024000000000000000e+03,1.100000000000000000e+01,2.500000000000000000e+01,1.200000000000000000e+01,3.100000000000000000e+01,4.164932000000000301e+01
4.001479314949000354e+01,-8.302976338355999530e+01,9.163999999999999924e-01,2.354499999999999815e+00,1.844494962441000085e-01,7.820997105748000999e-02,9.489879037762000147e-02,8.366658660000000358e-01,1.918062090000000053e-01,6.830898011300000405e+01,2.024000000000000000e+03,1.100000000000000000e+01,2.500000000000000000e+01,1.200000000000000000e+01,3.100000000000000000e+01,4.170564000000000249e+01
4.001479364200999811e+01,-8.302976173752000477e+01,9.226999999999999647e-01,2.349899999999999878e+00,-4.744849703725599888e-01,-1.707604861172800081e-01,3.575925675054000136e-02,8.961961109999999620e-01,1.579450380000000098e-01,6.831305471299999965e+01,2.024000000000000000e+03,1.100000000000000000e+01,2.500000000000000000e+01,1.200000000000000000e+01,3.100000000000000000e+01,4.176440900000000056e+01
4.001479413764000270e+01,-8.302976009815000680e+01,9.316999999999999726e-01,2.336899999999999977e+00,-6.076846740490199350e-01,-2.329652028786800000e-01,6.504747822417999981e-02,9.464119159999999642e-01,1.335968230000000034e-01,6.831846330999999850e+01,2.024000000000000000e+03,1.100000000000000000e+01,2.500000000000000000e+01,1.200000000000000000e+01,3.100000000000000000e+01,4.182056800000000152e+01
4.001479464445999668e+01,-8.302975846764999801e+01,9.583000000000000407e-01,2.325200000000000156e+00,-8.899746380236599475e-01,-1.128160143844000006e-02,-7.122942917321999079e-02,9.412914009999999720e-01,1.177699950000000023e-01,6.832716422000000023e+01,2.024000000000000000e+03,1.100000000000000000e+01,2.500000000000000000e+01,1.200000000000000000e+01,3.100000000000000000e+01,4.187857499999999789e+01
4.001479507162999738e+01,-8.302975711319000141e+01,9.567999999999999838e-01,2.320800000000000196e+00,-7.769572030572000076e-02,-1.638007847103599979e-01,-1.361103702525600090e-01,9.078448209999999685e-01,1.019452079999999955e-01,6.832896745899999758e+01,2.024000000000000000e+03,1.100000000000000000e+01,2.500000000000000000e+01,1.200000000000000000e+01,3.100000000000000000e+01,4.193505199999999888e+01
4.001479558345000243e+01,-8.302975549062000482e+01,9.563000000000000389e-01,2.316800000000000193e+00,-1.679905147272799937e-01,-1.043791670628600038e-01,-8.835224832836000020e-02,8.868522159999999710e-01,8.981034200000000134e-02,6.833062121999999761e+01,2.024000000000000000e+03,1.100000000000000000e+01,2.500000000000000000e+01,1.200000000000000000e+01,3.100000000000000000e+01,4.199237200000000314e+01
4.001479609282999661e+01,-8.302975386974999594e+01,9.461000000000000520e-01,2.316600000000000215e+00,2.300797423186399793e-01,-9.358733415643999409e-02,-2.555172259728800133e-01,8.717791219999999619e-01,8.757567199999999330e-02,6.833165516699999387e+01,2.024000000000000000e+03,1.100000000000000000e+01,2.500000000000000000e+01,1.200000000000000000e+01,3.100000000000000000e+01,4.205121499999999912e+01
4.001479642921999869e+01,-8.302975278860999708e+01,9.385999999999999899e-01,2.318400000000000016e+00,3.207622894046600059e-01,-4.645085538152000232e-02,-3.550434944249800107e-01,8.672773580000000537e-01,9.312594700000000059e-02,6.833275431399999889e+01,2.024000000000000000e+03,1.100000000000000000e+01,2.500000000000000000e+01,1.200000000000000000e+01,3.100000000000000000e+01,4.211006100000000174e+01
4.001479659620999740e+01,-8.302975224768999851e+01,9.323000000000000176e-01,2.319900000000000073e+00,4.837154686037599682e-01,-6.317741373019999940e-02,-2.034866880476000062e-01,8.711326390000000419e-01,9.337991499999999390e-02,6.833339041399999303e+01,2.024000000000000000e+03,1.100000000000000000e+01,2.500000000000000000e+01,1.200000000000000000e+01,3.100000000000000000e+01,4.216686399999999679e+01
4.001479733418999984e+01,-8.302974980954999751e+01,9.093999999999999861e-01,2.322499999999999787e+00,3.707685115906000362e-01,-1.645172672754599830e-01,1.134950553244599841e-01,9.294800989999999485e-01,1.035289350000000025e-01,6.833905337299999871e+01,2.024000000000000000e+03,1.100000000000000000e+01,2.500000000000000000e+01,1.200000000000000000e+01,3.100000000000000000e+01,4.222395900000000069e+01
4.001479774773999765e+01,-8.302974845906000212e+01,9.085999999999999632e-01,2.322599999999999998e+00,1.159848464439999956e-02,4.959990563909999484e-02,-4.456187384733999862e-02,9.733161989999999930e-01,1.196742150000000005e-01,6.834838474299999689e+01,2.024000000000000000e+03,1.100000000000000000e+01,2.500000000000000000e+01,1.200000000000000000e+01,3.100000000000000000e+01,4.228395600000000343e+01
4.001479849521999910e+01,-8.302974602220000122e+01,9.060000000000000275e-01,2.331599999999999895e+00,1.876131773614199971e-01,9.794281788082001561e-02,1.404421515120999886e-01,1.068209329000000096e+00,1.135020479999999943e-01,6.836220868799999550e+01,2.024000000000000000e+03,1.100000000000000000e+01,2.500000000000000000e+01,1.200000000000000000e+01,3.100000000000000000e+01,4.233980999999999995e+01
4.001479891368000352e+01,-8.302974466938999853e+01,9.225999999999999757e-01,2.323199999999999932e+00,-7.183370185636199778e-01,-1.272667597314000067e-02,2.562194700019200244e-01,1.113629098999999956e+00,1.071168420000000038e-01,6.837076476999999386e+01,2.024000000000000000e+03,1.100000000000000000e+01,2.500000000000000000e+01,1.200000000000000000e+01,3.100000000000000000e+01,4.239742600000000294e+01
4.001479951630000187e+01,-8.302974278624999727e+01,9.562000000000000499e-01,2.304899999999999949e+00,-9.538285348669999220e-01,-1.201430837466000018e-01,-4.764177271009999853e-02,1.094149841999999984e+00,1.029570989999999964e-01,6.839113391499999750e+01,2.024000000000000000e+03,1.100000000000000000e+01,2.500000000000000000e+01,1.200000000000000000e+01,3.100000000000000000e+01,4.246706900000000218e+01
4.001480004302000282e+01,-8.302974118298000406e+01,9.656000000000000139e-01,2.289299999999999891e+00,-5.069319545942599925e-01,-3.822686727960999953e-01,4.687903394684000274e-02,1.035454585999999955e+00,1.193193399999999960e-01,6.840693361099999947e+01,2.024000000000000000e+03,1.100000000000000000e+01,2.500000000000000000e+01,1.200000000000000000e+01,3.100000000000000000e+01,4.252469800000000077e+01
4.001480057042999761e+01,-8.302973958649999986e+01,9.586999999999999966e-01,2.285600000000000076e+00,2.122988587928200110e-01,-1.942389895648800047e-01,1.228250345488599987e-01,9.774504109999999635e-01,1.577354579999999951e-01,6.840985458800000174e+01,2.024000000000000000e+03,1.100000000000000000e+01,2.500000000000000000e+01,1.200000000000000000e+01,3.100000000000000000e+01,4.258113500000000329e+01
4.001480109303999910e+01,-8.302973798767000346e+01,9.487999999999999767e-01,2.295999999999999819e+00,4.378482115904799854e-01,2.494983437667600279e-01,1.316037654562000059e-01,9.353191939999999649e-01,1.958714910000000087e-01,6.840144221100000266e+01,2.024000000000000000e+03,1.100000000000000000e+01,2.500000000000000000e+01,1.200000000000000000e+01,3.100000000000000000e+01,4.263770800000000349e+01
4.001480152485999753e+01,-8.302973664908999751e+01,9.421000000000000485e-01,2.306200000000000028e+00,3.857904545542000241e-01,2.867545688216600053e-01,-1.442351174841000061e-01,9.053914320000000515e-01,2.174912459999999992e-01,6.839483791099999621e+01,2.024000000000000000e+03,1.100000000000000000e+01,2.500000000000000000e+01,1.200000000000000000e+01,3.100000000000000000e+01,4.269601699999999767e+01
4.001480203922999834e+01,-8.302973503660000176e+01,9.377999999999999670e-01,2.312300000000000022e+00,7.785640174163999117e-02,1.253125004129199971e-01,-1.858396908827199823e-01,8.846428069999999755e-01,2.287959179999999870e-01,6.839848944999999958e+01,2.024000000000000000e+03,1.100000000000000000e+01,2.500000000000000000e+01,1.200000000000000000e+01,3.100000000000000000e+01,4.275332300000000174e+01
4.001480255153000343e+01,-8.302973342392999712e+01,9.310000000000000497e-01,2.307700000000000085e+00,2.220074194076800123e-01,-2.360596981104000069e-01,-8.612320720799999940e-02,8.696986899999999965e-01,2.459142179999999900e-01,6.840878181799999425e+01,2.024000000000000000e+03,1.100000000000000000e+01,2.500000000000000000e+01,1.200000000000000000e+01,3.100000000000000000e+01,4.281264900000000040e+01
4.001480305799999826e+01,-8.302973181167000405e+01,9.205999999999999739e-01,2.309499999999999886e+00,2.381525643943200321e-01,-4.049597482423999972e-02,1.840122277545200025e-01,8.890653290000000153e-01,2.810771420000000020e-01,6.841128957600000149e+01,2.024000000000000000e+03,1.100000000000000000e+01,2.500000000000000000e+01,1.200000000000000000e+01,3.100000000000000000e+01,4.287205600000000061e+01
4.001480356666999683e+01,-8.302973019872000293e+01,9.343000000000000194e-01,2.310400000000000009e+00,-3.317177078730000339e-01,2.113285597105999947e-01,5.926848453382000531e-02,8.943936220000000548e-01,3.132184889999999888e-01,6.840352472499999692e+01,2.024000000000000000e+03,1.100000000000000000e+01,2.500000000000000000e+01,1.200000000000000000e+01,3.100000000000000000e+01,4.293172700000000219e+01
4.001480407961999930e+01,-8.302972858242000598e+01,9.373000000000000220e-01,2.320500000000000007e+00,1.495180429092000107e-01,4.134281164204199888e-01,1.832787023181600139e-01,8.885667329999999975e-01,3.307506170000000245e-01,6.840048996999999531e+01,2.024000000000000000e+03,1.100000000000000000e+01,2.500000000000000000e+01,1.200000000000000000e+01,3.100000000000000000e+01,4.298908899999999988e+01
4.001480450518000254e+01,-8.302972722840999609e+01,9.282000000000000250e-01,2.331799999999999873e+00,5.190784734791199506e-01,2.845929632084799876e-01,-1.266839406893000008e-01,9.069311089999999576e-01,3.259373260000000272e-01,6.840595487000000219e+01,2.024000000000000000e+03,1.100000000000000000e+01,2.500000000000000000e+01,1.200000000000000000e+01,3.100000000000000000e+01,4.304509399999999886e+01
4.001480492540999734e+01,-8.302972586850999903e+01,9.152000000000000135e-01,2.339700000000000113e+00,5.254281038989200292e-01,9.774683238403999996e-02,-2.248199455850400097e-01,9.613211240000000268e-01,3.158131960000000182e-01,6.841467068000000040e+01,2.024000000000000000e+03,1.100000000000000000e+01,2.500000000000000000e+01,1.200000000000000000e+01,3.100000000000000000e+01,4.310368799999999823e+01
4.001480525936000276e+01,-8.302972477829999320e+01,9.153999999999999915e-01,2.340800000000000214e+00,-1.099948811522000018e-02,3.612602031165999816e-02,-1.806359448177800031e-01,1.010326416000000060e+00,3.072340490000000091e-01,6.841993686300000377e+01,2.024000000000000000e+03,1.100000000000000000e+01,2.500000000000000000e+01,1.200000000000000000e+01,3.100000000000000000e+01,4.316289400000000143e+01
4.001480585542999791e+01,-8.302972287497999559e+01,9.505000000000000115e-01,2.330600000000000005e+00,-1.051379561230979975e+00,1.533361640594800013e-01,-1.618035942929200166e-01,1.010942444999999967e+00,3.075219980000000186e-01,6.842833411099999807e+01,2.024000000000000000e+03,1.100000000000000000e+01,2.500000000000000000e+01,1.200000000000000000e+01,3.100000000000000000e+01,4.321984900000000351e+01
4.001480653195000059e+01,-8.302972070859999576e+01,9.341000000000000414e-01,2.326700000000000212e+00,8.073984706239399900e-01,-3.303432895971400440e-01,5.153055533154800028e-01,9.763812600000000286e-01,3.265799500000000077e-01,6.841543049400000598e+01,2.024000000000000000e+03,1.100000000000000000e+01,2.500000000000000000e+01,1.200000000000000000e+01,3.100000000000000000e+01,4.327945299999999662e+01
4.001480694837999863e+01,-8.302971935437000184e+01,9.302000000000000268e-01,2.330400000000000027e+00,2.139343777972199934e-01,1.460957133090799998e-01,2.706339707805799910e-01,1.017693833999999908e+00,3.567257879999999881e-01,6.840708624699999518e+01,2.024000000000000000e+03,1.100000000000000000e+01,2.500000000000000000e+01,1.200000000000000000e+01,3.100000000000000000e+01,4.333676799999999929e+01
4.001480745104999670e+01,-8.302971772856000143e+01,9.421000000000000485e-01,2.327500000000000124e+00,-3.140718937349999962e-01,3.601531896975999902e-02,1.209525613848399933e-01,1.045743270000000003e+00,3.847093509999999772e-01,6.840154092699999921e+01,2.024000000000000000e+03,1.100000000000000000e+01,2.500000000000000000e+01,1.200000000000000000e+01,3.100000000000000000e+01,4.339300800000000180e+01
4.001480787580000253e+01,-8.302971637745000066e+01,9.560999999999999499e-01,2.317899999999999849e+00,-5.506071571680200005e-01,-1.471879044033399808e-01,2.063074087140400192e-01,1.011118355000000024e+00,4.090157930000000164e-01,6.840350985300000275e+01,2.024000000000000000e+03,1.100000000000000000e+01,2.500000000000000000e+01,1.200000000000000000e+01,3.100000000000000000e+01,4.345053500000000213e+01
4.001480847484999970e+01,-8.302971449394000558e+01,9.572000000000000508e-01,2.308199999999999807e+00,-8.174382666575999434e-02,-2.135962593734400117e-01,6.020434359342000108e-02,9.250390429999999498e-01,4.652274220000000016e-01,6.840947728499999414e+01,2.024000000000000000e+03,1.100000000000000000e+01,2.500000000000000000e+01,1.200000000000000000e+01,3.100000000000000000e+01,4.350999999999999801e+01
4.001480898817000309e+01,-8.302971288169000275e+01,9.630999999999999561e-01,2.309000000000000163e+00,-3.905474500746399791e-01,1.203941713743199998e-01,4.905447720893999636e-02,8.868345939999999761e-01,5.218185269999999765e-01,6.841366831400000592e+01,2.024000000000000000e+03,1.100000000000000000e+01,2.500000000000000000e+01,1.200000000000000000e+01,3.100000000000000000e+01,4.356706299999999743e+01
4.001480942106999805e+01,-8.302971153530999970e+01,9.745000000000000329e-01,2.316699999999999982e+00,-3.851087681423399633e-01,4.356059408760599716e-01,1.506496149914600124e-01,8.481172649999999535e-01,5.434542970000000306e-01,6.841244475599999930e+01,2.024000000000000000e+03,1.100000000000000000e+01,2.500000000000000000e+01,1.200000000000000000e+01,3.100000000000000000e+01,4.362413600000000002e+01
4.001480994343999953e+01,-8.302970991392000144e+01,9.739999999999999769e-01,2.324800000000000200e+00,7.386641022595999417e-02,2.064635887861399899e-01,2.310569265559999849e-02,7.865627880000000127e-01,5.353476990000000102e-01,6.840373031999999398e+01,2.024000000000000000e+03,1.100000000000000000e+01,2.500000000000000000e+01,1.200000000000000000e+01,3.100000000000000000e+01,4.368227799999999661e+01
4.001481046244000339e+01,-8.302970828747000098e+01,9.618999999999999773e-01,2.330799999999999983e+00,4.124888382945999799e-01,2.010534396540000074e-03,7.006619935244000341e-02,7.337174210000000363e-01,5.147092880000000426e-01,6.839555579199999613e+01,2.024000000000000000e+03,1.100000000000000000e+01,2.500000000000000000e+01,1.200000000000000000e+01,3.100000000000000000e+01,4.373863800000000168e+01
4.001481089095999977e+01,-8.302970693346999553e+01,9.536000000000000032e-01,2.323599999999999888e+00,2.565739791681599935e-01,-3.304482170729799995e-01,3.125956291474000365e-02,7.004883830000000478e-01,5.066965260000000359e-01,6.839501098200000229e+01,2.024000000000000000e+03,1.100000000000000000e+01,2.500000000000000000e+01,1.200000000000000000e+01,3.100000000000000000e+01,4.379578800000000172e+01
4.001481140218000121e+01,-8.302970531345999916e+01,9.516000000000000014e-01,2.316600000000000215e+00,3.647973159547999999e-02,-1.566825423418800045e-01,1.488985984514999972e-01,6.651317180000000384e-01,5.212738820000000217e-01,6.840330500100000677e+01,2.024000000000000000e+03,1.100000000000000000e+01,2.500000000000000000e+01,1.200000000000000000e+01,3.100000000000000000e+01,4.385430600000000112e+01
4.001481191490999834e+01,-8.302970369096000525e+01,9.550999999999999490e-01,2.328599999999999781e+00,2.486995491605600017e-01,3.962053966411399619e-01,3.783096552015999953e-02,6.313973550000000490e-01,5.220765849999999819e-01,6.841187815600000022e+01,2.024000000000000000e+03,1.100000000000000000e+01,2.500000000000000000e+01,1.200000000000000000e+01,3.100000000000000000e+01,4.391447300000000098e+01
4.001481242450000053e+01,-8.302970206084999916e+01,9.416999999999999815e-01,2.338499999999999801e+00,6.411337735752999922e-01,1.450018181003200068e-01,-1.359598400230200010e-01,6.269970219999999594e-01,4.964962390000000059e-01,6.840799331799999550e+01,2.024000000000000000e+03,1.100000000000000000e+01,2.500000000000000000e+01,1.200000000000000000e+01,3.100000000000000000e+01,4.397134700000000151e+01
4.001481292801000222e+01,-8.302970042574000331e+01,9.324000000000000066e-01,2.344199999999999839e+00,3.985088312923800169e-01,1.199907522061200160e-01,-2.594358393762599690e-01,6.582305379999999762e-01,4.705734890000000115e-01,6.839827088500000229e+01,2.024000000000000000e+03,1.100000000000000000e+01,2.500000000000000000e+01,1.200000000000000000e+01,3.100000000000000000e+01,4.402878100000000217e+01
4.001481334321999839e+01,-8.302969905804999939e+01,9.213999999999999968e-01,2.352500000000000036e+00,5.998217012607199861e-01,9.800184182800000809e-02,-4.798321566034999819e-01,6.915226359999999683e-01,4.502139059999999970e-01,6.839069902800000023e+01,2.024000000000000000e+03,1.100000000000000000e+01,2.500000000000000000e+01,1.200000000000000000e+01,3.100000000000000000e+01,4.408644000000000318e+01
4.001481350846000140e+01,-8.302969851077000385e+01,9.214999999999999858e-01,2.349800000000000111e+00,1.672213231106400022e-01,-1.140481097559199880e-01,-2.659952971333199856e-01,7.101503879999999658e-01,4.401458389999999832e-01,6.838931082599999911e+01,2.024000000000000000e+03,1.100000000000000000e+01,2.500000000000000000e+01,1.200000000000000000e+01,3.100000000000000000e+01,4.414451199999999886e+01
4.001481423928999703e+01,-8.302969604218999677e+01,8.932999999999999829e-01,2.364199999999999857e+00,7.044061404947400407e-01,2.054992256970600006e-01,-2.238906494950600179e-01,8.204539299999999979e-01,4.375108999999999804e-01,6.837919759899999406e+01,2.024000000000000000e+03,1.100000000000000000e+01,2.500000000000000000e+01,1.200000000000000000e+01,3.100000000000000000e+01,4.420226300000000208e+01
4.001481472769000192e+01,-8.302969439599000623e+01,9.183999999999999941e-01,2.352199999999999847e+00,-8.322755559087199329e-01,-5.753387958637999622e-02,-3.942657584062000259e-02,9.207630599999999665e-01,4.342189129999999841e-01,6.838487079600000129e+01,2.024000000000000000e+03,1.100000000000000000e+01,2.500000000000000000e+01,1.200000000000000000e+01,3.100000000000000000e+01,4.425998100000000335e+01
4.001481523366000204e+01,-8.302969276250000519e+01,9.452000000000000401e-01,2.336599999999999788e+00,-9.732364691152999292e-01,-1.901777626572999924e-01,2.005244992531400039e-01,9.388127000000000555e-01,4.534838740000000090e-01,6.840067521599999623e+01,2.024000000000000000e+03,1.100000000000000000e+01,2.500000000000000000e+01,1.200000000000000000e+01,3.100000000000000000e+01,4.431743800000000277e+01
4.001481574825000109e+01,-8.302969113675000301e+01,9.577999999999999847e-01,2.326600000000000001e+00,-6.367129431866599409e-01,-1.254701341904199963e-01,3.350433960020000046e-01,9.295052560000000019e-01,4.805094289999999879e-01,6.840974791399999333e+01,2.024000000000000000e+03,1.100000000000000000e+01,2.500000000000000000e+01,1.200000000000000000e+01,3.100000000000000000e+01,4.437560599999999766e+01
4.001481626836999794e+01,-8.302968951034999634e+01,9.640999999999999570e-01,2.338699999999999779e+00,-7.683678353011999529e-02,5.288058252167799900e-01,2.130699069769400045e-01,9.067400070000000145e-01,5.077115119999999759e-01,6.839835594699999888e+01,2.024000000000000000e+03,1.100000000000000000e+01,2.500000000000000000e+01,1.200000000000000000e+01,3.100000000000000000e+01,4.443392099999999800e+01
4.001481679681000259e+01,-8.302968787643999349e+01,9.871999999999999664e-01,2.345800000000000107e+00,-7.113150123264000424e-01,4.780712125928199829e-01,2.717652073403400426e-01,8.529592599999999969e-01,4.835446780000000055e-01,6.838372775199999865e+01,2.024000000000000000e+03,1.100000000000000000e+01,2.500000000000000000e+01,1.200000000000000000e+01,3.100000000000000000e+01,4.449107599999999962e+01
4.001481724506999882e+01,-8.302968651369999975e+01,9.979999999999999982e-01,2.344399999999999817e+00,-4.103394786696800134e-01,1.168013331031799995e-01,4.763878365640399903e-01,7.702575440000000162e-01,4.378442920000000238e-01,6.838600158600000611e+01,2.024000000000000000e+03,1.100000000000000000e+01,2.500000000000000000e+01,1.200000000000000000e+01,3.100000000000000000e+01,4.454800699999999836e+01
4.001481769269999944e+01,-8.302968514994999794e+01,9.885000000000000453e-01,2.346499999999999808e+00,2.366652339283800144e-01,-7.510132046874000433e-02,4.098330304191599716e-01,7.032163219999999493e-01,3.806378040000000240e-01,6.839936990799999705e+01,2.024000000000000000e+03,1.100000000000000000e+01,2.500000000000000000e+01,1.200000000000000000e+01,3.100000000000000000e+01,4.460569699999999926e+01
4.001481831473000028e+01,-8.302968324472000461e+01,9.834000000000000519e-01,2.333000000000000185e+00,-1.963352174659799831e-01,-4.914524918949600418e-01,-3.865412722920000266e-02,6.436049499999999535e-01,3.209294140000000239e-01,6.841889498000000458e+01,2.024000000000000000e+03,1.100000000000000000e+01,2.500000000000000000e+01,1.200000000000000000e+01,3.100000000000000000e+01,4.466525599999999940e+01
4.001481884803000355e+01,-8.302968162260999918e+01,9.825000000000000400e-01,2.318799999999999972e+00,1.012267458916000021e-02,-4.364641984535400088e-01,-1.583948812176800003e-01,5.526272439999999619e-01,3.121790740000000008e-01,6.842164736200000164e+01,2.024000000000000000e+03,1.100000000000000000e+01,2.500000000000000000e+01,1.200000000000000000e+01,3.100000000000000000e+01,4.472627599999999859e+01
4.001481937596999927e+01,-8.302968000557000039e+01,9.640999999999999570e-01,2.319599999999999884e+00,7.735054017267199988e-01,-1.337439675418999885e-01,-4.339081517467600069e-01,4.630907129999999872e-01,3.304134590000000204e-01,6.840810771200000318e+01,2.024000000000000000e+03,1.100000000000000000e+01,2.500000000000000000e+01,1.200000000000000000e+01,3.100000000000000000e+01,4.478390399999999971e+01
4.001481989596999966e+01,-8.302967838473999507e+01,9.570999999999999508e-01,2.328399999999999803e+00,2.298737564712200199e-01,2.952115624607599687e-01,-3.409137329328399968e-01,4.365069970000000077e-01,3.491420069999999765e-01,6.839799274599999990e+01,2.024000000000000000e+03,1.100000000000000000e+01,2.500000000000000000e+01,1.200000000000000000e+01,3.100000000000000000e+01,4.484074199999999877e+01
4.001482032775999897e+01,-8.302967702667000083e+01,9.550999999999999490e-01,2.341299999999999937e+00,2.569325475118600099e-01,4.063626941111200264e-01,-1.032405440087800080e-01,4.332034989999999919e-01,3.356141149999999906e-01,6.839976071799999602e+01,2.024000000000000000e+03,1.100000000000000000e+01,2.500000000000000000e+01,1.200000000000000000e+01,3.100000000000000000e+01,4.490073199999999787e+01
4.001482092810000069e+01,-8.302967511936999756e+01,9.465999999999999970e-01,2.340300000000000047e+00,7.739227255434000252e-02,-2.477807224576800138e-01,-9.387128172582000218e-02,4.427632980000000273e-01,2.919999879999999881e-01,6.841244974100000320e+01,2.024000000000000000e+03,1.100000000000000000e+01,2.500000000000000000e+01,1.200000000000000000e+01,3.100000000000000000e+01,4.495886999999999745e+01
4.001482135156000197e+01,-8.302967375792999860e+01,9.306999999999999718e-01,2.342900000000000205e+00,8.507551016999799209e-01,-1.165684484177600122e-01,-3.911584166445600252e-01,4.526875879999999741e-01,2.788842970000000032e-01,6.841659288200000333e+01,2.024000000000000000e+03,1.100000000000000000e+01,2.500000000000000000e+01,1.200000000000000000e+01,3.100000000000000000e+01,4.501549200000000184e+01
4.001482185113000156e+01,-8.302967212161999555e+01,9.181000000000000272e-01,2.342799999999999994e+00,1.812332620590400012e-01,-1.942833786435800014e-01,-2.196714808957200005e-01,5.075584269999999787e-01,2.680213570000000156e-01,6.840848016500000028e+01,2.024000000000000000e+03,1.100000000000000000e+01,2.500000000000000000e+01,1.200000000000000000e+01,3.100000000000000000e+01,4.507368400000000008e+01
4.001482201687999662e+01,-8.302967157710999402e+01,9.170000000000000373e-01,2.339199999999999946e+00,9.424134541709999757e-02,-3.119387136999799970e-01,-2.815939383400999918e-01,5.232348310000000113e-01,2.684089689999999973e-01,6.840333381099999599e+01,2.024000000000000000e+03,1.100000000000000000e+01,2.500000000000000000e+01,1.200000000000000000e+01,3.100000000000000000e+01,4.513126900000000319e+01
4.001482268190000013e+01,-8.302966940631000625e+01,9.285999999999999810e-01,2.323599999999999888e+00,-7.823606936670399747e-01,-2.703770820974399913e-01,3.298609904742000332e-02,5.646614089999999475e-01,2.985634110000000008e-01,6.837772684899999831e+01,2.024000000000000000e+03,1.100000000000000000e+01,2.500000000000000000e+01,1.200000000000000000e+01,3.100000000000000000e+01,4.519159400000000204e+01
4.001482327104999825e+01,-8.302966752001999851e+01,9.395999999999999908e-01,2.310400000000000009e+00,-4.497133905687999977e-02,-2.869840184962199614e-01,-1.886527436590000051e-01,5.574541210000000246e-01,3.356820360000000170e-01,6.838546218099999408e+01,2.024000000000000000e+03,1.100000000000000000e+01,2.500000000000000000e+01,1.200000000000000000e+01,3.100000000000000000e+01,4.525081500000000290e+01
4.001482385437000033e+01,-8.302966563943999745e+01,9.414000000000000146e-01,2.314700000000000202e+00,2.775086340219999961e-02,2.980992104670199816e-01,3.385906696331600352e-01,5.516801850000000451e-01,3.763513709999999901e-01,6.838877617800000053e+01,2.024000000000000000e+03,1.100000000000000000e+01,2.500000000000000000e+01,1.200000000000000000e+01,3.100000000000000000e+01,4.530797599999999647e+01
4.001482427335999859e+01,-8.302966429280999705e+01,9.437999999999999723e-01,2.319900000000000073e+00,1.904240272522799982e-01,3.699737985069799784e-01,5.239549788008400766e-01,5.467584210000000500e-01,3.716286059999999725e-01,6.837948784799999657e+01,2.024000000000000000e+03,1.100000000000000000e+01,2.500000000000000000e+01,1.200000000000000000e+01,3.100000000000000000e+01,4.536559400000000153e+01
4.001482477999000054e+01,-8.302966267661000188e+01,9.556999999999999940e-01,2.315300000000000136e+00,-3.353084667185000090e-01,2.518496654839999863e-02,5.177015125969399723e-01,5.201495659999999521e-01,3.255977660000000107e-01,6.836764412600000185e+01,2.024000000000000000e+03,1.100000000000000000e+01,2.500000000000000000e+01,1.200000000000000000e+01,3.100000000000000000e+01,4.542345600000000161e+01
4.001482529404000132e+01,-8.302966106562000448e+01,9.705000000000000293e-01,2.302999999999999936e+00,-5.593883223249600523e-01,-2.376631727442000130e-01,1.345521117395599986e-01,4.549300119999999947e-01,2.589381210000000211e-01,6.836836304800000619e+01,2.024000000000000000e+03,1.100000000000000000e+01,2.500000000000000000e+01,1.200000000000000000e+01,3.100000000000000000e+01,4.548498000000000019e+01
4.001482580695000024e+01,-8.302965946547000442e+01,9.475999999999999979e-01,2.283999999999999808e+00,6.035407793349800709e-01,-9.685302893372799149e-01,1.661181805351600038e-01,3.825127689999999747e-01,2.101806940000000012e-01,6.838010231399999839e+01,2.024000000000000000e+03,1.100000000000000000e+01,2.500000000000000000e+01,1.200000000000000000e+01,3.100000000000000000e+01,4.554211099999999846e+01
4.001482621868999701e+01,-8.302965814094000052e+01,9.130000000000000338e-01,2.271999999999999797e+00,9.258730029777599846e-01,-8.623985735388399743e-01,-1.558998017185199980e-01,3.963163000000000102e-01,2.149881549999999863e-01,6.838260157099999503e+01,2.024000000000000000e+03,1.100000000000000000e+01,2.500000000000000000e+01,1.200000000000000000e+01,3.100000000000000000e+01,4.559929699999999997e+01
4.001482678733999876e+01,-8.302965629890999821e+01,9.160000000000000364e-01,2.256400000000000183e+00,-3.733104738822400348e-01,-2.523540897585599962e-01,-7.161113033254000448e-02,4.265743750000000056e-01,2.508003129999999969e-01,6.837561952100000440e+01,2.024000000000000000e+03,1.100000000000000000e+01,2.500000000000000000e+01,1.200000000000000000e+01,3.100000000000000000e+01,4.565665599999999813e+01
4.001482727610999746e+01,-8.302965472527999680e+01,9.190000000000000391e-01,2.254500000000000171e+00,-1.304147606081400013e-01,2.409088565603999949e-02,-1.445222951699200176e-01,3.991718280000000063e-01,2.630938469999999918e-01,6.836417235400000436e+01,2.024000000000000000e+03,1.100000000000000000e+01,2.500000000000000000e+01,1.200000000000000000e+01,3.100000000000000000e+01,4.571793199999999757e+01
4.001482768497000109e+01,-8.302965341419999845e+01,9.217999999999999527e-01,2.254300000000000193e+00,-1.505471578758999784e-01,3.371738020544000347e-02,1.132282894138200019e-01,3.717761909999999781e-01,2.402965860000000065e-01,6.836155389500000013e+01,2.024000000000000000e+03,1.100000000000000000e+01,2.500000000000000000e+01,1.200000000000000000e+01,3.100000000000000000e+01,4.577564000000000277e+01
4.001482817630999733e+01,-8.302965184471000271e+01,9.231000000000000316e-01,2.242100000000000204e+00,-2.854857281537800384e-01,-3.786242732502800301e-01,3.158576521318400276e-01,3.615912689999999929e-01,1.828964429999999919e-01,6.836948047600000677e+01,2.024000000000000000e+03,1.100000000000000000e+01,2.500000000000000000e+01,1.200000000000000000e+01,3.100000000000000000e+01,4.583674400000000304e+01
4.001482866420000306e+01,-8.302965028584000606e+01,9.090000000000000302e-01,2.224600000000000133e+00,1.359049586588400027e-01,-7.208655133166999018e-01,1.916114763977999971e-02,3.642431389999999936e-01,1.427402670000000040e-01,6.837452802599999302e+01,2.024000000000000000e+03,1.100000000000000000e+01,2.500000000000000000e+01,1.200000000000000000e+01,3.100000000000000000e+01,4.589747899999999703e+01
4.001482922692999722e+01,-8.302964848269000697e+01,9.015999999999999570e-01,2.205600000000000005e+00,-9.381632480815998987e-02,-2.650459990611199745e-01,-1.184289221214399890e-01,3.579847890000000254e-01,1.396380140000000047e-01,6.836773622299999431e+01,2.024000000000000000e+03,1.100000000000000000e+01,2.500000000000000000e+01,1.200000000000000000e+01,3.100000000000000000e+01,4.595720299999999980e+01
4.001482962654999653e+01,-8.302964720158999512e+01,8.941000000000000059e-01,2.200299999999999923e+00,2.703697834960600010e-01,-3.089022495329999951e-01,-3.839607521175600335e-01,3.358065159999999993e-01,1.462059229999999876e-01,6.836039962099999912e+01,2.024000000000000000e+03,1.100000000000000000e+01,2.500000000000000000e+01,1.200000000000000000e+01,3.100000000000000000e+01,4.601479199999999992e+01
4.001483010049000200e+01,-8.302964566647999334e+01,8.803999999999999604e-01,2.198300000000000143e+00,4.867928484083399732e-01,-2.351742563807799891e-01,-1.835073998295000119e-01,3.258157449999999900e-01,1.453064500000000037e-01,6.835595463999999311e+01,2.024000000000000000e+03,1.100000000000000000e+01,2.500000000000000000e+01,1.200000000000000000e+01,3.100000000000000000e+01,4.607278900000000021e+01
4.001483025649999803e+01,-8.302964515525999900e+01,8.747000000000000330e-01,2.196299999999999919e+00,4.643645221613200147e-01,-3.291877335755999945e-01,-1.175951504825200056e-01,3.316038419999999820e-01,1.425817259999999920e-01,6.835537411100000327e+01,2.024000000000000000e+03,1.100000000000000000e+01,2.500000000000000000e+01,1.200000000000000000e+01,3.100000000000000000e+01,4.613372300000000337e+01
4.001483094918999939e+01,-8.302964286440999331e+01,8.640999999999999792e-01,2.177400000000000002e+00,-2.565782091799799769e-01,-4.495589160227000392e-01,2.941145189207600152e-01,4.114415650000000091e-01,1.645822329999999944e-01,6.835939633200000287e+01,2.024000000000000000e+03,1.100000000000000000e+01,2.500000000000000000e+01,1.200000000000000000e+01,3.100000000000000000e+01,4.619189099999999826e+01
4.001483141319000225e+01,-8.302964135265999346e+01,8.669000000000000039e-01,2.163600000000000190e+00,-1.093918818445399899e-01,-4.738771337812200390e-01,2.767963158865199835e-01,4.291899880000000223e-01,1.799368060000000047e-01,6.836433828600000595e+01,2.024000000000000000e+03,1.100000000000000000e+01,2.500000000000000000e+01,1.200000000000000000e+01,3.100000000000000000e+01,4.625304500000000019e+01
4.001483195953999683e+01,-8.302963960146999511e+01,8.752999999999999670e-01,2.155299999999999994e+00,-2.656636411237600082e-01,-1.363270883055399951e-01,3.571294855085799802e-01,4.156970879999999924e-01,1.928233669999999955e-01,6.836464242099999922e+01,2.024000000000000000e+03,1.100000000000000000e+01,2.500000000000000000e+01,1.200000000000000000e+01,3.100000000000000000e+01,4.631195999999999913e+01
4.001483242769000270e+01,-8.302963810437999825e+01,8.679000000000000048e-01,2.150999999999999801e+00,1.943084054927600168e-01,-2.621849907242799760e-01,2.275135590452800061e-01,4.161566329999999980e-01,1.754752139999999905e-01,6.836407082099999855e+01,2.024000000000000000e+03,1.100000000000000000e+01,2.500000000000000000e+01,1.200000000000000000e+01,3.100000000000000000e+01,4.637356799999999879e+01
4.001483289139000021e+01,-8.302963661312000454e+01,8.617000000000000215e-01,2.136400000000000077e+00,-1.413069798502800123e-01,-5.854069281217200160e-01,-2.657263942636399756e-01,4.517496349999999827e-01,1.623828129999999870e-01,6.836931457999999395e+01,2.024000000000000000e+03,1.100000000000000000e+01,2.500000000000000000e+01,1.200000000000000000e+01,3.100000000000000000e+01,4.643512700000000137e+01
4.001483335596000046e+01,-8.302963513683999963e+01,8.687000000000000277e-01,2.111400000000000166e+00,-5.268397699541399470e-01,-6.237883300299400524e-01,-2.952915544510200108e-01,4.463479659999999849e-01,1.784627799999999875e-01,6.837794463299999848e+01,2.024000000000000000e+03,1.100000000000000000e+01,2.500000000000000000e+01,1.200000000000000000e+01,3.100000000000000000e+01,4.649306200000000189e+01
4.001483374368000057e+01,-8.302963391680999905e+01,8.647000000000000242e-01,2.099600000000000133e+00,-4.990866476697999876e-02,-4.840003471140799651e-01,-3.317955992329599813e-01,4.065075750000000099e-01,2.091453620000000013e-01,6.838287559299999430e+01,2.024000000000000000e+03,1.100000000000000000e+01,2.500000000000000000e+01,1.200000000000000000e+01,3.100000000000000000e+01,4.655042199999999752e+01
4.001483412796999772e+01,-8.302963270213000158e+01,8.548000000000000043e-01,2.091200000000000170e+00,1.495767852869399894e-01,-4.838102680247999832e-01,-1.477705457236599962e-01,3.853238090000000171e-01,2.413170410000000099e-01,6.838689137199999379e+01,2.024000000000000000e+03,1.100000000000000000e+01,2.500000000000000000e+01,1.200000000000000000e+01,3.100000000000000000e+01,4.660782999999999987e+01
4.001483466137000278e+01,-8.302963100924999651e+01,8.477999999999999980e-01,2.082399999999999807e+00,2.041957150936400123e-01,-2.646609646810199612e-01,3.191761423365400141e-01,3.795947849999999901e-01,2.920734070000000071e-01,6.838685687900000687e+01,2.024000000000000000e+03,1.100000000000000000e+01,2.500000000000000000e+01,1.200000000000000000e+01,3.100000000000000000e+01,4.666574399999999656e+01
4.001483519471999983e+01,-8.302962931902000321e+01,8.528000000000000025e-01,2.084000000000000075e+00,-3.048864895829999852e-02,1.886172398685199980e-01,1.897143667139999934e-01,3.503363420000000228e-01,3.157213689999999739e-01,6.837319067100000325e+01,2.024000000000000000e+03,1.100000000000000000e+01,2.500000000000000000e+01,1.200000000000000000e+01,3.100000000000000000e+01,4.672695300000000174e+01
4.001483557814000136e+01,-8.302962811176000457e+01,8.565000000000000391e-01,2.084000000000000075e+00,1.921246507704000087e-02,1.178964233364000053e-01,1.796408365983999944e-01,3.168779210000000068e-01,3.266227259999999744e-01,6.836606958900000564e+01,2.024000000000000000e+03,1.100000000000000000e+01,2.500000000000000000e+01,1.200000000000000000e+01,3.100000000000000000e+01,4.678615299999999877e+01
4.001483603532999922e+01,-8.302962666102999378e+01,8.440999999999999615e-01,2.086500000000000021e+00,4.849602250787199975e-01,-8.373404168115999857e-02,6.332531859041999611e-02,3.106468940000000067e-01,3.235272799999999727e-01,6.837416867999999681e+01,2.024000000000000000e+03,1.100000000000000000e+01,2.500000000000000000e+01,1.200000000000000000e+01,3.100000000000000000e+01,4.684421100000000138e+01
4.001483648850000208e+01,-8.302962521236000271e+01,8.466000000000000192e-01,2.075099999999999945e+00,-4.812456392709200115e-01,-3.237705231223400038e-01,-5.057087177812000234e-02,3.314970449999999902e-01,3.201432080000000124e-01,6.838947781699999950e+01,2.024000000000000000e+03,1.100000000000000000e+01,2.500000000000000000e+01,1.200000000000000000e+01,3.100000000000000000e+01,4.690684300000000206e+01
4.001483694835000193e+01,-8.302962377359000357e+01,8.604000000000000536e-01,2.060500000000000220e+00,-4.736823136531000400e-01,-3.519549733505200062e-01,-2.672418308022599942e-01,2.768434929999999961e-01,3.339271220000000207e-01,6.839165538299999980e+01,2.024000000000000000e+03,1.100000000000000000e+01,2.500000000000000000e+01,1.200000000000000000e+01,3.100000000000000000e+01,4.696413799999999839e+01
4.001483741260999949e+01,-8.302962233629999389e+01,8.696000000000000396e-01,2.071299999999999919e+00,-2.315768412381000174e-01,6.156905328115400700e-01,-4.586891610565999727e-02,1.950479400000000030e-01,3.418233119999999903e-01,6.837686313800000448e+01,2.024000000000000000e+03,1.100000000000000000e+01,2.500000000000000000e+01,1.200000000000000000e+01,3.100000000000000000e+01,4.702524799999999772e+01
4.001483786895000350e+01,-8.302962089288999437e+01,8.245999999999999996e-01,2.076499999999999790e+00,1.648449766685679885e+00,-4.317625825160599784e-01,1.852616385139400079e-01,1.822551769999999904e-01,3.224938840000000084e-01,6.836238338900000144e+01,2.024000000000000000e+03,1.100000000000000000e+01,2.500000000000000000e+01,1.200000000000000000e+01,3.100000000000000000e+01,4.708383400000000307e+01
4.001483801482000047e+01,-8.302962041124000336e+01,8.051000000000000378e-01,2.075899999999999856e+00,1.588834037649939912e+00,-5.348790154249000173e-01,1.382159156141199996e-01,2.172305290000000055e-01,3.197320659999999815e-01,6.835698401099999444e+01,2.024000000000000000e+03,1.100000000000000000e+01,2.500000000000000000e+01,1.200000000000000000e+01,3.100000000000000000e+01,4.714211600000000146e+01
4.001483866064999972e+01,-8.302961824409000258e+01,8.123000000000000220e-01,2.069500000000000117e+00,-8.006353934167799169e-01,4.072099885617999626e-02,-4.003623709864000124e-02,3.547305179999999947e-01,3.400249129999999842e-01,6.838290795400000377e+01,2.024000000000000000e+03,1.100000000000000000e+01,2.500000000000000000e+01,1.200000000000000000e+01,3.100000000000000000e+01,4.720059499999999986e+01
4.001483909536000283e+01,-8.302961680319999971e+01,8.171000000000000485e-01,2.071400000000000130e+00,-4.105046043031200242e-01,3.342495374444000023e-01,-1.962422743571000106e-01,3.542788339999999869e-01,3.629983500000000252e-01,6.840959868599999538e+01,2.024000000000000000e+03,1.100000000000000000e+01,2.500000000000000000e+01,1.200000000000000000e+01,3.100000000000000000e+01,4.725945099999999854e+01
4.001483959627999809e+01,-8.302961511450000387e+01,7.931000000000000272e-01,2.078699999999999992e+00,5.731894891269799786e-01,-3.288963812625599892e-01,-1.834330556617000119e-01,4.265619909999999737e-01,3.618932699999999891e-01,6.841976335200000392e+01,2.024000000000000000e+03,1.100000000000000000e+01,2.500000000000000000e+01,1.200000000000000000e+01,3.100000000000000000e+01,4.732047399999999726e+01
4.001484002168999865e+01,-8.302961367263999648e+01,8.044999999999999929e-01,2.063800000000000079e+00,-7.338033847485999628e-01,-1.619816403457400023e-01,1.351938747846199995e-01,5.346349740000000406e-01,3.857000910000000227e-01,6.839551633700000366e+01,2.024000000000000000e+03,1.100000000000000000e+01,2.500000000000000000e+01,1.200000000000000000e+01,3.100000000000000000e+01,4.737880799999999937e+01
4.001484046825000007e+01,-8.302961224143000152e+01,8.589999999999999858e-01,2.051099999999999923e+00,-1.548536430466579850e+00,3.905773082966400023e-01,1.648961631107799808e-01,5.174519990000000513e-01,4.144579460000000215e-01,6.837434085300000675e+01,2.024000000000000000e+03,1.100000000000000000e+01,2.500000000000000000e+01,1.200000000000000000e+01,3.100000000000000000e+01,4.743730000000000047e+01
4.001484085698999849e+01,-8.302961105229999816e+01,8.763999999999999568e-01,2.048999999999999932e+00,-3.100858900003600205e-01,1.392178967767999931e-01,1.112373981874399953e-01,4.212380219999999897e-01,4.136850739999999860e-01,6.837677934100000243e+01,2.024000000000000000e+03,1.100000000000000000e+01,2.500000000000000000e+01,1.200000000000000000e+01,3.100000000000000000e+01,4.749504499999999751e+01
4.001484132179999875e+01,-8.302960962225999708e+01,8.577000000000000179e-01,2.058600000000000207e+00,8.223086363867599946e-01,7.696359081803999524e-02,2.549699229735399864e-01,3.458639079999999977e-01,4.062044200000000105e-01,6.839267111899999918e+01,2.024000000000000000e+03,1.100000000000000000e+01,2.500000000000000000e+01,1.200000000000000000e+01,3.100000000000000000e+01,4.755351199999999778e+01
4.001484170009000252e+01,-8.302960842429000365e+01,8.373000000000000442e-01,2.069900000000000073e+00,5.894305606044399903e-01,6.751008344039999276e-02,-2.579920935826799933e-01,3.503670999999999869e-01,4.017775869999999916e-01,6.839805675300000587e+01,2.024000000000000000e+03,1.100000000000000000e+01,2.500000000000000000e+01,1.200000000000000000e+01,3.100000000000000000e+01,4.761198900000000123e+01
4.001484222061999674e+01,-8.302960674297999333e+01,8.314000000000000279e-01,2.068999999999999950e+00,-6.991751280586000483e-02,-1.819980101916000154e-02,-7.567926118769999211e-02,3.672762740000000137e-01,3.979315399999999725e-01,6.838371999500000697e+01,2.024000000000000000e+03,1.100000000000000000e+01,2.500000000000000000e+01,1.200000000000000000e+01,3.100000000000000000e+01,4.766991900000000015e+01
4.001484266346000140e+01,-8.302960530112000015e+01,8.262000000000000455e-01,2.069300000000000139e+00,3.083533782773999893e-02,-9.976596398039999300e-03,6.288391625328000611e-02,3.524087169999999825e-01,4.031702810000000192e-01,6.836939753599999392e+01,2.024000000000000000e+03,1.100000000000000000e+01,2.500000000000000000e+01,1.200000000000000000e+01,3.100000000000000000e+01,4.772836199999999707e+01
4.001484302997000242e+01,-8.302960409885000104e+01,8.188999999999999613e-01,2.071800000000000086e+00,2.358083419324199792e-01,3.688369401105999479e-02,2.215638329652999949e-01,3.571726479999999815e-01,4.083007960000000214e-01,6.836975593399999696e+01,2.024000000000000000e+03,1.100000000000000000e+01,2.500000000000000000e+01,1.200000000000000000e+01,3.100000000000000000e+01,4.778627600000000086e+01
4.001484346792000224e+01,-8.302960265359999426e+01,8.199999999999999512e-01,2.075099999999999945e+00,-1.153521916643799883e-01,1.451117909036200027e-01,2.673123700607200059e-01,3.981300150000000038e-01,4.095429569999999853e-01,6.837807888300000059e+01,2.024000000000000000e+03,1.100000000000000000e+01,2.500000000000000000e+01,1.200000000000000000e+01,3.100000000000000000e+01,4.784413299999999936e+01
4.001484391248000350e+01,-8.302960120792999987e+01,8.384000000000000341e-01,2.074899999999999967e+00,-4.786258460189400377e-01,2.649154070167599739e-01,-4.418167378368000053e-02,4.139581580000000205e-01,4.054726810000000015e-01,6.838463889099999449e+01,2.024000000000000000e+03,1.100000000000000000e+01,2.500000000000000000e+01,1.200000000000000000e+01,3.100000000000000000e+01,4.790255400000000208e+01
4.001484436709999670e+01,-8.302959976142000187e+01,8.547000000000000153e-01,2.077100000000000168e+00,-2.585536038748599830e-01,2.662509710924000350e-01,-1.276888990996999929e-01,3.856560989999999745e-01,3.902671879999999871e-01,6.838476943000000574e+01,2.024000000000000000e+03,1.100000000000000000e+01,2.500000000000000000e+01,1.200000000000000000e+01,3.100000000000000000e+01,4.796502300000000218e+01
4.001484482694999656e+01,-8.302959831238999300e+01,8.574000000000000510e-01,2.080700000000000216e+00,1.250166199896599883e-01,1.176027381572599950e-01,-2.096988369576799904e-01,3.424594779999999838e-01,3.662023879999999898e-01,6.837935806800000194e+01,2.024000000000000000e+03,1.100000000000000000e+01,2.500000000000000000e+01,1.200000000000000000e+01,3.100000000000000000e+01,4.802416999999999803e+01
4.001484528891000281e+01,-8.302959686280999563e+01,8.690999999999999837e-01,2.078500000000000014e+00,-5.515698302763200056e-01,1.812115828515399873e-01,-1.505440179136399992e-01,2.981740959999999996e-01,3.508657379999999826e-01,6.837342356899999629e+01,2.024000000000000000e+03,1.100000000000000000e+01,2.500000000000000000e+01,1.200000000000000000e+01,3.100000000000000000e+01,4.808359500000000253e+01
4.001484536740999687e+01,-8.302959662150000497e+01,8.781999999999999806e-01,2.076900000000000190e+00,-9.804606608636400322e-01,2.566840076669399950e-01,-2.201498070462599710e-01,2.864394619999999780e-01,3.481464859999999772e-01,6.837335984099999564e+01,2.024000000000000000e+03,1.100000000000000000e+01,2.500000000000000000e+01,1.200000000000000000e+01,3.100000000000000000e+01,4.814526000000000039e+01
4.001484615879999751e+01,-8.302959421068000267e+01,8.667000000000000259e-01,2.072599999999999998e+00,1.035033849925240057e+00,-4.398139159078600091e-01,-1.873193114222400091e-01,1.271740020000000082e-01,3.268415150000000269e-01,6.837985887899999682e+01,2.024000000000000000e+03,1.100000000000000000e+01,2.500000000000000000e+01,1.200000000000000000e+01,3.100000000000000000e+01,4.820409099999999825e+01
4.001484662605000153e+01,-8.302959276967999358e+01,8.626000000000000334e-01,2.062899999999999956e+00,-1.102213574243200017e-01,-2.087353033966400095e-01,-1.401224506546600024e-01,1.203269760000000022e-01,3.728074980000000149e-01,6.839516663700000265e+01,2.024000000000000000e+03,1.100000000000000000e+01,2.500000000000000000e+01,1.200000000000000000e+01,3.100000000000000000e+01,4.826152299999999684e+01
4.001484715553999649e+01,-8.302959107943000561e+01,8.120000000000000551e-01,2.102100000000000080e+00,1.533663922452940032e+00,6.828519917481200574e-01,4.153650579039599999e-01,1.416292170000000017e-01,4.316913600000000240e-01,6.838818991700000538e+01,2.024000000000000000e+03,1.100000000000000000e+01,2.500000000000000000e+01,1.200000000000000000e+01,3.100000000000000000e+01,4.832042700000000224e+01
4.001484759459000173e+01,-8.302958960953999679e+01,7.963999999999999968e-01,2.122100000000000097e+00,8.954984739317599640e-01,3.421646382078200044e-01,9.275918310648000042e-02,1.871185170000000120e-01,4.375410149999999776e-01,6.835771109200000240e+01,2.024000000000000000e+03,1.100000000000000000e+01,2.500000000000000000e+01,1.200000000000000000e+01,3.100000000000000000e+01,4.837937199999999649e+01
4.001484802430999821e+01,-8.302958812797000121e+01,7.782999999999999918e-01,2.137199999999999989e+00,8.785679389745201240e-01,3.351228163168200047e-01,3.446324839046199795e-01,2.834701479999999774e-01,4.338162420000000186e-01,6.834616153599999677e+01,2.024000000000000000e+03,1.100000000000000000e+01,2.500000000000000000e+01,1.200000000000000000e+01,3.100000000000000000e+01,4.843865600000000171e+01
4.001484838380000042e+01,-8.302958689035000361e+01,7.915999999999999703e-01,2.136200000000000099e+00,5.161593024649999834e-02,2.202628249060399890e-01,2.492960279678799740e-01,3.983884369999999842e-01,4.312974019999999964e-01,6.835636027200000342e+01,2.024000000000000000e+03,1.100000000000000000e+01,2.500000000000000000e+01,1.200000000000000000e+01,3.100000000000000000e+01,4.849686100000000266e+01
4.001484882383999775e+01,-8.302958540555999889e+01,8.159999999999999476e-01,2.132699999999999818e+00,-3.814816142400400123e-01,1.982061949906599729e-01,3.004939442560199958e-01,5.061283600000000549e-01,4.195471809999999913e-01,6.837148863699999879e+01,2.024000000000000000e+03,1.100000000000000000e+01,2.500000000000000000e+01,1.200000000000000000e+01,3.100000000000000000e+01,4.855602799999999775e+01
4.001484928253000106e+01,-8.302958392575999369e+01,8.607000000000000206e-01,2.118700000000000028e+00,-1.927960182076359885e+00,4.480350967355999775e-02,-1.285630167055399897e-01,5.400418710000000067e-01,4.030612040000000063e-01,6.838599377200000617e+01,2.024000000000000000e+03,1.100000000000000000e+01,2.500000000000000000e+01,1.200000000000000000e+01,3.100000000000000000e+01,4.861388199999999671e+01
4.001484976062999976e+01,-8.302958245627000622e+01,8.911000000000000032e-01,2.105500000000000149e+00,-8.792472249551800401e-01,1.740227760133999935e-02,-5.561560585345799446e-01,4.750055109999999914e-01,4.156748719999999730e-01,6.838762499599999956e+01,2.024000000000000000e+03,1.100000000000000000e+01,2.500000000000000000e+01,1.200000000000000000e+01,3.100000000000000000e+01,4.867314600000000269e+01
4.001485024560999904e+01,-8.302958098837000023e+01,8.903999999999999693e-01,2.110799999999999788e+00,1.391012336768999991e-01,1.541856105184399861e-01,-1.377486127089999901e-01,3.996652019999999972e-01,4.363067540000000188e-01,6.837864012000000002e+01,2.024000000000000000e+03,1.100000000000000000e+01,2.500000000000000000e+01,1.200000000000000000e+01,3.100000000000000000e+01,4.873345100000000230e+01
4.001485073061000008e+01,-8.302957951642000012e+01,8.920000000000000151e-01,2.116099999999999870e+00,6.548152297942000377e-02,2.143474107027800168e-01,-2.013593530142199772e-01,3.467751430000000079e-01,4.580560679999999829e-01,6.837412396300000239e+01,2.024000000000000000e+03,1.100000000000000000e+01,2.500000000000000000e+01,1.200000000000000000e+01,3.100000000000000000e+01,4.879228799999999922e+01
4.001485121326999916e+01,-8.302957803894000222e+01,8.823999999999999622e-01,2.126500000000000057e+00,2.759796541479999643e-01,2.333229024468000123e-01,9.342911193106000212e-02,2.951931769999999733e-01,4.796185550000000020e-01,6.837628127000000688e+01,2.024000000000000000e+03,1.100000000000000000e+01,2.500000000000000000e+01,1.200000000000000000e+01,3.100000000000000000e+01,4.885287799999999692e+01
4.001485168858999941e+01,-8.302957654995999803e+01,8.610999999999999766e-01,2.147899999999999920e+00,1.124828386976240102e+00,3.702543149447600213e-01,3.264659335540199825e-01,2.682258710000000046e-01,4.866809910000000072e-01,6.837932365000000345e+01,2.024000000000000000e+03,1.100000000000000000e+01,2.500000000000000000e+01,1.200000000000000000e+01,3.100000000000000000e+01,4.891378100000000018e+01
4.001485215305000054e+01,-8.302957504743000072e+01,8.435000000000000275e-01,2.164899999999999824e+00,8.550663584423600083e-01,2.962303532570799702e-01,2.059236979389400257e-01,3.017829209999999818e-01,4.752936870000000202e-01,6.838379957099999729e+01,2.024000000000000000e+03,1.100000000000000000e+01,2.500000000000000000e+01,1.200000000000000000e+01,3.100000000000000000e+01,4.897435699999999770e+01
4.001485261391000137e+01,-8.302957353805000196e+01,8.497000000000000108e-01,2.167100000000000026e+00,-1.922100252849800184e-01,1.138018242337999891e-01,1.140172922858200127e-01,3.522772579999999820e-01,4.582987570000000010e-01,6.838612824800000567e+01,2.024000000000000000e+03,1.100000000000000000e+01,2.500000000000000000e+01,1.200000000000000000e+01,3.100000000000000000e+01,4.903278099999999995e+01
4.001485308145999653e+01,-8.302957202711000662e+01,8.679999999999999938e-01,2.167400000000000215e+00,-5.654986672374400225e-01,1.997376575146799782e-01,-1.105165356772399993e-01,3.632739249999999975e-01,4.410584579999999866e-01,6.838660034999999482e+01,2.024000000000000000e+03,1.100000000000000000e+01,2.500000000000000000e+01,1.200000000000000000e+01,3.100000000000000000e+01,4.909409099999999881e+01
4.001485323922999982e+01,-8.302957152381999606e+01,8.730999999999999872e-01,2.165399999999999991e+00,-5.373765455092999188e-01,9.490697133566000643e-02,-1.398303276796999950e-01,3.620103339999999892e-01,4.368517259999999958e-01,6.838675788400000499e+01,2.024000000000000000e+03,1.100000000000000000e+01,2.500000000000000000e+01,1.200000000000000000e+01,3.100000000000000000e+01,4.915371400000000079e+01
4.001485403910000116e+01,-8.302956900994999501e+01,8.931000000000000050e-01,2.159600000000000186e+00,-3.875193035635599581e-01,-3.258257670347999846e-02,-1.988495536382600126e-01,3.418041909999999795e-01,4.324273699999999776e-01,6.839384489200000417e+01,2.024000000000000000e+03,1.100000000000000000e+01,2.500000000000000000e+01,1.200000000000000000e+01,3.100000000000000000e+01,4.921286599999999822e+01
4.001485452373999863e+01,-8.302956750983000234e+01,9.071000000000000174e-01,2.151499999999999968e+00,-4.202958911347799975e-01,-2.980132892212000034e-02,-1.369213961914400035e-01,2.889983090000000088e-01,4.558500189999999952e-01,6.840278848500000208e+01,2.024000000000000000e+03,1.100000000000000000e+01,2.500000000000000000e+01,1.200000000000000000e+01,3.100000000000000000e+01,4.927340300000000184e+01
4.001485501367999831e+01,-8.302956600998000170e+01,9.075999999999999623e-01,2.158900000000000041e+00,5.441312677182600366e-01,2.949067126716199971e-01,8.359088924230000106e-02,2.213718279999999927e-01,4.942725860000000138e-01,6.841606137200000148e+01,2.024000000000000000e+03,1.100000000000000000e+01,2.500000000000000000e+01,1.200000000000000000e+01,3.100000000000000000e+01,4.933200099999999821e+01
4.001485550046000128e+01,-8.302956449920000637e+01,8.971000000000000085e-01,2.180600000000000094e+00,9.086623206063398905e-01,5.803440648944799829e-01,4.827510869991800124e-01,1.743211440000000112e-01,5.015010399999999535e-01,6.841815867500000081e+01,2.024000000000000000e+03,1.100000000000000000e+01,2.500000000000000000e+01,1.200000000000000000e+01,3.100000000000000000e+01,4.939460400000000107e+01
4.001485598112000019e+01,-8.302956297683999765e+01,8.853999999999999648e-01,2.193700000000000205e+00,8.173652421866399731e-01,3.428552460606399954e-01,1.272104522587000075e-01,1.446276340000000049e-01,4.890274170000000198e-01,6.840117364799999677e+01,2.024000000000000000e+03,1.100000000000000000e+01,2.500000000000000000e+01,1.200000000000000000e+01,3.100000000000000000e+01,4.945745800000000258e+01
4.001485645556000037e+01,-8.302956144560999974e+01,8.818000000000000282e-01,2.200499999999999901e+00,7.275019845758000370e-02,2.014363042457399944e-01,-8.588893474819999513e-03,1.357006050000000019e-01,4.703368669999999918e-01,6.838301974200000188e+01,2.024000000000000000e+03,1.100000000000000000e+01,2.500000000000000000e+01,1.200000000000000000e+01,3.100000000000000000e+01,4.951405199999999951e+01
4.001485692808000039e+01,-8.302955990837000400e+01,8.770999999999999908e-01,2.210199999999999942e+00,2.271180518087599909e-01,2.737822776845599826e-01,8.154099155482000261e-02,1.582375440000000077e-01,4.525071640000000173e-01,6.838966069699999650e+01,2.024000000000000000e+03,1.100000000000000000e+01,2.500000000000000000e+01,1.200000000000000000e+01,3.100000000000000000e+01,4.957264099999999729e+01
4.001485739820999754e+01,-8.302955836579999982e+01,8.761999999999999789e-01,2.213799999999999990e+00,-9.110907098318000996e-02,7.158775169403999716e-02,1.529459525880000077e-03,1.929222260000000022e-01,4.286301719999999760e-01,6.839499463500000331e+01,2.024000000000000000e+03,1.100000000000000000e+01,2.500000000000000000e+01,1.200000000000000000e+01,3.100000000000000000e+01,4.963107000000000113e+01
4.001485786871000272e+01,-8.302955682195999998e+01,8.792999999999999705e-01,2.213299999999999823e+00,-2.927915719431199992e-01,4.132758802828000178e-02,-1.969151276109199766e-01,2.207691119999999896e-01,4.158653909999999732e-01,6.838916282200000296e+01,2.024000000000000000e+03,1.100000000000000000e+01,2.500000000000000000e+01,1.200000000000000000e+01,3.100000000000000000e+01,4.969044300000000192e+01
4.001485834454000212e+01,-8.302955527951999670e+01,8.921999999999999931e-01,2.210300000000000153e+00,-5.701734274270600089e-01,1.114701602319000118e-01,-7.313073243519999100e-02,2.278374410000000017e-01,4.125251529999999778e-01,6.838376793999999848e+01,2.024000000000000000e+03,1.100000000000000000e+01,2.500000000000000000e+01,1.200000000000000000e+01,3.100000000000000000e+01,4.974861299999999886e+01
4.001485882755000034e+01,-8.302955373761000146e+01,9.032999999999999918e-01,2.212600000000000122e+00,-2.041642204117600223e-01,2.271384474565000255e-01,4.876247718419999926e-03,2.162173520000000015e-01,4.095384759999999846e-01,6.838352775299999564e+01,2.024000000000000000e+03,1.100000000000000000e+01,2.500000000000000000e+01,1.200000000000000000e+01,3.100000000000000000e+01,4.980723100000000159e+01
4.001485923340000284e+01,-8.302955245057999889e+01,9.082999999999999963e-01,2.216400000000000148e+00,-1.140049051128000090e-01,2.205950950184600301e-01,-1.651206143620199962e-01,2.100386700000000106e-01,4.048115520000000189e-01,6.838866420300000470e+01,2.024000000000000000e+03,1.100000000000000000e+01,2.500000000000000000e+01,1.200000000000000000e+01,3.100000000000000000e+01,4.986591200000000157e+01
4.001485972249999890e+01,-8.302955090326000231e+01,9.129000000000000448e-01,2.218799999999999883e+00,-2.193131963810399931e-01,8.836495400931999866e-02,-1.263929109096399994e-01,1.959241539999999893e-01,3.989715129999999998e-01,6.839298232900000585e+01,2.024000000000000000e+03,1.100000000000000000e+01,2.500000000000000000e+01,1.200000000000000000e+01,3.100000000000000000e+01,4.992444199999999910e+01
4.001486021552000238e+01,-8.302954935475999321e+01,9.183999999999999941e-01,2.222900000000000098e+00,-1.179774253742000081e-02,2.392734657254800279e-01,4.444940270546000188e-02,1.530440230000000013e-01,3.992523920000000115e-01,6.839451601300000050e+01,2.024000000000000000e+03,1.100000000000000000e+01,2.500000000000000000e+01,1.200000000000000000e+01,3.100000000000000000e+01,4.998675899999999928e+01
4.001486070677000129e+01,-8.302954779818000475e+01,9.085999999999999632e-01,2.239399999999999835e+00,5.112635990461400493e-01,4.214014134319999938e-01,-8.965070311624000199e-02,1.312808400000000097e-01,3.904082509999999839e-01,6.839456728199999702e+01,2.024000000000000000e+03,1.100000000000000000e+01,2.500000000000000000e+01,1.200000000000000000e+01,3.100000000000000000e+01,5.004685599999999823e+01
4.001486111106000010e+01,-8.302954649186000324e+01,8.982999999999999874e-01,2.253000000000000114e+00,4.768131753505800430e-01,3.652360210250800154e-01,-9.516248842759998661e-03,1.491981290000000127e-01,3.706790500000000099e-01,6.839201217199999405e+01,2.024000000000000000e+03,1.100000000000000000e+01,2.500000000000000000e+01,1.200000000000000000e+01,3.100000000000000000e+01,5.010823899999999753e+01
4.001486135220000051e+01,-8.302954570423000291e+01,8.952999999999999847e-01,2.261400000000000077e+00,4.349199052464799431e-01,4.481700356101600558e-01,3.749214776282000505e-02,1.664376539999999904e-01,3.553718779999999744e-01,6.838898746399999595e+01,2.024000000000000000e+03,1.100000000000000000e+01,2.500000000000000000e+01,1.200000000000000000e+01,3.100000000000000000e+01,5.016856299999999891e+01
4.001486223282000054e+01,-8.302954280149999988e+01,8.827000000000000401e-01,2.275199999999999889e+00,5.133751285181400448e-01,-1.730338976654000049e-02,6.619481003615999837e-02,2.407558599999999882e-01,2.782554440000000184e-01,6.839327608300000350e+01,2.024000000000000000e+03,1.100000000000000000e+01,2.500000000000000000e+01,1.200000000000000000e+01,3.100000000000000000e+01,5.023044399999999854e+01
4.001486270625999708e+01,-8.302954121420999911e+01,8.808000000000000274e-01,2.273099999999999898e+00,-6.883018044689999393e-02,-3.368742540510000216e-02,-2.134099442976000044e-02,3.227875510000000059e-01,2.574235630000000219e-01,6.839936397399999635e+01,2.024000000000000000e+03,1.100000000000000000e+01,2.500000000000000000e+01,1.200000000000000000e+01,3.100000000000000000e+01,5.029439299999999946e+01
4.001486326308000230e+01,-8.302953936721999639e+01,8.951000000000000068e-01,2.269699999999999829e+00,-3.963091477745799840e-01,1.286640053537599915e-01,2.795249956250000015e-02,3.872032349999999790e-01,2.541485399999999784e-01,6.840652057100000150e+01,2.024000000000000000e+03,1.100000000000000000e+01,2.500000000000000000e+01,1.200000000000000000e+01,3.100000000000000000e+01,5.035789400000000171e+01
4.001486374796999712e+01,-8.302953778161000287e+01,9.065999999999999615e-01,2.276299999999999990e+00,-1.435890108957600109e-01,3.405827968933800021e-01,-1.607884400084000007e-02,4.038697849999999812e-01,2.374269709999999867e-01,6.840830282100000659e+01,2.024000000000000000e+03,1.100000000000000000e+01,2.500000000000000000e+01,1.200000000000000000e+01,3.100000000000000000e+01,5.041817900000000208e+01
4.001486424128000152e+01,-8.302953619307000110e+01,9.223000000000000087e-01,2.278200000000000003e+00,-2.272751588632400122e-01,2.078199496320199957e-01,-4.134643281151999944e-02,4.022462960000000032e-01,1.984949129999999951e-01,6.841065500300000224e+01,2.024000000000000000e+03,1.100000000000000000e+01,2.500000000000000000e+01,1.200000000000000000e+01,3.100000000000000000e+01,5.048081499999999977e+01
4.001486474067999666e+01,-8.302953460660999951e+01,9.325999999999999845e-01,2.269400000000000084e+00,-3.510150083730400050e-01,-1.450661140309399966e-01,1.993453310275999923e-02,3.904216079999999756e-01,1.490760449999999904e-01,6.841857769400000677e+01,2.024000000000000000e+03,1.100000000000000000e+01,2.500000000000000000e+01,1.200000000000000000e+01,3.100000000000000000e+01,5.054049499999999995e+01
4.001486515927000198e+01,-8.302953328972999714e+01,9.335999999999999854e-01,2.260299999999999976e+00,-7.753643002217999736e-02,-3.199271362385400219e-01,-3.988899373904000040e-02,3.708860230000000091e-01,1.163646349999999940e-01,6.842732678100000498e+01,2.024000000000000000e+03,1.100000000000000000e+01,2.500000000000000000e+01,1.200000000000000000e+01,3.100000000000000000e+01,5.059888899999999978e+01
4.001486565900999892e+01,-8.302953171321999548e+01,9.224999999999999867e-01,2.255799999999999805e+00,1.728974952815200139e-01,-1.369033691499200178e-01,-8.422662355425999947e-02,3.425223250000000164e-01,9.622588499999999712e-02,6.843278086099999769e+01,2.024000000000000000e+03,1.100000000000000000e+01,2.500000000000000000e+01,1.200000000000000000e+01,3.100000000000000000e+01,5.065876599999999996e+01
4.001486623147000188e+01,-8.302952987701000609e+01,9.032999999999999918e-01,2.255700000000000038e+00,4.376028348029800119e-01,-1.751450283793200002e-01,-1.358075808589399858e-01,3.461543979999999743e-01,8.648533199999999810e-02,6.843330694600000186e+01,2.024000000000000000e+03,1.100000000000000000e+01,2.500000000000000000e+01,1.200000000000000000e+01,3.100000000000000000e+01,5.071730800000000272e+01
4.001486671482999924e+01,-8.302952830444000654e+01,8.944999999999999618e-01,2.249699999999999811e+00,1.990896632573800062e-01,-2.925968463706000167e-01,1.224001607289600113e-01,3.664739060000000159e-01,8.175725000000000353e-02,6.843643683700000224e+01,2.024000000000000000e+03,1.100000000000000000e+01,2.500000000000000000e+01,1.200000000000000000e+01,3.100000000000000000e+01,5.078102200000000011e+01
4.001486719580000084e+01,-8.302952673654000648e+01,8.910000000000000142e-01,2.244099999999999984e+00,2.047939608732199934e-01,-1.717211078690200066e-01,1.314236368100600016e-01,3.799060009999999932e-01,8.660044899999999601e-02,6.844475327600000014e+01,2.024000000000000000e+03,1.100000000000000000e+01,2.500000000000000000e+01,1.200000000000000000e+01,3.100000000000000000e+01,5.084418200000000354e+01
4.001486775335000345e+01,-8.302952490824000620e+01,8.857000000000000428e-01,2.246300000000000185e+00,1.290517151002200102e-01,7.395408643476000798e-02,1.360924657710000166e-02,4.194919710000000190e-01,8.193368199999999379e-02,6.845179367299999740e+01,2.024000000000000000e+03,1.100000000000000000e+01,2.500000000000000000e+01,1.200000000000000000e+01,3.100000000000000000e+01,5.090826100000000309e+01
4.001486822878000282e+01,-8.302952334084000086e+01,8.842999999999999750e-01,2.242700000000000138e+00,-1.284990813592400138e-01,-1.314400935908600077e-01,-7.405907127279999502e-02,4.698532300000000106e-01,6.190371499999999805e-02,6.845370020900000441e+01,2.024000000000000000e+03,1.100000000000000000e+01,2.500000000000000000e+01,1.200000000000000000e+01,3.100000000000000000e+01,5.096833000000000169e+01
4.001486862630999752e+01,-8.302952203847999613e+01,8.898000000000000353e-01,2.232800000000000118e+00,-3.826958951623599670e-01,-3.006123822664599765e-01,-2.812747318797999968e-02,4.951360719999999827e-01,4.683366099999999865e-02,6.845491134399999567e+01,2.024000000000000000e+03,1.100000000000000000e+01,2.500000000000000000e+01,1.200000000000000000e+01,3.100000000000000000e+01,5.102709999999999724e+01
4.001486910957999754e+01,-8.302952048205000324e+01,9.034999999999999698e-01,2.226799999999999891e+00,-3.352135673093399881e-01,2.722257440221999975e-02,-2.790922723638000202e-01,4.804413459999999914e-01,4.171071700000000132e-02,6.845835594800000479e+01,2.024000000000000000e+03,1.100000000000000000e+01,2.500000000000000000e+01,1.200000000000000000e+01,3.100000000000000000e+01,5.108628800000000325e+01
4.001486935388999910e+01,-8.302951970453999309e+01,9.116999999999999549e-01,2.226399999999999935e+00,-4.926487929429799739e-01,1.451964355013800057e-01,-3.888355229756200182e-01,4.618287360000000175e-01,3.810728699999999664e-02,6.845983948699999644e+01,2.024000000000000000e+03,1.100000000000000000e+01,2.500000000000000000e+01,1.200000000000000000e+01,3.100000000000000000e+01,5.114928100000000200e+01
4.001487008203999807e+01,-8.302951737998999704e+01,8.933999999999999719e-01,2.214300000000000157e+00,4.024920206721600557e-01,-2.589072663889200321e-01,-1.661115365701600066e-01,4.499073190000000277e-01,5.280411899999999659e-02,6.846241071599999373e+01,2.024000000000000000e+03,1.100000000000000000e+01,2.500000000000000000e+01,1.200000000000000000e+01,3.100000000000000000e+01,5.120961799999999897e+01
4.001487056601000347e+01,-8.302951583735999463e+01,8.968000000000000416e-01,2.215800000000000214e+00,6.868633202023999296e-02,2.292296230074999941e-01,-2.235869957650799822e-01,4.467529490000000103e-01,1.007524880000000012e-01,6.845931245399999909e+01,2.024000000000000000e+03,1.100000000000000000e+01,2.500000000000000000e+01,1.200000000000000000e+01,3.100000000000000000e+01,5.127244900000000172e+01
4.001487112921999767e+01,-8.302951402770000300e+01,8.884999999999999565e-01,2.236299999999999955e+00,4.850488096652599834e-01,5.296068548540000531e-01,-3.306141243071999969e-02,4.389554469999999986e-01,1.418008699999999955e-01,6.845156200399999591e+01,2.024000000000000000e+03,1.100000000000000000e+01,2.500000000000000000e+01,1.200000000000000000e+01,3.100000000000000000e+01,5.133269500000000107e+01
4.001487160514000152e+01,-8.302951246003000563e+01,8.761999999999999789e-01,2.258700000000000152e+00,5.229510895455999897e-01,5.313577384830199257e-01,1.360734536717599918e-01,4.816165969999999796e-01,1.414216120000000021e-01,6.844904299399999559e+01,2.024000000000000000e+03,1.100000000000000000e+01,2.500000000000000000e+01,1.200000000000000000e+01,3.100000000000000000e+01,5.139111199999999968e+01
4.001487207744000330e+01,-8.302951088160999404e+01,8.732999999999999652e-01,2.267900000000000027e+00,1.526313999034399904e-01,2.456447648783599835e-01,2.582327493846000022e-01,5.575323709999999711e-01,1.229711889999999946e-01,6.845560093400000312e+01,2.024000000000000000e+03,1.100000000000000000e+01,2.500000000000000000e+01,1.200000000000000000e+01,3.100000000000000000e+01,5.145053899999999913e+01
4.001487254954999884e+01,-8.302950929972000438e+01,8.756000000000000449e-01,2.268100000000000005e+00,-1.164931799435399984e-01,3.140142435834000073e-02,1.606712350481800111e-01,6.269932559999999988e-01,1.108023600000000025e-01,6.846354749399999662e+01,2.024000000000000000e+03,1.100000000000000000e+01,2.500000000000000000e+01,1.200000000000000000e+01,3.100000000000000000e+01,5.151394499999999965e+01
4.001487310462999858e+01,-8.302950745727000026e+01,8.884999999999999565e-01,2.260200000000000209e+00,-6.121050384168200686e-01,-4.909907213464000109e-02,-4.782653043473999999e-02,6.864830830000000494e-01,1.231676550000000009e-01,6.847119852100000514e+01,2.024000000000000000e+03,1.100000000000000000e+01,2.500000000000000000e+01,1.200000000000000000e+01,3.100000000000000000e+01,5.157979900000000129e+01
4.001487358933000138e+01,-8.302950588125999332e+01,9.075999999999999623e-01,2.257800000000000029e+00,-6.952942282059200174e-01,1.733734321165600056e-01,-6.729762963702000389e-02,7.015139790000000097e-01,1.476195090000000099e-01,6.847471670100000551e+01,2.024000000000000000e+03,1.100000000000000000e+01,2.500000000000000000e+01,1.200000000000000000e+01,3.100000000000000000e+01,5.163906200000000268e+01
4.001487400018999807e+01,-8.302950456723000627e+01,9.191000000000000281e-01,2.261499999999999844e+00,-4.198088740409999797e-01,2.852644335253600172e-01,-1.251172160336800065e-01,6.968205779999999683e-01,1.613791810000000104e-01,6.847532656699999620e+01,2.024000000000000000e+03,1.100000000000000000e+01,2.500000000000000000e+01,1.200000000000000000e+01,3.100000000000000000e+01,5.169769000000000148e+01
4.001487458121000174e+01,-8.302950272398000209e+01,9.249000000000000554e-01,2.266900000000000137e+00,-2.785889817888000108e-02,1.693741833267400076e-01,3.759646686169999807e-02,6.826242740000000309e-01,1.729817570000000138e-01,6.847553710399999716e+01,2.024000000000000000e+03,1.100000000000000000e+01,2.500000000000000000e+01,1.200000000000000000e+01,3.100000000000000000e+01,5.175827900000000170e+01
4.001487499761000066e+01,-8.302950140558000669e+01,9.242000000000000215e-01,2.268299999999999983e+00,1.032029874661399976e-01,3.342898125644000462e-02,7.054276302018000488e-02,6.622738550000000224e-01,1.831273760000000084e-01,6.847375665299999525e+01,2.024000000000000000e+03,1.100000000000000000e+01,2.500000000000000000e+01,1.200000000000000000e+01,3.100000000000000000e+01,5.181692699999999974e+01
4.001487557870999723e+01,-8.302949955792000480e+01,9.187999999999999501e-01,2.273499999999999854e+00,3.083572304097400019e-01,1.202836449763599880e-01,9.718087020269999821e-02,6.299433269999999974e-01,2.099584220000000057e-01,6.847082569600000568e+01,2.024000000000000000e+03,1.100000000000000000e+01,2.500000000000000000e+01,1.200000000000000000e+01,3.100000000000000000e+01,5.187608800000000286e+01
4.001487599149000118e+01,-8.302949823295000442e+01,9.182000000000000162e-01,2.282500000000000195e+00,3.812032973312000361e-02,3.629782113867000004e-01,1.645305719900599928e-01,6.226061539999999672e-01,2.246531790000000084e-01,6.847305662600000176e+01,2.024000000000000000e+03,1.100000000000000000e+01,2.500000000000000000e+01,1.200000000000000000e+01,3.100000000000000000e+01,5.193512700000000137e+01
4.001487648751000137e+01,-8.302949663615000020e+01,9.202000000000000179e-01,2.290399999999999991e+00,-1.023977829257600031e-01,2.151194858554600076e-01,4.330578767103999971e-02,6.240027889999999466e-01,2.186871320000000063e-01,6.847478515599999582e+01,2.024000000000000000e+03,1.100000000000000000e+01,2.500000000000000000e+01,1.200000000000000000e+01,3.100000000000000000e+01,5.199467599999999834e+01
4.001487698422999983e+01,-8.302949503485000093e+01,9.214999999999999858e-01,2.296100000000000030e+00,-8.858177865314000032e-02,1.816835667417399935e-01,5.379816977532000249e-02,6.263295490000000409e-01,2.097809270000000059e-01,6.847200355500000057e+01,2.024000000000000000e+03,1.100000000000000000e+01,2.500000000000000000e+01,1.200000000000000000e+01,3.100000000000000000e+01,5.205443499999999801e+01
4.001487731497999789e+01,-8.302949396462000209e+01,9.200000000000000400e-01,2.301299999999999901e+00,1.604720850353999820e-02,2.214416642805599744e-01,-1.228002099791000029e-01,6.224288749999999926e-01,2.036602640000000075e-01,6.846496585200000595e+01,2.024000000000000000e+03,1.100000000000000000e+01,2.500000000000000000e+01,1.200000000000000000e+01,3.100000000000000000e+01,5.211453900000000061e+01
4.001487764721999696e+01,-8.302949289292000401e+01,9.241000000000000325e-01,2.304199999999999804e+00,-4.842304333976000380e-02,2.320376935398999751e-01,8.057742427534000940e-02,6.236154710000000323e-01,1.921435910000000025e-01,6.845961042599999757e+01,2.024000000000000000e+03,1.100000000000000000e+01,2.500000000000000000e+01,1.200000000000000000e+01,3.100000000000000000e+01,5.217717900000000242e+01
4.001487848974999650e+01,-8.302949021196999979e+01,9.463000000000000300e-01,2.307599999999999874e+00,-2.033495229435600127e-01,3.154380967244000411e-01,-2.684495161206200131e-01,5.811924550000000522e-01,1.721164580000000000e-01,6.846684121399999867e+01,2.024000000000000000e+03,1.100000000000000000e+01,2.500000000000000000e+01,1.200000000000000000e+01,3.100000000000000000e+01,5.223641800000000046e+01
4.001487899517999836e+01,-8.302948859526999570e+01,9.415999999999999925e-01,2.320500000000000007e+00,1.355403557469800069e-01,1.808929752454399853e-01,1.359565923310800117e-01,5.685361650000000378e-01,1.446054479999999975e-01,6.847630196800000135e+01,2.024000000000000000e+03,1.100000000000000000e+01,2.500000000000000000e+01,1.200000000000000000e+01,3.100000000000000000e+01,5.229562500000000114e+01
4.001487958244999987e+01,-8.302948670409999465e+01,9.411000000000000476e-01,2.323599999999999888e+00,2.322206673152000037e-02,1.281343326802600047e-01,-6.557443282843999910e-02,5.612409950000000203e-01,1.134396649999999951e-01,6.847443950500000653e+01,2.024000000000000000e+03,1.100000000000000000e+01,2.500000000000000000e+01,1.200000000000000000e+01,3.100000000000000000e+01,5.236074299999999937e+01
4.001488008564999888e+01,-8.302948508157000163e+01,9.341000000000000414e-01,2.323199999999999932e+00,3.714070283718799992e-01,-1.360620249747599986e-01,-9.142970141070000389e-02,5.397555309999999551e-01,1.079897979999999980e-01,6.846928550500000199e+01,2.024000000000000000e+03,1.100000000000000000e+01,2.500000000000000000e+01,1.200000000000000000e+01,3.100000000000000000e+01,5.242449100000000328e+01
4.001488058345000098e+01,-8.302948345891999793e+01,9.267999999999999572e-01,2.324399999999999800e+00,1.547679816659200125e-01,5.630027414172000116e-02,2.892644140032000002e-02,5.447954289999999977e-01,1.325829839999999871e-01,6.846694343100000424e+01,2.024000000000000000e+03,1.100000000000000000e+01,2.500000000000000000e+01,1.200000000000000000e+01,3.100000000000000000e+01,5.248539499999999691e+01
4.001488108259999876e+01,-8.302948183271999483e+01,9.353000000000000203e-01,2.332100000000000062e+00,-1.787254503857599874e-01,3.734017801252200175e-01,1.263782160499200002e-01,5.497450310000000506e-01,1.593597409999999992e-01,6.846719436099999712e+01,2.024000000000000000e+03,1.100000000000000000e+01,2.500000000000000000e+01,1.200000000000000000e+01,3.100000000000000000e+01,5.254397099999999909e+01
4.001488150042000314e+01,-8.302948047207000570e+01,9.361000000000000432e-01,2.342999999999999972e+00,1.199033470025400033e-01,4.437990761938399586e-01,5.314823866600000557e-02,5.474797439999999904e-01,1.687037419999999899e-01,6.846233951600000012e+01,2.024000000000000000e+03,1.100000000000000000e+01,2.500000000000000000e+01,1.200000000000000000e+01,3.100000000000000000e+01,5.260374800000000306e+01
4.001488208727000284e+01,-8.302947855570999991e+01,9.414000000000000146e-01,2.358000000000000096e+00,-3.263689343943999843e-02,4.189323448101200387e-01,1.074756438484399945e-01,5.533960150000000189e-01,1.479998909999999945e-01,6.845191807300000164e+01,2.024000000000000000e+03,1.100000000000000000e+01,2.500000000000000000e+01,1.200000000000000000e+01,3.100000000000000000e+01,5.266282700000000006e+01
4.001488267730999837e+01,-8.302947663346999718e+01,9.449999999999999512e-01,2.359100000000000197e+00,-7.518354739169999523e-02,9.446618479967999749e-02,-9.207931848666001118e-02,5.602735989999999555e-01,1.208892079999999980e-01,6.844887157799999500e+01,2.024000000000000000e+03,1.100000000000000000e+01,2.500000000000000000e+01,1.200000000000000000e+01,3.100000000000000000e+01,5.272748700000000355e+01
4.001488318213999662e+01,-8.302947498259000270e+01,9.392000000000000348e-01,2.366800000000000015e+00,2.531298802581000151e-01,2.242408520855999898e-01,-8.318037104011999361e-02,5.807638779999999556e-01,1.097013720000000053e-01,6.845341876300000195e+01,2.024000000000000000e+03,1.100000000000000000e+01,2.500000000000000000e+01,1.200000000000000000e+01,3.100000000000000000e+01,5.278872400000000198e+01
4.001488360070000283e+01,-8.302947360065999760e+01,9.364000000000000101e-01,2.378400000000000070e+00,1.782380405162599935e-01,3.999847469473800099e-01,-3.932495309902000330e-02,6.142889980000000305e-01,9.641840100000000080e-02,6.845942205100000422e+01,2.024000000000000000e+03,1.100000000000000000e+01,2.500000000000000000e+01,1.200000000000000000e+01,3.100000000000000000e+01,5.284855699999999956e+01
4.001488418456000318e+01,-8.302947165243999450e+01,9.320000000000000506e-01,2.398000000000000131e+00,2.342871635006799902e-01,4.115163449055599942e-01,1.177234184442800119e-01,6.708158130000000385e-01,4.797434999999999894e-02,6.846117060400000298e+01,2.024000000000000000e+03,1.100000000000000000e+01,2.500000000000000000e+01,1.200000000000000000e+01,3.100000000000000000e+01,5.291238899999999745e+01
4.001488476891999824e+01,-8.302946969394000121e+01,9.371000000000000441e-01,2.403999999999999915e+00,-9.700957102512000607e-02,1.881394574387399987e-01,1.965542108770400032e-01,7.243025669999999527e-01,-1.676644099999999998e-02,6.846279978799999810e+01,2.024000000000000000e+03,1.100000000000000000e+01,2.500000000000000000e+01,1.200000000000000000e+01,3.100000000000000000e+01,5.297747300000000337e+01
4.001488527482000279e+01,-8.302946801503000529e+01,9.475000000000000089e-01,2.400900000000000034e+00,-3.020222096701000170e-01,6.284600890706000531e-02,-2.683776642914000379e-02,7.532250409999999841e-01,-6.392794300000000096e-02,6.846533552600000405e+01,2.024000000000000000e+03,1.100000000000000000e+01,2.500000000000000000e+01,1.200000000000000000e+01,3.100000000000000000e+01,5.304334699999999714e+01
4.001488570093000163e+01,-8.302946661704000064e+01,9.573000000000000398e-01,2.398099999999999898e+00,-3.587895468087999862e-01,1.468456419988000035e-02,-1.083915129043400011e-01,7.710627389999999970e-01,-9.535627400000000475e-02,6.847142526999999745e+01,2.024000000000000000e+03,1.100000000000000000e+01,2.500000000000000000e+01,1.200000000000000000e+01,3.100000000000000000e+01,5.310483700000000340e+01
4.001488612973999892e+01,-8.302946522132999974e+01,9.615000000000000213e-01,2.394000000000000128e+00,-2.218526372850599948e-01,-5.649629624811999817e-02,-5.826883374780000152e-02,7.810116280000000133e-01,-1.120395819999999987e-01,6.848063621400000045e+01,2.024000000000000000e+03,1.100000000000000000e+01,2.500000000000000000e+01,1.200000000000000000e+01,3.100000000000000000e+01,5.316394400000000076e+01
4.001488682829000254e+01,-8.302946299590999502e+01,9.862999999999999545e-01,2.382899999999999796e+00,-6.292115835933600465e-01,-9.810503655386000610e-02,-3.420683051863599999e-01,7.404463669999999942e-01,-1.164662870000000017e-01,6.849389375900000232e+01,2.024000000000000000e+03,1.100000000000000000e+01,2.500000000000000000e+01,1.200000000000000000e+01,3.100000000000000000e+01,5.322017900000000168e+01
4.001488735811999931e+01,-8.302946132884000008e+01,9.842999999999999527e-01,2.389499999999999957e+00,1.488054518892200084e-01,2.077704637355800299e-01,-9.468712071623999749e-02,6.816457059999999624e-01,-1.049772669999999991e-01,6.849657845100000486e+01,2.024000000000000000e+03,1.100000000000000000e+01,2.500000000000000000e+01,1.200000000000000000e+01,3.100000000000000000e+01,5.327985300000000279e+01
4.001488788284000009e+01,-8.302945965431999298e+01,9.677000000000000046e-01,2.407700000000000173e+00,8.063846607867399818e-01,3.511072297258399644e-01,-1.810779518358600071e-01,6.637009870000000200e-01,-9.714443000000000383e-02,6.849721617599999490e+01,2.024000000000000000e+03,1.100000000000000000e+01,2.500000000000000000e+01,1.200000000000000000e+01,3.100000000000000000e+01,5.333987299999999721e+01
4.001488831406999935e+01,-8.302945824871000013e+01,9.566999999999999948e-01,2.421199999999999797e+00,5.833548423138000816e-01,3.175268199724199936e-01,1.068219540327999990e-02,6.830257379999999934e-01,-1.023686230000000058e-01,6.849753547100000617e+01,2.024000000000000000e+03,1.100000000000000000e+01,2.500000000000000000e+01,1.200000000000000000e+01,3.100000000000000000e+01,5.339967399999999742e+01
4.001488891337000098e+01,-8.302945627370000636e+01,9.516000000000000014e-01,2.426099999999999923e+00,1.951558217995000011e-01,5.613099968709999582e-02,-1.110453603431799940e-01,7.135841290000000114e-01,-1.095859180000000044e-01,6.850371167599999467e+01,2.024000000000000000e+03,1.100000000000000000e+01,2.500000000000000000e+01,1.200000000000000000e+01,3.100000000000000000e+01,5.345987000000000222e+01
4.001488942313000052e+01,-8.302945457562999820e+01,9.483000000000000318e-01,2.434800000000000075e+00,3.668449995128000157e-02,2.810309806222999751e-01,2.739308420141199907e-01,7.471544930000000306e-01,-1.168097109999999966e-01,6.851162130400000194e+01,2.024000000000000000e+03,1.100000000000000000e+01,2.500000000000000000e+01,1.200000000000000000e+01,3.100000000000000000e+01,5.352514699999999692e+01
4.001488993409999750e+01,-8.302945287251999673e+01,9.554000000000000270e-01,2.438800000000000079e+00,-3.381184522659200220e-01,2.048625889018199919e-01,1.447164014112599928e-01,7.926969999999999850e-01,-1.414128510000000061e-01,6.852273784800000556e+01,2.024000000000000000e+03,1.100000000000000000e+01,2.500000000000000000e+01,1.200000000000000000e+01,3.100000000000000000e+01,5.358639999999999759e+01
4.001489045057999761e+01,-8.302945117033999622e+01,9.667000000000000037e-01,2.432399999999999896e+00,-4.983410145486800169e-01,-9.505434655882000206e-02,2.526766393427600232e-01,8.239517520000000372e-01,-1.715852780000000077e-01,6.853341751499999646e+01,2.024000000000000000e+03,1.100000000000000000e+01,2.500000000000000000e+01,1.200000000000000000e+01,3.100000000000000000e+01,5.364697699999999969e+01
4.001489097700000030e+01,-8.302944947324000680e+01,9.867000000000000215e-01,2.426699999999999857e+00,-5.063287638740200380e-01,7.596589021315999779e-02,-2.907061467845999808e-02,8.016516519999999923e-01,-1.944248779999999954e-01,6.853859686500000237e+01,2.024000000000000000e+03,1.100000000000000000e+01,2.500000000000000000e+01,1.200000000000000000e+01,3.100000000000000000e+01,5.370665100000000081e+01
4.001489159393000250e+01,-8.302944749075000175e+01,9.768999999999999906e-01,2.437699999999999978e+00,6.093786209693800027e-01,2.596673576642999914e-01,9.762454643440001203e-03,7.714045600000000169e-01,-2.345932300000000137e-01,6.853647983099999408e+01,2.024000000000000000e+03,1.100000000000000000e+01,2.500000000000000000e+01,1.200000000000000000e+01,3.100000000000000000e+01,5.376655300000000182e+01
4.001489211903999887e+01,-8.302944578701000466e+01,9.756000000000000227e-01,2.438099999999999934e+00,-2.920730377557999996e-02,-1.603623263899999927e-03,-3.686874174822600270e-01,7.851972590000000363e-01,-2.757981360000000270e-01,6.853848807399999998e+01,2.024000000000000000e+03,1.100000000000000000e+01,2.500000000000000000e+01,1.200000000000000000e+01,3.100000000000000000e+01,5.383176499999999720e+01
4.001489264152999681e+01,-8.302944408499999440e+01,9.650999999999999579e-01,2.432999999999999829e+00,3.209779052776399744e-01,-2.790469518252799985e-01,-1.521066587275600179e-01,7.823569219999999547e-01,-3.003065970000000084e-01,6.853803018899999699e+01,2.024000000000000000e+03,1.100000000000000000e+01,2.500000000000000000e+01,1.200000000000000000e+01,3.100000000000000000e+01,5.389277400000000284e+01
4.001489315568999672e+01,-8.302944238585999415e+01,9.544000000000000261e-01,2.427900000000000169e+00,-9.525194951611999639e-02,-1.818513756696999994e-01,-2.711373524732200169e-01,8.010162419999999894e-01,-2.925571929999999932e-01,6.853858265600000266e+01,2.024000000000000000e+03,1.100000000000000000e+01,2.500000000000000000e+01,1.200000000000000000e+01,3.100000000000000000e+01,5.395203000000000060e+01
4.001489367207000214e+01,-8.302944068885000206e+01,9.647000000000000020e-01,2.428300000000000125e+00,-3.036254228813999867e-01,1.903538795209400170e-01,5.251189868340000455e-02,8.035568530000000154e-01,-2.748880919999999728e-01,6.854277776600000038e+01,2.024000000000000000e+03,1.100000000000000000e+01,2.500000000000000000e+01,1.200000000000000000e+01,3.100000000000000000e+01,5.401178300000000121e+01
4.001489427933999821e+01,-8.302943870478999600e+01,9.697999999999999954e-01,2.434400000000000119e+00,-7.642812729264000793e-02,1.192696343642600104e-01,1.370712748673599823e-01,8.052188310000000238e-01,-2.793995369999999756e-01,6.854869387799999458e+01,2.024000000000000000e+03,1.100000000000000000e+01,2.500000000000000000e+01,1.200000000000000000e+01,3.100000000000000000e+01,5.407760499999999837e+01
4.001489436647000275e+01,-8.302943842140000186e+01,9.714000000000000412e-01,2.432999999999999829e+00,-1.820949280833999984e-01,3.786051220383999938e-02,9.197039485338000253e-02,8.061692219999999631e-01,-2.810483129999999941e-01,6.854918353399999376e+01,2.024000000000000000e+03,1.100000000000000000e+01,2.500000000000000000e+01,1.200000000000000000e+01,3.100000000000000000e+01,5.414424100000000095e+01
4.001489506365000182e+01,-8.302943615520000264e+01,9.746000000000000218e-01,2.431599999999999984e+00,-1.332073312230399875e-01,1.702162870028799957e-01,1.938391999796200138e-01,8.131178390000000089e-01,-2.853450670000000078e-01,6.854678711900000110e+01,2.024000000000000000e+03,1.100000000000000000e+01,2.500000000000000000e+01,1.200000000000000000e+01,3.100000000000000000e+01,5.420502400000000165e+01
4.001489576470999765e+01,-8.302943388583000228e+01,9.637999999999999901e-01,2.438299999999999912e+00,6.470092470549000385e-01,-1.898936715999799962e-01,1.326084250642599882e-01,7.913858510000000290e-01,-3.166951539999999787e-01,6.854777178199999810e+01,2.024000000000000000e+03,1.100000000000000000e+01,2.500000000000000000e+01,1.200000000000000000e+01,3.100000000000000000e+01,5.426995999999999754e+01
4.001489645531000150e+01,-8.302943161627000279e+01,9.636000000000000121e-01,2.430499999999999883e+00,-1.494848102502999987e-01,-7.293520544005999140e-02,2.603576194333999741e-02,8.380605589999999827e-01,-3.411462679999999748e-01,6.856000812499999597e+01,2.024000000000000000e+03,1.100000000000000000e+01,2.500000000000000000e+01,1.200000000000000000e+01,3.100000000000000000e+01,5.433108099999999752e+01
4.001489697945000046e+01,-8.302942992119000110e+01,9.717000000000000082e-01,2.427299999999999791e+00,4.798740641746000041e-02,3.028253308298000171e-02,-2.370190912628399871e-01,8.025149169999999943e-01,-3.513938810000000190e-01,6.856136872800000504e+01,2.024000000000000000e+03,1.100000000000000000e+01,2.500000000000000000e+01,1.200000000000000000e+01,3.100000000000000000e+01,5.439094999999999658e+01
4.001489750497999864e+01,-8.302942822362000186e+01,9.737000000000000099e-01,2.432999999999999829e+00,1.179350521150999975e-01,2.372028087936599861e-01,-1.257633671623200056e-01,7.718284180000000161e-01,-3.775382800000000039e-01,6.855417764400000635e+01,2.024000000000000000e+03,1.100000000000000000e+01,2.500000000000000000e+01,1.200000000000000000e+01,3.100000000000000000e+01,5.445052299999999690e+01
4.001489802996000122e+01,-8.302942652462000694e+01,9.739999999999999769e-01,2.429699999999999971e+00,-1.449599288515399931e-01,-8.347734032155999795e-02,-1.637855089159599986e-01,7.669464059999999694e-01,-4.225573510000000255e-01,6.854788308800000607e+01,2.024000000000000000e+03,1.100000000000000000e+01,2.500000000000000000e+01,1.200000000000000000e+01,3.100000000000000000e+01,5.451201600000000269e+01
4.001489855407000107e+01,-8.302942482832000337e+01,9.681999999999999496e-01,2.424700000000000077e+00,1.330986863625199801e-01,-2.417706350314199892e-01,-1.379019476661599852e-01,7.660600629999999578e-01,-4.601967319999999972e-01,6.854818284700000675e+01,2.024000000000000000e+03,1.100000000000000000e+01,2.500000000000000000e+01,1.200000000000000000e+01,3.100000000000000000e+01,5.457274199999999809e+01
4.001489907372000232e+01,-8.302942313321000256e+01,9.585000000000000187e-01,2.425899999999999945e+00,2.830671954951800018e-01,-7.727927642019999377e-02,1.798914836192400113e-01,7.803159610000000024e-01,-4.867047629999999847e-01,6.855385298599999544e+01,2.024000000000000000e+03,1.100000000000000000e+01,2.500000000000000000e+01,1.200000000000000000e+01,3.100000000000000000e+01,5.463326599999999900e+01
4.001489958876000230e+01,-8.302942143635000605e+01,9.520999999999999464e-01,2.426899999999999835e+00,1.017331910803000034e-01,-1.221504003115799902e-01,2.298673648334399744e-01,8.022154729999999567e-01,-5.228916190000000297e-01,6.856302336599999592e+01,2.024000000000000000e+03,1.100000000000000000e+01,2.500000000000000000e+01,1.200000000000000000e+01,3.100000000000000000e+01,5.469320199999999943e+01
4.001490010308000222e+01,-8.302941974479999487e+01,9.516000000000000014e-01,2.415299999999999780e+00,-2.799348815364000043e-02,-3.341753583359999835e-01,-7.269301263157999793e-02,8.214988130000000499e-01,-5.452609290000000053e-01,6.857599187300000665e+01,2.024000000000000000e+03,1.100000000000000000e+01,2.500000000000000000e+01,1.200000000000000000e+01,3.100000000000000000e+01,5.475316200000000322e+01
4.001490069692000162e+01,-8.302941777514999444e+01,9.403000000000000247e-01,2.414299999999999891e+00,9.958710097609999035e-02,-7.442028895873999128e-02,-3.164876267977800306e-01,8.628416070000000104e-01,-5.481269770000000152e-01,6.857914075600000103e+01,2.024000000000000000e+03,1.100000000000000000e+01,2.500000000000000000e+01,1.200000000000000000e+01,3.100000000000000000e+01,5.481855199999999684e+01
4.001490120706999676e+01,-8.302941608817999963e+01,9.508999999999999675e-01,2.411900000000000155e+00,-3.922814302484000093e-01,7.086997012070000990e-02,-1.264126300373000222e-01,8.915629449999999956e-01,-5.558046030000000082e-01,6.858038916499999971e+01,2.024000000000000000e+03,1.100000000000000000e+01,2.500000000000000000e+01,1.200000000000000000e+01,3.100000000000000000e+01,5.487989300000000270e+01
4.001490172146999669e+01,-8.302941440416999797e+01,9.529999999999999583e-01,2.406200000000000117e+00,-1.199149384090000131e-02,-1.602848309635200030e-01,2.151617011548200009e-01,8.916883620000000121e-01,-5.779415900000000050e-01,6.858481082299999798e+01,2.024000000000000000e+03,1.100000000000000000e+01,2.500000000000000000e+01,1.200000000000000000e+01,3.100000000000000000e+01,5.493967399999999657e+01
4.001490223457999917e+01,-8.302941272431000641e+01,9.485000000000000098e-01,2.399700000000000166e+00,6.962959827940000401e-02,-2.347872509661399765e-01,2.902571362909999939e-02,8.993192810000000259e-01,-5.921002990000000521e-01,6.858986482500000648e+01,2.024000000000000000e+03,1.100000000000000000e+01,2.500000000000000000e+01,1.200000000000000000e+01,3.100000000000000000e+01,5.500465499999999963e+01
4.001490283099000322e+01,-8.302941076700000167e+01,9.481000000000000538e-01,2.398000000000000131e+00,-1.439016034201200112e-01,-6.083285629935999972e-02,-1.283649110019999956e-02,9.315968749999999909e-01,-6.023623179999999522e-01,6.860280763999999465e+01,2.024000000000000000e+03,1.100000000000000000e+01,2.500000000000000000e+01,1.200000000000000000e+01,3.100000000000000000e+01,5.507014199999999704e+01
4.001490300169999870e+01,-8.302941020776999892e+01,9.497999999999999776e-01,2.399000000000000021e+00,-1.393268346018400050e-01,7.092448878076000607e-02,-2.318505248953600106e-01,9.374552790000000302e-01,-6.061186060000000042e-01,6.860642869199999438e+01,2.024000000000000000e+03,1.100000000000000000e+01,2.500000000000000000e+01,1.200000000000000000e+01,3.100000000000000000e+01,5.513102299999999900e+01
4.001490386585999914e+01,-8.302940741409000225e+01,9.684000000000000385e-01,2.396700000000000053e+00,-2.506402356071399939e-01,8.440254557486000231e-02,-1.071426632670000045e-02,8.975406529999999661e-01,-6.614482539999999577e-01,6.862590185999999903e+01,2.024000000000000000e+03,1.100000000000000000e+01,2.500000000000000000e+01,1.200000000000000000e+01,3.100000000000000000e+01,5.519141199999999969e+01
4.001490439049999992e+01,-8.302940573882000308e+01,9.697999999999999954e-01,2.391099999999999781e+00,2.166030475871999830e-02,-1.042324838926200065e-01,-2.348218769649600135e-01,8.422619350000000171e-01,-6.929742519999999573e-01,6.863027806300000577e+01,2.024000000000000000e+03,1.100000000000000000e+01,2.500000000000000000e+01,1.200000000000000000e+01,3.100000000000000000e+01,5.525703299999999984e+01
4.001490499655000121e+01,-8.302940377833000696e+01,9.557999999999999829e-01,2.408500000000000085e+00,7.842778308734998927e-01,5.631469083585399771e-01,2.301501596835400232e-01,8.262767079999999709e-01,-7.481868799999999986e-01,6.862058364899999674e+01,2.024000000000000000e+03,1.100000000000000000e+01,2.500000000000000000e+01,1.200000000000000000e+01,3.100000000000000000e+01,5.532002899999999812e+01
4.001490551556999975e+01,-8.302940209314000697e+01,9.606000000000000094e-01,2.405600000000000183e+00,-6.453836952670000127e-02,-3.448673253167999775e-02,2.465541365243999888e-02,8.289855760000000018e-01,-8.179436530000000483e-01,6.862210895100000130e+01,2.024000000000000000e+03,1.100000000000000000e+01,2.500000000000000000e+01,1.200000000000000000e+01,3.100000000000000000e+01,5.538098600000000005e+01
4.001490603508000277e+01,-8.302940040960000090e+01,9.574000000000000288e-01,2.401400000000000201e+00,1.395945626378599924e-01,-1.934057735182599935e-01,-1.228160828743999899e-01,8.191641509999999515e-01,-8.760820969999999486e-01,6.863951065300000209e+01,2.024000000000000000e+03,1.100000000000000000e+01,2.500000000000000000e+01,1.200000000000000000e+01,3.100000000000000000e+01,5.543759899999999874e+01
4.001490646464999656e+01,-8.302939901035000503e+01,9.500999999999999446e-01,2.392900000000000027e+00,9.839753496604000671e-02,-4.187001701170800505e-01,-2.465740852722400067e-01,8.198999479999999895e-01,-9.009824709999999515e-01,6.866072308100000043e+01,2.024000000000000000e+03,1.100000000000000000e+01,2.500000000000000000e+01,1.200000000000000000e+01,3.100000000000000000e+01,5.549886000000000053e+01
4.001490706127000152e+01,-8.302939705667000680e+01,9.406999999999999806e-01,2.393200000000000216e+00,4.702491238077800007e-01,8.890283653408000142e-02,-1.093077046276799968e-01,8.258029839999999622e-01,-8.978873240000000422e-01,6.867929798599999458e+01,2.024000000000000000e+03,1.100000000000000000e+01,2.500000000000000000e+01,1.200000000000000000e+01,3.100000000000000000e+01,5.555917399999999873e+01
4.001490756906000001e+01,-8.302939537630000189e+01,9.381000000000000449e-01,2.403599999999999959e+00,1.775812936497999928e-01,2.799853300041399984e-01,-1.413893156734400136e-01,8.522053139999999916e-01,-9.079047970000000412e-01,6.868057026300000700e+01,2.024000000000000000e+03,1.100000000000000000e+01,2.500000000000000000e+01,1.200000000000000000e+01,3.100000000000000000e+01,5.561935100000000176e+01
4.001490807590000287e+01,-8.302939368948000265e+01,9.330000000000000515e-01,2.413699999999999957e+00,4.688508165878399470e-01,2.418412448136599835e-01,-1.656568012763399989e-01,8.798696190000000472e-01,-9.357606360000000345e-01,6.867329508800000326e+01,2.024000000000000000e+03,1.100000000000000000e+01,2.500000000000000000e+01,1.200000000000000000e+01,3.100000000000000000e+01,5.567839800000000139e+01
4.001490857779999999e+01,-8.302939199425999561e+01,9.210000000000000409e-01,2.425399999999999778e+00,6.189677557400600216e-01,1.682065838603399865e-01,1.673395472142600038e-01,9.340794770000000469e-01,-9.804778889999999913e-01,6.866978255600000125e+01,2.024000000000000000e+03,1.100000000000000000e+01,2.500000000000000000e+01,1.200000000000000000e+01,3.100000000000000000e+01,5.573862400000000150e+01
4.001490899307000149e+01,-8.302939057931000377e+01,9.192000000000000171e-01,2.423599999999999977e+00,1.564418478340799945e-01,-8.829558172114000680e-02,2.052281070291800125e-01,9.987657420000000119e-01,-1.020566727999999923e+00,6.867807242400000689e+01,2.024000000000000000e+03,1.100000000000000000e+01,2.500000000000000000e+01,1.200000000000000000e+01,3.100000000000000000e+01,5.579997600000000091e+01
4.001490957589000175e+01,-8.302938860083999373e+01,9.254000000000000004e-01,2.417899999999999938e+00,-1.929439930761400190e-01,-1.107874536796800008e-01,1.507490918937000046e-01,1.068536439000000060e+00,-1.059776067999999905e+00,6.870098518199999660e+01,2.024000000000000000e+03,1.100000000000000000e+01,2.500000000000000000e+01,1.200000000000000000e+01,3.100000000000000000e+01,5.586225400000000008e+01
4.001491007847999981e+01,-8.302938690773000019e+01,9.344999999999999973e-01,2.413499999999999979e+00,-5.004771588908799584e-01,-8.812380590545999814e-02,8.364519195563999143e-02,1.110016155000000060e+00,-1.083845520999999978e+00,6.871348235600000010e+01,2.024000000000000000e+03,1.100000000000000000e+01,2.500000000000000000e+01,1.200000000000000000e+01,3.100000000000000000e+01,5.592512599999999878e+01
4.001491058861999761e+01,-8.302938521836000518e+01,9.532000000000000473e-01,2.408300000000000107e+00,-7.407635372280400032e-01,5.054480550280000123e-02,7.727960993454000005e-02,1.118092239000000099e+00,-1.107541335999999932e+00,6.871976875299999676e+01,2.024000000000000000e+03,1.100000000000000000e+01,2.500000000000000000e+01,1.200000000000000000e+01,3.100000000000000000e+01,5.598549799999999976e+01
4.001491110653999783e+01,-8.302938353179999353e+01,9.627999999999999892e-01,2.406600000000000072e+00,-2.964793059944799691e-01,1.020101426276400075e-01,5.083571761755999868e-02,1.097748678999999949e+00,-1.139990170999999997e+00,6.871992985500000373e+01,2.024000000000000000e+03,1.100000000000000000e+01,2.500000000000000000e+01,1.200000000000000000e+01,3.100000000000000000e+01,5.604561000000000348e+01
4.001491154096000002e+01,-8.302938212691999809e+01,9.657000000000000028e-01,2.405899999999999928e+00,-9.104877308839999517e-02,3.048502345716000081e-02,1.955838369618000117e-02,1.078642155000000047e+00,-1.171539848999999966e+00,6.871902855599999782e+01,2.024000000000000000e+03,1.100000000000000000e+01,2.500000000000000000e+01,1.200000000000000000e+01,3.100000000000000000e+01,5.610521099999999706e+01
4.001491171479000286e+01,-8.302938156477999598e+01,9.653000000000000469e-01,2.406800000000000050e+00,-1.524567446360000069e-03,5.420991585144000618e-02,-6.829507800512001070e-02,1.067693079000000100e+00,-1.183687603000000088e+00,6.871902404499999761e+01,2.024000000000000000e+03,1.100000000000000000e+01,2.500000000000000000e+01,1.200000000000000000e+01,3.100000000000000000e+01,5.616502100000000297e+01
4.001491258355000014e+01,-8.302937875876999385e+01,9.606000000000000094e-01,2.397800000000000153e+00,7.982880470995999678e-02,-2.885751332575799966e-01,-1.812617989246000094e-01,1.016666931000000051e+00,-1.228271330000000106e+00,6.873136300800000242e+01,2.024000000000000000e+03,1.100000000000000000e+01,2.500000000000000000e+01,1.200000000000000000e+01,3.100000000000000000e+01,5.623037500000000222e+01
4.001491327739999804e+01,-8.302937652491000620e+01,9.583000000000000407e-01,2.394099999999999895e+00,-4.289258849880000363e-03,1.309064762450000072e-02,-9.245820543975999395e-02,9.819852319999999857e-01,-1.215662747999999960e+00,6.875096800500000427e+01,2.024000000000000000e+03,1.100000000000000000e+01,2.500000000000000000e+01,1.200000000000000000e+01,3.100000000000000000e+01,5.629109700000000061e+01
4.001491371200000202e+01,-8.302937512760000516e+01,9.596000000000000085e-01,2.400999999999999801e+00,1.310655492114999876e-01,3.588043324461400174e-01,-5.818113518911199877e-01,9.571931959999999684e-01,-1.204681091999999953e+00,6.876134524600000475e+01,2.024000000000000000e+03,1.100000000000000000e+01,2.500000000000000000e+01,1.200000000000000000e+01,3.100000000000000000e+01,5.635236799999999846e+01
4.001491431821000333e+01,-8.302937316565000003e+01,9.534000000000000252e-01,2.406000000000000139e+00,2.455946421516799760e-01,2.461860077825999901e-02,-1.006891443027999877e-01,9.366140560000000281e-01,-1.201206151000000055e+00,6.876791569899999956e+01,2.024000000000000000e+03,1.100000000000000000e+01,2.500000000000000000e+01,1.200000000000000000e+01,3.100000000000000000e+01,5.641273699999999991e+01
4.001491483424999984e+01,-8.302937148255000466e+01,9.461000000000000520e-01,2.406200000000000117e+00,2.582574820842599705e-01,-7.504753678664000116e-02,-4.713243484391999721e-02,9.329154889999999867e-01,-1.184050143000000110e+00,6.876541905499999530e+01,2.024000000000000000e+03,1.100000000000000000e+01,2.500000000000000000e+01,1.200000000000000000e+01,3.100000000000000000e+01,5.647386500000000353e+01
4.001491534443999853e+01,-8.302936979630000280e+01,9.354999999999999982e-01,2.412900000000000045e+00,2.713619820095399815e-01,8.620423582379999061e-02,1.747739464074399840e-01,9.511285510000000443e-01,-1.161047759999999984e+00,6.876036369700000250e+01,2.024000000000000000e+03,1.100000000000000000e+01,2.500000000000000000e+01,1.200000000000000000e+01,3.100000000000000000e+01,5.653573000000000093e+01
4.001491584973999949e+01,-8.302936810317000038e+01,9.282000000000000250e-01,2.425399999999999778e+00,2.513480377682200118e-01,2.965227962641600046e-01,1.560249905193600017e-01,9.939054290000000069e-01,-1.147659307000000073e+00,6.876196441499999423e+01,2.024000000000000000e+03,1.100000000000000000e+01,2.500000000000000000e+01,1.200000000000000000e+01,3.100000000000000000e+01,5.659627600000000314e+01
4.001491635365000121e+01,-8.302936640349000186e+01,9.311000000000000387e-01,2.429899999999999949e+00,-6.731211245344000116e-02,8.211961227165999466e-02,-1.890764094932000094e-02,1.046312321000000045e+00,-1.148129713000000107e+00,6.877113277899999844e+01,2.024000000000000000e+03,1.100000000000000000e+01,2.500000000000000000e+01,1.200000000000000000e+01,3.100000000000000000e+01,5.665855299999999772e+01
4.001491694679999966e+01,-8.302936442252000404e+01,9.375999999999999890e-01,2.427400000000000002e+00,2.349888543819999946e-03,6.106826972461999736e-02,-2.082027627004000292e-02,1.077329900999999923e+00,-1.141191121999999947e+00,6.878761340900000221e+01,2.024000000000000000e+03,1.100000000000000000e+01,2.500000000000000000e+01,1.200000000000000000e+01,3.100000000000000000e+01,5.672387599999999708e+01
4.001491745554000090e+01,-8.302936272345999669e+01,9.336999999999999744e-01,2.428900000000000059e+00,3.090390089913799820e-01,-2.806909664320000192e-02,-1.213200721972600010e-01,1.101542907000000016e+00,-1.123971333000000072e+00,6.879196487599999443e+01,2.024000000000000000e+03,1.100000000000000000e+01,2.500000000000000000e+01,1.200000000000000000e+01,3.100000000000000000e+01,5.678620999999999697e+01
4.001491804829999666e+01,-8.302936073828000474e+01,9.397999999999999687e-01,2.433300000000000018e+00,-2.385446161848799873e-01,1.952797220116599952e-01,3.398660969028000078e-02,1.140660317999999895e+00,-1.101738855000000017e+00,6.879082720899999970e+01,2.024000000000000000e+03,1.100000000000000000e+01,2.500000000000000000e+01,1.200000000000000000e+01,3.100000000000000000e+01,5.685320999999999714e+01
4.001491856060000174e+01,-8.302935903348999602e+01,9.485000000000000098e-01,2.437100000000000044e+00,-2.986481503916399993e-01,1.942342596357999884e-01,2.786144894617999593e-02,1.159499881999999982e+00,-1.095066556999999996e+00,6.879970326800000180e+01,2.024000000000000000e+03,1.100000000000000000e+01,2.500000000000000000e+01,1.200000000000000000e+01,3.100000000000000000e+01,5.691498800000000102e+01
4.001491907945000293e+01,-8.302935732673999780e+01,9.693000000000000504e-01,2.440700000000000092e+00,-8.320047829785000015e-01,5.064323482657600017e-01,1.128391551545200044e-01,1.154024939999999999e+00,-1.095942654999999988e+00,6.882543039200000123e+01,2.024000000000000000e+03,1.100000000000000000e+01,2.500000000000000000e+01,1.200000000000000000e+01,3.100000000000000000e+01,5.697505300000000261e+01
4.001491969215000211e+01,-8.302935533224000153e+01,9.606999999999999984e-01,2.440900000000000070e+00,4.059126125612999569e-01,-3.020361641927600260e-01,3.539360359277600176e-01,1.118756432999999939e+00,-1.121964852999999929e+00,6.886192551300000275e+01,2.024000000000000000e+03,1.100000000000000000e+01,2.500000000000000000e+01,1.200000000000000000e+01,3.100000000000000000e+01,5.704134599999999722e+01
4.001492012711000257e+01,-8.302935390954999662e+01,9.648999999999999799e-01,2.434699999999999864e+00,-3.676101803503200038e-01,-2.054443083866200059e-01,1.877230720571599898e-01,1.119990494999999919e+00,-1.119780479000000106e+00,6.889049380999999528e+01,2.024000000000000000e+03,1.100000000000000000e+01,2.500000000000000000e+01,1.200000000000000000e+01,3.100000000000000000e+01,5.710412699999999830e+01
4.001492056440999789e+01,-8.302935248868999452e+01,9.704000000000000403e-01,2.435799999999999965e+00,-2.328518826276999854e-01,1.372737583177200127e-01,-4.752534258602000156e-02,1.093997252000000087e+00,-1.109727241999999947e+00,6.890554167599999857e+01,2.024000000000000000e+03,1.100000000000000000e+01,2.500000000000000000e+01,1.200000000000000000e+01,3.100000000000000000e+01,5.717035599999999818e+01
4.001492135091000080e+01,-8.302934992849999674e+01,9.636000000000000121e-01,2.440199999999999925e+00,1.820032264701200164e-01,6.842407802359999625e-03,-2.248389990589999901e-02,1.039492670000000007e+00,-1.103049640000000053e+00,6.891956237899999849e+01,2.024000000000000000e+03,1.100000000000000000e+01,2.500000000000000000e+01,1.200000000000000000e+01,3.100000000000000000e+01,5.723429900000000004e+01
4.001492187240000220e+01,-8.302934821780999641e+01,9.614000000000000323e-01,2.444700000000000095e+00,1.152524276889000110e-01,2.367204417608000100e-02,1.806547554102000061e-02,1.015765285999999934e+00,-1.105133498000000047e+00,6.893279412299999365e+01,2.024000000000000000e+03,1.100000000000000000e+01,2.500000000000000000e+01,1.200000000000000000e+01,3.100000000000000000e+01,5.729569099999999793e+01
4.001492247795000168e+01,-8.302934621954000249e+01,9.586000000000000076e-01,2.447900000000000187e+00,3.787023050428000442e-02,4.595391924988000143e-02,-2.342095452143199696e-01,1.001785187999999938e+00,-1.104609790000000036e+00,6.895749333099999490e+01,2.024000000000000000e+03,1.100000000000000000e+01,2.500000000000000000e+01,1.200000000000000000e+01,3.100000000000000000e+01,5.736266299999999774e+01
4.001492299540999653e+01,-8.302934450537999567e+01,9.545000000000000151e-01,2.447400000000000020e+00,9.556549212301999885e-02,-9.030274474308000454e-02,-2.604782187327400189e-01,9.911012350000000248e-01,-1.098766381999999986e+00,6.898166350200000352e+01,2.024000000000000000e+03,1.100000000000000000e+01,2.500000000000000000e+01,1.200000000000000000e+01,3.100000000000000000e+01,5.742462499999999892e+01
4.001492351014999826e+01,-8.302934278722000272e+01,9.467999999999999750e-01,2.459299999999999820e+00,4.707867588125799752e-01,2.564127539835199809e-01,1.599414201072599795e-01,9.938750589999999496e-01,-1.092120368000000008e+00,6.900275648000000217e+01,2.024000000000000000e+03,1.100000000000000000e+01,2.500000000000000000e+01,1.200000000000000000e+01,3.100000000000000000e+01,5.748540500000000009e+01
4.001492402059000142e+01,-8.302934106271999326e+01,9.387999999999999678e-01,2.466200000000000170e+00,3.828064781134999928e-01,1.147058986988399865e-01,-1.275484956405999876e-02,1.021605418999999904e+00,-1.097810399999999964e+00,6.901766800800000112e+01,2.024000000000000000e+03,1.100000000000000000e+01,2.500000000000000000e+01,1.200000000000000000e+01,3.100000000000000000e+01,5.754587000000000074e+01
4.001492444517000280e+01,-8.302933962276999580e+01,9.434000000000000163e-01,2.469500000000000028e+00,-6.894509281444000104e-02,2.224812474607599788e-01,9.521045198656000186e-02,1.043256766000000058e+00,-1.104455374999999906e+00,6.902696833000000254e+01,2.024000000000000000e+03,1.100000000000000000e+01,2.500000000000000000e+01,1.200000000000000000e+01,3.100000000000000000e+01,5.760696899999999943e+01
4.001492512830999715e+01,-8.302933731779999960e+01,9.492000000000000437e-01,2.465100000000000069e+00,-1.834426960443999999e-01,-9.180964760515999967e-02,-1.023411043440799889e-01,1.052852530000000009e+00,-1.135110470000000094e+00,6.905078035699999361e+01,2.024000000000000000e+03,1.100000000000000000e+01,2.500000000000000000e+01,1.200000000000000000e+01,3.100000000000000000e+01,5.766751099999999752e+01
4.001492564090000315e+01,-8.302933559579000189e+01,9.448999999999999622e-01,2.451999999999999957e+00,2.315275381825999956e-02,-4.823757915838600141e-01,1.750187741247000162e-01,1.056917321000000021e+00,-1.150050567999999940e+00,6.907426775800000485e+01,2.024000000000000000e+03,1.100000000000000000e+01,2.500000000000000000e+01,1.200000000000000000e+01,3.100000000000000000e+01,5.772800199999999649e+01
4.001492615029999911e+01,-8.302933388437999440e+01,9.385000000000000009e-01,2.434299999999999908e+00,7.401834183580000524e-03,-6.543872540490799361e-01,1.549463934611400029e-01,1.071769616000000092e+00,-1.155888398000000095e+00,6.909741299499999911e+01,2.024000000000000000e+03,1.100000000000000000e+01,2.500000000000000000e+01,1.200000000000000000e+01,3.100000000000000000e+01,5.778809799999999797e+01
4.001492665765999845e+01,-8.302933218651999425e+01,9.365999999999999881e-01,2.411900000000000155e+00,-2.150102649338599958e-01,-8.206426818658599798e-01,1.685031931275400019e-01,1.073720663000000020e+00,-1.163125568000000110e+00,6.911730973000000233e+01,2.024000000000000000e+03,1.100000000000000000e+01,2.500000000000000000e+01,1.200000000000000000e+01,3.100000000000000000e+01,5.785452000000000083e+01
4.001492716348000300e+01,-8.302933050491000699e+01,9.327999999999999625e-01,2.390899999999999803e+00,-8.046821295235999372e-02,-6.603813870748399539e-01,-1.215511343766600139e-01,1.053562888999999947e+00,-1.156420036000000096e+00,6.913416473300000575e+01,2.024000000000000000e+03,1.100000000000000000e+01,2.500000000000000000e+01,1.200000000000000000e+01,3.100000000000000000e+01,5.791612800000000050e+01
4.001492775065000274e+01,-8.302932855798999867e+01,9.273000000000000131e-01,2.373800000000000132e+00,-4.936774852633999539e-02,-4.844718599669800563e-01,-1.047847469843000007e-01,1.019285009000000075e+00,-1.153222476000000052e+00,6.914995641500000545e+01,2.024000000000000000e+03,1.100000000000000000e+01,2.500000000000000000e+01,1.200000000000000000e+01,3.100000000000000000e+01,5.797690000000000055e+01
4.001492816970999655e+01,-8.302932717710000077e+01,9.255999999999999783e-01,2.359900000000000109e+00,1.414015796894400046e-01,-5.404687060162399748e-01,-3.990447476088799794e-01,9.967827270000000350e-01,-1.145654546999999912e+00,6.916975946799999519e+01,2.024000000000000000e+03,1.100000000000000000e+01,2.500000000000000000e+01,1.200000000000000000e+01,3.100000000000000000e+01,5.803756599999999821e+01
4.001492866217000000e+01,-8.302932552177000503e+01,9.010000000000000231e-01,2.362800000000000011e+00,6.040367963970200149e-01,-2.304717181589400199e-01,1.417167141609999848e-01,9.998140509999999814e-01,-1.158278217000000110e+00,6.918442310300000031e+01,2.024000000000000000e+03,1.100000000000000000e+01,2.500000000000000000e+01,1.200000000000000000e+01,3.100000000000000000e+01,5.809902699999999953e+01
4.001492882424999920e+01,-8.302932497032000470e+01,8.961000000000000076e-01,2.361499999999999932e+00,5.421752114802199651e-01,-2.562503823768799704e-01,-4.016295175661999811e-02,1.004241586000000019e+00,-1.167956055000000104e+00,6.918843587000000639e+01,2.024000000000000000e+03,1.100000000000000000e+01,2.500000000000000000e+01,1.200000000000000000e+01,3.100000000000000000e+01,5.815997000000000128e+01
4.001492970929999871e+01,-8.302932194586000492e+01,8.991000000000000103e-01,2.351799999999999891e+00,-3.456440077374000053e-01,8.771142310160000288e-02,3.962705791552400547e-01,1.044407338000000074e+00,-1.198521200000000064e+00,6.922375896299999454e+01,2.024000000000000000e+03,1.100000000000000000e+01,2.500000000000000000e+01,1.200000000000000000e+01,3.100000000000000000e+01,5.822208400000000239e+01
4.001493019669000262e+01,-8.302932030088000204e+01,9.003999999999999782e-01,2.342099999999999849e+00,5.565684389980000112e-03,-6.346088181431600583e-01,5.265737192216599638e-01,1.028188003999999989e+00,-1.238768880999999933e+00,6.924747621699999911e+01,2.024000000000000000e+03,1.100000000000000000e+01,2.500000000000000000e+01,1.200000000000000000e+01,3.100000000000000000e+01,5.828911099999999834e+01
4.001493075889000295e+01,-8.302931838963999667e+01,8.915999999999999481e-01,2.330700000000000216e+00,6.550204085179999781e-03,-5.134533849516400572e-01,1.818897627359800095e-01,1.050068830000000064e+00,-1.257308113999999977e+00,6.927109760999999821e+01,2.024000000000000000e+03,1.100000000000000000e+01,2.500000000000000000e+01,1.200000000000000000e+01,3.100000000000000000e+01,5.835072199999999754e+01
4.001493124035000193e+01,-8.302931675741000106e+01,8.952999999999999847e-01,2.325200000000000156e+00,-3.591675444117199967e-01,-1.501896259527599753e-01,1.748074382877800037e-01,1.060664177000000041e+00,-1.262580213999999978e+00,6.928758648199999470e+01,2.024000000000000000e+03,1.100000000000000000e+01,2.500000000000000000e+01,1.200000000000000000e+01,3.100000000000000000e+01,5.841120300000000043e+01
4.001493180819999651e+01,-8.302931485700000280e+01,8.964999999999999636e-01,2.322599999999999998e+00,4.766608360275000345e-01,-2.927577367869799718e-01,-1.813209188418800077e-01,1.013881908000000109e+00,-1.275954583999999947e+00,6.930830020999999874e+01,2.024000000000000000e+03,1.100000000000000000e+01,2.500000000000000000e+01,1.200000000000000000e+01,3.100000000000000000e+01,5.847912099999999924e+01
4.001493387517000144e+01,-8.302930781803999594e+01,8.759000000000000119e-01,2.325299999999999923e+00,7.945720878151198985e-01,1.266502990810199902e-01,1.155207161969800111e-01,1.019386907999999980e+00,-1.173034789999999994e+00,6.938598191900000245e+01,2.024000000000000000e+03,1.100000000000000000e+01,2.500000000000000000e+01,1.200000000000000000e+01,3.100000000000000000e+01,5.874882000000000204e+01
4.001493458579999896e+01,-8.302930537054000126e+01,8.890000000000000124e-01,2.326400000000000023e+00,-7.811046487838599894e-01,1.185823051338200096e-01,5.796005453442000521e-02,1.066382544000000099e+00,-1.166908158999999889e+00,6.940072368100000233e+01,2.024000000000000000e+03,1.100000000000000000e+01,2.500000000000000000e+01,1.200000000000000000e+01,3.100000000000000000e+01,5.882896800000000326e+01
4.001493506853999804e+01,-8.302930374097999788e+01,8.985999999999999543e-01,2.323399999999999910e+00,-3.248439203367600170e-01,3.052686084396000199e-02,4.425178497144000023e-02,1.020573034000000101e+00,-1.163552976000000072e+00,6.940579440800000555e+01,2.024000000000000000e+03,1.100000000000000000e+01,2.500000000000000000e+01,1.200000000000000000e+01,3.100000000000000000e+01,5.889605499999999694e+01
4.001493555220999809e+01,-8.302930211259000259e+01,8.907000000000000473e-01,2.322499999999999787e+00,1.796979875605400068e-01,-5.337224776004000082e-02,7.566687847116000676e-02,9.781433120000000425e-01,-1.158250317000000029e+00,6.941842918099999338e+01,2.024000000000000000e+03,1.100000000000000000e+01,2.500000000000000000e+01,1.200000000000000000e+01,3.100000000000000000e+01,5.895782100000000270e+01
4.001493611344000101e+01,-8.302930021087000512e+01,8.921999999999999931e-01,2.329200000000000159e+00,-4.202098189086000274e-02,2.678269435998199555e-01,2.533629597971999783e-02,9.844886259999999778e-01,-1.144119722999999977e+00,6.944964892199999440e+01,2.024000000000000000e+03,1.100000000000000000e+01,2.500000000000000000e+01,1.200000000000000000e+01,3.100000000000000000e+01,5.901879900000000134e+01
4.001494541051000198e+01,-8.302926844463000577e+01,8.707000000000000295e-01,2.358099999999999863e+00,2.179872074227799938e-01,-2.785635031999399991e-01,3.906423361218399615e-01,9.261586649999999921e-01,-9.284094379999999758e-01,6.960555929800000285e+01,2.024000000000000000e+03,1.100000000000000000e+01,2.500000000000000000e+01,1.200000000000000000e+01,3.200000000000000000e+01,3.687400000000000122e-01
4.001494763395999854e+01,-8.302926072853999528e+01,8.928000000000000380e-01,2.361200000000000188e+00,2.527901042309199653e-01,-1.514337342326400049e-01,-1.294366709129999779e-02,9.777170960000000077e-01,-8.963631459999999995e-01,6.965523778700000435e+01,2.024000000000000000e+03,1.100000000000000000e+01,2.500000000000000000e+01,1.200000000000000000e+01,3.200000000000000000e+01,5.009799999999999809e-01
4.001494843276999802e+01,-8.302925797381999473e+01,8.944999999999999618e-01,2.364300000000000068e+00,-4.846378126303400036e-01,3.774313800370199812e-01,1.496692651448000046e-02,9.826792290000000429e-01,-8.754566670000000217e-01,6.965807232699999929e+01,2.024000000000000000e+03,1.100000000000000000e+01,2.500000000000000000e+01,1.200000000000000000e+01,3.200000000000000000e+01,5.627640000000000420e-01
4.001494932319999975e+01,-8.302925493829999937e+01,8.970000000000000195e-01,2.365899999999999892e+00,1.388326055062200082e-01,-1.103734786571000104e-01,1.265045588386000050e-02,9.344559970000000382e-01,-9.138541829999999866e-01,6.968617838299999789e+01,2.024000000000000000e+03,1.100000000000000000e+01,2.500000000000000000e+01,1.200000000000000000e+01,3.200000000000000000e+01,6.748100000000000209e-01
4.001495003774000025e+01,-8.302925245045000224e+01,8.672999999999999599e-01,2.371700000000000141e+00,6.006159008386200426e-01,-2.169756830926600211e-01,-1.013790509541999917e-02,9.522681240000000491e-01,-9.238603720000000408e-01,6.969033025900000666e+01,2.024000000000000000e+03,1.100000000000000000e+01,2.500000000000000000e+01,1.200000000000000000e+01,3.200000000000000000e+01,7.572860000000000147e-01
4.001495050781999652e+01,-8.302925079000999631e+01,8.750999999999999890e-01,2.371199999999999974e+00,-4.524948502482599721e-01,8.469090685149999187e-02,6.068139674473999740e-02,9.846733250000000437e-01,-9.285522370000000025e-01,6.968164340200000595e+01,2.024000000000000000e+03,1.100000000000000000e+01,2.500000000000000000e+01,1.200000000000000000e+01,3.200000000000000000e+01,8.187809999999999810e-01
4.001495098630000058e+01,-8.302924913057999845e+01,8.931999999999999940e-01,2.367199999999999971e+00,-6.561166426774799332e-01,-2.211467837426000019e-02,1.089896448860000061e-01,9.735063779999999500e-01,-9.445246630000000421e-01,6.968761099600000364e+01,2.024000000000000000e+03,1.100000000000000000e+01,2.500000000000000000e+01,1.200000000000000000e+01,3.200000000000000000e+01,8.792379999999999640e-01
4.001495146656999680e+01,-8.302924747720000198e+01,8.866000000000000547e-01,2.356899999999999995e+00,-1.383666220124000167e-02,-3.795914281075399854e-01,-6.674012726116000660e-02,9.678952309999999670e-01,-9.456361309999999909e-01,6.971176463199999773e+01,2.024000000000000000e+03,1.100000000000000000e+01,2.500000000000000000e+01,1.200000000000000000e+01,3.200000000000000000e+01,9.400789999999999980e-01
4.001495194740000017e+01,-8.302924583105999545e+01,8.927000000000000490e-01,2.347199999999999953e+00,-3.116458164694799748e-01,-1.473426332834399943e-01,-2.468940729940400092e-01,9.696395300000000272e-01,-9.120870639999999474e-01,6.973584956700000248e+01,2.024000000000000000e+03,1.100000000000000000e+01,2.500000000000000000e+01,1.200000000000000000e+01,3.200000000000000000e+01,1.004051999999999945e+00
4.001495234946000323e+01,-8.302924446180999496e+01,8.931999999999999940e-01,2.346699999999999786e+00,-4.323576662280000094e-02,3.197281511841999768e-02,-1.629492897481999922e-02,9.450840430000000403e-01,-8.770424489999999462e-01,6.973685637699999518e+01,2.024000000000000000e+03,1.100000000000000000e+01,2.500000000000000000e+01,1.200000000000000000e+01,3.200000000000000000e+01,1.064591000000000065e+00
4.001495267141999790e+01,-8.302924336530999483e+01,8.941999999999999948e-01,2.350400000000000045e+00,-4.112979722216000139e-02,1.517971147767999962e-01,1.815547039677599950e-01,9.197134890000000507e-01,-8.589758760000000271e-01,6.973028436900000315e+01,2.024000000000000000e+03,1.100000000000000000e+01,2.500000000000000000e+01,1.200000000000000000e+01,3.200000000000000000e+01,1.126279000000000030e+00
4.001495331545999790e+01,-8.302924116645000652e+01,8.909000000000000252e-01,2.361600000000000144e+00,2.579441756188199930e-01,2.766758805330600257e-01,1.258242030729799787e-01,8.724000179999999993e-01,-8.400157499999999500e-01,6.971953739200000655e+01,2.024000000000000000e+03,1.100000000000000000e+01,2.500000000000000000e+01,1.200000000000000000e+01,3.200000000000000000e+01,1.187305000000000055e+00
4.001495388109999851e+01,-8.302923923702999787e+01,8.983999999999999764e-01,2.365200000000000191e+00,-1.302891265845999846e-01,1.681991915404600080e-01,2.102510853915199873e-01,8.546502799999999844e-01,-8.577305539999999784e-01,6.973152686599999583e+01,2.024000000000000000e+03,1.100000000000000000e+01,2.500000000000000000e+01,1.200000000000000000e+01,3.200000000000000000e+01,1.248683999999999905e+00
4.001495445186999689e+01,-8.302923730740999986e+01,8.883999999999999675e-01,2.366099999999999870e+00,8.091817978126401023e-01,-2.739448204995800218e-01,4.069411446260400300e-01,8.051502929999999614e-01,-8.860629869999999686e-01,6.973921649599999739e+01,2.024000000000000000e+03,1.100000000000000000e+01,2.500000000000000000e+01,1.200000000000000000e+01,3.200000000000000000e+01,1.310429999999999984e+00
4.001495492837000256e+01,-8.302923565404999806e+01,8.725000000000000533e-01,2.362699999999999800e+00,1.217014254874599910e-01,-2.484232377611199916e-01,-7.713044870660000496e-02,8.224868800000000313e-01,-8.820421299999999798e-01,6.972028269899999486e+01,2.024000000000000000e+03,1.100000000000000000e+01,2.500000000000000000e+01,1.200000000000000000e+01,3.200000000000000000e+01,1.371285000000000087e+00
4.001495540655999861e+01,-8.302923400196000614e+01,8.828000000000000291e-01,2.360700000000000021e+00,-1.917023296865200122e-01,-1.224241320885599976e-01,-7.600546807628000279e-02,8.273198840000000054e-01,-8.695853599999999739e-01,6.970100697899999886e+01,2.024000000000000000e+03,1.100000000000000000e+01,2.500000000000000000e+01,1.200000000000000000e+01,3.200000000000000000e+01,1.432792999999999983e+00
4.001495828363999863e+01,-8.302922409197999798e+01,8.987000000000000544e-01,2.343500000000000139e+00,-3.830899129109399670e-01,-2.352252780875200011e-01,1.155498552251800065e-01,9.134880969999999989e-01,-8.433260299999999487e-01,6.953848853700000632e+01,2.024000000000000000e+03,1.100000000000000000e+01,2.500000000000000000e+01,1.200000000000000000e+01,3.200000000000000000e+01,1.788591999999999960e+00
4.001495893631999934e+01,-8.302922190230999888e+01,9.073999999999999844e-01,2.350600000000000023e+00,-2.139837768310200172e-01,2.331022844609999811e-01,-6.217544016082000163e-02,9.004411690000000412e-01,-8.082165559999999749e-01,6.946065648200000453e+01,2.024000000000000000e+03,1.100000000000000000e+01,2.500000000000000000e+01,1.200000000000000000e+01,3.200000000000000000e+01,1.874206000000000039e+00
4.001495943383000053e+01,-8.302922025734000044e+01,9.229000000000000536e-01,2.352799999999999780e+00,-3.350267725706200239e-01,2.154279961517999997e-01,2.780170735794599834e-01,8.865236730000000120e-01,-8.133133150000000366e-01,6.940355313099999535e+01,2.024000000000000000e+03,1.100000000000000000e+01,2.500000000000000000e+01,1.200000000000000000e+01,3.200000000000000000e+01,1.936304999999999943e+00
4.001495993863999701e+01,-8.302921860969999557e+01,9.383000000000000229e-01,2.357000000000000206e+00,-4.422534682344400059e-01,2.980994381843199981e-01,2.643895333826800087e-01,8.455611490000000119e-01,-8.440380410000000166e-01,6.932634985400000005e+01,2.024000000000000000e+03,1.100000000000000000e+01,2.500000000000000000e+01,1.200000000000000000e+01,3.200000000000000000e+01,1.997478000000000087e+00
4.001496575646000053e+01,-8.302919996897999511e+01,1.026899999999999924e+00,2.337299999999999933e+00,-1.289910613672579975e+00,3.709855596999799832e-01,-3.475266622128400096e-01,7.902096189999999742e-01,-1.023281863000000014e+00,6.806118827000000238e+01,2.024000000000000000e+03,1.100000000000000000e+01,2.500000000000000000e+01,1.200000000000000000e+01,3.200000000000000000e+01,2.674198000000000075e+00
4.001496657215000141e+01,-8.302919752443000334e+01,9.876000000000000334e-01,2.323300000000000143e+00,8.916846911041199641e-01,-4.064715359809000228e-01,-4.852762366211999662e-02,7.333274829999999467e-01,-1.043124530999999910e+00,6.781362019300000554e+01,2.024000000000000000e+03,1.100000000000000000e+01,2.500000000000000000e+01,1.200000000000000000e+01,3.200000000000000000e+01,2.765461000000000169e+00
4.001496728584999829e+01,-8.302919534740000529e+01,9.889000000000000012e-01,2.336599999999999788e+00,6.627616236225999935e-02,2.560823931951399790e-01,-1.078208222580000035e-02,7.802085410000000332e-01,-1.041176856000000095e+00,6.758482559600000172e+01,2.024000000000000000e+03,1.100000000000000000e+01,2.500000000000000000e+01,1.200000000000000000e+01,3.200000000000000000e+01,2.847987999999999964e+00
4.001496826209999824e+01,-8.302919234572000562e+01,9.856000000000000316e-01,2.334000000000000075e+00,-3.519381725088600033e-01,-3.022540040966000333e-02,1.342874661885999910e-01,8.853304979999999658e-01,-1.065275817999999930e+00,6.723374179200000356e+01,2.024000000000000000e+03,1.100000000000000000e+01,2.500000000000000000e+01,1.200000000000000000e+01,3.200000000000000000e+01,2.954105000000000203e+00
4.001497423210000193e+01,-8.302917578490000494e+01,1.079900000000000082e+00,2.295799999999999841e+00,-3.395330446767599875e-01,2.558759533354799665e-01,2.728930693191999879e-02,8.438333169999999717e-01,-9.014059610000000333e-01,6.510650994300000605e+01,2.024000000000000000e+03,1.100000000000000000e+01,2.500000000000000000e+01,1.200000000000000000e+01,3.200000000000000000e+01,3.596944999999999837e+00
4.001497513732999778e+01,-8.302917339658000628e+01,1.133799999999999919e+00,2.272699999999999942e+00,-1.333385772220440080e+00,-1.484125194419800009e-01,-1.639002080139999873e-01,8.764149340000000343e-01,-9.077114160000000487e-01,6.473273103799999717e+01,2.024000000000000000e+03,1.100000000000000000e+01,2.500000000000000000e+01,1.200000000000000000e+01,3.200000000000000000e+01,3.688677000000000206e+00
4.001497608223999691e+01,-8.302917103800000120e+01,1.182500000000000107e+00,2.236800000000000122e+00,-6.853388782904400456e-01,-9.209765549295999276e-02,3.769445639120000153e-03,8.304749740000000324e-01,-8.788439390000000184e-01,6.432807828800000038e+01,2.024000000000000000e+03,1.100000000000000000e+01,2.500000000000000000e+01,1.200000000000000000e+01,3.200000000000000000e+01,3.753204999999999902e+00
4.001497694425000162e+01,-8.302916895808000675e+01,1.192600000000000104e+00,2.242399999999999949e+00,-4.524665475856000374e-02,2.295695373085600011e-01,5.377428164156200507e-01,7.732405860000000075e-01,-8.609375249999999813e-01,6.392156572999999753e+01,2.024000000000000000e+03,1.100000000000000000e+01,2.500000000000000000e+01,1.200000000000000000e+01,3.200000000000000000e+01,3.835239000000000065e+00
4.001497759552999867e+01,-8.302916739555999470e+01,1.198900000000000077e+00,2.239300000000000068e+00,-1.638426651763399966e-01,-2.633993391737999776e-02,-1.675563094613199966e-01,7.207314949999999998e-01,-8.684631860000000536e-01,6.358690122200000161e+01,2.024000000000000000e+03,1.100000000000000000e+01,2.500000000000000000e+01,1.200000000000000000e+01,3.200000000000000000e+01,3.899535999999999891e+00
4.001497857508000067e+01,-8.302916505334999897e+01,1.200399999999999912e+00,2.240699999999999914e+00,6.803697444384000648e-02,1.246674228571800075e-01,1.310944860813599844e-01,7.080594909999999853e-01,-8.660317720000000330e-01,6.309596385399999718e+01,2.024000000000000000e+03,1.100000000000000000e+01,2.500000000000000000e+01,1.200000000000000000e+01,3.200000000000000000e+01,3.981786000000000048e+00
4.001497923259000089e+01,-8.302916349248999950e+01,1.216299999999999937e+00,2.233800000000000008e+00,-5.681064852450999902e-01,-4.051129595040000447e-02,3.135740936131800050e-01,7.351026969999999716e-01,-8.838631479999999874e-01,6.276902773999999852e+01,2.024000000000000000e+03,1.100000000000000000e+01,2.500000000000000000e+01,1.200000000000000000e+01,3.200000000000000000e+01,4.045931000000000388e+00
4.001497978628999874e+01,-8.302916219588999525e+01,1.225000000000000089e+00,2.228499999999999925e+00,-2.790633544585600090e-01,-2.596742250447999986e-02,1.114442483080999857e-01,7.458441679999999741e-01,-9.004122020000000504e-01,6.248054349099999882e+01,2.024000000000000000e+03,1.100000000000000000e+01,2.500000000000000000e+01,1.200000000000000000e+01,3.200000000000000000e+01,4.108355999999999675e+00
4.001498000915000119e+01,-8.302916167773000211e+01,1.230900000000000105e+00,2.227500000000000036e+00,-4.113839796075799971e-01,1.016331867873200012e-01,1.369228775436200085e-01,7.495232170000000194e-01,-9.051502850000000544e-01,6.236151399300000264e+01,2.024000000000000000e+03,1.100000000000000000e+01,2.500000000000000000e+01,1.200000000000000000e+01,3.200000000000000000e+01,4.169559999999999711e+00
4.001498102056000050e+01,-8.302915934322000169e+01,1.259200000000000097e+00,2.228099999999999969e+00,-6.684025458432200084e-01,2.896745823843799861e-01,-1.074224510742999850e-01,8.249134630000000135e-01,-9.622173000000000531e-01,6.181540675600000156e+01,2.024000000000000000e+03,1.100000000000000000e+01,2.500000000000000000e+01,1.200000000000000000e+01,3.200000000000000000e+01,4.230273999999999646e+00
4.001498194864999647e+01,-8.302915728789000127e+01,1.270000000000000018e+00,2.195199999999999818e+00,9.911521151844999711e-01,-1.036087759950059972e+00,1.358859609793600098e-01,8.054927920000000130e-01,-1.027285801999999970e+00,6.134196581599999831e+01,2.024000000000000000e+03,1.100000000000000000e+01,2.500000000000000000e+01,1.200000000000000000e+01,3.200000000000000000e+01,4.292849000000000359e+00
4.001498273893999880e+01,-8.302915549709000231e+01,1.241999999999999993e+00,2.192000000000000171e+00,1.765201430789399839e-01,-2.114673137553199911e-01,3.387167905346000207e-02,9.451109210000000482e-01,-1.003062909999999919e+00,6.086537849100000130e+01,2.024000000000000000e+03,1.100000000000000000e+01,2.500000000000000000e+01,1.200000000000000000e+01,3.200000000000000000e+01,4.355019999999999669e+00
4.001498354236999688e+01,-8.302915372678999972e+01,1.299500000000000099e+00,2.154100000000000126e+00,-1.763578497012980195e+00,-2.048566252993000159e-01,-2.245525709987999941e-02,1.041200112999999927e+00,-9.520859310000000519e-01,6.035407103099999659e+01,2.024000000000000000e+03,1.100000000000000000e+01,2.500000000000000000e+01,1.200000000000000000e+01,3.200000000000000000e+01,4.416127999999999609e+00
4.001499222900000063e+01,-8.302913757657999838e+01,1.553600000000000092e+00,1.973400000000000043e+00,-1.709293203904939995e+00,-4.453607282350000030e-02,-2.623715850621400336e-01,1.064638218000000025e+00,-8.957140510000000111e-01,5.425500619900000032e+01,2.024000000000000000e+03,1.100000000000000000e+01,2.500000000000000000e+01,1.200000000000000000e+01,3.200000000000000000e+01,5.148799999999999599e+00
4.001499423183999937e+01,-8.302913442307000480e+01,1.606300000000000061e+00,1.895299999999999985e+00,-9.910481505488399900e-01,-5.342432109335999435e-01,1.506852874690400024e-01,1.086293334000000055e+00,-8.413838500000000442e-01,5.260214960999999789e+01,2.024000000000000000e+03,1.100000000000000000e+01,2.500000000000000000e+01,1.200000000000000000e+01,3.200000000000000000e+01,5.244315000000000282e+00
4.001499525730000073e+01,-8.302913288771999589e+01,1.629000000000000004e+00,1.866800000000000015e+00,-1.155622984462920000e+00,-1.191098716451999967e-01,-3.062259433584000323e-01,1.102079704999999965e+00,-7.566134669999999840e-01,5.173361190699999668e+01,2.024000000000000000e+03,1.100000000000000000e+01,2.500000000000000000e+01,1.200000000000000000e+01,3.200000000000000000e+01,5.306954000000000171e+00
4.001499629588000317e+01,-8.302913136953999640e+01,1.655100000000000016e+00,1.839199999999999946e+00,-2.168502576836440099e+00,-3.737729753922199860e-01,-3.568322740676000415e-01,1.171154703000000019e+00,-6.907616979999999796e-01,5.085255087299999843e+01,2.024000000000000000e+03,1.100000000000000000e+01,2.500000000000000000e+01,1.200000000000000000e+01,3.200000000000000000e+01,5.369203999999999866e+00
4.001499720425000106e+01,-8.302913009712000303e+01,1.691500000000000004e+00,1.795600000000000085e+00,-1.748205533649540122e+00,-2.577671956693000088e-01,6.987357905930400293e-01,1.180272948999999905e+00,-6.379915980000000486e-01,5.010222092299999730e+01,2.024000000000000000e+03,1.100000000000000000e+01,2.500000000000000000e+01,1.200000000000000000e+01,3.200000000000000000e+01,5.431233999999999895e+00
4.001499844615999990e+01,-8.302912843541000143e+01,1.749200000000000088e+00,1.754899999999999904e+00,-2.195635309337580221e+00,2.904900529877200155e-01,3.424516444874600163e-01,1.127735763000000002e+00,-6.144926520000000281e-01,4.905395415600000320e+01,2.024000000000000000e+03,1.100000000000000000e+01,2.500000000000000000e+01,1.200000000000000000e+01,3.200000000000000000e+01,5.511038000000000103e+00
4.001500021732999812e+01,-8.302912622318000047e+01,1.794100000000000028e+00,1.696499999999999897e+00,-6.356544778171000498e-01,-4.575962197230399875e-01,-2.695234456015399571e-01,9.482313119999999929e-01,-6.585545659999999524e-01,4.760187438799999882e+01,2.024000000000000000e+03,1.100000000000000000e+01,2.500000000000000000e+01,1.200000000000000000e+01,3.200000000000000000e+01,5.621984000000000314e+00
4.001500134487000082e+01,-8.302912484201000609e+01,1.773400000000000087e+00,1.677000000000000046e+00,-2.067105591086000060e-01,-8.895971755975600193e-01,-2.740783223832000126e-01,9.560996339999999760e-01,-6.484098520000000088e-01,4.667435382099999686e+01,2.024000000000000000e+03,1.100000000000000000e+01,2.500000000000000000e+01,1.200000000000000000e+01,3.200000000000000000e+01,5.691698999999999842e+00
4.001500230554000126e+01,-8.302912367691000384e+01,1.773099999999999898e+00,1.646600000000000064e+00,-4.549606857991599917e-01,-3.087547457386199956e-01,-7.116918922260000169e-02,1.002239641999999931e+00,-5.888485879999999506e-01,4.584790259399999712e+01,2.024000000000000000e+03,1.100000000000000000e+01,2.500000000000000000e+01,1.200000000000000000e+01,3.200000000000000000e+01,5.753396999999999650e+00
4.001500327099999765e+01,-8.302912252772000556e+01,1.788100000000000023e+00,1.629699999999999926e+00,-1.377647737722599963e+00,-7.885776564259999732e-02,-3.811935483426199811e-01,1.055505227999999907e+00,-5.206318640000000553e-01,4.497464406800000347e+01,2.024000000000000000e+03,1.100000000000000000e+01,2.500000000000000000e+01,1.200000000000000000e+01,3.200000000000000000e+01,5.814873999999999654e+00
4.001501443994000340e+01,-8.302911198815000660e+01,2.012100000000000222e+00,1.116500000000000048e+00,-2.177912058913659799e+00,-4.906523958035399757e-01,1.141799007354599993e-01,1.033573056000000046e+00,2.359814349999999894e-01,3.512259474100000034e+01,2.024000000000000000e+03,1.100000000000000000e+01,2.500000000000000000e+01,1.200000000000000000e+01,3.200000000000000000e+01,6.466836999999999946e+00
4.001502187356999940e+01,-8.302910698891000152e+01,1.994699999999999918e+00,9.950999999999999845e-01,-7.658937327174599741e-01,-8.034592614427999990e-01,4.261656457432000389e-02,9.837474050000000192e-01,5.960681639999999559e-01,2.871925925500000076e+01,2.024000000000000000e+03,1.100000000000000000e+01,2.500000000000000000e+01,1.200000000000000000e+01,3.200000000000000000e+01,6.875848000000000404e+00
4.001502349999999808e+01,-8.302910599480999565e+01,2.014600000000000168e+00,9.159000000000000474e-01,-2.335241018935160007e+00,-2.798628067541000242e-01,-1.432138394129800207e-01,1.198075836999999977e+00,7.241568990000000205e-01,2.734956011099999884e+01,2.024000000000000000e+03,1.100000000000000000e+01,2.500000000000000000e+01,1.200000000000000000e+01,3.200000000000000000e+01,6.963388000000000133e+00
4.001502515437999818e+01,-8.302910509483000112e+01,2.054699999999999971e+00,8.268999999999999684e-01,-2.079690412161220081e+00,-9.128874547985998955e-02,-1.280768911230200091e-01,1.237788094999999977e+00,8.536327970000000542e-01,2.595118375199999861e+01,2.024000000000000000e+03,1.100000000000000000e+01,2.500000000000000000e+01,1.200000000000000000e+01,3.200000000000000000e+01,7.053113999999999884e+00
4.001502589881999938e+01,-8.302910471936000647e+01,2.067600000000000104e+00,8.028999999999999471e-01,-1.531799390820139939e+00,2.767671124272000002e-02,1.277159834413199857e-01,1.226730883000000105e+00,8.984844810000000015e-01,2.534157218900000075e+01,2.024000000000000000e+03,1.100000000000000000e+01,2.500000000000000000e+01,1.200000000000000000e+01,3.200000000000000000e+01,7.124616999999999756e+00
4.001502740173000205e+01,-8.302910399626999549e+01,2.089799999999999880e+00,7.806999999999999496e-01,-4.599931661386599813e-01,2.808354176689799586e-01,1.119235080666000082e-01,1.234202535000000100e+00,9.530570109999999540e-01,2.414945013999999901e+01,2.024000000000000000e+03,1.100000000000000000e+01,2.500000000000000000e+01,1.200000000000000000e+01,3.200000000000000000e+01,7.187037000000000120e+00
4.001502872974000269e+01,-8.302910337382000705e+01,2.110300000000000065e+00,7.741999999999999993e-01,-5.390799687231400128e-01,3.318507701249799879e-01,3.085765100102199621e-01,1.323633245999999986e+00,9.313848850000000512e-01,2.312794813500000046e+01,2.024000000000000000e+03,1.100000000000000000e+01,2.500000000000000000e+01,1.200000000000000000e+01,3.200000000000000000e+01,7.248765999999999821e+00
4.001503007168999915e+01,-8.302910278387000176e+01,2.133100000000000218e+00,7.183000000000000496e-01,-1.772291722986199858e+00,-1.325125388808000015e-01,1.524007649581399781e-01,1.394135506000000024e+00,8.873000690000000246e-01,2.211698776000000066e+01,2.024000000000000000e+03,1.100000000000000000e+01,2.500000000000000000e+01,1.200000000000000000e+01,3.200000000000000000e+01,7.310068000000000232e+00
4.001503123201000278e+01,-8.302910234095999442e+01,2.147600000000000176e+00,6.125000000000000444e-01,-3.407361065200639860e+00,-8.155329335649399436e-01,3.235771156889200029e-01,1.291200582000000097e+00,8.646370719999999510e-01,2.124175022800000079e+01,2.024000000000000000e+03,1.100000000000000000e+01,2.500000000000000000e+01,1.200000000000000000e+01,3.200000000000000000e+01,7.371686000000000405e+00
4.001503239893000341e+01,-8.302910195836000184e+01,2.160400000000000098e+00,5.356999999999999540e-01,-2.480944159271220251e+00,-4.065042501751399695e-01,1.915859931247199943e-01,1.060219943999999970e+00,8.593509719999999907e-01,2.036700996400000108e+01,2.024000000000000000e+03,1.100000000000000000e+01,2.500000000000000000e+01,1.200000000000000000e+01,3.200000000000000000e+01,7.434025000000000105e+00
4.001503357426000207e+01,-8.302910161872999595e+01,2.178700000000000081e+00,4.844999999999999862e-01,-1.885416193985960165e+00,1.762176228733999817e-02,-6.810500703895999708e-02,8.432661689999999544e-01,8.292507679999999715e-01,1.950252741199999917e+01,2.024000000000000000e+03,1.100000000000000000e+01,2.500000000000000000e+01,1.200000000000000000e+01,3.200000000000000000e+01,7.495218000000000380e+00
4.001503770274999994e+01,-8.302910062287999438e+01,2.146100000000000119e+00,4.389000000000000123e-01,1.206682240245559923e+00,-5.917440542781400303e-01,-3.453682566920600050e-01,4.234158500000000103e-02,6.984329139999999603e-01,1.643923301799999948e+01,2.024000000000000000e+03,1.100000000000000000e+01,2.500000000000000000e+01,1.200000000000000000e+01,3.200000000000000000e+01,7.708190000000000097e+00
4.001503924136000023e+01,-8.302910022809000168e+01,2.118100000000000094e+00,4.501000000000000001e-01,1.508764176375599897e-01,-5.025708087492399834e-01,1.213612936399599967e-01,3.186091199999999818e-02,7.357975629999999878e-01,1.528749345800000015e+01,2.024000000000000000e+03,1.100000000000000000e+01,2.500000000000000000e+01,1.200000000000000000e+01,3.200000000000000000e+01,7.782059000000000282e+00
4.001505850721999735e+01,-8.302909861215999854e+01,2.102899999999999991e+00,-1.504999999999999949e-01,-1.337884566025140165e+00,-3.477008261082200069e-01,5.828376829165199391e-01,-1.846090810000000082e-01,1.011581910000000084e+00,1.349267961000000016e+00,2.024000000000000000e+03,1.100000000000000000e+01,2.500000000000000000e+01,1.200000000000000000e+01,3.200000000000000000e+01,8.801007000000000247e+00
4.001506439324000297e+01,-8.302909947099999499e+01,2.089999999999999858e+00,-2.650000000000000133e-01,-6.271364187792800582e-01,-1.764484326673199932e-01,-1.127188134016199883e-01,-6.838037559999999848e-01,8.322981240000000280e-01,3.571143700449999869e+02,2.024000000000000000e+03,1.100000000000000000e+01,2.500000000000000000e+01,1.200000000000000000e+01,3.200000000000000000e+01,9.156389000000000777e+00
4.001506701699999979e+01,-8.302909995259000198e+01,2.072900000000000187e+00,-2.908000000000000029e-01,-7.334151635397400115e-01,-1.308874893975000009e-01,5.335366469333400197e-01,-6.416456839999999939e-01,7.860460240000000098e-01,3.552210587750000172e+02,2.024000000000000000e+03,1.100000000000000000e+01,2.500000000000000000e+01,1.200000000000000000e+01,3.200000000000000000e+01,9.240558000000000050e+00
4.001506868805999773e+01,-8.302910031307000338e+01,2.056599999999999984e+00,-3.577000000000000179e-01,-1.420971423251780053e+00,-2.070128005219799838e-01,4.031502175599999821e-02,-6.380822680000000080e-01,7.258818169999999848e-01,3.539842509569999720e+02,2.024000000000000000e+03,1.100000000000000000e+01,2.500000000000000000e+01,1.200000000000000000e+01,3.200000000000000000e+01,9.340825999999999851e+00
4.001506997788000319e+01,-8.302910063032000210e+01,2.042699999999999960e+00,-3.804000000000000159e-01,-5.199943017829399272e-01,-3.012262232549600127e-01,-2.279523261324599981e-01,-6.256725250000000349e-01,6.838047080000000388e-01,3.530513763800000220e+02,2.024000000000000000e+03,1.100000000000000000e+01,2.500000000000000000e+01,1.200000000000000000e+01,3.200000000000000000e+01,9.403807000000000471e+00
4.001507107532999896e+01,-8.302910091610000620e+01,2.025300000000000100e+00,-4.008999999999999786e-01,-7.563960156692000059e-01,-5.119853673536199912e-01,-1.558838098260600102e-01,-5.596843379999999479e-01,6.559391989999999728e-01,3.522644003969999744e+02,2.024000000000000000e+03,1.100000000000000000e+01,2.500000000000000000e+01,1.200000000000000000e+01,3.200000000000000000e+01,9.465871999999999176e+00
4.001507234355999998e+01,-8.302910127145999297e+01,2.002699999999999925e+00,-4.349999999999999978e-01,-1.102563352168659971e+00,-5.651828685611400838e-01,-1.329721308527199997e-01,-5.031654389999999921e-01,6.586790160000000061e-01,3.513414699260000020e+02,2.024000000000000000e+03,1.100000000000000000e+01,2.500000000000000000e+01,1.200000000000000000e+01,3.200000000000000000e+01,9.526813999999999893e+00
4.001507341973000109e+01,-8.302910160246000260e+01,1.985500000000000043e+00,-4.717000000000000082e-01,-1.126753600640460151e+00,-4.497010100102200036e-01,-1.311495512642199823e-01,-5.071495360000000119e-01,6.804269179999999917e-01,3.505408481260000144e+02,2.024000000000000000e+03,1.100000000000000000e+01,2.500000000000000000e+01,1.200000000000000000e+01,3.200000000000000000e+01,9.590021000000000129e+00
4.001507695483000049e+01,-8.302910283821999826e+01,1.945400000000000018e+00,-5.643000000000000238e-01,-1.249674258372299951e+00,-9.271714299871999798e-02,-1.450911306714599835e-01,-4.193244729999999754e-01,8.023010900000000500e-01,3.478601617439999814e+02,2.024000000000000000e+03,1.100000000000000000e+01,2.500000000000000000e+01,1.200000000000000000e+01,3.200000000000000000e+01,9.790255000000000152e+00
4.001507835011999958e+01,-8.302910339848999399e+01,1.936399999999999899e+00,-6.000999999999999668e-01,-8.682568122539199296e-01,3.553366023296000015e-02,7.741173696898000223e-02,-4.272305860000000233e-01,8.474845970000000062e-01,3.467892750319999777e+02,2.024000000000000000e+03,1.100000000000000000e+01,2.500000000000000000e+01,1.200000000000000000e+01,3.200000000000000000e+01,9.868935000000000457e+00
4.001507991598000302e+01,-8.302910405849999620e+01,1.932399999999999896e+00,-6.260999999999999899e-01,-6.545432399669800505e-01,2.856996922923999913e-02,2.302315031159399839e-01,-3.880996700000000077e-01,8.636102180000000406e-01,3.455860845980000136e+02,2.024000000000000000e+03,1.100000000000000000e+01,2.500000000000000000e+01,1.200000000000000000e+01,3.200000000000000000e+01,9.965569000000000344e+00
4.001508112940000217e+01,-8.302910459215000571e+01,1.921300000000000008e+00,-6.473999999999999755e-01,-7.355876899793000190e-01,-2.213950952315199838e-01,-3.371130005194000051e-02,-3.264814770000000199e-01,8.622604259999999687e-01,3.446409185510000270e+02,2.024000000000000000e+03,1.100000000000000000e+01,2.500000000000000000e+01,1.200000000000000000e+01,3.200000000000000000e+01,1.003319300000000069e+01
4.001508216247999883e+01,-8.302910506519999956e+01,1.907000000000000028e+00,-6.770000000000000462e-01,-1.364599475119119942e+00,-1.716480950815200135e-01,4.303057477169999756e-02,-2.750333750000000244e-01,8.703374200000000283e-01,3.438271200489999728e+02,2.024000000000000000e+03,1.100000000000000000e+01,2.500000000000000000e+01,1.200000000000000000e+01,3.200000000000000000e+01,1.012884999999999991e+01
4.001509588761000202e+01,-8.302911364269999694e+01,1.692800000000000082e+00,-1.029800000000000049e+00,-9.980964059862399429e-01,-3.036341388719799861e-01,-1.124949316493399909e-01,2.569331209999999865e-01,6.396557109999999602e-01,3.321524152970000046e+02,2.024000000000000000e+03,1.100000000000000000e+01,2.500000000000000000e+01,1.200000000000000000e+01,3.200000000000000000e+01,1.092901999999999951e+01
4.001509815031000272e+01,-8.302911549284999637e+01,1.657299999999999995e+00,-1.075299999999999923e+00,-8.999394205185800022e-01,-1.030059280148400008e-01,-1.655352956578000079e-01,5.121297630000000156e-01,5.883905940000000445e-01,3.299350892950000116e+02,2.024000000000000000e+03,1.100000000000000000e+01,2.500000000000000000e+01,1.200000000000000000e+01,3.200000000000000000e+01,1.107903400000000005e+01
4.001509829935000084e+01,-8.302911561919999883e+01,1.654500000000000082e+00,-1.078400000000000025e+00,-8.447227353827200247e-01,-1.263268092317600122e-01,-1.861473403989999942e-01,5.299168789999999518e-01,5.862105650000000168e-01,3.297874274760000048e+02,2.024000000000000000e+03,1.100000000000000000e+01,2.500000000000000000e+01,1.200000000000000000e+01,3.200000000000000000e+01,1.114143400000000028e+01
4.001509962301999934e+01,-8.302911678142000085e+01,1.610700000000000021e+00,-1.122800000000000020e+00,-1.399137653161220074e+00,-4.104627897082400168e-01,-1.677803239136199942e-01,6.799694170000000204e-01,5.767325479999999560e-01,3.284862518020000266e+02,2.024000000000000000e+03,1.100000000000000000e+01,2.500000000000000000e+01,1.200000000000000000e+01,3.200000000000000000e+01,1.120339500000000044e+01
4.001510076860999732e+01,-8.302911785300000247e+01,1.580400000000000027e+00,-1.152500000000000080e+00,-4.803594489583999927e-01,-7.675898274081999206e-02,5.819316513790000200e-02,7.846123520000000129e-01,5.910490760000000066e-01,3.273427624240000000e+02,2.024000000000000000e+03,1.100000000000000000e+01,2.500000000000000000e+01,1.200000000000000000e+01,3.200000000000000000e+01,1.126497099999999918e+01
4.001510161449999714e+01,-8.302911867523999945e+01,1.560699999999999976e+00,-1.174900000000000055e+00,-1.025941652059499942e+00,-1.227655280074000099e-01,1.582256626055000004e-01,8.705826079999999800e-01,5.932157369999999652e-01,3.264703471230000105e+02,2.024000000000000000e+03,1.100000000000000000e+01,2.500000000000000000e+01,1.200000000000000000e+01,3.200000000000000000e+01,1.132714600000000083e+01
4.001510258233999906e+01,-8.302911966121999399e+01,1.518599999999999950e+00,-1.217200000000000060e+00,-1.776301681094780260e+00,-3.755225193105800052e-01,5.784260885024000015e-02,9.181686510000000023e-01,5.937729840000000037e-01,3.254443859209999914e+02,2.024000000000000000e+03,1.100000000000000000e+01,2.500000000000000000e+01,1.200000000000000000e+01,3.200000000000000000e+01,1.139200899999999983e+01
4.001510338695000257e+01,-8.302912053261999858e+01,1.469500000000000028e+00,-1.249200000000000088e+00,-1.831744648372420015e+00,-7.650851809134999737e-01,4.531153772583999817e-02,8.931199990000000533e-01,6.207577279999999531e-01,3.245884350410000252e+02,2.024000000000000000e+03,1.100000000000000000e+01,2.500000000000000000e+01,1.200000000000000000e+01,3.200000000000000000e+01,1.145915800000000040e+01
4.001510429465000129e+01,-8.302912157331999765e+01,1.423100000000000032e+00,-1.275500000000000078e+00,-1.296473297653299994e+00,-5.285442958747199604e-01,1.188868432952400050e-01,8.246469929999999948e-01,6.899121360000000092e-01,3.235977406950000272e+02,2.024000000000000000e+03,1.100000000000000000e+01,2.500000000000000000e+01,1.200000000000000000e+01,3.200000000000000000e+01,1.152227899999999927e+01
4.001510505734000134e+01,-8.302912247758999342e+01,1.407699999999999951e+00,-1.288100000000000023e+00,-7.366020546863200069e-01,-1.280994950149599854e-01,2.304729605136000142e-02,7.900434859999999615e-01,7.423463540000000416e-01,3.227189501159999736e+02,2.024000000000000000e+03,1.100000000000000000e+01,2.500000000000000000e+01,1.200000000000000000e+01,3.200000000000000000e+01,1.158525099999999952e+01
4.001510581002000322e+01,-8.302912339642000461e+01,1.385299999999999976e+00,-1.315600000000000103e+00,-1.329620247939779842e+00,-6.547312580166000928e-02,-3.821115819507399647e-01,7.579863460000000330e-01,7.849274840000000086e-01,3.218183041870000238e+02,2.024000000000000000e+03,1.100000000000000000e+01,2.500000000000000000e+01,1.200000000000000000e+01,3.200000000000000000e+01,1.164675199999999933e+01
4.001510667173999991e+01,-8.302912449309999943e+01,1.359699999999999909e+00,-1.344000000000000083e+00,-9.116669700421199396e-01,-9.079712615330000347e-02,-4.864740078290200054e-01,6.836874299999999849e-01,8.533366709999999911e-01,3.207851776640000026e+02,2.024000000000000000e+03,1.100000000000000000e+01,2.500000000000000000e+01,1.200000000000000000e+01,3.200000000000000000e+01,1.170921000000000056e+01
4.001510740023000068e+01,-8.302912544641999659e+01,1.348200000000000065e+00,-1.353699999999999903e+00,-3.069097999674599841e-01,-9.703921032204000652e-02,-1.980192492932400239e-01,6.337572550000000193e-01,9.295463010000000192e-01,3.199264091339999823e+02,2.024000000000000000e+03,1.100000000000000000e+01,2.500000000000000000e+01,1.200000000000000000e+01,3.200000000000000000e+01,1.177101799999999976e+01
4.001510812278999651e+01,-8.302912640632999342e+01,1.336600000000000010e+00,-1.364700000000000024e+00,-4.759178725635400120e-01,-3.398805470424000330e-02,7.722241068429999689e-02,6.201316359999999861e-01,1.009318087000000030e+00,3.190705966919999810e+02,2.024000000000000000e+03,1.100000000000000000e+01,2.500000000000000000e+01,1.200000000000000000e+01,3.200000000000000000e+01,1.183291900000000041e+01
4.001510883980999722e+01,-8.302912737329999970e+01,1.328100000000000058e+00,-1.374200000000000088e+00,-3.517477402226799610e-01,4.760011422614000148e-02,2.723194812330799741e-01,6.127691250000000256e-01,1.089323016999999894e+00,3.181843755610000244e+02,2.024000000000000000e+03,1.100000000000000000e+01,2.500000000000000000e+01,1.200000000000000000e+01,3.200000000000000000e+01,1.189454100000000025e+01
4.001510967438999700e+01,-8.302912851038999520e+01,1.330500000000000016e+00,-1.388099999999999890e+00,-3.013748937128600258e-01,3.750634786804999954e-01,1.563818443679000081e-01,6.483690730000000180e-01,1.167335801999999978e+00,3.171151247770000055e+02,2.024000000000000000e+03,1.100000000000000000e+01,2.500000000000000000e+01,1.200000000000000000e+01,3.200000000000000000e+01,1.195744999999999969e+01
4.001511038849999835e+01,-8.302912950127999636e+01,1.322899999999999965e+00,-1.416500000000000092e+00,-7.558275371127000097e-01,4.786146636426399925e-01,3.210996399212600050e-01,7.265619639999999491e-01,1.202504970999999978e+00,3.162095920090000050e+02,2.024000000000000000e+03,1.100000000000000000e+01,2.500000000000000000e+01,1.200000000000000000e+01,3.200000000000000000e+01,1.201947499999999991e+01
4.001511121031000329e+01,-8.302913068575999489e+01,1.294799999999999951e+00,-1.455999999999999961e+00,-1.310102886626679952e+00,1.348036861368399897e-01,-9.287308999028000278e-02,7.953024669999999574e-01,1.225516515999999889e+00,3.151826796259999810e+02,2.024000000000000000e+03,1.100000000000000000e+01,2.500000000000000000e+01,1.200000000000000000e+01,3.200000000000000000e+01,1.211311700000000080e+01
4.001511881975999785e+01,-8.302914498862000414e+01,9.797000000000000153e-01,-1.747700000000000031e+00,-1.246823199628900092e+00,1.576119085841999889e-01,7.862432914906000714e-02,4.231079280000000220e-01,1.171730441000000011e+00,3.041275804190000258e+02,2.024000000000000000e+03,1.100000000000000000e+01,2.500000000000000000e+01,1.200000000000000000e+01,3.200000000000000000e+01,1.284985700000000008e+01
4.001512001311999711e+01,-8.302914790997000694e+01,9.226999999999999647e-01,-1.789199999999999902e+00,-7.619884105725599488e-01,1.774830964399999990e-03,2.115614084134599948e-01,3.237721969999999838e-01,1.161069817000000004e+00,3.020260561640000105e+02,2.024000000000000000e+03,1.100000000000000000e+01,2.500000000000000000e+01,1.200000000000000000e+01,3.200000000000000000e+01,1.298118200000000044e+01
4.001512050064000192e+01,-8.302914918241999942e+01,8.898000000000000353e-01,-1.809600000000000097e+00,-1.766980519878360134e+00,2.059968452340000047e-02,5.448773419412000080e-02,2.862208980000000014e-01,1.162767013999999932e+00,3.011293955880000226e+02,2.024000000000000000e+03,1.100000000000000000e+01,2.500000000000000000e+01,1.200000000000000000e+01,3.200000000000000000e+01,1.304869000000000057e+01
4.001512089455999899e+01,-8.302915025352000100e+01,8.682999999999999607e-01,-1.826699999999999990e+00,-9.800011428151799153e-01,1.956032700672199753e-01,-4.644476075075999744e-02,2.434195150000000030e-01,1.165728045999999907e+00,3.003757212290000211e+02,2.024000000000000000e+03,1.100000000000000000e+01,2.500000000000000000e+01,1.200000000000000000e+01,3.200000000000000000e+01,1.311164699999999961e+01
4.001512135749000265e+01,-8.302915155399999492e+01,8.532999999999999474e-01,-1.851199999999999957e+00,-6.915588357292800081e-01,4.501888425601800470e-01,-2.271442859984800222e-01,2.073555380000000059e-01,1.152955643999999946e+00,2.994620099210000035e+02,2.024000000000000000e+03,1.100000000000000000e+01,2.500000000000000000e+01,1.200000000000000000e+01,3.200000000000000000e+01,1.319108199999999975e+01
4.001512202859999690e+01,-8.302915353171999868e+01,8.157999999999999696e-01,-1.877499999999999947e+00,-1.017173201439300012e+00,-2.392541149440000070e-02,-1.860158359864200195e-01,1.770567789999999975e-01,1.119116999999999917e+00,2.980923108060000004e+02,2.024000000000000000e+03,1.100000000000000000e+01,2.500000000000000000e+01,1.200000000000000000e+01,3.200000000000000000e+01,1.325662799999999919e+01
4.001512532748999718e+01,-8.302916626764999819e+01,5.118000000000000327e-01,-2.072099999999999831e+00,-1.500243370944259969e+00,2.342013572146400269e-01,2.003507371948199944e-01,1.254436100000000040e-02,1.223262658999999974e+00,2.895280624459999785e+02,2.024000000000000000e+03,1.100000000000000000e+01,2.500000000000000000e+01,1.200000000000000000e+01,3.200000000000000000e+01,1.378763099999999930e+01
4.001512570816999670e+01,-8.302916847797000344e+01,4.727000000000000091e-01,-2.103899999999999881e+00,-1.173447525854600104e-01,7.859313720291000172e-01,6.299340056728800485e-01,-1.479565100000000133e-01,1.273770327999999896e+00,2.880745656209999765e+02,2.024000000000000000e+03,1.100000000000000000e+01,2.500000000000000000e+01,1.200000000000000000e+01,3.200000000000000000e+01,1.392386100000000049e+01
4.001512623226999921e+01,-8.302917173497000647e+01,4.368000000000000216e-01,-2.150599999999999845e+00,-1.208510506151140085e+00,2.016337339072800106e-01,4.721160252277999819e-02,-1.607123380000000101e-01,1.247626735000000098e+00,2.859472826840000153e+02,2.024000000000000000e+03,1.100000000000000000e+01,2.500000000000000000e+01,1.200000000000000000e+01,3.200000000000000000e+01,1.401422900000000027e+01
4.001512729224000253e+01,-8.302919798153999409e+01,-1.676999999999999880e-01,-2.439799999999999969e+00,-2.405364027387199843e-01,3.909438118620000568e-01,-2.136387571228400006e-01,-5.181836290000000345e-01,1.222883074000000070e+00,2.700791549589999931e+02,2.024000000000000000e+03,1.100000000000000000e+01,2.500000000000000000e+01,1.200000000000000000e+01,3.200000000000000000e+01,1.501416299999999993e+01
4.001512707349999687e+01,-8.302920145081000669e+01,-2.280000000000000082e-01,-2.480399999999999938e+00,-1.189169925916759851e+00,6.932761681689599831e-01,1.064358912867399976e-01,-5.667480270000000431e-01,1.236541821000000096e+00,2.683957559599999740e+02,2.024000000000000000e+03,1.100000000000000000e+01,2.500000000000000000e+01,1.200000000000000000e+01,3.200000000000000000e+01,1.514750399999999964e+01
4.001512683653999858e+01,-8.302920439176999423e+01,-2.762000000000000011e-01,-2.527000000000000135e+00,-7.030451712437000289e-01,1.050850034583020065e+00,2.334605869883400187e-01,-6.192078760000000459e-01,1.176575045999999958e+00,2.670258713119999925e+02,2.024000000000000000e+03,1.100000000000000000e+01,2.500000000000000000e+01,1.200000000000000000e+01,3.200000000000000000e+01,1.521319599999999994e+01
4.001512666440000032e+01,-8.302920617341000309e+01,-3.421000000000000152e-01,-2.540900000000000158e+00,-2.157548528430460077e+00,4.138445515237799688e-01,-2.088267816196399951e-01,-6.441042280000000009e-01,1.106176440000000039e+00,2.662499970769999891e+02,2.024000000000000000e+03,1.100000000000000000e+01,2.500000000000000000e+01,1.200000000000000000e+01,3.200000000000000000e+01,1.527661299999999933e+01
4.001512640026999890e+01,-8.302920854536000661e+01,-3.575999999999999734e-01,-2.533300000000000107e+00,3.438599272925800254e-01,-1.208476788070000051e-02,-8.770354570187200993e-01,-7.387683739999999499e-01,1.102850587000000049e+00,2.652461708309999722e+02,2.024000000000000000e+03,1.100000000000000000e+01,2.500000000000000000e+01,1.200000000000000000e+01,3.200000000000000000e+01,1.533882299999999965e+01
4.001512620674999710e+01,-8.302921033587999489e+01,-3.432000000000000051e-01,-2.567499999999999893e+00,4.816349079329799721e-01,1.185799566825579854e+00,1.233384838447399989e-01,-6.546920710000000421e-01,1.128177030000000025e+00,2.645037999770000283e+02,2.024000000000000000e+03,1.100000000000000000e+01,2.500000000000000000e+01,1.200000000000000000e+01,3.200000000000000000e+01,1.540238100000000010e+01
4.001512600947000209e+01,-8.302921214574999453e+01,-3.720999999999999863e-01,-2.585199999999999942e+00,-1.003324653641480158e+00,5.782083096036000347e-01,1.495832056326600046e-01,-5.488493519999999570e-01,1.104385901999999975e+00,2.637634411459999910e+02,2.024000000000000000e+03,1.100000000000000000e+01,2.500000000000000000e+01,1.200000000000000000e+01,3.200000000000000000e+01,1.546563300000000041e+01
4.001512575713000075e+01,-8.302921426989000508e+01,-4.166000000000000258e-01,-2.600299999999999834e+00,-1.409696570901600055e+00,6.120867228816200267e-01,5.130818711628799544e-01,-5.069303560000000264e-01,1.097202988000000046e+00,2.629047395509999774e+02,2.024000000000000000e+03,1.100000000000000000e+01,2.500000000000000000e+01,1.200000000000000000e+01,3.200000000000000000e+01,1.552835900000000002e+01
4.001512551102000259e+01,-8.302921610180000300e+01,-4.744999999999999774e-01,-2.617799999999999905e+00,-1.748788378067539950e+00,8.616756330527399754e-01,7.004417287598599939e-01,-4.894175989999999810e-01,1.066389312000000089e+00,2.622014718140000014e+02,2.024000000000000000e+03,1.100000000000000000e+01,2.500000000000000000e+01,1.200000000000000000e+01,3.200000000000000000e+01,1.559047499999999964e+01
4.001512476380000294e+01,-8.302922072501000628e+01,-6.158000000000000140e-01,-2.631899999999999906e+00,-1.120209142873560104e+00,2.584959179496000292e-01,-2.960551919314999836e-01,-5.115711910000000362e-01,8.571976909999999839e-01,2.605461830309999982e+02,2.024000000000000000e+03,1.100000000000000000e+01,2.500000000000000000e+01,1.200000000000000000e+01,3.200000000000000000e+01,1.574681799999999932e+01
4.001512430537999876e+01,-8.302922319479000635e+01,-6.453999999999999737e-01,-2.640099999999999891e+00,-8.366003697151001006e-01,2.774276148996600022e-01,-7.343067877383400166e-01,-6.243513320000000366e-01,7.968733080000000024e-01,2.596335039250000136e+02,2.024000000000000000e+03,1.100000000000000000e+01,2.500000000000000000e+01,1.200000000000000000e+01,3.200000000000000000e+01,1.581943000000000055e+01
4.001512394492999647e+01,-8.302922505207000370e+01,-6.691000000000000281e-01,-2.651699999999999946e+00,-4.440571677289399943e-01,6.429709271326199405e-01,-5.957517157237399719e-01,-6.970869090000000323e-01,7.850630370000000191e-01,2.589790422720000151e+02,2.024000000000000000e+03,1.100000000000000000e+01,2.500000000000000000e+01,1.200000000000000000e+01,3.200000000000000000e+01,1.588190700000000000e+01
4.001512357917999907e+01,-8.302922692413000050e+01,-6.792000000000000259e-01,-2.672200000000000131e+00,-5.846027604936600008e-01,5.532661744415600102e-01,-4.512875746591400450e-01,-7.024858080000000449e-01,7.616745940000000381e-01,2.583646139179999750e+02,2.024000000000000000e+03,1.100000000000000000e+01,2.500000000000000000e+01,1.200000000000000000e+01,3.200000000000000000e+01,1.594512100000000032e+01
4.001512319687000030e+01,-8.302922880581999721e+01,-7.211999999999999522e-01,-2.683399999999999785e+00,-1.366009626267159938e+00,6.049663849810400507e-01,-2.624703924435400348e-01,-7.182732069999999691e-01,7.500382049999999579e-01,2.577821104380000179e+02,2.024000000000000000e+03,1.100000000000000000e+01,2.500000000000000000e+01,1.200000000000000000e+01,3.200000000000000000e+01,1.600292299999999912e+01
4.001512272920000157e+01,-8.302923101282000573e+01,-7.460999999999999854e-01,-2.705099999999999838e+00,-3.643869833924400226e-01,8.630660572272199627e-01,5.427095517954000359e-02,-7.841417090000000201e-01,7.448145309999999464e-01,2.571163343229999896e+02,2.024000000000000000e+03,1.100000000000000000e+01,2.500000000000000000e+01,1.200000000000000000e+01,3.200000000000000000e+01,1.607283400000000029e+01
4.001512259270000271e+01,-8.302923164729999428e+01,-7.552999999999999714e-01,-2.713000000000000078e+00,-5.663040530110199366e-01,9.177594193529801103e-01,2.264709997297199850e-01,-7.963158040000000160e-01,7.386409760000000047e-01,2.569316691330000140e+02,2.024000000000000000e+03,1.100000000000000000e+01,2.500000000000000000e+01,1.200000000000000000e+01,3.200000000000000000e+01,1.613544100000000014e+01
4.001512181511999700e+01,-8.302923515835999524e+01,-7.866999999999999549e-01,-2.744299999999999962e+00,1.526586260188199928e-01,8.376669824121398822e-01,4.143794248663799640e-01,-8.471082770000000206e-01,7.015766700000000133e-01,2.559678127280000126e+02,2.024000000000000000e+03,1.100000000000000000e+01,2.500000000000000000e+01,1.200000000000000000e+01,3.200000000000000000e+01,1.621785399999999910e+01
4.001512137886000176e+01,-8.302923709449000000e+01,-8.131000000000000449e-01,-2.758799999999999919e+00,-1.028602305184759924e+00,1.022259886469180090e+00,3.953094026698400487e-01,-8.199597299999999978e-01,6.736149340000000540e-01,2.555242135720000078e+02,2.024000000000000000e+03,1.100000000000000000e+01,2.500000000000000000e+01,1.200000000000000000e+01,3.200000000000000000e+01,1.628445899999999824e+01
4.001512078302000219e+01,-8.302923969018999628e+01,-8.146999999999999797e-01,-2.782999999999999918e+00,7.036329706425600294e-01,8.079540581817999945e-01,3.638035244563400106e-01,-7.980601400000000289e-01,6.750783439999999969e-01,2.550015751919999900e+02,2.024000000000000000e+03,1.100000000000000000e+01,2.500000000000000000e+01,1.200000000000000000e+01,3.200000000000000000e+01,1.634684199999999876e+01
4.001512026892999785e+01,-8.302924199064000277e+01,-8.070000000000000506e-01,-2.814400000000000013e+00,6.640588672559999406e-02,6.441076977740000098e-01,6.427696277070001074e-02,-6.894243780000000044e-01,6.490079290000000389e-01,2.545368814599999894e+02,2.024000000000000000e+03,1.100000000000000000e+01,2.500000000000000000e+01,1.200000000000000000e+01,3.200000000000000000e+01,1.640894300000000072e+01
4.001511981488000202e+01,-8.302924396826999498e+01,-8.595000000000000417e-01,-2.811799999999999855e+00,-1.691815877027820214e+00,4.901626615941599985e-01,5.037729803092000358e-01,-6.237672229999999818e-01,6.337771700000000008e-01,2.541439655910000113e+02,2.024000000000000000e+03,1.100000000000000000e+01,2.500000000000000000e+01,1.200000000000000000e+01,3.200000000000000000e+01,1.647137700000000038e+01
4.001511933030000279e+01,-8.302924595164999744e+01,-9.157999999999999474e-01,-2.826400000000000023e+00,-1.396116719344540069e+00,1.031698816907880012e+00,2.786733572912800105e-01,-6.497520399999999752e-01,6.113492360000000181e-01,2.537720703020000030e+02,2.024000000000000000e+03,1.100000000000000000e+01,2.500000000000000000e+01,1.200000000000000000e+01,3.200000000000000000e+01,1.653335500000000025e+01
4.001511882081999971e+01,-8.302924794944999576e+01,-9.540999999999999481e-01,-2.851500000000000146e+00,-8.791996390549801088e-01,1.067664897405079971e+00,1.899836038797999768e-02,-6.695552479999999917e-01,5.491760490000000550e-01,2.534341395939999870e+02,2.024000000000000000e+03,1.100000000000000000e+01,2.500000000000000000e+01,1.200000000000000000e+01,3.200000000000000000e+01,1.659669399999999939e+01
4.001511829740000081e+01,-8.302924995690999310e+01,-9.761999999999999567e-01,-2.850600000000000023e+00,-1.040075646042939894e+00,1.189739548751999991e-02,-4.426421721300199952e-01,-6.701807709999999529e-01,4.770686610000000050e-01,2.531156686790000094e+02,2.024000000000000000e+03,1.100000000000000000e+01,2.500000000000000000e+01,1.200000000000000000e+01,3.200000000000000000e+01,1.665821199999999891e+01
4.001511775384000202e+01,-8.302925195784999346e+01,-1.026699999999999946e+00,-2.842000000000000082e+00,-1.883763845627759892e+00,4.693418146944999814e-01,-2.760990675937800010e-01,-7.658926409999999851e-01,4.784139789999999892e-01,2.528218956860000048e+02,2.024000000000000000e+03,1.100000000000000000e+01,2.500000000000000000e+01,1.200000000000000000e+01,3.200000000000000000e+01,1.671687299999999965e+01
4.001511709910000292e+01,-8.302925430033999987e+01,-1.028999999999999915e+00,-2.867300000000000182e+00,7.626627778417999215e-01,6.417332355502399777e-01,-5.650311242239999254e-01,-9.718789169999999533e-01,4.959758360000000033e-01,2.525098228729999903e+02,2.024000000000000000e+03,1.100000000000000000e+01,2.500000000000000000e+01,1.200000000000000000e+01,3.200000000000000000e+01,1.678061800000000048e+01
4.001511609898000188e+01,-8.302925804010000377e+01,-9.920999999999999819e-01,-2.930600000000000094e+00,5.231271368159999824e-01,9.696727627453799458e-01,2.851133576302999906e-01,-9.374783239999999740e-01,5.181183600000000000e-01,2.520658418989999916e+02,2.024000000000000000e+03,1.100000000000000000e+01,2.500000000000000000e+01,1.200000000000000000e+01,3.200000000000000000e+01,1.689658899999999875e+01
4.001511536454000151e+01,-8.302926078621000272e+01,-1.021800000000000042e+00,-2.936100000000000154e+00,-1.338693488830799971e-01,6.206066348522599752e-01,1.779942931883999810e-02,-9.354090499999999642e-01,5.512651189999999701e-01,2.517616729179999879e+02,2.024000000000000000e+03,1.100000000000000000e+01,2.500000000000000000e+01,1.200000000000000000e+01,3.200000000000000000e+01,1.697122600000000148e+01
4.001511471252999996e+01,-8.302926321174000179e+01,-1.040699999999999958e+00,-2.973800000000000221e+00,-3.616880029719999889e-01,1.224358562332779954e+00,4.756541142030000502e-02,-9.211902229999999747e-01,5.786523770000000511e-01,2.515125587290000055e+02,2.024000000000000000e+03,1.100000000000000000e+01,2.500000000000000000e+01,1.200000000000000000e+01,3.200000000000000000e+01,1.703673699999999869e+01
4.001511296737000123e+01,-8.302926953812999500e+01,-1.123499999999999943e+00,-3.016799999999999926e+00,-1.058132119390920112e+00,8.637990328145399577e-01,1.538099518053799852e-01,-8.559484510000000546e-01,5.191127450000000421e-01,2.509112254979999932e+02,2.024000000000000000e+03,1.100000000000000000e+01,2.500000000000000000e+01,1.200000000000000000e+01,3.200000000000000000e+01,1.722697099999999892e+01
4.001511226617000005e+01,-8.302927202816999852e+01,-1.125599999999999934e+00,-3.046899999999999942e+00,-2.991532325889399990e-01,9.753798442176199179e-01,4.035301284141200040e-01,-8.644575730000000346e-01,4.751624070000000088e-01,2.507163044449999916e+02,2.024000000000000000e+03,1.100000000000000000e+01,2.500000000000000000e+01,1.200000000000000000e+01,3.200000000000000000e+01,1.730016099999999923e+01
4.001511144604000236e+01,-8.302927488734999883e+01,-1.161299999999999999e+00,-3.046600000000000197e+00,-8.255260685199600212e-01,1.777584318860000179e-01,-2.909792090189399771e-01,-8.919094530000000187e-01,4.282235569999999769e-01,2.505437724010000125e+02,2.024000000000000000e+03,1.100000000000000000e+01,2.500000000000000000e+01,1.200000000000000000e+01,3.200000000000000000e+01,1.737755200000000144e+01
4.001511071381000306e+01,-8.302927738820000059e+01,-1.172099999999999920e+00,-3.047000000000000153e+00,-2.855860745995399963e-01,1.315494718192800061e-01,-7.891337588811400128e-01,-9.762972899999999843e-01,4.649996630000000075e-01,2.503981192729999918e+02,2.024000000000000000e+03,1.100000000000000000e+01,2.500000000000000000e+01,1.200000000000000000e+01,3.200000000000000000e+01,1.744140600000000063e+01
4.001511009069000124e+01,-8.302927954662999355e+01,-1.151699999999999946e+00,-3.085599999999999898e+00,7.816536521686000549e-01,1.061255426303840066e+00,1.146997062319999932e-03,-9.921847809999999601e-01,5.183067660000000298e-01,2.502636690059999864e+02,2.024000000000000000e+03,1.100000000000000000e+01,2.500000000000000000e+01,1.200000000000000000e+01,3.200000000000000000e+01,1.750358500000000106e+01
4.001510946721000295e+01,-8.302928172372000404e+01,-1.172700000000000076e+00,-3.102399999999999824e+00,-8.244056077834599483e-01,8.191090297780599938e-01,-7.722210702492000867e-02,-9.592603159999999463e-01,5.407426990000000488e-01,2.501552450519999979e+02,2.024000000000000000e+03,1.100000000000000000e+01,2.500000000000000000e+01,1.200000000000000000e+01,3.200000000000000000e+01,1.756651400000000152e+01
4.001510871880999787e+01,-8.302928428257000348e+01,-1.203100000000000058e+00,-3.134900000000000020e+00,-6.317579568181999616e-02,1.196327248840080015e+00,-1.327658882677399954e-01,-1.016215163000000032e+00,5.477283059999999981e-01,2.500529910289999975e+02,2.024000000000000000e+03,1.100000000000000000e+01,2.500000000000000000e+01,1.200000000000000000e+01,3.200000000000000000e+01,1.762929099999999849e+01
4.001510807444000051e+01,-8.302928650293999624e+01,-1.191799999999999971e+00,-3.170599999999999863e+00,6.860584369974599417e-01,7.419633050484200076e-01,-1.611664155737400073e-01,-1.021274089999999912e+00,5.121602210000000266e-01,2.499603310249999879e+02,2.024000000000000000e+03,1.100000000000000000e+01,2.500000000000000000e+01,1.200000000000000000e+01,3.200000000000000000e+01,1.769296299999999889e+01
4.001510657645999913e+01,-8.302929175100000236e+01,-1.218299999999999939e+00,-3.227599999999999802e+00,-1.234900085666919889e+00,1.037116225368519995e+00,-1.404932144657400073e-01,-8.664034259999999765e-01,4.164832330000000082e-01,2.497272017539999922e+02,2.024000000000000000e+03,1.100000000000000000e+01,2.500000000000000000e+01,1.200000000000000000e+01,3.200000000000000000e+01,1.782884999999999920e+01
4.001510591758999880e+01,-8.302929400762999990e+01,-1.224299999999999944e+00,-3.200000000000000178e+00,-1.373058737815799901e-01,-4.826037479773200300e-01,3.676676000743400174e-01,-8.780426399999999854e-01,4.045336379999999732e-01,2.496450297320000118e+02,2.024000000000000000e+03,1.100000000000000000e+01,2.500000000000000000e+01,1.200000000000000000e+01,3.200000000000000000e+01,1.789759300000000053e+01
4.001510525663999829e+01,-8.302929626386000450e+01,-1.237999999999999989e+00,-3.213200000000000056e+00,-5.845350087430599695e-01,7.092135635037599695e-01,3.383527917925799877e-01,-8.641943340000000084e-01,4.520990180000000191e-01,2.495691333430000043e+02,2.024000000000000000e+03,1.100000000000000000e+01,2.500000000000000000e+01,1.200000000000000000e+01,3.200000000000000000e+01,1.795637899999999831e+01
4.001510446750999961e+01,-8.302929890670999669e+01,-1.273800000000000043e+00,-3.226500000000000146e+00,-7.073842511394199395e-01,7.176946530602200669e-01,9.921876631087998832e-02,-8.690916210000000364e-01,4.992812309999999920e-01,2.494848273979999931e+02,2.024000000000000000e+03,1.100000000000000000e+01,2.500000000000000000e+01,1.200000000000000000e+01,3.200000000000000000e+01,1.801997700000000080e+01
4.001510377475000269e+01,-8.302930118576000496e+01,-1.301399999999999890e+00,-3.253800000000000026e+00,-6.109754634440600629e-01,1.300500073747320018e+00,8.484192943573999612e-02,-9.210402800000000445e-01,5.215087189999999540e-01,2.494044333390000077e+02,2.024000000000000000e+03,1.100000000000000000e+01,2.500000000000000000e+01,1.200000000000000000e+01,3.200000000000000000e+01,1.808571399999999940e+01
4.001510354068000197e+01,-8.302930195023999715e+01,-1.307900000000000063e+00,-3.265400000000000080e+00,-3.723983510617999704e-01,1.319817763070860073e+00,-2.011765064945400250e-01,-9.479916539999999614e-01,5.234491399999999794e-01,2.493773255849999941e+02,2.024000000000000000e+03,1.100000000000000000e+01,2.500000000000000000e+01,1.200000000000000000e+01,3.200000000000000000e+01,1.814460899999999910e+01
4.001510236293999867e+01,-8.302930580100999691e+01,-1.315900000000000070e+00,-3.294200000000000017e+00,-2.412281358367000250e-01,3.663469297370799960e-01,1.332710295293199898e-01,-1.026812853000000025e+00,4.517269050000000119e-01,2.492776869170000111e+02,2.024000000000000000e+03,1.100000000000000000e+01,2.500000000000000000e+01,1.200000000000000000e+01,3.200000000000000000e+01,1.820767700000000033e+01
4.001510176805000185e+01,-8.302930773629999806e+01,-1.318999999999999950e+00,-3.306299999999999795e+00,1.708773496981799978e-01,3.039025310374600108e-01,-9.234961354887999407e-02,-1.062403556000000027e+00,4.512391869999999860e-01,2.492410855519999870e+02,2.024000000000000000e+03,1.100000000000000000e+01,2.500000000000000000e+01,1.200000000000000000e+01,3.200000000000000000e+01,1.827151100000000028e+01
4.001510082197999907e+01,-8.302931086293999385e+01,-1.306499999999999995e+00,-3.349099999999999966e+00,5.351708046127600094e-01,9.455673458626600025e-01,5.596237447762000133e-02,-1.076933944999999948e+00,4.199742360000000008e-01,2.491690707090000103e+02,2.024000000000000000e+03,1.100000000000000000e+01,2.500000000000000000e+01,1.200000000000000000e+01,3.200000000000000000e+01,1.833461000000000141e+01
4.001510011287000168e+01,-8.302931322396000269e+01,-1.308999999999999941e+00,-3.352500000000000036e+00,-9.445614757635999170e-02,-6.604560334732000049e-02,-5.179916256857000079e-01,-1.071661269000000027e+00,3.942148440000000087e-01,2.491105293299999914e+02,2.024000000000000000e+03,1.100000000000000000e+01,2.500000000000000000e+01,1.200000000000000000e+01,3.200000000000000000e+01,1.839793299999999832e+01
4.001509928717000264e+01,-8.302931599013000152e+01,-1.318300000000000027e+00,-3.378000000000000114e+00,-6.169383080381600770e-01,9.975142975557599323e-01,-5.416157555954400626e-01,-1.020436458000000046e+00,4.284601809999999955e-01,2.490446059999999875e+02,2.024000000000000000e+03,1.100000000000000000e+01,2.500000000000000000e+01,1.200000000000000000e+01,3.200000000000000000e+01,1.845980600000000038e+01
4.001509856823999911e+01,-8.302931837042000041e+01,-1.334500000000000020e+00,-3.378099999999999881e+00,-5.210619696462199801e-01,-8.285263799239999880e-03,2.252887797778000203e-02,-1.011515144999999949e+00,4.415173199999999909e-01,2.489925673710000069e+02,2.024000000000000000e+03,1.100000000000000000e+01,2.500000000000000000e+01,1.200000000000000000e+01,3.200000000000000000e+01,1.852340999999999838e+01
4.001509772187999658e+01,-8.302932115440999894e+01,-1.345399999999999929e+00,-3.401899999999999924e+00,3.121122069135799926e-01,8.965449261650600965e-01,-7.908373226156401037e-01,-1.019013291000000043e+00,5.307525079999999562e-01,2.489415119470000093e+02,2.024000000000000000e+03,1.100000000000000000e+01,2.500000000000000000e+01,1.200000000000000000e+01,3.200000000000000000e+01,1.858688300000000027e+01
4.001509699049000091e+01,-8.302932355538999332e+01,-1.352899999999999991e+00,-3.418499999999999872e+00,4.821937414026000041e-02,1.123217625436220057e+00,2.159602846001200227e+00,-1.008388497999999966e+00,5.623217160000000270e-01,2.489207315239999900e+02,2.024000000000000000e+03,1.100000000000000000e+01,2.500000000000000000e+01,1.200000000000000000e+01,3.200000000000000000e+01,1.865099199999999868e+01
4.001509613939000332e+01,-8.302932638769999585e+01,-1.340300000000000047e+00,-3.471600000000000019e+00,9.870996960941600396e-01,1.156466321256579999e+00,4.522166766596800169e-01,-9.559760630000000425e-01,5.345387449999999818e-01,2.489137550719999865e+02,2.024000000000000000e+03,1.100000000000000000e+01,2.500000000000000000e+01,1.200000000000000000e+01,3.200000000000000000e+01,1.871791999999999945e+01
4.001509331414000314e+01,-8.302933567000999915e+01,-1.338999999999999968e+00,-3.403700000000000170e+00,7.166968491962399934e-01,-1.450858561139459990e+00,-5.761627758569600743e-01,-9.882699299999999631e-01,2.704211519999999980e-01,2.489362767309999924e+02,2.024000000000000000e+03,1.100000000000000000e+01,2.500000000000000000e+01,1.200000000000000000e+01,3.200000000000000000e+01,1.896239900000000134e+01
4.001509246914000073e+01,-8.302933845581999606e+01,-1.338500000000000023e+00,-3.381899999999999906e+00,-3.112487931213400172e-01,-4.508016138597399913e-01,-1.134689689557540015e+00,-9.523304620000000442e-01,2.892367929999999920e-01,2.489476895580000075e+02,2.024000000000000000e+03,1.100000000000000000e+01,2.500000000000000000e+01,1.200000000000000000e+01,3.200000000000000000e+01,1.902694800000000086e+01
4.001509162309999823e+01,-8.302934122892999369e+01,-1.337399999999999922e+00,-3.362499999999999822e+00,1.102550913820000023e-03,-9.150240370054401051e-01,-4.128939065485799920e-01,-9.917202739999999572e-01,3.016650989999999921e-01,2.489675605500000017e+02,2.024000000000000000e+03,1.100000000000000000e+01,2.500000000000000000e+01,1.200000000000000000e+01,3.200000000000000000e+01,1.909907199999999960e+01
4.001509114227000197e+01,-8.302934280495999531e+01,-1.328100000000000058e+00,-3.354000000000000092e+00,2.776574382202799951e-01,-5.217870545059599685e-01,6.637905264075999456e-02,-1.019268499999999911e+00,3.255204139999999802e-01,2.489805954159999999e+02,2.024000000000000000e+03,1.100000000000000000e+01,2.500000000000000000e+01,1.200000000000000000e+01,3.200000000000000000e+01,1.916413500000000170e+01
4.001509006925999756e+01,-8.302934635047999734e+01,-1.329199999999999937e+00,-3.347900000000000098e+00,-8.168759799295201018e-01,-5.771252173448799816e-01,3.041461925874000202e-02,-1.000385816999999955e+00,3.607942339999999914e-01,2.490123075260000007e+02,2.024000000000000000e+03,1.100000000000000000e+01,2.500000000000000000e+01,1.200000000000000000e+01,3.200000000000000000e+01,1.922702100000000058e+01
4.001508923195000023e+01,-8.302934908509999445e+01,-1.314200000000000035e+00,-3.319100000000000161e+00,5.815525807272600156e-01,-1.264237506010239986e+00,7.966667823150000438e-02,-1.033499469999999976e+00,3.804356159999999765e-01,2.490198940470000082e+02,2.024000000000000000e+03,1.100000000000000000e+01,2.500000000000000000e+01,1.200000000000000000e+01,3.200000000000000000e+01,1.929120100000000093e+01
4.001508853018999901e+01,-8.302935141333000502e+01,-1.289700000000000069e+00,-3.305099999999999927e+00,1.223429583612399979e-01,-2.826025055294599797e-01,4.786302707736600492e-01,-1.022500984999999973e+00,4.534601839999999884e-01,2.490197397979999892e+02,2.024000000000000000e+03,1.100000000000000000e+01,2.500000000000000000e+01,1.200000000000000000e+01,3.200000000000000000e+01,1.935585299999999975e+01
4.001508771433000078e+01,-8.302935413119999453e+01,-1.284999999999999920e+00,-3.323199999999999932e+00,6.212820296516600171e-01,3.616656533166600074e-01,3.352521003792000021e-02,-1.021348461000000096e+00,4.878407900000000241e-01,2.490242397910000136e+02,2.024000000000000000e+03,1.100000000000000000e+01,2.500000000000000000e+01,1.200000000000000000e+01,3.200000000000000000e+01,1.941959999999999908e+01
4.001508702041999754e+01,-8.302935647003999975e+01,-1.280200000000000005e+00,-3.327300000000000146e+00,7.830207341610000149e-02,-1.363438109708000057e-01,-4.265764869633999895e-02,-9.801946400000000059e-01,4.521941700000000064e-01,2.490399490720000131e+02,2.024000000000000000e+03,1.100000000000000000e+01,2.500000000000000000e+01,1.200000000000000000e+01,3.200000000000000000e+01,1.948358800000000102e+01
4.001508632969999724e+01,-8.302935880501999577e+01,-1.274499999999999966e+00,-3.313600000000000101e+00,-7.374331113878000721e-02,-5.907597371251600560e-01,-8.143335980716000233e-02,-9.317486910000000178e-01,3.902122960000000140e-01,2.490653712900000016e+02,2.024000000000000000e+03,1.100000000000000000e+01,2.500000000000000000e+01,1.200000000000000000e+01,3.200000000000000000e+01,1.954735099999999903e+01
4.001508551951000214e+01,-8.302936150537999538e+01,-1.290699999999999958e+00,-3.274199999999999999e+00,-6.246737943634400603e-01,-8.803238168072000658e-01,-3.363752084427999722e-02,-9.255978849999999536e-01,3.669756900000000210e-01,2.491047551640000108e+02,2.024000000000000000e+03,1.100000000000000000e+01,2.500000000000000000e+01,1.200000000000000000e+01,3.200000000000000000e+01,1.961469699999999960e+01
4.001508470123000194e+01,-8.302936419235000187e+01,-1.300899999999999945e+00,-3.271799999999999820e+00,-2.260978145071999845e-01,-1.696811839444600234e-01,-2.745762124632399881e-01,-9.743967369999999573e-01,3.435284149999999759e-01,2.491349126080000076e+02,2.024000000000000000e+03,1.100000000000000000e+01,2.500000000000000000e+01,1.200000000000000000e+01,3.200000000000000000e+01,1.968408700000000167e+01
4.001508399888999890e+01,-8.302936648965000188e+01,-1.298100000000000032e+00,-3.258500000000000174e+00,-2.131707429238799967e-01,-6.649518407750800719e-01,-1.338731840479000235e-01,-1.019516722000000097e+00,2.929854109999999734e-01,2.491519475899999918e+02,2.024000000000000000e+03,1.100000000000000000e+01,2.500000000000000000e+01,1.200000000000000000e+01,3.200000000000000000e+01,1.974810599999999994e+01
4.001508319263999880e+01,-8.302936915950000696e+01,-1.256999999999999895e+00,-3.261800000000000033e+00,1.320422691699179918e+00,4.396779951350000132e-02,-4.557338273600199940e-01,-1.031935094000000053e+00,2.882478940000000045e-01,2.491771263200000135e+02,2.024000000000000000e+03,1.100000000000000000e+01,2.500000000000000000e+01,1.200000000000000000e+01,3.200000000000000000e+01,1.981195599999999857e+01
4.001508274548999822e+01,-8.302937069515000701e+01,-1.227000000000000091e+00,-3.286700000000000177e+00,1.660682191588600087e+00,5.415172067060600725e-01,-6.317723492679999664e-02,-9.660300370000000081e-01,2.563245749999999989e-01,2.491970361770000011e+02,2.024000000000000000e+03,1.100000000000000000e+01,2.500000000000000000e+01,1.200000000000000000e+01,3.200000000000000000e+01,1.987766299999999831e+01
4.001508172828000198e+01,-8.302937412245999838e+01,-1.262799999999999923e+00,-3.212800000000000100e+00,-6.847218348918600039e-01,-1.728196684790419990e+00,-6.314221725226599746e-01,-9.747399679999999567e-01,1.843676399999999993e-01,2.492464063889999863e+02,2.024000000000000000e+03,1.100000000000000000e+01,2.500000000000000000e+01,1.200000000000000000e+01,3.200000000000000000e+01,1.994197099999999878e+01
4.001508105328999676e+01,-8.302937636894000661e+01,-1.236099999999999977e+00,-3.191100000000000048e+00,7.880313463002799335e-01,-4.194183365918600082e-01,7.575154372154000448e-01,-1.025679067000000000e+00,2.632395029999999858e-01,2.492711454770000046e+02,2.024000000000000000e+03,1.100000000000000000e+01,2.500000000000000000e+01,1.200000000000000000e+01,3.200000000000000000e+01,2.000526999999999944e+01
4.001508027728999650e+01,-8.302937898471999745e+01,-1.230099999999999971e+00,-3.197599999999999998e+00,4.764445066896000336e-02,5.937862723691399447e-01,6.488748167904599962e-01,-9.787893899999999814e-01,3.233372489999999932e-01,2.493048397299999976e+02,2.024000000000000000e+03,1.100000000000000000e+01,2.500000000000000000e+01,1.200000000000000000e+01,3.200000000000000000e+01,2.007106900000000138e+01
4.001508005465999673e+01,-8.302937973263999538e+01,-1.236199999999999966e+00,-3.192499999999999893e+00,-4.323792386113000097e-01,9.029874441563999488e-02,8.322778436086400999e-01,-9.640923799999999710e-01,3.188357840000000110e-01,2.493144147460000113e+02,2.024000000000000000e+03,1.100000000000000000e+01,2.500000000000000000e+01,1.200000000000000000e+01,3.200000000000000000e+01,2.013565799999999939e+01
4.001507915772000246e+01,-8.302938272532999520e+01,-1.245000000000000107e+00,-3.184899999999999842e+00,-1.862323326965999865e-02,-5.261938418316000066e-01,-3.245906296559999960e-02,-1.014964731000000064e+00,2.560091500000000186e-01,2.493573216940000066e+02,2.024000000000000000e+03,1.100000000000000000e+01,2.500000000000000000e+01,1.200000000000000000e+01,3.200000000000000000e+01,2.019988800000000140e+01
4.001507826497000053e+01,-8.302938570169999366e+01,-1.226799999999999891e+00,-3.165000000000000036e+00,2.806010162915200112e-01,-5.692370885146400550e-01,-7.908793306571799686e-01,-1.073382851999999943e+00,2.328694129999999973e-01,2.494120514980000110e+02,2.024000000000000000e+03,1.100000000000000000e+01,2.500000000000000000e+01,1.200000000000000000e+01,3.200000000000000000e+01,2.026383799999999979e+01
4.001507738953999649e+01,-8.302938867123999955e+01,-1.204499999999999904e+00,-3.153700000000000170e+00,6.240731550708199515e-01,-4.732242329953600390e-01,-4.444614902264000245e-01,-1.059024862000000011e+00,2.109420700000000093e-01,2.494593469840000068e+02,2.024000000000000000e+03,1.100000000000000000e+01,2.500000000000000000e+01,1.200000000000000000e+01,3.200000000000000000e+01,2.032728099999999927e+01
4.001507674178999707e+01,-8.302939088441999615e+01,-1.191899999999999959e+00,-3.134100000000000108e+00,2.415749652533400182e-01,-5.884989474822800437e-01,-3.791306699434200400e-01,-1.052954995999999976e+00,2.208325339999999970e-01,2.494823197359999938e+02,2.024000000000000000e+03,1.100000000000000000e+01,2.500000000000000000e+01,1.200000000000000000e+01,3.200000000000000000e+01,2.039031500000000108e+01
4.001507609899000073e+01,-8.302939308480000591e+01,-1.191500000000000004e+00,-3.117100000000000204e+00,-1.701371053119799803e-01,-1.753077552588599985e-01,-4.830459459881000228e-01,-1.046543546999999963e+00,2.678537249999999870e-01,2.495110953889999905e+02,2.024000000000000000e+03,1.100000000000000000e+01,2.500000000000000000e+01,1.200000000000000000e+01,3.200000000000000000e+01,2.045476999999999990e+01
4.001507535254000203e+01,-8.302939564019999352e+01,-1.180900000000000061e+00,-3.101100000000000190e+00,8.565011318825999087e-02,-4.148112328529600101e-01,-3.880534804064000171e-02,-1.043407383999999993e+00,3.298102319999999810e-01,2.495526325310000004e+02,2.024000000000000000e+03,1.100000000000000000e+01,2.500000000000000000e+01,1.200000000000000000e+01,3.200000000000000000e+01,2.051804299999999870e+01
4.001507471661000181e+01,-8.302939782356999388e+01,-1.171499999999999986e+00,-3.098800000000000221e+00,3.546692219306399885e-01,-1.291794593819000081e-01,-8.354638439665999783e-02,-1.032790620999999964e+00,3.813000899999999804e-01,2.495815266360000066e+02,2.024000000000000000e+03,1.100000000000000000e+01,2.500000000000000000e+01,1.200000000000000000e+01,3.200000000000000000e+01,2.058192899999999881e+01
4.001507409244000257e+01,-8.302940000293000367e+01,-1.141899999999999915e+00,-3.092699999999999783e+00,8.145046750153400739e-01,-3.356805526482800062e-01,-3.211944206592000084e-01,-9.991494389999999726e-01,4.527339439999999993e-01,2.495888607969999953e+02,2.024000000000000000e+03,1.100000000000000000e+01,2.500000000000000000e+01,1.200000000000000000e+01,3.200000000000000000e+01,2.064553799999999839e+01
4.001507346502999951e+01,-8.302940217354000652e+01,-1.177999999999999936e+00,-3.071699999999999875e+00,-1.324358217886600020e+00,-2.210276989329399699e-01,6.997670215254599979e-01,-9.867208219999999974e-01,5.105576299999999845e-01,2.496194766060000063e+02,2.024000000000000000e+03,1.100000000000000000e+01,2.500000000000000000e+01,1.200000000000000000e+01,3.200000000000000000e+01,2.070891100000000051e+01
4.001507272637999790e+01,-8.302940469530000200e+01,-1.168199999999999905e+00,-3.068599999999999994e+00,1.677583580251000017e-01,2.858961991803999833e-02,1.369998971051999970e+00,-1.002157752000000013e+00,5.430617850000000191e-01,2.496824248640000121e+02,2.024000000000000000e+03,1.100000000000000000e+01,2.500000000000000000e+01,1.200000000000000000e+01,3.200000000000000000e+01,2.077305399999999835e+01
4.001507200443000301e+01,-8.302940720866999413e+01,-1.139599999999999946e+00,-3.055600000000000094e+00,2.833588619598599867e-01,-2.480746330427400226e-01,9.776285242536999487e-01,-9.457580309999999990e-01,5.551204419999999917e-01,2.497288540760000046e+02,2.024000000000000000e+03,1.100000000000000000e+01,2.500000000000000000e+01,1.200000000000000000e+01,3.200000000000000000e+01,2.084230399999999861e+01
4.001507138451999879e+01,-8.302940935915999887e+01,-1.150500000000000078e+00,-3.052799999999999958e+00,-9.046756980577999596e-02,1.408072273176600164e-01,1.478718691388999917e-01,-9.388461879999999704e-01,5.454166440000000060e-01,2.497608578360000138e+02,2.024000000000000000e+03,1.100000000000000000e+01,2.500000000000000000e+01,1.200000000000000000e+01,3.200000000000000000e+01,2.090292399999999873e+01
4.001507075960999771e+01,-8.302941150432999962e+01,-1.154500000000000082e+00,-3.044799999999999951e+00,2.046884683724999876e-01,-1.452532559760000008e-01,-2.626173367144399862e-01,-9.863463789999999953e-01,5.077080769999999799e-01,2.497818100920000006e+02,2.024000000000000000e+03,1.100000000000000000e+01,2.500000000000000000e+01,1.200000000000000000e+01,3.200000000000000000e+01,2.096692300000000131e+01
4.001507003068999779e+01,-8.302941400049999743e+01,-1.158600000000000074e+00,-3.026699999999999946e+00,-5.163548667745200271e-01,-5.799512932520199948e-01,-6.960030180799399169e-01,-1.012833717999999994e+00,4.348077870000000011e-01,2.498082306439999911e+02,2.024000000000000000e+03,1.100000000000000000e+01,2.500000000000000000e+01,1.200000000000000000e+01,3.200000000000000000e+01,2.103117599999999854e+01
4.001506940673999679e+01,-8.302941612041999520e+01,-1.155000000000000027e+00,-2.994699999999999918e+00,-3.639323329213000058e-01,-9.446878168311800827e-01,-9.568474399031400290e-01,-1.043169615999999911e+00,4.202025770000000215e-01,2.498362737960000004e+02,2.024000000000000000e+03,1.100000000000000000e+01,2.500000000000000000e+01,1.200000000000000000e+01,3.200000000000000000e+01,2.109484099999999884e+01
4.001506272462000169e+01,-8.302943933385999742e+01,-1.063399999999999901e+00,-2.904799999999999827e+00,1.436843006781580057e+00,-7.548362007079799652e-01,-4.275339520541600047e-01,-1.056779976999999926e+00,1.736805499999999891e-01,2.500290651770000068e+02,2.024000000000000000e+03,1.100000000000000000e+01,2.500000000000000000e+01,1.200000000000000000e+01,3.200000000000000000e+01,2.175865599999999844e+01
4.001506196529000192e+01,-8.302944204844999376e+01,-1.061299999999999910e+00,-2.859399999999999942e+00,-1.595531587443379973e+00,-1.516968060459599865e+00,-5.033469091821799468e-01,-9.195729860000000366e-01,1.231964229999999993e-01,2.500697946800000011e+02,2.024000000000000000e+03,1.100000000000000000e+01,2.500000000000000000e+01,1.200000000000000000e+01,3.200000000000000000e+01,2.185238700000000023e+01
4.001506128724000177e+01,-8.302944437701999902e+01,-1.070400000000000018e+00,-2.817299999999999915e+00,4.762740682065999542e-02,-1.029470777231400014e+00,-1.368489758135399970e-01,-1.034451118000000003e+00,1.842408239999999975e-01,2.500943000240000060e+02,2.024000000000000000e+03,1.100000000000000000e+01,2.500000000000000000e+01,1.200000000000000000e+01,3.200000000000000000e+01,2.191703599999999952e+01
4.001506061748000320e+01,-8.302944669295000324e+01,-1.050899999999999945e+00,-2.819399999999999906e+00,4.349364080710400038e-01,-2.074463433651000110e-01,-1.698978896109999970e-01,-1.083406711000000078e+00,2.633111980000000241e-01,2.500913689829999953e+02,2.024000000000000000e+03,1.100000000000000000e+01,2.500000000000000000e+01,1.200000000000000000e+01,3.200000000000000000e+01,2.198031800000000047e+01
4.001506004685000306e+01,-8.302944867908999527e+01,-1.061099999999999932e+00,-2.816699999999999982e+00,-9.635862284236599296e-01,-1.741738396222599905e-01,-3.082220690582200273e-01,-1.039763315999999937e+00,2.968286370000000063e-01,2.500981624329999988e+02,2.024000000000000000e+03,1.100000000000000000e+01,2.500000000000000000e+01,1.200000000000000000e+01,3.200000000000000000e+01,2.204363299999999981e+01
4.001505956678000331e+01,-8.302945032930999503e+01,-1.066100000000000048e+00,-2.809800000000000075e+00,-2.689310053494600172e-01,-1.838267400329199885e-01,-1.798610353160400022e-01,-1.049818021999999962e+00,3.134138120000000138e-01,2.501066271710000137e+02,2.024000000000000000e+03,1.100000000000000000e+01,2.500000000000000000e+01,1.200000000000000000e+01,3.200000000000000000e+01,2.210864400000000174e+01
4.001505927944999996e+01,-8.302945131734000483e+01,-1.058999999999999941e+00,-2.804199999999999804e+00,1.923346363105000179e-01,-4.634121648366599788e-01,9.333814605743999404e-02,-1.069426181999999947e+00,3.174508269999999910e-01,2.501129382020000094e+02,2.024000000000000000e+03,1.100000000000000000e+01,2.500000000000000000e+01,1.200000000000000000e+01,3.200000000000000000e+01,2.217291600000000074e+01
4.001505806358999706e+01,-8.302945559286000332e+01,-1.013300000000000090e+00,-2.800600000000000200e+00,5.479741990493799397e-01,-3.436575105460600299e-01,2.471272636099400288e-01,-1.067207315000000101e+00,3.345622039999999742e-01,2.501213549290000060e+02,2.024000000000000000e+03,1.100000000000000000e+01,2.500000000000000000e+01,1.200000000000000000e+01,3.200000000000000000e+01,2.225500900000000115e+01
4.001505742839999868e+01,-8.302945788613000389e+01,-1.007800000000000029e+00,-2.777299999999999880e+00,-2.801305782162599733e-01,-5.291421828686799778e-01,1.373585217279399973e-01,-9.920458030000000038e-01,3.503944880000000039e-01,2.501215328320000140e+02,2.024000000000000000e+03,1.100000000000000000e+01,2.500000000000000000e+01,1.200000000000000000e+01,3.200000000000000000e+01,2.232291599999999931e+01
4.001505678331999860e+01,-8.302946016536000684e+01,-1.036100000000000021e+00,-2.768100000000000005e+00,-7.190486227863199797e-01,1.774137885791999825e-01,1.745549291652800095e-01,-9.952731580000000466e-01,3.638149130000000175e-01,2.501242777159999946e+02,2.024000000000000000e+03,1.100000000000000000e+01,2.500000000000000000e+01,1.200000000000000000e+01,3.200000000000000000e+01,2.238765199999999922e+01
4.001505622274999752e+01,-8.302946211453000558e+01,-1.038699999999999957e+00,-2.762999999999999901e+00,-2.907851086229999715e-02,-7.688898691680000341e-02,-8.544486395370000376e-02,-1.025033910999999964e+00,3.339594830000000014e-01,2.501272532309999974e+02,2.024000000000000000e+03,1.100000000000000000e+01,2.500000000000000000e+01,1.200000000000000000e+01,3.200000000000000000e+01,2.245302900000000079e+01
4.001505556771000016e+01,-8.302946438003999674e+01,-1.046399999999999997e+00,-2.739199999999999857e+00,-7.886418262415398894e-01,-7.126363015805999845e-01,-2.220858748210199907e-01,-1.049551625000000099e+00,2.931065930000000264e-01,2.501310065270000109e+02,2.024000000000000000e+03,1.100000000000000000e+01,2.500000000000000000e+01,1.200000000000000000e+01,3.200000000000000000e+01,2.251842399999999955e+01
4.001505499910000196e+01,-8.302946630133000383e+01,-1.049400000000000110e+00,-2.717799999999999994e+00,1.113836697774600037e-01,-5.381183025893200300e-01,-5.638379749295799881e-01,-1.111954262000000027e+00,3.166181240000000008e-01,2.501404650570000001e+02,2.024000000000000000e+03,1.100000000000000000e+01,2.500000000000000000e+01,1.200000000000000000e+01,3.200000000000000000e+01,2.258228000000000080e+01
4.001505444394999955e+01,-8.302946822341000654e+01,-1.013700000000000045e+00,-2.733099999999999863e+00,1.010311841431939861e+00,1.259667316501799916e-01,-5.381992215373999910e-02,-1.119154991000000043e+00,3.236911430000000145e-01,2.501281662110000070e+02,2.024000000000000000e+03,1.100000000000000000e+01,2.500000000000000000e+01,1.200000000000000000e+01,3.200000000000000000e+01,2.264678899999999828e+01
4.001505381599999822e+01,-8.302947046703999945e+01,-9.879999999999999893e-01,-2.725699999999999790e+00,3.151998508160400170e-01,-2.856434234135999950e-01,1.955507434164199809e-01,-1.075787596000000068e+00,3.247854740000000184e-01,2.500969669430000124e+02,2.024000000000000000e+03,1.100000000000000000e+01,2.500000000000000000e+01,1.200000000000000000e+01,3.200000000000000000e+01,2.271421399999999835e+01
4.001505318056000249e+01,-8.302947270516999367e+01,-1.018999999999999906e+00,-2.721200000000000063e+00,-5.556021033871400006e-01,1.914533674767600058e-01,2.684967260145000312e-01,-1.109007861000000039e+00,2.899155230000000083e-01,2.500951635000000124e+02,2.024000000000000000e+03,1.100000000000000000e+01,2.500000000000000000e+01,1.200000000000000000e+01,3.200000000000000000e+01,2.277797299999999936e+01
4.001505263146999880e+01,-8.302947462359999520e+01,-1.020399999999999974e+00,-2.720699999999999896e+00,-3.428441872666200263e-01,1.684065459395999928e-02,2.750494753465800302e-01,-1.100359118999999941e+00,2.138288720000000032e-01,2.501203701860000024e+02,2.024000000000000000e+03,1.100000000000000000e+01,2.500000000000000000e+01,1.200000000000000000e+01,3.200000000000000000e+01,2.284420499999999876e+01
4.001505199406000202e+01,-8.302947685421000301e+01,-1.001300000000000079e+00,-2.700499999999999901e+00,4.018347672688800110e-01,-9.420712391895800231e-01,1.541110172627400132e-01,-1.057811771999999984e+00,1.219889539999999967e-01,2.501231463750000046e+02,2.024000000000000000e+03,1.100000000000000000e+01,2.500000000000000000e+01,1.200000000000000000e+01,3.200000000000000000e+01,2.290899100000000033e+01
4.001505145328000168e+01,-8.302947874728999977e+01,-1.007200000000000095e+00,-2.673399999999999999e+00,-7.158244291769000345e-01,-6.355975097114600070e-01,-1.273313423690199953e-01,-1.047891136999999917e+00,9.695705599999999980e-02,2.500899930390000065e+02,2.024000000000000000e+03,1.100000000000000000e+01,2.500000000000000000e+01,1.200000000000000000e+01,3.200000000000000000e+01,2.297395399999999910e+01
4.001505081716999968e+01,-8.302948094558000491e+01,-1.007500000000000062e+00,-2.672299999999999898e+00,1.697126351752200057e-01,-1.583829649088799862e-01,-2.502993610063199981e-01,-1.102798882999999952e+00,7.756158100000000444e-02,2.500757602449999979e+02,2.024000000000000000e+03,1.100000000000000000e+01,2.500000000000000000e+01,1.200000000000000000e+01,3.200000000000000000e+01,2.303880699999999848e+01
4.001505036747000332e+01,-8.302948251540999536e+01,-9.937000000000000277e-01,-2.672499999999999876e+00,4.152186812613600231e-01,-2.055007855178999920e-01,-1.554480026815399929e-01,-1.106327500999999991e+00,4.509742900000000138e-02,2.500913499719999891e+02,2.024000000000000000e+03,1.100000000000000000e+01,2.500000000000000000e+01,1.200000000000000000e+01,3.200000000000000000e+01,2.310270300000000177e+01
4.001504983334000087e+01,-8.302948439147000670e+01,-9.875000000000000444e-01,-2.654500000000000082e+00,-1.267682946077599848e-01,-4.959519542454000063e-01,-2.786462127128399580e-01,-1.080101895999999950e+00,2.372619700000000095e-02,2.501125901180000142e+02,2.024000000000000000e+03,1.100000000000000000e+01,2.500000000000000000e+01,1.200000000000000000e+01,3.200000000000000000e+01,2.317128999999999905e+01
4.001504728178999670e+01,-8.302949337110999295e+01,-9.768000000000000016e-01,-2.619000000000000217e+00,6.307611117945599588e-01,-2.367902788670400160e-01,9.055108455997999684e-02,-1.015896472000000106e+00,-1.117126769999999963e-01,2.501199453590000132e+02,2.024000000000000000e+03,1.100000000000000000e+01,2.500000000000000000e+01,1.200000000000000000e+01,3.200000000000000000e+01,2.344074300000000122e+01
4.001503724663000128e+01,-8.302952826293000044e+01,-9.865000000000000435e-01,-2.657599999999999962e+00,2.708537624136599931e-01,1.397074451452799959e-01,-1.673560797408600032e-01,-1.054666204000000107e+00,-6.606277820000000522e-01,2.500795685680000133e+02,2.024000000000000000e+03,1.100000000000000000e+01,2.500000000000000000e+01,1.200000000000000000e+01,3.200000000000000000e+01,2.457655000000000101e+01
4.001503584459999985e+01,-8.302953324627999621e+01,-9.815000000000000391e-01,-2.646199999999999886e+00,-4.906177151939200010e-01,-3.098864331871599709e-01,-1.492604104082199956e-01,-9.577870389999999512e-01,-8.705504539999999736e-01,2.500590581579999991e+02,2.024000000000000000e+03,1.100000000000000000e+01,2.500000000000000000e+01,1.200000000000000000e+01,3.200000000000000000e+01,2.473338800000000148e+01
4.001503504715999782e+01,-8.302953602712000247e+01,-1.001600000000000046e+00,-2.621199999999999974e+00,-1.202277348949539970e+00,-7.005224873236399752e-01,-1.063979020126200048e-01,-9.427955380000000440e-01,-9.245014430000000338e-01,2.500960344449999866e+02,2.024000000000000000e+03,1.100000000000000000e+01,2.500000000000000000e+01,1.200000000000000000e+01,3.200000000000000000e+01,2.482318300000000022e+01
4.001503289522000273e+01,-8.302954342101999430e+01,-9.828999999999999959e-01,-2.656899999999999817e+00,1.535974775242600066e-01,3.292728854451999754e-02,2.797989645842799966e-01,-1.043637887999999903e+00,-1.016688070999999916e+00,2.500409895420000055e+02,2.024000000000000000e+03,1.100000000000000000e+01,2.500000000000000000e+01,1.200000000000000000e+01,3.200000000000000000e+01,2.506680400000000120e+01
4.001503192741999726e+01,-8.302954683165999938e+01,-9.825000000000000400e-01,-2.640800000000000036e+00,-5.000730751834400190e-01,-2.899605334263999912e-01,-4.810718267037999984e-02,-9.783147690000000285e-01,-1.129078094999999893e+00,2.501090267099999949e+02,2.024000000000000000e+03,1.100000000000000000e+01,2.500000000000000000e+01,1.200000000000000000e+01,3.200000000000000000e+01,2.518705100000000030e+01
4.001503122017000180e+01,-8.302954930241000397e+01,-9.794000000000000483e-01,-2.622300000000000075e+00,1.889410774836600138e-01,-7.479741029791400209e-01,-8.108410919219201096e-01,-9.782533399999999713e-01,-1.159672448000000022e+00,2.501121812709999972e+02,2.024000000000000000e+03,1.100000000000000000e+01,2.500000000000000000e+01,1.200000000000000000e+01,3.200000000000000000e+01,2.525533199999999923e+01
4.001503060908999743e+01,-8.302955144937000398e+01,-9.729999999999999760e-01,-2.600800000000000001e+00,-1.283878593018800141e-01,-5.453658370776199860e-01,-2.310470307549600255e-01,-9.778618249999999623e-01,-1.103009198000000080e+00,2.500809522090000030e+02,2.024000000000000000e+03,1.100000000000000000e+01,2.500000000000000000e+01,1.200000000000000000e+01,3.200000000000000000e+01,2.531993999999999900e+01
4.001503008336000278e+01,-8.302955328804000601e+01,-9.811999999999999611e-01,-2.616200000000000081e+00,-2.328506049295999900e-02,5.494816111272200487e-01,-8.480071518564000210e-02,-9.867556400000000449e-01,-1.050272494999999973e+00,2.500730571660000123e+02,2.024000000000000000e+03,1.100000000000000000e+01,2.500000000000000000e+01,1.200000000000000000e+01,3.200000000000000000e+01,2.538609599999999844e+01
4.001502946158999663e+01,-8.302955544795000264e+01,-1.002899999999999903e+00,-2.635200000000000209e+00,-6.993131723293800617e-01,1.079543582766099963e+00,-2.717402848936200099e-01,-1.003625283000000090e+00,-1.047959542000000077e+00,2.501079233830000135e+02,2.024000000000000000e+03,1.100000000000000000e+01,2.500000000000000000e+01,1.200000000000000000e+01,3.200000000000000000e+01,2.544968300000000028e+01
4.001502892271999912e+01,-8.302955730712000104e+01,-1.003800000000000026e+00,-2.639800000000000146e+00,-1.285472935555400098e-01,6.941642668750000467e-02,3.830314626076000012e-02,-1.031399573000000069e+00,-1.079802530999999899e+00,2.501413470749999988e+02,2.024000000000000000e+03,1.100000000000000000e+01,2.500000000000000000e+01,1.200000000000000000e+01,3.200000000000000000e+01,2.551531400000000005e+01
4.001502829294000207e+01,-8.302955947210000431e+01,-1.004499999999999948e+00,-2.628400000000000070e+00,-1.718753459350000068e-01,-3.194373693684400273e-01,-5.501438463149999764e-02,-1.065331924000000097e+00,-1.079600480999999945e+00,2.501408265679999943e+02,2.024000000000000000e+03,1.100000000000000000e+01,2.500000000000000000e+01,1.200000000000000000e+01,3.200000000000000000e+01,2.557979600000000175e+01
4.001502766110999687e+01,-8.302956163468999762e+01,-1.005900000000000016e+00,-2.633999999999999897e+00,2.376131600806200006e-01,1.429544692471799994e-01,3.482745061311400270e-01,-1.136706272000000073e+00,-1.053735061000000028e+00,2.501304349119999983e+02,2.024000000000000000e+03,1.100000000000000000e+01,2.500000000000000000e+01,1.200000000000000000e+01,3.200000000000000000e+01,2.565613700000000108e+01
4.001502703437999742e+01,-8.302956380918000434e+01,-9.902999999999999581e-01,-2.661300000000000221e+00,8.023380132919600838e-01,7.171585184868000118e-01,3.847955386783200038e-01,-1.165902012000000099e+00,-1.045857019000000054e+00,2.501374064180000119e+02,2.024000000000000000e+03,1.100000000000000000e+01,2.500000000000000000e+01,1.200000000000000000e+01,3.200000000000000000e+01,2.572514100000000070e+01
4.001502641951999806e+01,-8.302956599974000085e+01,-9.776000000000000245e-01,-2.659699999999999953e+00,-1.971549820981999962e-02,-4.057800378159399646e-01,7.356805168711799681e-01,-1.118937218999999983e+00,-1.094814219999999949e+00,2.501648815549999938e+02,2.024000000000000000e+03,1.100000000000000000e+01,2.500000000000000000e+01,1.200000000000000000e+01,3.200000000000000000e+01,2.578760700000000128e+01
4.001502589382000252e+01,-8.302956786513000509e+01,-9.744000000000000439e-01,-2.641500000000000181e+00,4.676164445586000057e-02,-2.366015441671599773e-01,8.459233033683999370e-02,-1.109379796999999890e+00,-1.083015459000000069e+00,2.501896849560000078e+02,2.024000000000000000e+03,1.100000000000000000e+01,2.500000000000000000e+01,1.200000000000000000e+01,3.200000000000000000e+01,2.585199799999999826e+01
4.001502527740999682e+01,-8.302957003868000641e+01,-9.842999999999999527e-01,-2.652499999999999858e+00,1.651100705186399897e-01,4.889871349069399575e-01,-1.681764348379000129e-01,-1.134655533999999966e+00,-1.042263111000000020e+00,2.501952915729999916e+02,2.024000000000000000e+03,1.100000000000000000e+01,2.500000000000000000e+01,1.200000000000000000e+01,3.200000000000000000e+01,2.591656199999999899e+01
4.001502474941000287e+01,-8.302957191241000601e+01,-9.778000000000000025e-01,-2.667800000000000171e+00,3.893907826517999937e-01,3.833292977254599831e-01,-4.043763354674400068e-01,-1.119797127000000003e+00,-1.042611379000000005e+00,2.501955350819999921e+02,2.024000000000000000e+03,1.100000000000000000e+01,2.500000000000000000e+01,1.200000000000000000e+01,3.200000000000000000e+01,2.598228900000000152e+01
4.001502422373999934e+01,-8.302957378671999322e+01,-9.781999999999999584e-01,-2.653000000000000025e+00,-2.739877575520199837e-01,-5.566716072470200283e-01,-1.424454245682799935e-01,-1.082049934999999907e+00,-1.052801810999999921e+00,2.502071885260000101e+02,2.024000000000000000e+03,1.100000000000000000e+01,2.500000000000000000e+01,1.200000000000000000e+01,3.200000000000000000e+01,2.604721400000000031e+01
4.001502378615000310e+01,-8.302957534114000282e+01,-9.775000000000000355e-01,-2.644499999999999851e+00,-2.209128372320200151e-01,-2.544309772201600039e-01,-6.588483277597999288e-02,-1.076913538999999975e+00,-1.028170272999999968e+00,2.502211730020000005e+02,2.024000000000000000e+03,1.100000000000000000e+01,2.500000000000000000e+01,1.200000000000000000e+01,3.200000000000000000e+01,2.611177299999999946e+01
4.001502326408999721e+01,-8.302957720896000637e+01,-9.660999999999999588e-01,-2.656299999999999883e+00,4.105864241712600116e-01,1.396746293001200068e-01,-3.186066605568200205e-01,-1.055341486000000106e+00,-9.973838590000000393e-01,2.502421555589999969e+02,2.024000000000000000e+03,1.100000000000000000e+01,2.500000000000000000e+01,1.200000000000000000e+01,3.200000000000000000e+01,2.617744400000000127e+01
4.001502247343000107e+01,-8.302958000664000338e+01,-1.008099999999999996e+00,-2.644600000000000062e+00,-1.349966758059780059e+00,2.637466647706799838e-01,2.777019268096000415e-01,-1.071916574000000066e+00,-9.713746730000000218e-01,2.502705497599999944e+02,2.024000000000000000e+03,1.100000000000000000e+01,2.500000000000000000e+01,1.200000000000000000e+01,3.200000000000000000e+01,2.624113499999999988e+01
4.001502193540999741e+01,-8.302958187414000690e+01,-9.945000000000000506e-01,-2.669500000000000206e+00,1.277714884675659857e+00,7.562564970821800125e-01,-1.151807381774000091e-02,-1.141751246000000108e+00,-9.981736780000000087e-01,2.502806371430000070e+02,2.024000000000000000e+03,1.100000000000000000e+01,2.500000000000000000e+01,1.200000000000000000e+01,3.200000000000000000e+01,2.630542900000000017e+01
4.001502132636999676e+01,-8.302958406659999469e+01,-9.633000000000000451e-01,-2.676099999999999923e+00,1.739814000870800181e-01,-1.071391600251000026e-01,-1.754745299844399919e-01,-1.070205092999999996e+00,-1.039500346000000075e+00,2.502867159989999948e+02,2.024000000000000000e+03,1.100000000000000000e+01,2.500000000000000000e+01,1.200000000000000000e+01,3.200000000000000000e+01,2.637035300000000149e+01
4.001502070643000053e+01,-8.302958624030999601e+01,-1.008199999999999985e+00,-2.637199999999999989e+00,-1.262085162505220071e+00,-4.759874072909200393e-01,-1.576634920483200031e-01,-1.097959702999999898e+00,-1.011561799000000095e+00,2.503088906430000122e+02,2.024000000000000000e+03,1.100000000000000000e+01,2.500000000000000000e+01,1.200000000000000000e+01,3.200000000000000000e+01,2.644006900000000115e+01
4.001502025698999887e+01,-8.302958778536999773e+01,-1.008499999999999952e+00,-2.641500000000000181e+00,-1.303226699533999999e-01,2.914781140234399825e-01,-3.880115305110999890e-01,-1.173905334000000078e+00,-9.613494870000000025e-01,2.503270681120000063e+02,2.024000000000000000e+03,1.100000000000000000e+01,2.500000000000000000e+01,1.200000000000000000e+01,3.200000000000000000e+01,2.650030999999999892e+01
4.001501963332999878e+01,-8.302958996232000288e+01,-9.917000000000000259e-01,-2.666199999999999903e+00,4.040969117684800604e-01,4.519063510925999672e-01,-2.281962798831999872e-01,-1.186228556000000101e+00,-9.316169539999999971e-01,2.503480678900000100e+02,2.024000000000000000e+03,1.100000000000000000e+01,2.500000000000000000e+01,1.200000000000000000e+01,3.200000000000000000e+01,2.656612399999999852e+01
4.001501901462999911e+01,-8.302959215968000706e+01,-9.857000000000000206e-01,-2.694199999999999928e+00,4.508909356417000192e-01,6.479870511213400297e-01,-4.299834401666000061e-02,-1.163984024999999978e+00,-9.499537850000000505e-01,2.503415234649999945e+02,2.024000000000000000e+03,1.100000000000000000e+01,2.500000000000000000e+01,1.200000000000000000e+01,3.200000000000000000e+01,2.663296000000000063e+01
4.001501848846000087e+01,-8.302959404693000067e+01,-9.709999999999999742e-01,-2.681700000000000195e+00,5.550688597409800806e-01,-5.804984280178999700e-01,-1.316676807208800037e-01,-1.150463930999999995e+00,-9.641213060000000112e-01,2.503264775160000113e+02,2.024000000000000000e+03,1.100000000000000000e+01,2.500000000000000000e+01,1.200000000000000000e+01,3.200000000000000000e+01,2.669826799999999878e+01
4.001501788062000031e+01,-8.302959624545999873e+01,-9.706000000000000183e-01,-2.687699999999999978e+00,1.359028831122600089e-01,3.735341441674199792e-01,8.770547006037200388e-01,-1.134006548999999975e+00,-9.478875369999999467e-01,2.503174670690000028e+02,2.024000000000000000e+03,1.100000000000000000e+01,2.500000000000000000e+01,1.200000000000000000e+01,3.200000000000000000e+01,2.676306999999999903e+01
4.001501727099999783e+01,-8.302959845198999744e+01,-9.831999999999999629e-01,-2.694700000000000095e+00,-8.418250647877200121e-01,5.035248482405799697e-01,5.841020252204800478e-01,-1.076088530000000043e+00,-9.693912350000000178e-01,2.503480380130000071e+02,2.024000000000000000e+03,1.100000000000000000e+01,2.500000000000000000e+01,1.200000000000000000e+01,3.200000000000000000e+01,2.682779299999999978e+01
4.001501674323999680e+01,-8.302960034756999619e+01,-9.839999999999999858e-01,-2.699300000000000033e+00,-4.627931285074000228e-02,7.877830861633999815e-02,-1.571137057527799974e-01,-1.043791853999999963e+00,-9.870203539999999887e-01,2.503667329189999862e+02,2.024000000000000000e+03,1.100000000000000000e+01,2.500000000000000000e+01,1.200000000000000000e+01,3.200000000000000000e+01,2.689240699999999862e+01
4.001501612351000148e+01,-8.302960255623999331e+01,-9.969999999999999973e-01,-2.690300000000000136e+00,-5.428295421299199619e-01,-8.490732123737999848e-02,2.928358748862600058e-01,-1.046051507000000047e+00,-9.805048240000000526e-01,2.503480154160000097e+02,2.024000000000000000e+03,1.100000000000000000e+01,2.500000000000000000e+01,1.200000000000000000e+01,3.200000000000000000e+01,2.695723600000000175e+01
4.001501558785000157e+01,-8.302960444408999763e+01,-9.955000000000000515e-01,-2.683600000000000207e+00,2.776191806890000030e-02,-2.817610075024200023e-01,1.999027559263399922e-01,-1.073136813000000078e+00,-9.708013279999999634e-01,2.503311156130000086e+02,2.024000000000000000e+03,1.100000000000000000e+01,2.500000000000000000e+01,1.200000000000000000e+01,3.200000000000000000e+01,2.702142999999999873e+01
4.001501505976000317e+01,-8.302960633252999401e+01,-9.771999999999999575e-01,-2.694999999999999840e+00,5.250350297102799324e-01,3.647727542184199812e-01,-3.607546878753200015e-01,-1.037976591000000059e+00,-9.306352850000000343e-01,2.503329883019999897e+02,2.024000000000000000e+03,1.100000000000000000e+01,2.500000000000000000e+01,1.200000000000000000e+01,3.200000000000000000e+01,2.708752499999999941e+01
4.001501479796999661e+01,-8.302960728202999974e+01,-9.754000000000000448e-01,-2.708099999999999952e+00,3.730880386664199855e-01,6.932685941973999455e-01,1.488071111360199927e-01,-1.010363147000000072e+00,-9.282227880000000209e-01,2.503408582360000025e+02,2.024000000000000000e+03,1.100000000000000000e+01,2.500000000000000000e+01,1.200000000000000000e+01,3.200000000000000000e+01,2.715394699999999872e+01
4.001501390322999896e+01,-8.302961045202999912e+01,-1.012699999999999934e+00,-2.707699999999999996e+00,-8.950302796079999401e-02,2.675748577220999902e-01,-5.617349560124200725e-01,-1.027145331000000050e+00,-9.612730819999999454e-01,2.503874699110000108e+02,2.024000000000000000e+03,1.100000000000000000e+01,2.500000000000000000e+01,1.200000000000000000e+01,3.200000000000000000e+01,2.721397500000000136e+01
4.001501326798000235e+01,-8.302961268058000144e+01,-1.025300000000000100e+00,-2.720899999999999874e+00,-2.485046853349600071e-01,4.621010920044599790e-01,-4.382172495108399568e-01,-1.084707623999999981e+00,-1.001366642999999890e+00,2.503702978169999938e+02,2.024000000000000000e+03,1.100000000000000000e+01,2.500000000000000000e+01,1.200000000000000000e+01,3.200000000000000000e+01,2.727964100000000158e+01
4.001501271752000122e+01,-8.302961459952000212e+01,-1.034200000000000008e+00,-2.729800000000000004e+00,-5.021968519508600570e-01,2.473631258683799961e-01,-2.340688762777800302e-01,-1.128062397999999966e+00,-1.062025315000000081e+00,2.503512364739999896e+02,2.024000000000000000e+03,1.100000000000000000e+01,2.500000000000000000e+01,1.200000000000000000e+01,3.200000000000000000e+01,2.734507500000000135e+01
4.001501208879000160e+01,-8.302961683450999431e+01,-9.828000000000000069e-01,-2.709400000000000031e+00,1.607396851043340069e+00,-2.003984496897360135e+00,6.282422224734199867e-01,-1.110520696000000029e+00,-1.116844793000000058e+00,2.503633656430000087e+02,2.024000000000000000e+03,1.100000000000000000e+01,2.500000000000000000e+01,1.200000000000000000e+01,3.200000000000000000e+01,2.741372199999999992e+01
4.001501147810999726e+01,-8.302961905428999501e+01,-9.659999999999999698e-01,-2.704699999999999882e+00,4.486025822970600152e-01,-1.702091303645399956e-01,3.198381485494399823e-01,-1.057876851000000062e+00,-1.042433879000000063e+00,2.503884732319999955e+02,2.024000000000000000e+03,1.100000000000000000e+01,2.500000000000000000e+01,1.200000000000000000e+01,3.200000000000000000e+01,2.747962100000000163e+01
4.001501095890999693e+01,-8.302962096269000369e+01,-9.723000000000000531e-01,-2.718999999999999861e+00,-3.179802370703599945e-01,4.558066596482600041e-01,-7.684754855836399834e-01,-1.016169185000000086e+00,-9.664675689999999708e-01,2.503891755569999873e+02,2.024000000000000000e+03,1.100000000000000000e+01,2.500000000000000000e+01,1.200000000000000000e+01,3.200000000000000000e+01,2.754446199999999934e+01
4.001501052593999930e+01,-8.302962256061999824e+01,-9.725000000000000311e-01,-2.731799999999999784e+00,-1.092637813536000146e-01,5.076668315613199756e-01,-3.247611102490000068e-02,-9.861076730000000179e-01,-9.123185050000000018e-01,2.503817358199999887e+02,2.024000000000000000e+03,1.100000000000000000e+01,2.500000000000000000e+01,1.200000000000000000e+01,3.200000000000000000e+01,2.760426000000000002e+01
4.001500982377999804e+01,-8.302962513893000107e+01,-9.859999999999999876e-01,-2.770900000000000141e+00,3.765562860555199953e-01,1.141264713110740070e+00,2.787330323918599806e-01,-9.077721669999999632e-01,-8.973591960000000256e-01,2.503776571980000085e+02,2.024000000000000000e+03,1.100000000000000000e+01,2.500000000000000000e+01,1.200000000000000000e+01,3.200000000000000000e+01,2.766959800000000058e+01
4.001500928984000183e+01,-8.302962708856000518e+01,-9.990999999999999881e-01,-2.772899999999999920e+00,-4.529629143680000136e-02,4.076209703041999699e-02,6.913062059103599610e-01,-8.470123040000000492e-01,-9.499689550000000038e-01,2.503885925049999912e+02,2.024000000000000000e+03,1.100000000000000000e+01,2.500000000000000000e+01,1.200000000000000000e+01,3.200000000000000000e+01,2.773615500000000011e+01
4.001500865631000181e+01,-8.302962935434000258e+01,-1.019400000000000084e+00,-2.754700000000000149e+00,-5.051948811668800499e-01,-2.285071776088600237e-01,4.617112295972600200e-01,-8.615362479999999490e-01,-9.721736079999999669e-01,2.504035405449999985e+02,2.024000000000000000e+03,1.100000000000000000e+01,2.500000000000000000e+01,1.200000000000000000e+01,3.200000000000000000e+01,2.780323500000000081e+01
4.001500782872000173e+01,-8.302963226794000207e+01,-1.017600000000000060e+00,-2.778700000000000170e+00,1.133989725180000185e+00,6.261801724751600018e-01,2.651664174532999962e-01,-9.020937850000000369e-01,-9.863353639999999922e-01,2.504062950910000040e+02,2.024000000000000000e+03,1.100000000000000000e+01,2.500000000000000000e+01,1.200000000000000000e+01,3.200000000000000000e+01,2.789809999999999945e+01
4.001500710916000259e+01,-8.302963488694000205e+01,-1.014399999999999968e+00,-2.795999999999999819e+00,-9.493989823622799307e-01,1.577034006243799857e-01,2.294229479209800027e-01,-7.889387829999999768e-01,-1.080277861999999978e+00,2.504016090400000110e+02,2.024000000000000000e+03,1.100000000000000000e+01,2.500000000000000000e+01,1.200000000000000000e+01,3.200000000000000000e+01,2.796841399999999922e+01
4.001500655720000310e+01,-8.302963684533000333e+01,-1.038799999999999946e+00,-2.774599999999999955e+00,-8.398307865448200182e-01,-4.421623572222000420e-01,-5.804302897792000815e-01,-8.382009179999999615e-01,-1.131098522999999911e+00,2.503929689050000036e+02,2.024000000000000000e+03,1.100000000000000000e+01,2.500000000000000000e+01,1.200000000000000000e+01,3.200000000000000000e+01,2.803264000000000067e+01
4.001500601133999879e+01,-8.302963879851000684e+01,-1.003100000000000103e+00,-2.776800000000000157e+00,9.509176156018799286e-01,-3.370375873546399559e-01,-1.573176718849799982e-01,-8.860388249999999744e-01,-1.135070449999999953e+00,2.503905224990000136e+02,2.024000000000000000e+03,1.100000000000000000e+01,2.500000000000000000e+01,1.200000000000000000e+01,3.200000000000000000e+01,2.809812799999999910e+01
4.001500519382000221e+01,-8.302964172814000676e+01,-1.034399999999999986e+00,-2.774999999999999911e+00,-1.041691124619920084e+00,2.183657849545000140e-01,-1.123870960572219913e+00,-8.449066440000000400e-01,-1.094419158000000003e+00,2.504328460240000140e+02,2.024000000000000000e+03,1.100000000000000000e+01,2.500000000000000000e+01,1.200000000000000000e+01,3.200000000000000000e+01,2.819296299999999889e+01
4.001500183969000091e+01,-8.302965357368999832e+01,-1.039800000000000058e+00,-2.819399999999999906e+00,7.816542340517800280e-01,-2.919974732785799998e-01,3.586698696466599778e-01,-1.034058539999999971e+00,-1.111583921999999891e+00,2.504542115989999900e+02,2.024000000000000000e+03,1.100000000000000000e+01,2.500000000000000000e+01,1.200000000000000000e+01,3.200000000000000000e+01,2.854251500000000163e+01
4.001500102528000014e+01,-8.302965655024999592e+01,-1.002799999999999914e+00,-2.838499999999999801e+00,3.543458642898599797e-01,5.081245962383000858e-01,1.657368801996000063e-01,-9.629276260000000365e-01,-1.010694825999999935e+00,2.504396775170000069e+02,2.024000000000000000e+03,1.100000000000000000e+01,2.500000000000000000e+01,1.200000000000000000e+01,3.200000000000000000e+01,2.863454400000000177e+01
4.001500039266999664e+01,-8.302965888965999852e+01,-1.016399999999999970e+00,-2.863300000000000178e+00,-1.483471383081400030e-01,3.027867188842999768e-01,3.120479224140200181e-01,-9.169374599999999820e-01,-1.013303438999999972e+00,2.504322656820000077e+02,2.024000000000000000e+03,1.100000000000000000e+01,2.500000000000000000e+01,1.200000000000000000e+01,3.200000000000000000e+01,2.870071199999999934e+01
4.001499984499000107e+01,-8.302966089784999326e+01,-1.024199999999999999e+00,-2.858999999999999986e+00,-2.133771153996800174e-01,-8.039202908727999253e-02,-2.906190270428199995e-01,-8.752874750000000370e-01,-1.022632339999999918e+00,2.504483741210000005e+02,2.024000000000000000e+03,1.100000000000000000e+01,2.500000000000000000e+01,1.200000000000000000e+01,3.200000000000000000e+01,2.875965499999999864e+01
4.001499920615999883e+01,-8.302966324223000072e+01,-1.015800000000000036e+00,-2.865299999999999958e+00,1.766424053760000112e-01,1.747932884107999962e-02,-2.309341245559799749e-01,-8.126463010000000153e-01,-1.006273360000000006e+00,2.504566003669999930e+02,2.024000000000000000e+03,1.100000000000000000e+01,2.500000000000000000e+01,1.200000000000000000e+01,3.200000000000000000e+01,2.883445100000000139e+01
4.001499837664999859e+01,-8.302966626510999504e+01,-1.055600000000000094e+00,-2.887599999999999945e+00,-9.794864369694799011e-01,1.343701070451780000e+00,-4.028116688515799848e-01,-7.659823270000000184e-01,-9.951693870000000164e-01,2.504744092340000066e+02,2.024000000000000000e+03,1.100000000000000000e+01,2.500000000000000000e+01,1.200000000000000000e+01,3.200000000000000000e+01,2.892506399999999900e+01
4.001499733125000091e+01,-8.302966999347999888e+01,-1.058799999999999963e+00,-2.892799999999999816e+00,-5.062331709192000734e-02,-3.867256425417400223e-01,-1.462951954486999828e-01,-8.269078619999999935e-01,-1.115701089000000090e+00,2.504924275099999988e+02,2.024000000000000000e+03,1.100000000000000000e+01,2.500000000000000000e+01,1.200000000000000000e+01,3.200000000000000000e+01,2.903464200000000162e+01
4.001499676390999838e+01,-8.302967202098000143e+01,-1.056799999999999962e+00,-2.885899999999999910e+00,-7.733514030817999207e-02,-1.004352735317600026e-01,-8.510811672590000432e-02,-8.191546910000000459e-01,-1.112763546999999908e+00,2.504975555000000043e+02,2.024000000000000000e+03,1.100000000000000000e+01,2.500000000000000000e+01,1.200000000000000000e+01,3.200000000000000000e+01,2.911016000000000048e+01
4.001499579042999954e+01,-8.302967541860999745e+01,-1.098999999999999977e+00,-2.941300000000000026e+00,7.845504534037799349e-01,1.740168738256240077e+00,-9.008651515199399551e-01,-9.408349249999999886e-01,-1.127757863000000027e+00,2.505156397210000137e+02,2.024000000000000000e+03,1.100000000000000000e+01,2.500000000000000000e+01,1.200000000000000000e+01,3.200000000000000000e+01,2.920368699999999862e+01
4.001499502848999867e+01,-8.302967815447999556e+01,-1.044000000000000039e+00,-2.917499999999999982e+00,2.489315684683399976e-01,-6.209756458812200064e-01,-1.330708749320000037e-03,-8.901823829999999660e-01,-1.164432058999999908e+00,2.505147468090000018e+02,2.024000000000000000e+03,1.100000000000000000e+01,2.500000000000000000e+01,1.200000000000000000e+01,3.200000000000000000e+01,2.927010200000000140e+01
4.001499445812999767e+01,-8.302968019018000234e+01,-1.061099999999999932e+00,-2.900399999999999867e+00,-3.529757310256400049e-01,-7.113109758826000051e-02,3.932485644857800500e-01,-8.675988799999999612e-01,-1.096748870999999959e+00,2.505291646020000087e+02,2.024000000000000000e+03,1.100000000000000000e+01,2.500000000000000000e+01,1.200000000000000000e+01,3.200000000000000000e+01,2.933521299999999954e+01
4.001499367787999972e+01,-8.302968289686999981e+01,-1.092400000000000038e+00,-2.906899999999999817e+00,-6.726141772552999276e-01,1.095872059805020005e+00,1.449550102883339964e+00,-9.750578540000000016e-01,-9.901716139999999777e-01,2.505374847870000110e+02,2.024000000000000000e+03,1.100000000000000000e+01,2.500000000000000000e+01,1.200000000000000000e+01,3.200000000000000000e+01,2.940909699999999916e+01
4.001499309215000011e+01,-8.302968494555000234e+01,-1.074400000000000022e+00,-2.936900000000000066e+00,7.636268780471799911e-01,5.334847814128199639e-01,1.114691478239079991e+00,-1.025587081000000067e+00,-9.781347219999999565e-01,2.505146815969999921e+02,2.024000000000000000e+03,1.100000000000000000e+01,2.500000000000000000e+01,1.200000000000000000e+01,3.200000000000000000e+01,2.947602900000000048e+01
4.001499240919999778e+01,-8.302968733733000306e+01,-1.084000000000000075e+00,-2.923599999999999977e+00,-1.798606150771199785e-01,-4.784209071349999898e-02,1.818419368680000009e-02,-1.054980921000000071e+00,-9.475538959999999511e-01,2.505008285240000134e+02,2.024000000000000000e+03,1.100000000000000000e+01,2.500000000000000000e+01,1.200000000000000000e+01,3.200000000000000000e+01,2.954163799999999895e+01
4.001499162607999693e+01,-8.302969007887000430e+01,-1.092999999999999972e+00,-2.946699999999999875e+00,-3.120651416612200135e-01,7.229888642806400201e-01,-7.113139014034000618e-02,-1.093096218999999980e+00,-9.182026309999999913e-01,2.505197540100000140e+02,2.024000000000000000e+03,1.100000000000000000e+01,2.500000000000000000e+01,1.200000000000000000e+01,3.200000000000000000e+01,2.962133700000000047e+01
4.001498204594999919e+01,-8.302972405610999829e+01,-1.062400000000000011e+00,-3.013999999999999790e+00,-1.944384453611799901e-01,-4.810292042139999863e-02,-1.695756545810480187e+00,-1.120647909000000109e+00,-1.080321931999999929e+00,2.503270135269999912e+02,2.024000000000000000e+03,1.100000000000000000e+01,2.500000000000000000e+01,1.200000000000000000e+01,3.200000000000000000e+01,3.061810200000000037e+01
4.001498030933999672e+01,-8.302973039862999372e+01,-1.054899999999999949e+00,-3.008799999999999919e+00,9.871708160321399639e-01,-1.494354820551659913e+00,1.134160239871699893e+00,-9.393253969999999509e-01,-9.909100739999999741e-01,2.501791280019999988e+02,2.024000000000000000e+03,1.100000000000000000e+01,2.500000000000000000e+01,1.200000000000000000e+01,3.200000000000000000e+01,3.077349600000000152e+01
4.001497963056999652e+01,-8.302973283542999638e+01,-1.110899999999999999e+00,-2.944500000000000117e+00,-1.165987049857039937e+00,-3.968754637972800037e-01,3.475808143424000130e-02,-8.237574130000000494e-01,-8.887678190000000145e-01,2.501322560319999866e+02,2.024000000000000000e+03,1.100000000000000000e+01,2.500000000000000000e+01,1.200000000000000000e+01,3.200000000000000000e+01,3.084572500000000161e+01
4.001497892193000183e+01,-8.302973523641000497e+01,-1.147699999999999942e+00,-2.928399999999999892e+00,-4.161509627799799826e-01,4.382735560224800264e-01,1.165162693265139993e+00,-9.549320310000000145e-01,-6.907839909999999861e-01,2.500793555150000032e+02,2.024000000000000000e+03,1.100000000000000000e+01,2.500000000000000000e+01,1.200000000000000000e+01,3.200000000000000000e+01,3.091163600000000145e+01
4.001497830052999660e+01,-8.302973730127999374e+01,-1.152500000000000080e+00,-2.955200000000000049e+00,7.587914345038599961e-01,1.224361646910880008e+00,8.108153009004001044e-01,-1.065999005000000110e+00,-5.886358390000000496e-01,2.500422548649999896e+02,2.024000000000000000e+03,1.100000000000000000e+01,2.500000000000000000e+01,1.200000000000000000e+01,3.200000000000000000e+01,3.097349000000000174e+01
4.001497059558000302e+01,-8.302976375036000434e+01,-1.181100000000000039e+00,-2.995299999999999851e+00,-9.759821715769799733e-01,-6.002368603190000318e-02,1.069994146137260183e+00,-9.539171469999999653e-01,-5.425747619999999882e-01,2.494237943900000118e+02,2.024000000000000000e+03,1.100000000000000000e+01,2.500000000000000000e+01,1.200000000000000000e+01,3.200000000000000000e+01,3.173428099999999930e+01
4.001496955379000298e+01,-8.302976725310999484e+01,-1.158600000000000074e+00,-2.967400000000000038e+00,-7.646741323335400908e-01,-8.436035670397799002e-01,-1.185410473675519993e+00,-9.523232069999999494e-01,-7.817442319999999834e-01,2.493522641270000122e+02,2.024000000000000000e+03,1.100000000000000000e+01,2.500000000000000000e+01,1.200000000000000000e+01,3.200000000000000000e+01,3.184534499999999824e+01
4.001496871525999666e+01,-8.302977002590000666e+01,-1.171799999999999953e+00,-2.949100000000000055e+00,-3.991681458159999918e-02,-4.224288009091999724e-02,-1.206359616364079956e+00,-9.962930949999999619e-01,-8.550072389999999745e-01,2.492797593349999943e+02,2.024000000000000000e+03,1.100000000000000000e+01,2.500000000000000000e+01,1.200000000000000000e+01,3.200000000000000000e+01,3.191291899999999870e+01
4.001496787861000115e+01,-8.302977278331999855e+01,-1.156199999999999894e+00,-2.929199999999999804e+00,1.445522722522400161e-01,-5.464432714599000152e-01,-1.159373478502439880e+00,-1.050802073000000059e+00,-8.974585859999999471e-01,2.491741281509999908e+02,2.024000000000000000e+03,1.100000000000000000e+01,2.500000000000000000e+01,1.200000000000000000e+01,3.200000000000000000e+01,3.199546499999999938e+01
4.001496675536999703e+01,-8.302977656334999779e+01,-1.129099999999999993e+00,-2.929499999999999993e+00,1.316781913326000031e-01,-1.307832867858400028e-01,-7.004304558958600602e-01,-9.333383520000000377e-01,-8.568068239999999669e-01,2.490420469210000078e+02,2.024000000000000000e+03,1.100000000000000000e+01,2.500000000000000000e+01,1.200000000000000000e+01,3.200000000000000000e+01,3.215682400000000030e+01
4.001496521000999707e+01,-8.302978172093999376e+01,-1.150800000000000045e+00,-2.933399999999999785e+00,-2.580475322291800322e-01,-1.811867234745200006e-01,4.674632953796000190e-01,-8.739675340000000459e-01,-8.346372990000000547e-01,2.489236952930000086e+02,2.024000000000000000e+03,1.100000000000000000e+01,2.500000000000000000e+01,1.200000000000000000e+01,3.200000000000000000e+01,3.227709300000000070e+01
4.001496383466000140e+01,-8.302978617413999984e+01,-1.200800000000000090e+00,-2.911200000000000010e+00,-1.210515561208360014e+00,-9.285086150497600110e-01,1.362101725136619867e+00,-8.740834069999999789e-01,-8.799557890000000437e-01,2.487483176290000131e+02,2.024000000000000000e+03,1.100000000000000000e+01,2.500000000000000000e+01,1.200000000000000000e+01,3.200000000000000000e+01,3.238295200000000307e+01
4.001496306840999750e+01,-8.302978855071999931e+01,-1.220299999999999940e+00,-2.903900000000000148e+00,-2.816433799378399994e-01,3.803939680937999668e-02,5.393383098892799987e-01,-9.742134869999999891e-01,-8.785249210000000142e-01,2.486898843929999998e+02,2.024000000000000000e+03,1.100000000000000000e+01,2.500000000000000000e+01,1.200000000000000000e+01,3.200000000000000000e+01,3.245454099999999897e+01
4.001496230021000144e+01,-8.302979093220000095e+01,-1.213700000000000001e+00,-2.912900000000000045e+00,9.131111747133999201e-02,-1.046692952962599982e-01,-1.183403346644800042e-01,-1.043695822000000106e+00,-9.052326210000000151e-01,2.486250136069999996e+02,2.024000000000000000e+03,1.100000000000000000e+01,2.500000000000000000e+01,1.200000000000000000e+01,3.200000000000000000e+01,3.252322699999999855e+01
4.001496132949999662e+01,-8.302979399646000047e+01,-1.176199999999999912e+00,-2.921600000000000197e+00,9.144811904076800557e-01,1.115344955710400043e-01,-1.615740732720599981e-01,-1.058249020999999956e+00,-9.255505379999999782e-01,2.485086927719999892e+02,2.024000000000000000e+03,1.100000000000000000e+01,2.500000000000000000e+01,1.200000000000000000e+01,3.200000000000000000e+01,3.261323800000000261e+01
4.001495949857000056e+01,-8.302979977964000113e+01,-1.203200000000000047e+00,-2.895700000000000163e+00,-5.609770049607200049e-01,-2.830068578782800048e-01,-2.180748910023999898e-01,-1.080004509999999973e+00,-9.478591339999999921e-01,2.482216231390000019e+02,2.024000000000000000e+03,1.100000000000000000e+01,2.500000000000000000e+01,1.200000000000000000e+01,3.200000000000000000e+01,3.279248499999999922e+01
4.001495851284000338e+01,-8.302980281972000398e+01,-1.225200000000000067e+00,-2.885899999999999910e+00,-4.838838599829199949e-01,1.717656489942000209e-02,-1.461296145017199899e-01,-1.064874858999999896e+00,-8.981173900000000154e-01,2.480577594899999951e+02,2.024000000000000000e+03,1.100000000000000000e+01,2.500000000000000000e+01,1.200000000000000000e+01,3.200000000000000000e+01,3.287807099999999849e+01
4.001495774002999894e+01,-8.302980517996999765e+01,-1.219200000000000061e+00,-2.890299999999999869e+00,5.076642490669199814e-01,1.938516179830200026e-01,1.103461878557800147e-01,-1.095280661999999960e+00,-8.550291490000000438e-01,2.479283965710000075e+02,2.024000000000000000e+03,1.100000000000000000e+01,2.500000000000000000e+01,1.200000000000000000e+01,3.200000000000000000e+01,3.294410200000000088e+01
4.001495676476000085e+01,-8.302980823549999911e+01,-1.194700000000000095e+00,-2.915500000000000203e+00,3.626526319422200273e-01,3.142712792365600083e-01,-3.362857880500400021e-01,-1.024048279000000061e+00,-8.318812899999999955e-01,2.477869546830000047e+02,2.024000000000000000e+03,1.100000000000000000e+01,2.500000000000000000e+01,1.200000000000000000e+01,3.200000000000000000e+01,3.303743899999999911e+01
4.001495611859999713e+01,-8.302981028183999967e+01,-1.187799999999999967e+00,-2.923299999999999788e+00,5.721485898703599915e-01,1.453735118879000143e-01,4.130225203302999581e-01,-9.537653329999999929e-01,-8.318454650000000061e-01,2.477115639239999894e+02,2.024000000000000000e+03,1.100000000000000000e+01,2.500000000000000000e+01,1.200000000000000000e+01,3.200000000000000000e+01,3.310979900000000242e+01
4.001495323449000097e+01,-8.302981911489999334e+01,-1.295199999999999907e+00,-2.886200000000000099e+00,-1.138349997923420176e+00,-1.459127331059399957e-01,-2.443803127444000439e-02,-9.285338650000000138e-01,-9.259280319999999564e-01,2.473736087119999922e+02,2.024000000000000000e+03,1.100000000000000000e+01,2.500000000000000000e+01,1.200000000000000000e+01,3.200000000000000000e+01,3.334856500000000068e+01
4.001495230510000312e+01,-8.302982180941999957e+01,-1.299099999999999921e+00,-2.869200000000000195e+00,-9.796464944746000048e-02,-5.085639985515999495e-01,3.436191104301999921e-02,-1.067885755000000048e+00,-9.561742690000000211e-01,2.473105195880000053e+02,2.024000000000000000e+03,1.100000000000000000e+01,2.500000000000000000e+01,1.200000000000000000e+01,3.200000000000000000e+01,3.343525300000000300e+01
4.001494914607999931e+01,-8.302983123989000092e+01,-1.229000000000000092e+00,-2.897299999999999986e+00,4.015138328164999937e-01,1.164351102081799955e-01,1.647934992601000070e-01,-1.188662276000000073e+00,-8.791603940000000117e-01,2.470931331280000052e+02,2.024000000000000000e+03,1.100000000000000000e+01,2.500000000000000000e+01,1.200000000000000000e+01,3.200000000000000000e+01,3.371195000000000164e+01
4.001494826214000256e+01,-8.302983395648999476e+01,-1.240699999999999914e+00,-2.903900000000000148e+00,-1.058834505970800005e-01,1.111175645667600020e-01,1.907857214899200127e-01,-1.133407473000000110e+00,-8.889131890000000480e-01,2.470333960140000045e+02,2.024000000000000000e+03,1.100000000000000000e+01,2.500000000000000000e+01,1.200000000000000000e+01,3.200000000000000000e+01,3.379441700000000282e+01
4.001494749468000123e+01,-8.302983634404000668e+01,-1.222499999999999920e+00,-2.929300000000000015e+00,7.827434567668000165e-01,1.187356573015539984e+00,-2.119125582431399812e-01,-1.051763454999999903e+00,-9.091986499999999971e-01,2.469683053480000012e+02,2.024000000000000000e+03,1.100000000000000000e+01,2.500000000000000000e+01,1.200000000000000000e+01,3.200000000000000000e+01,3.386573400000000333e+01
4.001494602694999969e+01,-8.302984076331999574e+01,-1.275099999999999900e+00,-2.872500000000000053e+00,-3.657260530870399817e-01,-7.237325612525600249e-01,5.316866491733599487e-01,-1.059209153999999931e+00,-9.887123690000000353e-01,2.468846578229999977e+02,2.024000000000000000e+03,1.100000000000000000e+01,2.500000000000000000e+01,1.200000000000000000e+01,3.200000000000000000e+01,3.399105099999999879e+01
4.001493853624999986e+01,-8.302986286723999854e+01,-1.257100000000000106e+00,-2.864199999999999857e+00,1.293884929892999969e-01,4.047297806570200329e-01,-5.409089824996000245e-02,-1.083963537000000033e+00,-7.088061839999999503e-01,2.467601141009999992e+02,2.024000000000000000e+03,1.100000000000000000e+01,2.500000000000000000e+01,1.200000000000000000e+01,3.200000000000000000e+01,3.466570999999999714e+01
4.001493706960000196e+01,-8.302986721118999469e+01,-1.267300000000000093e+00,-2.863799999999999901e+00,-1.230325598889480121e+00,1.648905478057199891e-01,4.300337422846000485e-02,-1.065327791000000079e+00,-6.136370100000000383e-01,2.468247002379999913e+02,2.024000000000000000e+03,1.100000000000000000e+01,2.500000000000000000e+01,1.200000000000000000e+01,3.200000000000000000e+01,3.477666899999999828e+01
4.001492654330999699e+01,-8.302989925180000341e+01,-1.200599999999999890e+00,-2.926499999999999879e+00,2.912725814325999862e-01,7.212564265384799889e-01,-7.888144752581999208e-02,-1.096473918999999908e+00,-9.436844330000000447e-01,2.478783121010000059e+02,2.024000000000000000e+03,1.100000000000000000e+01,2.500000000000000000e+01,1.200000000000000000e+01,3.200000000000000000e+01,3.573457799999999907e+01
4.001492462710000098e+01,-8.302990538190999814e+01,-1.156400000000000095e+00,-2.899500000000000188e+00,-4.046731208564200433e-01,-6.518529118017600821e-01,-4.660963444072400153e-01,-1.042653016999999904e+00,-1.058930142999999990e+00,2.482281512780000128e+02,2.024000000000000000e+03,1.100000000000000000e+01,2.500000000000000000e+01,1.200000000000000000e+01,3.200000000000000000e+01,3.591021800000000042e+01
4.001492400706000296e+01,-8.302990741847999345e+01,-1.138300000000000090e+00,-2.905699999999999950e+00,1.600902796979399856e-01,-1.304545549994600151e-01,-2.503438357992999741e-01,-1.024784300999999953e+00,-1.019627083000000045e+00,2.483303674370000067e+02,2.024000000000000000e+03,1.100000000000000000e+01,2.500000000000000000e+01,1.200000000000000000e+01,3.200000000000000000e+01,3.597637300000000238e+01
4.001492328842000035e+01,-8.302990979189999621e+01,-1.131199999999999983e+00,-2.899000000000000021e+00,1.637576002368200112e-01,-2.617906636941000342e-01,1.541994355964999841e-01,-9.827620999999999718e-01,-9.570986849999999491e-01,2.484559411959999977e+02,2.024000000000000000e+03,1.100000000000000000e+01,2.500000000000000000e+01,1.200000000000000000e+01,3.200000000000000000e+01,3.604305099999999840e+01
4.001492277367000128e+01,-8.302991148738999527e+01,-1.138400000000000079e+00,-2.909600000000000186e+00,2.024026301848000087e-01,5.548670231648999973e-01,4.481739496052200566e-01,-9.604477049999999849e-01,-9.050073870000000520e-01,2.485571183849999954e+02,2.024000000000000000e+03,1.100000000000000000e+01,2.500000000000000000e+01,1.200000000000000000e+01,3.200000000000000000e+01,3.610889699999999891e+01
4.001492226010000053e+01,-8.302991318875000104e+01,-1.130500000000000060e+00,-2.917400000000000215e+00,6.437144461236800064e-01,1.765278195116999904e-01,3.465161504725199904e-01,-9.454187630000000508e-01,-8.870468599999999926e-01,2.486584700559999987e+02,2.024000000000000000e+03,1.100000000000000000e+01,2.500000000000000000e+01,1.200000000000000000e+01,3.200000000000000000e+01,3.617451200000000000e+01
4.001492124975000308e+01,-8.302991659808000691e+01,-1.114500000000000046e+00,-2.918699999999999850e+00,-1.809215120568199997e-01,-9.573326056599999051e-03,6.679409343148000333e-02,-8.717923530000000198e-01,-8.347936870000000065e-01,2.488755159410000033e+02,2.024000000000000000e+03,1.100000000000000000e+01,2.500000000000000000e+01,1.200000000000000000e+01,3.200000000000000000e+01,3.624116999999999678e+01
4.001492053441000252e+01,-8.302991898112999536e+01,-1.135399999999999965e+00,-2.921300000000000008e+00,-1.811439948606800021e-01,2.271849934438600060e-01,2.646086186682199970e-01,-8.844926840000000290e-01,-8.383712399999999620e-01,2.490563050130000136e+02,2.024000000000000000e+03,1.100000000000000000e+01,2.500000000000000000e+01,1.200000000000000000e+01,3.200000000000000000e+01,3.631428499999999815e+01
4.001491982241999779e+01,-8.302992136860000016e+01,-1.120999999999999996e+00,-2.927900000000000169e+00,3.679697364406799842e-01,1.131258882776799979e-01,5.320944857920200111e-01,-9.087997970000000203e-01,-8.555615709999999652e-01,2.492221745459999909e+02,2.024000000000000000e+03,1.100000000000000000e+01,2.500000000000000000e+01,1.200000000000000000e+01,3.200000000000000000e+01,3.638119300000000322e+01
4.001491921363000159e+01,-8.302992341971000201e+01,-1.118100000000000094e+00,-2.929399999999999782e+00,3.732609569776599856e-01,-1.960554441605399933e-01,7.312529764599999538e-03,-9.537644229999999723e-01,-8.968446300000000315e-01,2.493661612919999868e+02,2.024000000000000000e+03,1.100000000000000000e+01,2.500000000000000000e+01,1.200000000000000000e+01,3.200000000000000000e+01,3.644627700000000203e+01
4.001491841391000293e+01,-8.302992614654999670e+01,-1.096400000000000041e+00,-2.911500000000000199e+00,1.342169778625199872e-01,-6.386117828156400167e-01,-7.668912758121200213e-01,-9.936211120000000285e-01,-8.927367499999999678e-01,2.495992047459999981e+02,2.024000000000000000e+03,1.100000000000000000e+01,2.500000000000000000e+01,1.200000000000000000e+01,3.200000000000000000e+01,3.652623499999999979e+01
4.001491772162000160e+01,-8.302992851743999836e+01,-1.091599999999999904e+00,-2.892700000000000049e+00,-1.129782941659999984e-02,-5.607344287813600392e-01,-8.049582404021199400e-01,-1.051465600000000000e+00,-8.129921789999999815e-01,2.498413603170000101e+02,2.024000000000000000e+03,1.100000000000000000e+01,2.500000000000000000e+01,1.200000000000000000e+01,3.200000000000000000e+01,3.659528999999999854e+01
4.001491704047000297e+01,-8.302993088293000312e+01,-1.056499999999999995e+00,-2.904300000000000104e+00,1.420135415033940030e+00,1.200333824924799953e-01,1.119352834424000021e-01,-1.116439087999999913e+00,-6.911599630000000438e-01,2.500913450769999997e+02,2.024000000000000000e+03,1.100000000000000000e+01,2.500000000000000000e+01,1.200000000000000000e+01,3.200000000000000000e+01,3.666325199999999995e+01
4.001491638150000085e+01,-8.302993326650999961e+01,-1.031199999999999894e+00,-2.932399999999999896e+00,8.160553373065000393e-01,6.509488393010199880e-01,4.355395778478000218e-02,-1.113462699000000056e+00,-6.101311430000000424e-01,2.503365825779999909e+02,2.024000000000000000e+03,1.100000000000000000e+01,2.500000000000000000e+01,1.200000000000000000e+01,3.200000000000000000e+01,3.672946100000000058e+01
4.001491583421999820e+01,-8.302993533238000623e+01,-9.865000000000000435e-01,-2.964700000000000113e+00,1.852275599986360044e+00,3.647594719034600308e-01,5.356044245482399768e-01,-1.074295396999999985e+00,-6.063732630000000512e-01,2.505568074079999974e+02,2.024000000000000000e+03,1.100000000000000000e+01,2.500000000000000000e+01,1.200000000000000000e+01,3.200000000000000000e+01,3.679908600000000263e+01
4.001491512223000058e+01,-8.302993810802000496e+01,-9.871999999999999664e-01,-2.975499999999999812e+00,-1.939103466690400013e-01,1.864113261875599836e-01,4.748736855676800039e-01,-9.666475589999999896e-01,-6.439781239999999851e-01,2.509015341660000047e+02,2.024000000000000000e+03,1.100000000000000000e+01,2.500000000000000000e+01,1.200000000000000000e+01,3.200000000000000000e+01,3.686710999999999672e+01
4.001491432107000179e+01,-8.302994125112999768e+01,-9.846000000000000307e-01,-3.017399999999999860e+00,4.966635293064999845e-01,1.343364442906500145e+00,-2.234926767995600305e-01,-9.450393820000000389e-01,-7.512213760000000518e-01,2.513131641049999985e+02,2.024000000000000000e+03,1.100000000000000000e+01,2.500000000000000000e+01,1.200000000000000000e+01,3.200000000000000000e+01,3.696356600000000014e+01
4.001490663252999980e+01,-8.302997874032999448e+01,-5.014999999999999458e-01,-2.794500000000000206e+00,1.966778781804200127e-01,3.343933164807399994e-01,1.473735730574980085e+00,-1.063531989999999983e+00,2.440999369999999891e-01,2.578766746559999774e+02,2.024000000000000000e+03,1.100000000000000000e+01,2.500000000000000000e+01,1.200000000000000000e+01,3.200000000000000000e+01,3.812380399999999980e+01
4.001490603490999831e+01,-8.302998298206000527e+01,-5.284999999999999698e-01,-2.777200000000000113e+00,1.271341753198999835e-01,-5.635708395598000298e-01,-5.162992546263999588e-02,-1.071855973999999989e+00,1.144347230000000021e-01,2.590971516170000086e+02,2.024000000000000000e+03,1.100000000000000000e+01,2.500000000000000000e+01,1.200000000000000000e+01,3.200000000000000000e+01,3.823761799999999766e+01
4.001490566316000042e+01,-8.302998556074000192e+01,-5.047000000000000375e-01,-2.757899999999999796e+00,7.345218006274399913e-01,-6.446472136728599311e-01,-3.202694679356200003e-01,-1.266470129000000000e+00,4.802985199999999788e-02,2.597702464949999808e+02,2.024000000000000000e+03,1.100000000000000000e+01,2.500000000000000000e+01,1.200000000000000000e+01,3.200000000000000000e+01,3.830407699999999949e+01
4.001490536741000170e+01,-8.302998780314000271e+01,-4.390000000000000013e-01,-2.740200000000000191e+00,1.735269123368839761e+00,-8.719180006536400018e-01,-7.503809440147800602e-01,-1.396190419999999932e+00,3.492744700000000035e-02,2.603426998529999992e+02,2.024000000000000000e+03,1.100000000000000000e+01,2.500000000000000000e+01,1.200000000000000000e+01,3.200000000000000000e+01,3.837001000000000062e+01
4.001490376163999940e+01,-8.303001474693999739e+01,2.259999999999999856e-02,-2.551200000000000134e+00,1.360103609631519994e+00,-2.934579298741200049e-01,1.646647537512799797e-01,-1.539052847000000002e+00,6.256310179999999832e-01,2.682456521080000016e+02,2.024000000000000000e+03,1.100000000000000000e+01,2.500000000000000000e+01,1.200000000000000000e+01,3.200000000000000000e+01,3.925606899999999655e+01
4.001490588291999728e+01,-8.303004136063999852e+01,5.069000000000000172e-01,-2.208600000000000119e+00,1.093352970273899993e+00,-5.454940030862399647e-01,3.078065994425199792e-01,-1.125109227999999906e+00,1.050210198000000039e+00,2.794396755380000172e+02,2.024000000000000000e+03,1.100000000000000000e+01,2.500000000000000000e+01,1.200000000000000000e+01,3.200000000000000000e+01,4.019794699999999921e+01
4.001490644244000094e+01,-8.303004442703000620e+01,5.145999999999999464e-01,-2.187600000000000211e+00,-3.230927948147799822e-01,-3.926610050907400340e-01,1.443812529292400060e-01,-1.085974749000000017e+00,1.067810759000000109e+00,2.809577037369999744e+02,2.024000000000000000e+03,1.100000000000000000e+01,2.500000000000000000e+01,1.200000000000000000e+01,3.200000000000000000e+01,4.031356900000000110e+01
4.001490677463999646e+01,-8.303004619920000096e+01,5.380000000000000338e-01,-2.166199999999999903e+00,1.004740499638880014e+00,-5.957734122690200307e-01,9.838566368529999551e-02,-1.122384845000000020e+00,1.090377922999999916e+00,2.819054302189999817e+02,2.024000000000000000e+03,1.100000000000000000e+01,2.500000000000000000e+01,1.200000000000000000e+01,3.200000000000000000e+01,4.038026099999999730e+01
4.001491293763999835e+01,-8.303006693841000185e+01,9.383000000000000229e-01,-1.836999999999999966e+00,1.465041608002080054e+00,-3.631504338345399874e-01,-4.880354209214000094e-01,-6.544588479999999819e-01,1.090827967999999926e+00,2.936076384169999756e+02,2.024000000000000000e+03,1.100000000000000000e+01,2.500000000000000000e+01,1.200000000000000000e+01,3.200000000000000000e+01,4.127078399999999903e+01
4.001491427023999847e+01,-8.303007008324000537e+01,1.009500000000000064e+00,-1.766299999999999981e+00,6.016156153507199456e-01,-5.638317773248799902e-01,1.412969975536999823e-01,-4.648495999999999739e-01,1.100045010000000101e+00,2.956141135839999947e+02,2.024000000000000000e+03,1.100000000000000000e+01,2.500000000000000000e+01,1.200000000000000000e+01,3.200000000000000000e+01,4.142024299999999926e+01
4.001492182887999860e+01,-8.303008487350000166e+01,1.282000000000000028e+00,-1.558899999999999952e+00,1.186418934249700019e+00,1.637709839088200003e-01,1.118294187304400000e-01,-5.090484370000000203e-01,1.111807495999999951e+00,3.054640828589999728e+02,2.024000000000000000e+03,1.100000000000000000e+01,2.500000000000000000e+01,1.200000000000000000e+01,3.200000000000000000e+01,4.219262200000000007e+01
4.001492373098999877e+01,-8.303008770514999526e+01,1.343199999999999950e+00,-1.489999999999999991e+00,7.727981911344800059e-01,-4.839468150651799472e-01,-6.430195542777999984e-02,-2.466655209999999987e-01,1.054989509000000103e+00,3.075861966759999859e+02,2.024000000000000000e+03,1.100000000000000000e+01,2.500000000000000000e+01,1.200000000000000000e+01,3.200000000000000000e+01,4.232825600000000321e+01
4.001493537654000221e+01,-8.303010198085999605e+01,1.590999999999999970e+00,-1.255500000000000060e+00,9.804383857955999426e-01,8.175799062265999562e-02,1.555462800223000042e-01,-5.487974000000000324e-02,1.076996183999999968e+00,3.188858268100000259e+02,2.024000000000000000e+03,1.100000000000000000e+01,2.500000000000000000e+01,1.200000000000000000e+01,3.200000000000000000e+01,4.322032600000000002e+01
4.001493784848999979e+01,-8.303010441822000587e+01,1.637599999999999945e+00,-1.228699999999999903e+00,1.406235722316800052e+00,2.094013444185800210e-01,1.988848352115800133e-01,-1.614251650000000093e-01,9.988507239999999676e-01,3.210947101200000020e+02,2.024000000000000000e+03,1.100000000000000000e+01,2.500000000000000000e+01,1.200000000000000000e+01,3.200000000000000000e+01,4.338927600000000240e+01
4.001493874437999665e+01,-8.303010524607999798e+01,1.666800000000000059e+00,-1.168900000000000050e+00,1.963162846684920027e+00,-4.615538417977200214e-01,2.781502334387799813e-01,-1.643959680000000034e-01,9.596654550000000006e-01,3.218432519489999777e+02,2.024000000000000000e+03,1.100000000000000000e+01,2.500000000000000000e+01,1.200000000000000000e+01,3.200000000000000000e+01,4.345698999999999756e+01
4.001494134746000242e+01,-8.303010745137000015e+01,1.729600000000000026e+00,-1.085700000000000109e+00,1.000867768966239968e+00,1.027427249000200105e-01,-3.613617536182200385e-01,-6.371872700000000278e-02,8.920152770000000508e-01,3.239956978929999991e+02,2.024000000000000000e+03,1.100000000000000000e+01,2.500000000000000000e+01,1.200000000000000000e+01,3.200000000000000000e+01,4.362316200000000066e+01
4.001494882979000067e+01,-8.303011293871999499e+01,1.822899999999999965e+00,-9.125999999999999668e-01,7.690210837296600488e-01,5.624300354068000746e-02,-1.533849877330199785e-01,1.518331699999999999e-02,8.282260630000000123e-01,3.301084616239999718e+02,2.024000000000000000e+03,1.100000000000000000e+01,2.500000000000000000e+01,1.200000000000000000e+01,3.200000000000000000e+01,4.415335799999999722e+01
4.001496617901000263e+01,-8.303012101372000586e+01,2.034400000000000208e+00,-4.433000000000000274e-01,1.554742368951480103e+00,8.789458122127999373e-02,3.988820358924000109e-02,2.314420540000000082e-01,7.934291999999999456e-01,3.435978503709999927e+02,2.024000000000000000e+03,1.100000000000000000e+01,2.500000000000000000e+01,1.200000000000000000e+01,3.200000000000000000e+01,4.508818500000000284e+01
4.001496893912000274e+01,-8.303012170082000409e+01,2.048700000000000188e+00,-3.619999999999999885e-01,9.764068328659999407e-01,-2.377460622076799923e-01,-3.271221760756399810e-01,3.658967879999999728e-01,7.706848990000000343e-01,3.457398535450000168e+02,2.024000000000000000e+03,1.100000000000000000e+01,2.500000000000000000e+01,1.200000000000000000e+01,3.200000000000000000e+01,4.524492800000000159e+01
4.001497022806999837e+01,-8.303012198211999362e+01,2.038100000000000023e+00,-3.488999999999999879e-01,1.105504634949199955e-01,-1.738306015907999935e-01,-1.053153857430000062e-01,4.267849819999999794e-01,7.768443910000000230e-01,3.467913619560000029e+02,2.024000000000000000e+03,1.100000000000000000e+01,2.500000000000000000e+01,1.200000000000000000e+01,3.200000000000000000e+01,4.530735899999999816e+01
4.001497132851000060e+01,-8.303012221682999439e+01,2.031899999999999817e+00,-3.446000000000000174e-01,2.108000314213800130e-01,-2.396111930429999926e-01,-2.634162560354200155e-01,4.075791819999999843e-01,8.105437869999999601e-01,3.476970906409999884e+02,2.024000000000000000e+03,1.100000000000000000e+01,2.500000000000000000e+01,1.200000000000000000e+01,3.200000000000000000e+01,4.537388599999999883e+01
4.001497261621000234e+01,-8.303012247239999510e+01,2.050199999999999800e+00,-2.975999999999999757e-01,1.763479683171440104e+00,2.725159069548999669e-01,2.058442764937400138e-01,3.439180660000000223e-01,8.358984900000000495e-01,3.487305835230000071e+02,2.024000000000000000e+03,1.100000000000000000e+01,2.500000000000000000e+01,1.200000000000000000e+01,3.200000000000000000e+01,4.544066899999999976e+01
4.001497391027000106e+01,-8.303012268335000101e+01,2.052500000000000213e+00,-2.444000000000000061e-01,1.255232313212440109e+00,-2.631865747667400113e-01,3.127935461650800386e-01,3.434975259999999975e-01,8.275720389999999815e-01,3.497395696309999948e+02,2.024000000000000000e+03,1.100000000000000000e+01,2.500000000000000000e+01,1.200000000000000000e+01,3.200000000000000000e+01,4.550786300000000040e+01
4.001497501854999683e+01,-8.303012283283000272e+01,2.045799999999999841e+00,-2.083000000000000129e-01,9.970367642810199493e-01,-4.179139252079199784e-01,1.606787106514200036e-01,3.592306160000000026e-01,8.131623100000000548e-01,3.506135286379999911e+02,2.024000000000000000e+03,1.100000000000000000e+01,2.500000000000000000e+01,1.200000000000000000e+01,3.200000000000000000e+01,4.557465499999999992e+01
4.001497630589999943e+01,-8.303012297603000036e+01,2.035099999999999909e+00,-1.698999999999999955e-01,9.720200765690399924e-01,-4.565714839432399863e-01,4.764726651178000094e-02,3.746469960000000099e-01,8.025335749999999990e-01,3.516701780949999829e+02,2.024000000000000000e+03,1.100000000000000000e+01,2.500000000000000000e+01,1.200000000000000000e+01,3.200000000000000000e+01,4.564159399999999778e+01
4.001497758746000244e+01,-8.303012309295000648e+01,2.029100000000000126e+00,-1.317000000000000115e-01,1.360838052150280086e+00,-2.825452856769199994e-01,-2.385322828259800187e-01,3.616631539999999867e-01,8.011654040000000254e-01,3.527396114900000157e+02,2.024000000000000000e+03,1.100000000000000000e+01,2.500000000000000000e+01,1.200000000000000000e+01,3.200000000000000000e+01,4.571099900000000105e+01
4.001497886803999648e+01,-8.303012316980999685e+01,2.029900000000000038e+00,-8.179999999999999771e-02,1.295261879507159986e+00,-1.627999201338000135e-01,-3.950128206575399537e-01,3.921094179999999874e-01,8.009695020000000554e-01,3.537786371419999796e+02,2.024000000000000000e+03,1.100000000000000000e+01,2.500000000000000000e+01,1.200000000000000000e+01,3.200000000000000000e+01,4.577799399999999963e+01
4.001497996484000197e+01,-8.303012320781999733e+01,2.025999999999999801e+00,-4.970000000000000112e-02,1.495249319071360050e+00,-4.107963207096600455e-01,-1.139020850724799944e-01,4.189525119999999991e-01,7.975608290000000267e-01,3.546432634480000274e+02,2.024000000000000000e+03,1.100000000000000000e+01,2.500000000000000000e+01,1.200000000000000000e+01,3.200000000000000000e+01,4.584435799999999972e+01
4.001498105782000181e+01,-8.303012322812000434e+01,2.016999999999999904e+00,-2.759999999999999953e-02,8.467502632594600120e-01,-3.466020187632800065e-01,3.474859127384999913e-01,4.160055719999999901e-01,7.943441860000000077e-01,3.555062153900000226e+02,2.024000000000000000e+03,1.100000000000000000e+01,2.500000000000000000e+01,1.200000000000000000e+01,3.200000000000000000e+01,4.590407799999999838e+01
4.001498232782999764e+01,-8.303012322751000340e+01,2.009300000000000086e+00,1.089999999999999997e-02,1.231114049172240099e+00,-3.100388588399800027e-01,1.458939227937399996e-01,4.274239020000000222e-01,7.960765509999999656e-01,3.565447508639999796e+02,2.024000000000000000e+03,1.100000000000000000e+01,2.500000000000000000e+01,1.200000000000000000e+01,3.200000000000000000e+01,4.597358599999999740e+01
4.001498341335000219e+01,-8.303012320067000474e+01,2.005799999999999805e+00,4.159999999999999809e-02,9.006584496495200209e-01,-1.553103119035600110e-01,-1.609501119092799915e-01,4.700550669999999931e-01,7.985682549999999491e-01,3.574494156530000168e+02,2.024000000000000000e+03,1.100000000000000000e+01,2.500000000000000000e+01,1.200000000000000000e+01,3.200000000000000000e+01,4.603301199999999938e+01
4.001498449753999864e+01,-8.303012315246000696e+01,2.004700000000000149e+00,7.499999999999999722e-02,1.146916630561579886e+00,-3.830376702605999689e-02,6.020541726345999406e-02,4.902957960000000059e-01,7.902057770000000536e-01,3.583398040839999794e+02,2.024000000000000000e+03,1.100000000000000000e+01,2.500000000000000000e+01,1.200000000000000000e+01,3.200000000000000000e+01,4.609843899999999906e+01
4.001498521940000330e+01,-8.303012310418999675e+01,2.000700000000000145e+00,1.062000000000000027e-01,1.505736327662140051e+00,-2.007989595412199846e-01,1.842896305539200030e-01,5.105820490000000378e-01,7.776866420000000391e-01,3.589173462570000197e+02,2.024000000000000000e+03,1.100000000000000000e+01,2.500000000000000000e+01,1.200000000000000000e+01,3.200000000000000000e+01,4.616409000000000162e+01
4.001498665876999894e+01,-8.303012296909000156e+01,1.991600000000000037e+00,1.567999999999999949e-01,1.055664401516180018e+00,-2.253791711930600294e-01,2.630678122367400285e-01,5.945185120000000545e-01,7.548697349999999862e-01,5.655795799999999846e-02,2.024000000000000000e+03,1.100000000000000000e+01,2.500000000000000000e+01,1.200000000000000000e+01,3.200000000000000000e+01,4.623076400000000064e+01
4.001498809307999949e+01,-8.303012279317999855e+01,1.990399999999999947e+00,1.922999999999999987e-01,4.228513853406600242e-01,1.026395213577999989e-02,-3.706434643690000030e-02,6.915303879999999959e-01,7.411483150000000020e-01,1.208615388999999984e+00,2.024000000000000000e+03,1.100000000000000000e+01,2.500000000000000000e+01,1.200000000000000000e+01,3.200000000000000000e+01,4.629681599999999975e+01
4.001498934869999857e+01,-8.303012260830000457e+01,1.991300000000000070e+00,2.298999999999999932e-01,1.003072638464259869e+00,1.739272833046000277e-02,-1.421934965830400077e-01,7.769263579999999836e-01,7.193143010000000448e-01,2.218659805999999790e+00,2.024000000000000000e+03,1.100000000000000000e+01,2.500000000000000000e+01,1.200000000000000000e+01,3.200000000000000000e+01,4.636225400000000008e+01
4.001499060274999664e+01,-8.303012240472999395e+01,1.986499999999999932e+00,2.449999999999999956e-01,4.710758998038799827e-01,-1.302179262785800040e-01,-3.065167053979999875e-03,8.374592189999999770e-01,7.115072350000000156e-01,3.210682268999999867e+00,2.024000000000000000e+03,1.100000000000000000e+01,2.500000000000000000e+01,1.200000000000000000e+01,3.200000000000000000e+01,4.642837600000000009e+01
4.001499167613000196e+01,-8.303012221833999718e+01,1.986099999999999977e+00,2.596999999999999864e-01,3.472332456898999942e-01,3.930248660714000253e-02,4.453715682408599941e-01,8.592261319999999758e-01,7.084301739999999681e-01,4.049881934000000072e+00,2.024000000000000000e+03,1.100000000000000000e+01,2.500000000000000000e+01,1.200000000000000000e+01,3.200000000000000000e+01,4.649414900000000017e+01
4.001500759296000354e+01,-8.303011712916000420e+01,1.996899999999999897e+00,6.996999999999999886e-01,1.090139077178899907e+00,-2.477092944478000158e-02,-3.168964165895600260e-01,9.787457400000000307e-01,4.442071009999999931e-01,1.631461562100000151e+01,2.024000000000000000e+03,1.100000000000000000e+01,2.500000000000000000e+01,1.200000000000000000e+01,3.200000000000000000e+01,4.736953599999999653e+01
4.001502475889999744e+01,-8.303010587400000020e+01,2.017799999999999816e+00,1.318000000000000060e+00,1.801190646233920001e+00,1.303006908957199950e-01,1.420946660486200053e-01,1.140019241000000072e+00,4.865490900000000313e-02,3.015494556200000176e+01,2.024000000000000000e+03,1.100000000000000000e+01,2.500000000000000000e+01,1.200000000000000000e+01,3.200000000000000000e+01,4.832330199999999820e+01
4.001502745129999994e+01,-8.303010345993000385e+01,1.996599999999999930e+00,1.419899999999999940e+00,2.654901961960160151e+00,1.407524839140040118e+00,-1.515671234887800145e-01,1.097023384000000101e+00,9.257284899999999872e-02,3.247672938899999906e+01,2.024000000000000000e+03,1.100000000000000000e+01,2.500000000000000000e+01,1.200000000000000000e+01,3.200000000000000000e+01,4.847119500000000158e+01
4.001502870147000124e+01,-8.303010225318000437e+01,1.991500000000000048e+00,1.501100000000000101e+00,1.716743251493660027e+00,1.240392714469900071e+00,-2.017876071179600106e-01,1.111444832999999965e+00,8.758428899999999573e-02,3.357511483599999735e+01,2.024000000000000000e+03,1.100000000000000000e+01,2.500000000000000000e+01,1.200000000000000000e+01,3.200000000000000000e+01,4.854133099999999956e+01
4.001502959447000052e+01,-8.303010135588000651e+01,1.996099999999999985e+00,1.540300000000000002e+00,9.449825729128799034e-01,1.046318426441680050e+00,-2.716472257638399834e-01,1.160684024999999897e+00,6.020154800000000056e-02,3.435694226900000103e+01,2.024000000000000000e+03,1.100000000000000000e+01,2.500000000000000000e+01,1.200000000000000000e+01,3.200000000000000000e+01,4.859985999999999962e+01
4.001503084819999856e+01,-8.303010006872999327e+01,1.999000000000000110e+00,1.579099999999999948e+00,1.208159289931180158e+00,9.793849932126998947e-01,-1.494164517652200042e-01,1.187744358000000000e+00,4.939113999999999657e-03,3.545081697599999870e+01,2.024000000000000000e+03,1.100000000000000000e+01,2.500000000000000000e+01,1.200000000000000000e+01,3.200000000000000000e+01,4.866574599999999862e+01
4.001503209757999713e+01,-8.303009874626999931e+01,1.981800000000000006e+00,1.630800000000000027e+00,1.561178930812100019e+00,5.377629848778600063e-01,-7.383976413671999861e-02,1.172890865000000060e+00,-2.982713400000000167e-02,3.655162679400000059e+01,2.024000000000000000e+03,1.100000000000000000e+01,2.500000000000000000e+01,1.200000000000000000e+01,3.200000000000000000e+01,4.873319000000000045e+01
4.001503333688000197e+01,-8.303009737553000491e+01,1.969100000000000072e+00,1.695899999999999963e+00,1.655792863710460194e+00,9.886478208567399673e-01,-2.517715560152000154e-01,1.202462402000000097e+00,-4.434563200000000288e-02,3.766049064500000298e+01,2.024000000000000000e+03,1.100000000000000000e+01,2.500000000000000000e+01,1.200000000000000000e+01,3.200000000000000000e+01,4.880001899999999893e+01
4.001503456956999827e+01,-8.303009594764999690e+01,1.955500000000000016e+00,1.770799999999999930e+00,1.829264680738320159e+00,1.046150028126139997e+00,-5.193180084422399645e-01,1.234658604000000048e+00,-7.491519500000000387e-02,3.875577016100000094e+01,2.024000000000000000e+03,1.100000000000000000e+01,2.500000000000000000e+01,1.200000000000000000e+01,3.200000000000000000e+01,4.886680700000000144e+01
4.001503647799999897e+01,-8.303009358110999472e+01,1.917799999999999949e+00,1.882600000000000051e+00,1.589995983968000015e+00,7.365206945567599472e-01,1.793605821475600104e-01,1.344777456999999954e+00,-1.202088830000000025e-01,4.044887248799999924e+01,2.024000000000000000e+03,1.100000000000000000e+01,2.500000000000000000e+01,1.200000000000000000e+01,3.200000000000000000e+01,4.897581199999999768e+01
4.001504566212999947e+01,-8.303008066255000585e+01,1.892500000000000071e+00,2.285499999999999865e+00,1.156149019816580026e+00,8.272437602873000673e-01,-1.996261111581000003e-01,1.223417243999999959e+00,-6.585495080000000057e-01,4.844227620400000234e+01,2.024000000000000000e+03,1.100000000000000000e+01,2.500000000000000000e+01,1.200000000000000000e+01,3.200000000000000000e+01,4.951308499999999668e+01
4.001504718972999797e+01,-8.303007820595000510e+01,1.875699999999999923e+00,2.355399999999999938e+00,1.102846706959999951e-02,1.136359665837400001e+00,-4.998068262972400477e-01,1.152177871999999992e+00,-7.870679480000000172e-01,4.959544031400000108e+01,2.024000000000000000e+03,1.100000000000000000e+01,2.500000000000000000e+01,1.200000000000000000e+01,3.200000000000000000e+01,5.047615499999999855e+01
4.001507275576999945e+01,-8.303001801482000133e+01,1.364200000000000079e+00,3.182500000000000107e+00,-5.174672111675999997e-02,2.800102518823999881e-02,-7.540441798521799743e-01,1.369006573000000060e+00,2.354879059999999968e-01,6.693341877899999304e+01,2.024000000000000000e+03,1.100000000000000000e+01,2.500000000000000000e+01,1.200000000000000000e+01,3.200000000000000000e+01,5.138952299999999696e+01
4.001508053101999707e+01,-8.302999272430000133e+01,1.334100000000000064e+00,3.373200000000000198e+00,9.255276328861200552e-01,2.258222692287399913e-01,-6.275898663122200238e-01,1.135034477000000042e+00,3.261685530000000277e-01,6.854833985599999835e+01,2.024000000000000000e+03,1.100000000000000000e+01,2.500000000000000000e+01,1.200000000000000000e+01,3.200000000000000000e+01,5.204128000000000043e+01
4.001508112214000334e+01,-8.302999073219000081e+01,1.317800000000000082e+00,3.384399999999999853e+00,5.049444576530600637e-01,-1.954830369970200210e-01,-7.339012757997399605e-01,1.149591299999999983e+00,2.714372689999999810e-01,6.862576486800000453e+01,2.024000000000000000e+03,1.100000000000000000e+01,2.500000000000000000e+01,1.200000000000000000e+01,3.200000000000000000e+01,5.221916099999999972e+01
4.001509306025000257e+01,-8.302995033307999506e+01,1.291700000000000070e+00,3.419000000000000039e+00,1.740460501470800225e-01,-2.041006998575400078e-01,2.124534095367999753e-02,1.284752544999999913e+00,2.913767689999999799e-01,6.928951553400000307e+01,2.024000000000000000e+03,1.100000000000000000e+01,2.500000000000000000e+01,1.200000000000000000e+01,3.200000000000000000e+01,5.312436199999999786e+01
4.001509540368000017e+01,-8.302994233949999625e+01,1.314999999999999947e+00,3.398899999999999810e+00,-3.721220586194600166e-01,-1.594221250676799984e-01,2.620930755138000112e-01,1.382141207999999954e+00,4.108855439999999914e-01,6.923359503700000062e+01,2.024000000000000000e+03,1.100000000000000000e+01,2.500000000000000000e+01,1.200000000000000000e+01,3.200000000000000000e+01,5.329433199999999715e+01
4.001509623812999905e+01,-8.302993956457000024e+01,1.318699999999999983e+00,3.378800000000000026e+00,1.982764551879999740e-03,-5.681600786997399455e-01,-2.007905190113999996e-02,1.367039346000000100e+00,4.220174409999999932e-01,6.922137101200000586e+01,2.024000000000000000e+03,1.100000000000000000e+01,2.500000000000000000e+01,1.200000000000000000e+01,3.200000000000000000e+01,5.336120400000000075e+01
4.001509707617000089e+01,-8.302993679530000293e+01,1.336500000000000021e+00,3.390299999999999869e+00,-4.973581363248200105e-01,9.179577440144199851e-01,-5.611041505009400909e-01,1.344458882000000077e+00,4.345317739999999818e-01,6.919799752000000126e+01,2.024000000000000000e+03,1.100000000000000000e+01,2.500000000000000000e+01,1.200000000000000000e+01,3.200000000000000000e+01,5.342801599999999951e+01
4.001509779663999922e+01,-8.302993441169999755e+01,1.335700000000000109e+00,3.391000000000000014e+00,-6.332896439545799838e-01,-1.920493167430000203e-01,-3.095615516252799848e-01,1.322989707000000070e+00,3.526118019999999742e-01,6.916529303500000481e+01,2.024000000000000000e+03,1.100000000000000000e+01,2.500000000000000000e+01,1.200000000000000000e+01,3.200000000000000000e+01,5.349455999999999989e+01
4.001509864828999952e+01,-8.302993164917999991e+01,1.346600000000000019e+00,3.364300000000000068e+00,5.233640639895999896e-02,-3.871173382242799610e-01,-1.289570929425800094e-01,1.213172785999999892e+00,2.922473259999999740e-01,6.913004005899999527e+01,2.024000000000000000e+03,1.100000000000000000e+01,2.500000000000000000e+01,1.200000000000000000e+01,3.200000000000000000e+01,5.356052999999999997e+01
4.001509947600000316e+01,-8.302992889518999675e+01,1.278499999999999970e+00,3.359700000000000131e+00,2.017754510885160002e+00,-6.088570214457800223e-01,3.880697550421999958e-02,1.228031799000000035e+00,2.659084769999999764e-01,6.908401883599999849e+01,2.024000000000000000e+03,1.100000000000000000e+01,2.500000000000000000e+01,1.200000000000000000e+01,3.200000000000000000e+01,5.362696300000000349e+01
4.001510970547000312e+01,-8.302989543110000170e+01,1.283900000000000041e+00,3.193000000000000060e+00,1.511490121908000139e-01,4.716670938156000137e-01,1.236029925726420009e+00,1.154790720000000048e+00,4.355990869999999959e-01,6.863129802299999938e+01,2.024000000000000000e+03,1.100000000000000000e+01,2.500000000000000000e+01,1.200000000000000000e+01,3.200000000000000000e+01,5.451529099999999772e+01
4.001512023920000161e+01,-8.302986131488999888e+01,1.184800000000000075e+00,3.037999999999999812e+00,-1.558239686076799968e-01,-9.469196379898001115e-02,-2.983716077320999749e-01,1.271052786999999906e+00,2.825818999999999814e-03,6.858795404399999995e+01,2.024000000000000000e+03,1.100000000000000000e+01,2.500000000000000000e+01,1.200000000000000000e+01,3.200000000000000000e+01,5.545666500000000099e+01
4.001513043971999650e+01,-8.302982815615999357e+01,1.138099999999999890e+00,2.861000000000000210e+00,4.331443554787199890e-01,-3.064525526349600182e-01,-2.457696184397800132e-01,1.180383404000000080e+00,1.631375150000000107e-01,6.876680580299999690e+01,2.024000000000000000e+03,1.100000000000000000e+01,2.500000000000000000e+01,1.200000000000000000e+01,3.200000000000000000e+01,5.641848300000000194e+01
4.001514021676999988e+01,-8.302979601351999861e+01,1.117099999999999982e+00,2.915200000000000014e+00,6.682485486828999566e-01,-1.150735670889420081e+00,7.782151151091999675e-02,1.296390654000000087e+00,3.750739109999999821e-01,6.879395801500000118e+01,2.024000000000000000e+03,1.100000000000000000e+01,2.500000000000000000e+01,1.200000000000000000e+01,3.200000000000000000e+01,5.735651699999999664e+01
4.001514443540000343e+01,-8.302978221310999629e+01,1.128300000000000081e+00,2.836699999999999999e+00,4.340388228247999552e-02,-4.509585956575800081e-01,-1.994764163598999884e-01,1.231976372999999958e+00,4.653244579999999964e-01,6.878354425000000560e+01,2.024000000000000000e+03,1.100000000000000000e+01,2.500000000000000000e+01,1.200000000000000000e+01,3.200000000000000000e+01,5.778242399999999890e+01
4.001514523536000212e+01,-8.302977955528000109e+01,1.107499999999999929e+00,2.841000000000000192e+00,-5.313828686811999241e-02,-6.626149996977999390e-02,-8.970638219146400694e-01,1.235697609000000030e+00,4.675050379999999839e-01,6.877619618900000376e+01,2.024000000000000000e+03,1.100000000000000000e+01,2.500000000000000000e+01,1.200000000000000000e+01,3.200000000000000000e+01,5.787173700000000309e+01
4.001514612412999838e+01,-8.302977657741999451e+01,1.089399999999999924e+00,2.818000000000000060e+00,2.736835915729000090e-01,-6.161824642348199266e-01,-2.039547065152200189e-01,1.329279968999999895e+00,4.626529389999999853e-01,6.879576157799999692e+01,2.024000000000000000e+03,1.100000000000000000e+01,2.500000000000000000e+01,1.200000000000000000e+01,3.200000000000000000e+01,5.793887200000000348e+01
4.001514680660999801e+01,-8.302977427775999786e+01,1.086300000000000043e+00,2.797299999999999898e+00,-1.319781601763199974e-01,-8.292923579763199493e-01,-1.108839362775219994e+00,1.392458975999999904e+00,5.094801329999999462e-01,6.878205500200000699e+01,2.024000000000000000e+03,1.100000000000000000e+01,2.500000000000000000e+01,1.200000000000000000e+01,3.200000000000000000e+01,5.801364900000000091e+01
4.001515097803999765e+01,-8.302976069627000300e+01,1.083199999999999941e+00,2.723100000000000076e+00,-2.666349939340000030e-02,-4.645113292481199974e-01,-5.297128575910600157e-01,1.298488571999999897e+00,3.591279430000000050e-01,6.871669738500000335e+01,2.024000000000000000e+03,1.100000000000000000e+01,2.500000000000000000e+01,1.200000000000000000e+01,3.200000000000000000e+01,5.845009300000000252e+01
4.001515195579000306e+01,-8.302975752503000706e+01,1.085700000000000109e+00,2.699500000000000011e+00,5.621316926748000375e-02,-3.742734028178399952e-01,-6.307444295180599791e-01,1.272342781000000089e+00,3.100533209999999928e-01,6.871279382000000169e+01,2.024000000000000000e+03,1.100000000000000000e+01,2.500000000000000000e+01,1.200000000000000000e+01,3.200000000000000000e+01,5.852723300000000251e+01
4.001515273211000334e+01,-8.302975500047000423e+01,1.075399999999999912e+00,2.694199999999999928e+00,1.052221223136600020e-01,-2.127380632836599894e-01,-2.942767569624799573e-01,1.259884739999999947e+00,2.767664710000000139e-01,6.868797681899999930e+01,2.024000000000000000e+03,1.100000000000000000e+01,2.500000000000000000e+01,1.200000000000000000e+01,3.200000000000000000e+01,5.861387599999999765e+01
4.001515349972999758e+01,-8.302975248596999336e+01,1.058699999999999974e+00,2.673700000000000188e+00,2.054063721580400015e-01,-7.850894934854799612e-01,1.774282979226800006e-01,1.283579416000000029e+00,2.405004079999999989e-01,6.865765942100000530e+01,2.024000000000000000e+03,1.100000000000000000e+01,2.500000000000000000e+01,1.200000000000000000e+01,3.200000000000000000e+01,5.868719899999999967e+01
4.001515416736999953e+01,-8.302975030572000037e+01,1.061700000000000088e+00,2.648299999999999876e+00,-3.449979470212399812e-01,-6.885426859195399318e-01,2.053699755630800095e-01,1.279699517999999925e+00,2.517612559999999888e-01,6.864458681099999637e+01,2.024000000000000000e+03,1.100000000000000000e+01,2.500000000000000000e+01,1.200000000000000000e+01,3.200000000000000000e+01,5.875726000000000226e+01
4.001515473794000144e+01,-8.302974845232000689e+01,1.052699999999999969e+00,2.631400000000000183e+00,1.833870372096999823e-01,-9.702738438653999431e-01,7.424125708656400535e-01,1.275948818999999901e+00,2.847796289999999786e-01,6.864313341300000104e+01,2.024000000000000000e+03,1.100000000000000000e+01,2.500000000000000000e+01,1.200000000000000000e+01,3.200000000000000000e+01,5.882541499999999957e+01
4.001515539881999928e+01,-8.302974629710999466e+01,1.048200000000000021e+00,2.630300000000000082e+00,6.397994106385999913e-02,-1.190734678427999953e-02,3.887298927394600145e-01,1.296371181000000039e+00,3.187900419999999957e-01,6.863537677099999712e+01,2.024000000000000000e+03,1.100000000000000000e+01,2.500000000000000000e+01,1.200000000000000000e+01,3.200000000000000000e+01,5.889313700000000296e+01
4.001515606249999735e+01,-8.302974414442999773e+01,1.057500000000000107e+00,2.624800000000000022e+00,-1.403509005434599999e-01,-4.902908360000000215e-02,2.040624725498000336e-01,1.297993131999999994e+00,3.032516270000000236e-01,6.862494674799999927e+01,2.024000000000000000e+03,1.100000000000000000e+01,2.500000000000000000e+01,1.200000000000000000e+01,3.200000000000000000e+01,5.895950299999999800e+01
4.001515663344999751e+01,-8.302974230434000447e+01,1.058400000000000007e+00,2.618199999999999861e+00,-1.342604839865400024e-01,-1.520643795557400091e-01,-4.308650383535800321e-01,1.282454857999999920e+00,2.718234900000000009e-01,6.862268799299999955e+01,2.024000000000000000e+03,1.100000000000000000e+01,2.500000000000000000e+01,1.200000000000000000e+01,3.200000000000000000e+01,5.902619399999999672e+01
4.001515729097999952e+01,-8.302974016848000360e+01,1.036599999999999966e+00,2.598399999999999821e+00,2.320780478589799800e-01,-6.490884710782000022e-01,-3.734700944273600109e-01,1.290462148000000031e+00,2.529605480000000073e-01,6.861636149599999612e+01,2.024000000000000000e+03,1.100000000000000000e+01,2.500000000000000000e+01,1.200000000000000000e+01,3.200000000000000000e+01,5.909390899999999647e+01
4.001515766394000195e+01,-8.302973895210000421e+01,1.038000000000000034e+00,2.597199999999999953e+00,-1.175947488048999928e-01,-1.750516289819800120e-01,-2.677813924047799943e-01,1.292679031999999895e+00,2.577959490000000242e-01,6.861014210099999389e+01,2.024000000000000000e+03,1.100000000000000000e+01,2.500000000000000000e+01,1.200000000000000000e+01,3.200000000000000000e+01,5.916270800000000207e+01
4.001515850946999819e+01,-8.302973621491000245e+01,1.081399999999999917e+00,2.572599999999999998e+00,-2.652403802531020371e+00,-7.584543806463400761e-01,1.516888842081000055e-01,1.283050400999999896e+00,1.724095109999999875e-01,6.859796594899999889e+01,2.024000000000000000e+03,1.100000000000000000e+01,2.500000000000000000e+01,1.200000000000000000e+01,3.200000000000000000e+01,5.922964199999999835e+01
4.001515919242000052e+01,-8.302973413581000273e+01,1.077700000000000102e+00,2.508799999999999919e+00,3.660276579918400053e-01,-1.890863965124379931e+00,1.096750913901800017e-01,1.061835185000000070e+00,1.677545099999999956e-01,6.859451866800000630e+01,2.024000000000000000e+03,1.100000000000000000e+01,2.500000000000000000e+01,1.200000000000000000e+01,3.200000000000000000e+01,5.929804500000000189e+01
4.001515984595999953e+01,-8.302973208103000502e+01,1.013099999999999890e+00,2.504500000000000171e+00,1.553719118183920056e+00,-8.231553505712999597e-01,5.646732986242000707e-02,1.012589197000000052e+00,2.626646449999999744e-01,6.857781520599999681e+01,2.024000000000000000e+03,1.100000000000000000e+01,2.500000000000000000e+01,1.200000000000000000e+01,3.200000000000000000e+01,5.936548499999999962e+01
4.001516048485999733e+01,-8.302973001992999968e+01,1.022999999999999909e+00,2.520700000000000163e+00,-4.953532685142000846e-02,1.383075579965400148e-01,-1.654883150845800066e-01,1.046333162000000039e+00,3.633688939999999978e-01,6.857449948199999312e+01,2.024000000000000000e+03,1.100000000000000000e+01,2.500000000000000000e+01,1.200000000000000000e+01,3.200000000000000000e+01,5.943273299999999892e+01
4.001516112637000333e+01,-8.302972793998000611e+01,1.018799999999999928e+00,2.554100000000000037e+00,6.950466080560200322e-01,6.854048710747000506e-01,-3.947313841031799830e-01,1.008198820999999912e+00,4.448371380000000208e-01,6.858192374099999711e+01,2.024000000000000000e+03,1.100000000000000000e+01,2.500000000000000000e+01,1.200000000000000000e+01,3.200000000000000000e+01,5.950291899999999856e+01
4.001516175518000296e+01,-8.302972583045000476e+01,9.923999999999999488e-01,2.590199999999999836e+00,9.368515159663800551e-01,5.489728556172799312e-01,-6.370421413198400495e-01,1.064634569999999947e+00,4.894994380000000089e-01,6.859368539899999462e+01,2.024000000000000000e+03,1.100000000000000000e+01,2.500000000000000000e+01,1.200000000000000000e+01,3.200000000000000000e+01,5.957035100000000227e+01
4.001516238245999801e+01,-8.302972370065999996e+01,1.010199999999999987e+00,2.608000000000000096e+00,-2.328816357678200055e-01,6.981937311967399973e-01,-1.185083666123799978e-01,1.170004958999999900e+00,5.130126860000000510e-01,6.859002909900000589e+01,2.024000000000000000e+03,1.100000000000000000e+01,2.500000000000000000e+01,1.200000000000000000e+01,3.200000000000000000e+01,5.963731800000000050e+01
4.001516293883999964e+01,-8.302972187064000309e+01,1.056899999999999951e+00,2.603499999999999925e+00,-7.293950930426600365e-01,1.913166763932399872e-01,6.196969740378000663e-02,1.178707388000000078e+00,5.226182249999999918e-01,6.857596245499999554e+01,2.024000000000000000e+03,1.100000000000000000e+01,2.500000000000000000e+01,1.200000000000000000e+01,3.200000000000000000e+01,5.970399700000000109e+01
4.001516781136999867e+01,-8.302970612365000136e+01,1.067600000000000104e+00,2.647499999999999964e+00,-1.096168244825060034e+00,1.991773121013599712e-01,8.664635143461999478e-01,1.114145519000000029e+00,5.910758750000000283e-01,6.853113169399999549e+01,2.024000000000000000e+03,1.100000000000000000e+01,2.500000000000000000e+01,1.200000000000000000e+01,3.300000000000000000e+01,2.180120000000000113e-01
4.001516868017999684e+01,-8.302970331654999825e+01,1.084899999999999975e+00,2.665900000000000158e+00,-8.986495181504000618e-02,1.208411330522599914e-01,4.433447799763200470e-01,1.093081863999999959e+00,4.621145779999999981e-01,6.851094461200000296e+01,2.024000000000000000e+03,1.100000000000000000e+01,2.500000000000000000e+01,1.200000000000000000e+01,3.300000000000000000e+01,3.137340000000000129e-01
4.001516946316999679e+01,-8.302970082656999296e+01,1.102999999999999980e+00,2.645099999999999785e+00,-7.702106271445999797e-01,-3.570659700011000193e-01,-2.786231866056200213e-01,1.037031693000000088e+00,3.053767479999999757e-01,6.848028504900000257e+01,2.024000000000000000e+03,1.100000000000000000e+01,2.500000000000000000e+01,1.200000000000000000e+01,3.300000000000000000e+01,3.825689999999999924e-01
4.001517014636999647e+01,-8.302969866754000350e+01,1.081900000000000084e+00,2.613799999999999901e+00,1.385121949092000052e-02,-1.156747606858199884e+00,-5.709447436360400863e-01,9.729114920000000444e-01,2.100732810000000006e-01,6.847484701000000484e+01,2.024000000000000000e+03,1.100000000000000000e+01,2.500000000000000000e+01,1.200000000000000000e+01,3.300000000000000000e+01,4.499600000000000266e-01
4.001517072082999960e+01,-8.302969683813999779e+01,1.057500000000000107e+00,2.593100000000000183e+00,2.844698908552399930e-01,-3.899019156197400249e-01,-2.692939587084000053e-01,9.321183130000000316e-01,2.047244350000000102e-01,6.846609183200000359e+01,2.024000000000000000e+03,1.100000000000000000e+01,2.500000000000000000e+01,1.200000000000000000e+01,3.300000000000000000e+01,5.166539999999999466e-01
4.001517137998000351e+01,-8.302969471039000382e+01,1.048399999999999999e+00,2.589900000000000091e+00,-2.457553090947999994e-02,-3.031983293160800397e-01,-4.952732163992800141e-01,9.254678800000000205e-01,2.238545490000000138e-01,6.844689624400000127e+01,2.024000000000000000e+03,1.100000000000000000e+01,2.500000000000000000e+01,1.200000000000000000e+01,3.300000000000000000e+01,5.841910000000000158e-01
4.001517271429000289e+01,-8.302969048610999891e+01,1.062300000000000022e+00,2.560000000000000053e+00,4.454068326629199714e-01,-7.715338226289000234e-01,1.947090678436800004e-01,7.950429820000000092e-01,2.288587739999999870e-01,6.842308467300000530e+01,2.024000000000000000e+03,1.100000000000000000e+01,2.500000000000000000e+01,1.200000000000000000e+01,3.300000000000000000e+01,7.254310000000000480e-01
4.001517336127000135e+01,-8.302968838950999952e+01,9.987000000000000322e-01,2.561700000000000088e+00,2.024897562063820100e+00,-3.362862897318799615e-01,1.435939031271200039e-01,8.261546370000000250e-01,2.921438270000000226e-01,6.841791973700000540e+01,2.024000000000000000e+03,1.100000000000000000e+01,2.500000000000000000e+01,1.200000000000000000e+01,3.300000000000000000e+01,7.931810000000000249e-01
4.001517397885999827e+01,-8.302968627683999614e+01,9.949000000000000066e-01,2.572000000000000064e+00,-1.038581043756560129e+00,-9.189166514009999842e-02,5.392652209468399294e-01,1.028503477999999971e+00,3.823578069999999940e-01,6.841541431999999645e+01,2.024000000000000000e+03,1.100000000000000000e+01,2.500000000000000000e+01,1.200000000000000000e+01,3.300000000000000000e+01,8.603110000000000479e-01
4.001517452101000316e+01,-8.302968446379999534e+01,1.017500000000000071e+00,2.585500000000000131e+00,-2.350082680753600162e-01,6.808428142109200776e-01,5.518965862151200552e-01,1.077136891000000096e+00,4.516998959999999896e-01,6.840477578899999855e+01,2.024000000000000000e+03,1.100000000000000000e+01,2.500000000000000000e+01,1.200000000000000000e+01,3.300000000000000000e+01,9.230610000000000204e-01
4.001517591497999859e+01,-8.302967986350999752e+01,1.067800000000000082e+00,2.633900000000000130e+00,-7.710736547355799830e-01,4.278141015777000566e-01,-5.510011169262000325e-02,1.135747676999999900e+00,3.792867939999999827e-01,6.833276287299999296e+01,2.024000000000000000e+03,1.100000000000000000e+01,2.500000000000000000e+01,1.200000000000000000e+01,3.300000000000000000e+01,1.073836000000000013e+00
4.001517630282999960e+01,-8.302967863054999498e+01,1.094000000000000083e+00,2.629300000000000193e+00,-1.202097071774280046e+00,2.987636478250599859e-01,-4.185851869184999963e-01,1.125420416999999951e+00,3.476314240000000222e-01,6.832984646799999950e+01,2.024000000000000000e+03,1.100000000000000000e+01,2.500000000000000000e+01,1.200000000000000000e+01,3.300000000000000000e+01,1.148174000000000028e+00
4.001517728932000040e+01,-8.302967555736999827e+01,1.104000000000000092e+00,2.609700000000000131e+00,-1.139791216824199843e-01,-5.841534544464599410e-01,-8.086688407762200326e-01,1.020062787999999943e+00,2.949442420000000231e-01,6.833055140000000449e+01,2.024000000000000000e+03,1.100000000000000000e+01,2.500000000000000000e+01,1.200000000000000000e+01,3.300000000000000000e+01,1.215038999999999980e+00
4.001517798107000345e+01,-8.302967341282000291e+01,1.080000000000000071e+00,2.621399999999999952e+00,8.091483368228199469e-01,3.691236796166600387e-01,-7.946592569635400061e-01,9.499300400000000311e-01,3.813653140000000108e-01,6.832104816300000039e+01,2.024000000000000000e+03,1.100000000000000000e+01,2.500000000000000000e+01,1.200000000000000000e+01,3.300000000000000000e+01,1.282308999999999921e+00
4.001517866236999765e+01,-8.302967124683999600e+01,1.073600000000000110e+00,2.655199999999999783e+00,2.000067559807799933e-01,4.351797314672000150e-01,-3.354119051182000155e-01,9.509040140000000196e-01,4.669104219999999916e-01,6.831955869499999778e+01,2.024000000000000000e+03,1.100000000000000000e+01,2.500000000000000000e+01,1.200000000000000000e+01,3.300000000000000000e+01,1.351120000000000099e+00
4.001517934443000257e+01,-8.302966905578999501e+01,1.079700000000000104e+00,2.684600000000000097e+00,1.097970907382400108e-01,9.062447194228200331e-01,9.054406596457999223e-02,9.616646039999999784e-01,4.978941450000000102e-01,6.834447172500000534e+01,2.024000000000000000e+03,1.100000000000000000e+01,2.500000000000000000e+01,1.200000000000000000e+01,3.300000000000000000e+01,1.418450999999999906e+00
4.001517992752999930e+01,-8.302966715924999619e+01,1.064100000000000046e+00,2.712200000000000166e+00,1.117327201947919901e+00,8.426167705422800136e-01,-2.270549948653999978e-02,9.843871309999999708e-01,5.037999969999999994e-01,6.836396137399999873e+01,2.024000000000000000e+03,1.100000000000000000e+01,2.500000000000000000e+01,1.200000000000000000e+01,3.300000000000000000e+01,1.485694999999999988e+00
4.001518060106999997e+01,-8.302966492638999796e+01,1.074400000000000022e+00,2.721000000000000085e+00,-8.993794321292201133e-01,2.826630216252800087e-01,5.259196807134600693e-01,1.084608122999999980e+00,4.890650579999999970e-01,6.836694413600000075e+01,2.024000000000000000e+03,1.100000000000000000e+01,2.500000000000000000e+01,1.200000000000000000e+01,3.300000000000000000e+01,1.552745000000000042e+00
4.001518130155999842e+01,-8.302966270331999965e+01,1.136200000000000099e+00,2.694700000000000095e+00,-1.908235569772220197e+00,-7.675800095831999958e-02,-5.608368186445999992e-02,1.038855912999999909e+00,5.128682390000000035e-01,6.837220850699999630e+01,2.024000000000000000e+03,1.100000000000000000e+01,2.500000000000000000e+01,1.200000000000000000e+01,3.300000000000000000e+01,1.621065999999999896e+00
4.001518202553000236e+01,-8.302966048682999656e+01,1.147499999999999964e+00,2.707399999999999807e+00,5.302178744079999277e-03,5.541146313980199745e-01,1.036330088024099982e+00,8.892500129999999503e-01,5.547144330000000068e-01,6.837660620399999800e+01,2.024000000000000000e+03,1.100000000000000000e+01,2.500000000000000000e+01,1.200000000000000000e+01,3.300000000000000000e+01,1.696196999999999955e+00
4.001518274013999843e+01,-8.302965823702000137e+01,1.116300000000000070e+00,2.766099999999999781e+00,1.013383909695340090e+00,1.081416849835959981e+00,5.331464994873999497e-02,8.664106360000000118e-01,5.225823760000000151e-01,6.834576192999999478e+01,2.024000000000000000e+03,1.100000000000000000e+01,2.500000000000000000e+01,1.200000000000000000e+01,3.300000000000000000e+01,1.765662999999999982e+00
4.001518345921000019e+01,-8.302965595790999487e+01,1.146600000000000064e+00,2.786099999999999799e+00,-2.955012316428800023e-01,5.970138841789000006e-01,2.379055482926200060e-01,8.703313510000000308e-01,4.054277470000000050e-01,6.834721349699999848e+01,2.024000000000000000e+03,1.100000000000000000e+01,2.500000000000000000e+01,1.200000000000000000e+01,3.300000000000000000e+01,1.832878000000000007e+00
4.001518418052000214e+01,-8.302965367020000542e+01,1.132300000000000084e+00,2.785099999999999909e+00,3.662550229529399903e-01,-2.768015600249200125e-01,-2.757764983234000100e-01,8.315147990000000267e-01,2.942510099999999795e-01,6.838292523900000219e+01,2.024000000000000000e+03,1.100000000000000000e+01,2.500000000000000000e+01,1.200000000000000000e+01,3.300000000000000000e+01,1.900905000000000067e+00
4.001518489123999700e+01,-8.302965138428000103e+01,1.110700000000000021e+00,2.787399999999999878e+00,6.274706336545399221e-01,-1.191890025618199955e-01,-6.062595984123999582e-01,8.276338149999999949e-01,2.830502839999999853e-01,6.840227719600000000e+01,2.024000000000000000e+03,1.100000000000000000e+01,2.500000000000000000e+01,1.200000000000000000e+01,3.300000000000000000e+01,1.968272000000000022e+00
4.001518549253999879e+01,-8.302964941928000542e+01,1.108899999999999997e+00,2.797499999999999876e+00,-4.103273667664000118e-02,2.711540681490799964e-01,-5.638631326100800312e-01,8.653232979999999630e-01,3.073896700000000037e-01,6.839121621600000367e+01,2.024000000000000000e+03,1.100000000000000000e+01,2.500000000000000000e+01,1.200000000000000000e+01,3.300000000000000000e+01,2.036166000000000142e+00
4.001518609938000282e+01,-8.302964744852999956e+01,1.130600000000000049e+00,2.806700000000000195e+00,-7.075526880853599820e-01,6.441050329800399599e-01,-3.676169964796199841e-01,8.814122639999999453e-01,3.378673730000000264e-01,6.837529380600000195e+01,2.024000000000000000e+03,1.100000000000000000e+01,2.500000000000000000e+01,1.200000000000000000e+01,3.300000000000000000e+01,2.105338000000000154e+00
4.001518640628999890e+01,-8.302964645935999499e+01,1.135399999999999965e+00,2.817099999999999937e+00,-2.079136178662400192e-01,7.357821812257000493e-01,2.499497270174200203e-01,8.810440059999999907e-01,3.396468480000000012e-01,6.837287528500000633e+01,2.024000000000000000e+03,1.100000000000000000e+01,2.500000000000000000e+01,1.200000000000000000e+01,3.300000000000000000e+01,2.173785000000000078e+00
4.001518836108999722e+01,-8.302964011142999823e+01,1.144800000000000040e+00,2.880700000000000038e+00,-2.426382145806000104e-02,1.217638817204399898e-01,4.541564600155999915e-02,9.923345900000000164e-01,2.326117859999999871e-01,6.840760145999999509e+01,2.024000000000000000e+03,1.100000000000000000e+01,2.500000000000000000e+01,1.200000000000000000e+01,3.300000000000000000e+01,2.313397000000000148e+00
4.001518908360999660e+01,-8.302963775892000342e+01,1.142400000000000082e+00,2.877299999999999969e+00,3.199331992980999906e-01,-1.405801607993600044e-01,-1.469813805268000047e-02,9.953961770000000486e-01,2.301321369999999866e-01,6.840341295800000410e+01,2.024000000000000000e+03,1.100000000000000000e+01,2.500000000000000000e+01,1.200000000000000000e+01,3.300000000000000000e+01,2.381782999999999983e+00
4.001518980729999697e+01,-8.302963538055999493e+01,1.165699999999999958e+00,2.940599999999999881e+00,-6.015806543901799364e-01,2.298294663477439936e+00,1.328334558291999895e-02,1.072236213999999910e+00,2.217035689999999892e-01,6.841160168400000430e+01,2.024000000000000000e+03,1.100000000000000000e+01,2.500000000000000000e+01,1.200000000000000000e+01,3.300000000000000000e+01,2.450013999999999914e+00
4.001519056037999889e+01,-8.302963298106000423e+01,1.212299999999999933e+00,2.919799999999999951e+00,-6.111562899631000079e-01,-1.929459926837999995e-01,3.523942780511399864e-01,1.066990816999999980e+00,8.642702600000000401e-02,6.844719474400000081e+01,2.024000000000000000e+03,1.100000000000000000e+01,2.500000000000000000e+01,1.200000000000000000e+01,3.300000000000000000e+01,2.517882999999999871e+00
4.001519121879000096e+01,-8.302963093083999979e+01,1.219999999999999973e+00,2.928900000000000059e+00,2.857202914868000113e-02,3.564605521101800178e-01,5.235881782310600752e-01,9.656092830000000404e-01,3.028959499999999902e-02,6.846416678200000661e+01,2.024000000000000000e+03,1.100000000000000000e+01,2.500000000000000000e+01,1.200000000000000000e+01,3.300000000000000000e+01,2.584916999999999909e+00
4.001519198556000134e+01,-8.302962852564000684e+01,1.213200000000000056e+00,2.944999999999999840e+00,8.508946025199999727e-04,1.072064494036400056e-01,-2.923759515700399825e-01,9.188968239999999454e-01,-1.960049599999999850e-02,6.845564889800000685e+01,2.024000000000000000e+03,1.100000000000000000e+01,2.500000000000000000e+01,1.200000000000000000e+01,3.300000000000000000e+01,2.652708000000000066e+00
4.001519275292000088e+01,-8.302962611328000264e+01,1.216099999999999959e+00,2.957300000000000040e+00,2.913222502768599842e-01,4.664291755071399703e-01,-4.031116850155200271e-01,8.746695770000000314e-01,-2.690060500000000104e-02,6.844577740200000449e+01,2.024000000000000000e+03,1.100000000000000000e+01,2.500000000000000000e+01,1.200000000000000000e+01,3.300000000000000000e+01,2.720428000000000068e+00
4.001519351556000004e+01,-8.302962368036000385e+01,1.199300000000000033e+00,2.993900000000000006e+00,9.513551892136999921e-01,8.933032412452799331e-01,-9.737129800692000126e-02,8.534848640000000097e-01,-4.739521800000000284e-02,6.845084469100000035e+01,2.024000000000000000e+03,1.100000000000000000e+01,2.500000000000000000e+01,1.200000000000000000e+01,3.300000000000000000e+01,2.790449999999999875e+00
4.001519426758000009e+01,-8.302962122223000563e+01,1.189799999999999969e+00,3.018800000000000150e+00,2.531784935499600264e-01,7.463397961566999861e-01,-1.832129229335999754e-01,9.104991989999999813e-01,-8.949980100000000383e-02,6.846327632899999571e+01,2.024000000000000000e+03,1.100000000000000000e+01,2.500000000000000000e+01,1.200000000000000000e+01,3.300000000000000000e+01,2.859456000000000220e+00
4.001519502320000043e+01,-8.302961874796000075e+01,1.205500000000000016e+00,3.032000000000000028e+00,-2.392901105012799901e-01,6.313255155984199840e-01,-9.642501353592000668e-02,9.433551079999999978e-01,-1.421449509999999916e-01,6.846696104000000105e+01,2.024000000000000000e+03,1.100000000000000000e+01,2.500000000000000000e+01,1.200000000000000000e+01,3.300000000000000000e+01,2.928043999999999869e+00
4.001519567625000207e+01,-8.302961662084000238e+01,1.210199999999999942e+00,3.036599999999999966e+00,-3.208745400694000549e-02,3.125479117414600161e-01,-2.065364985633600103e-01,9.523331619999999553e-01,-1.693980750000000091e-01,6.846682667599999661e+01,2.024000000000000000e+03,1.100000000000000000e+01,2.500000000000000000e+01,1.200000000000000000e+01,3.300000000000000000e+01,2.995792999999999928e+00
4.001519644572999823e+01,-8.302961413391000178e+01,1.227999999999999980e+00,3.045700000000000074e+00,-3.525658590514799684e-01,5.323396110146599858e-01,-5.160700592985200119e-01,9.682416940000000416e-01,-1.808551439999999955e-01,6.846764034100000629e+01,2.024000000000000000e+03,1.100000000000000000e+01,2.500000000000000000e+01,1.200000000000000000e+01,3.300000000000000000e+01,3.063524000000000136e+00
4.001519677814999909e+01,-8.302961306413999409e+01,1.230699999999999905e+00,3.054399999999999782e+00,1.143487508048000000e-02,5.874258865724999445e-01,-6.041789128916600360e-01,9.748565030000000409e-01,-1.866796990000000045e-01,6.846591508000000204e+01,2.024000000000000000e+03,1.100000000000000000e+01,2.500000000000000000e+01,1.200000000000000000e+01,3.300000000000000000e+01,3.132083000000000172e+00
4.001519787894999780e+01,-8.302960946560999389e+01,1.219700000000000006e+00,3.101199999999999957e+00,-1.387397182393799999e-01,6.432141885524400582e-01,5.333718969034000057e-02,1.069868217000000010e+00,-2.079604489999999917e-01,6.846319242699999563e+01,2.024000000000000000e+03,1.100000000000000000e+01,2.500000000000000000e+01,1.200000000000000000e+01,3.300000000000000000e+01,3.200731000000000215e+00
4.001519866312000318e+01,-8.302960693392999758e+01,1.247600000000000042e+00,3.089999999999999858e+00,-3.118052713006799759e-01,-4.194377690512000184e-02,-6.492682094489999889e-01,1.065256055999999951e+00,-2.237133649999999974e-01,6.845097176699999864e+01,2.024000000000000000e+03,1.100000000000000000e+01,2.500000000000000000e+01,1.200000000000000000e+01,3.300000000000000000e+01,3.268901000000000057e+00
4.001519957493000135e+01,-8.302960405340999728e+01,1.284799999999999942e+00,3.090100000000000069e+00,-8.833937043016999446e-01,1.418612856338720141e+00,9.597799736784399238e-01,9.748074329999999454e-01,-1.333913549999999892e-01,6.841837360300000626e+01,2.024000000000000000e+03,1.100000000000000000e+01,2.500000000000000000e+01,1.200000000000000000e+01,3.300000000000000000e+01,3.337534999999999918e+00
4.001520027696999904e+01,-8.302960187841999584e+01,1.292000000000000037e+00,3.106899999999999995e+00,3.342810143304599801e-01,1.161668108696800039e-01,7.161704277878000457e-02,8.942869209999999569e-01,-1.841266010000000009e-01,6.840745900199999596e+01,2.024000000000000000e+03,1.100000000000000000e+01,2.500000000000000000e+01,1.200000000000000000e+01,3.300000000000000000e+01,3.405724000000000196e+00
4.001520107452999753e+01,-8.302959934419000376e+01,1.248299999999999965e+00,3.088999999999999968e+00,4.116007310069800251e-01,-6.153084036275999757e-01,5.569090223668400341e-01,9.415310169999999701e-01,-2.349108609999999986e-01,6.840358496000000343e+01,2.024000000000000000e+03,1.100000000000000000e+01,2.500000000000000000e+01,1.200000000000000000e+01,3.300000000000000000e+01,3.474165000000000170e+00
4.001521942448000146e+01,-8.302954129882999723e+01,1.276299999999999990e+00,3.046100000000000030e+00,-1.693120612739600073e-01,-1.162573814525200006e-01,1.315815558621200032e-01,8.748720199999999725e-01,-1.245672509000000039e+00,6.783265546299999471e+01,2.024000000000000000e+03,1.100000000000000000e+01,2.500000000000000000e+01,1.200000000000000000e+01,3.300000000000000000e+01,5.136322999999999972e+00
4.001522080480999932e+01,-8.302953701663000174e+01,1.274999999999999911e+00,3.048299999999999788e+00,1.754083715203599847e-01,-5.027934392766800764e-01,1.390731826985399933e-01,8.739536890000000335e-01,-1.244911534000000097e+00,6.777648558100000287e+01,2.024000000000000000e+03,1.100000000000000000e+01,2.500000000000000000e+01,1.200000000000000000e+01,3.300000000000000000e+01,5.255156999999999634e+00
4.001522206260000303e+01,-8.302953311062999830e+01,1.270999999999999908e+00,3.031400000000000095e+00,-6.390559793531999655e-02,-8.603768876381999442e-02,2.723975802493999732e-02,8.965400199999999931e-01,-1.178260109000000000e+00,6.771058163099999661e+01,2.024000000000000000e+03,1.100000000000000000e+01,2.500000000000000000e+01,1.200000000000000000e+01,3.300000000000000000e+01,5.324073000000000278e+00
4.001522332828000117e+01,-8.302952920266000092e+01,1.293600000000000083e+00,3.056200000000000028e+00,-4.219505605670800241e-01,1.173244201936920028e+00,-4.173794336221199885e-01,8.818033709999999470e-01,-1.092279916000000073e+00,6.767193887700000232e+01,2.024000000000000000e+03,1.100000000000000000e+01,2.500000000000000000e+01,1.200000000000000000e+01,3.300000000000000000e+01,5.431000000000000050e+00
4.001522439581999890e+01,-8.302952598141999374e+01,1.332400000000000029e+00,3.062300000000000022e+00,-5.641754888039000049e-01,8.526735393194000145e-02,-6.075031829182000326e-02,7.978805740000000091e-01,-1.164040224999999928e+00,6.767131119900000158e+01,2.024000000000000000e+03,1.100000000000000000e+01,2.500000000000000000e+01,1.200000000000000000e+01,3.300000000000000000e+01,5.522897999999999641e+00
4.001522523992999680e+01,-8.302952348149000272e+01,1.342700000000000005e+00,3.049300000000000122e+00,-3.036854222122800095e-01,-2.569304418694000058e-01,-6.895870806704000600e-02,6.573944619999999572e-01,-1.201475016999999923e+00,6.768077138499999990e+01,2.024000000000000000e+03,1.100000000000000000e+01,2.500000000000000000e+01,1.200000000000000000e+01,3.300000000000000000e+01,5.594848999999999961e+00
4.001522607546999666e+01,-8.302952099028000532e+01,1.300799999999999956e+00,3.039600000000000080e+00,1.357924880940239998e+00,-8.007951451008200605e-01,-7.806923972300000569e-02,5.401038030000000489e-01,-1.184440640000000045e+00,6.770204013699999734e+01,2.024000000000000000e+03,1.100000000000000000e+01,2.500000000000000000e+01,1.200000000000000000e+01,3.300000000000000000e+01,5.663058000000000369e+00
4.001523354022999968e+01,-8.302949768320000601e+01,1.336899999999999977e+00,3.034400000000000208e+00,-1.957461211406399948e-01,-1.586799023175000101e-01,-1.830111281945999979e-01,6.395283920000000011e-01,-9.268942789999999876e-01,6.784334486699999900e+01,2.024000000000000000e+03,1.100000000000000000e+01,2.500000000000000000e+01,1.200000000000000000e+01,3.300000000000000000e+01,6.313728000000000229e+00
4.001523543361000179e+01,-8.302949198612999737e+01,1.256099999999999994e+00,3.084900000000000198e+00,2.272558919108500053e+00,9.491455080861200821e-01,8.646732224629600783e-01,4.463311050000000058e-01,-7.421832609999999830e-01,6.783407739899999456e+01,2.024000000000000000e+03,1.100000000000000000e+01,2.500000000000000000e+01,1.200000000000000000e+01,3.300000000000000000e+01,6.473963000000000356e+00
4.001523632906000216e+01,-8.302948907981000559e+01,1.236399999999999944e+00,3.123899999999999899e+00,5.238394100982600721e-01,1.022069641161140074e+00,9.706736423874599007e-01,5.912469909999999995e-01,-7.975739459999999781e-01,6.783962810200000604e+01,2.024000000000000000e+03,1.100000000000000000e+01,2.500000000000000000e+01,1.200000000000000000e+01,3.300000000000000000e+01,6.552076999999999707e+00
4.001523745730000314e+01,-8.302948543111000390e+01,1.264399999999999968e+00,3.117799999999999905e+00,-3.045984554511199649e-01,-2.741981557990000318e-02,1.642754601481599963e-01,7.133832740000000117e-01,-9.496756179999999992e-01,6.789184720699999787e+01,2.024000000000000000e+03,1.100000000000000000e+01,2.500000000000000000e+01,1.200000000000000000e+01,3.300000000000000000e+01,6.653983000000000203e+00
4.001523836748999940e+01,-8.302948252404000584e+01,1.253500000000000059e+00,3.094800000000000217e+00,2.404324136841400061e-01,-8.433108424647599577e-01,-5.805257182544200090e-01,7.778468370000000132e-01,-1.030925544000000027e+00,6.790772987100000080e+01,2.024000000000000000e+03,1.100000000000000000e+01,2.500000000000000000e+01,1.200000000000000000e+01,3.300000000000000000e+01,6.732192999999999650e+00
4.001523915864000003e+01,-8.302948000220000324e+01,1.256699999999999928e+00,3.064200000000000035e+00,-6.173792798088399980e-01,-8.304161714845998965e-01,-8.907577992874199380e-01,8.478607620000000455e-01,-1.000243428999999962e+00,6.789876646000000449e+01,2.024000000000000000e+03,1.100000000000000000e+01,2.500000000000000000e+01,1.200000000000000000e+01,3.300000000000000000e+01,6.804584000000000188e+00
4.001523997086000151e+01,-8.302947750139999528e+01,1.313499999999999890e+00,3.051600000000000090e+00,-1.409454475626040093e+00,5.571355990642200551e-01,-1.971025637857800050e-01,7.636471599999999915e-01,-9.285631100000000249e-01,6.789968883699999935e+01,2.024000000000000000e+03,1.100000000000000000e+01,2.500000000000000000e+01,1.200000000000000000e+01,3.300000000000000000e+01,6.874145000000000394e+00
4.001524080832000152e+01,-8.302947499932000142e+01,1.338200000000000056e+00,3.056999999999999940e+00,-4.820401210387200153e-01,9.317067395108000194e-02,-1.479331896186800166e-01,6.260099439999999849e-01,-9.165615529999999733e-01,6.791372829099999819e+01,2.024000000000000000e+03,1.100000000000000000e+01,2.500000000000000000e+01,1.200000000000000000e+01,3.300000000000000000e+01,6.942342000000000013e+00
4.001524163282999780e+01,-8.302947249433999843e+01,1.270199999999999996e+00,3.074500000000000011e+00,3.590523710232899735e+00,-1.362813480519999921e-03,2.820765067434399809e-01,5.939815849999999786e-01,-8.925574710000000467e-01,6.791562900600000319e+01,2.024000000000000000e+03,1.100000000000000000e+01,2.500000000000000000e+01,1.200000000000000000e+01,3.300000000000000000e+01,7.010653999999999719e+00
4.001524242291999656e+01,-8.302946996827999726e+01,1.240099999999999980e+00,3.085199999999999942e+00,3.108454007202600122e-01,-4.422118715404600442e-01,4.929811342297399923e-01,7.231355440000000190e-01,-8.860504329999999706e-01,6.791870461000000603e+01,2.024000000000000000e+03,1.100000000000000000e+01,2.500000000000000000e+01,1.200000000000000000e+01,3.300000000000000000e+01,7.078948999999999714e+00
4.001524276109000056e+01,-8.302946889035000311e+01,1.254000000000000004e+00,3.066500000000000004e+00,-8.346109722937599118e-01,-8.392357535644598965e-01,6.099867732858199609e-01,7.456593769999999566e-01,-8.630593779999999882e-01,6.792766409499999725e+01,2.024000000000000000e+03,1.100000000000000000e+01,2.500000000000000000e+01,1.200000000000000000e+01,3.300000000000000000e+01,7.146596999999999866e+00
4.001524425467999890e+01,-8.302946422184000141e+01,1.270199999999999996e+00,3.077700000000000102e+00,8.495305172882999800e-01,-1.729292862902000183e-02,8.366765886839799826e-01,6.720026409999999562e-01,-8.460249380000000041e-01,6.799631987099999719e+01,2.024000000000000000e+03,1.100000000000000000e+01,2.500000000000000000e+01,1.200000000000000000e+01,3.300000000000000000e+01,7.238026999999999767e+00
4.001524561069000185e+01,-8.302945991656000047e+01,1.266899999999999915e+00,3.076200000000000045e+00,-3.415055665425399956e-01,1.797103083046399929e-01,-4.359483442033999512e-01,7.209170560000000005e-01,-8.181239949999999927e-01,6.795521463199999346e+01,2.024000000000000000e+03,1.100000000000000000e+01,2.500000000000000000e+01,1.200000000000000000e+01,3.300000000000000000e+01,7.363113000000000241e+00
4.001524652788999958e+01,-8.302945705413000610e+01,1.286000000000000032e+00,3.056200000000000028e+00,-1.861542750826000042e-02,-3.237794013608799593e-01,-4.695560534586600276e-01,6.435137770000000090e-01,-8.078614809999999924e-01,6.797392445100000202e+01,2.024000000000000000e+03,1.100000000000000000e+01,2.500000000000000000e+01,1.200000000000000000e+01,3.300000000000000000e+01,7.440165000000000362e+00
4.001524959764999778e+01,-8.302944733933999544e+01,1.277900000000000036e+00,3.064900000000000180e+00,-4.285523406610800001e-01,-1.081412618857459984e+00,-4.860331126137799607e-01,6.710421720000000478e-01,-9.557566849999999947e-01,6.801226709799999526e+01,2.024000000000000000e+03,1.100000000000000000e+01,2.500000000000000000e+01,1.200000000000000000e+01,3.300000000000000000e+01,7.721573000000000242e+00
4.001525150749999682e+01,-8.302944130587999894e+01,1.211500000000000021e+00,3.028500000000000192e+00,7.145659685654399684e-01,-8.333227324856998797e-01,6.124335866114999360e-01,7.060882170000000180e-01,-8.824324620000000285e-01,6.804348190800000395e+01,2.024000000000000000e+03,1.100000000000000000e+01,2.500000000000000000e+01,1.200000000000000000e+01,3.300000000000000000e+01,7.885191999999999979e+00
4.001525797709999921e+01,-8.302942072086999303e+01,1.113899999999999890e+00,2.736400000000000166e+00,-1.376962861011200023e-01,8.661453920102001047e-02,-9.938668737338599568e-01,7.416145790000000515e-01,-1.105729315999999907e+00,6.816152606299999661e+01,2.024000000000000000e+03,1.100000000000000000e+01,2.500000000000000000e+01,1.200000000000000000e+01,3.300000000000000000e+01,8.496708999999999179e+00
4.001525927024999874e+01,-8.302941668604999848e+01,1.075700000000000101e+00,2.595400000000000151e+00,1.377684103892599932e-01,-1.996689828290419966e+00,8.871485354472800067e-01,6.538406850000000325e-01,-1.089927687000000089e+00,6.817318880599999886e+01,2.024000000000000000e+03,1.100000000000000000e+01,2.500000000000000000e+01,1.200000000000000000e+01,3.300000000000000000e+01,8.617587000000000330e+00
4.001526465988000325e+01,-8.302939954976000081e+01,8.937000000000000499e-01,2.115800000000000125e+00,-4.177858837073999965e-01,-1.386793435719720025e+00,-1.953869481464999835e-01,7.002894729999999957e-01,-1.022673441000000016e+00,6.820736114800000394e+01,2.024000000000000000e+03,1.100000000000000000e+01,2.500000000000000000e+01,1.200000000000000000e+01,3.300000000000000000e+01,9.242881000000000569e+00
