4.000639718301999892e+01,-8.303773738088000300e+01,3.200000000000000153e-03,2.484999999999999987e-01,-6.881330969715999946e-02,1.246294418910899982e+00,4.402504151557999623e-02,5.313467090000000281e-01,-4.831703450000000011e-01,9.478199956800000336e+01,2.024000000000000000e+03,1.100000000000000000e+01,1.400000000000000000e+01,1.400000000000000000e+01,3.800000000000000000e+01,4.498646800000000212e+01
4.000639718317999893e+01,-8.303773735123999700e+01,3.000000000000000062e-03,2.544000000000000150e-01,-7.963004787824000397e-02,1.215683328041559985e+00,6.360640297503999951e-02,5.311846679999999710e-01,-4.835019720000000021e-01,9.476496702599999367e+01,2.024000000000000000e+03,1.100000000000000000e+01,1.400000000000000000e+01,1.400000000000000000e+01,3.800000000000000000e+01,4.504074599999999862e+01
4.000639718335000339e+01,-8.303773732090999715e+01,2.899999999999999800e-03,2.601999999999999869e-01,-8.023168568499999820e-02,1.193677064927040066e+00,6.952519753678000625e-02,5.310040980000000355e-01,-4.837583959999999794e-01,9.474756793999999616e+01,2.024000000000000000e+03,1.100000000000000000e+01,1.400000000000000000e+01,1.400000000000000000e+01,3.800000000000000000e+01,4.509377800000000036e+01
4.000639718354000252e+01,-8.303773728989999370e+01,3.099999999999999891e-03,2.660000000000000142e-01,-9.200927692599999985e-02,1.188302437454280103e+00,7.920075901173999344e-02,5.307116050000000307e-01,-4.833172849999999854e-01,9.472952363599999615e+01,2.024000000000000000e+03,1.100000000000000000e+01,1.400000000000000000e+01,1.400000000000000000e+01,3.800000000000000000e+01,4.514701399999999865e+01
4.000639718464999817e+01,-8.303773712487999603e+01,3.500000000000000073e-03,2.953000000000000069e-01,-9.376498864722000726e-02,1.174662856967439994e+00,-2.372892803957999883e-02,5.290607750000000387e-01,-4.800012730000000061e-01,9.463410428000000252e+01,2.024000000000000000e+03,1.100000000000000000e+01,1.400000000000000000e+01,1.400000000000000000e+01,3.800000000000000000e+01,4.520062399999999769e+01
4.000639718738000283e+01,-8.303773690653000017e+01,3.099999999999999891e-03,3.295000000000000151e-01,-4.623181075938000151e-02,1.173680912046039859e+00,-1.310825629972199868e-01,5.222902670000000303e-01,-4.738764779999999899e-01,9.450593323500000054e+01,2.024000000000000000e+03,1.100000000000000000e+01,1.400000000000000000e+01,1.400000000000000000e+01,3.800000000000000000e+01,4.525562399999999741e+01
4.000639719005999950e+01,-8.303773648508000349e+01,1.000000000000000021e-03,3.951000000000000068e-01,-1.003980709131799959e-01,1.392696374411600102e+00,3.835205873467999876e-02,5.170523030000000464e-01,-4.526042670000000046e-01,9.426235461599999610e+01,2.024000000000000000e+03,1.100000000000000000e+01,1.400000000000000000e+01,1.400000000000000000e+01,3.800000000000000000e+01,4.530838299999999919e+01
4.000639719128000138e+01,-8.303773624362999328e+01,1.899999999999999996e-03,4.314999999999999947e-01,-1.385635341481400162e-01,1.435138545861500026e+00,5.027498403912000063e-02,5.117879410000000240e-01,-4.438500950000000000e-01,9.413440052900000410e+01,2.024000000000000000e+03,1.100000000000000000e+01,1.400000000000000000e+01,1.400000000000000000e+01,3.800000000000000000e+01,4.536119800000000168e+01
4.000639719213999967e+01,-8.303773598092000441e+01,1.000000000000000048e-04,4.678999999999999826e-01,-5.036392020407999548e-02,1.446406916037680013e+00,2.293930693625999967e-02,5.062742279999999928e-01,-4.385732460000000277e-01,9.400725187700000163e+01,2.024000000000000000e+03,1.100000000000000000e+01,1.400000000000000000e+01,1.400000000000000000e+01,3.800000000000000000e+01,4.541441400000000073e+01
4.000639719205999967e+01,-8.303773563785000533e+01,-2.799999999999999972e-03,5.108000000000000318e-01,7.134584551500000420e-03,1.433218516810319976e+00,4.127787469441999979e-02,5.042232899999999907e-01,-4.365721550000000173e-01,9.385434126500000218e+01,2.024000000000000000e+03,1.100000000000000000e+01,1.400000000000000000e+01,1.400000000000000000e+01,3.800000000000000000e+01,4.546764100000000042e+01
4.000639719109999959e+01,-8.303773539245000279e+01,-4.799999999999999580e-03,5.390000000000000346e-01,1.424685392939999996e-02,1.397794927626540007e+00,4.971942294314000282e-02,5.050771050000000262e-01,-4.387427050000000106e-01,9.374992484800000625e+01,2.024000000000000000e+03,1.100000000000000000e+01,1.400000000000000000e+01,1.400000000000000000e+01,3.800000000000000000e+01,4.552055000000000007e+01
4.000639718835000025e+01,-8.303773499931000401e+01,-7.300000000000000065e-03,5.823000000000000398e-01,-1.788009105788000014e-02,1.448751352700499817e+00,-1.165244338831999960e-02,5.061392200000000008e-01,-4.413676850000000096e-01,9.358820362999999531e+01,2.024000000000000000e+03,1.100000000000000000e+01,1.400000000000000000e+01,1.400000000000000000e+01,3.800000000000000000e+01,4.557303199999999777e+01
4.000639718552999824e+01,-8.303773464820000072e+01,-7.599999999999999985e-03,6.191999999999999726e-01,-8.982953710193999908e-02,1.477890962306840139e+00,-8.266688175444000808e-02,5.038791460000000555e-01,-4.421770480000000170e-01,9.345165495099999475e+01,2.024000000000000000e+03,1.100000000000000000e+01,1.400000000000000000e+01,1.400000000000000000e+01,3.800000000000000000e+01,4.562584600000000279e+01
4.000639718155999702e+01,-8.303773419846000081e+01,-8.800000000000000530e-03,6.631000000000000227e-01,-7.858384917611999088e-02,1.460177607908839992e+00,-1.182434405008199879e-01,5.038488800000000545e-01,-4.412556089999999931e-01,9.329353224099999409e+01,2.024000000000000000e+03,1.100000000000000000e+01,1.400000000000000000e+01,1.400000000000000000e+01,3.800000000000000000e+01,4.567885600000000323e+01
4.000639717845999854e+01,-8.303773380014999361e+01,-7.599999999999999985e-03,6.995999999999999996e-01,-1.103006016129999961e-01,1.451831976910599842e+00,-4.093792937808000271e-02,5.032589610000000047e-01,-4.383473540000000224e-01,9.317144473599999799e+01,2.024000000000000000e+03,1.100000000000000000e+01,1.400000000000000000e+01,1.400000000000000000e+01,3.800000000000000000e+01,4.573230099999999965e+01
4.000639717530000183e+01,-8.303773329387000501e+01,-6.300000000000000044e-03,7.432999999999999607e-01,-1.048709336366000083e-01,1.433372055385260024e+00,6.474524825323998978e-02,4.982546139999999846e-01,-4.341523219999999794e-01,9.303820299800000271e+01,2.024000000000000000e+03,1.100000000000000000e+01,1.400000000000000000e+01,1.400000000000000000e+01,3.800000000000000000e+01,4.578555200000000269e+01
4.000639717284000341e+01,-8.303773284861000548e+01,-7.199999999999999803e-03,7.793999999999999817e-01,-2.008100957111999887e-02,1.424841661126420078e+00,1.145764619637999922e-02,4.886966540000000081e-01,-4.312705079999999969e-01,9.293460642499999835e+01,2.024000000000000000e+03,1.100000000000000000e+01,1.400000000000000000e+01,1.400000000000000000e+01,3.800000000000000000e+01,4.583882899999999694e+01
4.000639716903000220e+01,-8.303773238242999355e+01,-1.209999999999999964e-02,8.155999999999999917e-01,1.273893206916200116e-01,1.472036219697679948e+00,9.040374517319999664e-03,4.806849530000000259e-01,-4.277605549999999868e-01,9.283504426599999704e+01,2.024000000000000000e+03,1.100000000000000000e+01,1.400000000000000000e+01,1.400000000000000000e+01,3.800000000000000000e+01,4.589269600000000082e+01
4.000639716114000066e+01,-8.303773179498999468e+01,-1.949999999999999997e-02,8.590999999999999748e-01,1.937232417928000106e-01,1.476569709346200021e+00,1.745391478896000242e-02,4.803351889999999957e-01,-4.259165939999999817e-01,9.271730770099999575e+01,2.024000000000000000e+03,1.100000000000000000e+01,1.400000000000000000e+01,1.400000000000000000e+01,3.800000000000000000e+01,4.594640199999999908e+01
4.000639715274999730e+01,-8.303773128170000462e+01,-2.089999999999999844e-02,8.961000000000000076e-01,1.231798466417999977e-02,1.476491143932679995e+00,3.384191408279999674e-02,4.831368420000000108e-01,-4.275655190000000050e-01,9.262494070799999690e+01,2.024000000000000000e+03,1.100000000000000000e+01,1.400000000000000000e+01,1.400000000000000000e+01,3.800000000000000000e+01,4.600064299999999662e+01
4.000639715084000159e+01,-8.303773117643000035e+01,-2.210000000000000159e-02,9.035999999999999588e-01,4.374611041353999863e-02,1.478631444768579994e+00,9.897939460320000563e-03,4.828464740000000255e-01,-4.278479780000000177e-01,9.260770961999999429e+01,2.024000000000000000e+03,1.100000000000000000e+01,1.400000000000000000e+01,1.400000000000000000e+01,3.800000000000000000e+01,4.605449300000000079e+01
4.000639713780000051e+01,-8.303773052726999993e+01,-2.809999999999999998e-02,9.458999999999999631e-01,1.210525962963799884e-01,1.397087705998260043e+00,-1.734103542606000095e-02,4.944145059999999758e-01,-4.318988100000000219e-01,9.251612804699999515e+01,2.024000000000000000e+03,1.100000000000000000e+01,1.400000000000000000e+01,1.400000000000000000e+01,3.800000000000000000e+01,4.610795099999999991e+01
4.000639712393000025e+01,-8.303772984905999976e+01,-2.649999999999999925e-02,9.868999999999999995e-01,-9.392403032011999164e-02,1.359400135056139991e+00,4.705045169679999799e-03,5.093649080000000051e-01,-4.292872030000000061e-01,9.243925444600000674e+01,2.024000000000000000e+03,1.100000000000000000e+01,1.400000000000000000e+01,1.400000000000000000e+01,3.800000000000000000e+01,4.616063400000000172e+01
4.000639710992000175e+01,-8.303772914120999360e+01,-2.649999999999999925e-02,1.030000000000000027e+00,-7.367380905657999746e-02,1.410572371452780027e+00,1.279268190949600092e-01,5.202151520000000140e-01,-4.307345200000000096e-01,9.236511450400000456e+01,2.024000000000000000e+03,1.100000000000000000e+01,1.400000000000000000e+01,1.400000000000000000e+01,3.800000000000000000e+01,4.621383999999999759e+01
4.000639709200000027e+01,-8.303772815185999434e+01,-2.380000000000000171e-02,1.086300000000000043e+00,-1.853589629753799872e-01,1.434701244631360062e+00,6.266654293140000442e-02,5.270139339999999617e-01,-4.350851849999999854e-01,9.226486528300000600e+01,2.024000000000000000e+03,1.100000000000000000e+01,1.400000000000000000e+01,1.400000000000000000e+01,3.800000000000000000e+01,4.626765000000000327e+01
4.000639708159000207e+01,-8.303772750662000135e+01,-2.340000000000000066e-02,1.120900000000000007e+00,-9.925878119165999769e-02,1.390336876606119931e+00,-1.191637473926400043e-01,5.286449589999999699e-01,-4.365606579999999903e-01,9.220181192600000486e+01,2.024000000000000000e+03,1.100000000000000000e+01,1.400000000000000000e+01,1.400000000000000000e+01,3.800000000000000000e+01,4.632122799999999785e+01
4.000639706959999842e+01,-8.303772670563000702e+01,-2.050000000000000086e-02,1.161899999999999933e+00,-2.615295080867000022e-01,1.353767750175820073e+00,-1.837830175834599955e-01,5.329229170000000515e-01,-4.330555249999999967e-01,9.213193739499999424e+01,2.024000000000000000e+03,1.100000000000000000e+01,1.400000000000000000e+01,1.400000000000000000e+01,3.800000000000000000e+01,4.637373199999999684e+01
4.000639706210999691e+01,-8.303772601654000596e+01,-1.519999999999999997e-02,1.195100000000000051e+00,-2.392646230281800235e-01,1.332485760089719973e+00,-5.205478262878000112e-02,5.220305979999999568e-01,-4.233835129999999891e-01,9.207898628700000643e+01,2.024000000000000000e+03,1.100000000000000000e+01,1.400000000000000000e+01,1.400000000000000000e+01,3.800000000000000000e+01,4.642666299999999779e+01
4.000639705481000163e+01,-8.303772530819000508e+01,-1.529999999999999936e-02,1.227800000000000002e+00,-1.658165845393199944e-01,1.316946348624799867e+00,2.687843420057999672e-02,5.091810289999999517e-01,-4.154535469999999786e-01,9.202676174799999842e+01,2.024000000000000000e+03,1.100000000000000000e+01,1.400000000000000000e+01,1.400000000000000000e+01,3.800000000000000000e+01,4.648017200000000315e+01
4.000639704580999734e+01,-8.303772443098999645e+01,-1.849999999999999908e-02,1.272199999999999998e+00,2.372461098932000106e-02,1.494319163251599969e+00,-6.177646843921999475e-02,4.924138869999999946e-01,-4.023170209999999969e-01,9.196027214500000468e+01,2.024000000000000000e+03,1.100000000000000000e+01,1.400000000000000000e+01,1.400000000000000000e+01,3.800000000000000000e+01,4.653345300000000151e+01
4.000639703830999849e+01,-8.303772367468999960e+01,-1.609999999999999973e-02,1.314300000000000024e+00,-1.755122178414399992e-01,1.695831401964420060e+00,-4.486283429052000116e-02,4.804738530000000063e-01,-3.995547469999999879e-01,9.191262188599999661e+01,2.024000000000000000e+03,1.100000000000000000e+01,1.400000000000000000e+01,1.400000000000000000e+01,3.800000000000000000e+01,4.658590199999999726e+01
4.000639703150999793e+01,-8.303772289386000693e+01,-1.460000000000000013e-02,1.355699999999999905e+00,-1.517269739423200148e-01,1.649948280550799895e+00,5.628259287272000672e-02,4.609046920000000047e-01,-4.167519140000000011e-01,9.187741290900000024e+01,2.024000000000000000e+03,1.100000000000000000e+01,1.400000000000000000e+01,1.400000000000000000e+01,3.800000000000000000e+01,4.663891000000000275e+01
4.000639702350999727e+01,-8.303772209051000175e+01,-2.019999999999999921e-02,1.391100000000000003e+00,8.908863756934000400e-02,1.412636964674979900e+00,1.188916608218000028e-02,4.416961939999999864e-01,-4.444402920000000146e-01,9.185217728199999954e+01,2.024000000000000000e+03,1.100000000000000000e+01,1.400000000000000000e+01,1.400000000000000000e+01,3.800000000000000000e+01,4.669195799999999963e+01
4.000639701011999705e+01,-8.303772110078999447e+01,-2.910000000000000087e-02,1.429400000000000004e+00,1.910458532549400013e-01,1.285358481753720028e+00,-4.226633295172000510e-02,4.338693240000000007e-01,-4.679383630000000238e-01,9.182992275300000529e+01,2.024000000000000000e+03,1.100000000000000000e+01,1.400000000000000000e+01,1.400000000000000000e+01,3.800000000000000000e+01,4.674546800000000246e+01
4.000639699612000300e+01,-8.303772025525999823e+01,-3.490000000000000047e-02,1.461799999999999988e+00,2.043616722843200062e-01,1.309729065292539962e+00,-4.072624567791999911e-02,4.345663260000000028e-01,-4.784411619999999754e-01,9.181260296899999673e+01,2.024000000000000000e+03,1.100000000000000000e+01,1.400000000000000000e+01,1.400000000000000000e+01,3.800000000000000000e+01,4.680076400000000092e+01
4.000639697556000129e+01,-8.303771921541999745e+01,-4.150000000000000216e-02,1.501300000000000079e+00,1.326131312640400073e-01,1.338114837036380012e+00,7.190685336559999967e-03,4.460950430000000244e-01,-4.854357719999999876e-01,9.178743424699999309e+01,2.024000000000000000e+03,1.100000000000000000e+01,1.400000000000000000e+01,1.400000000000000000e+01,3.800000000000000000e+01,4.685579500000000053e+01
4.000639695672000329e+01,-8.303771832731000302e+01,-4.349999999999999700e-02,1.534899999999999931e+00,3.010747942881999983e-02,1.339528034782119903e+00,-3.714359400396000099e-02,4.576689130000000105e-01,-4.872815640000000004e-01,9.176346731200000306e+01,2.024000000000000000e+03,1.100000000000000000e+01,1.400000000000000000e+01,1.400000000000000000e+01,3.800000000000000000e+01,4.690930099999999925e+01
4.000639693744000169e+01,-8.303771741952999719e+01,-4.299999999999999656e-02,1.568899999999999961e+00,-8.429171475209999709e-02,1.366882464536540054e+00,2.087514019778000107e-02,4.717271279999999956e-01,-4.880114589999999808e-01,9.174312377600000445e+01,2.024000000000000000e+03,1.100000000000000000e+01,1.400000000000000000e+01,1.400000000000000000e+01,3.800000000000000000e+01,4.696370999999999896e+01
4.000639691903000283e+01,-8.303771649155000034e+01,-3.980000000000000204e-02,1.603399999999999936e+00,-1.880233475395999831e-01,1.372043715574539968e+00,8.842475568865999780e-02,4.856365610000000221e-01,-4.912002380000000112e-01,9.172902627899999572e+01,2.024000000000000000e+03,1.100000000000000000e+01,1.400000000000000000e+01,1.400000000000000000e+01,3.800000000000000000e+01,4.701889700000000261e+01
4.000639691559000255e+01,-8.303771630356000344e+01,-3.869999999999999829e-02,1.610200000000000076e+00,-2.164757114829599927e-01,1.358389242587760171e+00,8.397781590002000029e-02,4.877572000000000019e-01,-4.914673869999999778e-01,9.172662105899999574e+01,2.024000000000000000e+03,1.100000000000000000e+01,1.400000000000000000e+01,1.400000000000000000e+01,3.800000000000000000e+01,4.707220399999999927e+01
4.000639689359999807e+01,-8.303771496494999838e+01,-3.259999999999999704e-02,1.658700000000000063e+00,-2.110106870456799899e-01,1.378006951668820035e+00,5.530926403799999325e-04,4.916063600000000200e-01,-4.970042729999999964e-01,9.170990664200000708e+01,2.024000000000000000e+03,1.100000000000000000e+01,1.400000000000000000e+01,1.400000000000000000e+01,3.800000000000000000e+01,4.712583099999999803e+01
4.000639687614999929e+01,-8.303771378705999950e+01,-3.250000000000000111e-02,1.697899999999999965e+00,-5.289911495950000431e-02,1.309017685463260028e+00,5.053255461670000392e-02,4.859680379999999911e-01,-5.025943339999999759e-01,9.169478696900000614e+01,2.024000000000000000e+03,1.100000000000000000e+01,1.400000000000000000e+01,1.400000000000000000e+01,3.800000000000000000e+01,4.718020800000000037e+01
4.000639686979999965e+01,-8.303771338840999761e+01,-3.549999999999999684e-02,1.711200000000000054e+00,1.173778014527200042e-01,1.323846089364260070e+00,4.397581758220000386e-02,4.852335469999999873e-01,-5.031150549999999777e-01,9.169034390599999540e+01,2.024000000000000000e+03,1.100000000000000000e+01,1.400000000000000000e+01,1.400000000000000000e+01,3.800000000000000000e+01,4.723413099999999787e+01
4.000639682949999809e+01,-8.303771093302999873e+01,-3.989999999999999797e-02,1.789800000000000058e+00,8.305999812645999125e-02,1.363149074534119931e+00,4.718341291530000342e-02,4.760305550000000219e-01,-5.054541740000000338e-01,9.169246947300000272e+01,2.024000000000000000e+03,1.100000000000000000e+01,1.400000000000000000e+01,1.400000000000000000e+01,3.800000000000000000e+01,4.728762100000000146e+01
4.000639680985000268e+01,-8.303770987612000454e+01,-4.560000000000000164e-02,1.825299999999999923e+00,1.233809153301200084e-01,1.421149290772039997e+00,2.335316688635999741e-02,4.751920519999999759e-01,-5.102480700000000535e-01,9.171026639000000102e+01,2.024000000000000000e+03,1.100000000000000000e+01,1.400000000000000000e+01,1.400000000000000000e+01,3.800000000000000000e+01,4.734191200000000066e+01
4.000639678334999871e+01,-8.303770858053999859e+01,-5.170000000000000290e-02,1.868000000000000105e+00,1.568224878631200025e-01,1.445587355242380134e+00,-9.112169771639999985e-03,4.809616660000000099e-01,-5.245783760000000129e-01,9.173835367300000598e+01,2.024000000000000000e+03,1.100000000000000000e+01,1.400000000000000000e+01,1.400000000000000000e+01,3.800000000000000000e+01,4.739608900000000347e+01
4.000639675934999673e+01,-8.303770747784000150e+01,-5.550000000000000072e-02,1.903299999999999992e+00,1.332105324327000073e-01,1.408476755750559972e+00,-3.728735626495999905e-02,4.859642829999999969e-01,-5.432782240000000318e-01,9.176068730199999379e+01,2.024000000000000000e+03,1.100000000000000000e+01,1.400000000000000000e+01,1.400000000000000000e+01,3.800000000000000000e+01,4.745019800000000032e+01
4.000639672823999859e+01,-8.303770612840000354e+01,-6.090000000000000274e-02,1.942399999999999904e+00,1.614472419022200123e-01,1.337914290850420018e+00,-8.336067320012000015e-02,4.942871130000000002e-01,-5.660371450000000193e-01,9.178442755199999681e+01,2.024000000000000000e+03,1.100000000000000000e+01,1.400000000000000000e+01,1.400000000000000000e+01,3.800000000000000000e+01,4.750310100000000091e+01
4.000639670219000266e+01,-8.303770498312999848e+01,-5.829999999999999766e-02,1.974099999999999966e+00,-2.163151843668000007e-02,1.266980334122840057e+00,-6.882053345838000380e-02,5.015843719999999450e-01,-5.790477849999999815e-01,9.180483167399999900e+01,2.024000000000000000e+03,1.100000000000000000e+01,1.400000000000000000e+01,1.400000000000000000e+01,3.800000000000000000e+01,4.755733399999999733e+01
4.000639667699000057e+01,-8.303770382001999906e+01,-5.580000000000000238e-02,2.003499999999999837e+00,-5.902270615531999415e-02,1.180532243534120118e+00,-1.309947078957399980e-01,5.000480940000000540e-01,-5.811830749999999934e-01,9.182915968499999337e+01,2.024000000000000000e+03,1.100000000000000000e+01,1.400000000000000000e+01,1.400000000000000000e+01,3.800000000000000000e+01,4.761042100000000232e+01
4.000639664665000339e+01,-8.303770240033000505e+01,-5.600000000000000117e-02,2.042300000000000004e+00,4.166120065017999557e-02,1.269398473723180043e+00,-5.497058022618000334e-02,4.967873090000000103e-01,-5.693818370000000018e-01,9.186520005299999525e+01,2.024000000000000000e+03,1.100000000000000000e+01,1.400000000000000000e+01,1.400000000000000000e+01,3.800000000000000000e+01,4.766558700000000215e+01
4.000639662235000316e+01,-8.303770119521000481e+01,-5.349999999999999895e-02,2.078899999999999970e+00,-8.628705181599999330e-02,1.463077872315119876e+00,2.098035565981400119e-01,4.885935169999999772e-01,-5.617320919999999607e-01,9.189920026800000130e+01,2.024000000000000000e+03,1.100000000000000000e+01,1.400000000000000000e+01,1.400000000000000000e+01,3.800000000000000000e+01,4.772048199999999696e+01
4.000639659747999843e+01,-8.303769996830999389e+01,-5.729999999999999677e-02,2.116099999999999870e+00,1.328974525842999965e-01,1.485068830632660042e+00,2.131649203325600150e-01,4.790278539999999752e-01,-5.676821020000000217e-01,9.193360995199999763e+01,2.024000000000000000e+03,1.100000000000000000e+01,1.400000000000000000e+01,1.400000000000000000e+01,3.800000000000000000e+01,4.777564199999999772e+01
4.000639656434000102e+01,-8.303769846915000130e+01,-6.519999999999999407e-02,2.155800000000000161e+00,2.058681241223000169e-01,1.331113633896559900e+00,1.029191163492200051e-01,4.761746789999999896e-01,-5.831987680000000340e-01,9.196992604700000129e+01,2.024000000000000000e+03,1.100000000000000000e+01,1.400000000000000000e+01,1.400000000000000000e+01,3.800000000000000000e+01,4.782927000000000106e+01
4.000639652878999897e+01,-8.303769694161999837e+01,-6.600000000000000311e-02,2.197200000000000042e+00,-6.976848568808000084e-02,1.406714736572139968e+00,1.686509645988399919e-01,4.726949019999999724e-01,-6.032279040000000370e-01,9.200447992600000191e+01,2.024000000000000000e+03,1.100000000000000000e+01,1.400000000000000000e+01,1.400000000000000000e+01,3.800000000000000000e+01,4.788256200000000007e+01
4.000639649741000170e+01,-8.303769564770999523e+01,-7.119999999999999940e-02,2.227599999999999802e+00,9.124646979698000648e-02,1.241144700695400171e+00,-4.321194045807999484e-02,4.645461470000000204e-01,-6.224211520000000331e-01,9.203358944299999678e+01,2.024000000000000000e+03,1.100000000000000000e+01,1.400000000000000000e+01,1.400000000000000000e+01,3.800000000000000000e+01,4.793623600000000096e+01
4.000639646399000071e+01,-8.303769433594999327e+01,-7.439999999999999392e-02,2.257400000000000073e+00,-2.314793563430000284e-02,1.199560462060059951e+00,2.651176343005999872e-02,4.606852860000000272e-01,-6.381525689999999473e-01,9.206444746399999701e+01,2.024000000000000000e+03,1.100000000000000000e+01,1.400000000000000000e+01,1.400000000000000000e+01,3.800000000000000000e+01,4.799033899999999875e+01
4.000639645022999957e+01,-8.303769380612000361e+01,-7.689999999999999614e-02,2.270399999999999974e+00,7.469699349926001153e-02,1.253882071220959959e+00,6.682898012917999619e-02,4.673405290000000045e-01,-6.451409280000000024e-01,9.207857258600000705e+01,2.024000000000000000e+03,1.100000000000000000e+01,1.400000000000000000e+01,1.400000000000000000e+01,3.800000000000000000e+01,4.804378100000000273e+01
4.000639640789000140e+01,-8.303769219899000120e+01,-8.019999999999999352e-02,2.307799999999999851e+00,1.396746311172999966e-01,1.215376274976879944e+00,-3.105611209856000074e-02,4.762721710000000219e-01,-6.670304169999999866e-01,9.212403174600000000e+01,2.024000000000000000e+03,1.100000000000000000e+01,1.400000000000000000e+01,1.400000000000000000e+01,3.800000000000000000e+01,4.809853900000000237e+01
4.000639636590000237e+01,-8.303769056705000651e+01,-7.979999999999999594e-02,2.341699999999999893e+00,-6.866534857561999716e-02,1.096509102500299981e+00,-3.061107445926599668e-01,4.768123140000000149e-01,-6.756683610000000506e-01,9.216999975800000300e+01,2.024000000000000000e+03,1.100000000000000000e+01,1.400000000000000000e+01,1.400000000000000000e+01,3.800000000000000000e+01,4.815296299999999974e+01
4.000639633096000125e+01,-8.303768918966000001e+01,-8.129999999999999727e-02,2.369000000000000217e+00,8.497812212614000438e-02,1.124067026517040047e+00,-2.450498567828000018e-01,4.706631110000000229e-01,-6.737447720000000473e-01,9.220347535099999448e+01,2.024000000000000000e+03,1.100000000000000000e+01,1.400000000000000000e+01,1.400000000000000000e+01,3.800000000000000000e+01,4.820648899999999770e+01
4.000639626988999709e+01,-8.303768694989000210e+01,-9.070000000000000284e-02,2.419599999999999973e+00,1.141786368493600129e-01,1.330237031012740045e+00,-3.004953304725999780e-02,4.749106579999999855e-01,-6.556231860000000244e-01,9.225383862299999294e+01,2.024000000000000000e+03,1.100000000000000000e+01,1.400000000000000000e+01,1.400000000000000000e+01,3.800000000000000000e+01,4.826036599999999765e+01
4.000639622680999707e+01,-8.303768552520000412e+01,-9.629999999999999671e-02,2.453399999999999803e+00,-5.518737466603999831e-02,1.362507261040180051e+00,3.413193074320000370e-03,4.908893799999999863e-01,-6.528779390000000182e-01,9.228841457599999387e+01,2.024000000000000000e+03,1.100000000000000000e+01,1.400000000000000000e+01,1.400000000000000000e+01,3.800000000000000000e+01,4.831438099999999736e+01
4.000639617419000160e+01,-8.303768378840000253e+01,-9.729999999999999760e-02,2.495800000000000018e+00,-1.234469367559800079e-01,1.389166477141120071e+00,1.966294088486799929e-01,5.021785810000000128e-01,-6.627845679999999629e-01,9.233599979400000279e+01,2.024000000000000000e+03,1.100000000000000000e+01,1.400000000000000000e+01,1.400000000000000000e+01,3.800000000000000000e+01,4.836813500000000232e+01
4.000639612922999788e+01,-8.303768231880999906e+01,-1.013000000000000012e-01,2.529799999999999827e+00,3.259278955896000030e-02,1.365170545060800045e+00,7.047806318811999926e-02,5.053259039999999924e-01,-6.804288240000000432e-01,9.237767111099999795e+01,2.024000000000000000e+03,1.100000000000000000e+01,1.400000000000000000e+01,1.400000000000000000e+01,3.800000000000000000e+01,4.842260699999999929e+01
4.000639607344000126e+01,-8.303768052994999493e+01,-1.054999999999999966e-01,2.567699999999999871e+00,7.751888113977999095e-02,1.257853405804580049e+00,-7.901681840764000764e-02,5.159395430000000005e-01,-7.049802090000000243e-01,9.243023695499999803e+01,2.024000000000000000e+03,1.100000000000000000e+01,1.400000000000000000e+01,1.400000000000000000e+01,3.800000000000000000e+01,4.847635100000000108e+01
4.000639602770999659e+01,-8.303767901995000500e+01,-1.016999999999999987e-01,2.595699999999999896e+00,-1.056443490867000068e-01,1.107602262202840082e+00,-7.035579285014000039e-02,5.189610989999999813e-01,-7.194289179999999728e-01,9.247526068700000224e+01,2.024000000000000000e+03,1.100000000000000000e+01,1.400000000000000000e+01,1.400000000000000000e+01,3.800000000000000000e+01,4.853013099999999724e+01
4.000639597335000275e+01,-8.303767718653000429e+01,-1.037000000000000005e-01,2.629199999999999982e+00,1.676295427017999995e-01,1.134372257693360142e+00,-1.001765052210200069e-01,5.046376299999999482e-01,-7.207980120000000435e-01,9.252896022400000220e+01,2.024000000000000000e+03,1.100000000000000000e+01,1.400000000000000000e+01,1.400000000000000000e+01,3.800000000000000000e+01,4.858433300000000088e+01
4.000639592612999706e+01,-8.303767563841999788e+01,-1.098999999999999977e-01,2.663199999999999790e+00,3.005635167464399959e-01,1.344221548598020011e+00,-1.338916997917199980e-01,4.975832660000000240e-01,-7.193349500000000285e-01,9.257440907999999524e+01,2.024000000000000000e+03,1.100000000000000000e+01,1.400000000000000000e+01,1.400000000000000000e+01,3.800000000000000000e+01,4.863915699999999731e+01
4.000639586543000092e+01,-8.303767375331000267e+01,-1.174999999999999933e-01,2.707100000000000062e+00,2.470709283580600213e-01,1.444175717731440045e+00,-3.253733728282000304e-02,4.980234020000000039e-01,-7.333153380000000388e-01,9.263116608299999655e+01,2.024000000000000000e+03,1.100000000000000000e+01,1.400000000000000000e+01,1.400000000000000000e+01,3.800000000000000000e+01,4.869377699999999720e+01
4.000639581187000005e+01,-8.303767215967999960e+01,-1.234999999999999987e-01,2.741200000000000081e+00,2.608807957804200051e-01,1.349766097808000165e+00,-7.491625118300000025e-03,5.008996989999999760e-01,-7.557986709999999775e-01,9.267849518100000239e+01,2.024000000000000000e+03,1.100000000000000000e+01,1.400000000000000000e+01,1.400000000000000000e+01,3.800000000000000000e+01,4.874973899999999816e+01
4.000639574381000330e+01,-8.303767022424000288e+01,-1.302000000000000102e-01,2.773000000000000131e+00,1.879424192002400185e-01,1.024200919606460092e+00,9.994910775115999069e-02,5.073068499999999759e-01,-7.897271949999999929e-01,9.273445379300000013e+01,2.024000000000000000e+03,1.100000000000000000e+01,1.400000000000000000e+01,1.400000000000000000e+01,3.800000000000000000e+01,4.880394799999999833e+01
4.000639568647999766e+01,-8.303766859574000136e+01,-1.269000000000000128e-01,2.794599999999999973e+00,-1.241828143302400045e-01,8.401757237071800777e-01,2.099144790238999803e-01,5.098611410000000177e-01,-8.236057199999999856e-01,9.278235081500000092e+01,2.024000000000000000e+03,1.100000000000000000e+01,1.400000000000000000e+01,1.400000000000000000e+01,3.800000000000000000e+01,4.885681999999999903e+01
4.000639562909999825e+01,-8.303766695791999553e+01,-1.295999999999999930e-01,2.805800000000000072e+00,1.028742307509599996e-01,4.734978653338200449e-01,1.804889642186199850e-01,5.039654350000000171e-01,-8.516437949999999812e-01,9.282867074499999660e+01,2.024000000000000000e+03,1.100000000000000000e+01,1.400000000000000000e+01,1.400000000000000000e+01,3.800000000000000000e+01,4.891066200000000208e+01
4.000639556977999689e+01,-8.303766531341000245e+01,-1.335000000000000075e-01,2.815999999999999837e+00,7.489484725056000380e-02,3.872760233058399892e-01,-6.798015850540000543e-03,5.072020510000000426e-01,-8.603552799999999445e-01,9.287395663099999865e+01,2.024000000000000000e+03,1.100000000000000000e+01,1.400000000000000000e+01,1.400000000000000000e+01,3.800000000000000000e+01,4.896468699999999785e+01
4.000639550940000078e+01,-8.303766366207000260e+01,-1.358000000000000040e-01,2.830000000000000071e+00,7.268630366358000416e-02,5.789617234092200304e-01,8.615291416822000448e-02,5.126817540000000450e-01,-8.499297080000000060e-01,9.292047550200000217e+01,2.024000000000000000e+03,1.100000000000000000e+01,1.400000000000000000e+01,1.400000000000000000e+01,3.800000000000000000e+01,4.901917300000000211e+01
4.000639549736000333e+01,-8.303766333078000628e+01,-1.350000000000000089e-01,2.833200000000000163e+00,-4.440121674032000004e-02,6.013956956900800011e-01,8.830620811778000512e-02,5.155940460000000281e-01,-8.483265479999999581e-01,9.293021657699999594e+01,2.024000000000000000e+03,1.100000000000000000e+01,1.400000000000000000e+01,1.400000000000000000e+01,3.800000000000000000e+01,4.907299299999999675e+01
4.000639541038999880e+01,-8.303766099905000431e+01,-1.398999999999999966e-01,2.859500000000000153e+00,7.992974618888000482e-02,7.215514232288999796e-01,6.686298852800000303e-02,5.203690210000000427e-01,-8.369634099999999632e-01,9.299853524200000265e+01,2.024000000000000000e+03,1.100000000000000000e+01,1.400000000000000000e+01,1.400000000000000000e+01,3.800000000000000000e+01,4.912740300000000104e+01
4.000639532078000116e+01,-8.303765864912000438e+01,-1.456000000000000072e-01,2.883000000000000007e+00,2.884826983859800076e-01,7.179683900944200392e-01,-6.340861897845999351e-02,5.083451420000000276e-01,-8.232599499999999626e-01,9.306802299500000686e+01,2.024000000000000000e+03,1.100000000000000000e+01,1.400000000000000000e+01,1.400000000000000000e+01,3.800000000000000000e+01,4.918159399999999692e+01
4.000639529496000080e+01,-8.303765797389000625e+01,-1.436000000000000054e-01,2.891199999999999992e+00,-8.829674520709999974e-02,7.916703421739399449e-01,-1.049858840336199972e-01,5.082147120000000129e-01,-8.202218869999999828e-01,9.308822132500000635e+01,2.024000000000000000e+03,1.100000000000000000e+01,1.400000000000000000e+01,1.400000000000000000e+01,3.800000000000000000e+01,4.923573400000000078e+01
4.000639514816000286e+01,-8.303765422857000544e+01,-1.479000000000000037e-01,2.934000000000000163e+00,-1.041098432678800034e-01,8.331697374906801290e-01,-4.301930458165999921e-02,4.959228669999999894e-01,-7.938754439999999857e-01,9.320422761800000444e+01,2.024000000000000000e+03,1.100000000000000000e+01,1.400000000000000000e+01,1.400000000000000000e+01,3.800000000000000000e+01,4.928998700000000355e+01
4.000639506627000230e+01,-8.303765216035000662e+01,-1.539999999999999980e-01,2.961899999999999977e+00,1.585221541773799980e-01,9.571508905620399466e-01,2.282328120335999980e-02,4.827415780000000045e-01,-7.784287130000000499e-01,9.327053360700000439e+01,2.024000000000000000e+03,1.100000000000000000e+01,1.400000000000000000e+01,1.400000000000000000e+01,3.800000000000000000e+01,4.934473400000000254e+01
4.000639499547000355e+01,-8.303765042128999596e+01,-1.607999999999999985e-01,2.986299999999999955e+00,2.548343267355199782e-01,9.728531192056000254e-01,-1.021814324533200091e-01,4.766599730000000146e-01,-7.721666090000000038e-01,9.332577928199999917e+01,2.024000000000000000e+03,1.100000000000000000e+01,1.400000000000000000e+01,1.400000000000000000e+01,3.800000000000000000e+01,4.940062300000000306e+01
4.000639490558000233e+01,-8.303764831642999411e+01,-1.726999999999999924e-01,3.012399999999999967e+00,4.296285223994399938e-01,8.550674879386399585e-01,-6.236177754224000308e-02,4.745152930000000047e-01,-7.698681979999999481e-01,9.338977546899999993e+01,2.024000000000000000e+03,1.100000000000000000e+01,1.400000000000000000e+01,1.400000000000000000e+01,3.800000000000000000e+01,4.945642899999999997e+01
4.000639482639000022e+01,-8.303764655051999455e+01,-1.801999999999999991e-01,3.028900000000000148e+00,3.163947583509000294e-01,7.080461580982999603e-01,1.456919988753800077e-01,4.818526770000000070e-01,-7.601229069999999588e-01,9.344156956700000194e+01,2.024000000000000000e+03,1.100000000000000000e+01,1.400000000000000000e+01,1.400000000000000000e+01,3.800000000000000000e+01,4.951075000000000159e+01
4.000639474585000244e+01,-8.303764477414999590e+01,-1.791999999999999982e-01,3.046400000000000219e+00,-1.477925133873999979e-02,6.849031339611399982e-01,7.652538401793999856e-02,4.834727919999999846e-01,-7.403408830000000052e-01,9.349426751900000454e+01,2.024000000000000000e+03,1.100000000000000000e+01,1.400000000000000000e+01,1.400000000000000000e+01,3.800000000000000000e+01,4.956601299999999810e+01
4.000639464731000317e+01,-8.303764262702999588e+01,-1.854999999999999982e-01,3.073700000000000099e+00,1.936680700911400099e-01,9.460486880587400949e-01,1.976703645481999935e-02,4.817623839999999880e-01,-7.076400699999999544e-01,9.355745903700000099e+01,2.024000000000000000e+03,1.100000000000000000e+01,1.400000000000000000e+01,1.400000000000000000e+01,3.800000000000000000e+01,4.962236500000000206e+01
4.000639454577000009e+01,-8.303764045805000649e+01,-1.907000000000000084e-01,3.108299999999999841e+00,1.310529976354799786e-01,1.171442783134639898e+00,-4.165195895479799626e-01,4.910990170000000266e-01,-6.837253220000000242e-01,9.362351964600000542e+01,2.024000000000000000e+03,1.100000000000000000e+01,1.400000000000000000e+01,1.400000000000000000e+01,3.800000000000000000e+01,4.967669099999999816e+01
4.000639445955999918e+01,-8.303763863240000376e+01,-1.918999999999999873e-01,3.134700000000000042e+00,-2.958422430460000158e-03,1.037257336577399824e+00,-2.852305547789599771e-01,4.985840040000000251e-01,-6.777398310000000148e-01,9.367964625400000500e+01,2.024000000000000000e+03,1.100000000000000000e+01,1.400000000000000000e+01,1.400000000000000000e+01,3.800000000000000000e+01,4.973022699999999929e+01
4.000639435709999958e+01,-8.303763642556999969e+01,-1.912000000000000088e-01,3.155199999999999783e+00,-1.057014207989999920e-02,6.813000412347000045e-01,1.576092710843599864e-01,4.868963820000000164e-01,-6.664927710000000394e-01,9.374412118700000462e+01,2.024000000000000000e+03,1.100000000000000000e+01,1.400000000000000000e+01,1.400000000000000000e+01,3.800000000000000000e+01,4.978461899999999929e+01
4.000639427037999951e+01,-8.303763457531999848e+01,-1.937000000000000111e-01,3.171899999999999942e+00,5.589754852277999814e-02,6.561396260895799859e-01,3.392059326839000355e-01,4.738156250000000180e-01,-6.468828340000000177e-01,9.379545325399999456e+01,2.024000000000000000e+03,1.100000000000000000e+01,1.400000000000000000e+01,1.400000000000000000e+01,3.800000000000000000e+01,4.984087000000000245e+01
4.000639416455999964e+01,-8.303763234040999919e+01,-1.970999999999999974e-01,3.197400000000000020e+00,2.733902512593999745e-02,8.717879963082800776e-01,4.982976708265400290e-01,4.598043809999999842e-01,-6.175195449999999475e-01,9.385636612599999751e+01,2.024000000000000000e+03,1.100000000000000000e+01,1.400000000000000000e+01,1.400000000000000000e+01,3.800000000000000000e+01,4.989616199999999679e+01
4.000639407485000021e+01,-8.303763046201000009e+01,-2.013000000000000067e-01,3.225900000000000212e+00,9.489800127734000779e-02,1.149676146601399829e+00,3.247102920282800009e-01,4.444659490000000268e-01,-6.054660560000000302e-01,9.390731347099999482e+01,2.024000000000000000e+03,1.100000000000000000e+01,1.400000000000000000e+01,1.400000000000000000e+01,3.800000000000000000e+01,4.995089200000000318e+01
4.000639396465999909e+01,-8.303762818415999902e+01,-2.048999999999999988e-01,3.264600000000000168e+00,-3.405197283728000207e-02,1.286878044292820045e+00,3.092303596255800424e-01,4.273434110000000064e-01,-6.355782760000000531e-01,9.397343530300000225e+01,2.024000000000000000e+03,1.100000000000000000e+01,1.400000000000000000e+01,1.400000000000000000e+01,3.800000000000000000e+01,5.000539500000000004e+01
4.000639394614999844e+01,-8.303762780211999939e+01,-2.053000000000000103e-01,3.269099999999999895e+00,-2.001580030491999923e-02,1.178659111146100003e+00,1.851730555639800047e-01,4.239757020000000098e-01,-6.438238739999999627e-01,9.398473922700000571e+01,2.024000000000000000e+03,1.100000000000000000e+01,1.400000000000000000e+01,1.400000000000000000e+01,3.800000000000000000e+01,5.005929199999999923e+01
4.000639385235000134e+01,-8.303762588650999987e+01,-2.102999999999999869e-01,3.281600000000000072e+00,1.415774955076800068e-01,5.158529141484800018e-01,-4.486101371834000373e-02,4.046212739999999752e-01,-6.917561789999999711e-01,9.404020529800000361e+01,2.024000000000000000e+03,1.100000000000000000e+01,1.400000000000000000e+01,1.400000000000000000e+01,3.800000000000000000e+01,5.011469199999999802e+01
4.000639369561000080e+01,-8.303762281244000576e+01,-2.237999999999999989e-01,3.287999999999999812e+00,2.781914532953200236e-01,2.023350422956800010e-01,-3.513731836000000101e-03,3.883521710000000238e-01,-7.093044090000000246e-01,9.412118265600000200e+01,2.024000000000000000e+03,1.100000000000000000e+01,1.400000000000000000e+01,1.400000000000000000e+01,3.800000000000000000e+01,5.016982500000000300e+01
4.000639365527000280e+01,-8.303762204219999887e+01,-2.268999999999999906e-01,3.291100000000000136e+00,2.615222405817999585e-01,2.509374071091600156e-01,-1.693102250640000223e-02,3.876750889999999727e-01,-6.995348999999999595e-01,9.414010795100000450e+01,2.024000000000000000e+03,1.100000000000000000e+01,1.400000000000000000e+01,1.400000000000000000e+01,3.800000000000000000e+01,5.022485700000000008e+01
4.000639342246999774e+01,-8.303761778738000032e+01,-2.426999999999999991e-01,3.322900000000000187e+00,1.247083887280600045e-01,8.296167219967000017e-01,-2.090187518565200242e-01,4.161024759999999989e-01,-6.326265359999999616e-01,9.423727612300000089e+01,2.024000000000000000e+03,1.100000000000000000e+01,1.400000000000000000e+01,1.400000000000000000e+01,3.800000000000000000e+01,5.027880700000000047e+01
4.000639328905000269e+01,-8.303761543755000218e+01,-2.560000000000000053e-01,3.362600000000000033e+00,4.401949186098400024e-01,1.201121603629979884e+00,-7.337389555539999830e-02,4.323624950000000133e-01,-6.289116000000000151e-01,9.429299081800000693e+01,2.024000000000000000e+03,1.100000000000000000e+01,1.400000000000000000e+01,1.400000000000000000e+01,3.800000000000000000e+01,5.033330899999999986e+01
4.000639317699999964e+01,-8.303761346948999744e+01,-2.494999999999999996e-01,3.367999999999999883e+00,-1.454188673770600015e-01,3.878097550317199937e-01,2.559204593231200198e-01,4.470745629999999804e-01,-6.394041550000000296e-01,9.434776170199999967e+01,2.024000000000000000e+03,1.100000000000000000e+01,1.400000000000000000e+01,1.400000000000000000e+01,3.800000000000000000e+01,5.038947199999999782e+01
4.000639304549999764e+01,-8.303761110019000569e+01,-2.427999999999999881e-01,3.379000000000000004e+00,-1.359490936080799961e-01,3.970268411235000072e-01,2.048991992617999955e-02,4.370413779999999804e-01,-6.425287840000000195e-01,9.441464997600000686e+01,2.024000000000000000e+03,1.100000000000000000e+01,1.400000000000000000e+01,1.400000000000000000e+01,3.800000000000000000e+01,5.044400799999999663e+01
4.000639293500999827e+01,-8.303760911899000519e+01,-2.487999999999999934e-01,3.387500000000000178e+00,1.877020364166800126e-01,2.482158912006799945e-01,-2.544720868345999865e-01,4.325187120000000274e-01,-6.478655250000000532e-01,9.446955385799999760e+01,2.024000000000000000e+03,1.100000000000000000e+01,1.400000000000000000e+01,1.400000000000000000e+01,3.800000000000000000e+01,5.049943600000000288e+01
4.000639280168000056e+01,-8.303760673872000098e+01,-2.511999999999999789e-01,3.391500000000000181e+00,1.852446012311000090e-01,2.063121395266200309e-01,-2.791845648187200046e-01,4.289950419999999931e-01,-6.205420240000000254e-01,9.453482334900000694e+01,2.024000000000000000e+03,1.100000000000000000e+01,1.400000000000000000e+01,1.400000000000000000e+01,3.800000000000000000e+01,5.055525200000000297e+01
4.000639268895000100e+01,-8.303760474903999977e+01,-2.539000000000000146e-01,3.407000000000000028e+00,1.269194196193599855e-01,6.585891087214200690e-01,9.851974167104000923e-02,4.194848319999999742e-01,-5.917845659999999564e-01,9.458955190199999663e+01,2.024000000000000000e+03,1.100000000000000000e+01,1.400000000000000000e+01,1.400000000000000000e+01,3.800000000000000000e+01,5.060976099999999889e+01
4.000639254918999654e+01,-8.303760234883000635e+01,-2.661000000000000032e-01,3.425499999999999989e+00,3.793594367586999860e-01,5.876763196521399557e-01,3.558063901642800064e-01,4.080630089999999766e-01,-5.941006650000000278e-01,9.465588415599999905e+01,2.024000000000000000e+03,1.100000000000000000e+01,1.400000000000000000e+01,1.400000000000000000e+01,3.800000000000000000e+01,5.066457700000000131e+01
4.000639242662000328e+01,-8.303760034007000002e+01,-2.796000000000000152e-01,3.436599999999999877e+00,4.629772785748599850e-01,4.251718340858600120e-01,1.904316352842399807e-01,4.191552439999999824e-01,-6.128734169999999759e-01,9.471213609000000133e+01,2.024000000000000000e+03,1.100000000000000000e+01,1.400000000000000000e+01,1.400000000000000000e+01,3.800000000000000000e+01,5.071970100000000059e+01
4.000639230232000187e+01,-8.303759832392999840e+01,-2.778999999999999804e-01,3.451600000000000001e+00,-2.479772716539999783e-02,6.054224553213600757e-01,-1.947523230476199962e-01,4.259906150000000169e-01,-6.226421570000000294e-01,9.476544549599999812e+01,2.024000000000000000e+03,1.100000000000000000e+01,1.400000000000000000e+01,1.400000000000000000e+01,3.800000000000000000e+01,5.077432199999999796e+01
4.000639215046999908e+01,-8.303759589650999828e+01,-2.857999999999999985e-01,3.459999999999999964e+00,2.445636266640600076e-01,2.914053703730800082e-01,-2.685092829880399989e-01,4.307494310000000159e-01,-6.412200529999999565e-01,9.482360621600000172e+01,2.024000000000000000e+03,1.100000000000000000e+01,1.400000000000000000e+01,1.400000000000000000e+01,3.800000000000000000e+01,5.082878300000000138e+01
4.000639199545000224e+01,-8.303759346281999854e+01,-2.903999999999999915e-01,3.469300000000000050e+00,1.439920991740800127e-01,3.329481681217399958e-01,2.077024133187599930e-01,4.464119360000000092e-01,-6.515161560000000129e-01,9.488254896099999769e+01,2.024000000000000000e+03,1.100000000000000000e+01,1.400000000000000000e+01,1.400000000000000000e+01,3.800000000000000000e+01,5.088356199999999774e+01
4.000639186693000227e+01,-8.303759142826000073e+01,-2.867999999999999994e-01,3.480300000000000171e+00,-5.435367735459999822e-02,3.721752421544800016e-01,3.516618890918200013e-01,4.524616490000000213e-01,-6.666411749999999747e-01,9.493731777000000704e+01,2.024000000000000000e+03,1.100000000000000000e+01,1.400000000000000000e+01,1.400000000000000000e+01,3.800000000000000000e+01,5.093799700000000286e+01
4.000639178923999850e+01,-8.303759020460999807e+01,-2.898000000000000020e-01,3.487400000000000055e+00,1.197737614799799927e-01,4.592908239296199513e-01,2.656326941843800138e-01,4.488104079999999940e-01,-6.727534450000000055e-01,9.497045171000000607e+01,2.024000000000000000e+03,1.100000000000000000e+01,1.400000000000000000e+01,1.400000000000000000e+01,3.800000000000000000e+01,5.099311500000000308e+01
4.000639173649000213e+01,-8.303758938731999706e+01,-2.952000000000000179e-01,3.492799999999999905e+00,3.373529605146199928e-01,5.333960688137999728e-01,2.339890559535200143e-01,4.514385320000000035e-01,-6.838927909999999999e-01,9.499324745500000233e+01,2.024000000000000000e+03,1.100000000000000000e+01,1.400000000000000000e+01,1.400000000000000000e+01,3.800000000000000000e+01,5.104878500000000230e+01
4.000639171000999994e+01,-8.303758897813999340e+01,-2.964999999999999858e-01,3.495999999999999996e+00,2.875756262403399988e-01,5.707436262204400590e-01,3.662242975654800281e-01,4.508463830000000172e-01,-6.894438210000000122e-01,9.500497590000000514e+01,2.024000000000000000e+03,1.100000000000000000e+01,1.400000000000000000e+01,1.400000000000000000e+01,3.800000000000000000e+01,5.110404400000000180e+01
4.000639168346000218e+01,-8.303758856873000127e+01,-2.970999999999999752e-01,3.498800000000000132e+00,2.448214169606599822e-01,5.755860923042199762e-01,3.557655878566799990e-01,4.520133530000000066e-01,-6.942042539999999651e-01,9.501651217299999530e+01,2.024000000000000000e+03,1.100000000000000000e+01,1.400000000000000000e+01,1.400000000000000000e+01,3.800000000000000000e+01,5.115795500000000118e+01
4.000639165692000176e+01,-8.303758815892000200e+01,-2.970999999999999752e-01,3.501399999999999846e+00,1.313791146168800106e-01,5.646061087503200238e-01,2.144247215922200078e-01,4.523963750000000172e-01,-6.988637180000000226e-01,9.502768749199999831e+01,2.024000000000000000e+03,1.100000000000000000e+01,1.400000000000000000e+01,1.400000000000000000e+01,3.800000000000000000e+01,5.121261899999999656e+01
4.000639163022000133e+01,-8.303758774896999739e+01,-2.978999999999999981e-01,3.503600000000000048e+00,1.290936848285400007e-01,5.286854405687000380e-01,1.483521100751999944e-01,4.534865719999999767e-01,-7.046001629999999460e-01,9.503883136700000023e+01,2.024000000000000000e+03,1.100000000000000000e+01,1.400000000000000000e+01,1.400000000000000000e+01,3.800000000000000000e+01,5.126731300000000147e+01
4.000639157668999957e+01,-8.303758692796999696e+01,-2.988999999999999990e-01,3.508599999999999941e+00,1.185894547951800160e-01,5.186750238445000383e-01,5.669414972474000336e-02,4.535770530000000078e-01,-7.201639949999999457e-01,9.506192640599999777e+01,2.024000000000000000e+03,1.100000000000000000e+01,1.400000000000000000e+01,1.400000000000000000e+01,3.800000000000000000e+01,5.132348799999999756e+01
4.000639122647999812e+01,-8.303758158512999898e+01,-3.029999999999999916e-01,3.519699999999999829e+00,-1.112058204770799835e-01,4.920564323474399537e-01,3.880323430891399750e-01,4.315729710000000274e-01,-7.379484699999999675e-01,9.520443085399999461e+01,2.024000000000000000e+03,1.100000000000000000e+01,1.400000000000000000e+01,1.400000000000000000e+01,3.800000000000000000e+01,5.137875999999999976e+01
4.000639083200999835e+01,-8.303757579269000644e+01,-3.199000000000000177e-01,3.559499999999999886e+00,-1.631018507506000123e-02,8.742123573886600996e-01,1.060495708497600081e-01,4.512588490000000174e-01,-7.454855440000000000e-01,9.536660620199999983e+01,2.024000000000000000e+03,1.100000000000000000e+01,1.400000000000000000e+01,1.400000000000000000e+01,3.800000000000000000e+01,5.143392000000000053e+01
4.000639042008000246e+01,-8.303756993860000080e+01,-3.274000000000000243e-01,3.586399999999999810e+00,-4.067754120659600181e-01,6.200434430548599218e-01,6.751728542087999385e-02,4.412038560000000054e-01,-8.184187920000000060e-01,9.549445180099999675e+01,2.024000000000000000e+03,1.100000000000000000e+01,1.400000000000000000e+01,1.400000000000000000e+01,3.800000000000000000e+01,5.148908899999999988e+01
4.000639015565000278e+01,-8.303756614558000138e+01,-3.333999999999999742e-01,3.600800000000000001e+00,3.085753607805000187e-01,-3.751962057402000172e-02,-1.750708559896800021e-01,4.152720650000000235e-01,-8.765403819999999513e-01,9.558135577800000249e+01,2.024000000000000000e+03,1.100000000000000000e+01,1.400000000000000000e+01,1.400000000000000000e+01,3.800000000000000000e+01,5.154517299999999835e+01
4.000639000516999744e+01,-8.303756404086000487e+01,-3.372999999999999887e-01,3.592900000000000205e+00,1.529352105244599913e-01,-2.232949411603799839e-01,-7.604134456200000326e-04,4.281273789999999746e-01,-8.659128510000000389e-01,9.563461459699999523e+01,2.024000000000000000e+03,1.100000000000000000e+01,1.400000000000000000e+01,1.400000000000000000e+01,3.800000000000000000e+01,5.159991699999999781e+01
4.000638982425999757e+01,-8.303756151128999363e+01,-3.336999999999999966e-01,3.611600000000000144e+00,-2.937830399597800013e-01,7.415551854980599877e-01,1.062932065098199930e-01,4.215999550000000262e-01,-8.241330970000000367e-01,9.569957048700000257e+01,2.024000000000000000e+03,1.100000000000000000e+01,1.400000000000000000e+01,1.400000000000000000e+01,3.800000000000000000e+01,5.165486099999999681e+01
4.000638966825000153e+01,-8.303755938650999724e+01,-3.585999999999999743e-01,3.642300000000000093e+00,8.028122511740000133e-01,1.151178198554440035e+00,2.550024729398000026e-02,4.091344969999999859e-01,-8.310859109999999550e-01,9.574945061299999338e+01,2.024000000000000000e+03,1.100000000000000000e+01,1.400000000000000000e+01,1.400000000000000000e+01,3.800000000000000000e+01,5.170928599999999875e+01
4.000638950415000039e+01,-8.303755725729000403e+01,-3.709000000000000075e-01,3.637100000000000222e+00,3.876876835962999590e-01,-3.477148526137999879e-02,2.706117439546600334e-01,4.354204620000000081e-01,-8.593928950000000455e-01,9.580042276000000356e+01,2.024000000000000000e+03,1.100000000000000000e+01,1.400000000000000000e+01,1.400000000000000000e+01,3.800000000000000000e+01,5.176400399999999991e+01
4.000638930376000246e+01,-8.303755470531000071e+01,-3.760000000000000009e-01,3.630900000000000016e+00,2.508783384430399721e-01,-1.316867337953600003e-01,3.567803276048600036e-01,4.728075099999999864e-01,-8.545939609999999576e-01,9.586225405300000091e+01,2.024000000000000000e+03,1.100000000000000000e+01,1.400000000000000000e+01,1.400000000000000000e+01,3.800000000000000000e+01,5.181881500000000074e+01
4.000638909493000028e+01,-8.303755215088000341e+01,-3.931000000000000050e-01,3.640499999999999847e+00,3.267398129767000170e-01,3.116427066744200114e-01,3.788318830765400325e-01,5.379065410000000158e-01,-8.478417099999999706e-01,9.591873921699999528e+01,2.024000000000000000e+03,1.100000000000000000e+01,1.400000000000000000e+01,1.400000000000000000e+01,3.800000000000000000e+01,5.187362900000000110e+01
4.000638891610000059e+01,-8.303755001915999401e+01,-4.021000000000000130e-01,3.641700000000000159e+00,3.248074579297199893e-01,4.612799184445999512e-02,-1.176168356339400006e-01,6.072763850000000296e-01,-8.487927579999999805e-01,9.595789807699999585e+01,2.024000000000000000e+03,1.100000000000000000e+01,1.400000000000000000e+01,1.400000000000000000e+01,3.800000000000000000e+01,5.192849700000000013e+01
4.000638873681999996e+01,-8.303754788934999453e+01,-3.981000000000000094e-01,3.638500000000000068e+00,-1.134952872573000010e-01,-2.253124155724000113e-02,8.220588551245999742e-02,6.699409079999999461e-01,-8.258473990000000375e-01,9.598455115800000215e+01,2.024000000000000000e+03,1.100000000000000000e+01,1.400000000000000000e+01,1.400000000000000000e+01,3.800000000000000000e+01,5.198331799999999703e+01
4.000638863062000183e+01,-8.303754661124000336e+01,-3.911999999999999922e-01,3.638999999999999790e+00,-3.744988513396400043e-01,-3.112396957928000030e-02,-1.005215664143599974e-01,7.057834920000000123e-01,-8.234421090000000332e-01,9.599712631500000271e+01,2.024000000000000000e+03,1.100000000000000000e+01,1.400000000000000000e+01,1.400000000000000000e+01,3.800000000000000000e+01,5.203869300000000209e+01
4.000638856143000055e+01,-8.303754575908999414e+01,-3.825999999999999956e-01,3.639100000000000001e+00,-6.454244436625800052e-01,-7.307882259806000591e-02,4.072939540751999848e-02,7.166321960000000546e-01,-8.047299650000000470e-01,9.600191066200000023e+01,2.024000000000000000e+03,1.100000000000000000e+01,1.400000000000000000e+01,1.400000000000000000e+01,3.800000000000000000e+01,5.209533400000000114e+01
4.000638832589999794e+01,-8.303754277077000268e+01,-3.632000000000000228e-01,3.652200000000000113e+00,-7.318284133012800119e-01,2.673628433203399934e-01,-2.342597588041000212e-01,7.390125669999999536e-01,-7.617400960000000332e-01,9.601522499799999366e+01,2.024000000000000000e+03,1.100000000000000000e+01,1.400000000000000000e+01,1.400000000000000000e+01,3.800000000000000000e+01,5.215097200000000299e+01
4.000638816578999979e+01,-8.303754062993000673e+01,-3.457999999999999963e-01,3.662500000000000089e+00,-8.066075930182199372e-01,2.766280550290000084e-01,-3.699474117804800177e-01,7.326637440000000057e-01,-7.467671110000000390e-01,9.602255877599999678e+01,2.024000000000000000e+03,1.100000000000000000e+01,1.400000000000000000e+01,1.400000000000000000e+01,3.800000000000000000e+01,5.220757900000000262e+01
4.000638804239000024e+01,-8.303753891597999370e+01,-3.322999999999999843e-01,3.664600000000000080e+00,-7.297017474121599845e-01,1.085831573247000026e-01,-5.181418575748599764e-01,7.026702559999999931e-01,-7.161058519999999872e-01,9.602921931299999869e+01,2.024000000000000000e+03,1.100000000000000000e+01,1.400000000000000000e+01,1.400000000000000000e+01,3.800000000000000000e+01,5.226349700000000098e+01
4.000638765034000244e+01,-8.303753334811999309e+01,-3.403999999999999804e-01,3.660400000000000098e+00,2.739603771436400215e-01,5.046284774655999256e-02,4.983535322326400063e-01,6.063680900000000262e-01,-6.156780520000000312e-01,9.604734495600000344e+01,2.024000000000000000e+03,1.100000000000000000e+01,1.400000000000000000e+01,1.400000000000000000e+01,3.800000000000000000e+01,5.231889799999999724e+01
4.000638745873000346e+01,-8.303753077595000320e+01,-3.624999999999999889e-01,3.667300000000000004e+00,6.878014352724799441e-01,2.830273547419200342e-01,4.078349107127000051e-01,5.833621799999999524e-01,-5.916287390000000146e-01,9.603738875800000585e+01,2.024000000000000000e+03,1.100000000000000000e+01,1.400000000000000000e+01,1.400000000000000000e+01,3.800000000000000000e+01,5.237332599999999871e+01
4.000638729132000293e+01,-8.303752863162000608e+01,-3.785000000000000031e-01,3.662700000000000067e+00,7.540937389319199990e-01,-1.630941850184599862e-01,-3.065008699014000193e-01,6.038845299999999749e-01,-5.797392970000000423e-01,9.602888507800000184e+01,2.024000000000000000e+03,1.100000000000000000e+01,1.400000000000000000e+01,1.400000000000000000e+01,3.800000000000000000e+01,5.243007399999999762e+01
4.000638708299000257e+01,-8.303752605792999475e+01,-3.859000000000000208e-01,3.667199999999999793e+00,1.228747202139000017e-01,5.374980805150000179e-02,7.113188703185199246e-01,6.504836419999999730e-01,-5.751441769999999787e-01,9.601351705899999445e+01,2.024000000000000000e+03,1.100000000000000000e+01,1.400000000000000000e+01,1.400000000000000000e+01,3.800000000000000000e+01,5.248599999999999710e+01
4.000638690950999887e+01,-8.303752391157999568e+01,-3.810000000000000053e-01,3.669999999999999929e+00,-1.824423167202000040e-01,7.259816149633999127e-02,2.352182044533399907e-01,6.852826579999999890e-01,-5.807427349999999544e-01,9.599654692900000441e+01,2.024000000000000000e+03,1.100000000000000000e+01,1.400000000000000000e+01,1.400000000000000000e+01,3.800000000000000000e+01,5.254191500000000303e+01
4.000638670226999949e+01,-8.303752133550000281e+01,-3.794000000000000150e-01,3.671899999999999942e+00,-1.210755831447599962e-01,1.477806810162800022e-01,-1.821367586005800121e-01,7.294642319999999902e-01,-5.981680129999999984e-01,9.596638012900000092e+01,2.024000000000000000e+03,1.100000000000000000e+01,1.400000000000000000e+01,1.400000000000000000e+01,3.800000000000000000e+01,5.259886399999999895e+01
4.000638650198000335e+01,-8.303751875794999648e+01,-3.607000000000000206e-01,3.673299999999999788e+00,-5.423432480858999538e-01,5.491666869352000713e-02,3.352767155972000146e-01,7.598038849999999567e-01,-6.311855849999999934e-01,9.593037907299999745e+01,2.024000000000000000e+03,1.100000000000000000e+01,1.400000000000000000e+01,1.400000000000000000e+01,3.800000000000000000e+01,5.265486899999999792e+01
4.000638633703999858e+01,-8.303751661008999463e+01,-3.613000000000000100e-01,3.669999999999999929e+00,-1.804263350537599897e-01,-1.417229937432199771e-01,8.290059418308000361e-02,7.840473239999999899e-01,-6.734343769999999729e-01,9.589952192600000558e+01,2.024000000000000000e+03,1.100000000000000000e+01,1.400000000000000000e+01,1.400000000000000000e+01,3.800000000000000000e+01,5.271040299999999945e+01
4.000638617722000134e+01,-8.303751446408000447e+01,-3.442999999999999949e-01,3.665799999999999947e+00,-6.606305140662799280e-01,-2.618736269713199949e-01,-1.761845502455600121e-01,7.972151419999999877e-01,-7.066684239999999617e-01,9.587927743500000588e+01,2.024000000000000000e+03,1.100000000000000000e+01,1.400000000000000000e+01,1.400000000000000000e+01,3.800000000000000000e+01,5.276628600000000091e+01
4.000638599186999755e+01,-8.303751189423999790e+01,-3.360000000000000209e-01,3.656000000000000139e+00,-2.807792574056600099e-01,-3.221736909309799723e-01,-2.300630514559399986e-01,7.802962709999999857e-01,-7.268352319999999978e-01,9.586660986399999729e+01,2.024000000000000000e+03,1.100000000000000000e+01,1.400000000000000000e+01,1.400000000000000000e+01,3.800000000000000000e+01,5.282215000000000060e+01
4.000638580870000283e+01,-8.303750933166999459e+01,-3.407000000000000028e-01,3.646599999999999842e+00,3.223212078206800224e-01,-1.938237231795000015e-01,-2.961886703670800203e-01,7.612032050000000494e-01,-7.224955220000000011e-01,9.585615396299999702e+01,2.024000000000000000e+03,1.100000000000000000e+01,1.400000000000000000e+01,1.400000000000000000e+01,3.800000000000000000e+01,5.287830100000000044e+01
4.000638562124999709e+01,-8.303750677313000494e+01,-3.456000000000000183e-01,3.643600000000000172e+00,3.550466402788000214e-02,-4.725883606640000206e-02,-2.565495193005000174e-01,7.708985849999999695e-01,-7.163236790000000465e-01,9.583857030400000099e+01,2.024000000000000000e+03,1.100000000000000000e+01,1.400000000000000000e+01,1.400000000000000000e+01,3.800000000000000000e+01,5.293524800000000141e+01
4.000638546471999746e+01,-8.303750464070999726e+01,-3.479999999999999760e-01,3.644699999999999829e+00,1.944141913589000070e-01,2.392728842445999982e-02,1.083091230484200113e-01,7.723712630000000301e-01,-7.242029060000000351e-01,9.581508979900000611e+01,2.024000000000000000e+03,1.100000000000000000e+01,1.400000000000000000e+01,1.400000000000000000e+01,3.800000000000000000e+01,5.299155499999999819e+01
4.000638540132000287e+01,-8.303750378767000484e+01,-3.508000000000000007e-01,3.645300000000000207e+00,2.518225783701599774e-01,6.807156798616000037e-02,1.681806776877400045e-01,7.708043589999999945e-01,-7.258857770000000098e-01,9.580423010500000203e+01,2.024000000000000000e+03,1.100000000000000000e+01,1.400000000000000000e+01,1.400000000000000000e+01,3.800000000000000000e+01,5.304681399999999769e+01
4.000638527486000129e+01,-8.303750208293000412e+01,-3.487000000000000099e-01,3.639699999999999935e+00,-1.583782554723999966e-02,-2.481107068972399909e-01,1.543662022064000161e-01,7.802832589999999513e-01,-7.398877449999999856e-01,9.578447379200000000e+01,2.024000000000000000e+03,1.100000000000000000e+01,1.400000000000000000e+01,1.400000000000000000e+01,3.800000000000000000e+01,5.310295200000000193e+01
4.000638502158000165e+01,-8.303749868027999526e+01,-3.508999999999999897e-01,3.630599999999999827e+00,5.852466429342000065e-02,-2.140877866687799780e-01,-3.997049267192000210e-02,8.105809349999999469e-01,-7.371538669999999627e-01,9.575702657099999726e+01,2.024000000000000000e+03,1.100000000000000000e+01,1.400000000000000000e+01,1.400000000000000000e+01,3.800000000000000000e+01,5.315749000000000279e+01
4.000638489461999825e+01,-8.303749698046000560e+01,-3.448999999999999844e-01,3.629100000000000215e+00,-1.486836537177000095e-01,-1.285863812576399923e-01,1.842012867209999807e-02,8.289091699999999729e-01,-7.314120840000000179e-01,9.574618960099999754e+01,2.024000000000000000e+03,1.100000000000000000e+01,1.400000000000000000e+01,1.400000000000000000e+01,3.800000000000000000e+01,5.321191199999999810e+01
4.000638468206999931e+01,-8.303749400753000032e+01,-3.202999999999999736e-01,3.625300000000000189e+00,-7.329676177143199522e-01,-1.874863202402599904e-01,-6.923695813017999301e-02,8.167663160000000477e-01,-7.248259179999999580e-01,9.573275704899999994e+01,2.024000000000000000e+03,1.100000000000000000e+01,1.400000000000000000e+01,1.400000000000000000e+01,3.800000000000000000e+01,5.326927799999999991e+01
4.000638442057000077e+01,-8.303749018972000329e+01,-3.231999999999999873e-01,3.621599999999999930e+00,3.047780448713799939e-01,-3.062105074593999762e-02,-1.147702400751600127e-01,7.591471539999999907e-01,-7.096645959999999809e-01,9.571698081200000274e+01,2.024000000000000000e+03,1.100000000000000000e+01,1.400000000000000000e+01,1.400000000000000000e+01,3.800000000000000000e+01,5.332380500000000012e+01
4.000638427417000287e+01,-8.303748806913000635e+01,-3.187999999999999723e-01,3.623600000000000154e+00,-2.139544314341199904e-01,6.496402732371998889e-02,-1.117288990984000030e-01,7.549131260000000454e-01,-7.081584699999999843e-01,9.570672661000000403e+01,2.024000000000000000e+03,1.100000000000000000e+01,1.400000000000000000e+01,1.400000000000000000e+01,3.800000000000000000e+01,5.337884600000000290e+01
4.000638409498999692e+01,-8.303748552396000093e+01,-3.336000000000000076e-01,3.622100000000000097e+00,4.068244585746800257e-01,-5.320130770706000406e-02,-2.251213356486599926e-01,7.509463210000000277e-01,-7.175819639999999611e-01,9.568512713200000519e+01,2.024000000000000000e+03,1.100000000000000000e+01,1.400000000000000000e+01,1.400000000000000000e+01,3.800000000000000000e+01,5.343431100000000100e+01
4.000638393989999742e+01,-8.303748340379000581e+01,-3.427999999999999936e-01,3.621199999999999974e+00,1.948860817814000168e-01,-1.548899650491999958e-02,-5.637228702701999744e-02,7.637950780000000162e-01,-7.292409269999999832e-01,9.566242875499999343e+01,2.024000000000000000e+03,1.100000000000000000e+01,1.400000000000000000e+01,1.400000000000000000e+01,3.800000000000000000e+01,5.348948800000000148e+01
4.000638375106999689e+01,-8.303748086359000524e+01,-3.484999999999999765e-01,3.611200000000000188e+00,2.352346741063800206e-01,-3.144322629894399923e-01,1.988955223001599992e-01,7.847335420000000061e-01,-7.388645910000000150e-01,9.563559323500000175e+01,2.024000000000000000e+03,1.100000000000000000e+01,1.400000000000000000e+01,1.400000000000000000e+01,3.800000000000000000e+01,5.354478199999999788e+01
4.000638359215000150e+01,-8.303747875160999570e+01,-3.523999999999999910e-01,3.605599999999999916e+00,2.380499859053000211e-01,-1.509321781247399963e-01,2.548632718207000103e-01,8.182401980000000297e-01,-7.329990819999999685e-01,9.561784173899999928e+01,2.024000000000000000e+03,1.100000000000000000e+01,1.400000000000000000e+01,1.400000000000000000e+01,3.800000000000000000e+01,5.359906699999999802e+01
4.000638340022000250e+01,-8.303747621600000173e+01,-3.499999999999999778e-01,3.614300000000000068e+00,-1.415245083776599799e-01,3.237039550123799736e-01,1.632271230955800179e-01,8.748315629999999787e-01,-7.372681899999999899e-01,9.560118860000000041e+01,2.024000000000000000e+03,1.100000000000000000e+01,1.400000000000000000e+01,1.400000000000000000e+01,3.800000000000000000e+01,5.365424500000000307e+01
4.000638324521000300e+01,-8.303747409700000048e+01,-3.360000000000000209e-01,3.623299999999999965e+00,-4.312028655511999653e-01,2.562863702511600228e-01,-2.014833952702199948e-01,8.999006139999999876e-01,-7.682155470000000541e-01,9.558885607000000562e+01,2.024000000000000000e+03,1.100000000000000000e+01,1.400000000000000000e+01,1.400000000000000000e+01,3.800000000000000000e+01,5.370935500000000218e+01
4.000638309541000126e+01,-8.303747197827000548e+01,-3.261000000000000010e-01,3.616299999999999848e+00,-2.342365702776199876e-01,-2.846269174074799735e-01,-1.366460413479800018e-01,8.957421190000000033e-01,-8.029013889999999654e-01,9.557585667200000046e+01,2.024000000000000000e+03,1.100000000000000000e+01,1.400000000000000000e+01,1.400000000000000000e+01,3.800000000000000000e+01,5.376620700000000141e+01
4.000638292061000101e+01,-8.303746944245000350e+01,-3.160000000000000031e-01,3.602799999999999780e+00,-2.309264319327999915e-01,-5.087549774745000475e-01,9.153142639210000431e-02,8.839585869999999623e-01,-8.185459750000000367e-01,9.556269392800000162e+01,2.024000000000000000e+03,1.100000000000000000e+01,1.400000000000000000e+01,1.400000000000000000e+01,3.800000000000000000e+01,5.382088399999999950e+01
4.000638274957999840e+01,-8.303746691249000378e+01,-3.125999999999999890e-01,3.599099999999999966e+00,-3.212735552301999864e-02,-1.253593447900600011e-01,2.980431965592000160e-02,8.665049449999999709e-01,-8.093384160000000049e-01,9.555345058700000038e+01,2.024000000000000000e+03,1.100000000000000000e+01,1.400000000000000000e+01,1.400000000000000000e+01,3.800000000000000000e+01,5.387620299999999673e+01
4.000638260937999746e+01,-8.303746480322000423e+01,-3.052000000000000268e-01,3.605900000000000105e+00,-2.654904846055399781e-01,2.273214246357199708e-01,1.237436808655200116e-01,8.438600229999999591e-01,-8.122565569999999902e-01,9.554708315899999604e+01,2.024000000000000000e+03,1.100000000000000000e+01,1.400000000000000000e+01,1.400000000000000000e+01,3.800000000000000000e+01,5.393140600000000262e+01
4.000638244248000319e+01,-8.303746227016999626e+01,-3.079000000000000070e-01,3.604600000000000026e+00,1.796025264053399961e-01,-9.720964623170000318e-02,2.068979564932600101e-01,8.005851459999999697e-01,-8.372870369999999562e-01,9.553865071799999953e+01,2.024000000000000000e+03,1.100000000000000000e+01,1.400000000000000000e+01,1.400000000000000000e+01,3.800000000000000000e+01,5.398665499999999895e+01
4.000638238562000026e+01,-8.303746142669000108e+01,-3.141999999999999793e-01,3.601500000000000146e+00,4.392624177194400237e-01,-1.783598194582000085e-01,1.213221141377599926e-01,7.932893960000000355e-01,-8.444868269999999955e-01,9.553684708199999420e+01,2.024000000000000000e+03,1.100000000000000000e+01,1.400000000000000000e+01,1.400000000000000000e+01,3.800000000000000000e+01,5.404199500000000000e+01
4.000638221439000120e+01,-8.303745890109999550e+01,-3.145999999999999908e-01,3.589100000000000179e+00,-1.282041839053999974e-02,-3.901815465091600377e-01,3.810043202459999917e-02,7.796935750000000276e-01,-8.531242329999999541e-01,9.553328474100000278e+01,2.024000000000000000e+03,1.100000000000000000e+01,1.400000000000000000e+01,1.400000000000000000e+01,3.800000000000000000e+01,5.410016600000000153e+01
4.000638203986999741e+01,-8.303745638053999301e+01,-3.286000000000000032e-01,3.585700000000000109e+00,6.289188648032399964e-01,-8.866683712251999250e-02,-1.655125628449000130e-01,7.703003059999999902e-01,-8.461278290000000535e-01,9.552863753299999416e+01,2.024000000000000000e+03,1.100000000000000000e+01,1.400000000000000000e+01,1.400000000000000000e+01,3.800000000000000000e+01,5.415543900000000122e+01
4.000638191665999699e+01,-8.303745470325999634e+01,-3.471000000000000196e-01,3.577100000000000168e+00,8.788307614927000078e-01,-3.197336393261399623e-01,-8.502066739753999514e-02,8.029018270000000124e-01,-8.415782480000000287e-01,9.552330487700000106e+01,2.024000000000000000e+03,1.100000000000000000e+01,1.400000000000000000e+01,1.400000000000000000e+01,3.800000000000000000e+01,5.421084400000000159e+01
4.000638167014000146e+01,-8.303745135705000280e+01,-3.300000000000000155e-01,3.567699999999999871e+00,-4.632808668996400425e-01,-3.027755912019200468e-01,-1.157785492745999900e-01,8.613181770000000181e-01,-8.056070319999999452e-01,9.551634204500000180e+01,2.024000000000000000e+03,1.100000000000000000e+01,1.400000000000000000e+01,1.400000000000000000e+01,3.800000000000000000e+01,5.426588300000000231e+01
4.000638143695000082e+01,-8.303744801675999554e+01,-3.192999999999999727e-01,3.561300000000000132e+00,-1.788664724876000076e-02,-2.543350284565200070e-01,1.444200798985600109e-01,8.301857339999999530e-01,-7.616257490000000185e-01,9.551712901099999442e+01,2.024000000000000000e+03,1.100000000000000000e+01,1.400000000000000000e+01,1.400000000000000000e+01,3.800000000000000000e+01,5.432322899999999777e+01
4.000638129266000220e+01,-8.303744593342000258e+01,-3.179000000000000159e-01,3.555899999999999839e+00,-3.140614985333999715e-02,-1.813088381304800156e-01,-9.850301938566000115e-02,8.313773519999999584e-01,-7.257895250000000464e-01,9.552242398299999593e+01,2.024000000000000000e+03,1.100000000000000000e+01,1.400000000000000000e+01,1.400000000000000000e+01,3.800000000000000000e+01,5.437901399999999796e+01
4.000638112240000055e+01,-8.303744343658999583e+01,-3.108000000000000207e-01,3.552299999999999791e+00,-1.202774717840000146e-01,-9.398199367838000473e-02,-3.705859173829600395e-01,8.305058699999999794e-01,-6.723409380000000546e-01,9.552702381299999956e+01,2.024000000000000000e+03,1.100000000000000000e+01,1.400000000000000000e+01,1.400000000000000000e+01,3.800000000000000000e+01,5.443522999999999712e+01
4.000638098296000322e+01,-8.303744135767999524e+01,-3.075999999999999845e-01,3.549399999999999888e+00,-6.298216696280000380e-03,-9.960470200716001199e-02,7.366738649679999140e-02,8.152005460000000259e-01,-6.288651240000000531e-01,9.552798620100000448e+01,2.024000000000000000e+03,1.100000000000000000e+01,1.400000000000000000e+01,1.400000000000000000e+01,3.800000000000000000e+01,5.449124700000000132e+01
4.000638081494999909e+01,-8.303743886562000398e+01,-3.119000000000000106e-01,3.543699999999999850e+00,1.846618161173400052e-01,-2.012243001342999826e-01,1.504046652693599995e-01,7.890061299999999722e-01,-5.820699299999999576e-01,9.552382783000000188e+01,2.024000000000000000e+03,1.100000000000000000e+01,1.400000000000000000e+01,1.400000000000000000e+01,3.800000000000000000e+01,5.454723200000000105e+01
4.000638064574999930e+01,-8.303743637617999696e+01,-3.109999999999999987e-01,3.542100000000000026e+00,2.905488275546000074e-02,-6.601135042557999821e-02,2.711902878894599800e-01,7.698818450000000091e-01,-5.348020879999999533e-01,9.551579999700000201e+01,2.024000000000000000e+03,1.100000000000000000e+01,1.400000000000000000e+01,1.400000000000000000e+01,3.800000000000000000e+01,5.460252400000000250e+01
4.000638050087999886e+01,-8.303743430126999669e+01,-3.235000000000000098e-01,3.545199999999999907e+00,3.232431048213800229e-01,1.655731800111200080e-01,4.250630439722000165e-02,7.694490830000000336e-01,-5.070691099999999896e-01,9.550750040299999455e+01,2.024000000000000000e+03,1.100000000000000000e+01,1.400000000000000000e+01,1.400000000000000000e+01,3.800000000000000000e+01,5.465945800000000077e+01
4.000638032612000217e+01,-8.303743180847000360e+01,-3.205000000000000071e-01,3.551699999999999857e+00,-3.977260028644000189e-02,1.821227855406999940e-01,-9.373316926784000525e-02,7.845924189999999854e-01,-4.957832600000000034e-01,9.550285633699999721e+01,2.024000000000000000e+03,1.100000000000000000e+01,1.400000000000000000e+01,1.400000000000000000e+01,3.800000000000000000e+01,5.471618399999999838e+01
4.000638021027000235e+01,-8.303743014389999644e+01,-3.190999999999999948e-01,3.555899999999999839e+00,-9.343991156610000071e-02,2.124906130531200310e-01,6.093700738877999568e-02,7.840116270000000442e-01,-5.044365800000000233e-01,9.550131261600000698e+01,2.024000000000000000e+03,1.100000000000000000e+01,1.400000000000000000e+01,1.400000000000000000e+01,3.800000000000000000e+01,5.477428599999999648e+01
4.000638000810000250e+01,-8.303742722865000303e+01,-3.180000000000000049e-01,3.555499999999999883e+00,-6.576181281530001088e-02,-6.199445717929999433e-02,2.436710695460000270e-03,7.830456399999999872e-01,-5.448431350000000339e-01,9.550169854799999314e+01,2.024000000000000000e+03,1.100000000000000000e+01,1.400000000000000000e+01,1.400000000000000000e+01,3.800000000000000000e+01,5.483027400000000284e+01
4.000637983368000050e+01,-8.303742473634000021e+01,-3.220000000000000084e-01,3.539099999999999913e+00,1.132453430272599981e-01,-5.497867591873399906e-01,-1.657845669179399961e-01,7.969837659999999824e-01,-5.616292459999999709e-01,9.550360856899999362e+01,2.024000000000000000e+03,1.100000000000000000e+01,1.400000000000000000e+01,1.400000000000000000e+01,3.800000000000000000e+01,5.488537699999999830e+01
4.000637968900999653e+01,-8.303742266589000565e+01,-3.139000000000000123e-01,3.532599999999999962e+00,-4.261196994926000348e-01,-3.106912708907799692e-01,2.055194528069999860e-01,8.030363719999999983e-01,-5.540297060000000107e-01,9.550517244700000674e+01,2.024000000000000000e+03,1.100000000000000000e+01,1.400000000000000000e+01,1.400000000000000000e+01,3.800000000000000000e+01,5.494019999999999726e+01
4.000637951851000196e+01,-8.303742018401000280e+01,-3.129000000000000115e-01,3.533999999999999808e+00,-6.235902385787999574e-02,1.172087583222199969e-01,1.692752817249000008e-01,7.853505170000000257e-01,-5.388499209999999540e-01,9.550678661099999545e+01,2.024000000000000000e+03,1.100000000000000000e+01,1.400000000000000000e+01,1.400000000000000000e+01,3.800000000000000000e+01,5.499585499999999882e+01
4.000637949000000049e+01,-8.303741977017999432e+01,-3.140999999999999903e-01,3.533999999999999808e+00,1.162072559072000084e-02,8.901302727712000207e-02,3.286779339691200397e-01,7.839177779999999540e-01,-5.406440839999999692e-01,9.550760053999999855e+01,2.024000000000000000e+03,1.100000000000000000e+01,1.400000000000000000e+01,1.400000000000000000e+01,3.800000000000000000e+01,5.505450600000000350e+01
4.000637937543000078e+01,-8.303741811375999760e+01,-3.185999999999999943e-01,3.537999999999999812e+00,1.871135798879599854e-01,2.086269103394799984e-01,2.768172040066000372e-01,7.796466890000000038e-01,-5.485949260000000383e-01,9.550995985699999835e+01,2.024000000000000000e+03,1.100000000000000000e+01,1.400000000000000000e+01,1.400000000000000000e+01,3.800000000000000000e+01,5.511094599999999843e+01
4.000637914115999649e+01,-8.303741479996000407e+01,-3.240000000000000102e-01,3.535699999999999843e+00,-1.892733953482000214e-02,-9.374200036459999497e-02,3.666873585120000376e-03,8.054005199999999531e-01,-6.011817579999999550e-01,9.551028131699999335e+01,2.024000000000000000e+03,1.100000000000000000e+01,1.400000000000000000e+01,1.400000000000000000e+01,3.800000000000000000e+01,5.516850600000000071e+01
4.000637902532000112e+01,-8.303741314520999595e+01,-3.190999999999999948e-01,3.530499999999999972e+00,-1.147305626555600033e-01,-2.828770720419400142e-01,5.544550074810000034e-02,8.087784580000000334e-01,-6.285731420000000291e-01,9.550833769400000506e+01,2.024000000000000000e+03,1.100000000000000000e+01,1.400000000000000000e+01,1.400000000000000000e+01,3.800000000000000000e+01,5.522411999999999921e+01
4.000637870695000231e+01,-8.303740862010999990e+01,-3.134000000000000119e-01,3.504000000000000004e+00,-2.826767729285399877e-01,-3.811424214831399815e-01,1.173547427245999995e-02,8.161812489999999976e-01,-6.419031549999999475e-01,9.549411947500000508e+01,2.024000000000000000e+03,1.100000000000000000e+01,1.400000000000000000e+01,1.400000000000000000e+01,3.800000000000000000e+01,5.527923700000000196e+01
4.000637854146999928e+01,-8.303740615757999421e+01,-2.999999999999999889e-01,3.507200000000000095e+00,-2.739416297088200225e-01,1.080473212643400099e-01,2.044041256776000029e-02,7.878211290000000089e-01,-6.450372559999999478e-01,9.549431190699999661e+01,2.024000000000000000e+03,1.100000000000000000e+01,1.400000000000000000e+01,1.400000000000000000e+01,3.800000000000000000e+01,5.533525000000000205e+01
4.000637837987000012e+01,-8.303740369482000006e+01,-2.974999999999999867e-01,3.504900000000000126e+00,-3.198247622208000296e-02,-6.575354314398000610e-02,-1.412034418596399832e-01,7.556323129999999999e-01,-6.709723549999999648e-01,9.549867953199999704e+01,2.024000000000000000e+03,1.100000000000000000e+01,1.400000000000000000e+01,1.400000000000000000e+01,3.800000000000000000e+01,5.539270199999999988e+01
4.000637824465999870e+01,-8.303740164513999389e+01,-2.973999999999999977e-01,3.498099999999999987e+00,-2.583539242163999938e-02,-2.658601297511200001e-01,-4.208036338619000061e-01,7.371920979999999624e-01,-6.922226740000000378e-01,9.550087543300000448e+01,2.024000000000000000e+03,1.100000000000000000e+01,1.400000000000000000e+01,1.400000000000000000e+01,3.800000000000000000e+01,5.544939200000000312e+01
4.000637808743000079e+01,-8.303739919422000071e+01,-2.837999999999999967e-01,3.481899999999999995e+00,-3.561533922903200033e-01,-5.107299210485399810e-01,-4.638035449978200053e-01,6.874032129999999574e-01,-6.880356920000000320e-01,9.550236516699999356e+01,2.024000000000000000e+03,1.100000000000000000e+01,1.400000000000000000e+01,1.400000000000000000e+01,3.800000000000000000e+01,5.550553899999999885e+01
4.000637795333000213e+01,-8.303739715998000293e+01,-3.023000000000000131e-01,3.468900000000000095e+00,6.028879582110200364e-01,-4.420729394873800233e-01,-3.059790563301799660e-01,6.536026169999999968e-01,-6.589704029999999824e-01,9.549941331499999819e+01,2.024000000000000000e+03,1.100000000000000000e+01,1.400000000000000000e+01,1.400000000000000000e+01,3.800000000000000000e+01,5.556313200000000307e+01
4.000637778451000059e+01,-8.303739472552000223e+01,-3.145000000000000018e-01,3.464900000000000091e+00,2.062477587999200224e-01,9.931503138320000798e-03,-6.521622843017998994e-02,6.670995189999999742e-01,-6.085167129999999869e-01,9.549629156100000671e+01,2.024000000000000000e+03,1.100000000000000000e+01,1.400000000000000000e+01,1.400000000000000000e+01,3.800000000000000000e+01,5.562029299999999665e+01
4.000637761181000229e+01,-8.303739228796999328e+01,-3.224000000000000199e-01,3.475900000000000212e+00,2.533355178532399887e-01,4.472345047735999946e-01,2.297710798372000138e-02,6.841346550000000359e-01,-5.811689089999999558e-01,9.549280885000000296e+01,2.024000000000000000e+03,1.100000000000000000e+01,1.400000000000000000e+01,1.400000000000000000e+01,3.800000000000000000e+01,5.567616300000000251e+01
4.000637746387999982e+01,-8.303739025276999541e+01,-3.277999999999999803e-01,3.476100000000000190e+00,9.240282533720001190e-02,-4.762263855337999646e-02,2.534433129377399729e-01,7.088865020000000294e-01,-5.965216370000000490e-01,9.548970450000000199e+01,2.024000000000000000e+03,1.100000000000000000e+01,1.400000000000000000e+01,1.400000000000000000e+01,3.800000000000000000e+01,5.573093699999999728e+01
4.000637728486000100e+01,-8.303738781781000000e+01,-3.307999999999999829e-01,3.456500000000000128e+00,1.491484613316599872e-01,-6.847675259896199851e-01,3.344442233428199795e-01,7.467416679999999696e-01,-5.997049749999999735e-01,9.548072849999999789e+01,2.024000000000000000e+03,1.100000000000000000e+01,1.400000000000000000e+01,1.400000000000000000e+01,3.800000000000000000e+01,5.578674399999999878e+01
4.000637713673000206e+01,-8.303738579778000428e+01,-3.277999999999999803e-01,3.445300000000000029e+00,5.432141086805999941e-02,-4.346734588507800146e-01,1.881217578627200071e-01,7.816062660000000495e-01,-5.695533739999999456e-01,9.546660837199999605e+01,2.024000000000000000e+03,1.100000000000000000e+01,1.400000000000000000e+01,1.400000000000000000e+01,3.800000000000000000e+01,5.584187299999999965e+01
4.000637696134999999e+01,-8.303738337618000287e+01,-3.192999999999999727e-01,3.448399999999999910e+00,-2.590281178144400176e-01,9.040397981351999679e-02,1.421693257535199817e-01,8.165786919999999949e-01,-5.382639280000000026e-01,9.544613431300000173e+01,2.024000000000000000e+03,1.100000000000000000e+01,1.400000000000000000e+01,1.400000000000000000e+01,3.800000000000000000e+01,5.589822699999999855e+01
4.000637678966999999e+01,-8.303738095139000563e+01,-3.135999999999999899e-01,3.455200000000000049e+00,-2.062976653886400003e-01,2.316893167662799902e-01,1.094895447805400018e-01,8.419173460000000109e-01,-5.414292769999999866e-01,9.542524056499999574e+01,2.024000000000000000e+03,1.100000000000000000e+01,1.400000000000000000e+01,1.400000000000000000e+01,3.800000000000000000e+01,5.595526100000000014e+01
4.000637665251999664e+01,-8.303737892952000266e+01,-2.928999999999999937e-01,3.452100000000000168e+00,-8.235099226516600091e-01,-2.268865939733999970e-01,5.904592470868000320e-02,8.414471220000000473e-01,-5.691260120000000144e-01,9.541292320899999879e+01,2.024000000000000000e+03,1.100000000000000000e+01,1.400000000000000000e+01,1.400000000000000000e+01,3.800000000000000000e+01,5.601229299999999967e+01
4.000637662631000069e+01,-8.303737852567999767e+01,-2.876000000000000223e-01,3.449399999999999800e+00,-9.159367772576599842e-01,-3.501847955153600256e-01,1.743186319007999918e-02,8.387895050000000463e-01,-5.734194070000000476e-01,9.541085485000000688e+01,2.024000000000000000e+03,1.100000000000000000e+01,1.400000000000000000e+01,1.400000000000000000e+01,3.800000000000000000e+01,5.606812999999999647e+01
4.000637649736000157e+01,-8.303737651192000158e+01,-2.786000000000000143e-01,3.434299999999999908e+00,-4.256121542474400332e-01,-5.264359544265200253e-01,-7.763106480898000761e-02,8.046269630000000284e-01,-5.773596509999999737e-01,9.540338184799999510e+01,2.024000000000000000e+03,1.100000000000000000e+01,1.400000000000000000e+01,1.400000000000000000e+01,3.800000000000000000e+01,5.612383599999999717e+01
4.000637626377000089e+01,-8.303737289851000014e+01,-2.918000000000000038e-01,3.423200000000000021e+00,2.758924325805599542e-01,-1.698512377252600070e-01,1.316743724118000017e-02,7.850251179999999662e-01,-5.699549120000000357e-01,9.538839032799999984e+01,2.024000000000000000e+03,1.100000000000000000e+01,1.400000000000000000e+01,1.400000000000000000e+01,3.800000000000000000e+01,5.618226700000000307e+01
4.000637618487999703e+01,-8.303737169544000096e+01,-2.942000000000000171e-01,3.419200000000000017e+00,2.411615916752599675e-01,-2.338457126102400085e-01,-1.118086542670599925e-01,7.908098590000000039e-01,-5.710134329999999592e-01,9.537922434300000418e+01,2.024000000000000000e+03,1.100000000000000000e+01,1.400000000000000000e+01,1.400000000000000000e+01,3.800000000000000000e+01,5.623920499999999834e+01
4.000637589304000130e+01,-8.303736730258999899e+01,-2.989999999999999880e-01,3.395599999999999952e+00,3.315500361782600103e-01,-4.342394515849800074e-01,2.326941112663999736e-02,7.825971400000000244e-01,-5.541916740000000230e-01,9.533695297900000298e+01,2.024000000000000000e+03,1.100000000000000000e+01,1.400000000000000000e+01,1.400000000000000000e+01,3.800000000000000000e+01,5.629604199999999992e+01
4.000637575785000166e+01,-8.303736531523999531e+01,-3.037000000000000255e-01,3.386899999999999800e+00,3.073091405082000183e-01,-2.923622792522599934e-01,3.362483178417999818e-01,8.061953870000000411e-01,-5.433600760000000252e-01,9.531526526700000090e+01,2.024000000000000000e+03,1.100000000000000000e+01,1.400000000000000000e+01,1.400000000000000000e+01,3.800000000000000000e+01,5.635292199999999951e+01
4.000637559650999719e+01,-8.303736293679000369e+01,-2.954999999999999849e-01,3.376500000000000057e+00,-1.680739149605599836e-01,-3.785688654234000139e-01,-1.046199927552399905e-01,8.405943329999999714e-01,-5.363777429999999624e-01,9.527233936300000039e+01,2.024000000000000000e+03,1.100000000000000000e+01,1.400000000000000000e+01,1.400000000000000000e+01,3.800000000000000000e+01,5.640957399999999922e+01
4.000637546410000311e+01,-8.303736095924000438e+01,-2.931000000000000272e-01,3.370600000000000041e+00,-4.562797161271999608e-02,-2.818471034468800207e-01,-3.265633110276600082e-01,8.674810800000000155e-01,-5.354122070000000289e-01,9.521568671199999301e+01,2.024000000000000000e+03,1.100000000000000000e+01,1.400000000000000000e+01,1.400000000000000000e+01,3.800000000000000000e+01,5.646521500000000060e+01
4.000637533449000216e+01,-8.303735898610000277e+01,-2.832000000000000073e-01,3.364199999999999857e+00,-3.373592747369399958e-01,-2.474179543400199799e-01,2.007756471447999860e-02,8.965678839999999816e-01,-5.472931730000000217e-01,9.514095425300000386e+01,2.024000000000000000e+03,1.100000000000000000e+01,1.400000000000000000e+01,1.400000000000000000e+01,3.800000000000000000e+01,5.652106400000000264e+01
4.000637516346999689e+01,-8.303735623116999420e+01,-2.597999999999999754e-01,3.349899999999999878e+00,-6.559800648275800894e-01,-5.216204042715200107e-01,1.626632068041800050e-01,9.232857089999999545e-01,-5.956122849999999636e-01,9.501587579099999914e+01,2.024000000000000000e+03,1.100000000000000000e+01,1.400000000000000000e+01,1.400000000000000000e+01,3.800000000000000000e+01,5.657712599999999981e+01
4.000637502856000083e+01,-8.303735388489999991e+01,-2.396000000000000074e-01,3.322299999999999809e+00,-6.341496912328200564e-01,-9.402670255462999283e-01,5.011195929126000675e-02,9.344703680000000512e-01,-6.352604139999999955e-01,9.489604946400000074e+01,2.024000000000000000e+03,1.100000000000000000e+01,1.400000000000000000e+01,1.400000000000000000e+01,3.800000000000000000e+01,5.663294100000000242e+01
4.000637492324000277e+01,-8.303735194627999761e+01,-2.275999999999999968e-01,3.294700000000000184e+00,-4.053092871565199817e-01,-1.114013273746000010e+00,-3.989079707257999624e-02,9.354634130000000214e-01,-6.451657610000000043e-01,9.478253916200000617e+01,2.024000000000000000e+03,1.100000000000000000e+01,1.400000000000000000e+01,1.400000000000000000e+01,3.800000000000000000e+01,5.668873500000000121e+01
4.000637480473999830e+01,-8.303734963811000114e+01,-2.104999999999999927e-01,3.270199999999999996e+00,-6.465962255622600408e-01,-9.168011620422999997e-01,-8.936436238641999596e-02,9.335821050000000509e-01,-6.407264099999999685e-01,9.462375797400000010e+01,2.024000000000000000e+03,1.100000000000000000e+01,1.400000000000000000e+01,1.400000000000000000e+01,3.800000000000000000e+01,5.674384899999999732e+01
4.000637471177999771e+01,-8.303734772388000351e+01,-2.021999999999999909e-01,3.262000000000000011e+00,-2.859467782756600074e-01,-3.675522034095800028e-01,6.690945921678000119e-02,9.283565379999999534e-01,-6.503460300000000194e-01,9.446941904300000203e+01,2.024000000000000000e+03,1.100000000000000000e+01,1.400000000000000000e+01,1.400000000000000000e+01,3.800000000000000000e+01,5.680068500000000142e+01
4.000637460408000123e+01,-8.303734543640000254e+01,-1.937000000000000111e-01,3.241400000000000059e+00,-2.908488037996799780e-01,-8.158146039195000032e-01,4.461819024946000328e-02,9.418877039999999923e-01,-6.906525999999999499e-01,9.426494084600000178e+01,2.024000000000000000e+03,1.100000000000000000e+01,1.400000000000000000e+01,1.400000000000000000e+01,3.800000000000000000e+01,5.685742900000000333e+01
4.000637450554000196e+01,-8.303734316800999693e+01,-1.741999999999999937e-01,3.210100000000000176e+00,-4.842917273682399992e-01,-1.081576630762880020e+00,-2.153787195711600044e-01,9.494441900000000212e-01,-7.024680989999999570e-01,9.404626310099999387e+01,2.024000000000000000e+03,1.100000000000000000e+01,1.400000000000000000e+01,1.400000000000000000e+01,3.800000000000000000e+01,5.691441100000000120e+01
4.000637442840000091e+01,-8.303734129221000160e+01,-1.675000000000000100e-01,3.192200000000000149e+00,-2.319616787348600107e-01,-7.182620428078000385e-01,3.536885478794000309e-02,9.640031949999999794e-01,-6.818246550000000017e-01,9.385462207700000192e+01,2.024000000000000000e+03,1.100000000000000000e+01,1.400000000000000000e+01,1.400000000000000000e+01,3.800000000000000000e+01,5.696926100000000304e+01
4.000637437088000326e+01,-8.303733979688999511e+01,-1.554999999999999993e-01,3.186100000000000154e+00,-4.570889753126999855e-01,-3.832048244236799794e-01,2.294429419566400008e-01,9.841613909999999965e-01,-6.628824549999999816e-01,9.369383984399999576e+01,2.024000000000000000e+03,1.100000000000000000e+01,1.400000000000000000e+01,1.400000000000000000e+01,3.800000000000000000e+01,5.702635099999999824e+01
4.000637435704999945e+01,-8.303733942332000595e+01,-1.524999999999999967e-01,3.185900000000000176e+00,-4.714322192208199591e-01,-2.816107309951599857e-01,2.633212957476999683e-01,9.870961230000000475e-01,-6.573867020000000450e-01,9.365191574600000024e+01,2.024000000000000000e+03,1.100000000000000000e+01,1.400000000000000000e+01,1.400000000000000000e+01,3.800000000000000000e+01,5.708140800000000326e+01
4.000637423170999796e+01,-8.303733569511000212e+01,-1.292999999999999983e-01,3.175499999999999989e+00,-3.158853531974000206e-01,-2.165461748672800057e-01,1.900617712083000066e-01,1.043737592999999908e+00,-6.516260799999999964e-01,9.318557410699999366e+01,2.024000000000000000e+03,1.100000000000000000e+01,1.400000000000000000e+01,1.400000000000000000e+01,3.800000000000000000e+01,5.715060299999999671e+01
4.000637417771999793e+01,-8.303733383831000481e+01,-1.096000000000000030e-01,3.164899999999999824e+00,-6.855083928680399952e-01,-4.767381976934200183e-01,4.601262168739999464e-03,1.089159941999999992e+00,-6.657908099999999552e-01,9.290979016599999341e+01,2.024000000000000000e+03,1.100000000000000000e+01,1.400000000000000000e+01,1.400000000000000000e+01,3.800000000000000000e+01,5.720828800000000314e+01
4.000637412135999682e+01,-8.303733125403999793e+01,-6.759999999999999343e-02,3.140800000000000036e+00,-1.125070367222840151e+00,-7.199266906568400071e-01,-1.836032019134999915e-01,1.140040978000000038e+00,-6.683758610000000155e-01,9.246828962099999671e+01,2.024000000000000000e+03,1.100000000000000000e+01,1.400000000000000000e+01,1.400000000000000000e+01,3.800000000000000000e+01,5.726497700000000179e+01
4.000637408664999839e+01,-8.303732832254000584e+01,-2.390000000000000110e-02,3.117599999999999927e+00,-1.062865227868760032e+00,-6.036019514807999808e-01,-3.756720992464999687e-01,1.201591878999999974e+00,-6.401067990000000041e-01,9.186713482099999339e+01,2.024000000000000000e+03,1.100000000000000000e+01,1.400000000000000000e+01,1.400000000000000000e+01,3.800000000000000000e+01,5.732136899999999713e+01
4.000637408544999829e+01,-8.303732613766000270e+01,2.019999999999999921e-02,3.100999999999999979e+00,-1.335795563798179986e+00,-5.974075680283399414e-01,-1.697351602166599915e-01,1.238386653999999920e+00,-6.056563510000000372e-01,9.135481601499999726e+01,2.024000000000000000e+03,1.100000000000000000e+01,1.400000000000000000e+01,1.400000000000000000e+01,3.800000000000000000e+01,5.737774399999999986e+01
4.000637410841999753e+01,-8.303732396249999681e+01,6.429999999999999605e-02,3.090800000000000214e+00,-1.317977204966999993e+00,-3.332134629716799745e-01,-3.328144517288000176e-02,1.249350385999999924e+00,-5.602622019999999869e-01,9.080316792000000703e+01,2.024000000000000000e+03,1.100000000000000000e+01,1.400000000000000000e+01,1.400000000000000000e+01,3.800000000000000000e+01,5.743449400000000082e+01
4.000637414527000146e+01,-8.303732215403999817e+01,1.000999999999999945e-01,3.085599999999999898e+00,-1.320997017904359971e+00,-2.452518648282999980e-01,1.886771096789000013e-01,1.253789067000000035e+00,-5.306893940000000365e-01,9.032735722699999315e+01,2.024000000000000000e+03,1.100000000000000000e+01,1.400000000000000000e+01,1.400000000000000000e+01,3.800000000000000000e+01,5.749020800000000264e+01
4.000637420998999971e+01,-8.303731998700000361e+01,1.403999999999999970e-01,3.081799999999999873e+00,-1.261700279144440051e+00,-1.333531971751799883e-01,1.799798656368200023e-01,1.248925534999999920e+00,-5.114870839999999808e-01,8.973702094200000090e+01,2.024000000000000000e+03,1.100000000000000000e+01,1.400000000000000000e+01,1.400000000000000000e+01,3.800000000000000000e+01,5.754825799999999703e+01
4.000637429073999840e+01,-8.303731782380999960e+01,1.622999999999999998e-01,3.074800000000000200e+00,-7.282769108355999776e-01,-2.510240119946799964e-01,-7.052657202683999815e-02,1.268148126999999903e+00,-5.040729050000000155e-01,8.911701316900000336e+01,2.024000000000000000e+03,1.100000000000000000e+01,1.400000000000000000e+01,1.400000000000000000e+01,3.800000000000000000e+01,5.760592299999999710e+01
4.000637436856000306e+01,-8.303731602687000191e+01,1.874000000000000110e-01,3.063400000000000123e+00,-1.045632696680860008e+00,-4.321667890197800621e-01,-2.283665265572600300e-01,1.304661306000000076e+00,-4.948721329999999918e-01,8.857172339599999589e+01,2.024000000000000000e+03,1.100000000000000000e+01,1.400000000000000000e+01,1.400000000000000000e+01,3.800000000000000000e+01,5.766221500000000333e+01
4.000637448236999916e+01,-8.303731387963000543e+01,2.366000000000000048e-01,3.048200000000000021e+00,-1.683515694888020109e+00,-4.492471067714800537e-01,1.569349862269399931e-01,1.327262227000000072e+00,-4.801695109999999933e-01,8.788795860999999832e+01,2.024000000000000000e+03,1.100000000000000000e+01,1.400000000000000000e+01,1.400000000000000000e+01,3.800000000000000000e+01,5.771923000000000314e+01
4.000637459667999707e+01,-8.303731209890999310e+01,2.722999999999999865e-01,3.034600000000000186e+00,-1.388882577826080045e+00,-4.694555936226799675e-01,2.179605213328200120e-01,1.327533167999999986e+00,-4.628711879999999890e-01,8.730173804300000029e+01,2.024000000000000000e+03,1.100000000000000000e+01,1.400000000000000000e+01,1.400000000000000000e+01,3.800000000000000000e+01,5.777618999999999971e+01
4.000637475103000185e+01,-8.303730997094000088e+01,3.048000000000000154e-01,3.021999999999999797e+00,-1.200035678443379883e+00,-3.716707884693399855e-01,2.366474733165600253e-01,1.361980521000000000e+00,-4.464817759999999969e-01,8.657674577500000623e+01,2.024000000000000000e+03,1.100000000000000000e+01,1.400000000000000000e+01,1.400000000000000000e+01,3.800000000000000000e+01,5.783279999999999887e+01
4.000637493053000071e+01,-8.303730785321999974e+01,3.605999999999999761e-01,3.005999999999999783e+00,-1.859639116595300123e+00,-3.956651697105399990e-01,1.697493338710000244e-02,1.399097940000000095e+00,-4.329646540000000043e-01,8.582636257500000454e+01,2.024000000000000000e+03,1.100000000000000000e+01,1.400000000000000000e+01,1.400000000000000000e+01,3.800000000000000000e+01,5.789062599999999748e+01
4.000637513846000104e+01,-8.303730574598000658e+01,4.102000000000000091e-01,2.992300000000000182e+00,-1.612160501139259905e+00,-3.084654822344199965e-01,-9.656229545491999688e-02,1.404117709999999963e+00,-4.245636700000000041e-01,8.504353366700000549e+01,2.024000000000000000e+03,1.100000000000000000e+01,1.400000000000000000e+01,1.400000000000000000e+01,3.800000000000000000e+01,5.794718100000000049e+01
4.000637536930999971e+01,-8.303730364932999919e+01,4.482999999999999763e-01,2.976500000000000146e+00,-1.363296709031800003e+00,-3.611235086094000124e-01,2.935455254489999916e-02,1.418383718999999932e+00,-4.277644689999999805e-01,8.422366040199999304e+01,2.024000000000000000e+03,1.100000000000000000e+01,1.400000000000000000e+01,1.400000000000000000e+01,3.800000000000000000e+01,5.800481800000000021e+01
4.000637541004999775e+01,-8.303730330093999612e+01,4.563999999999999724e-01,2.974000000000000199e+00,-1.482901770321940038e+00,-3.478759346772599681e-01,9.189508813985999836e-02,1.424195182000000059e+00,-4.298639060000000178e-01,8.408394024599999739e+01,2.024000000000000000e+03,1.100000000000000000e+01,1.400000000000000000e+01,1.400000000000000000e+01,3.800000000000000000e+01,5.806376800000000316e+01
4.000637562311000295e+01,-8.303730156420999720e+01,4.950999999999999845e-01,2.957899999999999974e+00,-1.710149289624620206e+00,-4.646920016901000539e-01,-9.743345857669999388e-02,1.450692177000000083e+00,-4.394225609999999893e-01,8.337284510000000637e+01,2.024000000000000000e+03,1.100000000000000000e+01,1.400000000000000000e+01,1.400000000000000000e+01,3.800000000000000000e+01,5.811854799999999699e+01
4.000637610724999860e+01,-8.303729812417999767e+01,5.813000000000000389e-01,2.914000000000000146e+00,-1.681753245629360016e+00,-6.153620151675199823e-01,-2.853873681280000123e-03,1.456441858999999894e+00,-4.366823989999999989e-01,8.190745667299999866e+01,2.024000000000000000e+03,1.100000000000000000e+01,1.400000000000000000e+01,1.400000000000000000e+01,3.800000000000000000e+01,5.817489499999999936e+01
4.000637621242000108e+01,-8.303729744138000513e+01,5.959999999999999742e-01,2.905499999999999972e+00,-1.627647906328179905e+00,-6.208638380805000523e-01,2.884386016983999865e-02,1.458934930999999935e+00,-4.322468769999999738e-01,8.160943304500000295e+01,2.024000000000000000e+03,1.100000000000000000e+01,1.400000000000000000e+01,1.400000000000000000e+01,3.800000000000000000e+01,5.823020900000000211e+01
4.000637677999999653e+01,-8.303729405513999495e+01,6.723000000000000087e-01,2.866800000000000015e+00,-1.603778279970979881e+00,-4.783007176019400397e-01,-6.418617951807999156e-02,1.487827473000000067e+00,-4.106982120000000069e-01,8.010145304700000679e+01,2.024000000000000000e+03,1.100000000000000000e+01,1.400000000000000000e+01,1.400000000000000000e+01,3.800000000000000000e+01,5.828631000000000029e+01
4.000637709070999648e+01,-8.303729237855000633e+01,7.173000000000000487e-01,2.849000000000000199e+00,-1.941449729998660167e+00,-3.620816684992400059e-01,3.367153810950000020e-02,1.490100573999999956e+00,-4.011843210000000104e-01,7.933312796799999944e+01,2.024000000000000000e+03,1.100000000000000000e+01,1.400000000000000000e+01,1.400000000000000000e+01,3.800000000000000000e+01,5.834353099999999870e+01
4.000637748855000098e+01,-8.303729038046999733e+01,7.628000000000000336e-01,2.826200000000000045e+00,-1.617445772665719872e+00,-5.150848110126200474e-01,-1.869743768841399811e-01,1.472089095000000070e+00,-4.005396250000000102e-01,7.839736308800000586e+01,2.024000000000000000e+03,1.100000000000000000e+01,1.400000000000000000e+01,1.400000000000000000e+01,3.800000000000000000e+01,5.840111600000000180e+01
4.000637790641000180e+01,-8.303728840297000602e+01,7.940000000000000391e-01,2.791500000000000092e+00,-1.321872044542800051e+00,-9.331205636760400157e-01,-1.417880232982199895e-01,1.482084986999999909e+00,-3.877094420000000152e-01,7.744426236799999685e+01,2.024000000000000000e+03,1.100000000000000000e+01,1.400000000000000000e+01,1.400000000000000000e+01,3.800000000000000000e+01,5.845727000000000118e+01
4.000637826985000345e+01,-8.303728677387999824e+01,8.306000000000000050e-01,2.763199999999999878e+00,-1.794749846582240016e+00,-7.428315618604799386e-01,2.291952537211999763e-02,1.506831306000000037e+00,-3.530606359999999833e-01,7.663377246299999968e+01,2.024000000000000000e+03,1.100000000000000000e+01,1.400000000000000000e+01,1.400000000000000000e+01,3.800000000000000000e+01,5.851322400000000101e+01
4.000637873032000158e+01,-8.303728483861999621e+01,8.851999999999999869e-01,2.733999999999999986e+00,-2.161700561326199921e+00,-5.086950592273999927e-01,-6.242456275632000257e-02,1.528747322999999936e+00,-3.067616610000000188e-01,7.563611688500000696e+01,2.024000000000000000e+03,1.100000000000000000e+01,1.400000000000000000e+01,1.400000000000000000e+01,3.800000000000000000e+01,5.857248700000000241e+01
4.000637922413000069e+01,-8.303728292510000131e+01,9.491000000000000547e-01,2.702999999999999847e+00,-2.282730240977460134e+00,-4.586915922697200054e-01,-9.178281153348000210e-02,1.515557306999999909e+00,-2.711865290000000095e-01,7.461190895800000078e+01,2.024000000000000000e+03,1.100000000000000000e+01,1.400000000000000000e+01,1.400000000000000000e+01,3.800000000000000000e+01,5.862998499999999780e+01
4.000637974535000296e+01,-8.303728102953000700e+01,9.899999999999999911e-01,2.682599999999999874e+00,-1.530867578212540048e+00,-2.655441205719599740e-01,-1.593255818336399843e-01,1.513037246999999974e+00,-2.497354850000000070e-01,7.356402889599999639e+01,2.024000000000000000e+03,1.100000000000000000e+01,1.400000000000000000e+01,1.400000000000000000e+01,3.800000000000000000e+01,5.868625699999999767e+01
4.000638020059000155e+01,-8.303727946339999733e+01,1.038899999999999935e+00,2.657200000000000006e+00,-2.172523465149980293e+00,-4.185579516889399998e-01,2.215958071659999973e-02,1.527378163999999927e+00,-2.493584709999999982e-01,7.268185215500000140e+01,2.024000000000000000e+03,1.100000000000000000e+01,1.400000000000000000e+01,1.400000000000000000e+01,3.800000000000000000e+01,5.874260199999999799e+01
4.000638077527000291e+01,-8.303727760600000352e+01,1.092200000000000060e+00,2.620800000000000018e+00,-1.958169511493859982e+00,-6.371089016451600973e-01,2.044383256392000026e-01,1.502974178999999966e+00,-2.500629180000000229e-01,7.161286456599999894e+01,2.024000000000000000e+03,1.100000000000000000e+01,1.400000000000000000e+01,1.400000000000000000e+01,3.800000000000000000e+01,5.879966999999999899e+01
4.000638137098000158e+01,-8.303727577322999309e+01,1.120700000000000029e+00,2.588299999999999823e+00,-1.221948473163839921e+00,-6.627772431377200180e-01,1.939313542244200106e-01,1.480814419999999965e+00,-2.327459620000000007e-01,7.053793584299999964e+01,2.024000000000000000e+03,1.100000000000000000e+01,1.400000000000000000e+01,1.400000000000000000e+01,3.800000000000000000e+01,5.885782900000000240e+01
4.000638188148000296e+01,-8.303727426071000650e+01,1.151899999999999924e+00,2.568599999999999994e+00,-1.401764499486620075e+00,-3.394684188054399865e-01,3.652136816024000032e-02,1.503145216000000062e+00,-2.154085659999999958e-01,6.964449235399999338e+01,2.024000000000000000e+03,1.100000000000000000e+01,1.400000000000000000e+01,1.400000000000000000e+01,3.800000000000000000e+01,5.891333600000000104e+01
4.000638251547999857e+01,-8.303727246331000345e+01,1.199300000000000033e+00,2.538899999999999935e+00,-1.768976376740760026e+00,-3.927533849233399987e-01,-1.219524100443999948e-01,1.531108802999999963e+00,-2.074459300000000006e-01,6.856331632200000570e+01,2.024000000000000000e+03,1.100000000000000000e+01,1.400000000000000000e+01,1.400000000000000000e+01,3.800000000000000000e+01,5.897003399999999829e+01
4.000638295272000278e+01,-8.303727127828000221e+01,1.232499999999999929e+00,2.514200000000000212e+00,-1.932031341676920144e+00,-5.093933552010799781e-01,-7.901576519587999448e-02,1.537690903999999970e+00,-2.041058050000000013e-01,6.783299225899999385e+01,2.024000000000000000e+03,1.100000000000000000e+01,1.400000000000000000e+01,1.400000000000000000e+01,3.800000000000000000e+01,5.902818400000000310e+01
4.000638328795999854e+01,-8.303727039637000473e+01,1.256499999999999950e+00,2.497300000000000075e+00,-1.906608097213100095e+00,-4.567032073825199601e-01,-1.927835455150800070e-01,1.538114503000000077e+00,-2.051579179999999947e-01,6.727959766499999716e+01,2.024000000000000000e+03,1.100000000000000000e+01,1.400000000000000000e+01,1.400000000000000000e+01,3.800000000000000000e+01,5.908603899999999953e+01
4.000638445756000294e+01,-8.303726750779999577e+01,1.350800000000000001e+00,2.424900000000000055e+00,-2.378272911766799780e+00,-6.055294208613399842e-01,-1.302557340277600006e-01,1.506012933000000054e+00,-1.943451670000000131e-01,6.541493925599999670e+01,2.024000000000000000e+03,1.100000000000000000e+01,1.400000000000000000e+01,1.400000000000000000e+01,3.800000000000000000e+01,5.914424100000000095e+01
4.000638520374999985e+01,-8.303726581880999902e+01,1.409100000000000019e+00,2.378600000000000048e+00,-2.411417037976260058e+00,-5.894425188322399700e-01,-2.553807470288000162e-02,1.442718651999999935e+00,-1.809089650000000049e-01,6.430386778000000447e+01,2.024000000000000000e+03,1.100000000000000000e+01,1.400000000000000000e+01,1.400000000000000000e+01,3.800000000000000000e+01,5.920092799999999755e+01
4.000638584799000341e+01,-8.303726443396999457e+01,1.451200000000000045e+00,2.347500000000000142e+00,-2.098428135114359883e+00,-3.801701646594600192e-01,-9.838946651946001154e-02,1.374402872000000109e+00,-1.686281699999999939e-01,6.338866901200000115e+01,2.024000000000000000e+03,1.100000000000000000e+01,1.400000000000000000e+01,1.400000000000000000e+01,3.800000000000000000e+01,5.925735300000000194e+01
4.000638677378999830e+01,-8.303726252136999619e+01,1.486699999999999910e+00,2.314299999999999802e+00,-1.442675378670059905e+00,-3.634683959483799853e-01,-6.506219436212000440e-02,1.303290540999999969e+00,-1.706318000000000001e-01,6.211216080599999856e+01,2.024000000000000000e+03,1.100000000000000000e+01,1.400000000000000000e+01,1.400000000000000000e+01,3.800000000000000000e+01,5.931613000000000113e+01
4.000638731384999858e+01,-8.303726144201999659e+01,1.507500000000000062e+00,2.289499999999999869e+00,-1.481543832230020064e+00,-5.752822716468999342e-01,-1.280300638097999974e-02,1.271333687999999906e+00,-1.714885319999999991e-01,6.138040512300000273e+01,2.024000000000000000e+03,1.100000000000000000e+01,1.400000000000000000e+01,1.400000000000000000e+01,3.800000000000000000e+01,5.937058900000000250e+01
4.000638827557000354e+01,-8.303725958155999365e+01,1.542999999999999927e+00,2.245899999999999785e+00,-1.521622259954160006e+00,-5.631603899650199363e-01,1.423780040935999913e-02,1.216362436000000047e+00,-1.620452699999999913e-01,6.008990865799999881e+01,2.024000000000000000e+03,1.100000000000000000e+01,1.400000000000000000e+01,1.400000000000000000e+01,3.800000000000000000e+01,5.942552799999999991e+01
4.000638912118999713e+01,-8.303725801862999845e+01,1.582999999999999963e+00,2.200899999999999856e+00,-1.856380218920920200e+00,-6.129280959362199965e-01,1.301127961228600027e-01,1.162676350999999997e+00,-1.480071480000000050e-01,5.897889073799999693e+01,2.024000000000000000e+03,1.100000000000000000e+01,1.400000000000000000e+01,1.400000000000000000e+01,3.800000000000000000e+01,5.948409699999999845e+01
4.000638984121999897e+01,-8.303725673905999827e+01,1.613199999999999967e+00,2.166500000000000092e+00,-1.772216239537560023e+00,-5.527255656757599223e-01,2.085500097821000043e-01,1.127151854999999925e+00,-1.388810570000000022e-01,5.804669560899999681e+01,2.024000000000000000e+03,1.100000000000000000e+01,1.400000000000000000e+01,1.400000000000000000e+01,3.800000000000000000e+01,5.954202699999999737e+01
4.000639072263999907e+01,-8.303725523020999333e+01,1.646500000000000075e+00,2.125700000000000145e+00,-1.652141233880840110e+00,-5.547858589484000458e-01,9.478727591449999379e-02,1.100439248000000036e+00,-1.372126069999999864e-01,5.691699744699999997e+01,2.024000000000000000e+03,1.100000000000000000e+01,1.400000000000000000e+01,1.400000000000000000e+01,3.800000000000000000e+01,5.960106700000000046e+01
4.000639161857999682e+01,-8.303725374645000556e+01,1.670400000000000107e+00,2.093900000000000095e+00,-1.327236183559299842e+00,-4.153655366009799677e-01,-2.642243613698599947e-01,1.100018302999999920e+00,-1.383245409999999953e-01,5.577099764599999787e+01,2.024000000000000000e+03,1.100000000000000000e+01,1.400000000000000000e+01,1.400000000000000000e+01,3.800000000000000000e+01,5.965776199999999818e+01
4.000639252824999659e+01,-8.303725228604000108e+01,1.695100000000000051e+00,2.059499999999999886e+00,-1.392999673935019889e+00,-4.805038351785800299e-01,-2.661713810297000049e-01,1.130078042000000060e+00,-1.440291049999999906e-01,5.462209646299999832e+01,2.024000000000000000e+03,1.100000000000000000e+01,1.400000000000000000e+01,1.400000000000000000e+01,3.800000000000000000e+01,5.971479599999999976e+01
4.000639329749999717e+01,-8.303725108969000246e+01,1.719300000000000050e+00,2.025599999999999845e+00,-1.611238859916779953e+00,-5.487693877771799844e-01,1.057581727000000060e-03,1.162600332000000014e+00,-1.438141779999999870e-01,5.367307742300000228e+01,2.024000000000000000e+03,1.100000000000000000e+01,1.400000000000000000e+01,1.400000000000000000e+01,3.800000000000000000e+01,5.977232099999999804e+01
4.000639423444000187e+01,-8.303724967878000029e+01,1.745300000000000074e+00,1.988599999999999923e+00,-1.359133053674800085e+00,-4.673058971062800104e-01,4.688457120755999685e-02,1.210306287999999952e+00,-1.390368899999999963e-01,5.254355326200000320e+01,2.024000000000000000e+03,1.100000000000000000e+01,1.400000000000000000e+01,1.400000000000000000e+01,3.800000000000000000e+01,5.983104600000000062e+01
4.000639518503000147e+01,-8.303724829559999421e+01,1.770599999999999952e+00,1.947200000000000042e+00,-1.472812831805480061e+00,-5.504464054073799906e-01,1.265712745745599943e-01,1.275116498999999903e+00,-1.336848939999999986e-01,5.141705018399999716e+01,2.024000000000000000e+03,1.100000000000000000e+01,1.400000000000000000e+01,1.400000000000000000e+01,3.800000000000000000e+01,5.988841800000000148e+01
4.000639615384000081e+01,-8.303724694407999607e+01,1.810799999999999965e+00,1.899699999999999944e+00,-1.963983917385779820e+00,-3.693902862594800052e-01,-1.400130933542600153e-01,1.334447485999999961e+00,-1.274255340000000070e-01,5.028761898500000171e+01,2.024000000000000000e+03,1.100000000000000000e+01,1.400000000000000000e+01,1.400000000000000000e+01,3.800000000000000000e+01,5.994563500000000289e+01
4.000639714527000024e+01,-8.303724562841999557e+01,1.853799999999999892e+00,1.845599999999999907e+00,-2.148555733164439818e+00,-4.523754499504800131e-01,-2.442792572618399660e-01,1.360327225999999889e+00,-1.308645890000000034e-01,4.915351983200000063e+01,2.024000000000000000e+03,1.100000000000000000e+01,1.400000000000000000e+01,1.400000000000000000e+01,3.900000000000000000e+01,3.201999999999999985e-03
4.000639731257000165e+01,-8.303724541290999639e+01,1.860300000000000065e+00,1.835599999999999898e+00,-2.172827069405939948e+00,-5.008591295674800214e-01,-2.993239469431400179e-01,1.361782634999999964e+00,-1.316375389999999979e-01,4.896436063000000161e+01,2.024000000000000000e+03,1.100000000000000000e+01,1.400000000000000000e+01,1.400000000000000000e+01,3.900000000000000000e+01,5.938500000000000029e-02
4.000639798680000325e+01,-8.303724456147000410e+01,1.882400000000000073e+00,1.798200000000000021e+00,-2.067432321397439932e+00,-6.365146857391800195e-01,-2.756057252230399990e-01,1.362884522999999959e+00,-1.296955539999999907e-01,4.820963799199999755e+01,2.024000000000000000e+03,1.100000000000000000e+01,1.400000000000000000e+01,1.400000000000000000e+01,3.900000000000000000e+01,1.170240000000000030e-01
4.000639936073999792e+01,-8.303724291528999402e+01,1.926900000000000057e+00,1.714399999999999924e+00,-2.185594574767079745e+00,-8.392672224038200124e-01,-1.420372784594000071e-01,1.333505866000000095e+00,-1.069936979999999982e-01,4.671289119899999775e+01,2.024000000000000000e+03,1.100000000000000000e+01,1.400000000000000000e+01,1.400000000000000000e+01,3.900000000000000000e+01,1.763560000000000128e-01
4.000639988484999776e+01,-8.303724231982999981e+01,1.940700000000000092e+00,1.680900000000000061e+00,-2.212535064032360221e+00,-9.391320066857800075e-01,3.466390205000000058e-02,1.312296090000000026e+00,-8.820679200000000608e-02,4.615719237199999725e+01,2.024000000000000000e+03,1.100000000000000000e+01,1.400000000000000000e+01,1.400000000000000000e+01,3.900000000000000000e+01,2.341940000000000133e-01
4.000640200942999769e+01,-8.303724002890000122e+01,1.978299999999999947e+00,1.586400000000000032e+00,-1.588204150143919913e+00,-6.213948318145000593e-01,9.218585232899999260e-02,1.219793858999999925e+00,1.976235399999999934e-02,4.393592224500000043e+01,2.024000000000000000e+03,1.100000000000000000e+01,1.400000000000000000e+01,1.400000000000000000e+01,3.900000000000000000e+01,2.917409999999999726e-01
4.000640308591000149e+01,-8.303723893046000626e+01,1.994099999999999984e+00,1.545099999999999918e+00,-1.379583503650740006e+00,-5.298794326837800162e-01,-5.250097324846000196e-02,1.171703388999999929e+00,7.410985300000000331e-02,4.281356883000000124e+01,2.024000000000000000e+03,1.100000000000000000e+01,1.400000000000000000e+01,1.400000000000000000e+01,3.900000000000000000e+01,3.489929999999999977e-01
4.000640417073000066e+01,-8.303723785811000369e+01,2.009999999999999787e+00,1.509800000000000031e+00,-1.307015576427920100e+00,-4.004198364607199911e-01,-2.173044869121999734e-02,1.146291455000000070e+00,1.154003140000000038e-01,4.168881063500000295e+01,2.024000000000000000e+03,1.100000000000000000e+01,1.400000000000000000e+01,1.400000000000000000e+01,3.900000000000000000e+01,4.067319999999999824e-01
4.000640508173999876e+01,-8.303723698486000160e+01,2.025199999999999889e+00,1.475999999999999979e+00,-1.493584465670060091e+00,-4.422602098785199942e-01,-3.261861850833999710e-02,1.140107886000000015e+00,1.380913679999999921e-01,4.075521914600000173e+01,2.024000000000000000e+03,1.100000000000000000e+01,1.400000000000000000e+01,1.400000000000000000e+01,3.900000000000000000e+01,4.626089999999999924e-01
4.000640599924999918e+01,-8.303723613180000029e+01,2.039400000000000102e+00,1.439400000000000013e+00,-1.592653677961099801e+00,-5.339359164599000174e-01,-1.980091677340600209e-01,1.143960507000000071e+00,1.525364369999999969e-01,3.982515114699999970e+01,2.024000000000000000e+03,1.100000000000000000e+01,1.400000000000000000e+01,1.400000000000000000e+01,3.900000000000000000e+01,5.191810000000000036e-01
4.000640729434000065e+01,-8.303723497974999646e+01,2.057399999999999896e+00,1.373599999999999932e+00,-1.843631975691740088e+00,-8.581904248162800508e-01,-1.290393121640200091e-01,1.139097043000000031e+00,1.920499679999999876e-01,3.852659985599999715e+01,2.024000000000000000e+03,1.100000000000000000e+01,1.400000000000000000e+01,1.400000000000000000e+01,3.900000000000000000e+01,5.760709999999999997e-01
4.000640841258999814e+01,-8.303723403509999912e+01,2.069500000000000117e+00,1.320699999999999985e+00,-1.699116982998679859e+00,-7.888003322871199874e-01,-4.528213526776000281e-02,1.114635338999999892e+00,2.531830780000000058e-01,3.741467095299999812e+01,2.024000000000000000e+03,1.100000000000000000e+01,1.400000000000000000e+01,1.400000000000000000e+01,3.900000000000000000e+01,6.329010000000000469e-01
4.000640935101999673e+01,-8.303723327202000348e+01,2.085999999999999854e+00,1.290999999999999925e+00,-1.282990179119440022e+00,-1.909791931574600088e-01,-9.416966160980000389e-02,1.102007919999999919e+00,3.166943580000000091e-01,3.648205694300000346e+01,2.024000000000000000e+03,1.100000000000000000e+01,1.400000000000000000e+01,1.400000000000000000e+01,3.900000000000000000e+01,6.899830000000000130e-01
4.000641048915999676e+01,-8.303723237769999344e+01,2.114300000000000068e+00,1.259800000000000031e+00,-1.336948770112439844e+00,1.678893699811200013e-01,3.851858993216000088e-02,1.107753262999999988e+00,3.692878740000000160e-01,3.535313140200000248e+01,2.024000000000000000e+03,1.100000000000000000e+01,1.400000000000000000e+01,1.400000000000000000e+01,3.900000000000000000e+01,7.493699999999999806e-01
4.000641164356999724e+01,-8.303723151121999990e+01,2.144800000000000040e+00,1.214699999999999891e+00,-1.674721306691260070e+00,-2.273114147715999886e-02,1.475363833165599936e-01,1.100407501000000066e+00,3.911419930000000211e-01,3.422753990199999663e+01,2.024000000000000000e+03,1.100000000000000000e+01,1.400000000000000000e+01,1.400000000000000000e+01,3.900000000000000000e+01,8.104069999999999885e-01
4.000641281064999788e+01,-8.303723067462000529e+01,2.162599999999999856e+00,1.173100000000000032e+00,-1.391992604791300048e+00,-2.757538215813800098e-01,1.728961448790800048e-01,1.076646886000000025e+00,4.016903720000000177e-01,3.311239214199999736e+01,2.024000000000000000e+03,1.100000000000000000e+01,1.400000000000000000e+01,1.400000000000000000e+01,3.900000000000000000e+01,8.673140000000000294e-01
4.000641398585000275e+01,-8.303722986447999688e+01,2.178399999999999892e+00,1.134100000000000108e+00,-1.524505056365079936e+00,-2.505318684156199738e-01,1.289322373057600057e-01,1.083022893999999958e+00,4.140958590000000106e-01,3.200719825499999871e+01,2.024000000000000000e+03,1.100000000000000000e+01,1.400000000000000000e+01,1.400000000000000000e+01,3.900000000000000000e+01,9.242759999999999865e-01
4.000641477402000135e+01,-8.303722934069000416e+01,2.186999999999999833e+00,1.105900000000000105e+00,-1.440778271730700055e+00,-3.753279716635800067e-01,4.578936392025999974e-02,1.092604933000000056e+00,4.208850100000000038e-01,3.126918001700000005e+01,2.024000000000000000e+03,1.100000000000000000e+01,1.400000000000000000e+01,1.400000000000000000e+01,3.900000000000000000e+01,9.807700000000000307e-01
4.000641536658000064e+01,-8.303722895667999637e+01,2.189900000000000180e+00,1.085199999999999942e+00,-1.318154015425019976e+00,-4.895478954004799377e-01,1.581990635199199968e-01,1.102434345999999898e+00,4.321973769999999937e-01,3.071240301499999958e+01,2.024000000000000000e+03,1.100000000000000000e+01,1.400000000000000000e+01,1.400000000000000000e+01,3.900000000000000000e+01,1.039112000000000036e+00
4.000641556435999746e+01,-8.303722883004999744e+01,2.191300000000000026e+00,1.079599999999999893e+00,-1.238290896310000111e+00,-4.481896621183000251e-01,1.995607839695599794e-01,1.104455178999999898e+00,4.374798369999999825e-01,3.052595326599999837e+01,2.024000000000000000e+03,1.100000000000000000e+01,1.400000000000000000e+01,1.400000000000000000e+01,3.900000000000000000e+01,1.096614999999999895e+00
4.000641576236999697e+01,-8.303722870442000215e+01,2.193900000000000183e+00,1.072200000000000042e+00,-1.286144942661179957e+00,-4.021183549805800173e-01,5.144774069435999880e-02,1.106625865000000042e+00,4.413130169999999741e-01,3.033948002900000063e+01,2.024000000000000000e+03,1.100000000000000000e+01,1.400000000000000000e+01,1.400000000000000000e+01,3.900000000000000000e+01,1.154454000000000091e+00
4.000641596076999917e+01,-8.303722857981000516e+01,2.197400000000000020e+00,1.063600000000000101e+00,-1.479302308829079982e+00,-3.498781814136799895e-01,4.342849296039999994e-03,1.110779672000000051e+00,4.442592929999999996e-01,3.015335877200000070e+01,2.024000000000000000e+03,1.100000000000000000e+01,1.400000000000000000e+01,1.400000000000000000e+01,3.900000000000000000e+01,1.211457999999999924e+00
4.000641615944000051e+01,-8.303722845615999404e+01,2.201400000000000023e+00,1.054899999999999949e+00,-1.605507230292679832e+00,-2.994321452960599927e-01,1.160788753162000052e-02,1.117194277000000069e+00,4.464670139999999954e-01,2.996702522800000068e+01,2.024000000000000000e+03,1.100000000000000000e+01,1.400000000000000000e+01,1.400000000000000000e+01,3.900000000000000000e+01,1.268543999999999894e+00
4.000641796608999812e+01,-8.303722739079999826e+01,2.245999999999999996e+00,9.687000000000000055e-01,-2.275186210192280178e+00,-1.039339201677000057e-01,9.345074673860000181e-02,1.100350324999999962e+00,4.551051159999999762e-01,2.829420770300000143e+01,2.024000000000000000e+03,1.100000000000000000e+01,1.400000000000000000e+01,1.400000000000000000e+01,3.900000000000000000e+01,1.325507999999999909e+00
4.000642082742999861e+01,-8.303722590824000349e+01,2.282200000000000006e+00,8.534000000000000474e-01,-1.568321639584079996e+00,-3.508645415902399978e-01,-1.704147203683999828e-02,9.927376049999999674e-01,4.206093559999999898e-01,2.571834317100000078e+01,2.024000000000000000e+03,1.100000000000000000e+01,1.400000000000000000e+01,1.400000000000000000e+01,3.900000000000000000e+01,1.382406999999999941e+00
4.000642351967000110e+01,-8.303722466719000295e+01,2.311999999999999833e+00,7.850000000000000311e-01,-1.243666739808380051e+00,-1.636935345861999930e-02,1.594058022902000021e-02,9.616608399999999612e-01,3.860979920000000010e-01,2.329696971099999914e+01,2.024000000000000000e+03,1.100000000000000000e+01,1.400000000000000000e+01,1.400000000000000000e+01,3.900000000000000000e+01,1.440233000000000096e+00
4.000642561275000020e+01,-8.303722378610000021e+01,2.332599999999999785e+00,7.220999999999999641e-01,-1.604832479386979927e+00,-1.083803138507999919e-01,-6.245701518620000448e-02,9.909447909999999915e-01,3.760276029999999881e-01,2.143739013500000112e+01,2.024000000000000000e+03,1.100000000000000000e+01,1.400000000000000000e+01,1.400000000000000000e+01,3.900000000000000000e+01,1.497841999999999896e+00
4.000642687970999845e+01,-8.303722330006000618e+01,2.352700000000000014e+00,6.695999999999999730e-01,-1.963439160533479999e+00,4.390048111777999917e-02,-6.546196758519999201e-03,1.016230493999999984e+00,3.775527819999999757e-01,2.033617136100000167e+01,2.024000000000000000e+03,1.100000000000000000e+01,1.400000000000000000e+01,1.400000000000000000e+01,3.900000000000000000e+01,1.558275999999999994e+00
4.000642794497999688e+01,-8.303722292371999458e+01,2.372399999999999842e+00,6.246000000000000441e-01,-2.009623070248840015e+00,9.626963740444000051e-02,1.104635611582999999e-01,1.020290394999999961e+00,3.629636379999999773e-01,1.941674126099999853e+01,2.024000000000000000e+03,1.100000000000000000e+01,1.400000000000000000e+01,1.400000000000000000e+01,3.900000000000000000e+01,1.614260000000000028e+00
4.000642944789999689e+01,-8.303722243836000416e+01,2.388999999999999790e+00,5.677999999999999714e-01,-1.705818345957440085e+00,-1.425106074554400026e-01,-9.899587905038000069e-02,1.007923589000000009e+00,3.310384829999999945e-01,1.811420353500000147e+01,2.024000000000000000e+03,1.100000000000000000e+01,1.400000000000000000e+01,1.400000000000000000e+01,3.900000000000000000e+01,1.673288000000000109e+00
4.000643052592999993e+01,-8.303722211887000526e+01,2.395700000000000163e+00,5.291000000000000147e-01,-1.726483967141519749e+00,-1.925823432460799789e-01,-1.982963237500399989e-01,1.005570990999999914e+00,3.161052050000000002e-01,1.718091400799999846e+01,2.024000000000000000e+03,1.100000000000000000e+01,1.400000000000000000e+01,1.400000000000000000e+01,3.900000000000000000e+01,1.729049999999999976e+00
4.000643160781999796e+01,-8.303722182552000675e+01,2.406000000000000139e+00,4.808999999999999941e-01,-1.839924393365400146e+00,-1.576302796507199899e-01,-3.109861192657999845e-02,9.928318250000000011e-01,3.182375749999999948e-01,1.625399816799999897e+01,2.024000000000000000e+03,1.100000000000000000e+01,1.400000000000000000e+01,1.400000000000000000e+01,3.900000000000000000e+01,1.786296000000000106e+00
4.000643313156000147e+01,-8.303722145973000579e+01,2.423500000000000210e+00,4.199999999999999845e-01,-1.843065433568479961e+00,5.072135868264000119e-02,-7.984474871637999016e-02,9.373845520000000375e-01,3.204613610000000001e-01,1.496542350300000024e+01,2.024000000000000000e+03,1.100000000000000000e+01,1.400000000000000000e+01,1.400000000000000000e+01,3.900000000000000000e+01,1.847204999999999986e+00
4.000643444444000352e+01,-8.303722118409000075e+01,2.430499999999999883e+00,3.769000000000000128e-01,-1.345504764128679920e+00,-1.019777041017999875e-01,2.049830263620000276e-03,8.759864600000000223e-01,3.206428060000000024e-01,1.386552535300000066e+01,2.024000000000000000e+03,1.100000000000000000e+01,1.400000000000000000e+01,1.400000000000000000e+01,3.900000000000000000e+01,1.904633999999999938e+00
4.000643554018999737e+01,-8.303722097221999832e+01,2.431299999999999795e+00,3.553999999999999937e-01,-8.317161677694600019e-01,-1.619244196687399939e-01,7.209682388275999443e-02,8.606670910000000507e-01,3.222587519999999817e-01,1.294788606800000075e+01,2.024000000000000000e+03,1.100000000000000000e+01,1.400000000000000000e+01,1.400000000000000000e+01,3.900000000000000000e+01,1.961742000000000097e+00
4.000643663787000293e+01,-8.303722077653999634e+01,2.437800000000000189e+00,3.234000000000000208e-01,-1.281100690824100052e+00,-4.619980378524000258e-02,-4.484420377321999412e-02,8.746651789999999593e-01,3.273696010000000101e-01,1.203366737200000003e+01,2.024000000000000000e+03,1.100000000000000000e+01,1.400000000000000000e+01,1.400000000000000000e+01,3.900000000000000000e+01,2.018794000000000199e+00
4.000643685776999803e+01,-8.303722073982000040e+01,2.439499999999999780e+00,3.156999999999999806e-01,-1.348635126835259879e+00,-3.018790787055999902e-02,2.901872931116000059e-02,8.759904750000000462e-01,3.306813419999999892e-01,1.185053565900000017e+01,2.024000000000000000e+03,1.100000000000000000e+01,1.400000000000000000e+01,1.400000000000000000e+01,3.900000000000000000e+01,2.076827999999999896e+00
4.000643773925000346e+01,-8.303722060146999695e+01,2.448599999999999888e+00,2.867999999999999994e-01,-1.426544387595760188e+00,1.505949304835799973e-01,-9.161894450426000258e-02,8.779091589999999945e-01,3.389506780000000052e-01,1.111915297600000052e+01,2.024000000000000000e+03,1.100000000000000000e+01,1.400000000000000000e+01,1.400000000000000000e+01,3.900000000000000000e+01,2.133668000000000120e+00
4.000643928857000020e+01,-8.303722038700000496e+01,2.458699999999999886e+00,2.469000000000000083e-01,-1.055050314223979990e+00,-1.508961185414000108e-02,-6.428826709982000953e-02,8.814730979999999549e-01,3.344186080000000061e-01,9.839953252999999123e+00,2.024000000000000000e+03,1.100000000000000000e+01,1.400000000000000000e+01,1.400000000000000000e+01,3.900000000000000000e+01,2.191307999999999812e+00
4.000644017436999889e+01,-8.303722028580000369e+01,2.455099999999999838e+00,2.094000000000000028e-01,-1.621510231461420037e+00,-3.385046677043799801e-01,1.543272817179399958e-01,8.960341429999999496e-01,3.381072740000000132e-01,9.115726157999999302e+00,2.024000000000000000e+03,1.100000000000000000e+01,1.400000000000000000e+01,1.400000000000000000e+01,3.900000000000000000e+01,2.249782000000000171e+00
4.000644327044999926e+01,-8.303722006446000137e+01,2.456100000000000172e+00,8.440000000000000280e-02,-1.892508845115179916e+00,-5.819809742398000113e-02,4.149125901718000303e-02,8.872085469999999585e-01,4.409634089999999729e-01,6.592818989999999602e+00,2.024000000000000000e+03,1.100000000000000000e+01,1.400000000000000000e+01,1.400000000000000000e+01,3.900000000000000000e+01,2.307777000000000189e+00
4.000644460035000094e+01,-8.303722003450999978e+01,2.458899999999999864e+00,2.060000000000000026e-02,-2.149488441397839900e+00,-1.126902103397200011e-01,3.613977749319999960e-02,8.628776510000000233e-01,4.690620600000000029e-01,5.503189303000000088e+00,2.024000000000000000e+03,1.100000000000000000e+01,1.400000000000000000e+01,1.400000000000000000e+01,3.900000000000000000e+01,2.365064999999999973e+00
4.000644570846999670e+01,-8.303722003872999835e+01,2.457500000000000018e+00,-1.849999999999999908e-02,-1.686247276810999951e+00,-2.056920022902199996e-01,-3.584656913931399957e-01,8.237952830000000448e-01,5.013038530000000215e-01,4.597139021000000270e+00,2.024000000000000000e+03,1.100000000000000000e+01,1.400000000000000000e+01,1.400000000000000000e+01,3.900000000000000000e+01,2.423548999999999953e+00
4.000644703700999827e+01,-8.303722007445999509e+01,2.454000000000000181e+00,-6.279999999999999472e-02,-1.465152956075699953e+00,-2.264157169683599924e-01,-2.235182318838999926e-01,7.838411760000000283e-01,5.528531660000000070e-01,3.517607899999999788e+00,2.024000000000000000e+03,1.100000000000000000e+01,1.400000000000000000e+01,1.400000000000000000e+01,3.900000000000000000e+01,2.481129999999999836e+00
4.000644836373999880e+01,-8.303722013997999341e+01,2.452300000000000146e+00,-1.029000000000000054e-01,-1.279174317774639968e+00,-7.439437672562000670e-02,-3.055889207679999935e-03,7.474126450000000421e-01,6.132542029999999977e-01,2.441325384000000209e+00,2.024000000000000000e+03,1.100000000000000000e+01,1.400000000000000000e+01,1.400000000000000000e+01,3.900000000000000000e+01,2.538499999999999979e+00
4.000644969071999668e+01,-8.303722023017999732e+01,2.455099999999999838e+00,-1.338999999999999913e-01,-9.973542872317999741e-01,1.244977973693599943e-01,1.654349194086200125e-01,7.229481620000000053e-01,6.680698910000000268e-01,1.360704259000000027e+00,2.024000000000000000e+03,1.100000000000000000e+01,1.400000000000000000e+01,1.400000000000000000e+01,3.900000000000000000e+01,2.595502000000000198e+00
4.000645102071000281e+01,-8.303722034448999523e+01,2.462400000000000144e+00,-1.716999999999999915e-01,-1.175149177082100094e+00,2.195939005308999714e-01,2.899361873662399947e-01,7.196201779999999992e-01,6.970009569999999766e-01,2.808826770000000250e-01,2.024000000000000000e+03,1.100000000000000000e+01,1.400000000000000000e+01,1.400000000000000000e+01,3.900000000000000000e+01,2.652931999999999846e+00
4.000645213207000239e+01,-8.303722046186000227e+01,2.467900000000000205e+00,-2.083000000000000129e-01,-1.409282081594360081e+00,1.988296165228599921e-01,-1.075737481032399967e-01,7.186690169999999656e-01,7.046729120000000401e-01,3.593861482359999968e+02,2.024000000000000000e+03,1.100000000000000000e+01,1.400000000000000000e+01,1.400000000000000000e+01,3.900000000000000000e+01,2.710418000000000216e+00
4.000645324456999674e+01,-8.303722060151000051e+01,2.468599999999999905e+00,-2.469000000000000083e-01,-1.454395301614459957e+00,7.750518641669999764e-02,-2.100651451605999864e-01,7.093475620000000426e-01,7.098211300000000223e-01,3.585037547809999978e+02,2.024000000000000000e+03,1.100000000000000000e+01,1.400000000000000000e+01,1.400000000000000000e+01,3.900000000000000000e+01,2.767939000000000149e+00
4.000645479920000014e+01,-8.303722083456999314e+01,2.459700000000000220e+00,-2.993999999999999995e-01,-1.398278014628200117e+00,-1.867869362723399984e-01,-4.631500095800000077e-02,6.961244549999999753e-01,7.272323160000000453e-01,3.573063367209999797e+02,2.024000000000000000e+03,1.100000000000000000e+01,1.400000000000000000e+01,1.400000000000000000e+01,3.900000000000000000e+01,2.826166000000000178e+00
4.000645612766999903e+01,-8.303722106357000143e+01,2.453800000000000203e+00,-3.335000000000000187e-01,-1.150600136891539949e+00,-6.526889088579999887e-02,2.238318718460200196e-01,7.022214650000000447e-01,7.501164179999999515e-01,3.563061376059999930e+02,2.024000000000000000e+03,1.100000000000000000e+01,1.400000000000000000e+01,1.400000000000000000e+01,3.900000000000000000e+01,2.884339999999999904e+00
4.000645723267000164e+01,-8.303722127320999391e+01,2.448900000000000077e+00,-3.620999999999999774e-01,-1.064518309286559994e+00,-1.223967494284600027e-01,1.702527323924599989e-01,7.169598830000000200e-01,7.659963789999999495e-01,3.554764709400000129e+02,2.024000000000000000e+03,1.100000000000000000e+01,1.400000000000000000e+01,1.400000000000000000e+01,3.900000000000000000e+01,2.941251999999999978e+00
4.000645855724000199e+01,-8.303722155041999997e+01,2.447200000000000042e+00,-4.067000000000000060e-01,-1.469459081086279983e+00,4.813420733519999800e-02,-9.946264065939999788e-03,7.250581409999999893e-01,7.710217620000000549e-01,3.544733661110000185e+02,2.024000000000000000e+03,1.100000000000000000e+01,1.400000000000000000e+01,1.400000000000000000e+01,3.900000000000000000e+01,2.998984999999999790e+00
4.000645877787000160e+01,-8.303722159980999606e+01,2.446899999999999853e+00,-4.157000000000000139e-01,-1.599382042473259880e+00,6.392462385477999665e-02,-1.445110218290800164e-01,7.262126540000000130e-01,7.728979729999999604e-01,3.543056358229999887e+02,2.024000000000000000e+03,1.100000000000000000e+01,1.400000000000000000e+01,1.400000000000000000e+01,3.900000000000000000e+01,3.057767000000000124e+00
4.000646009836999895e+01,-8.303722191302000510e+01,2.435299999999999798e+00,-4.603999999999999759e-01,-1.565073496472819903e+00,-2.533051092265599658e-01,-6.489649015426000866e-02,7.260424359999999577e-01,7.677419920000000397e-01,3.533026874079999970e+02,2.024000000000000000e+03,1.100000000000000000e+01,1.400000000000000000e+01,1.400000000000000000e+01,3.900000000000000000e+01,3.115368000000000137e+00
4.000646163071999695e+01,-8.303722231796000131e+01,2.421499999999999986e+00,-5.081999999999999851e-01,-1.370555091142900084e+00,-2.393925711991400085e-01,4.272290778691999885e-02,7.265827249999999848e-01,7.735330070000000502e-01,3.521447454280000215e+02,2.024000000000000000e+03,1.100000000000000000e+01,1.400000000000000000e+01,1.400000000000000000e+01,3.900000000000000000e+01,3.172371000000000052e+00
4.000646250156999884e+01,-8.303722256790000245e+01,2.415700000000000180e+00,-5.385999999999999677e-01,-1.496061977256140096e+00,-1.242896475040400073e-01,1.414295828631199903e-01,7.403676879999999683e-01,7.743058010000000158e-01,3.514914849020000247e+02,2.024000000000000000e+03,1.100000000000000000e+01,1.400000000000000000e+01,1.400000000000000000e+01,3.900000000000000000e+01,3.230093000000000103e+00
4.000646488316999694e+01,-8.303722332921999794e+01,2.396900000000000031e+00,-6.212999999999999634e-01,-1.386752625104339831e+00,-3.720416393608000361e-02,2.367130211842600196e-01,7.320160439999999769e-01,7.708205999999999669e-01,3.497002827809999985e+02,2.024000000000000000e+03,1.100000000000000000e+01,1.400000000000000000e+01,1.400000000000000000e+01,3.900000000000000000e+01,3.290525000000000144e+00
4.000646617608000355e+01,-8.303722378573000640e+01,2.390499999999999847e+00,-6.631000000000000227e-01,-1.506334727075580027e+00,3.519553969506000052e-02,2.561672034755200222e-01,7.198330200000000456e-01,7.379400750000000286e-01,3.487057586419999780e+02,2.024000000000000000e+03,1.100000000000000000e+01,1.400000000000000000e+01,1.400000000000000000e+01,3.900000000000000000e+01,3.349616999999999845e+00
4.000646746396999731e+01,-8.303722427351000590e+01,2.377800000000000136e+00,-7.096000000000000085e-01,-1.707645487710200083e+00,-1.422216650970400120e-01,1.360954207497400148e-01,6.960382250000000104e-01,6.802546480000000173e-01,3.476955122940000251e+02,2.024000000000000000e+03,1.100000000000000000e+01,1.400000000000000000e+01,1.400000000000000000e+01,3.900000000000000000e+01,3.408277000000000001e+00
4.000646852981999757e+01,-8.303722470456999361e+01,2.358200000000000074e+00,-7.500999999999999890e-01,-1.923365052885480209e+00,-4.108162004044800253e-01,-1.709828865588799984e-01,6.688816309999999765e-01,6.343670129999999796e-01,3.468536290119999990e+02,2.024000000000000000e+03,1.100000000000000000e+01,1.400000000000000000e+01,1.400000000000000000e+01,3.900000000000000000e+01,3.466092000000000173e+00
4.000646979628000111e+01,-8.303722525319000169e+01,2.333000000000000185e+00,-7.969000000000000528e-01,-1.790650056130320023e+00,-4.045776127325000360e-01,-2.358024098415600067e-01,6.240514219999999668e-01,6.057538199999999984e-01,3.458530026600000156e+02,2.024000000000000000e+03,1.100000000000000000e+01,1.400000000000000000e+01,1.400000000000000000e+01,3.900000000000000000e+01,3.525012999999999952e+00
4.000647125873000221e+01,-8.303722593548999953e+01,2.309200000000000141e+00,-8.511999999999999567e-01,-1.655521234227499860e+00,-2.635029358342400041e-01,-2.037873358317799921e-01,5.605088959999999787e-01,5.809024990000000166e-01,3.446957362869999884e+02,2.024000000000000000e+03,1.100000000000000000e+01,1.400000000000000000e+01,1.400000000000000000e+01,3.900000000000000000e+01,3.584341000000000221e+00
4.000647249917999915e+01,-8.303722655440999745e+01,2.286099999999999799e+00,-8.912999999999999812e-01,-1.347068274783200126e+00,-3.562574052232400090e-01,-1.224528233522799991e-01,4.878954750000000229e-01,5.651578040000000414e-01,3.437003638059999844e+02,2.024000000000000000e+03,1.100000000000000000e+01,1.400000000000000000e+01,1.400000000000000000e+01,3.900000000000000000e+01,3.643873999999999835e+00
4.000647372752000308e+01,-8.303722719454999890e+01,2.263799999999999812e+00,-9.137999999999999456e-01,-8.827864185236199424e-01,-4.864224360195000263e-01,-1.851899164341800075e-01,4.219548410000000249e-01,5.632864189999999827e-01,3.426923544559999755e+02,2.024000000000000000e+03,1.100000000000000000e+01,1.400000000000000000e+01,1.400000000000000000e+01,3.900000000000000000e+01,3.703183999999999809e+00
4.000647474176000173e+01,-8.303722774013999697e+01,2.242799999999999905e+00,-9.344000000000000083e-01,-1.057758175310399951e+00,-5.513704818069200542e-01,4.945109915439999809e-02,3.948682179999999931e-01,5.612988789999999728e-01,3.418534515750000082e+02,2.024000000000000000e+03,1.100000000000000000e+01,1.400000000000000000e+01,1.400000000000000000e+01,3.900000000000000000e+01,3.761166999999999927e+00
4.000647594481999647e+01,-8.303722841635000407e+01,2.211599999999999788e+00,-9.726000000000000201e-01,-1.515248009336179980e+00,-6.254880274128200579e-01,6.387482968155999696e-02,3.610492209999999758e-01,5.558957289999999496e-01,3.408569339360000185e+02,2.024000000000000000e+03,1.100000000000000000e+01,1.400000000000000000e+01,1.400000000000000000e+01,3.900000000000000000e+01,3.818839000000000095e+00
4.000647712968000036e+01,-8.303722911424999609e+01,2.175699999999999967e+00,-1.000699999999999923e+00,-1.370393599770539872e+00,-8.065135533992200401e-01,-6.380477953626000065e-02,3.258233979999999863e-01,5.590116269999999554e-01,3.398707223549999981e+02,2.024000000000000000e+03,1.100000000000000000e+01,1.400000000000000000e+01,1.400000000000000000e+01,3.900000000000000000e+01,3.876974999999999838e+00
4.000647829452999815e+01,-8.303722983187999773e+01,2.137399999999999967e+00,-1.030699999999999950e+00,-1.543499266750780086e+00,-7.926641128969000860e-01,-9.087943039722000405e-02,3.086681070000000249e-01,5.811987920000000196e-01,3.388946278079999956e+02,2.024000000000000000e+03,1.100000000000000000e+01,1.400000000000000000e+01,1.400000000000000000e+01,3.900000000000000000e+01,3.935230999999999923e+00
4.000647944125000066e+01,-8.303723057322000045e+01,2.109399999999999942e+00,-1.064000000000000057e+00,-1.421605446726659894e+00,-4.697908118455600412e-01,-8.714247811639999619e-03,2.829193329999999951e-01,6.015209839999999808e-01,3.379158349260000023e+02,2.024000000000000000e+03,1.100000000000000000e+01,1.400000000000000000e+01,1.400000000000000000e+01,3.900000000000000000e+01,3.993002999999999858e+00
4.000647963107000038e+01,-8.303723069871999485e+01,2.105900000000000105e+00,-1.067700000000000093e+00,-1.214703968484740049e+00,-4.000258916090000394e-01,-2.938972388093999757e-02,2.794102230000000131e-01,6.010643009999999675e-01,3.377510951709999745e+02,2.024000000000000000e+03,1.100000000000000000e+01,1.400000000000000000e+01,1.400000000000000000e+01,3.900000000000000000e+01,4.051573000000000313e+00
4.000648094891000284e+01,-8.303723159086000294e+01,2.075899999999999856e+00,-1.095299999999999940e+00,-1.092402071708259870e+00,-4.811265077198000339e-01,-7.657793162120000996e-03,2.616116769999999869e-01,5.841684230000000477e-01,3.365893797960000029e+02,2.024000000000000000e+03,1.100000000000000000e+01,1.400000000000000000e+01,1.400000000000000000e+01,3.900000000000000000e+01,4.111620000000000275e+00
4.000648260740999973e+01,-8.303723277564000682e+01,2.020000000000000018e+00,-1.137999999999999901e+00,-1.417375101025980078e+00,-7.553811192192599888e-01,-8.518842724679999423e-02,2.430159919999999862e-01,5.630109399999999598e-01,3.350900377369999887e+02,2.024000000000000000e+03,1.100000000000000000e+01,1.400000000000000000e+01,1.400000000000000000e+01,3.900000000000000000e+01,4.169522999999999868e+00
4.000648315008000111e+01,-8.303723317930000292e+01,2.002899999999999903e+00,-1.148900000000000032e+00,-1.220467551263220152e+00,-7.310236940451999565e-01,-1.889015827222799981e-01,2.357657059999999916e-01,5.654739319999999569e-01,3.345965117530000157e+02,2.024000000000000000e+03,1.100000000000000000e+01,1.400000000000000000e+01,1.400000000000000000e+01,3.900000000000000000e+01,4.227534000000000347e+00
4.000648475309999696e+01,-8.303723441731999344e+01,1.958199999999999941e+00,-1.188700000000000090e+00,-1.235442313657360014e+00,-4.730799784479200465e-01,-1.321720566602800073e-01,2.447144890000000073e-01,5.669371269999999852e-01,3.331278604519999931e+02,2.024000000000000000e+03,1.100000000000000000e+01,1.400000000000000000e+01,1.400000000000000000e+01,3.900000000000000000e+01,4.288446999999999676e+00
4.000648580195999671e+01,-8.303723526615999617e+01,1.929899999999999949e+00,-1.213200000000000056e+00,-1.048938934743560036e+00,-4.721795346560400120e-01,-2.439545670606000152e-02,2.521012089999999928e-01,5.535270260000000331e-01,3.321379715900000065e+02,2.024000000000000000e+03,1.100000000000000000e+01,1.400000000000000000e+01,1.400000000000000000e+01,3.900000000000000000e+01,4.348042000000000407e+00
4.000648683285000118e+01,-8.303723613152000382e+01,1.893199999999999994e+00,-1.234699999999999909e+00,-1.086579218891720044e+00,-7.492457531871800080e-01,-7.368455876328000587e-02,2.619972190000000034e-01,5.379860300000000040e-01,3.311362680400000045e+02,2.024000000000000000e+03,1.100000000000000000e+01,1.400000000000000000e+01,1.400000000000000000e+01,3.900000000000000000e+01,4.405274999999999608e+00
4.000648767586000076e+01,-8.303723686435000673e+01,1.859299999999999953e+00,-1.254099999999999993e+00,-1.222145234523299928e+00,-7.604852978881400105e-01,-1.543091922415999913e-02,2.771012820000000043e-01,5.442448770000000158e-01,3.303029037200000175e+02,2.024000000000000000e+03,1.100000000000000000e+01,1.400000000000000000e+01,1.400000000000000000e+01,3.900000000000000000e+01,4.463662000000000241e+00
4.000648850518000188e+01,-8.303723761064999564e+01,1.832200000000000051e+00,-1.279700000000000060e+00,-1.293798739195699987e+00,-3.926850708370600018e-01,-5.172241067510000012e-02,2.886133889999999980e-01,5.590220449999999675e-01,3.294731774510000264e+02,2.024000000000000000e+03,1.100000000000000000e+01,1.400000000000000000e+01,1.400000000000000000e+01,3.900000000000000000e+01,4.521531999999999663e+00
4.000648948631000223e+01,-8.303723852889000057e+01,1.805099999999999927e+00,-1.321499999999999897e+00,-1.663728148333539991e+00,-2.609707273371999689e-02,1.242156889347400123e-01,2.891211510000000207e-01,5.837818249999999765e-01,3.284672787210000138e+02,2.024000000000000000e+03,1.100000000000000000e+01,1.400000000000000000e+01,1.400000000000000000e+01,3.900000000000000000e+01,4.579988000000000170e+00
4.000649061208000035e+01,-8.303723963694000076e+01,1.771800000000000042e+00,-1.368000000000000105e+00,-1.556090046498539881e+00,-1.181273659617200072e-01,-7.060282671120000041e-03,2.660106870000000234e-01,5.885570629999999914e-01,3.272901841390000186e+02,2.024000000000000000e+03,1.100000000000000000e+01,1.400000000000000000e+01,1.400000000000000000e+01,3.900000000000000000e+01,4.638221999999999845e+00
4.000649155941999879e+01,-8.303724061357999631e+01,1.738699999999999912e+00,-1.400300000000000100e+00,-1.531371405564259991e+00,-3.634578413319199952e-01,2.505272364887600189e-01,2.446242230000000017e-01,5.784621399999999580e-01,3.262901375779999853e+02,2.024000000000000000e+03,1.100000000000000000e+01,1.400000000000000000e+01,1.400000000000000000e+01,3.900000000000000000e+01,4.698559000000000374e+00
4.000649248633000354e+01,-8.303724161486999833e+01,1.698099999999999943e+00,-1.436600000000000099e+00,-1.722414108512180020e+00,-4.523805142765799925e-01,1.079486113668399888e-01,2.094544899999999932e-01,5.857065430000000239e-01,3.252989358010000274e+02,2.024000000000000000e+03,1.100000000000000000e+01,1.400000000000000000e+01,1.400000000000000000e+01,3.900000000000000000e+01,4.758435000000000414e+00
4.000649324494000325e+01,-8.303724246730999425e+01,1.676900000000000057e+00,-1.462299999999999933e+00,-1.254901776300660021e+00,-1.096593119808400019e-01,7.383395813899999542e-03,1.542789669999999891e-01,6.080995569999999573e-01,3.244630723440000111e+02,2.024000000000000000e+03,1.100000000000000000e+01,1.400000000000000000e+01,1.400000000000000000e+01,3.900000000000000000e+01,4.817239999999999966e+00
4.000649429479999952e+01,-8.303724368288000335e+01,1.659399999999999986e+00,-1.492299999999999960e+00,-9.750715053614399386e-01,1.369184294213599828e-01,-5.529757764494000472e-02,9.021620599999999324e-02,6.166903510000000255e-01,3.232744654069999797e+02,2.024000000000000000e+03,1.100000000000000000e+01,1.400000000000000000e+01,1.400000000000000000e+01,3.900000000000000000e+01,4.875585000000000058e+00
4.000649503790999972e+01,-8.303724456547999466e+01,1.646300000000000097e+00,-1.511700000000000044e+00,-9.234176223308999676e-01,6.823339513227999475e-02,-6.855979347177999783e-02,6.805904100000000068e-02,6.134074120000000407e-01,3.224236264549999760e+02,2.024000000000000000e+03,1.100000000000000000e+01,1.400000000000000000e+01,1.400000000000000000e+01,3.900000000000000000e+01,4.934158000000000044e+00
4.000649606783999701e+01,-8.303724582127000531e+01,1.626100000000000101e+00,-1.541700000000000070e+00,-1.019751063270099900e+00,4.237006767310000366e-02,-1.616849899588000128e-01,6.252644200000000152e-02,6.062121950000000092e-01,3.212509044209999729e+02,2.024000000000000000e+03,1.100000000000000000e+01,1.400000000000000000e+01,1.400000000000000000e+01,3.900000000000000000e+01,4.993026999999999660e+00
4.000649621403999845e+01,-8.303724600274999545e+01,1.623899999999999899e+00,-1.546599999999999975e+00,-1.027842995385199965e+00,1.525379073155800069e-01,-2.694843093185799732e-01,6.208427600000000074e-02,6.055934659999999692e-01,3.210853975260000084e+02,2.024000000000000000e+03,1.100000000000000000e+01,1.400000000000000000e+01,1.400000000000000000e+01,3.900000000000000000e+01,5.052839999999999776e+00
4.000649694020999902e+01,-8.303724691928999846e+01,1.607499999999999929e+00,-1.572999999999999954e+00,-1.180501946692679827e+00,1.904502208028399923e-01,-4.424989036999999684e-04,5.908956399999999720e-02,6.056555059999999546e-01,3.202600247459999991e+02,2.024000000000000000e+03,1.100000000000000000e+01,1.400000000000000000e+01,1.400000000000000000e+01,3.900000000000000000e+01,5.112325000000000230e+00
4.000649780207999839e+01,-8.303724803925000231e+01,1.587699999999999889e+00,-1.605799999999999894e+00,-1.272468010057659971e+00,1.890532816135599981e-01,9.740259467327999632e-02,5.049490300000000070e-02,6.036457729999999966e-01,3.192741735179999978e+02,2.024000000000000000e+03,1.100000000000000000e+01,1.400000000000000000e+01,1.400000000000000000e+01,3.900000000000000000e+01,5.170408000000000115e+00
4.000649851159000292e+01,-8.303724899092999578e+01,1.570200000000000040e+00,-1.634600000000000053e+00,-1.313061940879959977e+00,2.194262135083000220e-01,1.561127119250999840e-01,4.768406800000000306e-02,5.992871050000000421e-01,3.184585775379999859e+02,2.024000000000000000e+03,1.100000000000000000e+01,1.400000000000000000e+01,1.400000000000000000e+01,3.900000000000000000e+01,5.228572999999999915e+00
4.000650017758999866e+01,-8.303725133794999635e+01,1.521500000000000075e+00,-1.699799999999999978e+00,-1.303101572001440056e+00,1.518791020427200100e-01,-1.001235075245800049e-01,4.195939299999999761e-02,6.076305450000000219e-01,3.165124310769999738e+02,2.024000000000000000e+03,1.100000000000000000e+01,1.400000000000000000e+01,1.400000000000000000e+01,3.900000000000000000e+01,5.286450000000000315e+00
4.000650099324000308e+01,-8.303725254456000471e+01,1.506499999999999950e+00,-1.729500000000000037e+00,-1.028397421954200031e+00,3.694221770371600155e-01,-2.219229455417999833e-02,2.849598199999999956e-02,6.231220010000000364e-01,3.155390600329999984e+02,2.024000000000000000e+03,1.100000000000000000e+01,1.400000000000000000e+01,1.400000000000000000e+01,3.900000000000000000e+01,5.345385000000000275e+00
4.000650180113999710e+01,-8.303725377601999469e+01,1.492199999999999971e+00,-1.768499999999999961e+00,-1.217866282168439840e+00,5.708438570581999549e-01,4.579370516665999535e-02,1.403616400000000028e-02,6.223380469999999498e-01,3.145673550079999927e+02,2.024000000000000000e+03,1.100000000000000000e+01,1.400000000000000000e+01,1.400000000000000000e+01,3.900000000000000000e+01,5.404136000000000273e+00
4.000650246688000067e+01,-8.303725482269000224e+01,1.474099999999999966e+00,-1.799800000000000066e+00,-1.328182259419280031e+00,3.951750103134799574e-01,-4.675870669220000102e-03,-2.749674000000000128e-03,6.095275980000000038e-01,3.137667377519999832e+02,2.024000000000000000e+03,1.100000000000000000e+01,1.400000000000000000e+01,1.400000000000000000e+01,3.900000000000000000e+01,5.462608999999999604e+00
4.000650312471000092e+01,-8.303725588558999959e+01,1.457100000000000062e+00,-1.824999999999999956e+00,-1.131604998329120093e+00,2.987246624601799794e-01,-8.793969874373999684e-02,-1.330386300000000084e-02,6.008267790000000330e-01,3.129787430640000139e+02,2.024000000000000000e+03,1.100000000000000000e+01,1.400000000000000000e+01,1.400000000000000000e+01,3.900000000000000000e+01,5.521226999999999663e+00
4.000650403190000048e+01,-8.303725740010000322e+01,1.427599999999999980e+00,-1.865099999999999980e+00,-1.490950689524400019e+00,2.673439569195399934e-01,-6.139680624536000136e-02,-1.057876100000000076e-02,5.971160650000000292e-01,3.118889579749999825e+02,2.024000000000000000e+03,1.100000000000000000e+01,1.400000000000000000e+01,1.400000000000000000e+01,3.900000000000000000e+01,5.579507999999999690e+00
4.000650479405000226e+01,-8.303725872465000180e+01,1.401499999999999968e+00,-1.899899999999999922e+00,-1.411965676502360045e+00,3.175867609295199845e-01,7.862391476777999544e-02,-3.360787099999999750e-02,5.987549869999999608e-01,3.109453879270000130e+02,2.024000000000000000e+03,1.100000000000000000e+01,1.400000000000000000e+01,1.400000000000000000e+01,3.900000000000000000e+01,5.637337999999999738e+00
4.000650554479000220e+01,-8.303726007257000674e+01,1.384900000000000020e+00,-1.931499999999999995e+00,-1.068398724316059978e+00,4.631293408730000061e-01,2.379432083608200021e-01,-6.269747999999999988e-02,5.884904359999999501e-01,3.099869821999999999e+02,2.024000000000000000e+03,1.100000000000000000e+01,1.400000000000000000e+01,1.400000000000000000e+01,3.900000000000000000e+01,5.695561999999999792e+00
4.000650628753000149e+01,-8.303726144252999575e+01,1.370400000000000063e+00,-1.962099999999999955e+00,-1.033206530642839960e+00,4.401351335997800152e-01,-8.122379093719999527e-03,-5.689595399999999858e-02,5.599893780000000376e-01,3.090241941470000029e+02,2.024000000000000000e+03,1.100000000000000000e+01,1.400000000000000000e+01,1.400000000000000000e+01,3.900000000000000000e+01,5.753927000000000014e+00
4.000650689799000048e+01,-8.303726260020999916e+01,1.348400000000000043e+00,-1.986699999999999910e+00,-1.296002040807439970e+00,2.240684191186600172e-01,-7.696032899709999431e-02,-3.568091000000000318e-02,5.342015479999999705e-01,3.082205810529999894e+02,2.024000000000000000e+03,1.100000000000000000e+01,1.400000000000000000e+01,1.400000000000000000e+01,3.900000000000000000e+01,5.812003999999999948e+00
4.000650761463000293e+01,-8.303726400825000553e+01,1.313199999999999923e+00,-2.015600000000000058e+00,-1.471423514602159921e+00,7.339659900803999215e-02,-1.465412735011200063e-01,-2.508926900000000085e-02,5.238938309999999765e-01,3.072549899179999784e+02,2.024000000000000000e+03,1.100000000000000000e+01,1.400000000000000000e+01,1.400000000000000000e+01,3.900000000000000000e+01,5.871525000000000105e+00
4.000650831565999965e+01,-8.303726543784000569e+01,1.288399999999999990e+00,-2.048399999999999999e+00,-1.318599671557399988e+00,4.145605670906600260e-01,4.360851017920000516e-02,-2.186499299999999923e-02,5.249396880000000154e-01,3.062883381060000261e+02,2.024000000000000000e+03,1.100000000000000000e+01,1.400000000000000000e+01,1.400000000000000000e+01,3.900000000000000000e+01,5.930742000000000402e+00
4.000650912100999790e+01,-8.303726713461000486e+01,1.269400000000000084e+00,-2.087499999999999911e+00,-1.161499692428219932e+00,5.543334594262200321e-01,-1.257278441376599998e-01,1.256617699999999956e-02,5.002864559999999905e-01,3.051514583069999844e+02,2.024000000000000000e+03,1.100000000000000000e+01,1.400000000000000000e+01,1.400000000000000000e+01,3.900000000000000000e+01,5.993357999999999741e+00
4.000650923474000109e+01,-8.303726737977000028e+01,1.264999999999999902e+00,-2.093799999999999883e+00,-1.300655145037000082e+00,5.567671508530399604e-01,-6.732130411803999293e-02,1.876833199999999868e-02,4.946215370000000000e-01,3.049884946480000281e+02,2.024000000000000000e+03,1.100000000000000000e+01,1.400000000000000000e+01,1.400000000000000000e+01,3.900000000000000000e+01,6.052183000000000312e+00
4.000650979526999862e+01,-8.303726861725000674e+01,1.232299999999999951e+00,-2.126300000000000079e+00,-1.770979857683559811e+00,3.062206759339199946e-01,-8.519459665862000319e-02,3.461961999999999678e-02,4.619070129999999774e-01,3.041741862690000175e+02,2.024000000000000000e+03,1.100000000000000000e+01,1.400000000000000000e+01,1.400000000000000000e+01,3.900000000000000000e+01,6.109327000000000396e+00
4.000651055571000114e+01,-8.303727037720000226e+01,1.187500000000000000e+00,-2.161900000000000155e+00,-1.581198340743419806e+00,1.216689207444399956e-01,1.645923421200000056e-02,1.723648700000000172e-02,4.385762369999999799e-01,3.030465775249999751e+02,2.024000000000000000e+03,1.100000000000000000e+01,1.400000000000000000e+01,1.400000000000000000e+01,3.900000000000000000e+01,6.167703000000000380e+00
4.000651108297000036e+01,-8.303727165370999330e+01,1.159799999999999942e+00,-2.186900000000000066e+00,-1.480455496940020099e+00,2.248807704099800020e-01,1.301297366627599816e-01,2.867081000000000057e-03,4.364541829999999956e-01,3.022535691979999797e+02,2.024000000000000000e+03,1.100000000000000000e+01,1.400000000000000000e+01,1.400000000000000000e+01,3.900000000000000000e+01,6.229292000000000051e+00
4.000651220758000193e+01,-8.303727451739000287e+01,1.113299999999999956e+00,-2.248000000000000220e+00,-1.349970344054419957e+00,4.885947184596000081e-01,4.094890132988000114e-02,-8.888182999999999154e-03,3.907257670000000016e-01,3.005117486409999970e+02,2.024000000000000000e+03,1.100000000000000000e+01,1.400000000000000000e+01,1.400000000000000000e+01,3.900000000000000000e+01,6.287726000000000148e+00
4.000651279976000296e+01,-8.303727611112999796e+01,1.080999999999999961e+00,-2.278000000000000025e+00,-1.451550827980199854e+00,3.157657876352200077e-01,-9.754190037255999757e-02,-1.825496199999999958e-02,3.463774960000000069e-01,2.995594098839999901e+02,2.024000000000000000e+03,1.100000000000000000e+01,1.400000000000000000e+01,1.400000000000000000e+01,3.900000000000000000e+01,6.346083000000000141e+00
4.000651337467999724e+01,-8.303727772450000089e+01,1.053199999999999914e+00,-2.301299999999999901e+00,-1.016200370475680126e+00,2.109462947898600171e-01,7.814653908587999853e-02,-4.349415100000000173e-02,3.077118110000000017e-01,2.986109195349999936e+02,2.024000000000000000e+03,1.100000000000000000e+01,1.400000000000000000e+01,1.400000000000000000e+01,3.900000000000000000e+01,6.405205999999999733e+00
4.000651384361999874e+01,-8.303727907949000553e+01,1.034399999999999986e+00,-2.315999999999999837e+00,-8.688465218371200782e-01,1.849409927382600072e-01,-4.859509021473999713e-02,-4.182764299999999769e-02,2.866853149999999961e-01,2.978281183789999886e+02,2.024000000000000000e+03,1.100000000000000000e+01,1.400000000000000000e+01,1.400000000000000000e+01,3.900000000000000000e+01,6.463052000000000241e+00
4.000651430205999759e+01,-8.303728044519999685e+01,1.006399999999999961e+00,-2.337200000000000166e+00,-1.325337956290260077e+00,2.325966875117799759e-01,-1.814174938053999750e-02,-2.209478900000000010e-02,2.742075259999999792e-01,2.970528439889999959e+02,2.024000000000000000e+03,1.100000000000000000e+01,1.400000000000000000e+01,1.400000000000000000e+01,3.900000000000000000e+01,6.521145999999999887e+00
4.000651492368999840e+01,-8.303728237878000584e+01,9.709999999999999742e-01,-2.368399999999999839e+00,-1.190963124496080106e+00,3.376166931291399997e-01,4.717529596891999882e-02,-6.574098999999999915e-03,2.599321609999999949e-01,2.959684678649999796e+02,2.024000000000000000e+03,1.100000000000000000e+01,1.400000000000000000e+01,1.400000000000000000e+01,3.900000000000000000e+01,6.579288000000000025e+00
4.000651543824999834e+01,-8.303728405469999529e+01,9.354000000000000092e-01,-2.391399999999999970e+00,-1.456626888795719887e+00,1.464698810091999981e-01,-2.118197969336000144e-02,1.992918299999999962e-02,2.492923950000000000e-01,2.950422588970000106e+02,2.024000000000000000e+03,1.100000000000000000e+01,1.400000000000000000e+01,1.400000000000000000e+01,3.900000000000000000e+01,6.637690000000000090e+00
4.000651593234999837e+01,-8.303728574730999412e+01,8.948000000000000398e-01,-2.417899999999999938e+00,-1.693745196701040179e+00,2.752958631297199865e-01,-7.939849920079999901e-02,3.813073200000000051e-02,2.532708340000000002e-01,2.941156333490000065e+02,2.024000000000000000e+03,1.100000000000000000e+01,1.400000000000000000e+01,1.400000000000000000e+01,3.900000000000000000e+01,6.696463999999999750e+00
4.000651640409999743e+01,-8.303728746186000365e+01,8.531999999999999584e-01,-2.451499999999999790e+00,-1.721822087456899908e+00,4.288651469354800017e-01,-1.413757198950399974e-01,3.015894200000000108e-02,2.515156809999999910e-01,2.931904566459999728e+02,2.024000000000000000e+03,1.100000000000000000e+01,1.400000000000000000e+01,1.400000000000000000e+01,3.900000000000000000e+01,6.755449999999999733e+00
4.000651678089000285e+01,-8.303728890643999705e+01,8.209999999999999520e-01,-2.473500000000000032e+00,-1.605604916596079956e+00,2.990264245259399711e-01,-1.203540391012599964e-01,1.205651699999999923e-02,2.434457409999999933e-01,2.924225946010000143e+02,2.024000000000000000e+03,1.100000000000000000e+01,1.400000000000000000e+01,1.400000000000000000e+01,3.900000000000000000e+01,6.814535000000000231e+00
4.000651728150999986e+01,-8.303729094777999364e+01,7.722999999999999865e-01,-2.496100000000000207e+00,-1.383510850237160028e+00,5.914589982171999938e-02,2.464143948025999953e-02,-3.085341700000000104e-02,2.447888099999999956e-01,2.913630147380000039e+02,2.024000000000000000e+03,1.100000000000000000e+01,1.400000000000000000e+01,1.400000000000000000e+01,3.900000000000000000e+01,6.872714000000000212e+00
4.000651762252000054e+01,-8.303729241572000319e+01,7.462999999999999634e-01,-2.508399999999999963e+00,-1.072115390473920016e+00,9.615184542958001013e-02,8.998230585494000622e-02,-5.903263799999999839e-02,2.654248949999999940e-01,2.906214632069999766e+02,2.024000000000000000e+03,1.100000000000000000e+01,1.400000000000000000e+01,1.400000000000000000e+01,3.900000000000000000e+01,6.931771000000000349e+00
4.000651801875000046e+01,-8.303729419091000352e+01,7.223000000000000531e-01,-2.535499999999999865e+00,-1.049705705975620074e+00,5.930278053501799596e-01,4.012682026768000371e-02,-8.068186800000000380e-02,2.913620219999999983e-01,2.897484440900000209e+02,2.024000000000000000e+03,1.100000000000000000e+01,1.400000000000000000e+01,1.400000000000000000e+01,3.900000000000000000e+01,6.990285000000000082e+00
4.000651814758000313e+01,-8.303729478729999869e+01,7.122000000000000552e-01,-2.546600000000000197e+00,-1.206038321686920156e+00,6.619343650862800077e-01,4.286247061879999362e-03,-8.842347400000000190e-02,2.933798260000000102e-01,2.894611278269999843e+02,2.024000000000000000e+03,1.100000000000000000e+01,1.400000000000000000e+01,1.400000000000000000e+01,3.900000000000000000e+01,7.050418999999999770e+00
4.000651858538999761e+01,-8.303729689090999955e+01,6.794999999999999929e-01,-2.575800000000000090e+00,-1.107834917189340018e+00,4.475323584044200165e-01,8.524202008133999198e-02,-1.265674880000000058e-01,2.681593669999999818e-01,2.884716115360000117e+02,2.024000000000000000e+03,1.100000000000000000e+01,1.400000000000000000e+01,1.400000000000000000e+01,3.900000000000000000e+01,7.109587999999999575e+00
4.000651900401999939e+01,-8.303729901046999373e+01,6.503999999999999782e-01,-2.587099999999999955e+00,-8.189893970118600208e-01,-9.761756135940000481e-03,-8.324935923894000167e-02,-1.474355380000000049e-01,2.298818009999999967e-01,2.875019573690000243e+02,2.024000000000000000e+03,1.100000000000000000e+01,1.400000000000000000e+01,1.400000000000000000e+01,3.900000000000000000e+01,7.168271999999999977e+00
4.000651923566000079e+01,-8.303730022246999454e+01,6.330999999999999961e-01,-2.590100000000000069e+00,-8.933051725888799810e-01,-8.478235876706000096e-02,-4.948638003402000551e-02,-1.363176959999999882e-01,2.198967320000000114e-01,2.869549784129999921e+02,2.024000000000000000e+03,1.100000000000000000e+01,1.400000000000000000e+01,1.400000000000000000e+01,3.900000000000000000e+01,7.226131999999999778e+00
4.000651978239999806e+01,-8.303730326673000661e+01,5.752000000000000446e-01,-2.613500000000000156e+00,-1.374251075019339963e+00,2.177072044679399798e-01,-1.355864484357999777e-01,-1.091708619999999935e-01,2.230684699999999909e-01,2.855992488480000020e+02,2.024000000000000000e+03,1.100000000000000000e+01,1.400000000000000000e+01,1.400000000000000000e+01,3.900000000000000000e+01,7.288114000000000203e+00
4.000652008824999939e+01,-8.303730510965999656e+01,5.503000000000000114e-01,-2.633700000000000152e+00,-1.061807633553480068e+00,3.986536027315200070e-01,-6.513937486335999449e-02,-9.988081299999999885e-02,2.133511200000000052e-01,2.847970261250000021e+02,2.024000000000000000e+03,1.100000000000000000e+01,1.400000000000000000e+01,1.400000000000000000e+01,3.900000000000000000e+01,7.346498999999999668e+00
4.000652037556000096e+01,-8.303730696470999817e+01,5.094999999999999529e-01,-2.648099999999999898e+00,-1.439479491304660019e+00,1.024534760216999907e-01,-1.565334870654800092e-01,-8.386299699999999469e-02,1.955819410000000091e-01,2.840187250779999886e+02,2.024000000000000000e+03,1.100000000000000000e+01,1.400000000000000000e+01,1.400000000000000000e+01,3.900000000000000000e+01,7.405382999999999605e+00
4.000652059690000328e+01,-8.303730851720000317e+01,4.742000000000000104e-01,-2.656200000000000117e+00,-1.310263682640399940e+00,4.022997331439999956e-03,-2.641687284947999773e-02,-8.493383100000000130e-02,1.963801480000000044e-01,2.833901742099999979e+02,2.024000000000000000e+03,1.100000000000000000e+01,1.400000000000000000e+01,1.400000000000000000e+01,3.900000000000000000e+01,7.464064999999999728e+00
4.000652080482999651e+01,-8.303731007388999785e+01,4.456999999999999851e-01,-2.663199999999999790e+00,-1.178023899046599876e+00,3.103865855682000005e-02,-3.865303726377999904e-02,-9.075811300000000137e-02,2.110771489999999917e-01,2.827733234290000155e+02,2.024000000000000000e+03,1.100000000000000000e+01,1.400000000000000000e+01,1.400000000000000000e+01,3.900000000000000000e+01,7.522110999999999770e+00
4.000652107338999741e+01,-8.303731226547999711e+01,4.050000000000000266e-01,-2.685099999999999820e+00,-1.159651161717619949e+00,3.946029228696800173e-01,3.744611169379399862e-01,-1.247972130000000041e-01,2.266343100000000055e-01,2.819223964750000277e+02,2.024000000000000000e+03,1.100000000000000000e+01,1.400000000000000000e+01,1.400000000000000000e+01,3.900000000000000000e+01,7.582639000000000351e+00
4.000652131820000079e+01,-8.303731447465000315e+01,3.709999999999999964e-01,-2.704699999999999882e+00,-1.000721171978300017e+00,3.220598716469599831e-01,1.572537126585400180e-01,-1.783254750000000111e-01,2.084631929999999911e-01,2.810895064840000259e+02,2.024000000000000000e+03,1.100000000000000000e+01,1.400000000000000000e+01,1.400000000000000000e+01,3.900000000000000000e+01,7.645116999999999940e+00
4.000652151418999836e+01,-8.303731637794000164e+01,3.483999999999999875e-01,-2.714599999999999902e+00,-9.207339579949399555e-01,1.757613292855599862e-01,8.655213571714000242e-02,-2.096742149999999971e-01,1.853827409999999898e-01,2.804066123499999890e+02,2.024000000000000000e+03,1.100000000000000000e+01,1.400000000000000000e+01,1.400000000000000000e+01,3.900000000000000000e+01,7.707114999999999938e+00
4.000652166692000122e+01,-8.303731796882999561e+01,3.247999999999999776e-01,-2.721499999999999808e+00,-1.052929827716519995e+00,1.211099589844400054e-01,-4.227673197862000243e-02,-2.305987790000000037e-01,1.711251779999999889e-01,2.798715718440000160e+02,2.024000000000000000e+03,1.100000000000000000e+01,1.400000000000000000e+01,1.400000000000000000e+01,3.900000000000000000e+01,7.766401000000000110e+00
4.000652186364000329e+01,-8.303732020552000392e+01,2.970999999999999752e-01,-2.737000000000000099e+00,-7.831566519976599361e-01,3.370198162542999976e-01,-3.265217132001999728e-02,-2.751158719999999835e-01,1.553226450000000092e-01,2.791759956320000242e+02,2.024000000000000000e+03,1.100000000000000000e+01,1.400000000000000000e+01,1.400000000000000000e+01,3.900000000000000000e+01,7.825365999999999822e+00
4.000652202135000124e+01,-8.303732213367999293e+01,2.857000000000000095e-01,-2.751399999999999846e+00,-3.080420719538000118e-01,3.861123126692599938e-01,-2.937341223587999761e-02,-3.200191960000000058e-01,1.259411870000000100e-01,2.786198287820000132e+02,2.024000000000000000e+03,1.100000000000000000e+01,1.400000000000000000e+01,1.400000000000000000e+01,3.900000000000000000e+01,7.883941000000000088e+00
4.000652215006000034e+01,-8.303732374624000556e+01,2.854999999999999760e-01,-2.757499999999999840e+00,7.550725869780000599e-02,2.462187382990999873e-01,3.824720706938000009e-02,-3.327796499999999824e-01,9.470884400000000036e-02,2.781770348850000119e+02,2.024000000000000000e+03,1.100000000000000000e+01,1.400000000000000000e+01,1.400000000000000000e+01,3.900000000000000000e+01,7.942686000000000135e+00
4.000652230056999770e+01,-8.303732568501000344e+01,2.706000000000000072e-01,-2.761899999999999800e+00,-4.680224346185199447e-01,6.193457599985999207e-02,-1.357176417391200152e-01,-3.326241300000000178e-01,6.552157499999999857e-02,2.776730350039999848e+02,2.024000000000000000e+03,1.100000000000000000e+01,1.400000000000000000e+01,1.400000000000000000e+01,3.900000000000000000e+01,8.001139000000000223e+00
4.000652232473999703e+01,-8.303732600838000621e+01,2.662999999999999812e-01,-2.762300000000000200e+00,-5.975301908421200014e-01,3.862970502713999887e-02,-2.535476510634199765e-01,-3.321234829999999971e-01,6.262421299999999802e-02,2.775920723390000262e+02,2.024000000000000000e+03,1.100000000000000000e+01,1.400000000000000000e+01,1.400000000000000000e+01,3.900000000000000000e+01,8.059601999999999933e+00
4.000652246644000343e+01,-8.303732795125000621e+01,2.526999999999999802e-01,-2.769899999999999807e+00,-5.760730611993200023e-01,2.169159917388000236e-01,-2.364522113434599782e-01,-3.289061739999999956e-01,5.768879500000000105e-02,2.771298143889999892e+02,2.024000000000000000e+03,1.100000000000000000e+01,1.400000000000000000e+01,1.400000000000000000e+01,3.900000000000000000e+01,8.119111999999999441e+00
4.000652262354999777e+01,-8.303733022558999721e+01,2.409000000000000030e-01,-2.780899999999999928e+00,-4.008339051854200030e-01,2.524200734537200286e-01,-6.670871356949999165e-02,-3.078101569999999731e-01,5.207247100000000212e-02,2.766361547999999857e+02,2.024000000000000000e+03,1.100000000000000000e+01,1.400000000000000000e+01,1.400000000000000000e+01,3.900000000000000000e+01,8.178067000000000419e+00
4.000652272719000280e+01,-8.303733185359999425e+01,2.235000000000000042e-01,-2.789800000000000058e+00,-6.532864641529599892e-01,2.958154863003399915e-01,2.261079502299999724e-02,-2.894404409999999928e-01,5.029116799999999721e-02,2.763073881729999925e+02,2.024000000000000000e+03,1.100000000000000000e+01,1.400000000000000000e+01,1.400000000000000000e+01,3.900000000000000000e+01,8.239492999999999512e+00
4.000652292787000164e+01,-8.303733545273000516e+01,1.857999999999999929e-01,-2.806599999999999984e+00,-5.975215227965799958e-01,1.898805680091600057e-01,1.884015346917199962e-01,-3.051015300000000097e-01,4.691190700000000269e-02,2.756352539900000238e+02,2.024000000000000000e+03,1.100000000000000000e+01,1.400000000000000000e+01,1.400000000000000000e+01,3.900000000000000000e+01,8.299851000000000312e+00
4.000652302662999915e+01,-8.303733742436000398e+01,1.809000000000000052e-01,-2.814200000000000035e+00,-1.960055605875399842e-01,2.175979533304799873e-01,7.795918320965999904e-02,-3.151950359999999840e-01,4.735968599999999806e-02,2.753077330739999979e+02,2.024000000000000000e+03,1.100000000000000000e+01,1.400000000000000000e+01,1.400000000000000000e+01,3.900000000000000000e+01,8.361007999999999996e+00
4.000652312089999896e+01,-8.303733939948000398e+01,1.688000000000000056e-01,-2.818299999999999805e+00,-4.739157642292999850e-01,1.498094463568200030e-01,5.024086207002000093e-02,-3.075252720000000162e-01,5.401647200000000287e-02,2.750170397350000258e+02,2.024000000000000000e+03,1.100000000000000000e+01,1.400000000000000000e+01,1.400000000000000000e+01,3.900000000000000000e+01,8.424554000000000542e+00
4.000652322495000135e+01,-8.303734170955999616e+01,1.650999999999999968e-01,-2.826600000000000001e+00,2.985973993560000171e-03,2.464762327810799958e-01,-5.410690663427999980e-02,-3.134839850000000205e-01,6.808307099999999501e-02,2.747136470340000187e+02,2.024000000000000000e+03,1.100000000000000000e+01,1.400000000000000000e+01,1.400000000000000000e+01,3.900000000000000000e+01,8.486143999999999465e+00
4.000652331156000230e+01,-8.303734369676000426e+01,1.585000000000000020e-01,-2.837899999999999867e+00,-1.857659288377599971e-01,3.611346949061399747e-01,3.558010243615999935e-02,-3.150163109999999933e-01,7.163281500000000246e-02,2.744749723940000194e+02,2.024000000000000000e+03,1.100000000000000000e+01,1.400000000000000000e+01,1.400000000000000000e+01,3.900000000000000000e+01,8.546564999999999301e+00
4.000652339383999845e+01,-8.303734569040000224e+01,1.491000000000000103e-01,-2.845200000000000173e+00,-2.724001617587200053e-01,2.046163386468599910e-01,-4.699707987834000206e-02,-3.192905030000000033e-01,6.485932199999999703e-02,2.742503938959999914e+02,2.024000000000000000e+03,1.100000000000000000e+01,1.400000000000000000e+01,1.400000000000000000e+01,3.900000000000000000e+01,8.605235000000000412e+00
4.000652345788000019e+01,-8.303734735516999876e+01,1.388999999999999957e-01,-2.849800000000000111e+00,-3.368415016103999959e-01,1.633176159526800175e-01,-1.591857051132000156e-01,-3.276272900000000154e-01,6.323675800000000402e-02,2.740740305150000040e+02,2.024000000000000000e+03,1.100000000000000000e+01,1.400000000000000000e+01,1.400000000000000000e+01,3.900000000000000000e+01,8.662222999999999118e+00
4.000652353096000269e+01,-8.303734935752000013e+01,1.327000000000000124e-01,-2.856899999999999995e+00,-2.078687752919999854e-01,2.164967025518600152e-01,6.162998349833999356e-02,-3.366588580000000053e-01,6.425269499999999856e-02,2.738767311610000093e+02,2.024000000000000000e+03,1.100000000000000000e+01,1.400000000000000000e+01,1.400000000000000000e+01,3.900000000000000000e+01,8.720717999999999748e+00
4.000652358727000291e+01,-8.303735102816000335e+01,1.202000000000000013e-01,-2.858200000000000074e+00,-4.737190515090399789e-01,6.633843652731999385e-02,1.633072731307999917e-02,-3.532758570000000264e-01,7.060991599999999480e-02,2.737283499260000212e+02,2.024000000000000000e+03,1.100000000000000000e+01,1.400000000000000000e+01,1.400000000000000000e+01,3.900000000000000000e+01,8.780072999999999794e+00
4.000652366037000007e+01,-8.303735336905999986e+01,1.136999999999999955e-01,-2.860899999999999999e+00,-1.394540481363399920e-01,9.461299979564000151e-02,-9.421379077543999558e-02,-3.956471449999999779e-01,9.718406899999999793e-02,2.735524450699999761e+02,2.024000000000000000e+03,1.100000000000000000e+01,1.400000000000000000e+01,1.400000000000000000e+01,3.900000000000000000e+01,8.840884000000000853e+00
4.000652372230000253e+01,-8.303735537722999993e+01,1.168000000000000010e-01,-2.862499999999999822e+00,1.323385288155400075e-01,7.534839672318000003e-02,-1.414324646198200086e-01,-4.193632259999999778e-01,1.349688370000000082e-01,2.734369638090000194e+02,2.024000000000000000e+03,1.100000000000000000e+01,1.400000000000000000e+01,1.400000000000000000e+01,3.900000000000000000e+01,8.900206999999999979e+00
4.000652378464000236e+01,-8.303735738894999940e+01,1.129000000000000004e-01,-2.870600000000000041e+00,-2.462735783404999823e-01,2.860111756179199993e-01,1.436328495907399916e-01,-4.320325019999999849e-01,1.754747000000000112e-01,2.733519160789999773e+02,2.024000000000000000e+03,1.100000000000000000e+01,1.400000000000000000e+01,1.400000000000000000e+01,3.900000000000000000e+01,8.961116999999999777e+00
4.000652383586999861e+01,-8.303735907035000707e+01,1.160999999999999949e-01,-2.878400000000000070e+00,1.474526980985200186e-01,3.038261833754200003e-01,2.572508551952000164e-02,-4.588346959999999863e-01,2.007335219999999976e-01,2.732965859450000039e+02,2.024000000000000000e+03,1.100000000000000000e+01,1.400000000000000000e+01,1.400000000000000000e+01,3.900000000000000000e+01,9.020979999999999777e+00
4.000652384647000304e+01,-8.303735940709999852e+01,1.180999999999999966e-01,-2.879599999999999937e+00,2.162497187002599686e-01,2.843747008613199956e-01,1.841719056295999801e-02,-4.635393660000000082e-01,2.059172569999999924e-01,2.732868691539999872e+02,2.024000000000000000e+03,1.100000000000000000e+01,1.400000000000000000e+01,1.400000000000000000e+01,3.900000000000000000e+01,9.079211000000000809e+00
4.000652392527999979e+01,-8.303736176843000294e+01,1.308999999999999886e-01,-2.887300000000000200e+00,3.267207144321999657e-01,2.155225925742000059e-01,1.404361835764599831e-01,-4.733364760000000060e-01,2.304914289999999977e-01,2.732388271130000135e+02,2.024000000000000000e+03,1.100000000000000000e+01,1.400000000000000000e+01,1.400000000000000000e+01,3.900000000000000000e+01,9.137968000000000757e+00
4.000652400957000054e+01,-8.303736413456999799e+01,1.351999999999999869e-01,-2.891099999999999781e+00,7.284320639950001008e-02,1.194307309270599970e-01,-8.736039910850000589e-02,-4.736282439999999760e-01,2.592847030000000053e-01,2.732257281820000117e+02,2.024000000000000000e+03,1.100000000000000000e+01,1.400000000000000000e+01,1.400000000000000000e+01,3.900000000000000000e+01,9.199759000000000242e+00
4.000652408412000227e+01,-8.303736616848000551e+01,1.370000000000000107e-01,-2.901100000000000012e+00,2.541914460094000031e-02,3.529139894087400253e-01,4.091823765606000113e-02,-4.810105619999999749e-01,2.846941159999999971e-01,2.732442004440000005e+02,2.024000000000000000e+03,1.100000000000000000e+01,1.400000000000000000e+01,1.400000000000000000e+01,3.900000000000000000e+01,9.259415000000000617e+00
4.000652422022000110e+01,-8.303736957281999764e+01,1.580000000000000016e-01,-2.914600000000000080e+00,2.510081471687000132e-01,2.350494002342799760e-01,1.827719387989399924e-01,-4.705462559999999961e-01,2.938277670000000175e-01,2.733072591979999970e+02,2.024000000000000000e+03,1.100000000000000000e+01,1.400000000000000000e+01,1.400000000000000000e+01,3.900000000000000000e+01,9.318130000000000024e+00
4.000652430878000132e+01,-8.303737162106000369e+01,1.661999999999999866e-01,-2.918800000000000061e+00,2.639025923306199672e-01,1.740486905815999963e-01,1.932295023287399771e-01,-4.516477139999999779e-01,2.916219210000000062e-01,2.733477229339999894e+02,2.024000000000000000e+03,1.100000000000000000e+01,1.400000000000000000e+01,1.400000000000000000e+01,3.900000000000000000e+01,9.380019000000000773e+00
4.000652440180000013e+01,-8.303737367416999859e+01,1.721999999999999920e-01,-2.927799999999999958e+00,9.800803354450000893e-02,3.249378869378999890e-01,-6.714719926979999774e-03,-4.207669549999999981e-01,2.874698210000000143e-01,2.733884538529999872e+02,2.024000000000000000e+03,1.100000000000000000e+01,1.400000000000000000e+01,1.400000000000000000e+01,3.900000000000000000e+01,9.439882000000000772e+00
4.000652449625000173e+01,-8.303737573355999757e+01,1.739999999999999880e-01,-2.935700000000000198e+00,3.805275620181999829e-02,2.411051546612800189e-01,-1.633532193831999935e-01,-3.871784289999999906e-01,2.708200419999999831e-01,2.734306380379999837e+02,2.024000000000000000e+03,1.100000000000000000e+01,1.400000000000000000e+01,1.400000000000000000e+01,3.900000000000000000e+01,9.501208999999999349e+00
4.000652458842999692e+01,-8.303737779758000670e+01,1.640000000000000069e-01,-2.941300000000000026e+00,-3.620568752566399873e-01,1.414239075094199938e-01,-2.276492178867199900e-01,-3.634422079999999888e-01,2.565486539999999871e-01,2.734702759339999716e+02,2.024000000000000000e+03,1.100000000000000000e+01,1.400000000000000000e+01,1.400000000000000000e+01,3.900000000000000000e+01,9.564066999999999652e+00
4.000652467409999957e+01,-8.303737986475999833e+01,1.514000000000000068e-01,-2.946200000000000152e+00,-3.747228896386000097e-01,1.860760570907200040e-01,-1.881666777306799931e-01,-3.694626759999999899e-01,2.554848610000000075e-01,2.735061141780000185e+02,2.024000000000000000e+03,1.100000000000000000e+01,1.400000000000000000e+01,1.400000000000000000e+01,3.900000000000000000e+01,9.623561999999999728e+00
4.000652476725999662e+01,-8.303738228532000676e+01,1.446999999999999953e-01,-2.961899999999999977e+00,-1.620339753609199851e-01,4.389099616204200083e-01,1.944130002179799976e-01,-4.045890209999999931e-01,2.434684119999999952e-01,2.735454461030000175e+02,2.024000000000000000e+03,1.100000000000000000e+01,1.400000000000000000e+01,1.400000000000000000e+01,3.900000000000000000e+01,9.683109999999999218e+00
4.000652484841000245e+01,-8.303738436947999446e+01,1.499999999999999944e-01,-2.971999999999999975e+00,9.227301674663999920e-02,3.149006478498599937e-01,1.474311869656800000e-01,-4.197889730000000097e-01,2.098402099999999992e-01,2.735807154330000230e+02,2.024000000000000000e+03,1.100000000000000000e+01,1.400000000000000000e+01,1.400000000000000000e+01,3.900000000000000000e+01,9.746603000000000350e+00
4.000652493297999968e+01,-8.303738646013999869e+01,1.585000000000000020e-01,-2.980100000000000193e+00,2.444863613909599998e-01,2.689530990841799696e-01,2.162187846924999990e-01,-4.299344030000000205e-01,1.688814979999999910e-01,2.736185320359999764e+02,2.024000000000000000e+03,1.100000000000000000e+01,1.400000000000000000e+01,1.400000000000000000e+01,3.900000000000000000e+01,9.806513999999999953e+00
4.000652502254000353e+01,-8.303738855541999442e+01,1.693000000000000060e-01,-2.984700000000000131e+00,3.532062723903000023e-01,1.248882027697000019e-01,6.830028555151999858e-02,-4.352126740000000216e-01,1.217910620000000055e-01,2.736564073700000108e+02,2.024000000000000000e+03,1.100000000000000000e+01,1.400000000000000000e+01,1.400000000000000000e+01,3.900000000000000000e+01,9.865584999999999383e+00
4.000652511788999988e+01,-8.303739065132999997e+01,1.804000000000000048e-01,-2.982299999999999951e+00,3.854612981381200232e-01,-8.357495478264000133e-02,1.478257204712000138e-02,-4.272803090000000248e-01,8.053897299999999981e-02,2.736917342290000192e+02,2.024000000000000000e+03,1.100000000000000000e+01,1.400000000000000000e+01,1.400000000000000000e+01,3.900000000000000000e+01,9.927046999999999954e+00
4.000652521882999935e+01,-8.303739274567000450e+01,1.890999999999999903e-01,-2.980799999999999894e+00,2.780858184857399884e-01,-2.605364131494000007e-02,-1.774475638520000079e-02,-4.007254740000000259e-01,5.199497599999999831e-02,2.737194607339999948e+02,2.024000000000000000e+03,1.100000000000000000e+01,1.400000000000000000e+01,1.400000000000000000e+01,3.900000000000000000e+01,9.986719000000000790e+00
4.000652525305999774e+01,-8.303739344385999743e+01,1.892999999999999960e-01,-2.981599999999999806e+00,1.175285924415800098e-01,2.313075448428000142e-02,5.097961889178000139e-02,-3.869630310000000128e-01,4.447075799999999912e-02,2.737268623040000080e+02,2.024000000000000000e+03,1.100000000000000000e+01,1.400000000000000000e+01,1.400000000000000000e+01,3.900000000000000000e+01,1.004627699999999990e+01
4.000652530547999675e+01,-8.303739449127000682e+01,1.933999999999999886e-01,-2.982200000000000184e+00,1.944755658201199888e-01,4.676325641687999884e-02,8.657735781959999960e-03,-3.692906610000000200e-01,2.959892000000000079e-02,2.737358777090000217e+02,2.024000000000000000e+03,1.100000000000000000e+01,1.400000000000000000e+01,1.400000000000000000e+01,3.900000000000000000e+01,1.010522699999999929e+01
4.000652544007999722e+01,-8.303739728166999612e+01,1.759999999999999898e-01,-2.978600000000000136e+00,-5.224518745113200247e-01,-1.124330001316600075e-01,-8.870756987340000163e-03,-3.372706670000000240e-01,-8.852614999999999443e-03,2.737586361570000122e+02,2.024000000000000000e+03,1.100000000000000000e+01,1.400000000000000000e+01,1.400000000000000000e+01,3.900000000000000000e+01,1.016284500000000079e+01
4.000652552095999681e+01,-8.303739902662999839e+01,1.688000000000000056e-01,-2.972399999999999931e+00,-2.582807182550400094e-01,-2.417942406067599970e-01,-1.447242205869000153e-01,-3.457487340000000020e-01,-2.677712000000000148e-02,2.737761321579999958e+02,2.024000000000000000e+03,1.100000000000000000e+01,1.400000000000000000e+01,1.400000000000000000e+01,3.900000000000000000e+01,1.021864799999999995e+01
4.000652561676999852e+01,-8.303740111442000682e+01,1.670999999999999985e-01,-2.961500000000000021e+00,-4.317032034806000257e-02,-3.275085110972399960e-01,-1.593169176015200028e-01,-3.494329400000000252e-01,-3.681940400000000002e-02,2.738019873060000009e+02,2.024000000000000000e+03,1.100000000000000000e+01,1.400000000000000000e+01,1.400000000000000000e+01,3.900000000000000000e+01,1.027696399999999954e+01
4.000652577267000254e+01,-8.303740457963999688e+01,1.607999999999999985e-01,-2.946800000000000086e+00,-1.300411769837400144e-01,-3.003899654323600177e-01,-5.918184770888000601e-02,-3.619860260000000163e-01,-3.104968599999999995e-02,2.738436968469999897e+02,2.024000000000000000e+03,1.100000000000000000e+01,1.400000000000000000e+01,1.400000000000000000e+01,3.900000000000000000e+01,1.033731900000000081e+01
4.000652588394000020e+01,-8.303740699748000509e+01,1.733999999999999986e-01,-2.940599999999999881e+00,3.641632638107200060e-01,-2.332020002054999985e-01,4.684951500187999746e-02,-3.765917859999999839e-01,-2.302502400000000157e-02,2.738637210879999770e+02,2.024000000000000000e+03,1.100000000000000000e+01,1.400000000000000000e+01,1.400000000000000000e+01,3.900000000000000000e+01,1.039816899999999933e+01
4.000652598125999759e+01,-8.303740906279000455e+01,1.721999999999999920e-01,-2.929499999999999993e+00,5.100496362187999927e-02,-3.484074183546799763e-01,-1.188812627403000033e-01,-3.806643200000000005e-01,-8.918051999999999230e-03,2.738783836380000025e+02,2.024000000000000000e+03,1.100000000000000000e+01,1.400000000000000000e+01,1.400000000000000000e+01,3.900000000000000000e+01,1.045913999999999966e+01
4.000652606277999723e+01,-8.303741077876999555e+01,1.756000000000000061e-01,-2.922899999999999832e+00,2.306753791191600012e-01,-2.360305269310599974e-01,-1.427975939621999868e-01,-3.874931460000000105e-01,1.380548799999999944e-02,2.738925981990000196e+02,2.024000000000000000e+03,1.100000000000000000e+01,1.400000000000000000e+01,1.400000000000000000e+01,3.900000000000000000e+01,1.052014199999999988e+01
4.000652618170000352e+01,-8.303741317601000560e+01,1.859000000000000097e-01,-2.916300000000000114e+00,2.856630109716399857e-01,-1.830351144350799986e-01,-2.731735591468800184e-01,-3.690623829999999939e-01,4.067439300000000313e-02,2.739160828830000014e+02,2.024000000000000000e+03,1.100000000000000000e+01,1.400000000000000000e+01,1.400000000000000000e+01,3.900000000000000000e+01,1.058107200000000070e+01
4.000652630697000234e+01,-8.303741556558000525e+01,1.935999999999999943e-01,-2.905499999999999972e+00,1.839157921202199952e-01,-2.786865811825600114e-01,2.341309544579999943e-02,-3.237037890000000195e-01,7.147761099999999646e-02,2.739366473129999804e+02,2.024000000000000000e+03,1.100000000000000000e+01,1.400000000000000000e+01,1.400000000000000000e+01,3.900000000000000000e+01,1.064257399999999976e+01
4.000652641234999862e+01,-8.303741760788000192e+01,1.844999999999999973e-01,-2.899300000000000210e+00,-1.543408950877200037e-01,-2.049422876905399871e-01,2.475515562837999825e-02,-3.110843180000000263e-01,1.086184919999999970e-01,2.739466415009999878e+02,2.024000000000000000e+03,1.100000000000000000e+01,1.400000000000000000e+01,1.400000000000000000e+01,3.900000000000000000e+01,1.070452399999999926e+01
4.000652649674999850e+01,-8.303741930872000410e+01,1.792999999999999872e-01,-2.900999999999999801e+00,-7.358275021001998983e-02,4.046374419786000209e-02,8.045044427630000661e-02,-3.187789759999999917e-01,1.348477479999999895e-01,2.739507913799999983e+02,2.024000000000000000e+03,1.100000000000000000e+01,1.400000000000000000e+01,1.400000000000000000e+01,3.900000000000000000e+01,1.076389299999999949e+01
4.000652657930999823e+01,-8.303742101027999922e+01,1.764000000000000012e-01,-2.901699999999999946e+00,1.983502388418000029e-02,-4.266592683780000110e-03,1.542881364889600038e-01,-3.234986269999999831e-01,1.444165880000000124e-01,2.739550380750000045e+02,2.024000000000000000e+03,1.100000000000000000e+01,1.400000000000000000e+01,1.400000000000000000e+01,3.900000000000000000e+01,1.082298600000000022e+01
4.000652670995000193e+01,-8.303742372678000550e+01,1.721000000000000030e-01,-2.888900000000000023e+00,-9.706853374476000218e-02,-3.361631595231999725e-01,8.198961608662000411e-02,-3.152680330000000031e-01,1.599312260000000097e-01,2.739682792890000087e+02,2.024000000000000000e+03,1.100000000000000000e+01,1.400000000000000000e+01,1.400000000000000000e+01,3.900000000000000000e+01,1.088471799999999945e+01
4.000652680799999672e+01,-8.303742575485000543e+01,1.749999999999999889e-01,-2.877699999999999925e+00,-1.553629505378000160e-02,-3.819109279342200458e-01,-1.125734876112199911e-01,-3.104493600000000075e-01,1.952064199999999916e-01,2.739818455149999750e+02,2.024000000000000000e+03,1.100000000000000000e+01,1.400000000000000000e+01,1.400000000000000000e+01,3.900000000000000000e+01,1.094322999999999979e+01
4.000652690626999686e+01,-8.303742778005999980e+01,1.756999999999999951e-01,-2.878000000000000114e+00,6.802137085925999416e-02,-1.051276843030000095e-02,3.185525744911199553e-01,-3.171060529999999988e-01,2.219465330000000014e-01,2.739989729249999755e+02,2.024000000000000000e+03,1.100000000000000000e+01,1.400000000000000000e+01,1.400000000000000000e+01,3.900000000000000000e+01,1.100432699999999997e+01
4.000652692287000178e+01,-8.303742811752999842e+01,1.773000000000000131e-01,-2.878099999999999881e+00,1.800654328789599856e-01,5.806558548980000206e-03,2.986895290799799763e-01,-3.212764850000000005e-01,2.246093720000000016e-01,2.740019103669999936e+02,2.024000000000000000e+03,1.100000000000000000e+01,1.400000000000000000e+01,1.400000000000000000e+01,3.900000000000000000e+01,1.106258599999999959e+01
4.000652700653999716e+01,-8.303742980475999502e+01,1.837999999999999912e-01,-2.876999999999999780e+00,2.678661075849400053e-01,-1.279015027296000022e-02,1.361796273963200021e-01,-3.204087019999999897e-01,2.276209750000000032e-01,2.740181111809999948e+02,2.024000000000000000e+03,1.100000000000000000e+01,1.400000000000000000e+01,1.400000000000000000e+01,3.900000000000000000e+01,1.112230600000000003e+01
4.000652715889999911e+01,-8.303743283382000584e+01,1.807999999999999885e-01,-2.862800000000000011e+00,-2.540696889442000186e-02,-3.633981211785800025e-01,-3.112499932117999968e-02,-3.076866469999999798e-01,2.298393059999999932e-01,2.740409498120000080e+02,2.024000000000000000e+03,1.100000000000000000e+01,1.400000000000000000e+01,1.400000000000000000e+01,3.900000000000000000e+01,1.118149700000000024e+01
4.000652724254000248e+01,-8.303743451156999811e+01,1.829000000000000070e-01,-2.859900000000000109e+00,1.334134522262999945e-01,-1.262868684330200053e-01,9.829941975920001088e-03,-3.068145460000000213e-01,2.366725970000000123e-01,2.740511534070000152e+02,2.024000000000000000e+03,1.100000000000000000e+01,1.400000000000000000e+01,1.400000000000000000e+01,3.900000000000000000e+01,1.124119999999999919e+01
4.000652739561000004e+01,-8.303743752642000686e+01,1.852999999999999925e-01,-2.852700000000000014e+00,-6.885837332360000319e-03,-1.929280483550400160e-01,-8.561236084324000406e-02,-2.901725459999999757e-01,2.277293559999999939e-01,2.740702364399999738e+02,2.024000000000000000e+03,1.100000000000000000e+01,1.400000000000000000e+01,1.400000000000000000e+01,3.900000000000000000e+01,1.130248500000000078e+01
4.000652749734000224e+01,-8.303743953293999880e+01,1.789000000000000035e-01,-2.850800000000000001e+00,-3.609003452755000230e-01,-1.113151419191199948e-01,1.020003293948600065e-01,-2.821887080000000103e-01,2.113199980000000089e-01,2.740834506570000144e+02,2.024000000000000000e+03,1.100000000000000000e+01,1.400000000000000000e+01,1.400000000000000000e+01,3.900000000000000000e+01,1.136393999999999949e+01
4.000652761480999686e+01,-8.303744186913999670e+01,1.864999999999999991e-01,-2.843300000000000161e+00,1.724375674468799913e-01,-2.090699529947800117e-01,-4.569871194939999909e-02,-2.910128559999999864e-01,1.890185279999999912e-01,2.740917769029999818e+02,2.024000000000000000e+03,1.100000000000000000e+01,1.400000000000000000e+01,1.400000000000000000e+01,3.900000000000000000e+01,1.142539900000000053e+01
4.000652771768000093e+01,-8.303744386901000496e+01,1.897999999999999965e-01,-2.841200000000000170e+00,2.541688615224599879e-01,-1.005391735341599896e-01,-1.902850588787999980e-02,-2.797598829999999870e-01,1.610720130000000139e-01,2.740950335190000260e+02,2.024000000000000000e+03,1.100000000000000000e+01,1.400000000000000000e+01,1.400000000000000000e+01,3.900000000000000000e+01,1.148667999999999978e+01
4.000652782240000249e+01,-8.303744586569999342e+01,1.927000000000000102e-01,-2.834700000000000220e+00,1.991022359572199862e-01,-2.365598701847599905e-01,-4.149885046217999945e-02,-2.591238330000000256e-01,1.267390310000000020e-01,2.740981065679999915e+02,2.024000000000000000e+03,1.100000000000000000e+01,1.400000000000000000e+01,1.400000000000000000e+01,3.900000000000000000e+01,1.154691799999999979e+01
4.000652792982000250e+01,-8.303744785597000089e+01,1.935000000000000053e-01,-2.823199999999999932e+00,-1.304647014922799830e-01,-4.185866627798400241e-01,-1.385219887325599974e-01,-2.254785729999999877e-01,1.022327940000000018e-01,2.741077807010000242e+02,2.024000000000000000e+03,1.100000000000000000e+01,1.400000000000000000e+01,1.400000000000000000e+01,3.900000000000000000e+01,1.160633799999999916e+01
4.000652803223999854e+01,-8.303744983693999870e+01,1.758000000000000118e-01,-2.810200000000000031e+00,-5.899362895480599889e-01,-4.579301413682799748e-01,1.558514327419999960e-03,-2.140052950000000120e-01,1.011422119999999952e-01,2.741298193530000162e+02,2.024000000000000000e+03,1.100000000000000000e+01,1.400000000000000000e+01,1.400000000000000000e+01,3.900000000000000000e+01,1.166574199999999983e+01
4.000652812768999667e+01,-8.303745181175000312e+01,1.700000000000000122e-01,-2.805600000000000094e+00,-1.351388796214400001e-01,-1.119473532036000113e-01,1.481381981523999941e-02,-2.375554109999999941e-01,1.149858190000000030e-01,2.741547319659999857e+02,2.024000000000000000e+03,1.100000000000000000e+01,1.400000000000000000e+01,1.400000000000000000e+01,3.900000000000000000e+01,1.172489799999999960e+01
4.000652822402999931e+01,-8.303745378643999686e+01,1.766999999999999960e-01,-2.807999999999999829e+00,2.138327151323800024e-01,6.403966624465999569e-02,1.435322105188600039e-01,-2.441429099999999908e-01,1.050365350000000003e-01,2.741713835769999719e+02,2.024000000000000000e+03,1.100000000000000000e+01,1.400000000000000000e+01,1.400000000000000000e+01,3.900000000000000000e+01,1.178439799999999948e+01
4.000652832090000288e+01,-8.303745576011999674e+01,1.768000000000000127e-01,-2.802900000000000169e+00,1.049819120613600110e-01,-2.108726034411799732e-01,3.110324386145999626e-02,-2.473259250000000020e-01,7.617118600000000184e-02,2.741800994569999830e+02,2.024000000000000000e+03,1.100000000000000000e+01,1.400000000000000000e+01,1.400000000000000000e+01,3.900000000000000000e+01,1.184432800000000086e+01
4.000652841880999944e+01,-8.303745772761000410e+01,1.801000000000000101e-01,-2.791100000000000136e+00,2.514994125373599676e-01,-3.432709382760399941e-01,-4.759598600394000095e-02,-2.590343480000000254e-01,5.102243000000000056e-02,2.741888758059999986e+02,2.024000000000000000e+03,1.100000000000000000e+01,1.400000000000000000e+01,1.400000000000000000e+01,3.900000000000000000e+01,1.190267700000000062e+01
4.000652850465999677e+01,-8.303745935921000410e+01,1.925000000000000044e-01,-2.776499999999999968e+00,4.998612721656199298e-01,-5.338820232772599761e-01,-5.963850556460000181e-03,-2.543044620000000089e-01,4.089691000000000159e-02,2.741997132129999954e+02,2.024000000000000000e+03,1.100000000000000000e+01,1.400000000000000000e+01,1.400000000000000000e+01,3.900000000000000000e+01,1.196033800000000014e+01
4.000652859494999802e+01,-8.303746098304000611e+01,1.998000000000000054e-01,-2.764600000000000168e+00,2.804035138557600115e-01,-4.419391234547399572e-01,1.213760060414599828e-01,-2.253589520000000013e-01,4.092788599999999666e-02,2.742143531969999799e+02,2.024000000000000000e+03,1.100000000000000000e+01,1.400000000000000000e+01,1.400000000000000000e+01,3.900000000000000000e+01,1.202189300000000038e+01
4.000652861300000041e+01,-8.303746130705999917e+01,1.983999999999999930e-01,-2.762900000000000134e+00,6.676927068059999859e-02,-4.147268394129400293e-01,1.733974357970600177e-01,-2.167952459999999970e-01,4.223657499999999843e-02,2.742173771340000030e+02,2.024000000000000000e+03,1.100000000000000000e+01,1.400000000000000000e+01,1.400000000000000000e+01,3.900000000000000000e+01,1.208150999999999975e+01
4.000652873962000200e+01,-8.303746357029000080e+01,1.943000000000000005e-01,-2.753600000000000048e+00,-1.278181702500000017e-01,-2.546942695812600133e-01,1.334329560772799794e-01,-1.860780959999999984e-01,4.611387100000000072e-02,2.742314975880000247e+02,2.024000000000000000e+03,1.100000000000000000e+01,1.400000000000000000e+01,1.400000000000000000e+01,3.900000000000000000e+01,1.214058600000000077e+01
4.000652888316999878e+01,-8.303746614911999302e+01,1.885000000000000009e-01,-2.742900000000000116e+00,-2.073419251042000200e-01,-3.373040851163999765e-01,-1.563868524517000036e-01,-1.704649330000000129e-01,3.753579600000000321e-02,2.742336348879999832e+02,2.024000000000000000e+03,1.100000000000000000e+01,1.400000000000000000e+01,1.400000000000000000e+01,3.900000000000000000e+01,1.220204099999999947e+01
4.000652897222000348e+01,-8.303746775534000335e+01,1.824999999999999956e-01,-2.733800000000000008e+00,-3.026311851038600009e-01,-3.966170803509199705e-01,-1.627626777494000088e-01,-1.574141739999999901e-01,2.924734500000000098e-02,2.742322129730000029e+02,2.024000000000000000e+03,1.100000000000000000e+01,1.400000000000000000e+01,1.400000000000000000e+01,3.900000000000000000e+01,1.226199300000000036e+01
4.000652910752000224e+01,-8.303747031355000274e+01,1.713999999999999968e-01,-2.717999999999999972e+00,-2.600399612551200224e-01,-4.315352023905000278e-01,-2.171797040368800003e-01,-1.645785369999999970e-01,3.092825600000000119e-02,2.742366601360000118e+02,2.024000000000000000e+03,1.100000000000000000e+01,1.400000000000000000e+01,1.400000000000000000e+01,3.900000000000000000e+01,1.232328500000000027e+01
4.000652925018999895e+01,-8.303747316950000368e+01,1.645999999999999963e-01,-2.693799999999999972e+00,3.065009432560000108e-02,-4.774326503772799990e-01,5.374197490963999319e-02,-2.043900929999999949e-01,6.762286500000000422e-02,2.742593815129999939e+02,2.024000000000000000e+03,1.100000000000000000e+01,1.400000000000000000e+01,1.400000000000000000e+01,3.900000000000000000e+01,1.238415700000000008e+01
4.000652934819999729e+01,-8.303747506285000668e+01,1.774999999999999911e-01,-2.686500000000000110e+00,4.876544920620999868e-01,-1.990359518112599924e-01,4.269036387835999785e-02,-2.133920679999999903e-01,1.034097820000000056e-01,2.742726757600000269e+02,2.024000000000000000e+03,1.100000000000000000e+01,1.400000000000000000e+01,1.400000000000000000e+01,3.900000000000000000e+01,1.244345900000000071e+01
4.000652945134000049e+01,-8.303747695245999694e+01,1.849999999999999978e-01,-2.682700000000000085e+00,3.301027092089600101e-01,-1.272720725380800111e-01,1.386055109486000053e-02,-2.019411730000000016e-01,1.209285640000000023e-01,2.742795069609999814e+02,2.024000000000000000e+03,1.100000000000000000e+01,1.400000000000000000e+01,1.400000000000000000e+01,3.900000000000000000e+01,1.250267799999999951e+01
4.000652953969999714e+01,-8.303747852358999637e+01,1.887999999999999956e-01,-2.675800000000000178e+00,2.156360683229799902e-01,-2.406435088248200238e-01,-3.042322341447999817e-02,-1.935728730000000064e-01,1.276268869999999944e-01,2.742825358609999853e+02,2.024000000000000000e+03,1.100000000000000000e+01,1.400000000000000000e+01,1.400000000000000000e+01,3.900000000000000000e+01,1.256814100000000067e+01
4.000652966439999858e+01,-8.303748071712999490e+01,1.875000000000000000e-01,-2.668499999999999872e+00,-2.370982911296000070e-02,-1.680139363049800161e-01,1.835728659539000163e-01,-1.888939940000000095e-01,1.312766049999999907e-01,2.742909599760000106e+02,2.024000000000000000e+03,1.100000000000000000e+01,1.400000000000000000e+01,1.400000000000000000e+01,3.900000000000000000e+01,1.262838999999999956e+01
4.000652977083999673e+01,-8.303748259178999547e+01,1.860999999999999877e-01,-2.658799999999999830e+00,-7.056791832231999739e-02,-3.460938306805800280e-01,9.288439594083999773e-02,-1.777276389999999928e-01,1.228368819999999945e-01,2.743086913170000116e+02,2.024000000000000000e+03,1.100000000000000000e+01,1.400000000000000000e+01,1.400000000000000000e+01,3.900000000000000000e+01,1.268766600000000011e+01
4.000652987576000186e+01,-8.303748445722000326e+01,1.841000000000000136e-01,-2.644099999999999895e+00,-1.058284394126000026e-02,-4.555152520481799971e-01,8.003251768122000842e-02,-1.588196520000000056e-01,1.262950780000000051e-01,2.743234090860000265e+02,2.024000000000000000e+03,1.100000000000000000e+01,1.400000000000000000e+01,1.400000000000000000e+01,3.900000000000000000e+01,1.274765499999999996e+01
4.000652997774999875e+01,-8.303748631454000417e+01,1.759999999999999898e-01,-2.634900000000000020e+00,-2.340588971767399717e-01,-3.046475029556199865e-01,-8.649384833295999109e-02,-1.562253399999999903e-01,1.381762689999999905e-01,2.743246501309999985e+02,2.024000000000000000e+03,1.100000000000000000e+01,1.400000000000000000e+01,1.400000000000000000e+01,3.900000000000000000e+01,1.280780099999999955e+01
4.000653007708999809e+01,-8.303748816581999392e+01,1.748000000000000109e-01,-2.626100000000000101e+00,5.485595120591999635e-02,-3.130866394117400309e-01,-1.036861133350200082e-01,-1.746637990000000085e-01,1.471478159999999868e-01,2.743192891609999720e+02,2.024000000000000000e+03,1.100000000000000000e+01,1.400000000000000000e+01,1.400000000000000000e+01,3.900000000000000000e+01,1.286939500000000081e+01
4.000653017594999739e+01,-8.303749001033999377e+01,1.761000000000000065e-01,-2.616400000000000059e+00,1.715495879551000025e-01,-3.043375390035000239e-01,9.839584594700000186e-02,-1.868928340000000077e-01,1.546600499999999934e-01,2.743180737060000070e+02,2.024000000000000000e+03,1.100000000000000000e+01,1.400000000000000000e+01,1.400000000000000000e+01,3.900000000000000000e+01,1.292946099999999987e+01
4.000653027735999956e+01,-8.303749184913000647e+01,1.839000000000000079e-01,-2.609300000000000175e+00,3.352122850386600184e-01,-2.312304227024200021e-01,-2.175368966219999849e-03,-1.835127269999999866e-01,1.557100270000000009e-01,2.743219874709999999e+02,2.024000000000000000e+03,1.100000000000000000e+01,1.400000000000000000e+01,1.400000000000000000e+01,3.900000000000000000e+01,1.298890399999999978e+01
4.000653031176999974e+01,-8.303749246089999758e+01,1.839999999999999969e-01,-2.607000000000000206e+00,1.593221994196200031e-01,-2.325167904855199863e-01,1.278170040772999838e-01,-1.770565570000000033e-01,1.520724390000000037e-01,2.743240199609999763e+02,2.024000000000000000e+03,1.100000000000000000e+01,1.400000000000000000e+01,1.400000000000000000e+01,3.900000000000000000e+01,1.304932799999999915e+01
4.000653041566000212e+01,-8.303749429162000695e+01,1.824999999999999956e-01,-2.597100000000000186e+00,-8.223360600472000292e-02,-3.234817210001599830e-01,-1.129269923855399926e-01,-1.651262940000000068e-01,1.447059729999999877e-01,2.743313361780000150e+02,2.024000000000000000e+03,1.100000000000000000e+01,1.400000000000000000e+01,1.400000000000000000e+01,3.900000000000000000e+01,1.310943499999999950e+01
4.000653049943999662e+01,-8.303749581111999589e+01,1.743000000000000105e-01,-2.590300000000000047e+00,-3.024349640633999803e-01,-2.761304243623600163e-01,-1.919221159432000015e-02,-1.725738830000000112e-01,1.410544679999999884e-01,2.743387592569999924e+02,2.024000000000000000e+03,1.100000000000000000e+01,1.400000000000000000e+01,1.400000000000000000e+01,3.900000000000000000e+01,1.316905399999999915e+01
4.000653057968000326e+01,-8.303749733029999902e+01,1.703999999999999959e-01,-2.583499999999999908e+00,-1.082121620549800073e-01,-3.030960841305599951e-01,1.344837975962400178e-01,-1.904475120000000132e-01,1.304928660000000129e-01,2.743475193549999744e+02,2.024000000000000000e+03,1.100000000000000000e+01,1.400000000000000000e+01,1.400000000000000000e+01,3.900000000000000000e+01,1.322863399999999956e+01
4.000653070804000322e+01,-8.303749974763999830e+01,1.741999999999999937e-01,-2.565399999999999903e+00,2.042545092559999807e-03,-4.872892314557200066e-01,-5.299756287420000211e-03,-1.894732670000000008e-01,1.153873809999999972e-01,2.743582665719999909e+02,2.024000000000000000e+03,1.100000000000000000e+01,1.400000000000000000e+01,1.400000000000000000e+01,3.900000000000000000e+01,1.328807199999999966e+01
4.000653086532000202e+01,-8.303750274380000462e+01,1.691999999999999893e-01,-2.542499999999999982e+00,-7.585893474039999765e-03,-3.809917200832400042e-01,4.032295727802000240e-02,-2.046968919999999914e-01,1.281295259999999936e-01,2.743674956309999970e+02,2.024000000000000000e+03,1.100000000000000000e+01,1.400000000000000000e+01,1.400000000000000000e+01,3.900000000000000000e+01,1.335065900000000028e+01
4.000653096053000013e+01,-8.303750453185999447e+01,1.723000000000000087e-01,-2.534699999999999953e+00,-1.898105455000000108e-03,-3.201465318222599943e-01,1.169367694618400066e-01,-2.141615570000000024e-01,1.283055630000000114e-01,2.743780057579999720e+02,2.024000000000000000e+03,1.100000000000000000e+01,1.400000000000000000e+01,1.400000000000000000e+01,3.900000000000000000e+01,1.341166100000000050e+01
4.000653105466999904e+01,-8.303750631286999351e+01,1.695000000000000118e-01,-2.526199999999999779e+00,-5.289808839489999748e-02,-2.145056747252399865e-01,-2.378249541895199881e-01,-2.278441170000000127e-01,1.280322359999999937e-01,2.743897358120000263e+02,2.024000000000000000e+03,1.100000000000000000e+01,1.400000000000000000e+01,1.400000000000000000e+01,3.900000000000000000e+01,1.347161700000000017e+01
4.000653114938000243e+01,-8.303750809036000646e+01,1.739999999999999880e-01,-2.523000000000000131e+00,1.928342466007200162e-01,-8.616615071849999252e-02,-1.242764440760999872e-01,-2.429562459999999868e-01,1.127168560000000042e-01,2.743921221429999946e+02,2.024000000000000000e+03,1.100000000000000000e+01,1.400000000000000000e+01,1.400000000000000000e+01,3.900000000000000000e+01,1.353126999999999924e+01
4.000653124378000314e+01,-8.303750986234000209e+01,1.718000000000000083e-01,-2.511600000000000055e+00,9.165481831518000611e-02,-3.659546261732199990e-01,-8.687144746267999595e-02,-2.572271580000000113e-01,8.982374699999999546e-02,2.743861139179999782e+02,2.024000000000000000e+03,1.100000000000000000e+01,1.400000000000000000e+01,1.400000000000000000e+01,3.900000000000000000e+01,1.359120199999999912e+01
4.000653135288000328e+01,-8.303751191823999989e+01,1.655999999999999972e-01,-2.497100000000000097e+00,-2.774055141337199992e-01,-3.407227629613600040e-01,-1.978453392602599892e-01,-2.706636620000000271e-01,8.121313400000000626e-02,2.743786844030000225e+02,2.024000000000000000e+03,1.100000000000000000e+01,1.400000000000000000e+01,1.400000000000000000e+01,3.900000000000000000e+01,1.365551400000000015e+01
4.000653144083999990e+01,-8.303751367338000478e+01,1.526000000000000134e-01,-2.489100000000000090e+00,-4.374312233251799742e-01,-3.002531234368199797e-01,-3.461509178746000059e-02,-3.053617410000000199e-01,7.740015999999999563e-02,2.743808517639999991e+02,2.024000000000000000e+03,1.100000000000000000e+01,1.400000000000000000e+01,1.400000000000000000e+01,3.900000000000000000e+01,1.371668599999999927e+01
4.000653151272999963e+01,-8.303751512988000627e+01,1.560999999999999888e-01,-2.477700000000000014e+00,4.195180625112000100e-02,-4.103478774451800315e-01,4.274131633633999894e-02,-3.405200259999999757e-01,7.632685899999999690e-02,2.743850706179999861e+02,2.024000000000000000e+03,1.100000000000000000e+01,1.400000000000000000e+01,1.400000000000000000e+01,3.900000000000000000e+01,1.377646499999999996e+01
4.000653161796000035e+01,-8.303751716038000552e+01,1.678000000000000047e-01,-2.466000000000000192e+00,3.250654677723199826e-01,-3.426677857239600056e-01,1.131633810287600017e-01,-3.529348970000000252e-01,7.882378299999999449e-02,2.743885239690000049e+02,2.024000000000000000e+03,1.100000000000000000e+01,1.400000000000000000e+01,1.400000000000000000e+01,3.900000000000000000e+01,1.383685400000000065e+01
4.000653170844000073e+01,-8.303751889257000585e+01,1.640999999999999959e-01,-2.455200000000000049e+00,3.438032627326000068e-02,-3.660657944066000313e-01,1.331714691744000090e-01,-3.624491590000000207e-01,8.392624699999999549e-02,2.743912815350000187e+02,2.024000000000000000e+03,1.100000000000000000e+01,1.400000000000000000e+01,1.400000000000000000e+01,3.900000000000000000e+01,1.389700700000000033e+01
4.000653179711999741e+01,-8.303752061861999323e+01,1.600999999999999923e-01,-2.447599999999999998e+00,-5.062512291409999865e-02,-2.969809146615799977e-01,2.843395535023199860e-01,-3.922529710000000058e-01,8.395177900000000415e-02,2.743961437660000229e+02,2.024000000000000000e+03,1.100000000000000000e+01,1.400000000000000000e+01,1.400000000000000000e+01,3.900000000000000000e+01,1.395759999999999934e+01
4.000653187300000013e+01,-8.303752205227999639e+01,1.680999999999999994e-01,-2.439900000000000180e+00,2.654391962221600010e-01,-3.109849719456599937e-01,4.285858334223999894e-02,-4.049703029999999759e-01,7.752316300000000604e-02,2.744015455649999922e+02,2.024000000000000000e+03,1.100000000000000000e+01,1.400000000000000000e+01,1.400000000000000000e+01,3.900000000000000000e+01,1.401783299999999954e+01
4.000653188844000141e+01,-8.303752233839000496e+01,1.690000000000000113e-01,-2.438000000000000167e+00,2.143328437633000016e-01,-3.286351930590200032e-01,-3.462209884337999477e-02,-4.036746760000000100e-01,7.729522899999999308e-02,2.744028924749999874e+02,2.024000000000000000e+03,1.100000000000000000e+01,1.400000000000000000e+01,1.400000000000000000e+01,3.900000000000000000e+01,1.407850200000000029e+01
4.000653204481000103e+01,-8.303752519335999693e+01,1.663999999999999924e-01,-2.430000000000000160e+00,-2.423211947577000036e-01,-1.307912816164999992e-01,-3.144176084993000053e-01,-3.967084679999999808e-01,5.877676099999999682e-02,2.744086297950000244e+02,2.024000000000000000e+03,1.100000000000000000e+01,1.400000000000000000e+01,1.400000000000000000e+01,3.900000000000000000e+01,1.413837499999999991e+01
4.000653213465000135e+01,-8.303752690113999790e+01,1.627000000000000113e-01,-2.423000000000000043e+00,-1.717676823551599896e-01,-2.539375575812000130e-01,-1.634237875244600180e-01,-4.178810490000000044e-01,3.562641799999999997e-02,2.744132845670000052e+02,2.024000000000000000e+03,1.100000000000000000e+01,1.400000000000000000e+01,1.400000000000000000e+01,3.900000000000000000e+01,1.419851799999999997e+01
4.000653219389000270e+01,-8.303752803585000208e+01,1.630999999999999950e-01,-2.414899999999999824e+00,1.112819273086000128e-02,-3.949980160121799866e-01,-7.725871611546000772e-02,-4.288846720000000223e-01,1.731267300000000064e-02,2.744192464070000028e+02,2.024000000000000000e+03,1.100000000000000000e+01,1.400000000000000000e+01,1.400000000000000000e+01,3.900000000000000000e+01,1.426007399999999947e+01
4.000653231406000288e+01,-8.303753029355000592e+01,1.648999999999999910e-01,-2.398200000000000109e+00,-7.312464920739999291e-03,-4.165354553956400196e-01,3.065440445129000158e-01,-4.359185179999999771e-01,8.421286999999999523e-03,2.744278054690000204e+02,2.024000000000000000e+03,1.100000000000000000e+01,1.400000000000000000e+01,1.400000000000000000e+01,3.900000000000000000e+01,1.432063400000000009e+01
4.000653243266999937e+01,-8.303753253867999717e+01,1.633000000000000007e-01,-2.387100000000000222e+00,2.692262805600000031e-02,-2.787573924378600188e-01,2.354192622480399955e-01,-4.531989229999999758e-01,6.519635000000000187e-03,2.744216012620000242e+02,2.024000000000000000e+03,1.100000000000000000e+01,1.400000000000000000e+01,1.400000000000000000e+01,3.900000000000000000e+01,1.438061700000000087e+01
4.000653252498999990e+01,-8.303753421623000008e+01,1.748999999999999999e-01,-2.380100000000000104e+00,4.051603580088000145e-01,-2.347030686763599827e-01,2.578198524586399754e-01,-4.547973069999999840e-01,-8.611341999999999261e-03,2.744121508169999970e+02,2.024000000000000000e+03,1.100000000000000000e+01,1.400000000000000000e+01,1.400000000000000000e+01,3.900000000000000000e+01,1.444145499999999949e+01
4.000653261800999871e+01,-8.303753588809999542e+01,1.665999999999999981e-01,-2.371500000000000163e+00,-2.797955337260399911e-01,-3.253481519241199771e-01,2.486889600683799828e-01,-4.482231850000000239e-01,-3.290538199999999691e-02,2.744089058430000136e+02,2.024000000000000000e+03,1.100000000000000000e+01,1.400000000000000000e+01,1.400000000000000000e+01,3.900000000000000000e+01,1.450245699999999971e+01
4.000653270427000052e+01,-8.303753755411000270e+01,1.550999999999999879e-01,-2.362999999999999989e+00,-2.079337385922799819e-01,-3.355107904071999991e-01,-1.224629442505200116e-01,-4.761091789999999935e-01,-5.841050600000000093e-02,2.744161586129999932e+02,2.024000000000000000e+03,1.100000000000000000e+01,1.400000000000000000e+01,1.400000000000000000e+01,3.900000000000000000e+01,1.456255799999999923e+01
4.000653278973999960e+01,-8.303753921077000655e+01,1.565999999999999892e-01,-2.347399999999999931e+00,-1.811351548707999803e-02,-4.672478024311600420e-01,-3.793211397606000013e-01,-4.917626010000000214e-01,-6.928382099999999544e-02,2.744273761630000195e+02,2.024000000000000000e+03,1.100000000000000000e+01,1.400000000000000000e+01,1.400000000000000000e+01,3.900000000000000000e+01,1.462257999999999925e+01
4.000653288886000070e+01,-8.303754112874000270e+01,1.535999999999999865e-01,-2.325200000000000156e+00,-2.030466668503999872e-01,-6.405799768845399367e-01,-3.670976062111799831e-01,-4.919851120000000022e-01,-6.261667199999999822e-02,2.744315503779999972e+02,2.024000000000000000e+03,1.100000000000000000e+01,1.400000000000000000e+01,1.400000000000000000e+01,3.900000000000000000e+01,1.468326500000000046e+01
4.000653297229000316e+01,-8.303754275833000520e+01,1.535999999999999865e-01,-2.306900000000000173e+00,8.583047643958000017e-02,-5.984658415199599624e-01,5.451765566990000172e-02,-5.160603339999999539e-01,-4.076153200000000310e-02,2.744243423870000242e+02,2.024000000000000000e+03,1.100000000000000000e+01,1.400000000000000000e+01,1.400000000000000000e+01,3.900000000000000000e+01,1.474354899999999979e+01
4.000653305486000022e+01,-8.303754437602999872e+01,1.521000000000000130e-01,-2.291999999999999815e+00,1.388137009905399955e-01,-5.212247889362600084e-01,4.718637783433999450e-02,-5.428315900000000305e-01,-2.513735200000000169e-02,2.744237446500000033e+02,2.024000000000000000e+03,1.100000000000000000e+01,1.400000000000000000e+01,1.400000000000000000e+01,3.900000000000000000e+01,1.480380099999999999e+01
4.000653312344000057e+01,-8.303754571710000221e+01,1.524999999999999967e-01,-2.281299999999999883e+00,1.301528887287600189e-01,-4.490832578378399775e-01,2.369378967211600018e-01,-5.563274639999999938e-01,-3.534807000000000227e-02,2.744340947009999923e+02,2.024000000000000000e+03,1.100000000000000000e+01,1.400000000000000000e+01,1.400000000000000000e+01,3.900000000000000000e+01,1.486430599999999913e+01
4.000653322016999880e+01,-8.303754757718999713e+01,1.517999999999999905e-01,-2.249299999999999855e+00,-6.737910294919999613e-03,-9.931284007540199799e-01,-8.525206666965999547e-02,-5.624462420000000407e-01,-7.496924500000000380e-02,2.744499885870000071e+02,2.024000000000000000e+03,1.100000000000000000e+01,1.400000000000000000e+01,1.400000000000000000e+01,3.900000000000000000e+01,1.492387100000000011e+01
4.000653330274000297e+01,-8.303754914652999730e+01,1.491999999999999993e-01,-2.212299999999999933e+00,-9.119541277177999061e-02,-1.226083556974260080e+00,1.140911724634200014e-01,-5.715214109999999792e-01,-9.881790000000000018e-02,2.744548171079999861e+02,2.024000000000000000e+03,1.100000000000000000e+01,1.400000000000000000e+01,1.400000000000000000e+01,3.900000000000000000e+01,1.498841200000000029e+01
4.000653333022999902e+01,-8.303754966404000015e+01,1.512000000000000011e-01,-2.200499999999999901e+00,1.219934978690200011e-01,-1.192912594239879942e+00,4.156704073542000222e-02,-5.787704949999999959e-01,-1.029028470000000056e-01,2.744540184819999808e+02,2.024000000000000000e+03,1.100000000000000000e+01,1.400000000000000000e+01,1.400000000000000000e+01,3.900000000000000000e+01,1.505063700000000004e+01
4.000653339883999848e+01,-8.303755094554000493e+01,1.519000000000000072e-01,-2.169799999999999951e+00,1.352037747929800138e-01,-1.249297947041160040e+00,2.101344491501400125e-01,-5.894884989999999991e-01,-1.245648590000000000e-01,2.744501289149999934e+02,2.024000000000000000e+03,1.100000000000000000e+01,1.400000000000000000e+01,1.400000000000000000e+01,3.900000000000000000e+01,1.511207899999999960e+01
4.000653347995999809e+01,-8.303755245770000215e+01,1.474999999999999922e-01,-2.127400000000000180e+00,-9.421643426320000514e-03,-1.469619716464059866e+00,4.144567686331999956e-02,-5.983625919999999709e-01,-1.600922959999999950e-01,2.744494370890000141e+02,2.024000000000000000e+03,1.100000000000000000e+01,1.400000000000000000e+01,1.400000000000000000e+01,3.900000000000000000e+01,1.517241100000000031e+01
4.000653350638999939e+01,-8.303755295518000423e+01,1.449000000000000010e-01,-2.111499999999999932e+00,-7.967814870127999660e-02,-1.512107160069459999e+00,5.613266275874000122e-02,-6.001208869999999918e-01,-1.707005400000000117e-01,2.744508313829999793e+02,2.024000000000000000e+03,1.100000000000000000e+01,1.400000000000000000e+01,1.400000000000000000e+01,3.900000000000000000e+01,1.523224899999999948e+01
4.000653367187999976e+01,-8.303755608205000271e+01,1.335999999999999965e-01,-1.983400000000000052e+00,-2.801897047245999889e-02,-2.033128237512979997e+00,-9.712301030306000338e-02,-6.177076259999999541e-01,-2.250098349999999914e-01,2.744638340540000172e+02,2.024000000000000000e+03,1.100000000000000000e+01,1.400000000000000000e+01,1.400000000000000000e+01,3.900000000000000000e+01,1.529309600000000025e+01
4.000653378026999718e+01,-8.303755813546999320e+01,1.305000000000000049e-01,-1.905799999999999939e+00,-7.943874810819999757e-03,-1.613184622891499886e+00,-1.270570678040600088e-01,-6.359048959999999973e-01,-2.006743290000000124e-01,2.744513125120000154e+02,2.024000000000000000e+03,1.100000000000000000e+01,1.400000000000000000e+01,1.400000000000000000e+01,3.900000000000000000e+01,1.535411000000000037e+01
4.000653383542000086e+01,-8.303755924496999796e+01,1.142999999999999988e-01,-1.873299999999999965e+00,-5.066496374783200363e-01,-1.371195412140340020e+00,1.054585650407199870e-01,-6.591553020000000540e-01,-1.969144760000000050e-01,2.744452846020000152e+02,2.024000000000000000e+03,1.100000000000000000e+01,1.400000000000000000e+01,1.400000000000000000e+01,3.900000000000000000e+01,1.541432099999999927e+01
4.000653390960000166e+01,-8.303756076425000288e+01,1.198000000000000037e-01,-1.821600000000000108e+00,2.478909155582599833e-01,-1.546623471853299847e+00,-1.892385919199999871e-03,-6.980539439999999818e-01,-2.031552020000000069e-01,2.744438489789999949e+02,2.024000000000000000e+03,1.100000000000000000e+01,1.400000000000000000e+01,1.400000000000000000e+01,3.900000000000000000e+01,1.547481400000000029e+01
4.000653397629000096e+01,-8.303756202945000098e+01,1.195999999999999980e-01,-1.770499999999999963e+00,-1.135664177391000063e-01,-1.730829801094299958e+00,1.013693755370199956e-01,-6.889787889999999804e-01,-2.059340219999999944e-01,2.744474928340000019e+02,2.024000000000000000e+03,1.100000000000000000e+01,1.400000000000000000e+01,1.400000000000000000e+01,3.900000000000000000e+01,1.553520499999999949e+01
4.000653403775999806e+01,-8.303756325978000064e+01,1.092999999999999944e-01,-1.721899999999999986e+00,-1.242987443760799893e-01,-1.640092014260379871e+00,1.796942132987600083e-01,-7.097086160000000143e-01,-1.930365169999999908e-01,2.744502095970000255e+02,2.024000000000000000e+03,1.100000000000000000e+01,1.400000000000000000e+01,1.400000000000000000e+01,3.900000000000000000e+01,1.559595299999999973e+01
4.000653409985999787e+01,-8.303756445794999763e+01,1.200999999999999984e-01,-1.679400000000000004e+00,5.503351111088200520e-01,-1.381223269181560021e+00,-1.711968859413999858e-02,-7.326415259999999874e-01,-1.783372059999999981e-01,2.744447793639999986e+02,2.024000000000000000e+03,1.100000000000000000e+01,1.400000000000000000e+01,1.400000000000000000e+01,3.900000000000000000e+01,1.565741799999999984e+01
4.000653416675999807e+01,-8.303756562706000466e+01,1.247999999999999943e-01,-1.638600000000000056e+00,2.043311051961599900e-01,-1.366876178998419844e+00,7.365758589008000734e-02,-7.147198580000000412e-01,-1.897626980000000074e-01,2.744378046830000244e+02,2.024000000000000000e+03,1.100000000000000000e+01,1.400000000000000000e+01,1.400000000000000000e+01,3.900000000000000000e+01,1.571785500000000013e+01
4.000653422084000255e+01,-8.303756657657000062e+01,1.165000000000000063e-01,-1.596000000000000085e+00,-1.331352799170199830e-01,-1.720188757246700062e+00,3.273052406090000421e-02,-7.027565129999999716e-01,-2.124877020000000005e-01,2.744377550209999868e+02,2.024000000000000000e+03,1.100000000000000000e+01,1.400000000000000000e+01,1.400000000000000000e+01,3.900000000000000000e+01,1.577809099999999987e+01
4.000653429284000140e+01,-8.303756786008999313e+01,1.113999999999999990e-01,-1.527199999999999891e+00,2.875217215186000319e-02,-1.974289497075979893e+00,-6.438548158948000089e-02,-6.989451939999999919e-01,-2.324674740000000073e-01,2.744447617820000005e+02,2.024000000000000000e+03,1.100000000000000000e+01,1.400000000000000000e+01,1.400000000000000000e+01,3.900000000000000000e+01,1.583812999999999960e+01
4.000653435355000198e+01,-8.303756891582999344e+01,1.107000000000000067e-01,-1.469400000000000039e+00,9.368687034150000037e-02,-1.928347638343619996e+00,-8.925053055317999640e-02,-6.857570889999999864e-01,-2.348337899999999867e-01,2.744495737130000066e+02,2.024000000000000000e+03,1.100000000000000000e+01,1.400000000000000000e+01,1.400000000000000000e+01,3.900000000000000000e+01,1.590059100000000036e+01
4.000653441157999879e+01,-8.303756993247000651e+01,1.024000000000000049e-01,-1.415399999999999991e+00,-1.456824185379400061e-01,-1.833508045346959880e+00,1.034074679108400036e-01,-6.702381870000000408e-01,-2.364891130000000008e-01,2.744493008349999741e+02,2.024000000000000000e+03,1.100000000000000000e+01,1.400000000000000000e+01,1.400000000000000000e+01,3.900000000000000000e+01,1.596121699999999954e+01
4.000653445572000066e+01,-8.303757075011999689e+01,9.360000000000000264e-02,-1.368999999999999995e+00,-1.543503922269600093e-01,-1.889590900294900067e+00,6.738070848000000598e-03,-6.709045630000000093e-01,-2.401460709999999887e-01,2.744473082040000236e+02,2.024000000000000000e+03,1.100000000000000000e+01,1.400000000000000000e+01,1.400000000000000000e+01,3.900000000000000000e+01,1.602315899999999971e+01
4.000653447244000205e+01,-8.303757106944000554e+01,9.049999999999999711e-02,-1.350100000000000078e+00,-1.507683652370999938e-01,-1.905825688734399836e+00,7.347813035219999400e-02,-6.746867669999999650e-01,-2.408998169999999883e-01,2.744466654249999920e+02,2.024000000000000000e+03,1.100000000000000000e+01,1.400000000000000000e+01,1.400000000000000000e+01,3.900000000000000000e+01,1.608402299999999840e+01
4.000653454380999818e+01,-8.303757244870999443e+01,8.619999999999999885e-02,-1.258499999999999952e+00,1.515313239230600129e-01,-2.059448828604679704e+00,9.913511508918000648e-02,-6.833480459999999868e-01,-2.390940340000000108e-01,2.744518066150000095e+02,2.024000000000000000e+03,1.100000000000000000e+01,1.400000000000000000e+01,1.400000000000000000e+01,3.900000000000000000e+01,1.614480700000000013e+01
4.000653458275999697e+01,-8.303757317359000467e+01,8.619999999999999885e-02,-1.207699999999999996e+00,1.588367225385199921e-01,-2.025962412515859956e+00,1.204380571456599991e-01,-6.787151829999999997e-01,-2.324173280000000064e-01,2.744561667500000226e+02,2.024000000000000000e+03,1.100000000000000000e+01,1.400000000000000000e+01,1.400000000000000000e+01,3.900000000000000000e+01,1.620578700000000083e+01
4.000653463081000183e+01,-8.303757400476000328e+01,8.959999999999999909e-02,-1.149499999999999966e+00,2.506170488390999651e-01,-1.918015278098620158e+00,-2.959079779821999906e-02,-6.657290259999999460e-01,-2.236390900000000126e-01,2.744561086260000025e+02,2.024000000000000000e+03,1.100000000000000000e+01,1.400000000000000000e+01,1.400000000000000000e+01,3.900000000000000000e+01,1.626641800000000160e+01
4.000653470820000024e+01,-8.303757530373999884e+01,8.200000000000000344e-02,-1.060300000000000020e+00,-1.864213819264000024e-02,-1.784307415999780044e+00,-2.062647008561800110e-01,-6.519526900000000014e-01,-2.197306689999999896e-01,2.744504977149999831e+02,2.024000000000000000e+03,1.100000000000000000e+01,1.400000000000000000e+01,1.400000000000000000e+01,3.900000000000000000e+01,1.632831499999999991e+01
4.000653474967000278e+01,-8.303757603216999428e+01,7.199999999999999456e-02,-1.004399999999999959e+00,-1.702607892476800111e-01,-1.892415015467559858e+00,-1.518955313446599953e-01,-6.480782290000000057e-01,-2.195552689999999973e-01,2.744525977779999835e+02,2.024000000000000000e+03,1.100000000000000000e+01,1.400000000000000000e+01,1.400000000000000000e+01,3.900000000000000000e+01,1.639073300000000089e+01
4.000653478611999958e+01,-8.303757672129999889e+01,6.250000000000000000e-02,-9.487999999999999767e-01,-1.907718787927999982e-01,-1.877582622395539858e+00,6.331006637043999630e-02,-6.465532299999999788e-01,-2.131117060000000119e-01,2.744577743749999854e+02,2.024000000000000000e+03,1.100000000000000000e+01,1.400000000000000000e+01,1.400000000000000000e+01,3.900000000000000000e+01,1.645222800000000163e+01
4.000653481889000318e+01,-8.303757737181000209e+01,5.720000000000000084e-02,-8.939000000000000279e-01,-8.086604562723999357e-02,-1.865259381138020034e+00,6.843179532168000567e-02,-6.510745730000000453e-01,-2.041265810000000014e-01,2.744586244619999889e+02,2.024000000000000000e+03,1.100000000000000000e+01,1.400000000000000000e+01,1.400000000000000000e+01,3.900000000000000000e+01,1.651591300000000118e+01
4.000653485413999988e+01,-8.303757808126999862e+01,5.480000000000000149e-02,-8.284000000000000252e-01,1.011314605019000140e-01,-1.900432744258879980e+00,1.064546550988000051e-01,-6.632048900000000469e-01,-1.966944049999999888e-01,2.744513634260000003e+02,2.024000000000000000e+03,1.100000000000000000e+01,1.400000000000000000e+01,1.400000000000000000e+01,3.900000000000000000e+01,1.658153300000000030e+01
4.000653488887999742e+01,-8.303757873454999583e+01,5.410000000000000225e-02,-7.566000000000000503e-01,8.885185925602000212e-02,-2.065532407077780075e+00,-5.183337758799999931e-03,-6.655547210000000158e-01,-1.972920430000000003e-01,2.744442062119999832e+02,2.024000000000000000e+03,1.100000000000000000e+01,1.400000000000000000e+01,1.400000000000000000e+01,3.900000000000000000e+01,1.664247800000000055e+01
4.000653491778999893e+01,-8.303757924554000169e+01,5.079999999999999793e-02,-6.897999999999999687e-01,1.174373026725999969e-02,-2.260723572575820128e+00,-1.557444481860000007e-02,-6.600114540000000529e-01,-2.002948009999999945e-01,2.744455494790000216e+02,2.024000000000000000e+03,1.100000000000000000e+01,1.400000000000000000e+01,1.400000000000000000e+01,3.900000000000000000e+01,1.670348399999999955e+01
4.000653493986000342e+01,-8.303757963462000191e+01,4.760000000000000342e-02,-6.320000000000000062e-01,6.910041722475999959e-02,-2.299246384379280084e+00,-1.201424587343800088e-01,-6.584530880000000197e-01,-1.963618030000000014e-01,2.744495018970000046e+02,2.024000000000000000e+03,1.100000000000000000e+01,1.400000000000000000e+01,1.400000000000000000e+01,3.900000000000000000e+01,1.676451000000000136e+01
4.000653496819000310e+01,-8.303758012216999873e+01,4.259999999999999898e-02,-5.507999999999999563e-01,7.107105909116000209e-02,-2.293527410618040108e+00,-6.824009876535999664e-02,-6.536119540000000505e-01,-1.906255679999999952e-01,2.744515124430000128e+02,2.024000000000000000e+03,1.100000000000000000e+01,1.400000000000000000e+01,1.400000000000000000e+01,3.900000000000000000e+01,1.682534100000000166e+01
4.000653498890999771e+01,-8.303758048730000496e+01,3.490000000000000047e-02,-4.812000000000000166e-01,-5.259368470596000739e-02,-2.327927589835680156e+00,-1.061551285468400052e-01,-6.497230880000000042e-01,-1.876637580000000138e-01,2.744480811729999914e+02,2.024000000000000000e+03,1.100000000000000000e+01,1.400000000000000000e+01,1.400000000000000000e+01,3.900000000000000000e+01,1.688703399999999988e+01
4.000653500792000017e+01,-8.303758084983999765e+01,2.560000000000000123e-02,-3.963999999999999746e-01,-7.011876211978000650e-02,-2.427484648148599877e+00,-1.045834505859599972e-01,-6.508097240000000339e-01,-1.884455869999999977e-01,2.744419879409999794e+02,2.024000000000000000e+03,1.100000000000000000e+01,1.400000000000000000e+01,1.400000000000000000e+01,3.900000000000000000e+01,1.695374699999999990e+01
