4.000657154812000016e+01,-8.303757542117000412e+01,-1.359999999999999924e-02,2.957000000000000184e-01,-6.245566583133999733e-02,1.683247261937819816e+00,1.949774536927799951e-01,8.675331549999999448e-01,-3.442333550000000186e-01,9.301958972100000267e+01,2.024000000000000000e+03,1.100000000000000000e+01,1.400000000000000000e+01,1.300000000000000000e+01,4.200000000000000000e+01,4.216501000000000232e+01
4.000657154684999739e+01,-8.303757538627999679e+01,-1.370000000000000037e-02,3.040999999999999814e-01,-3.991821205257999744e-02,1.700143043841719992e+00,1.284135016046200062e-01,8.673410489999999751e-01,-3.419302350000000268e-01,9.301922146500000110e+01,2.024000000000000000e+03,1.100000000000000000e+01,1.400000000000000000e+01,1.300000000000000000e+01,4.200000000000000000e+01,4.221899200000000008e+01
4.000657153707999925e+01,-8.303757511416000625e+01,-1.569999999999999868e-02,3.632000000000000228e-01,-5.206754126634000751e-02,1.659234581872399916e+00,2.107785561330999813e-01,8.660668169999999888e-01,-3.393263089999999926e-01,9.301602284300000179e+01,2.024000000000000000e+03,1.100000000000000000e+01,1.400000000000000000e+01,1.300000000000000000e+01,4.200000000000000000e+01,4.227244900000000172e+01
4.000657152915999859e+01,-8.303757489081999665e+01,-1.810000000000000150e-02,4.037000000000000033e-01,7.403115802180000420e-03,1.626559409153379931e+00,3.859532979949999859e-02,8.642064010000000129e-01,-3.441475410000000013e-01,9.301139044599999295e+01,2.024000000000000000e+03,1.100000000000000000e+01,1.400000000000000000e+01,1.300000000000000000e+01,4.200000000000000000e+01,4.232538999999999874e+01
4.000657152058000321e+01,-8.303757464502000119e+01,-1.930000000000000118e-02,4.410000000000000031e-01,-1.584233510839999984e-02,1.528170770649039945e+00,-2.281488971471999985e-02,8.613369880000000256e-01,-3.474266489999999763e-01,9.300401911199999461e+01,2.024000000000000000e+03,1.100000000000000000e+01,1.400000000000000000e+01,1.300000000000000000e+01,4.200000000000000000e+01,4.237920900000000302e+01
4.000657150931999695e+01,-8.303757432080999479e+01,-2.160000000000000114e-02,4.860999999999999766e-01,1.073882069645999866e-02,1.518245261624159959e+00,-5.194258871736000260e-02,8.597161110000000050e-01,-3.502060330000000277e-01,9.299426599400000271e+01,2.024000000000000000e+03,1.100000000000000000e+01,1.400000000000000000e+01,1.300000000000000000e+01,4.200000000000000000e+01,4.243373799999999818e+01
4.000657149866999873e+01,-8.303757402603000060e+01,-2.409999999999999989e-02,5.245999999999999552e-01,4.650709641620000452e-03,1.542184868434020029e+00,-5.882771769939999958e-03,8.625628760000000339e-01,-3.517582650000000144e-01,9.298628858499999694e+01,2.024000000000000000e+03,1.100000000000000000e+01,1.400000000000000000e+01,1.300000000000000000e+01,4.200000000000000000e+01,4.248679800000000029e+01
4.000657148674999775e+01,-8.303757370846000185e+01,-2.750000000000000014e-02,5.638999999999999568e-01,4.981492051022000378e-02,1.571205385900200202e+00,-6.386301618744000264e-02,8.654660749999999458e-01,-3.501748940000000143e-01,9.297732034599999906e+01,2.024000000000000000e+03,1.100000000000000000e+01,1.400000000000000000e+01,1.300000000000000000e+01,4.200000000000000000e+01,4.253994399999999843e+01
4.000657147114999646e+01,-8.303757329693000599e+01,-2.960000000000000131e-02,6.120999999999999774e-01,-3.910139834600000197e-04,1.648932706173879881e+00,-1.155342940379999912e-02,8.717258599999999635e-01,-3.468851190000000195e-01,9.296407348399999648e+01,2.024000000000000000e+03,1.100000000000000000e+01,1.400000000000000000e+01,1.300000000000000000e+01,4.200000000000000000e+01,4.259333600000000075e+01
4.000657145828999717e+01,-8.303757292779999943e+01,-2.699999999999999969e-02,6.524999999999999689e-01,-1.692114209221400045e-01,1.611559342235039827e+00,9.528863869119999497e-02,8.727688850000000498e-01,-3.474715649999999822e-01,9.294972665599999573e+01,2.024000000000000000e+03,1.100000000000000000e+01,1.400000000000000000e+01,1.300000000000000000e+01,4.200000000000000000e+01,4.264688499999999749e+01
4.000657144550000055e+01,-8.303757253470000421e+01,-2.889999999999999861e-02,6.934000000000000163e-01,4.035994270699999956e-03,1.616640292453859873e+00,1.952720269766199945e-01,8.724525359999999452e-01,-3.541860589999999975e-01,9.293245225799999787e+01,2.024000000000000000e+03,1.100000000000000000e+01,1.400000000000000000e+01,1.300000000000000000e+01,4.200000000000000000e+01,4.269999399999999667e+01
4.000657142899999741e+01,-8.303757203287000266e+01,-3.059999999999999873e-02,7.380999999999999783e-01,7.061336677056000155e-02,1.500063738178160078e+00,1.349258027408000056e-02,8.793228419999999934e-01,-3.651371400000000267e-01,9.290720221600000173e+01,2.024000000000000000e+03,1.100000000000000000e+01,1.400000000000000000e+01,1.300000000000000000e+01,4.200000000000000000e+01,4.275256199999999751e+01
4.000657141567000252e+01,-8.303757159063999893e+01,-2.790000000000000119e-02,7.758000000000000451e-01,-1.748290140088999967e-01,1.493327055465959896e+00,-6.828736406419999572e-02,8.815324660000000145e-01,-3.713578650000000092e-01,9.288265417399999535e+01,2.024000000000000000e+03,1.100000000000000000e+01,1.400000000000000000e+01,1.300000000000000000e+01,4.200000000000000000e+01,4.280539600000000178e+01
4.000657140226999786e+01,-8.303757112613000402e+01,-3.109999999999999917e-02,8.143000000000000238e-01,8.231927973184000047e-02,1.546989901512960008e+00,2.072714140783999889e-02,8.776676740000000088e-01,-3.752214130000000036e-01,9.285405417500000169e+01,2.024000000000000000e+03,1.100000000000000000e+01,1.400000000000000000e+01,1.300000000000000000e+01,4.200000000000000000e+01,4.285815399999999897e+01
4.000657139945000296e+01,-8.303757103047000498e+01,-3.139999999999999736e-02,8.224000000000000199e-01,4.861427389243999642e-02,1.563690877515340194e+00,-7.954214857833999397e-02,8.777825000000000211e-01,-3.764147769999999782e-01,9.284778004999999723e+01,2.024000000000000000e+03,1.100000000000000000e+01,1.400000000000000000e+01,1.300000000000000000e+01,4.200000000000000000e+01,4.291121400000000108e+01
4.000657138428999815e+01,-8.303757053833000157e+01,-3.389999999999999958e-02,8.618000000000000105e-01,-1.017674806040000032e-02,1.567163584740419946e+00,-6.181437239797999555e-02,8.808521150000000466e-01,-3.806304730000000247e-01,9.281600911499999995e+01,2.024000000000000000e+03,1.100000000000000000e+01,1.400000000000000000e+01,1.300000000000000000e+01,4.200000000000000000e+01,4.296447100000000319e+01
4.000657135440000189e+01,-8.303756959497999901e+01,-3.960000000000000325e-02,9.323000000000000176e-01,1.275048697875000026e-01,1.546837704389440127e+00,-4.999063679600000004e-02,8.921173260000000438e-01,-3.878927560000000052e-01,9.275735824100000571e+01,2.024000000000000000e+03,1.100000000000000000e+01,1.400000000000000000e+01,1.300000000000000000e+01,4.200000000000000000e+01,4.301781700000000086e+01
4.000657133274000188e+01,-8.303756892737000328e+01,-4.030000000000000249e-02,9.764000000000000457e-01,-2.719962773953999921e-02,1.467744853170140029e+00,2.369901006240000049e-03,8.997305610000000398e-01,-3.882967310000000061e-01,9.271508397899999920e+01,2.024000000000000000e+03,1.100000000000000000e+01,1.400000000000000000e+01,1.300000000000000000e+01,4.200000000000000000e+01,4.307146500000000344e+01
4.000657131101999653e+01,-8.303756822833000228e+01,-3.889999999999999708e-02,1.022100000000000009e+00,-1.396779765312000099e-01,1.537740006420539984e+00,4.605356184181999546e-02,9.052476510000000420e-01,-3.815780599999999967e-01,9.267276121800000510e+01,2.024000000000000000e+03,1.100000000000000000e+01,1.400000000000000000e+01,1.300000000000000000e+01,4.200000000000000000e+01,4.312494300000000180e+01
4.000657129324000039e+01,-8.303756762030999994e+01,-3.810000000000000192e-02,1.062200000000000033e+00,-1.321945264300400102e-01,1.578301153004680213e+00,-5.268044011319999997e-02,9.092767379999999733e-01,-3.769301290000000026e-01,9.264283215099999325e+01,2.024000000000000000e+03,1.100000000000000000e+01,1.400000000000000000e+01,1.300000000000000000e+01,4.200000000000000000e+01,4.317829900000000265e+01
4.000657127673999724e+01,-8.303756698896999922e+01,-3.479999999999999760e-02,1.102200000000000069e+00,-1.757806608691200034e-01,1.598261834049139907e+00,-1.321383935115000019e-01,9.098466699999999685e-01,-3.716130109999999931e-01,9.261681350400000667e+01,2.024000000000000000e+03,1.100000000000000000e+01,1.400000000000000000e+01,1.300000000000000000e+01,4.200000000000000000e+01,4.323135299999999859e+01
4.000657125899000022e+01,-8.303756619991000321e+01,-3.130000000000000143e-02,1.152199999999999891e+00,-1.434899640727800019e-01,1.686243530339279983e+00,1.557189963298000017e-02,8.998546320000000431e-01,-3.666507809999999812e-01,9.258415045499999962e+01,2.024000000000000000e+03,1.100000000000000000e+01,1.400000000000000000e+01,1.300000000000000000e+01,4.200000000000000000e+01,4.328480700000000070e+01
4.000657124516000351e+01,-8.303756551604999459e+01,-3.059999999999999873e-02,1.192299999999999915e+00,-5.170955611189999995e-02,1.628514832295039794e+00,1.241491949563999948e-02,8.862697689999999850e-01,-3.666813569999999856e-01,9.255373687899999879e+01,2.024000000000000000e+03,1.100000000000000000e+01,1.400000000000000000e+01,1.300000000000000000e+01,4.200000000000000000e+01,4.333862599999999787e+01
4.000657122978999780e+01,-8.303756480775000171e+01,-3.579999999999999849e-02,1.234199999999999964e+00,1.137294441109399923e-01,1.670251231881540122e+00,1.338223735963200156e-01,8.796643140000000027e-01,-3.741919859999999765e-01,9.251901694299999690e+01,2.024000000000000000e+03,1.100000000000000000e+01,1.400000000000000000e+01,1.300000000000000000e+01,4.200000000000000000e+01,4.339200900000000161e+01
4.000657120910000231e+01,-8.303756392667000341e+01,-4.089999999999999886e-02,1.281300000000000106e+00,1.457709250612199969e-01,1.575952642419260030e+00,1.397135151245599838e-01,8.759952899999999820e-01,-3.884096949999999993e-01,9.247486372800000254e+01,2.024000000000000000e+03,1.100000000000000000e+01,1.400000000000000000e+01,1.300000000000000000e+01,4.200000000000000000e+01,4.344563800000000242e+01
4.000657119022000074e+01,-8.303756316816000549e+01,-4.340000000000000108e-02,1.317399999999999904e+00,7.253981930658000288e-02,1.462497886067560149e+00,8.202351960372000761e-02,8.717395279999999858e-01,-4.047457269999999996e-01,9.244061238400000491e+01,2.024000000000000000e+03,1.100000000000000000e+01,1.400000000000000000e+01,1.300000000000000000e+01,4.200000000000000000e+01,4.349848500000000229e+01
4.000657116511000311e+01,-8.303756223077999721e+01,-4.939999999999999947e-02,1.358400000000000052e+00,1.063860494437999932e-01,1.389719987418979841e+00,-2.398996743111999827e-02,8.697777500000000162e-01,-4.222843170000000201e-01,9.240847775400000330e+01,2.024000000000000000e+03,1.100000000000000000e+01,1.400000000000000000e+01,1.300000000000000000e+01,4.200000000000000000e+01,4.355257399999999990e+01
4.000657114212999943e+01,-8.303756142742000179e+01,-5.240000000000000213e-02,1.392600000000000060e+00,8.740234542815999985e-02,1.354522043267399889e+00,-7.658746023529999780e-02,8.794577190000000266e-01,-4.325523110000000226e-01,9.238961947699999655e+01,2.024000000000000000e+03,1.100000000000000000e+01,1.400000000000000000e+01,1.300000000000000000e+01,4.200000000000000000e+01,4.360632199999999870e+01
4.000657111884000017e+01,-8.303756060425999408e+01,-5.059999999999999915e-02,1.426099999999999923e+00,-1.174658761276400065e-01,1.331520038315300081e+00,-9.575274135839999257e-02,8.917548199999999481e-01,-4.387138950000000204e-01,9.237330339800000445e+01,2.024000000000000000e+03,1.100000000000000000e+01,1.400000000000000000e+01,1.300000000000000000e+01,4.200000000000000000e+01,4.365999500000000211e+01
4.000657109745999662e+01,-8.303755976121000515e+01,-4.399999999999999745e-02,1.460299999999999931e+00,-3.034544476244400157e-01,1.350069335232020107e+00,-9.307612040986000534e-02,8.916414089999999959e-01,-4.379485020000000173e-01,9.235207746199999690e+01,2.024000000000000000e+03,1.100000000000000000e+01,1.400000000000000000e+01,1.300000000000000000e+01,4.200000000000000000e+01,4.371278999999999826e+01
4.000657107586999928e+01,-8.303755872328000009e+01,-3.670000000000000345e-02,1.501200000000000090e+00,-3.671340660302400138e-01,1.359349655663679934e+00,-4.724191031380000141e-03,8.732270119999999691e-01,-4.321011450000000198e-01,9.231614345699999546e+01,2.024000000000000000e+03,1.100000000000000000e+01,1.400000000000000000e+01,1.300000000000000000e+01,4.200000000000000000e+01,4.376596399999999676e+01
4.000657106013999709e+01,-8.303755783571000393e+01,-3.269999999999999990e-02,1.537400000000000100e+00,-2.157313166517600134e-01,1.439426171805580079e+00,9.215687150979999520e-02,8.552258459999999562e-01,-4.289428849999999960e-01,9.227991554899999471e+01,2.024000000000000000e+03,1.100000000000000000e+01,1.400000000000000000e+01,1.300000000000000000e+01,4.200000000000000000e+01,4.381971699999999714e+01
4.000657104780999873e+01,-8.303755711011000074e+01,-3.330000000000000321e-02,1.567399999999999904e+00,-8.769653725036000158e-02,1.500073062731519968e+00,-3.204580742599999477e-02,8.410889089999999957e-01,-4.273271960000000202e-01,9.224872286500000484e+01,2.024000000000000000e+03,1.100000000000000000e+01,1.400000000000000000e+01,1.300000000000000000e+01,4.200000000000000000e+01,4.387443300000000335e+01
4.000657104139000353e+01,-8.303755674193999425e+01,-3.549999999999999684e-02,1.582699999999999996e+00,4.892165798174000213e-02,1.521733286789100026e+00,1.010690531064000093e-02,8.374639109999999498e-01,-4.293940010000000251e-01,9.223316016900000136e+01,2.024000000000000000e+03,1.100000000000000000e+01,1.400000000000000000e+01,1.300000000000000000e+01,4.200000000000000000e+01,4.392782499999999857e+01
4.000657101542000049e+01,-8.303755523638000113e+01,-3.440000000000000002e-02,1.636500000000000066e+00,-1.855049780436799911e-01,1.271863813761859863e+00,-2.347562522152000022e-02,8.192623380000000344e-01,-4.367768340000000027e-01,9.217656976000000668e+01,2.024000000000000000e+03,1.100000000000000000e+01,1.400000000000000000e+01,1.300000000000000000e+01,4.200000000000000000e+01,4.398159400000000119e+01
4.000657099431000319e+01,-8.303755388324999842e+01,-3.200000000000000067e-02,1.676600000000000090e+00,-2.073945719946000132e-01,1.082979273122719910e+00,-1.349616259393999866e-02,7.852031959999999922e-01,-4.256403329999999818e-01,9.213649585500000683e+01,2.024000000000000000e+03,1.100000000000000000e+01,1.400000000000000000e+01,1.300000000000000000e+01,4.200000000000000000e+01,4.403448800000000318e+01
4.000657097492000247e+01,-8.303755269802999806e+01,-4.159999999999999809e-02,1.712299999999999933e+00,2.373416804060999863e-01,1.222833762039120087e+00,1.711349024833999991e-02,7.571099610000000535e-01,-3.939189280000000015e-01,9.210089066199999763e+01,2.024000000000000000e+03,1.100000000000000000e+01,1.400000000000000000e+01,1.300000000000000000e+01,4.200000000000000000e+01,4.408715399999999818e+01
4.000657095558999998e+01,-8.303755168784999796e+01,-4.730000000000000177e-02,1.751900000000000013e+00,1.374840674030199938e-01,1.571627740280440166e+00,-4.827427524789999758e-02,7.551475330000000374e-01,-3.674566240000000095e-01,9.206360629799999629e+01,2.024000000000000000e+03,1.100000000000000000e+01,1.400000000000000000e+01,1.300000000000000000e+01,4.200000000000000000e+01,4.414094399999999752e+01
4.000657093339000170e+01,-8.303755044541999553e+01,-3.740000000000000269e-02,1.798000000000000043e+00,-4.337732556918200144e-01,1.489980348345379957e+00,-4.145548592589999581e-02,7.507444589999999751e-01,-3.595743100000000081e-01,9.201366063800000461e+01,2.024000000000000000e+03,1.100000000000000000e+01,1.400000000000000000e+01,1.300000000000000000e+01,4.200000000000000000e+01,4.419458099999999945e+01
4.000657092056999886e+01,-8.303754938903000493e+01,-2.409999999999999989e-02,1.825199999999999934e+00,-5.516602298018800088e-01,1.085718677258640019e+00,1.672400126655999852e-02,7.174750530000000293e-01,-3.590307970000000126e-01,9.197780049300000371e+01,2.024000000000000000e+03,1.100000000000000000e+01,1.400000000000000000e+01,1.300000000000000000e+01,4.200000000000000000e+01,4.424890099999999649e+01
4.000657091042000246e+01,-8.303754831733000685e+01,-2.419999999999999929e-02,1.850999999999999979e+00,-4.854692243546000069e-02,1.079911369386679976e+00,-6.858875014092000177e-02,6.758852560000000453e-01,-3.434965970000000146e-01,9.195167721900000402e+01,2.024000000000000000e+03,1.100000000000000000e+01,1.400000000000000000e+01,1.300000000000000000e+01,4.200000000000000000e+01,4.430194399999999888e+01
4.000657089498999852e+01,-8.303754700502000219e+01,-3.180000000000000188e-02,1.899699999999999944e+00,3.010818965126000127e-02,1.721337554520300017e+00,-8.239683311334000670e-02,6.509223779999999682e-01,-3.250013979999999969e-01,9.192455262299999674e+01,2.024000000000000000e+03,1.100000000000000000e+01,1.400000000000000000e+01,1.300000000000000000e+01,4.200000000000000000e+01,4.435518100000000175e+01
4.000657088057999999e+01,-8.303754588516000013e+01,-3.339999999999999913e-02,1.938600000000000101e+00,-9.808877064869998830e-02,1.541773614752220078e+00,-3.889193352438000129e-02,6.295790909999999796e-01,-3.383002789999999815e-01,9.190411574700000585e+01,2.024000000000000000e+03,1.100000000000000000e+01,1.400000000000000000e+01,1.300000000000000000e+01,4.200000000000000000e+01,4.440887399999999730e+01
4.000657086305999854e+01,-8.303754474839999489e+01,-4.469999999999999668e-02,1.959899999999999975e+00,3.178087068593000164e-01,9.319850945069199089e-01,8.319758314379999478e-03,6.068421250000000100e-01,-3.600190229999999936e-01,9.188466291299999966e+01,2.024000000000000000e+03,1.100000000000000000e+01,1.400000000000000000e+01,1.300000000000000000e+01,4.200000000000000000e+01,4.446310900000000288e+01
4.000657083638999723e+01,-8.303754336909000244e+01,-5.580000000000000238e-02,1.981200000000000072e+00,2.737620791516000018e-01,7.642377180405599546e-01,6.003826372723999882e-02,6.057781399999999650e-01,-3.587712000000000123e-01,9.186918053700000542e+01,2.024000000000000000e+03,1.100000000000000000e+01,1.400000000000000000e+01,1.300000000000000000e+01,4.200000000000000000e+01,4.451799199999999956e+01
4.000657081117999780e+01,-8.303754220486000293e+01,-5.920000000000000262e-02,2.007699999999999818e+00,5.372556812643999868e-02,1.045031995551820136e+00,3.122407331520399842e-01,6.181568410000000124e-01,-3.503917950000000059e-01,9.186358466299999748e+01,2.024000000000000000e+03,1.100000000000000000e+01,1.400000000000000000e+01,1.300000000000000000e+01,4.200000000000000000e+01,4.457214799999999855e+01
4.000657077878000223e+01,-8.303754078522000270e+01,-6.199999999999999956e-02,2.044700000000000184e+00,-3.274571391367999545e-02,1.204355645804939812e+00,-5.470448003945999754e-02,6.396940159999999764e-01,-3.511232550000000230e-01,9.185832951199999741e+01,2.024000000000000000e+03,1.100000000000000000e+01,1.400000000000000000e+01,1.300000000000000000e+01,4.200000000000000000e+01,4.462561300000000131e+01
4.000657075254000006e+01,-8.303753958350999653e+01,-5.750000000000000250e-02,2.072299999999999809e+00,-2.404317064298599760e-01,1.094717699549399903e+00,-2.375661419707199851e-01,6.452509349999999699e-01,-3.621235859999999973e-01,9.185003801899999587e+01,2.024000000000000000e+03,1.100000000000000000e+01,1.400000000000000000e+01,1.300000000000000000e+01,4.200000000000000000e+01,4.467987099999999856e+01
4.000657072146999838e+01,-8.303753812237999909e+01,-5.999999999999999778e-02,2.099000000000000199e+00,-1.511767593608999982e-01,9.181325118713800082e-01,-7.387799206235999561e-02,6.498727709999999602e-01,-3.741636680000000048e-01,9.183681185800000435e+01,2.024000000000000000e+03,1.100000000000000000e+01,1.400000000000000000e+01,1.300000000000000000e+01,4.200000000000000000e+01,4.473245299999999958e+01
4.000657069337000138e+01,-8.303753689085999667e+01,-6.729999999999999871e-02,2.120299999999999851e+00,2.275995259374999913e-01,8.822524094266400718e-01,1.882860208176000139e-02,6.696367410000000353e-01,-3.761990669999999981e-01,9.183154867599999704e+01,2.024000000000000000e+03,1.100000000000000000e+01,1.400000000000000000e+01,1.300000000000000000e+01,4.200000000000000000e+01,4.478623400000000032e+01
4.000657066352000157e+01,-8.303753564507999840e+01,-6.990000000000000380e-02,2.146500000000000075e+00,1.125109198757799911e-01,1.044231522276559909e+00,6.608004004588000080e-02,7.015158120000000164e-01,-3.783024440000000155e-01,9.183401164500000391e+01,2.024000000000000000e+03,1.100000000000000000e+01,1.400000000000000000e+01,1.300000000000000000e+01,4.200000000000000000e+01,4.484165800000000246e+01
4.000657065114999966e+01,-8.303753514221000387e+01,-7.099999999999999367e-02,2.158100000000000129e+00,1.036302704299400107e-01,1.104225318746820061e+00,1.824796565246799840e-01,7.098379420000000550e-01,-3.801299619999999879e-01,9.183644243899999537e+01,2.024000000000000000e+03,1.100000000000000000e+01,1.400000000000000000e+01,1.300000000000000000e+01,4.200000000000000000e+01,4.489593500000000148e+01
4.000657061369999923e+01,-8.303753361817000211e+01,-7.230000000000000315e-02,2.191399999999999793e+00,4.051479343845999781e-02,1.098561258027620058e+00,-1.641384963833400212e-01,7.390826809999999636e-01,-3.956898810000000211e-01,9.184568749199999615e+01,2.024000000000000000e+03,1.100000000000000000e+01,1.400000000000000000e+01,1.300000000000000000e+01,4.200000000000000000e+01,4.494935499999999706e+01
4.000657055320999689e+01,-8.303753128991999688e+01,-7.989999999999999880e-02,2.239599999999999813e+00,1.151204877128200049e-01,1.094176011351639888e+00,-2.259709639708800122e-01,7.886219089999999543e-01,-4.187863909999999801e-01,9.184825365400000408e+01,2.024000000000000000e+03,1.100000000000000000e+01,1.400000000000000000e+01,1.300000000000000000e+01,4.200000000000000000e+01,4.500486599999999981e+01
4.000657052193000141e+01,-8.303752997558000004e+01,-6.790000000000000202e-02,2.263500000000000068e+00,-4.509550807044999665e-01,9.519820072083999829e-01,-1.397048676102400078e-01,8.097918899999999587e-01,-4.306340630000000114e-01,9.184727676599999313e+01,2.024000000000000000e+03,1.100000000000000000e+01,1.400000000000000000e+01,1.300000000000000000e+01,4.200000000000000000e+01,4.505966399999999794e+01
4.000657049501000273e+01,-8.303752864877999684e+01,-5.970000000000000306e-02,2.282300000000000217e+00,-2.764437248115000356e-01,7.476465288012800192e-01,1.190201331944800156e-01,8.099118549999999583e-01,-4.312310300000000152e-01,9.184975754200000608e+01,2.024000000000000000e+03,1.100000000000000000e+01,1.400000000000000000e+01,1.300000000000000000e+01,4.200000000000000000e+01,4.511349400000000287e+01
4.000657046700000308e+01,-8.303752704209999536e+01,-5.079999999999999793e-02,2.305299999999999905e+00,-3.251410443600800115e-01,7.927203322203800751e-01,2.027632393790800014e-01,8.021984890000000146e-01,-4.115991330000000059e-01,9.186058879200000149e+01,2.024000000000000000e+03,1.100000000000000000e+01,1.400000000000000000e+01,1.300000000000000000e+01,4.200000000000000000e+01,4.516698099999999982e+01
4.000657044609999957e+01,-8.303752568813000323e+01,-4.780000000000000221e-02,2.333000000000000185e+00,-1.816997738689999919e-01,1.123956951092379919e+00,1.534807004928000207e-01,7.874371249999999600e-01,-3.892363649999999731e-01,9.186964588899999740e+01,2.024000000000000000e+03,1.100000000000000000e+01,1.400000000000000000e+01,1.300000000000000000e+01,4.200000000000000000e+01,4.522208100000000286e+01
4.000657042038999833e+01,-8.303752403903999380e+01,-5.020000000000000157e-02,2.373200000000000198e+00,-9.226957057916000682e-02,1.328040591386000058e+00,1.818736893144000041e-02,7.671539379999999797e-01,-3.856594380000000211e-01,9.187188563899999849e+01,2.024000000000000000e+03,1.100000000000000000e+01,1.400000000000000000e+01,1.300000000000000000e+01,4.200000000000000000e+01,4.527736600000000067e+01
4.000657039679000349e+01,-8.303752264553999396e+01,-5.720000000000000084e-02,2.399900000000000144e+00,1.438241402968999938e-01,1.091577408772119950e+00,1.478573527460800008e-01,7.483996550000000525e-01,-4.037233909999999870e-01,9.187059295699999950e+01,2.024000000000000000e+03,1.100000000000000000e+01,1.400000000000000000e+01,1.300000000000000000e+01,4.200000000000000000e+01,4.533144599999999969e+01
4.000657036343000073e+01,-8.303752095340999517e+01,-6.940000000000000335e-02,2.429800000000000182e+00,2.795115921798799752e-01,1.027860540988779992e+00,6.001366731276000510e-02,7.512429880000000004e-01,-4.321918450000000189e-01,9.187192478000000051e+01,2.024000000000000000e+03,1.100000000000000000e+01,1.400000000000000000e+01,1.300000000000000000e+01,4.200000000000000000e+01,4.538582000000000249e+01
4.000657033294000087e+01,-8.303751952756999799e+01,-7.149999999999999412e-02,2.452999999999999847e+00,1.975397177999999726e-02,9.344323788925199548e-01,-1.469071735140800028e-01,7.659988540000000068e-01,-4.543918439999999892e-01,9.187458358199999964e+01,2.024000000000000000e+03,1.100000000000000000e+01,1.400000000000000000e+01,1.300000000000000000e+01,4.200000000000000000e+01,4.544078999999999979e+01
4.000657029679999965e+01,-8.303751779776999342e+01,-6.590000000000000024e-02,2.483699999999999797e+00,-2.999108102534600029e-01,1.048412505987079912e+00,8.587075743535999006e-02,7.786310050000000427e-01,-4.812734430000000230e-01,9.187977458700000000e+01,2.024000000000000000e+03,1.100000000000000000e+01,1.400000000000000000e+01,1.300000000000000000e+01,4.200000000000000000e+01,4.549588399999999666e+01
4.000657027097999929e+01,-8.303751633951000599e+01,-5.709999999999999798e-02,2.507800000000000029e+00,-2.907829726831400174e-01,9.064226705414799579e-01,-1.359422882399600185e-01,7.655490919999999866e-01,-5.121671330000000522e-01,9.188266438600000185e+01,2.024000000000000000e+03,1.100000000000000000e+01,1.400000000000000000e+01,1.300000000000000000e+01,4.200000000000000000e+01,4.554999600000000015e+01
4.000657023963000114e+01,-8.303751457807000236e+01,-6.750000000000000444e-02,2.517199999999999882e+00,5.357382282409599572e-01,2.665116936904199929e-01,-2.874103770831000215e-01,7.502045360000000329e-01,-5.165744829999999732e-01,9.187919413999999563e+01,2.024000000000000000e+03,1.100000000000000000e+01,1.400000000000000000e+01,1.300000000000000000e+01,4.200000000000000000e+01,4.560396500000000231e+01
4.000657020829000032e+01,-8.303751310011999465e+01,-7.920000000000000651e-02,2.540200000000000014e+00,5.356068093995999257e-01,8.703617604443399935e-01,1.498369910693999989e-02,7.772083579999999881e-01,-4.938723170000000051e-01,9.187414306099999806e+01,2.024000000000000000e+03,1.100000000000000000e+01,1.400000000000000000e+01,1.300000000000000000e+01,4.200000000000000000e+01,4.565747900000000215e+01
4.000657017500999757e+01,-8.303751160662000075e+01,-7.459999999999999964e-02,2.570800000000000196e+00,-2.255776034292199805e-01,1.170403472936299982e+00,-6.542965053979999702e-03,8.096074749999999653e-01,-4.809217590000000042e-01,9.187035568800000362e+01,2.024000000000000000e+03,1.100000000000000000e+01,1.400000000000000000e+01,1.300000000000000000e+01,4.200000000000000000e+01,4.571248200000000139e+01
4.000657014458000305e+01,-8.303751009604999922e+01,-6.539999999999999980e-02,2.599600000000000133e+00,-4.222369454310400116e-01,1.121890490528079987e+00,-8.725759292328000294e-02,8.061985080000000359e-01,-4.837661839999999880e-01,9.187049292000000378e+01,2.024000000000000000e+03,1.100000000000000000e+01,1.400000000000000000e+01,1.300000000000000000e+01,4.200000000000000000e+01,4.576687600000000344e+01
4.000657010682999726e+01,-8.303750826449000044e+01,-7.739999999999999658e-02,2.625500000000000167e+00,3.528126286146399671e-01,8.950518898696999681e-01,2.277525433258200116e-01,7.988689730000000377e-01,-4.907395130000000161e-01,9.188050508700000307e+01,2.024000000000000000e+03,1.100000000000000000e+01,1.400000000000000000e+01,1.300000000000000000e+01,4.200000000000000000e+01,4.582173399999999930e+01
4.000657007897000028e+01,-8.303750703324999449e+01,-8.169999999999999485e-02,2.641999999999999904e+00,1.717867823131999927e-01,8.308883770943199520e-01,1.563280268188400046e-01,8.186630070000000536e-01,-4.917756930000000137e-01,9.189328474100000221e+01,2.024000000000000000e+03,1.100000000000000000e+01,1.400000000000000000e+01,1.300000000000000000e+01,4.200000000000000000e+01,4.587743400000000094e+01
4.000657006518000003e+01,-8.303750641496999663e+01,-7.939999999999999836e-02,2.649300000000000210e+00,-5.873963073315999900e-02,7.729520538433800603e-01,8.863027152870001091e-02,8.288447860000000000e-01,-4.895721920000000171e-01,9.189921829499999717e+01,2.024000000000000000e+03,1.100000000000000000e+01,1.400000000000000000e+01,1.300000000000000000e+01,4.200000000000000000e+01,4.593174400000000190e+01
4.000657000497000126e+01,-8.303750360729999613e+01,-7.510000000000000009e-02,2.689200000000000035e+00,-4.820406495471999536e-02,8.986576602851400475e-01,5.157246669234000214e-02,8.396879609999999827e-01,-4.716919829999999814e-01,9.190608220599999356e+01,2.024000000000000000e+03,1.100000000000000000e+01,1.400000000000000000e+01,1.300000000000000000e+01,4.200000000000000000e+01,4.598740099999999842e+01
4.000656996611999716e+01,-8.303750171098999999e+01,-7.910000000000000364e-02,2.721299999999999830e+00,1.776728541059000022e-01,1.089370025962099975e+00,-6.678498192676000922e-02,8.316720250000000370e-01,-4.635253899999999816e-01,9.190044454399999552e+01,2.024000000000000000e+03,1.100000000000000000e+01,1.400000000000000000e+01,1.300000000000000000e+01,4.200000000000000000e+01,4.604077900000000056e+01
4.000656991902000215e+01,-8.303749947129000475e+01,-7.630000000000000671e-02,2.754100000000000215e+00,-2.759405148836999722e-01,8.814571686702999953e-01,-2.542401811246400301e-01,8.515922980000000253e-01,-4.670216689999999726e-01,9.190466769100000022e+01,2.024000000000000000e+03,1.100000000000000000e+01,1.400000000000000000e+01,1.300000000000000000e+01,4.200000000000000000e+01,4.609519099999999980e+01
4.000656988787999779e+01,-8.303749785747000089e+01,-7.030000000000000138e-02,2.770799999999999930e+00,-2.693744531309399948e-01,6.837697120713599475e-01,-2.614370097913599755e-01,8.520931029999999629e-01,-4.608967090000000155e-01,9.191525039900000138e+01,2.024000000000000000e+03,1.100000000000000000e+01,1.400000000000000000e+01,1.300000000000000000e+01,4.200000000000000000e+01,4.615096599999999682e+01
4.000656985098000007e+01,-8.303749590609000109e+01,-7.389999999999999347e-02,2.796300000000000008e+00,8.565427753384000087e-02,8.860413030754200614e-01,2.322024173738999886e-01,8.431067490000000442e-01,-4.481370419999999855e-01,9.192448793600000556e+01,2.024000000000000000e+03,1.100000000000000000e+01,1.400000000000000000e+01,1.300000000000000000e+01,4.200000000000000000e+01,4.620622000000000185e+01
4.000656981712999993e+01,-8.303749426557000390e+01,-8.219999999999999529e-02,2.818200000000000038e+00,2.297610466760999781e-01,8.662762294986401379e-01,1.740249566201999831e-01,8.524722930000000476e-01,-4.465366479999999805e-01,9.192603147399999841e+01,2.024000000000000000e+03,1.100000000000000000e+01,1.400000000000000000e+01,1.300000000000000000e+01,4.200000000000000000e+01,4.625965399999999761e+01
4.000656978077000048e+01,-8.303749261391000402e+01,-8.569999999999999840e-02,2.834600000000000009e+00,5.829108641601999513e-02,6.340695962101999816e-01,7.628895604916000051e-02,8.735312020000000066e-01,-4.460500290000000145e-01,9.192480304900000476e+01,2.024000000000000000e+03,1.100000000000000000e+01,1.400000000000000000e+01,1.300000000000000000e+01,4.200000000000000000e+01,4.631424200000000013e+01
4.000656974272000355e+01,-8.303749095253000689e+01,-9.039999999999999425e-02,2.852100000000000080e+00,1.597473136079199940e-01,7.281363246792200705e-01,-5.874737482000000073e-05,8.922977050000000521e-01,-4.363011439999999741e-01,9.192118479299999478e+01,2.024000000000000000e+03,1.100000000000000000e+01,1.400000000000000000e+01,1.300000000000000000e+01,4.200000000000000000e+01,4.636728999999999701e+01
4.000656969930999907e+01,-8.303748894366999878e+01,-7.989999999999999880e-02,2.875599999999999934e+00,-3.540113538391199688e-01,7.382023302352200833e-01,8.106899921432000888e-02,8.946879709999999708e-01,-4.276816960000000001e-01,9.192224985599999343e+01,2.024000000000000000e+03,1.100000000000000000e+01,1.400000000000000000e+01,1.300000000000000000e+01,4.200000000000000000e+01,4.642212299999999914e+01
4.000656965809999832e+01,-8.303748692002000098e+01,-7.889999999999999791e-02,2.896399999999999864e+00,-6.351010074815999218e-02,7.143705723471800439e-01,-3.145709492618399827e-01,8.909568340000000308e-01,-4.146046890000000262e-01,9.193084769099999676e+01,2.024000000000000000e+03,1.100000000000000000e+01,1.400000000000000000e+01,1.300000000000000000e+01,4.200000000000000000e+01,4.647686800000000318e+01
4.000656962504999825e+01,-8.303748522147000699e+01,-7.480000000000000537e-02,2.916100000000000136e+00,-2.296137538548599921e-01,7.821381939137200812e-01,-1.731534232645799976e-01,8.944380269999999689e-01,-4.011326100000000006e-01,9.194273871199999348e+01,2.024000000000000000e+03,1.100000000000000000e+01,1.400000000000000000e+01,1.300000000000000000e+01,4.200000000000000000e+01,4.653173100000000062e+01
4.000656958860999879e+01,-8.303748316656999862e+01,-6.869999999999999718e-02,2.942000000000000171e+00,-1.731842160606399950e-01,7.988067466328799826e-01,2.073038832263600084e-01,8.850976369999999926e-01,-3.988753509999999891e-01,9.195420093200000622e+01,2.024000000000000000e+03,1.100000000000000000e+01,1.400000000000000000e+01,1.300000000000000000e+01,4.200000000000000000e+01,4.658807999999999794e+01
4.000656955795000158e+01,-8.303748144240999807e+01,-7.420000000000000207e-02,2.957399999999999807e+00,1.960435646007200050e-01,6.131935713263800825e-01,-5.131391664275999909e-02,8.634554669999999765e-01,-3.965838360000000229e-01,9.195467253500000027e+01,2.024000000000000000e+03,1.100000000000000000e+01,1.400000000000000000e+01,1.300000000000000000e+01,4.200000000000000000e+01,4.664213199999999659e+01
4.000656951943999928e+01,-8.303747936143000175e+01,-7.489999999999999436e-02,2.977399999999999824e+00,-3.832090554327999971e-02,7.217558137592199330e-01,9.166573803522000408e-02,8.476197109999999979e-01,-3.833474599999999732e-01,9.195705459699999551e+01,2.024000000000000000e+03,1.100000000000000000e+01,1.400000000000000000e+01,1.300000000000000000e+01,4.200000000000000000e+01,4.669547200000000231e+01
4.000656948734999929e+01,-8.303747761518999937e+01,-7.539999999999999480e-02,2.998000000000000220e+00,1.490909870252000134e-02,8.546977083188199709e-01,4.374703652033999635e-02,8.299897790000000386e-01,-3.734094499999999761e-01,9.196239683999999670e+01,2.024000000000000000e+03,1.100000000000000000e+01,1.400000000000000000e+01,1.300000000000000000e+01,4.200000000000000000e+01,4.674975799999999992e+01
4.000656944392000014e+01,-8.303747550120000653e+01,-9.039999999999999425e-02,3.028399999999999981e+00,4.319188979616199742e-01,9.993240861349599324e-01,4.973644680105999971e-02,8.223445510000000347e-01,-3.812696210000000030e-01,9.196616075800000090e+01,2.024000000000000000e+03,1.100000000000000000e+01,1.400000000000000000e+01,1.300000000000000000e+01,4.200000000000000000e+01,4.680447300000000155e+01
4.000656940332999767e+01,-8.303747372556000528e+01,-9.560000000000000442e-02,3.046199999999999797e+00,1.412505413255999986e-01,6.997555449420400642e-01,6.203859864619999664e-03,8.426859039999999856e-01,-4.010840929999999749e-01,9.197048194100000273e+01,2.024000000000000000e+03,1.100000000000000000e+01,1.400000000000000000e+01,1.300000000000000000e+01,4.200000000000000000e+01,4.685891699999999815e+01
4.000656939500999698e+01,-8.303747336937999535e+01,-9.619999999999999385e-02,3.048500000000000210e+00,1.142566576397799905e-01,6.182847973498000194e-01,8.829807585278000304e-02,8.480014660000000370e-01,-4.045180609999999843e-01,9.197177335199999959e+01,2.024000000000000000e+03,1.100000000000000000e+01,1.400000000000000000e+01,1.300000000000000000e+01,4.200000000000000000e+01,4.691501999999999839e+01
4.000656932148000067e+01,-8.303747014674999605e+01,-9.279999999999999361e-02,3.076499999999999790e+00,-1.296650940359799775e-01,6.028152853543199408e-01,-4.074437254600000243e-04,8.792429840000000052e-01,-4.126058930000000013e-01,9.197794971999999802e+01,2.024000000000000000e+03,1.100000000000000000e+01,1.400000000000000000e+01,1.300000000000000000e+01,4.200000000000000000e+01,4.697135099999999852e+01
4.000656927304000021e+01,-8.303746797975999527e+01,-8.830000000000000349e-02,3.099200000000000177e+00,-2.521489775856399773e-01,7.478531168363200532e-01,1.432457215141999876e-02,8.905593800000000115e-01,-4.164439919999999851e-01,9.197877100899999903e+01,2.024000000000000000e+03,1.100000000000000000e+01,1.400000000000000000e+01,1.300000000000000000e+01,4.200000000000000000e+01,4.702526300000000248e+01
4.000656922793999826e+01,-8.303746579597999755e+01,-8.150000000000000300e-02,3.123099999999999987e+00,-2.078928710836999705e-01,7.924379263623000380e-01,-7.242035215153999617e-02,8.832481540000000075e-01,-4.233876799999999885e-01,9.198156306600000676e+01,2.024000000000000000e+03,1.100000000000000000e+01,1.400000000000000000e+01,1.300000000000000000e+01,4.200000000000000000e+01,4.707992399999999833e+01
4.000656918328999723e+01,-8.303746359733000304e+01,-8.699999999999999400e-02,3.141099999999999781e+00,2.240966240029000078e-01,5.756826548167799373e-01,-1.455782567027999810e-02,8.807560190000000011e-01,-4.311770719999999946e-01,9.198778396400000190e+01,2.024000000000000000e+03,1.100000000000000000e+01,1.400000000000000000e+01,1.300000000000000000e+01,4.200000000000000000e+01,4.713341499999999940e+01
4.000656914270999920e+01,-8.303746175681000352e+01,-9.619999999999999385e-02,3.152699999999999836e+00,4.034677457963599667e-01,4.959337701099399975e-01,1.975564052593599962e-01,8.991030770000000283e-01,-4.258610970000000218e-01,9.199429290700000195e+01,2.024000000000000000e+03,1.100000000000000000e+01,1.400000000000000000e+01,1.300000000000000000e+01,4.200000000000000000e+01,4.718759099999999762e+01
4.000656909357999780e+01,-8.303745953342999542e+01,-8.530000000000000082e-02,3.180299999999999905e+00,-5.281991655902200655e-01,8.672800571054399832e-01,6.661934626682000649e-02,9.104070850000000048e-01,-4.227336589999999839e-01,9.200376618500000347e+01,2.024000000000000000e+03,1.100000000000000000e+01,1.400000000000000000e+01,1.300000000000000000e+01,4.200000000000000000e+01,4.724326899999999796e+01
4.000656905847999667e+01,-8.303745766753000623e+01,-7.389999999999999347e-02,3.200000000000000178e+00,-4.434253458192399799e-01,7.920432452847200322e-01,5.203119802858000020e-02,8.716465530000000461e-01,-4.308067950000000201e-01,9.201254464900000585e+01,2.024000000000000000e+03,1.100000000000000000e+01,1.400000000000000000e+01,1.300000000000000000e+01,4.200000000000000000e+01,4.729839299999999724e+01
4.000656902283999727e+01,-8.303745579155000200e+01,-8.379999999999999949e-02,3.214399999999999924e+00,3.123861849266399981e-01,5.837453721350399638e-01,9.075750411744000490e-02,8.394370970000000209e-01,-4.453581420000000124e-01,9.202117841199999759e+01,2.024000000000000000e+03,1.100000000000000000e+01,1.400000000000000000e+01,1.300000000000000000e+01,4.200000000000000000e+01,4.735208899999999943e+01
4.000656897449000127e+01,-8.303745353077999880e+01,-9.439999999999999780e-02,3.227799999999999780e+00,2.430439389954800189e-01,5.047672746018799783e-01,-7.839076840936000379e-02,8.513881420000000144e-01,-4.516729580000000133e-01,9.203504687000000217e+01,2.024000000000000000e+03,1.100000000000000000e+01,1.400000000000000000e+01,1.300000000000000000e+01,4.200000000000000000e+01,4.740620700000000198e+01
4.000656893256999780e+01,-8.303745163879000302e+01,-9.450000000000000067e-02,3.240600000000000147e+00,-3.003741763039999985e-03,5.116404706852000217e-01,-1.023478213327399938e-01,8.639955559999999979e-01,-4.489656920000000273e-01,9.204680107299999747e+01,2.024000000000000000e+03,1.100000000000000000e+01,1.400000000000000000e+01,1.300000000000000000e+01,4.200000000000000000e+01,4.746158499999999947e+01
4.000656889004999783e+01,-8.303744973909999771e+01,-9.790000000000000091e-02,3.254100000000000215e+00,1.755116082834599911e-01,5.436050352349199866e-01,-8.089196336098000706e-02,8.639649489999999821e-01,-4.405682129999999863e-01,9.205635901200000148e+01,2.024000000000000000e+03,1.100000000000000000e+01,1.400000000000000000e+01,1.300000000000000000e+01,4.200000000000000000e+01,4.751523999999999859e+01
4.000656883508000305e+01,-8.303744744751000439e+01,-1.045999999999999985e-01,3.273899999999999810e+00,1.000807435564000092e-01,6.634547891593000069e-01,4.088895986576000091e-02,8.798835360000000216e-01,-4.359411040000000237e-01,9.206719526999999914e+01,2.024000000000000000e+03,1.100000000000000000e+01,1.400000000000000000e+01,1.300000000000000000e+01,4.200000000000000000e+01,4.757077600000000217e+01
4.000656878979999931e+01,-8.303744552668999290e+01,-1.009000000000000036e-01,3.291799999999999837e+00,-1.171724307821600114e-01,6.909096999508199666e-01,-1.232587376195999895e-01,8.911843489999999868e-01,-4.386799299999999957e-01,9.207396140999999545e+01,2.024000000000000000e+03,1.100000000000000000e+01,1.400000000000000000e+01,1.300000000000000000e+01,4.200000000000000000e+01,4.762386500000000211e+01
4.000656873466000008e+01,-8.303744321112999671e+01,-1.047000000000000014e-01,3.304100000000000037e+00,1.223292027186200087e-01,3.818472929686800299e-01,-1.603019293191400019e-01,9.036595939999999549e-01,-4.398930010000000057e-01,9.207854471400000307e+01,2.024000000000000000e+03,1.100000000000000000e+01,1.400000000000000000e+01,1.300000000000000000e+01,4.200000000000000000e+01,4.767832400000000348e+01
4.000656867824999807e+01,-8.303744088698999803e+01,-1.032000000000000001e-01,3.317200000000000149e+00,-1.558707164443599857e-01,4.498288379637199741e-01,4.876738893976000078e-02,9.280980300000000183e-01,-4.247475070000000241e-01,9.208320287600000142e+01,2.024000000000000000e+03,1.100000000000000000e+01,1.400000000000000000e+01,1.300000000000000000e+01,4.200000000000000000e+01,4.773354599999999692e+01
4.000656863433999888e+01,-8.303743894254999702e+01,-9.550000000000000155e-02,3.329899999999999860e+00,-2.869611011298600078e-01,4.963676673200799749e-01,5.755559501916000797e-02,9.293262359999999722e-01,-4.037499449999999990e-01,9.209164267600000642e+01,2.024000000000000000e+03,1.100000000000000000e+01,1.400000000000000000e+01,1.300000000000000000e+01,4.200000000000000000e+01,4.778985600000000034e+01
4.000656858226999901e+01,-8.303743659606000449e+01,-9.610000000000000486e-02,3.353299999999999947e+00,-1.123585987334799891e-01,7.484677978135200194e-01,-7.902739584834000963e-02,9.259962430000000522e-01,-3.871255719999999734e-01,9.210519705500000498e+01,2.024000000000000000e+03,1.100000000000000000e+01,1.400000000000000000e+01,1.300000000000000000e+01,4.200000000000000000e+01,4.784617200000000281e+01
4.000656857356000273e+01,-8.303743620349000309e+01,-9.690000000000000002e-02,3.356899999999999995e+00,-4.357180623430000066e-02,7.265428650617000716e-01,-1.570188790942199930e-01,9.264404910000000326e-01,-3.855222999999999844e-01,9.210848466000000201e+01,2.024000000000000000e+03,1.100000000000000000e+01,1.400000000000000000e+01,1.300000000000000000e+01,4.200000000000000000e+01,4.790287599999999912e+01
4.000656851038999662e+01,-8.303743344624000144e+01,-1.015999999999999959e-01,3.373499999999999943e+00,-6.923949234200000094e-04,3.877190624506600125e-01,-9.494610150085999734e-02,9.349531779999999959e-01,-3.807458859999999778e-01,9.212799193899999750e+01,2.024000000000000000e+03,1.100000000000000000e+01,1.400000000000000000e+01,1.300000000000000000e+01,4.200000000000000000e+01,4.795762500000000017e+01
4.000656843688999942e+01,-8.303743028395000181e+01,-1.064999999999999974e-01,3.385400000000000187e+00,2.413921749624400315e-01,3.894696928506999889e-01,1.353775522146599963e-01,9.343625300000000244e-01,-3.437626120000000229e-01,9.214127315999999723e+01,2.024000000000000000e+03,1.100000000000000000e+01,1.400000000000000000e+01,1.300000000000000000e+01,4.200000000000000000e+01,4.801155299999999926e+01
4.000656838985999997e+01,-8.303742829828000538e+01,-1.006999999999999978e-01,3.400799999999999823e+00,-2.245243471756999953e-01,5.145931172165799650e-01,-2.904357263901999886e-01,9.327722760000000113e-01,-3.173221010000000231e-01,9.214712625299999615e+01,2.024000000000000000e+03,1.100000000000000000e+01,1.400000000000000000e+01,1.300000000000000000e+01,4.200000000000000000e+01,4.806711800000000068e+01
4.000656833528999812e+01,-8.303742590122999445e+01,-9.969999999999999696e-02,3.428100000000000147e+00,-4.891788070808000127e-02,9.157737678285399197e-01,8.999418627322000597e-02,9.225950800000000118e-01,-2.991429219999999778e-01,9.215379735599999833e+01,2.024000000000000000e+03,1.100000000000000000e+01,1.400000000000000000e+01,1.300000000000000000e+01,4.200000000000000000e+01,4.812188600000000349e+01
4.000656827921000058e+01,-8.303742348877999291e+01,-1.063000000000000056e-01,3.445800000000000196e+00,2.371304525426199683e-01,5.783023110829199620e-01,-1.369130075783999909e-02,9.306569199999999986e-01,-3.077276600000000140e-01,9.215497139500000401e+01,2.024000000000000000e+03,1.100000000000000000e+01,1.400000000000000000e+01,1.300000000000000000e+01,4.200000000000000000e+01,4.817775799999999720e+01
4.000656823186000111e+01,-8.303742147248000549e+01,-1.052000000000000018e-01,3.448900000000000077e+00,8.491487993163999992e-02,1.647725701124999886e-01,1.624737775272399876e-01,9.420506220000000042e-01,-3.059727899999999945e-01,9.214640133000000333e+01,2.024000000000000000e+03,1.100000000000000000e+01,1.400000000000000000e+01,1.300000000000000000e+01,4.200000000000000000e+01,4.823274399999999673e+01
4.000656817585999647e+01,-8.303741904702999932e+01,-9.950000000000000511e-02,3.462499999999999911e+00,-2.364730571498799838e-01,5.007097834363199995e-01,2.446623638855400240e-01,9.400085089999999921e-01,-2.867740019999999723e-01,9.212787264799999321e+01,2.024000000000000000e+03,1.100000000000000000e+01,1.400000000000000000e+01,1.300000000000000000e+01,4.200000000000000000e+01,4.828884299999999996e+01
4.000656811983999717e+01,-8.303741660714000261e+01,-1.013000000000000012e-01,3.487800000000000011e+00,-1.239721387827599913e-01,8.069905094794799227e-01,-4.880964561662000378e-02,9.357537489999999680e-01,-2.843148650000000277e-01,9.211266043700000239e+01,2.024000000000000000e+03,1.100000000000000000e+01,1.400000000000000000e+01,1.300000000000000000e+01,4.200000000000000000e+01,4.834444299999999828e+01
4.000656807381000135e+01,-8.303741456087999495e+01,-9.790000000000000091e-02,3.507800000000000029e+00,-2.681914918191800057e-01,7.929199087649000388e-01,-1.923746033710400094e-01,9.372147050000000368e-01,-3.040167140000000212e-01,9.211265757399999643e+01,2.024000000000000000e+03,1.100000000000000000e+01,1.400000000000000000e+01,1.300000000000000000e+01,4.200000000000000000e+01,4.839948799999999807e+01
4.000656802467000261e+01,-8.303741209455000671e+01,-8.599999999999999312e-02,3.519800000000000040e+00,-2.598254865840600170e-01,4.200993665469000549e-01,-2.189525300246799866e-01,9.138285619999999554e-01,-3.313511889999999904e-01,9.212467601599999512e+01,2.024000000000000000e+03,1.100000000000000000e+01,1.400000000000000000e+01,1.300000000000000000e+01,4.200000000000000000e+01,4.845643700000000109e+01
4.000656798261000091e+01,-8.303741003355000316e+01,-9.329999999999999405e-02,3.526299999999999990e+00,9.246700284568000472e-02,2.708415374845200008e-01,1.033991299975799971e-01,8.925657510000000183e-01,-3.477999130000000161e-01,9.213436354399999573e+01,2.024000000000000000e+03,1.100000000000000000e+01,1.400000000000000000e+01,1.300000000000000000e+01,4.200000000000000000e+01,4.851299099999999953e+01
4.000656793188999671e+01,-8.303740755465000234e+01,-9.210000000000000131e-02,3.536999999999999922e+00,-6.883100242397999224e-02,4.134025899091200440e-01,6.349949277262000036e-02,8.676041270000000027e-01,-3.513726850000000179e-01,9.214043439200000307e+01,2.024000000000000000e+03,1.100000000000000000e+01,1.400000000000000000e+01,1.300000000000000000e+01,4.200000000000000000e+01,4.856776399999999683e+01
4.000656788709999745e+01,-8.303740548160999424e+01,-1.020999999999999963e-01,3.548599999999999977e+00,3.033304352963400174e-01,4.361769218916999868e-01,-1.755652996514800168e-01,8.498107940000000360e-01,-3.537928989999999940e-01,9.214125861799999484e+01,2.024000000000000000e+03,1.100000000000000000e+01,1.400000000000000000e+01,1.300000000000000000e+01,4.200000000000000000e+01,4.862257100000000065e+01
4.000656782754000318e+01,-8.303740298613999471e+01,-1.155999999999999944e-01,3.561100000000000154e+00,4.316730734864799857e-01,4.676895101089000306e-01,8.242005859787999988e-02,8.579660770000000491e-01,-3.542481570000000080e-01,9.213565384199999642e+01,2.024000000000000000e+03,1.100000000000000000e+01,1.400000000000000000e+01,1.300000000000000000e+01,4.200000000000000000e+01,4.867742700000000156e+01
4.000656776262999870e+01,-8.303740047898000398e+01,-1.248999999999999971e-01,3.579899999999999860e+00,3.511590965652999774e-01,6.259475412365400615e-01,3.621931268490400369e-01,8.885397590000000401e-01,-3.677192790000000100e-01,9.213012003900000479e+01,2.024000000000000000e+03,1.100000000000000000e+01,1.400000000000000000e+01,1.300000000000000000e+01,4.200000000000000000e+01,4.873343400000000258e+01
4.000656770612000201e+01,-8.303739837788999978e+01,-1.232000000000000040e-01,3.600099999999999856e+00,-1.741908888969600222e-01,7.473262279944600239e-01,1.061237929250199996e-01,9.237690490000000088e-01,-4.012353249999999760e-01,9.212872685300000342e+01,2.024000000000000000e+03,1.100000000000000000e+01,1.400000000000000000e+01,1.300000000000000000e+01,4.200000000000000000e+01,4.878918600000000083e+01
4.000656764392999776e+01,-8.303739584689000708e+01,-1.081000000000000016e-01,3.611600000000000144e+00,-4.189262127854399553e-01,4.024491035382000148e-01,7.070622943720000081e-03,9.343916429999999940e-01,-4.512842779999999832e-01,9.212858825399999319e+01,2.024000000000000000e+03,1.100000000000000000e+01,1.400000000000000000e+01,1.300000000000000000e+01,4.200000000000000000e+01,4.884562100000000129e+01
4.000656763405000049e+01,-8.303739542396999695e+01,-1.071000000000000008e-01,3.614700000000000024e+00,-3.907113151003000495e-01,4.498355644848999746e-01,-9.785166470480000100e-02,9.332398140000000009e-01,-4.596711019999999981e-01,9.212871574599999747e+01,2.024000000000000000e+03,1.100000000000000000e+01,1.400000000000000000e+01,1.300000000000000000e+01,4.200000000000000000e+01,4.890262299999999840e+01
4.000656756706000294e+01,-8.303739245830000471e+01,-1.042000000000000010e-01,3.626599999999999824e+00,-4.665632834600000507e-03,3.260331500139200256e-01,-3.081388695939000222e-01,9.277050310000000133e-01,-5.203889830000000272e-01,9.211965156300000501e+01,2.024000000000000000e+03,1.100000000000000000e+01,1.400000000000000000e+01,1.300000000000000000e+01,4.200000000000000000e+01,4.895767500000000183e+01
4.000656749320000216e+01,-8.303738905781000312e+01,-9.600000000000000200e-02,3.633500000000000174e+00,-3.619085424299000042e-01,-2.518829714869999861e-02,-4.724758706711999767e-02,9.345679580000000319e-01,-5.959050289999999750e-01,9.210309107300000164e+01,2.024000000000000000e+03,1.100000000000000000e+01,1.400000000000000000e+01,1.300000000000000000e+01,4.200000000000000000e+01,4.901323000000000008e+01
4.000656745071000131e+01,-8.303738693248999425e+01,-8.909999999999999865e-02,3.630799999999999805e+00,-3.479265498295999737e-01,-1.249485330666399857e-01,-1.218932776139800001e-01,9.155588609999999461e-01,-6.126468800000000048e-01,9.209691121100000544e+01,2.024000000000000000e+03,1.100000000000000000e+01,1.400000000000000000e+01,1.300000000000000000e+01,4.200000000000000000e+01,4.906769400000000303e+01
4.000656739034000253e+01,-8.303738395658000115e+01,-9.840000000000000135e-02,3.636000000000000121e+00,2.572580546764399734e-01,2.252731367866599999e-01,-2.633619943032399768e-01,8.868486749999999752e-01,-6.063619409999999599e-01,9.209560085100000038e+01,2.024000000000000000e+03,1.100000000000000000e+01,1.400000000000000000e+01,1.300000000000000000e+01,4.200000000000000000e+01,4.912306600000000145e+01
4.000656734503999701e+01,-8.303738182630999631e+01,-1.014000000000000040e-01,3.644299999999999873e+00,1.499810630975799974e-01,3.042998270340799838e-01,-1.833098162244599927e-01,8.791212870000000290e-01,-6.026492209999999572e-01,9.209457222199999649e+01,2.024000000000000000e+03,1.100000000000000000e+01,1.400000000000000000e+01,1.300000000000000000e+01,4.200000000000000000e+01,4.918004799999999932e+01
4.000656728922999861e+01,-8.303737926328000185e+01,-1.058999999999999941e-01,3.656099999999999905e+00,2.873161697970599837e-01,4.090226047326199765e-01,-5.420433879500000281e-03,8.780682060000000178e-01,-6.070845529999999712e-01,9.208884819099999675e+01,2.024000000000000000e+03,1.100000000000000000e+01,1.400000000000000000e+01,1.300000000000000000e+01,4.200000000000000000e+01,4.923624300000000176e+01
4.000656724192000269e+01,-8.303737712123999870e+01,-1.057000000000000023e-01,3.665500000000000203e+00,9.802632084895999964e-02,3.802003230327000161e-01,1.043944357917399868e-01,8.827176930000000254e-01,-6.258346359999999997e-01,9.207787827100000300e+01,2.024000000000000000e+03,1.100000000000000000e+01,1.400000000000000000e+01,1.300000000000000000e+01,4.200000000000000000e+01,4.929038400000000308e+01
4.000656718458999705e+01,-8.303737454838000076e+01,-1.063999999999999946e-01,3.663800000000000168e+00,8.400209789236000313e-02,-2.930167059581999939e-02,1.584615627237200008e-01,8.898634060000000234e-01,-6.470049709999999843e-01,9.206364192600000251e+01,2.024000000000000000e+03,1.100000000000000000e+01,1.400000000000000000e+01,1.300000000000000000e+01,4.200000000000000000e+01,4.934788100000000099e+01
4.000656712962999961e+01,-8.303737197693999406e+01,-9.629999999999999671e-02,3.661399999999999988e+00,-3.195341220962000239e-01,-6.441050201159999322e-02,2.367073614556599870e-01,8.884530579999999622e-01,-6.490159890000000154e-01,9.205407430200000363e+01,2.024000000000000000e+03,1.100000000000000000e+01,1.400000000000000000e+01,1.300000000000000000e+01,4.200000000000000000e+01,4.940451000000000192e+01
4.000656708510000215e+01,-8.303736983413000416e+01,-9.810000000000000664e-02,3.661900000000000155e+00,8.558066661300000461e-03,1.119058246925999991e-02,1.208652058439999982e-01,8.804629459999999685e-01,-6.424570939999999508e-01,9.205298644699999500e+01,2.024000000000000000e+03,1.100000000000000000e+01,1.400000000000000000e+01,1.300000000000000000e+01,4.200000000000000000e+01,4.945995899999999779e+01
4.000656703264999692e+01,-8.303736725973000432e+01,-8.820000000000000062e-02,3.667600000000000193e+00,-5.201541999859600196e-01,4.487032137813999622e-02,-1.622844715588599995e-01,8.739316409999999813e-01,-6.385348060000000103e-01,9.205998251799999821e+01,2.024000000000000000e+03,1.100000000000000000e+01,1.400000000000000000e+01,1.300000000000000000e+01,4.200000000000000000e+01,4.951593499999999892e+01
4.000656698968000313e+01,-8.303736468514999558e+01,-7.220000000000000029e-02,3.666300000000000114e+00,-3.906524226607199779e-01,-1.865763114028000033e-02,-8.759903934870000297e-02,8.094744029999999535e-01,-6.225452620000000437e-01,9.206838007100000709e+01,2.024000000000000000e+03,1.100000000000000000e+01,1.400000000000000000e+01,1.300000000000000000e+01,4.200000000000000000e+01,4.957353599999999716e+01
4.000656695520999762e+01,-8.303736254046999932e+01,-7.910000000000000364e-02,3.664000000000000146e+00,2.773187339346600000e-01,-6.615719435997999276e-02,-2.121011283843599882e-01,7.512727350000000248e-01,-5.964038569999999817e-01,9.207559309600000574e+01,2.024000000000000000e+03,1.100000000000000000e+01,1.400000000000000000e+01,1.300000000000000000e+01,4.200000000000000000e+01,4.963083799999999712e+01
4.000656690603000243e+01,-8.303735996708999778e+01,-9.819999999999999563e-02,3.666100000000000136e+00,5.769720658588399775e-01,1.158128839604600085e-01,-3.121205237842200053e-01,7.347388230000000409e-01,-5.514107809999999610e-01,9.208836242900000002e+01,2.024000000000000000e+03,1.100000000000000000e+01,1.400000000000000000e+01,1.300000000000000000e+01,4.200000000000000000e+01,4.968763799999999975e+01
4.000656684757999670e+01,-8.303735739185999876e+01,-1.117999999999999966e-01,3.670399999999999885e+00,3.557640163525400134e-01,1.179369998213399967e-01,-5.896853005956000093e-02,7.538715729999999615e-01,-5.068112299999999459e-01,9.210610332000000255e+01,2.024000000000000000e+03,1.100000000000000000e+01,1.400000000000000000e+01,1.300000000000000000e+01,4.200000000000000000e+01,4.974226900000000029e+01
4.000656679606999688e+01,-8.303735524200999407e+01,-1.154000000000000026e-01,3.677200000000000024e+00,1.342636464907600025e-01,2.869545000346800379e-01,3.657618989196000092e-02,7.563307409999999731e-01,-4.773723140000000198e-01,9.211877706399999965e+01,2.024000000000000000e+03,1.100000000000000000e+01,1.400000000000000000e+01,1.300000000000000000e+01,4.200000000000000000e+01,4.979919000000000295e+01
4.000656673185000045e+01,-8.303735265634999507e+01,-1.247000000000000053e-01,3.687699999999999978e+00,4.681952779027999667e-01,4.091916756812000178e-01,1.586550453884799927e-01,7.535448540000000417e-01,-4.553998229999999814e-01,9.213314042899999379e+01,2.024000000000000000e+03,1.100000000000000000e+01,1.400000000000000000e+01,1.300000000000000000e+01,4.200000000000000000e+01,4.985554100000000233e+01
4.000656672021000304e+01,-8.303735222477999400e+01,-1.288999999999999868e-01,3.688899999999999846e+00,6.221702892761600268e-01,3.648640544699000010e-01,2.507280539763599991e-01,7.564815759999999889e-01,-4.557068100000000177e-01,9.213578134700000533e+01,2.024000000000000000e+03,1.100000000000000000e+01,1.400000000000000000e+01,1.300000000000000000e+01,4.200000000000000000e+01,4.991129899999999964e+01
4.000656666022999985e+01,-8.303735006419999820e+01,-1.360999999999999988e-01,3.694100000000000161e+00,2.929795939106599745e-01,1.793777087093600120e-01,1.849458146285200000e-01,7.985234390000000015e-01,-4.575228720000000249e-01,9.215120265800000254e+01,2.024000000000000000e+03,1.100000000000000000e+01,1.400000000000000000e+01,1.300000000000000000e+01,4.200000000000000000e+01,4.996609999999999729e+01
4.000656654528999923e+01,-8.303734574115999578e+01,-1.202000000000000013e-01,3.693900000000000183e+00,-8.496032845273999989e-02,-2.981787494304000141e-02,-1.599860731301200045e-01,8.454165980000000191e-01,-4.455481390000000097e-01,9.218824308400000689e+01,2.024000000000000000e+03,1.100000000000000000e+01,1.400000000000000000e+01,1.300000000000000000e+01,4.200000000000000000e+01,5.002085799999999693e+01
4.000656647680000333e+01,-8.303734314755000412e+01,-1.204999999999999960e-01,3.695100000000000051e+00,-5.393759800540000315e-02,2.981608927445999688e-02,-3.564433491999999953e-02,8.547922390000000092e-01,-4.232378059999999942e-01,9.221357378499999413e+01,2.024000000000000000e+03,1.100000000000000000e+01,1.400000000000000000e+01,1.300000000000000000e+01,4.200000000000000000e+01,5.007760199999999884e+01
4.000656642269999708e+01,-8.303734098524999752e+01,-1.100000000000000006e-01,3.697000000000000064e+00,-4.276062377765400546e-01,2.777052706122000100e-02,2.918370337938400172e-01,8.508773990000000342e-01,-4.032439050000000136e-01,9.223932828899999947e+01,2.024000000000000000e+03,1.100000000000000000e+01,1.400000000000000000e+01,1.300000000000000000e+01,4.200000000000000000e+01,5.013317599999999885e+01
4.000656636064000082e+01,-8.303733839003000128e+01,-1.096000000000000030e-01,3.698500000000000121e+00,-1.063417213538000138e-02,1.034457073313199971e-01,1.458132051173199883e-01,8.235843919999999985e-01,-3.747574209999999795e-01,9.227139024000000234e+01,2.024000000000000000e+03,1.100000000000000000e+01,1.400000000000000000e+01,1.300000000000000000e+01,4.200000000000000000e+01,5.018838399999999922e+01
4.000656630926999924e+01,-8.303733622446000595e+01,-1.092000000000000054e-01,3.704800000000000093e+00,-4.624697563319999684e-03,2.497857514402599954e-01,6.282966800894000670e-02,7.983808150000000214e-01,-3.577607669999999795e-01,9.230127615499999649e+01,2.024000000000000000e+03,1.100000000000000000e+01,1.400000000000000000e+01,1.300000000000000000e+01,4.200000000000000000e+01,5.024288299999999907e+01
4.000656624901999692e+01,-8.303733362053999656e+01,-1.053000000000000047e-01,3.712299999999999933e+00,-1.349753357620799843e-01,1.913181669505399918e-01,1.372812283356399932e-01,7.682951260000000504e-01,-3.558444900000000133e-01,9.234243570300000670e+01,2.024000000000000000e+03,1.100000000000000000e+01,1.400000000000000000e+01,1.300000000000000000e+01,4.200000000000000000e+01,5.029836999999999847e+01
4.000656618312000035e+01,-8.303733101470000122e+01,-1.274000000000000132e-01,3.712299999999999933e+00,7.313220417621599800e-01,3.847016430137999848e-02,-1.056273544372000016e-02,7.619640060000000270e-01,-3.572725090000000159e-01,9.237885183599999550e+01,2.024000000000000000e+03,1.100000000000000000e+01,1.400000000000000000e+01,1.300000000000000000e+01,4.200000000000000000e+01,5.035631000000000057e+01
4.000656612041999693e+01,-8.303732884304000095e+01,-1.396000000000000019e-01,3.711899999999999977e+00,4.060024709820199695e-01,8.775595613139999460e-03,-1.033024135252599979e-01,7.826109089999999657e-01,-3.546912549999999831e-01,9.240270600799999556e+01,2.024000000000000000e+03,1.100000000000000000e+01,1.400000000000000000e+01,1.300000000000000000e+01,4.200000000000000000e+01,5.041048700000000338e+01
4.000656605374000208e+01,-8.303732667068000239e+01,-1.449000000000000010e-01,3.715599999999999792e+00,1.160966791694800077e-01,1.840209772085399931e-01,2.658033342369999982e-02,7.989605279999999476e-01,-3.521367280000000100e-01,9.242303546899999844e+01,2.024000000000000000e+03,1.100000000000000000e+01,1.400000000000000000e+01,1.300000000000000000e+01,4.200000000000000000e+01,5.046560199999999696e+01
4.000656597292000072e+01,-8.303732405853999410e+01,-1.443000000000000116e-01,3.725900000000000212e+00,-3.980538366823999780e-02,3.295298909414199895e-01,-1.003106603071999940e-02,8.025797820000000193e-01,-3.659858020000000267e-01,9.245104299899999489e+01,2.024000000000000000e+03,1.100000000000000000e+01,1.400000000000000000e+01,1.300000000000000000e+01,4.200000000000000000e+01,5.052230000000000132e+01
4.000656589303000032e+01,-8.303732144180999342e+01,-1.441999999999999948e-01,3.729000000000000092e+00,6.458438194005999833e-02,1.261846940145600060e-01,-1.520699348995999990e-02,8.106405920000000487e-01,-3.930787769999999903e-01,9.249219132300000012e+01,2.024000000000000000e+03,1.100000000000000000e+01,1.400000000000000000e+01,1.300000000000000000e+01,4.200000000000000000e+01,5.057869399999999871e+01
4.000656581239999809e+01,-8.303731882655000618e+01,-1.446999999999999953e-01,3.723300000000000054e+00,2.410704163749999990e-02,-1.398707288364200163e-01,-1.392785902186400027e-01,8.348721949999999836e-01,-4.032169959999999942e-01,9.253857751099999973e+01,2.024000000000000000e+03,1.100000000000000000e+01,1.400000000000000000e+01,1.300000000000000000e+01,4.200000000000000000e+01,5.063515000000000299e+01
4.000656573618999801e+01,-8.303731621213999858e+01,-1.275999999999999912e-01,3.725699999999999790e+00,-5.782897207278600016e-01,6.872662883655999977e-02,4.301521853319999721e-03,8.300738069999999968e-01,-3.945442370000000198e-01,9.258028935299999773e+01,2.024000000000000000e+03,1.100000000000000000e+01,1.400000000000000000e+01,1.300000000000000000e+01,4.200000000000000000e+01,5.069304699999999997e+01
4.000656567765000204e+01,-8.303731403237000563e+01,-1.242999999999999938e-01,3.725999999999999979e+00,-1.126962995335600015e-01,1.138226925902000031e-02,-9.062091656118000105e-02,7.817140940000000260e-01,-3.854823800000000134e-01,9.260861479999999801e+01,2.024000000000000000e+03,1.100000000000000000e+01,1.400000000000000000e+01,1.300000000000000000e+01,4.200000000000000000e+01,5.074974199999999769e+01
4.000656560262999761e+01,-8.303731141682999350e+01,-1.373999999999999944e-01,3.722199999999999953e+00,1.994601928218999731e-01,-2.197782650888799871e-01,-2.578721443313999884e-02,7.561042329999999589e-01,-3.715616900000000000e-01,9.264035226800000089e+01,2.024000000000000000e+03,1.100000000000000000e+01,1.400000000000000000e+01,1.300000000000000000e+01,4.200000000000000000e+01,5.080649100000000118e+01
4.000656553948000038e+01,-8.303730923874999803e+01,-1.348999999999999921e-01,3.724200000000000177e+00,-1.321966095534400087e-01,1.141274966981599831e-01,3.469256255392400012e-01,7.430077149999999575e-01,-3.442582619999999816e-01,9.266683193299999743e+01,2.024000000000000000e+03,1.100000000000000000e+01,1.400000000000000000e+01,1.300000000000000000e+01,4.200000000000000000e+01,5.086310000000000286e+01
4.000656551389000271e+01,-8.303730836622000311e+01,-1.381000000000000005e-01,3.729499999999999815e+00,-1.061482400717999978e-02,2.242127870136999823e-01,2.915313185972199794e-01,7.363562970000000485e-01,-3.384838020000000003e-01,9.267633780799999954e+01,2.024000000000000000e+03,1.100000000000000000e+01,1.400000000000000000e+01,1.300000000000000000e+01,4.200000000000000000e+01,5.091898199999999974e+01
4.000656539516999999e+01,-8.303730442679000134e+01,-1.547000000000000042e-01,3.747399999999999842e+00,6.220816629697399902e-01,2.663094252524600414e-01,3.381153128414000203e-02,7.124227239999999517e-01,-3.669334879999999743e-01,9.271735820600000011e+01,2.024000000000000000e+03,1.100000000000000000e+01,1.400000000000000000e+01,1.300000000000000000e+01,4.200000000000000000e+01,5.097405700000000195e+01
4.000656530842999814e+01,-8.303730179743000406e+01,-1.597999999999999976e-01,3.745800000000000018e+00,2.039097292229800074e-01,-2.172592518861999819e-02,8.261241107535999273e-02,7.229924469999999825e-01,-3.956843400000000233e-01,9.274692419900000573e+01,2.024000000000000000e+03,1.100000000000000000e+01,1.400000000000000000e+01,1.300000000000000000e+01,4.200000000000000000e+01,5.102921599999999813e+01
4.000656522005999705e+01,-8.303729916928000421e+01,-1.618999999999999884e-01,3.743700000000000028e+00,1.338826018355999958e-01,-2.752125415589999971e-02,-5.155507607598000530e-02,7.285848050000000020e-01,-4.106947260000000099e-01,9.278246001600000170e+01,2.024000000000000000e+03,1.100000000000000000e+01,1.400000000000000000e+01,1.300000000000000000e+01,4.200000000000000000e+01,5.108466200000000157e+01
4.000656514642000161e+01,-8.303729697928000064e+01,-1.585000000000000020e-01,3.743500000000000050e+00,-1.309788189273199954e-01,-3.813358873409999905e-02,-1.214561981007799968e-01,7.238295340000000522e-01,-4.181090040000000063e-01,9.281413860499999657e+01,2.024000000000000000e+03,1.100000000000000000e+01,1.400000000000000000e+01,1.300000000000000000e+01,4.200000000000000000e+01,5.114086999999999961e+01
4.000656505746000136e+01,-8.303729435030000161e+01,-1.632000000000000117e-01,3.745699999999999807e+00,1.180791120466000016e-01,3.990811779853999791e-02,-2.207947873110399917e-01,7.173274589999999451e-01,-4.223991140000000200e-01,9.285198031299999855e+01,2.024000000000000000e+03,1.100000000000000000e+01,1.400000000000000000e+01,1.300000000000000000e+01,4.200000000000000000e+01,5.119634800000000041e+01
4.000656496744999657e+01,-8.303729171906999795e+01,-1.633999999999999897e-01,3.750300000000000189e+00,3.316842508623999569e-02,8.861363319407999928e-02,-2.341872767598199845e-01,7.186748349999999563e-01,-4.259874579999999855e-01,9.288962191100000609e+01,2.024000000000000000e+03,1.100000000000000000e+01,1.400000000000000000e+01,1.300000000000000000e+01,4.200000000000000000e+01,5.125330699999999950e+01
4.000656489255000281e+01,-8.303728952295999477e+01,-1.647000000000000131e-01,3.757400000000000073e+00,1.384724091998000006e-01,2.724393407133799960e-01,-2.633791662542400158e-01,7.166024949999999505e-01,-4.329531560000000057e-01,9.292126365900000451e+01,2.024000000000000000e+03,1.100000000000000000e+01,1.400000000000000000e+01,1.300000000000000000e+01,4.200000000000000000e+01,5.130884900000000215e+01
4.000656481434999989e+01,-8.303728732503999765e+01,-1.749999999999999889e-01,3.758500000000000174e+00,3.588032923902200189e-01,9.891291453397998978e-02,-9.116455811963999900e-02,7.265515879999999704e-01,-4.445350539999999850e-01,9.295064611499999785e+01,2.024000000000000000e+03,1.100000000000000000e+01,1.400000000000000000e+01,1.300000000000000000e+01,4.200000000000000000e+01,5.136452799999999996e+01
4.000656471728999719e+01,-8.303728468658999873e+01,-1.769000000000000017e-01,3.758000000000000007e+00,1.409553745886000034e-02,-5.260187485133999835e-02,1.036820162419999948e-02,7.472656279999999596e-01,-4.511986179999999957e-01,9.298132973100000243e+01,2.024000000000000000e+03,1.100000000000000000e+01,1.400000000000000000e+01,1.300000000000000000e+01,4.200000000000000000e+01,5.141947300000000354e+01
4.000656461810000053e+01,-8.303728204716000505e+01,-1.875000000000000000e-01,3.762399999999999967e+00,4.900232471995400463e-01,2.160547721047000047e-01,2.601087563826999793e-01,7.659019689999999603e-01,-4.472925770000000245e-01,9.301318821899999989e+01,2.024000000000000000e+03,1.100000000000000000e+01,1.400000000000000000e+01,1.300000000000000000e+01,4.200000000000000000e+01,5.147507800000000344e+01
4.000656453247999877e+01,-8.303727984683000329e+01,-1.867999999999999938e-01,3.762300000000000200e+00,-4.995683362705999331e-02,6.727543827423999867e-02,4.351481212991200054e-01,7.951387189999999938e-01,-4.475186199999999781e-01,9.304321011899999405e+01,2.024000000000000000e+03,1.100000000000000000e+01,1.400000000000000000e+01,1.300000000000000000e+01,4.200000000000000000e+01,5.153067899999999923e+01
4.000656443196999845e+01,-8.303727720166000381e+01,-1.784000000000000030e-01,3.771799999999999820e+00,-3.378990212599000120e-01,2.469395516502400079e-01,-1.539684654633999804e-02,8.119274180000000118e-01,-4.587173290000000070e-01,9.307967172399999356e+01,2.024000000000000000e+03,1.100000000000000000e+01,1.400000000000000000e+01,1.300000000000000000e+01,4.200000000000000000e+01,5.158648500000000325e+01
4.000656435239000075e+01,-8.303727499260000400e+01,-1.705000000000000127e-01,3.781000000000000139e+00,-2.881678289624399758e-01,3.920155307472799611e-01,4.611322534540000101e-02,8.045428220000000463e-01,-4.804727870000000123e-01,9.310970242999999869e+01,2.024000000000000000e+03,1.100000000000000000e+01,1.400000000000000000e+01,1.300000000000000000e+01,4.200000000000000000e+01,5.164115000000000322e+01
4.000656425881999922e+01,-8.303727233851999756e+01,-1.691999999999999893e-01,3.778999999999999915e+00,-3.727771007626000388e-02,-1.324860516685399947e-01,-6.783070351332000369e-02,7.834703480000000386e-01,-5.166703630000000214e-01,9.314372278899999458e+01,2.024000000000000000e+03,1.100000000000000000e+01,1.400000000000000000e+01,1.300000000000000000e+01,4.200000000000000000e+01,5.169698400000000049e+01
4.000656417017999900e+01,-8.303726969087000498e+01,-1.554999999999999993e-01,3.766399999999999970e+00,-3.535825476103600096e-01,-3.395793242644399856e-01,-1.006180034323999987e-02,7.397168379999999877e-01,-5.160171850000000449e-01,9.317608691499999907e+01,2.024000000000000000e+03,1.100000000000000000e+01,1.400000000000000000e+01,1.300000000000000000e+01,4.200000000000000000e+01,5.175318999999999647e+01
4.000656409647000089e+01,-8.303726748508999833e+01,-1.650999999999999968e-01,3.772699999999999942e+00,3.332195061480199838e-01,2.583846672800800270e-01,-1.945305719795399901e-01,6.942263410000000246e-01,-4.969124670000000243e-01,9.320216154700000288e+01,2.024000000000000000e+03,1.100000000000000000e+01,1.400000000000000000e+01,1.300000000000000000e+01,4.200000000000000000e+01,5.181100399999999695e+01
4.000656401658999783e+01,-8.303726527476000285e+01,-1.812000000000000000e-01,3.782000000000000028e+00,5.582352361571600863e-01,3.813055054103000052e-01,-3.476263241013399785e-01,6.815679590000000010e-01,-4.926815279999999797e-01,9.323255790100000695e+01,2.024000000000000000e+03,1.100000000000000000e+01,1.400000000000000000e+01,1.300000000000000000e+01,4.200000000000000000e+01,5.186616800000000183e+01
4.000656400023000003e+01,-8.303726483235999467e+01,-1.814000000000000057e-01,3.782500000000000195e+00,4.003338801883999931e-01,2.969077358272200207e-01,-3.493377474571400243e-01,6.827644499999999672e-01,-4.965507169999999748e-01,9.323980884300000582e+01,2.024000000000000000e+03,1.100000000000000000e+01,1.400000000000000000e+01,1.300000000000000000e+01,4.200000000000000000e+01,5.192271600000000120e+01
4.000656390252999728e+01,-8.303726217813000687e+01,-1.771999999999999964e-01,3.780199999999999783e+00,-8.114649010536000018e-02,-3.455750555534000540e-02,-1.161722866213600047e-01,6.677009350000000509e-01,-4.966270680000000048e-01,9.327815598099999761e+01,2.024000000000000000e+03,1.100000000000000000e+01,1.400000000000000000e+01,1.300000000000000000e+01,4.200000000000000000e+01,5.197861900000000190e+01
4.000656374636999857e+01,-8.303725819982000189e+01,-2.026999999999999913e-01,3.776199999999999779e+00,7.247036886969199232e-01,-3.740028460559999962e-02,-2.132033553998800013e-01,6.540000929999999491e-01,-4.732746349999999991e-01,9.331623140099999603e+01,2.024000000000000000e+03,1.100000000000000000e+01,1.400000000000000000e+01,1.300000000000000000e+01,4.200000000000000000e+01,5.203437900000000127e+01
4.000656361389000182e+01,-8.303725510437000423e+01,-2.025000000000000133e-01,3.784100000000000019e+00,-1.798820074154000026e-01,2.638425440630000063e-01,-5.153714996395999948e-02,6.917090299999999470e-01,-4.436719820000000203e-01,9.333455980600000146e+01,2.024000000000000000e+03,1.100000000000000000e+01,1.400000000000000000e+01,1.300000000000000000e+01,4.200000000000000000e+01,5.209047900000000197e+01
4.000656350434999808e+01,-8.303725244446999909e+01,-1.945999999999999952e-01,3.793099999999999916e+00,-1.237027199145799977e-01,2.722609716669799895e-01,-9.650605240448000000e-02,6.883154719999999838e-01,-4.336997830000000054e-01,9.335082705199999964e+01,2.024000000000000000e+03,1.100000000000000000e+01,1.400000000000000000e+01,1.300000000000000000e+01,4.200000000000000000e+01,5.214933200000000113e+01
4.000656339233999859e+01,-8.303724978433000103e+01,-2.061999999999999944e-01,3.787399999999999878e+00,3.809024879821000242e-01,-1.014526221696200048e-01,-1.359325711136000030e-02,6.979169309999999626e-01,-4.202895440000000149e-01,9.336762979600000278e+01,2.024000000000000000e+03,1.100000000000000000e+01,1.400000000000000000e+01,1.300000000000000000e+01,4.200000000000000000e+01,5.220806699999999978e+01
4.000656329691000224e+01,-8.303724756773999616e+01,-2.039999999999999869e-01,3.790700000000000180e+00,-1.748672160919000074e-01,1.601917139273600077e-01,3.793427544680399999e-01,7.240601140000000324e-01,-4.033439679999999972e-01,9.338097817000000589e+01,2.024000000000000000e+03,1.100000000000000000e+01,1.400000000000000000e+01,1.300000000000000000e+01,4.200000000000000000e+01,5.226449099999999959e+01
4.000656318926999688e+01,-8.303724490447000051e+01,-1.865999999999999881e-01,3.796600000000000197e+00,-4.555137406542200118e-01,2.013938954267799897e-01,2.170640815266799972e-01,7.134053710000000104e-01,-3.922309139999999861e-01,9.339791327700000068e+01,2.024000000000000000e+03,1.100000000000000000e+01,1.400000000000000000e+01,1.300000000000000000e+01,4.200000000000000000e+01,5.232045000000000101e+01
4.000656310302999685e+01,-8.303724268182999424e+01,-1.844999999999999973e-01,3.801299999999999901e+00,-9.008568188686000289e-02,1.719143451755800189e-01,-2.065588633602800095e-01,6.845823009999999487e-01,-3.881611300000000209e-01,9.341316770400000280e+01,2.024000000000000000e+03,1.100000000000000000e+01,1.400000000000000000e+01,1.300000000000000000e+01,4.200000000000000000e+01,5.237698499999999768e+01
4.000656298106999742e+01,-8.303723956676999762e+01,-1.860999999999999877e-01,3.807399999999999896e+00,-1.827265940876200145e-01,2.713311940351399998e-01,2.368231933761399954e-01,6.665049669999999482e-01,-3.885666480000000145e-01,9.343047674500000710e+01,2.024000000000000000e+03,1.100000000000000000e+01,1.400000000000000000e+01,1.300000000000000000e+01,4.200000000000000000e+01,5.243332399999999893e+01
4.000656289466999738e+01,-8.303723733837999532e+01,-1.867000000000000048e-01,3.810000000000000053e+00,2.720944268301999855e-02,1.043918227710200070e-01,-3.175597762162800097e-01,6.558351770000000469e-01,-3.918562030000000140e-01,9.344132261299999698e+01,2.024000000000000000e+03,1.100000000000000000e+01,1.400000000000000000e+01,1.300000000000000000e+01,4.200000000000000000e+01,5.249220799999999798e+01
4.000656276627000096e+01,-8.303723421889999656e+01,-2.088000000000000134e-01,3.806599999999999984e+00,6.868067332096999822e-01,-6.140118765886000418e-02,-3.899140138275200007e-01,6.666924690000000098e-01,-3.929274660000000030e-01,9.344458620700000040e+01,2.024000000000000000e+03,1.100000000000000000e+01,1.400000000000000000e+01,1.300000000000000000e+01,4.200000000000000000e+01,5.256199099999999902e+01
4.000656265192999683e+01,-8.303723154598999656e+01,-2.074999999999999900e-01,3.808600000000000207e+00,9.749945243994000144e-02,1.233076207876200037e-01,2.711584509089599582e-01,6.791656680000000001e-01,-3.822641199999999850e-01,9.344038978300000053e+01,2.024000000000000000e+03,1.100000000000000000e+01,1.400000000000000000e+01,1.300000000000000000e+01,4.200000000000000000e+01,5.261848799999999926e+01
4.000656253812000074e+01,-8.303722886769000411e+01,-2.053000000000000103e-01,3.819599999999999884e+00,1.009396461622000078e-02,3.647167642817999988e-01,2.539450111823799983e-01,6.893241469999999982e-01,-3.906940480000000160e-01,9.343812489399999777e+01,2.024000000000000000e+03,1.100000000000000000e+01,1.400000000000000000e+01,1.300000000000000000e+01,4.200000000000000000e+01,5.267492800000000130e+01
4.000656242888999969e+01,-8.303722618455999793e+01,-1.918999999999999873e-01,3.822299999999999809e+00,-3.425187051580400044e-01,1.023213982255999875e-02,2.165826193794600230e-01,6.915388689999999450e-01,-4.147951590000000244e-01,9.343397212399999319e+01,2.024000000000000000e+03,1.100000000000000000e+01,1.400000000000000000e+01,1.300000000000000000e+01,4.200000000000000000e+01,5.273421400000000148e+01
4.000656234208000228e+01,-8.303722394788999850e+01,-1.842000000000000026e-01,3.822599999999999998e+00,-2.600833816061400294e-01,-9.503722148679999773e-03,-2.153992102594000022e-02,6.787323180000000011e-01,-4.261910589999999832e-01,9.342311793899999373e+01,2.024000000000000000e+03,1.100000000000000000e+01,1.400000000000000000e+01,1.300000000000000000e+01,4.200000000000000000e+01,5.278998899999999850e+01
4.000656224179000020e+01,-8.303722126511000567e+01,-1.794000000000000039e-01,3.820500000000000007e+00,-3.240379274661999570e-02,-2.159863425227999748e-02,-2.418700766163199845e-01,6.551775309999999797e-01,-4.205890150000000105e-01,9.340561391999999330e+01,2.024000000000000000e+03,1.100000000000000000e+01,1.400000000000000000e+01,1.300000000000000000e+01,4.200000000000000000e+01,5.284667699999999968e+01
4.000656222490999880e+01,-8.303722081809000599e+01,-1.812999999999999889e-01,3.819999999999999840e+00,5.215940280064000623e-02,-2.746147053189999798e-02,-1.295900775551400153e-01,6.545647100000000496e-01,-4.211935070000000225e-01,9.340205876699999976e+01,2.024000000000000000e+03,1.100000000000000000e+01,1.400000000000000000e+01,1.300000000000000000e+01,4.200000000000000000e+01,5.290414400000000228e+01
4.000656208723999896e+01,-8.303721724189000497e+01,-1.862999999999999934e-01,3.823199999999999932e+00,-5.253751243621999911e-02,2.185876958680599835e-01,1.887602274589200158e-01,6.507211160000000438e-01,-4.066081530000000277e-01,9.338114951000000019e+01,2.024000000000000000e+03,1.100000000000000000e+01,1.400000000000000000e+01,1.300000000000000000e+01,4.200000000000000000e+01,5.296054900000000032e+01
4.000656196975000256e+01,-8.303721410721999519e+01,-1.794000000000000039e-01,3.829800000000000093e+00,8.290867913207999873e-02,1.975498807743200080e-01,-8.439306434057999851e-02,6.150749509999999809e-01,-4.089353450000000056e-01,9.335772426500000165e+01,2.024000000000000000e+03,1.100000000000000000e+01,1.400000000000000000e+01,1.300000000000000000e+01,4.200000000000000000e+01,5.301706599999999980e+01
4.000656184332000009e+01,-8.303721097444000065e+01,-1.998999999999999944e-01,3.821000000000000174e+00,5.140374316781399777e-01,-1.819192308673799885e-01,-7.086135575337999815e-02,6.279402790000000456e-01,-4.037716330000000187e-01,9.333095416099999397e+01,2.024000000000000000e+03,1.100000000000000000e+01,1.400000000000000000e+01,1.300000000000000000e+01,4.200000000000000000e+01,5.307441000000000031e+01
4.000656173360000167e+01,-8.303720829351000532e+01,-1.875999999999999890e-01,3.817499999999999893e+00,-3.088400398633199817e-01,-1.039484150795400019e-01,7.200596765963999946e-02,6.563577520000000165e-01,-3.760612970000000166e-01,9.331110652799999627e+01,2.024000000000000000e+03,1.100000000000000000e+01,1.400000000000000000e+01,1.300000000000000000e+01,4.200000000000000000e+01,5.313273600000000130e+01
4.000656164890000355e+01,-8.303720605955000167e+01,-1.734999999999999876e-01,3.818299999999999805e+00,-4.676207918261199858e-01,-7.469678708000000202e-03,1.153049513932599968e-01,6.384226910000000421e-01,-3.493800550000000227e-01,9.330002294899999526e+01,2.024000000000000000e+03,1.100000000000000000e+01,1.400000000000000000e+01,1.300000000000000000e+01,4.200000000000000000e+01,5.318950099999999992e+01
4.000656155008000070e+01,-8.303720337599999368e+01,-1.733999999999999986e-01,3.823500000000000121e+00,-2.663465380162000073e-02,1.174517527770399944e-01,-2.122897870782800012e-01,6.064134519999999640e-01,-3.220159129999999870e-01,9.329105828599999484e+01,2.024000000000000000e+03,1.100000000000000000e+01,1.400000000000000000e+01,1.300000000000000000e+01,4.200000000000000000e+01,5.324723900000000043e+01
4.000656145213999793e+01,-8.303720069218999811e+01,-1.703000000000000069e-01,3.821699999999999875e+00,-1.690344522568400232e-01,-5.903063237695999749e-02,5.563387807413999742e-02,5.862383450000000495e-01,-2.975582920000000020e-01,9.328082777299999861e+01,2.024000000000000000e+03,1.100000000000000000e+01,1.400000000000000000e+01,1.300000000000000000e+01,4.200000000000000000e+01,5.330669100000000071e+01
4.000656137256000022e+01,-8.303719845690000056e+01,-1.663000000000000034e-01,3.819599999999999884e+00,-1.529116330741799867e-01,-5.380022754684000291e-02,-7.360671272721999725e-02,5.599121929999999470e-01,-2.658250799999999914e-01,9.326694000999999901e+01,2.024000000000000000e+03,1.100000000000000000e+01,1.400000000000000000e+01,1.300000000000000000e+01,4.200000000000000000e+01,5.336586900000000355e+01
4.000656126367999832e+01,-8.303719532667000180e+01,-1.617999999999999994e-01,3.823300000000000143e+00,-1.352535741299999983e-01,1.641259584702600138e-01,-8.150416022088000090e-02,5.094319269999999511e-01,-2.211393660000000039e-01,9.324360798700000430e+01,2.024000000000000000e+03,1.100000000000000000e+01,1.400000000000000000e+01,1.300000000000000000e+01,4.200000000000000000e+01,5.342291399999999868e+01
4.000656118354000057e+01,-8.303719308764999596e+01,-1.764999999999999902e-01,3.829099999999999948e+00,5.536387540891999359e-01,2.752425108789199881e-01,2.523544010799999918e-02,4.906620769999999743e-01,-2.048397269999999992e-01,9.322485924299999738e+01,2.024000000000000000e+03,1.100000000000000000e+01,1.400000000000000000e+01,1.300000000000000000e+01,4.200000000000000000e+01,5.347965099999999694e+01
4.000656107873000167e+01,-8.303719039941999824e+01,-1.902000000000000079e-01,3.826799999999999979e+00,2.630209473022400157e-01,-1.235819965626599876e-01,2.562061066243200291e-01,5.274610189999999754e-01,-1.997289399999999937e-01,9.320432045500000129e+01,2.024000000000000000e+03,1.100000000000000000e+01,1.400000000000000000e+01,1.300000000000000000e+01,4.200000000000000000e+01,5.353595599999999877e+01
4.000656097070000072e+01,-8.303718771516000174e+01,-1.930000000000000049e-01,3.821000000000000174e+00,7.668191403780000304e-02,-1.203682937652799934e-01,1.986388292407599843e-01,5.599346330000000149e-01,-1.769588840000000107e-01,9.318025528699999427e+01,2.024000000000000000e+03,1.100000000000000000e+01,1.400000000000000000e+01,1.300000000000000000e+01,4.200000000000000000e+01,5.359487000000000023e+01
4.000656086629000185e+01,-8.303718502939000246e+01,-1.824999999999999956e-01,3.828699999999999992e+00,-2.905084219534800338e-01,1.984638244138400009e-01,-1.619020371011800075e-01,5.562496289999999677e-01,-1.549118250000000030e-01,9.315799729500000126e+01,2.024000000000000000e+03,1.100000000000000000e+01,1.400000000000000000e+01,1.300000000000000000e+01,4.200000000000000000e+01,5.365342100000000158e+01
4.000656078165000196e+01,-8.303718278667000163e+01,-1.794999999999999929e-01,3.834999999999999964e+00,-6.600731096520000285e-02,1.854521795291599884e-01,1.451578218126599873e-01,5.543149630000000494e-01,-1.618282739999999942e-01,9.314637781499999392e+01,2.024000000000000000e+03,1.100000000000000000e+01,1.400000000000000000e+01,1.300000000000000000e+01,4.200000000000000000e+01,5.371103200000000299e+01
4.000656068170000168e+01,-8.303718009396999378e+01,-1.766999999999999960e-01,3.832500000000000018e+00,-3.822463838733999864e-02,-1.493697088847799892e-01,9.145888490164000295e-02,5.674061780000000388e-01,-1.874427220000000061e-01,9.313794233199999439e+01,2.024000000000000000e+03,1.100000000000000000e+01,1.400000000000000000e+01,1.300000000000000000e+01,4.200000000000000000e+01,5.376707300000000345e+01
4.000656058191000142e+01,-8.303717740637000588e+01,-1.751000000000000056e-01,3.822499999999999787e+00,-1.431327770394399956e-01,-3.378833067993199935e-01,3.612086865938600178e-01,5.850715050000000472e-01,-1.994618270000000082e-01,9.312644168699999625e+01,2.024000000000000000e+03,1.100000000000000000e+01,1.400000000000000000e+01,1.300000000000000000e+01,4.200000000000000000e+01,5.382565900000000170e+01
4.000656053390999745e+01,-8.303717606456000055e+01,-1.671999999999999875e-01,3.819900000000000073e+00,-4.531073040270399699e-01,-2.533826045940399951e-01,1.393910778384799820e-01,5.787177110000000235e-01,-1.932064559999999986e-01,9.311877850800000544e+01,2.024000000000000000e+03,1.100000000000000000e+01,1.400000000000000000e+01,1.300000000000000000e+01,4.200000000000000000e+01,5.388196899999999800e+01
4.000656045739000177e+01,-8.303717383065000490e+01,-1.602000000000000091e-01,3.815399999999999903e+00,-2.119611317885399804e-01,-1.730253503185800179e-01,1.170300908262999900e-01,5.438545139999999556e-01,-1.818121679999999962e-01,9.310304903099999763e+01,2.024000000000000000e+03,1.100000000000000000e+01,1.400000000000000000e+01,1.300000000000000000e+01,4.200000000000000000e+01,5.393871800000000150e+01
4.000656031908999921e+01,-8.303716980723000063e+01,-1.665999999999999981e-01,3.825800000000000090e+00,1.332726618489799841e-01,3.269261571842200231e-01,-4.114900973694000236e-02,5.168354590000000526e-01,-1.853026419999999896e-01,9.307843102799999713e+01,2.024000000000000000e+03,1.100000000000000000e+01,1.400000000000000000e+01,1.300000000000000000e+01,4.200000000000000000e+01,5.399817999999999785e+01
4.000656022910000331e+01,-8.303716712252000320e+01,-1.572000000000000064e-01,3.820300000000000029e+00,-2.548584684338999762e-01,-2.267328249887600178e-01,-6.860451259522000467e-02,5.126687340000000148e-01,-2.164682940000000055e-01,9.305776454200000103e+01,2.024000000000000000e+03,1.100000000000000000e+01,1.400000000000000000e+01,1.300000000000000000e+01,4.200000000000000000e+01,5.405710200000000043e+01
4.000656015588000258e+01,-8.303716489039000237e+01,-1.572000000000000064e-01,3.810000000000000053e+00,2.276871745694000054e-02,-3.546784168769600010e-01,4.207812652330000097e-02,4.943646839999999987e-01,-2.252985060000000095e-01,9.303652027200000418e+01,2.024000000000000000e+03,1.100000000000000000e+01,1.400000000000000000e+01,1.300000000000000000e+01,4.200000000000000000e+01,5.411268400000000156e+01
4.000656006615000138e+01,-8.303716221791999885e+01,-1.661999999999999866e-01,3.802200000000000024e+00,4.274753462058400455e-01,-2.049424152352599948e-01,-1.208892922789799873e-01,4.860624130000000265e-01,-2.166450639999999983e-01,9.301676092799999651e+01,2.024000000000000000e+03,1.100000000000000000e+01,1.400000000000000000e+01,1.300000000000000000e+01,4.200000000000000000e+01,5.416896899999999704e+01
4.000655996858999686e+01,-8.303715955162999762e+01,-1.819999999999999951e-01,3.793699999999999850e+00,4.433447970073799982e-01,-1.636734693892200054e-01,2.367495792394199994e-01,5.175022329999999782e-01,-1.976409080000000040e-01,9.300150368399999934e+01,2.024000000000000000e+03,1.100000000000000000e+01,1.400000000000000000e+01,1.300000000000000000e+01,4.200000000000000000e+01,5.422607099999999747e+01
4.000655986854999924e+01,-8.303715688965999675e+01,-1.754000000000000004e-01,3.789600000000000080e+00,-3.671887327835999804e-01,-7.242189993817998994e-02,2.032307020428599786e-01,5.506596099999999661e-01,-1.778581340000000011e-01,9.298822144499999354e+01,2.024000000000000000e+03,1.100000000000000000e+01,1.400000000000000000e+01,1.300000000000000000e+01,4.200000000000000000e+01,5.428538999999999959e+01
4.000655977651999962e+01,-8.303715422701999671e+01,-1.574000000000000121e-01,3.792800000000000171e+00,-5.361375460164199414e-01,7.480501014149999739e-02,-1.877861168385999979e-01,5.326257650000000288e-01,-1.665179149999999886e-01,9.297832868700000120e+01,2.024000000000000000e+03,1.100000000000000000e+01,1.400000000000000000e+01,1.300000000000000000e+01,4.200000000000000000e+01,5.434457499999999897e+01
4.000655970374000248e+01,-8.303715200887999970e+01,-1.544000000000000095e-01,3.788300000000000001e+00,-1.354765076136600077e-01,-1.654986544070400079e-01,-3.263505076217800283e-01,5.068092929999999940e-01,-1.619863689999999912e-01,9.296851431599999671e+01,2.024000000000000000e+03,1.100000000000000000e+01,1.400000000000000000e+01,1.300000000000000000e+01,4.200000000000000000e+01,5.440148899999999799e+01
4.000655961748000067e+01,-8.303714935275999665e+01,-1.552999999999999936e-01,3.776600000000000179e+00,6.696941954479999903e-02,-3.903525028504599703e-01,-2.007690899370999926e-01,4.982903349999999731e-01,-1.458267299999999878e-01,9.295449084700000242e+01,2.024000000000000000e+03,1.100000000000000000e+01,1.400000000000000000e+01,1.300000000000000000e+01,4.200000000000000000e+01,5.445762400000000270e+01
4.000655954570999739e+01,-8.303714714525999341e+01,-1.570000000000000007e-01,3.769099999999999895e+00,2.070313987155199820e-01,-2.295030100456999789e-01,2.446863265956199796e-01,4.992593909999999968e-01,-1.168763169999999935e-01,9.293969075299999361e+01,2.024000000000000000e+03,1.100000000000000000e+01,1.400000000000000000e+01,1.300000000000000000e+01,4.200000000000000000e+01,5.451559400000000011e+01
4.000655944502000239e+01,-8.303714405591999537e+01,-1.534000000000000086e-01,3.771500000000000075e+00,-1.362806828588200014e-01,7.983405587798000913e-02,4.348148015243999964e-01,4.868573990000000240e-01,-9.256463700000000516e-02,9.292196584799999926e+01,2.024000000000000000e+03,1.100000000000000000e+01,1.400000000000000000e+01,1.300000000000000000e+01,4.200000000000000000e+01,5.457303399999999982e+01
4.000655937174000343e+01,-8.303714184848999480e+01,-1.612000000000000099e-01,3.771500000000000075e+00,2.642969497711600280e-01,-1.743761484550000046e-02,1.261712653673399964e-01,4.755645960000000061e-01,-9.798251900000000403e-02,9.291466927300000123e+01,2.024000000000000000e+03,1.100000000000000000e+01,1.400000000000000000e+01,1.300000000000000000e+01,4.200000000000000000e+01,5.462975999999999743e+01
4.000655927975000026e+01,-8.303713920177000318e+01,-1.695000000000000118e-01,3.766500000000000181e+00,2.494272955796200120e-01,-1.475171010313600095e-01,-1.523028652521400128e-01,4.889743120000000220e-01,-1.029143659999999932e-01,9.291121430799999814e+01,2.024000000000000000e+03,1.100000000000000000e+01,1.400000000000000000e+01,1.300000000000000000e+01,4.200000000000000000e+01,5.468726300000000151e+01
4.000655918615999695e+01,-8.303713655949999861e+01,-1.635999999999999954e-01,3.760499999999999954e+00,-4.019706143202400050e-01,-1.331610037968199989e-01,2.391045483533999969e-02,5.139796079999999767e-01,-1.032759580000000010e-01,9.291019604999999615e+01,2.024000000000000000e+03,1.100000000000000000e+01,1.400000000000000000e+01,1.300000000000000000e+01,4.200000000000000000e+01,5.474412699999999887e+01
4.000655911462000347e+01,-8.303713435916999686e+01,-1.458000000000000129e-01,3.758199999999999985e+00,-7.054892393999000477e-01,-1.338779990265200059e-01,-1.687252297296999992e-01,4.981385979999999880e-01,-1.043136340000000023e-01,9.291188965300000291e+01,2.024000000000000000e+03,1.100000000000000000e+01,1.400000000000000000e+01,1.300000000000000000e+01,4.200000000000000000e+01,5.480126299999999873e+01
4.000655903138000014e+01,-8.303713172129999975e+01,-1.514999999999999958e-01,3.751700000000000035e+00,1.443572834184399800e-01,-2.958241812134400073e-01,-1.558285853729999941e-02,4.623745790000000078e-01,-1.125321269999999957e-01,9.291243181900000536e+01,2.024000000000000000e+03,1.100000000000000000e+01,1.400000000000000000e+01,1.300000000000000000e+01,4.200000000000000000e+01,5.486053700000000077e+01
4.000655901718000251e+01,-8.303713128220999806e+01,-1.532999999999999918e-01,3.750000000000000000e+00,2.452168152683799895e-01,-3.206829938507800293e-01,5.308304232139999732e-03,4.597536190000000023e-01,-1.124608140000000062e-01,9.291300617100000636e+01,2.024000000000000000e+03,1.100000000000000000e+01,1.400000000000000000e+01,1.300000000000000000e+01,4.200000000000000000e+01,5.491698099999999982e+01
4.000655888664999793e+01,-8.303712733941000579e+01,-1.622000000000000108e-01,3.737299999999999844e+00,2.523659374930800059e-01,-1.824648547833200019e-01,1.321209214347000005e-01,4.470123830000000131e-01,-1.025323600000000029e-01,9.293358921399999417e+01,2.024000000000000000e+03,1.100000000000000000e+01,1.400000000000000000e+01,1.300000000000000000e+01,4.200000000000000000e+01,5.497702000000000311e+01
4.000655878314999825e+01,-8.303712427698999932e+01,-1.584000000000000130e-01,3.733600000000000030e+00,7.669401434984000898e-02,-1.337235096277999968e-01,-9.815695512460001493e-02,4.250244599999999928e-01,-9.857713099999999840e-02,9.297268526700000280e+01,2.024000000000000000e+03,1.100000000000000000e+01,1.400000000000000000e+01,1.300000000000000000e+01,4.200000000000000000e+01,5.503479800000000211e+01
4.000655869265000320e+01,-8.303712165346999541e+01,-1.675000000000000100e-01,3.730700000000000127e+00,4.404966905093400387e-01,-1.260419936127600005e-01,-1.197479070070800039e-01,4.071092159999999960e-01,-1.031325319999999990e-01,9.301338509299999657e+01,2.024000000000000000e+03,1.100000000000000000e+01,1.400000000000000000e+01,1.300000000000000000e+01,4.200000000000000000e+01,5.509160299999999921e+01
4.000655859298999673e+01,-8.303711903372000336e+01,-1.900000000000000022e-01,3.724299999999999944e+00,7.721368586854999716e-01,-2.005940330600199939e-01,5.400405785414000293e-02,4.390862110000000040e-01,-1.149158289999999971e-01,9.304331315100000666e+01,2.024000000000000000e+03,1.100000000000000000e+01,1.400000000000000000e+01,1.300000000000000000e+01,4.200000000000000000e+01,5.514794599999999747e+01
4.000655848638999856e+01,-8.303711642049999853e+01,-1.917000000000000093e-01,3.714100000000000179e+00,-4.707868224060000190e-02,-2.892430581497800191e-01,1.513256960114200134e-01,4.940501649999999856e-01,-1.209672450000000010e-01,9.305794225299999312e+01,2.024000000000000000e+03,1.100000000000000000e+01,1.400000000000000000e+01,1.300000000000000000e+01,4.200000000000000000e+01,5.520483399999999818e+01
4.000655839880000286e+01,-8.303711424878000003e+01,-1.847999999999999921e-01,3.703500000000000014e+00,-3.361588814241199819e-01,-4.059140506266599724e-01,7.885880284418000929e-02,5.093135800000000435e-01,-1.166001069999999945e-01,9.306964886100000456e+01,2.024000000000000000e+03,1.100000000000000000e+01,1.400000000000000000e+01,1.300000000000000000e+01,4.200000000000000000e+01,5.526386600000000016e+01
4.000655829917000261e+01,-8.303711164793999444e+01,-1.718000000000000083e-01,3.696400000000000130e+00,-4.381969810777800456e-01,-3.390241899179199936e-01,5.157510542807999809e-02,5.001336360000000480e-01,-1.047245309999999957e-01,9.309701443999999526e+01,2.024000000000000000e+03,1.100000000000000000e+01,1.400000000000000000e+01,1.300000000000000000e+01,4.200000000000000000e+01,5.532119099999999889e+01
4.000655820389999917e+01,-8.303710905094000339e+01,-1.721000000000000030e-01,3.693799999999999972e+00,1.341367989009800143e-01,-9.814362458953999890e-02,-2.048491162594200110e-01,4.887240709999999821e-01,-9.008609500000000492e-02,9.313550766599999520e+01,2.024000000000000000e+03,1.100000000000000000e+01,1.400000000000000000e+01,1.300000000000000000e+01,4.200000000000000000e+01,5.537964600000000104e+01
4.000655810781999833e+01,-8.303710645591000628e+01,-1.748999999999999999e-01,3.691199999999999815e+00,1.685033967487000184e-01,-9.232036724778000525e-02,-2.123445446681799798e-01,4.999668729999999783e-01,-8.596645199999999876e-02,9.317074746299999788e+01,2.024000000000000000e+03,1.100000000000000000e+01,1.400000000000000000e+01,1.300000000000000000e+01,4.200000000000000000e+01,5.543779500000000127e+01
4.000655801423999947e+01,-8.303710386582000069e+01,-1.612999999999999989e-01,3.680200000000000138e+00,-4.833614800234800057e-01,-3.810422535092000129e-01,-1.625858687399200087e-01,4.848580140000000038e-01,-8.210441200000000161e-02,9.319420840200000100e+01,2.024000000000000000e+03,1.100000000000000000e+01,1.400000000000000000e+01,1.300000000000000000e+01,4.200000000000000000e+01,5.549466400000000021e+01
4.000655793973999863e+01,-8.303710171474999413e+01,-1.612999999999999989e-01,3.666700000000000070e+00,7.163866952306000013e-02,-5.153052333413400410e-01,-4.098410868935999790e-02,4.424944210000000266e-01,-6.089916499999999816e-02,9.320861191500000587e+01,2.024000000000000000e+03,1.100000000000000000e+01,1.400000000000000000e+01,1.300000000000000000e+01,4.200000000000000000e+01,5.555197100000000177e+01
4.000655784466000142e+01,-8.303709913910999774e+01,-1.764999999999999902e-01,3.661999999999999922e+00,3.867734444835200236e-01,-1.857207963998999956e-01,2.876789139769199699e-01,4.285397389999999751e-01,-2.751268200000000011e-02,9.322564079900000422e+01,2.024000000000000000e+03,1.100000000000000000e+01,1.400000000000000000e+01,1.300000000000000000e+01,4.200000000000000000e+01,5.560984899999999698e+01
4.000655774218000005e+01,-8.303709656638000070e+01,-1.895000000000000018e-01,3.661000000000000032e+00,4.371787602392000482e-01,6.321179735399999264e-03,1.358210992382000160e-01,4.581036159999999913e-01,-6.747638000000000247e-03,9.324311980599999572e+01,2.024000000000000000e+03,1.100000000000000000e+01,1.400000000000000000e+01,1.300000000000000000e+01,4.200000000000000000e+01,5.566765399999999886e+01
4.000655763964999778e+01,-8.303709399474000463e+01,-1.816000000000000114e-01,3.658799999999999830e+00,-2.229511369248599884e-01,-3.715381715468000362e-02,3.432714780650000103e-02,4.677351189999999770e-01,-2.783845000000000069e-03,9.326434181599999818e+01,2.024000000000000000e+03,1.100000000000000000e+01,1.400000000000000000e+01,1.300000000000000000e+01,4.200000000000000000e+01,5.572479500000000030e+01
4.000655753937000014e+01,-8.303709142622000172e+01,-1.814999999999999947e-01,3.651199999999999779e+00,9.325937107333999443e-02,-2.318217037058800112e-01,-1.165154716507600108e-01,4.501507359999999958e-01,-5.813696999999999615e-03,9.328735555100000454e+01,2.024000000000000000e+03,1.100000000000000000e+01,1.400000000000000000e+01,1.300000000000000000e+01,4.200000000000000000e+01,5.578413499999999914e+01
4.000655745489999759e+01,-8.303708928944000434e+01,-1.864000000000000101e-01,3.647100000000000009e+00,2.706942858314400069e-01,-1.093537277419799891e-01,5.774126062188000147e-02,4.494696240000000120e-01,-4.309106000000000047e-03,9.330801123300000199e+01,2.024000000000000000e+03,1.100000000000000000e+01,1.400000000000000000e+01,1.300000000000000000e+01,4.200000000000000000e+01,5.584140399999999715e+01
4.000655742024999739e+01,-8.303708843581000565e+01,-1.894000000000000128e-01,3.643200000000000216e+00,3.080487398877400085e-01,-2.473430455692200158e-01,-1.074287051564399992e-01,4.531762930000000078e-01,-6.374547999999999846e-03,9.331576559100000168e+01,2.024000000000000000e+03,1.100000000000000000e+01,1.400000000000000000e+01,1.300000000000000000e+01,4.200000000000000000e+01,5.589912300000000300e+01
4.000655729281999839e+01,-8.303708545239000216e+01,-1.991999999999999882e-01,3.635099999999999998e+00,-2.335901770220000229e-03,-2.229551754554799925e-01,-3.104917336942000089e-02,5.047298049999999758e-01,-6.663093000000000141e-03,9.334257263199999954e+01,2.024000000000000000e+03,1.100000000000000000e+01,1.400000000000000000e+01,1.300000000000000000e+01,4.200000000000000000e+01,5.595608800000000116e+01
4.000655714964999987e+01,-8.303708204554999384e+01,-1.930999999999999939e-01,3.634700000000000042e+00,1.124562449244799894e-01,1.087847645894000036e-02,6.678321434955999947e-02,5.008462790000000053e-01,-1.948740100000000142e-02,9.337058499200000483e+01,2.024000000000000000e+03,1.100000000000000000e+01,1.400000000000000000e+01,1.300000000000000000e+01,4.200000000000000000e+01,5.601442399999999822e+01
4.000655703790999951e+01,-8.303707949076999739e+01,-2.010000000000000120e-01,3.630399999999999849e+00,1.510856283909400022e-01,-2.024332584475800056e-01,-5.291320543462000453e-02,5.180290020000000162e-01,-4.898398100000000283e-02,9.339527633900000581e+01,2.024000000000000000e+03,1.100000000000000000e+01,1.400000000000000000e+01,1.300000000000000000e+01,4.200000000000000000e+01,5.607211900000000071e+01
4.000655692336000158e+01,-8.303707694441000342e+01,-2.031000000000000028e-01,3.614799999999999791e+00,-7.164581652076000562e-02,-4.323166948439000068e-01,-2.088171687763999973e-01,5.642898710000000539e-01,-5.833425500000000152e-02,9.341830215100000601e+01,2.024000000000000000e+03,1.100000000000000000e+01,1.400000000000000000e+01,1.300000000000000000e+01,4.200000000000000000e+01,5.613001200000000068e+01
4.000655681021000021e+01,-8.303707440690999420e+01,-1.990999999999999992e-01,3.605599999999999916e+00,-1.621792214397600185e-01,-1.865647953837999973e-01,-9.647413649283999304e-02,5.970688560000000367e-01,-4.374852099999999855e-02,9.343111013799999398e+01,2.024000000000000000e+03,1.100000000000000000e+01,1.400000000000000000e+01,1.300000000000000000e+01,4.200000000000000000e+01,5.618668699999999916e+01
4.000655671975999894e+01,-8.303707229299999426e+01,-1.872999999999999943e-01,3.607600000000000140e+00,-5.051714843549199863e-01,-2.023651726762000155e-02,1.729226704847200147e-01,5.966718100000000247e-01,-4.655319100000000071e-02,9.343987616799999785e+01,2.024000000000000000e+03,1.100000000000000000e+01,1.400000000000000000e+01,1.300000000000000000e+01,4.200000000000000000e+01,5.624324399999999713e+01
4.000655659560000288e+01,-8.303706933588999561e+01,-1.920000000000000040e-01,3.599600000000000133e+00,1.108662540896800108e-01,-2.937663699667399930e-01,2.552092287435600015e-01,5.888044829999999896e-01,-6.998806899999999998e-02,9.346154690999999559e+01,2.024000000000000000e+03,1.100000000000000000e+01,1.400000000000000000e+01,1.300000000000000000e+01,4.200000000000000000e+01,5.630217799999999784e+01
4.000655650457999712e+01,-8.303706722910999360e+01,-1.973000000000000032e-01,3.591000000000000192e+00,2.198238674919800184e-01,-3.584224477707799728e-01,1.853479251762200075e-01,6.097887180000000074e-01,-8.377503599999999717e-02,9.348483456699999294e+01,2.024000000000000000e+03,1.100000000000000000e+01,1.400000000000000000e+01,1.300000000000000000e+01,4.200000000000000000e+01,5.636182099999999906e+01
4.000655639709000155e+01,-8.303706470410000406e+01,-1.834999999999999964e-01,3.586500000000000021e+00,-5.589160220517800370e-01,-3.566325443776400261e-01,-1.437962036323799930e-01,6.163347380000000486e-01,-1.003270240000000008e-01,9.351584452000000169e+01,2.024000000000000000e+03,1.100000000000000000e+01,1.400000000000000000e+01,1.300000000000000000e+01,4.200000000000000000e+01,5.642066400000000215e+01
4.000655629322000095e+01,-8.303706218534000527e+01,-1.864000000000000101e-01,3.577100000000000168e+00,1.464870019069599849e-01,-3.558452705811400163e-01,-1.478412635400999930e-01,5.805215150000000435e-01,-1.073256469999999962e-01,9.354057671299999299e+01,2.024000000000000000e+03,1.100000000000000000e+01,1.400000000000000000e+01,1.300000000000000000e+01,4.200000000000000000e+01,5.647894200000000353e+01
4.000655618713999928e+01,-8.303705967246000341e+01,-1.930000000000000049e-01,3.569799999999999862e+00,2.775750422129399930e-01,-2.713555083231599663e-01,-2.136043404011599978e-01,5.613407449999999743e-01,-1.101225110000000063e-01,9.355855832500000702e+01,2.024000000000000000e+03,1.100000000000000000e+01,1.400000000000000000e+01,1.300000000000000000e+01,4.200000000000000000e+01,5.653618500000000324e+01
4.000655607713999729e+01,-8.303705716717999508e+01,-2.031999999999999917e-01,3.556299999999999795e+00,5.024768421213600122e-01,-4.243644917313599829e-01,-2.149803209243799917e-01,5.728811910000000118e-01,-1.032723499999999989e-01,9.357248570000000143e+01,2.024000000000000000e+03,1.100000000000000000e+01,1.400000000000000000e+01,1.300000000000000000e+01,4.200000000000000000e+01,5.659454900000000066e+01
4.000655598432999938e+01,-8.303705508797000334e+01,-1.988999999999999935e-01,3.542499999999999982e+00,-4.449454842726000003e-02,-5.109112057743000479e-01,2.169335454630199889e-01,5.894920030000000422e-01,-8.008599600000000651e-02,9.358494132299999535e+01,2.024000000000000000e+03,1.100000000000000000e+01,1.400000000000000000e+01,1.300000000000000000e+01,4.200000000000000000e+01,5.665194000000000329e+01
4.000655585791999869e+01,-8.303705218058999549e+01,-1.913999999999999868e-01,3.545300000000000118e+00,-1.333894678118600075e-01,-1.462012170779999898e-02,1.110298479112200032e-01,5.674787709999999930e-01,-4.573186800000000191e-02,9.360076956400000370e+01,2.024000000000000000e+03,1.100000000000000000e+01,1.400000000000000000e+01,1.300000000000000000e+01,4.200000000000000000e+01,5.671482699999999966e+01
4.000655574400000347e+01,-8.303704968789000418e+01,-2.152000000000000024e-01,3.543400000000000105e+00,6.542775821586199747e-01,1.144657805314000000e-02,-2.079430922338000240e-02,5.821636850000000418e-01,-4.882211699999999821e-02,9.361265804399999979e+01,2.024000000000000000e+03,1.100000000000000000e+01,1.400000000000000000e+01,1.300000000000000000e+01,4.200000000000000000e+01,5.677251400000000103e+01
4.000655564243999862e+01,-8.303704761359000486e+01,-2.209000000000000130e-01,3.538800000000000168e+00,1.199909124005599931e-01,-1.415849258428799884e-01,-4.268612846088000456e-02,6.350446830000000542e-01,-5.497355400000000086e-02,9.362273404299999413e+01,2.024000000000000000e+03,1.100000000000000000e+01,1.400000000000000000e+01,1.300000000000000000e+01,4.200000000000000000e+01,5.682892700000000019e+01
4.000655558049000149e+01,-8.303704636983999876e+01,-2.225999999999999923e-01,3.537199999999999900e+00,7.518279391229999720e-02,-1.126601442400800152e-01,1.616061396557000041e-01,6.575655080000000208e-01,-5.416863699999999865e-02,9.362883710799999903e+01,2.024000000000000000e+03,1.100000000000000000e+01,1.400000000000000000e+01,1.300000000000000000e+01,4.200000000000000000e+01,5.688663100000000128e+01
4.000655550089000201e+01,-8.303704471218999572e+01,-2.126000000000000112e-01,3.535200000000000120e+00,-3.017953420150599753e-01,-1.549581066803800145e-01,2.095356976697599904e-01,6.811859449999999594e-01,-6.841213200000000050e-02,9.364157836600000451e+01,2.024000000000000000e+03,1.100000000000000000e+01,1.400000000000000000e+01,1.300000000000000000e+01,4.200000000000000000e+01,5.694395800000000207e+01
4.000655533415999798e+01,-8.303704098983000392e+01,-1.930999999999999939e-01,3.522600000000000176e+00,-2.219379528239800170e-01,-3.477408084572999880e-01,-6.701627468460000236e-02,6.479597940000000333e-01,-7.914053000000000060e-02,9.368328527699999597e+01,2.024000000000000000e+03,1.100000000000000000e+01,1.400000000000000000e+01,1.300000000000000000e+01,4.200000000000000000e+01,5.700084499999999821e+01
4.000655522339999948e+01,-8.303703851771000188e+01,-1.995999999999999996e-01,3.510400000000000187e+00,8.074120121771999337e-02,-4.011151034736999965e-01,3.496958409408800206e-01,6.441516900000000545e-01,-7.831983900000000220e-02,9.372439477300000021e+01,2.024000000000000000e+03,1.100000000000000000e+01,1.400000000000000000e+01,1.300000000000000000e+01,4.200000000000000000e+01,5.705886999999999887e+01
4.000655508916000258e+01,-8.303703564226999845e+01,-2.139999999999999958e-01,3.503699999999999815e+00,4.600497474068599990e-01,-1.760265276199600160e-01,1.513904375884999876e-01,6.472746040000000312e-01,-6.525244199999999384e-02,9.377788390499999593e+01,2.024000000000000000e+03,1.100000000000000000e+01,1.400000000000000000e+01,1.300000000000000000e+01,4.200000000000000000e+01,5.711642200000000003e+01
4.000655496945000067e+01,-8.303703317875999801e+01,-2.164000000000000090e-01,3.503499999999999837e+00,-4.395896163319999717e-03,-5.773784761083999850e-02,-8.032390311211999590e-02,6.453816519999999723e-01,-7.553742300000000631e-02,9.384048903999999425e+01,2.024000000000000000e+03,1.100000000000000000e+01,1.400000000000000000e+01,1.300000000000000000e+01,4.200000000000000000e+01,5.717620300000000100e+01
4.000655484744000034e+01,-8.303703071681999859e+01,-2.220999999999999919e-01,3.500799999999999912e+00,1.470866069458999781e-01,-6.897114868419999822e-02,-2.026255558090599984e-01,6.294387030000000438e-01,-9.741085600000000400e-02,9.392762588799999435e+01,2.024000000000000000e+03,1.100000000000000000e+01,1.400000000000000000e+01,1.300000000000000000e+01,4.200000000000000000e+01,5.723732799999999799e+01
4.000655472134999968e+01,-8.303702825960999689e+01,-2.341000000000000025e-01,3.489199999999999857e+00,4.685292946473599840e-01,-4.147993896208400089e-01,4.644430447950000096e-02,6.239000030000000363e-01,-1.250625999999999960e-01,9.403818446100000017e+01,2.024000000000000000e+03,1.100000000000000000e+01,1.400000000000000000e+01,1.300000000000000000e+01,4.200000000000000000e+01,5.729451300000000202e+01
4.000655460926999751e+01,-8.303702622039999426e+01,-2.510999999999999899e-01,3.474099999999999966e+00,6.419430115485199595e-01,-5.179783005125799811e-01,1.337707178131599950e-01,6.425759199999999671e-01,-1.310611269999999995e-01,9.414590343899999425e+01,2.024000000000000000e+03,1.100000000000000000e+01,1.400000000000000000e+01,1.300000000000000000e+01,4.200000000000000000e+01,5.735173600000000249e+01
4.000655447042999668e+01,-8.303702378135000117e+01,-2.518000000000000238e-01,3.464300000000000157e+00,-1.338718846704000168e-02,-3.432060033350599615e-01,3.467266928376199764e-01,6.506417049999999591e-01,-1.348670389999999941e-01,9.428812382200000286e+01,2.024000000000000000e+03,1.100000000000000000e+01,1.400000000000000000e+01,1.300000000000000000e+01,4.200000000000000000e+01,5.741138999999999726e+01
4.000655433002999928e+01,-8.303702135014999897e+01,-2.577999999999999736e-01,3.453199999999999825e+00,2.518251403254599952e-01,-3.419505784246200109e-01,1.726447681904000053e-01,6.188838810000000246e-01,-1.371228620000000120e-01,9.444450133499999822e+01,2.024000000000000000e+03,1.100000000000000000e+01,1.400000000000000000e+01,1.300000000000000000e+01,4.200000000000000000e+01,5.746918900000000008e+01
4.000655418328000223e+01,-8.303701892347000069e+01,-2.782000000000000028e-01,3.448700000000000099e+00,8.282302532580200216e-01,-1.607748457085999838e-01,-1.078365820667600006e-01,6.083096009999999776e-01,-1.458155829999999986e-01,9.461428872000000467e+01,2.024000000000000000e+03,1.100000000000000000e+01,1.400000000000000000e+01,1.300000000000000000e+01,4.200000000000000000e+01,5.752683199999999886e+01
4.000655402766999913e+01,-8.303701650054000538e+01,-2.874999999999999778e-01,3.444199999999999928e+00,2.572078850656999705e-01,-1.576196493875400007e-01,-2.498604222591800095e-01,6.224243470000000444e-01,-1.692875130000000006e-01,9.478029362700000604e+01,2.024000000000000000e+03,1.100000000000000000e+01,1.400000000000000000e+01,1.300000000000000000e+01,4.200000000000000000e+01,5.758618100000000339e+01
4.000655389519000238e+01,-8.303701448680999420e+01,-2.892000000000000126e-01,3.432100000000000151e+00,1.672592048288000163e-02,-4.685933204959399911e-01,-3.621321961774199849e-01,6.098560619999999766e-01,-1.807711220000000063e-01,9.490601941600000657e+01,2.024000000000000000e+03,1.100000000000000000e+01,1.400000000000000000e+01,1.300000000000000000e+01,4.200000000000000000e+01,5.764377900000000210e+01
4.000655373573000162e+01,-8.303701207860000011e+01,-2.862999999999999989e-01,3.422099999999999920e+00,-2.992780125774600064e-01,-2.531565269948000130e-01,-2.227570429689399722e-01,5.779846509999999604e-01,-1.766270570000000040e-01,9.505415191900000593e+01,2.024000000000000000e+03,1.100000000000000000e+01,1.400000000000000000e+01,1.300000000000000000e+01,4.200000000000000000e+01,5.770257300000000100e+01
4.000655357640999910e+01,-8.303700967723000304e+01,-2.902000000000000135e-01,3.409199999999999786e+00,2.513071235874000248e-02,-4.825954675630799717e-01,-1.287337294216799877e-01,5.436599549999999725e-01,-1.698717580000000116e-01,9.520702073799999710e+01,2.024000000000000000e+03,1.100000000000000000e+01,1.400000000000000000e+01,1.300000000000000000e+01,4.200000000000000000e+01,5.775996299999999906e+01
4.000655341251999886e+01,-8.303700728469000580e+01,-3.034000000000000030e-01,3.398899999999999810e+00,3.890477396418999811e-01,-2.766939405540800312e-01,3.375749847519800007e-01,5.257060879999999603e-01,-1.482520170000000137e-01,9.536036248000000626e+01,2.024000000000000000e+03,1.100000000000000000e+01,1.400000000000000000e+01,1.300000000000000000e+01,4.200000000000000000e+01,5.781707999999999714e+01
4.000655330050000202e+01,-8.303700569122999298e+01,-3.098000000000000198e-01,3.401100000000000012e+00,3.026440764451799881e-01,9.975618512556000406e-02,1.777743229127400071e-01,5.118013219999999475e-01,-1.410010359999999963e-01,9.546066660200000342e+01,2.024000000000000000e+03,1.100000000000000000e+01,1.400000000000000000e+01,1.300000000000000000e+01,4.200000000000000000e+01,5.787614800000000059e+01
4.000655318511000047e+01,-8.303700409853999531e+01,-3.180000000000000049e-01,3.396999999999999797e+00,4.984489084937199777e-01,-6.341787960212000308e-02,6.193678482862000068e-02,4.889904720000000093e-01,-1.466832789999999997e-01,9.556299366800000428e+01,2.024000000000000000e+03,1.100000000000000000e+01,1.400000000000000000e+01,1.300000000000000000e+01,4.200000000000000000e+01,5.793368199999999746e+01
4.000655290577999779e+01,-8.303700052562000167e+01,-3.598000000000000087e-01,3.379500000000000171e+00,9.244052097166999271e-01,-3.364914185909200217e-01,2.021302203635799988e-01,4.917240720000000120e-01,-1.537808079999999911e-01,9.581041526699999622e+01,2.024000000000000000e+03,1.100000000000000000e+01,1.400000000000000000e+01,1.300000000000000000e+01,4.200000000000000000e+01,5.799199300000000079e+01
4.000655271024999848e+01,-8.303699815765999404e+01,-3.634000000000000008e-01,3.366600000000000037e+00,1.587602095605000208e-01,-3.750165154970400150e-01,-2.206189524082000086e-02,5.185743860000000538e-01,-1.465309909999999993e-01,9.599986856099999954e+01,2.024000000000000000e+03,1.100000000000000000e+01,1.400000000000000000e+01,1.300000000000000000e+01,4.200000000000000000e+01,5.805030800000000113e+01
4.000655251010999791e+01,-8.303699579604000292e+01,-3.730999999999999872e-01,3.359700000000000131e+00,2.364500410980600043e-01,-1.878569164183800100e-01,1.387545875793400052e-01,5.248894200000000509e-01,-1.391258429999999990e-01,9.618630706000000430e+01,2.024000000000000000e+03,1.100000000000000000e+01,1.400000000000000000e+01,1.300000000000000000e+01,4.200000000000000000e+01,5.810775499999999738e+01
4.000655233887000151e+01,-8.303699383170000203e+01,-3.831999999999999851e-01,3.355100000000000193e+00,3.819234441512399658e-01,-1.159010192910600034e-01,-2.300846632899999911e-02,5.253584820000000155e-01,-1.363038980000000067e-01,9.633194842400000368e+01,2.024000000000000000e+03,1.100000000000000000e+01,1.400000000000000000e+01,1.300000000000000000e+01,4.200000000000000000e+01,5.816445300000000174e+01
4.000655209645999832e+01,-8.303699108633000492e+01,-3.809000000000000163e-01,3.348199999999999843e+00,-2.175138237136400032e-01,-1.812718939545999997e-01,-3.503342425216000172e-02,5.227057050000000205e-01,-1.483366879999999943e-01,9.653077043099999344e+01,2.024000000000000000e+03,1.100000000000000000e+01,1.400000000000000000e+01,1.300000000000000000e+01,4.200000000000000000e+01,5.822411900000000173e+01
4.000655192586999931e+01,-8.303698912982000024e+01,-3.734999999999999987e-01,3.339199999999999946e+00,-2.865340381931399949e-01,-3.849622759511600045e-01,-1.522515396587599823e-01,4.930454989999999982e-01,-1.596471260000000003e-01,9.668273856700000124e+01,2.024000000000000000e+03,1.100000000000000000e+01,1.400000000000000000e+01,1.300000000000000000e+01,4.200000000000000000e+01,5.828174299999999874e+01
4.000655172113999924e+01,-8.303698679078999589e+01,-3.795000000000000040e-01,3.323500000000000121e+00,1.977257843709999963e-01,-4.896803590643200033e-01,-2.107051834243200139e-01,4.470165030000000095e-01,-1.600880670000000006e-01,9.687827373099999306e+01,2.024000000000000000e+03,1.100000000000000000e+01,1.400000000000000000e+01,1.300000000000000000e+01,4.200000000000000000e+01,5.833872900000000072e+01
4.000655151024999867e+01,-8.303698445986999843e+01,-3.965000000000000191e-01,3.315100000000000158e+00,5.468175960715000450e-01,-2.059030141736800101e-01,-1.674828381540799938e-01,4.149226440000000071e-01,-1.565266090000000110e-01,9.707994930799999622e+01,2.024000000000000000e+03,1.100000000000000000e+01,1.400000000000000000e+01,1.300000000000000000e+01,4.200000000000000000e+01,5.839636600000000044e+01
4.000655129177000191e+01,-8.303698213446999432e+01,-4.122000000000000108e-01,3.306599999999999984e+00,6.474471614392000030e-01,-2.696264589000599843e-01,1.439588771861999850e-01,3.810967439999999873e-01,-1.727223099999999900e-01,9.728116965799999605e+01,2.024000000000000000e+03,1.100000000000000000e+01,1.400000000000000000e+01,1.300000000000000000e+01,4.200000000000000000e+01,5.845555199999999729e+01
4.000655106223000246e+01,-8.303697982047999915e+01,-4.375000000000000000e-01,3.285000000000000142e+00,9.289841982009799937e-01,-5.851332752942000059e-01,-9.860329532899999444e-03,3.561721809999999766e-01,-1.888600249999999869e-01,9.748222596399999418e+01,2.024000000000000000e+03,1.100000000000000000e+01,1.400000000000000000e+01,1.300000000000000000e+01,4.200000000000000000e+01,5.851487500000000352e+01
4.000655081960000103e+01,-8.303697751993000509e+01,-4.596000000000000085e-01,3.267100000000000115e+00,8.031635753529600130e-01,-4.884395087705399874e-01,2.624068296652199983e-01,3.630229859999999920e-01,-2.040602089999999924e-01,9.769039740799999549e+01,2.024000000000000000e+03,1.100000000000000000e+01,1.400000000000000000e+01,1.300000000000000000e+01,4.200000000000000000e+01,5.857263100000000122e+01
4.000655060991000056e+01,-8.303697561174999464e+01,-4.696000000000000174e-01,3.254599999999999937e+00,4.479208980762000580e-01,-4.273242038324799874e-01,9.028265297449999949e-02,3.813756320000000199e-01,-2.237975399999999893e-01,9.787540305900000703e+01,2.024000000000000000e+03,1.100000000000000000e+01,1.400000000000000000e+01,1.300000000000000000e+01,4.200000000000000000e+01,5.863003700000000151e+01
4.000655035305999974e+01,-8.303697333271000502e+01,-4.786000000000000254e-01,3.236600000000000144e+00,3.672623619339199785e-01,-5.311397623166199677e-01,1.374807833205999967e-02,3.933573679999999850e-01,-2.538244550000000044e-01,9.810856583499999317e+01,2.024000000000000000e+03,1.100000000000000000e+01,1.400000000000000000e+01,1.300000000000000000e+01,4.200000000000000000e+01,5.868882200000000182e+01
4.000655009135999762e+01,-8.303697106824999707e+01,-4.904000000000000026e-01,3.212600000000000122e+00,5.878039214263199863e-01,-7.322753080859399910e-01,-2.197562300704000021e-02,4.034495319999999996e-01,-2.799362950000000017e-01,9.834995671400000106e+01,2.024000000000000000e+03,1.100000000000000000e+01,1.400000000000000000e+01,1.300000000000000000e+01,4.200000000000000000e+01,5.874747299999999939e+01
4.000654982174000196e+01,-8.303696882062000384e+01,-5.057000000000000384e-01,3.189299999999999802e+00,6.510784572479200172e-01,-6.733893217277200360e-01,-3.576114699795999996e-02,4.219373889999999960e-01,-2.938231029999999744e-01,9.858933324100000561e+01,2.024000000000000000e+03,1.100000000000000000e+01,1.400000000000000000e+01,1.300000000000000000e+01,4.200000000000000000e+01,5.880806499999999915e+01
4.000654959498999830e+01,-8.303696695917000170e+01,-5.022999999999999687e-01,3.171100000000000030e+00,7.085589519194000763e-02,-7.631209985213400770e-01,3.499110757297999724e-02,4.222226350000000128e-01,-3.047459759999999740e-01,9.878889278100000126e+01,2.024000000000000000e+03,1.100000000000000000e+01,1.400000000000000000e+01,1.300000000000000000e+01,4.200000000000000000e+01,5.886513200000000268e+01
4.000654950503999885e+01,-8.303696621766999897e+01,-4.975999999999999868e-01,3.164099999999999913e+00,-1.676867693863400011e-01,-7.592015071432800521e-01,3.808851298522000078e-02,4.093506749999999972e-01,-3.090604789999999991e-01,9.887020702300000607e+01,2.024000000000000000e+03,1.100000000000000000e+01,1.400000000000000000e+01,1.300000000000000000e+01,4.200000000000000000e+01,5.892721399999999932e+01
4.000654900106999889e+01,-8.303696216919000506e+01,-5.239000000000000323e-01,3.123200000000000198e+00,7.787563606021800089e-01,-6.969552543384199828e-01,-1.171804305255400025e-01,3.648457909999999749e-01,-3.289820250000000113e-01,9.933456223599999646e+01,2.024000000000000000e+03,1.100000000000000000e+01,1.400000000000000000e+01,1.300000000000000000e+01,4.200000000000000000e+01,5.898515100000000189e+01
4.000654876333999965e+01,-8.303696034793000536e+01,-5.329000000000000403e-01,3.103600000000000136e+00,3.533209646650400382e-01,-6.848441236485399708e-01,-1.738212077719999971e-03,3.788904840000000274e-01,-3.421867259999999966e-01,9.954843491299999414e+01,2.024000000000000000e+03,1.100000000000000000e+01,1.400000000000000000e+01,1.300000000000000000e+01,4.200000000000000000e+01,5.904301900000000103e+01
4.000654847511999890e+01,-8.303695817511000143e+01,-5.361000000000000210e-01,3.086500000000000021e+00,1.344158627407799900e-01,-5.014686489085800059e-01,2.991826696728000154e-02,3.636354760000000130e-01,-3.625748140000000230e-01,9.980318289400000253e+01,2.024000000000000000e+03,1.100000000000000000e+01,1.400000000000000000e+01,1.300000000000000000e+01,4.200000000000000000e+01,5.910041400000000067e+01
4.000654818387999967e+01,-8.303695601172999829e+01,-5.466999999999999638e-01,3.074100000000000055e+00,5.007595252548600051e-01,-3.817289641687799939e-01,-1.924317754561399862e-01,3.087147089999999761e-01,-4.066253810000000080e-01,1.000632690850000017e+02,2.024000000000000000e+03,1.100000000000000000e+01,1.400000000000000000e+01,1.300000000000000000e+01,4.200000000000000000e+01,5.915836800000000295e+01
4.000654793303999668e+01,-8.303695422177000296e+01,-5.675000000000000044e-01,3.045900000000000052e+00,9.098021730541000496e-01,-9.293126546965599921e-01,-2.320285877975800104e-01,2.884457590000000238e-01,-4.476974770000000103e-01,1.002867632009999994e+02,2.024000000000000000e+03,1.100000000000000000e+01,1.400000000000000000e+01,1.300000000000000000e+01,4.200000000000000000e+01,5.921613700000000335e+01
4.000654757347000157e+01,-8.303695174438000493e+01,-5.784000000000000252e-01,3.006299999999999972e+00,5.748306845084200090e-01,-9.137627180895400159e-01,-7.685809744978000513e-02,2.889047900000000224e-01,-4.598194680000000090e-01,1.006121847819999999e+02,2.024000000000000000e+03,1.100000000000000000e+01,1.400000000000000000e+01,1.300000000000000000e+01,4.200000000000000000e+01,5.927639700000000289e+01
4.000654725849999949e+01,-8.303694964075999962e+01,-5.935000000000000275e-01,2.985599999999999810e+00,7.337849215082600240e-01,-5.321142592928399528e-01,1.177153280152800074e-01,2.762369410000000136e-01,-4.584685119999999947e-01,1.008974410269999993e+02,2.024000000000000000e+03,1.100000000000000000e+01,1.400000000000000000e+01,1.300000000000000000e+01,4.200000000000000000e+01,5.933463900000000280e+01
4.000654698689000099e+01,-8.303694789924999498e+01,-6.139999999999999902e-01,2.968100000000000183e+00,8.843139987551200676e-01,-5.018344280682000003e-01,1.152987995890399908e-01,2.796232029999999869e-01,-4.705596619999999897e-01,1.011432289450000042e+02,2.024000000000000000e+03,1.100000000000000000e+01,1.400000000000000000e+01,1.300000000000000000e+01,4.200000000000000000e+01,5.939243299999999692e+01
4.000654659560999704e+01,-8.303694547524000313e+01,-6.269000000000000128e-01,2.948700000000000099e+00,4.057770199178000192e-01,-4.793263165978599583e-01,-1.402464029575599958e-01,2.902578020000000092e-01,-5.053544880000000461e-01,1.015035950030000009e+02,2.024000000000000000e+03,1.100000000000000000e+01,1.400000000000000000e+01,1.300000000000000000e+01,4.200000000000000000e+01,5.945346899999999835e+01
4.000654625394000163e+01,-8.303694341448000671e+01,-6.428000000000000380e-01,2.920599999999999863e+00,7.994557252430799510e-01,-8.200786607900200087e-01,-6.158263940549999621e-02,2.844872480000000259e-01,-5.290310409999999797e-01,1.018205214380000001e+02,2.024000000000000000e+03,1.100000000000000000e+01,1.400000000000000000e+01,1.300000000000000000e+01,4.200000000000000000e+01,5.951687799999999839e+01
4.000654590060999993e+01,-8.303694137256999852e+01,-6.665999999999999703e-01,2.896900000000000031e+00,9.177405750103199145e-01,-5.462091068600000154e-01,-7.651624413891999765e-02,3.148832939999999803e-01,-5.248581300000000338e-01,1.021374579849999975e+02,2.024000000000000000e+03,1.100000000000000000e+01,1.400000000000000000e+01,1.300000000000000000e+01,4.200000000000000000e+01,5.957626599999999684e+01
4.000654554124000128e+01,-8.303693934084999739e+01,-6.683000000000000052e-01,2.888399999999999856e+00,1.753478257319799893e-01,-2.723934405543799731e-01,1.142828209535999839e-01,3.339962770000000081e-01,-5.265233750000000157e-01,1.024533918059999991e+02,2.024000000000000000e+03,1.100000000000000000e+01,1.400000000000000000e+01,1.300000000000000000e+01,4.200000000000000000e+01,5.963505299999999920e+01
4.000654517945999800e+01,-8.303693731671999956e+01,-6.766999999999999682e-01,2.876100000000000101e+00,4.799654243391799913e-01,-3.280325143116200048e-01,-9.107283288960000764e-03,3.088516049999999735e-01,-5.414154460000000224e-01,1.027705227200000024e+02,2.024000000000000000e+03,1.100000000000000000e+01,1.400000000000000000e+01,1.300000000000000000e+01,4.200000000000000000e+01,5.969561800000000318e+01
4.000654480981000205e+01,-8.303693530280999369e+01,-6.935000000000000053e-01,2.860500000000000043e+00,6.463720812173799901e-01,-3.653192673965199866e-01,1.970483613977200010e-01,3.004583650000000050e-01,-5.662049789999999971e-01,1.030995651030000033e+02,2.024000000000000000e+03,1.100000000000000000e+01,1.400000000000000000e+01,1.300000000000000000e+01,4.200000000000000000e+01,5.975769499999999823e+01
4.000654449409999813e+01,-8.303693363272999761e+01,-7.087999999999999856e-01,2.847599999999999909e+00,6.258724129106399969e-01,-3.583814930748600025e-01,1.069576079031799992e-01,3.136014759999999901e-01,-5.934736999999999929e-01,1.033826609200000064e+02,2.024000000000000000e+03,1.100000000000000000e+01,1.400000000000000000e+01,1.300000000000000000e+01,4.200000000000000000e+01,5.981548300000000040e+01
4.000654417292999909e+01,-8.303693196961999945e+01,-7.197999999999999954e-01,2.836899999999999977e+00,5.171532576365800438e-01,-2.963273509272800199e-01,1.613598336545999865e-02,3.242721199999999970e-01,-6.263181690000000357e-01,1.036711651180000047e+02,2.024000000000000000e+03,1.100000000000000000e+01,1.400000000000000000e+01,1.300000000000000000e+01,4.200000000000000000e+01,5.987458699999999823e+01
4.000654397747999980e+01,-8.303693097442000237e+01,-7.285000000000000364e-01,2.831700000000000106e+00,5.975631110561400172e-01,-2.235888055783800121e-01,-1.290435074402000032e-02,3.190829079999999984e-01,-6.512038239999999867e-01,1.038435460790000064e+02,2.024000000000000000e+03,1.100000000000000000e+01,1.400000000000000000e+01,1.300000000000000000e+01,4.200000000000000000e+01,5.993297599999999647e+01
4.000654330530999658e+01,-8.303692767793999963e+01,-7.649000000000000243e-01,2.795999999999999819e+00,8.834246896975600505e-01,-7.047696777336199814e-01,-3.138671648978799689e-01,3.144982749999999938e-01,-7.494863790000000359e-01,1.044312533570000028e+02,2.024000000000000000e+03,1.100000000000000000e+01,1.400000000000000000e+01,1.300000000000000000e+01,4.200000000000000000e+01,5.999135900000000277e+01
4.000654309608000148e+01,-8.303692669820999583e+01,-7.697000000000000508e-01,2.781600000000000072e+00,6.688694673665399604e-01,-8.067244859988199623e-01,-3.805906455469799665e-01,3.234254030000000002e-01,-7.639338669999999887e-01,1.046169753979999939e+02,2.024000000000000000e+03,1.100000000000000000e+01,1.400000000000000000e+01,1.300000000000000000e+01,4.300000000000000000e+01,4.839000000000000246e-02
4.000654246373999712e+01,-8.303692378472000257e+01,-7.776999999999999469e-01,2.750000000000000000e+00,3.970214827264200164e-01,-4.876172068872799414e-01,2.006915057185999773e-02,3.148587880000000006e-01,-7.602469880000000124e-01,1.051970307290000051e+02,2.024000000000000000e+03,1.100000000000000000e+01,1.400000000000000000e+01,1.300000000000000000e+01,4.300000000000000000e+01,1.062909999999999966e-01
4.000654210788999876e+01,-8.303692217751999749e+01,-7.864999999999999769e-01,2.739300000000000068e+00,4.273134206310600369e-01,-3.338360020961400054e-01,1.528476730110600035e-01,2.840364450000000263e-01,-7.592147289999999771e-01,1.055310924660000040e+02,2.024000000000000000e+03,1.100000000000000000e+01,1.400000000000000000e+01,1.300000000000000000e+01,4.300000000000000000e+01,1.634470000000000089e-01
4.000654160047999852e+01,-8.303691993763000312e+01,-8.087999999999999634e-01,2.724499999999999922e+00,7.672871100913800646e-01,-2.452775622884600104e-01,1.239083035896200030e-01,2.397661140000000024e-01,-7.722688490000000350e-01,1.060202234489999995e+02,2.024000000000000000e+03,1.100000000000000000e+01,1.400000000000000000e+01,1.300000000000000000e+01,4.300000000000000000e+01,2.236589999999999967e-01
4.000654122691000225e+01,-8.303691834695999319e+01,-8.352000000000000535e-01,2.709200000000000053e+00,1.187303166222259954e+00,-2.703368792473799798e-01,-4.040981703889999499e-02,2.224139450000000018e-01,-7.900361500000000481e-01,1.063831345889999938e+02,2.024000000000000000e+03,1.100000000000000000e+01,1.400000000000000000e+01,1.300000000000000000e+01,4.300000000000000000e+01,2.814380000000000215e-01
4.000654076509000134e+01,-8.303691645013999789e+01,-8.592999999999999527e-01,2.690300000000000136e+00,9.300743890004200543e-01,-3.436567442581400234e-01,-1.769094189973000053e-01,2.095597519999999880e-01,-8.140503590000000012e-01,1.068317723210000025e+02,2.024000000000000000e+03,1.100000000000000000e+01,1.400000000000000000e+01,1.300000000000000000e+01,4.300000000000000000e+01,3.399329999999999852e-01
4.000654029268999778e+01,-8.303691456574000540e+01,-8.766000000000000458e-01,2.673000000000000043e+00,7.808038623689599333e-01,-3.714939713415399969e-01,-6.084490635395999741e-02,1.754212350000000087e-01,-8.388887579999999566e-01,1.072994705920000058e+02,2.024000000000000000e+03,1.100000000000000000e+01,1.400000000000000000e+01,1.300000000000000000e+01,4.300000000000000000e+01,3.984699999999999909e-01
4.000653980567999923e+01,-8.303691269731000091e+01,-9.115999999999999659e-01,2.645000000000000018e+00,1.443710216630860188e+00,-5.563431640256399913e-01,1.352103427728000018e-01,1.514373940000000029e-01,-8.645291550000000491e-01,1.077811240749999939e+02,2.024000000000000000e+03,1.100000000000000000e+01,1.400000000000000000e+01,1.300000000000000000e+01,4.300000000000000000e+01,4.581020000000000092e-01
4.000653929936999731e+01,-8.303691084951999812e+01,-9.465000000000000080e-01,2.614500000000000046e+00,1.364813851170480152e+00,-6.228608785376400503e-01,4.828586492936000341e-02,1.859802680000000041e-01,-8.761795700000000187e-01,1.082776446449999952e+02,2.024000000000000000e+03,1.100000000000000000e+01,1.400000000000000000e+01,1.300000000000000000e+01,4.300000000000000000e+01,5.177749999999999853e-01
4.000653877960999694e+01,-8.303690901912000299e+01,-9.616000000000000103e-01,2.596400000000000041e+00,5.638538084343199808e-01,-3.895119524074799888e-01,6.951382462076000079e-02,2.290842299999999998e-01,-8.781281589999999637e-01,1.087930238809999963e+02,2.024000000000000000e+03,1.100000000000000000e+01,1.400000000000000000e+01,1.300000000000000000e+01,4.300000000000000000e+01,5.772460000000000369e-01
4.000653825289000309e+01,-8.303690719898000339e+01,-9.737999999999999989e-01,2.582599999999999785e+00,5.422306603070600195e-01,-3.492424820139800046e-01,3.574838458176000239e-02,2.223863939999999872e-01,-8.946371119999999566e-01,1.093283839620000037e+02,2.024000000000000000e+03,1.100000000000000000e+01,1.400000000000000000e+01,1.300000000000000000e+01,4.300000000000000000e+01,6.350959999999999939e-01
4.000653771659000313e+01,-8.303690539173000218e+01,-9.963999999999999524e-01,2.561599999999999877e+00,9.306244575209600134e-01,-4.151095971415399988e-01,-9.046485494950000372e-02,2.071304780000000068e-01,-9.140670739999999794e-01,1.098771915880000023e+02,2.024000000000000000e+03,1.100000000000000000e+01,1.400000000000000000e+01,1.300000000000000000e+01,4.300000000000000000e+01,6.936470000000000136e-01
4.000653717069000237e+01,-8.303690359867999859e+01,-1.011100000000000110e+00,2.541999999999999815e+00,7.331753934577600607e-01,-4.313093957700199765e-01,-2.454785781808399847e-01,1.966270459999999998e-01,-9.279467510000000141e-01,1.104321067879999987e+02,2.024000000000000000e+03,1.100000000000000000e+01,1.400000000000000000e+01,1.300000000000000000e+01,4.300000000000000000e+01,7.528319999999999457e-01
4.000653671060999983e+01,-8.303690211539999666e+01,-1.020999999999999908e+00,2.524599999999999955e+00,6.536094338078800581e-01,-4.745587447610000176e-01,-1.500151501923200070e-01,1.715921709999999878e-01,-9.286054630000000198e-01,1.108990841699999947e+02,2.024000000000000000e+03,1.100000000000000000e+01,1.400000000000000000e+01,1.300000000000000000e+01,4.300000000000000000e+01,8.124280000000000390e-01
4.000653624321999757e+01,-8.303690064155000528e+01,-1.041199999999999903e+00,2.508399999999999963e+00,9.702539880367200276e-01,-3.508830108657999824e-01,-8.743143136646000513e-02,1.384777219999999975e-01,-9.316511419999999877e-01,1.113756153190000049e+02,2.024000000000000000e+03,1.100000000000000000e+01,1.400000000000000000e+01,1.300000000000000000e+01,4.300000000000000000e+01,8.701449999999999463e-01
4.000653614854999773e+01,-8.303690034803000231e+01,-1.046200000000000019e+00,2.504500000000000171e+00,1.056248784099220073e+00,-3.534182231137200092e-01,-1.288769560185399898e-01,1.323323849999999968e-01,-9.310342510000000349e-01,1.114728562990000000e+02,2.024000000000000000e+03,1.100000000000000000e+01,1.400000000000000000e+01,1.300000000000000000e+01,4.300000000000000000e+01,9.288819999999999855e-01
4.000653605341000230e+01,-8.303690005503999316e+01,-1.051800000000000068e+00,2.500300000000000189e+00,1.142088653455600067e+00,-3.573022677534599678e-01,-1.612315306078999921e-01,1.267936920000000134e-01,-9.308172059999999526e-01,1.115705512459999937e+02,2.024000000000000000e+03,1.100000000000000000e+01,1.400000000000000000e+01,1.300000000000000000e+01,4.300000000000000000e+01,9.872490000000000432e-01
4.000653595792999795e+01,-8.303689976248000448e+01,-1.056400000000000006e+00,2.496399999999999952e+00,1.168273718726460020e+00,-3.620279527732799818e-01,-1.825302598909999963e-01,1.215650229999999943e-01,-9.318170789999999926e-01,1.116690425639999944e+02,2.024000000000000000e+03,1.100000000000000000e+01,1.400000000000000000e+01,1.300000000000000000e+01,4.300000000000000000e+01,1.045817999999999914e+00
4.000653586199999978e+01,-8.303689947031000429e+01,-1.061199999999999921e+00,2.492599999999999927e+00,1.155290186659980067e+00,-3.596374506533200344e-01,-2.049905000859999771e-01,1.169773399999999991e-01,-9.337876710000000413e-01,1.117683998149999951e+02,2.024000000000000000e+03,1.100000000000000000e+01,1.400000000000000000e+01,1.300000000000000000e+01,4.300000000000000000e+01,1.103531000000000040e+00
4.000653468125000245e+01,-8.303689600095999879e+01,-1.112600000000000033e+00,2.448599999999999888e+00,1.123969426824799944e+00,-2.783881428716600270e-01,-6.744564671360000346e-03,3.982692399999999966e-02,-9.141954869999999733e-01,1.130074719499999958e+02,2.024000000000000000e+03,1.100000000000000000e+01,1.400000000000000000e+01,1.300000000000000000e+01,4.300000000000000000e+01,1.162759000000000098e+00
4.000653299430999965e+01,-8.303689146677000110e+01,-1.203799999999999981e+00,2.401400000000000201e+00,8.777832844670799828e-01,-4.815728856838000227e-02,2.668203572136599866e-01,8.906818999999999847e-03,-9.151934280000000310e-01,1.147895680069999997e+02,2.024000000000000000e+03,1.100000000000000000e+01,1.400000000000000000e+01,1.300000000000000000e+01,4.300000000000000000e+01,1.221144000000000007e+00
4.000653187838000235e+01,-8.303688867904000404e+01,-1.264000000000000012e+00,2.363300000000000178e+00,1.449142833042800005e+00,-1.679342995848800146e-01,-1.780370715429400175e-01,-2.537282600000000110e-02,-9.528396759999999688e-01,1.159865475290000063e+02,2.024000000000000000e+03,1.100000000000000000e+01,1.400000000000000000e+01,1.300000000000000000e+01,4.300000000000000000e+01,1.280520000000000103e+00
4.000653118313000078e+01,-8.303688702831999535e+01,-1.294899999999999940e+00,2.338699999999999779e+00,1.207699672828900006e+00,-3.342606461953199770e-01,-3.024338395764399889e-01,-2.524915299999999987e-02,-9.780974820000000181e-01,1.167305149550000039e+02,2.024000000000000000e+03,1.100000000000000000e+01,1.400000000000000000e+01,1.300000000000000000e+01,4.300000000000000000e+01,1.338373999999999953e+00
4.000653047387000072e+01,-8.303688539569999705e+01,-1.319199999999999928e+00,2.313000000000000167e+00,1.131104257150360004e+00,-3.529480895828600029e-01,1.519853495453999878e-02,-3.645148899999999664e-02,-9.861181599999999658e-01,1.174897349090000063e+02,2.024000000000000000e+03,1.100000000000000000e+01,1.400000000000000000e+01,1.300000000000000000e+01,4.300000000000000000e+01,1.396514000000000033e+00
4.000652974985000299e+01,-8.303688377925000452e+01,-1.350400000000000045e+00,2.291500000000000092e+00,1.326421150517020031e+00,-1.268862710318799936e-01,1.467428340085399907e-01,-6.388922499999999394e-02,-9.915282319999999538e-01,1.182634409719999979e+02,2.024000000000000000e+03,1.100000000000000000e+01,1.400000000000000000e+01,1.300000000000000000e+01,4.300000000000000000e+01,1.453937000000000035e+00
4.000652913051000326e+01,-8.303688244459999623e+01,-1.388400000000000079e+00,2.271599999999999842e+00,1.714720816841179829e+00,3.750272643026000136e-02,2.842863156902000060e-02,-7.107597999999999694e-02,-1.003576239999999897e+00,1.189174527339999941e+02,2.024000000000000000e+03,1.100000000000000000e+01,1.400000000000000000e+01,1.300000000000000000e+01,4.300000000000000000e+01,1.512567999999999913e+00
4.000652824250000350e+01,-8.303688059443000213e+01,-1.413599999999999968e+00,2.246199999999999974e+00,8.083627702845199714e-01,-3.611385613903199676e-01,-1.223217180939600024e-01,-6.109810799999999820e-02,-1.034379131999999979e+00,1.198434296350000068e+02,2.024000000000000000e+03,1.100000000000000000e+01,1.400000000000000000e+01,1.300000000000000000e+01,4.300000000000000000e+01,1.572429000000000077e+00
4.000652773057999667e+01,-8.303687954659000070e+01,-1.418700000000000072e+00,2.231199999999999850e+00,6.304676118458000245e-01,-4.844540126372000044e-01,-1.524636233747000136e-01,-8.722750099999999895e-02,-1.038385698999999995e+00,1.203750680069999959e+02,2.024000000000000000e+03,1.100000000000000000e+01,1.400000000000000000e+01,1.300000000000000000e+01,4.300000000000000000e+01,1.630878000000000050e+00
4.000652682353000245e+01,-8.303687772946000223e+01,-1.445999999999999952e+00,2.205900000000000194e+00,9.987284815169000796e-01,-2.223668521791399844e-01,-1.138562894873199893e-01,-1.538162610000000097e-01,-1.026949281999999908e+00,1.213083817379999942e+02,2.024000000000000000e+03,1.100000000000000000e+01,1.400000000000000000e+01,1.300000000000000000e+01,4.300000000000000000e+01,1.689240000000000075e+00
4.000652603180999733e+01,-8.303687618707000695e+01,-1.474099999999999966e+00,2.187100000000000044e+00,1.182329368244579904e+00,-4.521600304141999704e-02,5.065284875886000293e-02,-2.131693970000000105e-01,-1.017565083000000037e+00,1.221125339780000019e+02,2.024000000000000000e+03,1.100000000000000000e+01,1.400000000000000000e+01,1.300000000000000000e+01,4.300000000000000000e+01,1.749775000000000080e+00
4.000652522375000331e+01,-8.303687465664999934e+01,-1.507100000000000106e+00,2.170300000000000118e+00,1.318575945861160115e+00,8.228460484295999078e-02,1.429892961969199960e-01,-2.749601819999999974e-01,-1.027870378999999890e+00,1.229205250610000064e+02,2.024000000000000000e+03,1.100000000000000000e+01,1.400000000000000000e+01,1.300000000000000000e+01,4.300000000000000000e+01,1.808383000000000074e+00
4.000652453565999878e+01,-8.303687339300999781e+01,-1.538899999999999935e+00,2.148499999999999854e+00,1.577083324093579986e+00,-5.549705565428000170e-02,-4.004871882172000158e-02,-3.227142639999999729e-01,-1.052012326999999914e+00,1.235986376940000042e+02,2.024000000000000000e+03,1.100000000000000000e+01,1.400000000000000000e+01,1.300000000000000000e+01,4.300000000000000000e+01,1.866490999999999900e+00
4.000652439641000058e+01,-8.303687314183000012e+01,-1.544499999999999984e+00,2.144099999999999895e+00,1.559802259371020128e+00,-7.579921451113999509e-02,2.536362104539999825e-03,-3.316618419999999845e-01,-1.056973270999999936e+00,1.237348614550000008e+02,2.024000000000000000e+03,1.100000000000000000e+01,1.400000000000000000e+01,1.300000000000000000e+01,4.300000000000000000e+01,1.924711000000000061e+00
4.000652283037000245e+01,-8.303687042503999294e+01,-1.603799999999999892e+00,2.077199999999999935e+00,1.520838173002579952e+00,-4.395699473840599669e-01,-6.561584167846000459e-02,-3.973707850000000041e-01,-1.096561898999999896e+00,1.252425873509999974e+02,2.024000000000000000e+03,1.100000000000000000e+01,1.400000000000000000e+01,1.300000000000000000e+01,4.300000000000000000e+01,1.984436000000000089e+00
4.000652224628999676e+01,-8.303686945539999442e+01,-1.625399999999999956e+00,2.056299999999999795e+00,1.505980804598320066e+00,-2.488889335548400139e-01,9.219480730475999863e-02,-4.144277869999999919e-01,-1.097104685999999996e+00,1.257937459160000060e+02,2.024000000000000000e+03,1.100000000000000000e+01,1.400000000000000000e+01,1.300000000000000000e+01,4.300000000000000000e+01,2.042625000000000135e+00
4.000652105623999688e+01,-8.303686754041000029e+01,-1.663999999999999924e+00,2.023899999999999810e+00,1.282112316958740061e+00,-1.009140083169600133e-01,-4.229930554993999864e-02,-4.540540160000000047e-01,-1.104794137999999926e+00,1.269031139700000068e+02,2.024000000000000000e+03,1.100000000000000000e+01,1.400000000000000000e+01,1.300000000000000000e+01,4.300000000000000000e+01,2.101074999999999804e+00
4.000652014530000145e+01,-8.303686612574999515e+01,-1.691300000000000026e+00,1.998299999999999965e+00,1.116840545769699933e+00,-1.203741092183600037e-01,-1.748133607579999971e-01,-4.755690710000000099e-01,-1.116556973000000008e+00,1.277405674010000070e+02,2.024000000000000000e+03,1.100000000000000000e+01,1.400000000000000000e+01,1.300000000000000000e+01,4.300000000000000000e+01,2.159178999999999959e+00
4.000651922048000131e+01,-8.303686472716999845e+01,-1.715300000000000047e+00,1.978499999999999925e+00,8.973497883520800134e-01,-2.304250452762000162e-02,9.651180361448000178e-02,-5.027177760000000051e-01,-1.132073560000000034e+00,1.285863269269999876e+02,2.024000000000000000e+03,1.100000000000000000e+01,1.400000000000000000e+01,1.300000000000000000e+01,4.300000000000000000e+01,2.217464999999999797e+00
4.000651828333000282e+01,-8.303686334258000556e+01,-1.737800000000000011e+00,1.958199999999999941e+00,9.288112823037000254e-01,-6.197447658619999883e-02,7.350347442693999644e-02,-5.492247359999999912e-01,-1.156675263999999981e+00,1.294359099579999963e+02,2.024000000000000000e+03,1.100000000000000000e+01,1.400000000000000000e+01,1.300000000000000000e+01,4.300000000000000000e+01,2.275863999999999887e+00
4.000651733317000236e+01,-8.303686197538999636e+01,-1.765099999999999891e+00,1.928600000000000092e+00,1.356719317765719968e+00,-1.535136132416199950e-01,-1.503736347518999927e-01,-6.054922080000000317e-01,-1.172002333000000007e+00,1.302829391049999970e+02,2.024000000000000000e+03,1.100000000000000000e+01,1.400000000000000000e+01,1.300000000000000000e+01,4.300000000000000000e+01,2.335161999999999960e+00
4.000651636735999972e+01,-8.303686062878999508e+01,-1.798399999999999999e+00,1.896800000000000042e+00,1.691381403952960216e+00,-6.764648060522000794e-02,-5.477727383403999811e-02,-6.550385890000000044e-01,-1.176415342000000086e+00,1.311274621039999886e+02,2.024000000000000000e+03,1.100000000000000000e+01,1.400000000000000000e+01,1.300000000000000000e+01,4.300000000000000000e+01,2.393918999999999908e+00
4.000651538145000075e+01,-8.303685930717000474e+01,-1.837800000000000100e+00,1.858999999999999986e+00,1.977091648295159931e+00,-7.159976038015999911e-02,3.273931103408000282e-02,-6.714564499999999825e-01,-1.181995491999999981e+00,1.319747452150000129e+02,2.024000000000000000e+03,1.100000000000000000e+01,1.400000000000000000e+01,1.300000000000000000e+01,4.300000000000000000e+01,2.452970999999999790e+00
4.000651454644000182e+01,-8.303685822456999688e+01,-1.859399999999999942e+00,1.832699999999999996e+00,1.399280080469940124e+00,-1.856001030641200034e-01,2.303302660221999976e-01,-6.718780859999999855e-01,-1.186725546999999992e+00,1.326841480059999867e+02,2.024000000000000000e+03,1.100000000000000000e+01,1.400000000000000000e+01,1.300000000000000000e+01,4.300000000000000000e+01,2.511102000000000167e+00
4.000651353234000140e+01,-8.303685694252000360e+01,-1.883299999999999974e+00,1.809800000000000075e+00,1.145513563729579909e+00,1.963661224384000148e-02,6.947377631475999682e-02,-6.966537360000000234e-01,-1.188736674000000049e+00,1.335413899799999911e+02,2.024000000000000000e+03,1.100000000000000000e+01,1.400000000000000000e+01,1.300000000000000000e+01,4.300000000000000000e+01,2.570822999999999858e+00
4.000651250154000138e+01,-8.303685567920000210e+01,-1.916900000000000048e+00,1.782699999999999951e+00,1.298712493026859871e+00,1.140523794308799937e-01,-8.088468808314000502e-02,-7.179881169999999813e-01,-1.201819093999999977e+00,1.344037067739999998e+02,2.024000000000000000e+03,1.100000000000000000e+01,1.400000000000000000e+01,1.300000000000000000e+01,4.300000000000000000e+01,2.629392999999999869e+00
4.000651145401999997e+01,-8.303685443576999603e+01,-1.945100000000000051e+00,1.754000000000000004e+00,1.197139579670140064e+00,-2.277373543168000058e-02,-1.337445341099199880e-01,-7.220105089999999670e-01,-1.221305285999999990e+00,1.352675013719999981e+02,2.024000000000000000e+03,1.100000000000000000e+01,1.400000000000000000e+01,1.300000000000000000e+01,4.300000000000000000e+01,2.688651999999999820e+00
4.000651039284999655e+01,-8.303685321055999680e+01,-1.969999999999999973e+00,1.729300000000000059e+00,1.176121280496779997e+00,4.627382287259999838e-02,-1.602746224604600089e-01,-7.354645619999999884e-01,-1.237166629000000073e+00,1.361299801000000116e+02,2.024000000000000000e+03,1.100000000000000000e+01,1.400000000000000000e+01,1.300000000000000000e+01,4.300000000000000000e+01,2.747790999999999872e+00
4.000650931880999650e+01,-8.303685200133999444e+01,-1.995800000000000018e+00,1.704299999999999926e+00,1.394873140209739848e+00,3.665961104260000158e-02,-1.080251561435799923e-01,-7.739645529999999995e-01,-1.255954157999999987e+00,1.369931000070000096e+02,2.024000000000000000e+03,1.100000000000000000e+01,1.400000000000000000e+01,1.300000000000000000e+01,4.300000000000000000e+01,2.806052999999999908e+00
4.000650841249999701e+01,-8.303685101018000125e+01,-2.019200000000000106e+00,1.675799999999999956e+00,1.540225766732040036e+00,-6.675994187217999809e-02,1.640921414397999989e-02,-7.990823879999999768e-01,-1.270784903000000021e+00,1.377137941729999966e+02,2.024000000000000000e+03,1.100000000000000000e+01,1.400000000000000000e+01,1.300000000000000000e+01,4.300000000000000000e+01,2.864831999999999823e+00
4.000650804707999697e+01,-8.303685061810000434e+01,-2.027400000000000091e+00,1.666299999999999892e+00,1.378010687874040130e+00,-3.103010839107999894e-02,-1.757012513703800072e-01,-8.056468039999999942e-01,-1.275406025000000110e+00,1.380033030120000035e+02,2.024000000000000000e+03,1.100000000000000000e+01,1.400000000000000000e+01,1.300000000000000000e+01,4.300000000000000000e+01,2.923976000000000131e+00
4.000650638345999965e+01,-8.303684888155000010e+01,-2.063800000000000079e+00,1.624800000000000022e+00,1.194755245447679970e+00,-3.953774637577999601e-02,-1.015400919925999942e-02,-8.404081570000000445e-01,-1.298126745000000026e+00,1.393143371630000047e+02,2.024000000000000000e+03,1.100000000000000000e+01,1.400000000000000000e+01,1.300000000000000000e+01,4.300000000000000000e+01,2.982838999999999796e+00
4.000650506784000271e+01,-8.303684756330000027e+01,-2.091499999999999915e+00,1.591299999999999937e+00,1.265415193092680024e+00,1.434846271656000163e-02,-4.856669391697999993e-02,-8.887806270000000453e-01,-1.305233824999999959e+00,1.403360465750000117e+02,2.024000000000000000e+03,1.100000000000000000e+01,1.400000000000000000e+01,1.300000000000000000e+01,4.300000000000000000e+01,3.043989999999999974e+00
4.000650373125999693e+01,-8.303684627824000586e+01,-2.127699999999999925e+00,1.545700000000000074e+00,1.671652043766979734e+00,-3.474749087087999899e-02,-6.880291065760000060e-03,-9.229841490000000315e-01,-1.313655188999999890e+00,1.413611314329999971e+02,2.024000000000000000e+03,1.100000000000000000e+01,1.400000000000000000e+01,1.300000000000000000e+01,4.300000000000000000e+01,3.104181000000000079e+00
4.000650276403000305e+01,-8.303684538320999309e+01,-2.149700000000000166e+00,1.512599999999999945e+00,1.636403061125819791e+00,-1.052251368258199926e-01,2.701655442692000100e-02,-9.288635600000000325e-01,-1.318615490000000001e+00,1.420997384030000035e+02,2.024000000000000000e+03,1.100000000000000000e+01,1.400000000000000000e+01,1.300000000000000000e+01,4.300000000000000000e+01,3.163123999999999825e+00
4.000650178645999944e+01,-8.303684450755000057e+01,-2.172400000000000109e+00,1.479500000000000037e+00,1.611561179873699956e+00,-8.728203216494000161e-02,1.496217564742199913e-01,-9.303659499999999971e-01,-1.327704812999999984e+00,1.428423308239999869e+02,2.024000000000000000e+03,1.100000000000000000e+01,1.400000000000000000e+01,1.300000000000000000e+01,4.300000000000000000e+01,3.222354000000000163e+00
4.000650040210000213e+01,-8.303684331226000381e+01,-2.199100000000000055e+00,1.438700000000000090e+00,1.343633023666859883e+00,-8.631076455184000240e-02,-9.549099171918000450e-02,-9.383945959999999697e-01,-1.348263887999999966e+00,1.438939738139999918e+02,2.024000000000000000e+03,1.100000000000000000e+01,1.400000000000000000e+01,1.300000000000000000e+01,4.300000000000000000e+01,3.280148000000000064e+00
4.000649920210000232e+01,-8.303684231615000044e+01,-2.220699999999999896e+00,1.401200000000000001e+00,1.276400646907259961e+00,-1.502283367526800195e-01,-2.038396984097799736e-01,-9.465556950000000302e-01,-1.367008162999999943e+00,1.448071915069999989e+02,2.024000000000000000e+03,1.100000000000000000e+01,1.400000000000000000e+01,1.300000000000000000e+01,4.300000000000000000e+01,3.339668000000000081e+00
4.000649799125999806e+01,-8.303684134629999392e+01,-2.241899999999999782e+00,1.361699999999999910e+00,1.476614463041920011e+00,-1.517407410726600014e-01,-1.221073926509199936e-01,-9.556443340000000397e-01,-1.377707565999999995e+00,1.457277619770000001e+02,2.024000000000000000e+03,1.100000000000000000e+01,1.400000000000000000e+01,1.300000000000000000e+01,4.300000000000000000e+01,3.398524999999999796e+00
4.000649676809000255e+01,-8.303684040336999317e+01,-2.265499999999999847e+00,1.324000000000000066e+00,1.493075711716180143e+00,-6.382018977526000836e-02,1.229068132040999906e-01,-9.578551469999999624e-01,-1.393497659999999971e+00,1.466539235479999945e+02,2.024000000000000000e+03,1.100000000000000000e+01,1.400000000000000000e+01,1.300000000000000000e+01,4.300000000000000000e+01,3.458861000000000185e+00
4.000649553529000002e+01,-8.303683948385000235e+01,-2.281200000000000117e+00,1.291400000000000103e+00,1.329075554757239930e+00,-1.465261759316399959e-01,1.000909585083600006e-01,-9.833988599999999858e-01,-1.412495014999999965e+00,1.475805841970000074e+02,2.024000000000000000e+03,1.100000000000000000e+01,1.400000000000000000e+01,1.300000000000000000e+01,4.300000000000000000e+01,3.517596000000000167e+00
4.000649429245000022e+01,-8.303683859103000486e+01,-2.301499999999999879e+00,1.250099999999999989e+00,1.551907452177260005e+00,-1.549612678265200050e-01,-7.238497746060000571e-02,-1.013855202000000011e+00,-1.427923966000000044e+00,1.485106576619999998e+02,2.024000000000000000e+03,1.100000000000000000e+01,1.400000000000000000e+01,1.300000000000000000e+01,4.300000000000000000e+01,3.576728999999999825e+00
4.000649303814000035e+01,-8.303683772584000167e+01,-2.321000000000000174e+00,1.215500000000000025e+00,1.177300318319379979e+00,-4.504103103422000404e-02,-1.911084569886800089e-01,-1.027702686999999893e+00,-1.446298700999999909e+00,1.494547959420000041e+02,2.024000000000000000e+03,1.100000000000000000e+01,1.400000000000000000e+01,1.300000000000000000e+01,4.300000000000000000e+01,3.636382999999999921e+00
4.000649177393000144e+01,-8.303683688693000420e+01,-2.338999999999999968e+00,1.175300000000000011e+00,1.379860991894199973e+00,-1.604884177569600168e-01,-2.053966790340800153e-01,-1.052792396000000075e+00,-1.469620841000000011e+00,1.504092425540000022e+02,2.024000000000000000e+03,1.100000000000000000e+01,1.400000000000000000e+01,1.300000000000000000e+01,4.300000000000000000e+01,3.698463999999999974e+00
4.000649050127999828e+01,-8.303683607853000126e+01,-2.354699999999999793e+00,1.126400000000000068e+00,1.732020679078940084e+00,-3.370527849286600319e-01,-1.438867386069999921e-01,-1.083150043000000062e+00,-1.479621276000000041e+00,1.513689822139999990e+02,2.024000000000000000e+03,1.100000000000000000e+01,1.400000000000000000e+01,1.300000000000000000e+01,4.300000000000000000e+01,3.761445999999999845e+00
4.000648922114000072e+01,-8.303683530537999502e+01,-2.366200000000000081e+00,1.076600000000000001e+00,1.625995605309620062e+00,-4.386235138177200232e-01,1.260410600773199941e-01,-1.099839934000000019e+00,-1.470247223000000103e+00,1.523341173750000053e+02,2.024000000000000000e+03,1.100000000000000000e+01,1.400000000000000000e+01,1.300000000000000000e+01,4.300000000000000000e+01,3.820516000000000023e+00
4.000648836554000098e+01,-8.303683480592999899e+01,-2.368900000000000006e+00,1.053700000000000081e+00,1.197047931149080036e+00,-4.035928031435599972e-01,2.209001272206199684e-01,-1.114362179000000008e+00,-1.454139255000000075e+00,1.529836178159999918e+02,2.024000000000000000e+03,1.100000000000000000e+01,1.400000000000000000e+01,1.300000000000000000e+01,4.300000000000000000e+01,3.880043999999999826e+00
4.000648793687999927e+01,-8.303683456090000448e+01,-2.372599999999999820e+00,1.040300000000000002e+00,1.300834161325159943e+00,-3.536658436187000154e-01,3.172284206017800257e-01,-1.128698082000000102e+00,-1.443219969000000047e+00,1.533110366829999975e+02,2.024000000000000000e+03,1.100000000000000000e+01,1.400000000000000000e+01,1.300000000000000000e+01,4.300000000000000000e+01,3.939000000000000057e+00
4.000648556862000049e+01,-8.303683325711999430e+01,-2.394000000000000128e+00,9.847000000000000197e-01,1.154717082553500029e+00,-5.692442490337999705e-02,5.373186231522000117e-02,-1.260210127999999985e+00,-1.399678487999999943e+00,1.551349407360000043e+02,2.024000000000000000e+03,1.100000000000000000e+01,1.400000000000000000e+01,1.300000000000000000e+01,4.300000000000000000e+01,3.998798999999999992e+00
4.000648426517000189e+01,-8.303683258578000448e+01,-2.412900000000000045e+00,9.323000000000000176e-01,1.911365550565659932e+00,-2.189197196256799927e-01,-1.579201613785999880e-01,-1.343254025000000018e+00,-1.394001671999999914e+00,1.561398922859999914e+02,2.024000000000000000e+03,1.100000000000000000e+01,1.400000000000000000e+01,1.300000000000000000e+01,4.300000000000000000e+01,4.058538999999999675e+00
4.000648273632999974e+01,-8.303683185543999912e+01,-2.419799999999999951e+00,8.598999999999999977e-01,1.891217807473519974e+00,-6.660034983433199551e-01,-1.533997728267599836e-01,-1.390253256999999909e+00,-1.368317511999999958e+00,1.573136153739999941e+02,2.024000000000000000e+03,1.100000000000000000e+01,1.400000000000000000e+01,1.300000000000000000e+01,4.300000000000000000e+01,4.117062999999999917e+00
4.000648142170000199e+01,-8.303683127313000512e+01,-2.429899999999999949e+00,8.028999999999999471e-01,1.956001367451879913e+00,-4.171177065806199735e-01,-1.063229588729199954e-01,-1.430033641999999938e+00,-1.319051310000000088e+00,1.583272119069999917e+02,2.024000000000000000e+03,1.100000000000000000e+01,1.400000000000000000e+01,1.300000000000000000e+01,4.300000000000000000e+01,4.174732999999999805e+00
4.000648009985999920e+01,-8.303683073445000673e+01,-2.446600000000000108e+00,7.398000000000000131e-01,2.099936578568760037e+00,-2.127345878419800163e-01,-8.643248026798000527e-02,-1.443811755000000030e+00,-1.271511735000000032e+00,1.593522879649999879e+02,2.024000000000000000e+03,1.100000000000000000e+01,1.400000000000000000e+01,1.300000000000000000e+01,4.300000000000000000e+01,4.238607000000000014e+00
4.000647876923000013e+01,-8.303683023764000382e+01,-2.461500000000000021e+00,6.836999999999999744e-01,1.836916582233380169e+00,-2.039563892945399914e-01,-2.064477876334000137e-02,-1.420720930000000104e+00,-1.238603227999999890e+00,1.603868116030000124e+02,2.024000000000000000e+03,1.100000000000000000e+01,1.400000000000000000e+01,1.300000000000000000e+01,4.300000000000000000e+01,4.297207000000000221e+00
4.000647743348999796e+01,-8.303682977900000139e+01,-2.466899999999999871e+00,6.310000000000000053e-01,1.647585003673400106e+00,-3.908322253058400531e-01,-4.911531872693999934e-02,-1.381536023000000002e+00,-1.198381590999999968e+00,1.614166667179999877e+02,2.024000000000000000e+03,1.100000000000000000e+01,1.400000000000000000e+01,1.300000000000000000e+01,4.300000000000000000e+01,4.356046000000000085e+00
4.000647631830000250e+01,-8.303682942092000019e+01,-2.471099999999999852e+00,5.993000000000000549e-01,1.247699868833540116e+00,-2.279894798555599789e-01,-2.049273932394199971e-01,-1.350590178999999891e+00,-1.147081634999999933e+00,1.622692475709999940e+02,2.024000000000000000e+03,1.100000000000000000e+01,1.400000000000000000e+01,1.300000000000000000e+01,4.300000000000000000e+01,4.415320000000000356e+00
4.000647475193999725e+01,-8.303682894621999822e+01,-2.483800000000000008e+00,5.639999999999999458e-01,1.082522549938639944e+00,6.965726857078000100e-02,-1.337414088736199880e-01,-1.334056131000000089e+00,-1.082941450999999944e+00,1.634653089640000019e+02,2.024000000000000000e+03,1.100000000000000000e+01,1.400000000000000000e+01,1.300000000000000000e+01,4.300000000000000000e+01,4.474123999999999768e+00
4.000647340393000206e+01,-8.303682856301999493e+01,-2.490899999999999892e+00,5.322999999999999954e-01,1.156358196139819938e+00,-7.534742464468000001e-02,-1.533106119921199828e-01,-1.339973539000000047e+00,-1.043190449999999991e+00,1.644970369979999987e+02,2.024000000000000000e+03,1.100000000000000000e+01,1.400000000000000000e+01,1.300000000000000000e+01,4.300000000000000000e+01,4.533076999999999579e+00
4.000647205351999958e+01,-8.303682820407999543e+01,-2.494400000000000173e+00,4.934000000000000052e-01,1.310671673844560070e+00,-2.162956323495599797e-01,1.169368988965799883e-01,-1.361606176000000001e+00,-1.001743236999999898e+00,1.655320431989999861e+02,2.024000000000000000e+03,1.100000000000000000e+01,1.400000000000000000e+01,1.300000000000000000e+01,4.300000000000000000e+01,4.592357999999999940e+00
4.000647070013999951e+01,-8.303682787409999833e+01,-2.500500000000000167e+00,4.487999999999999767e-01,1.647341638739719949e+00,-1.852690632562999928e-01,9.873082829170000407e-02,-1.393833746000000096e+00,-9.591370980000000213e-01,1.665634583220000025e+02,2.024000000000000000e+03,1.100000000000000000e+01,1.400000000000000000e+01,1.300000000000000000e+01,4.300000000000000000e+01,4.654259999999999842e+00
4.000646956832999734e+01,-8.303682762676000095e+01,-2.510699999999999932e+00,4.023999999999999799e-01,1.894697250705539959e+00,-6.185539652618000234e-02,1.451752694589399928e-01,-1.413777636000000060e+00,-9.314652599999999616e-01,1.674175465980000013e+02,2.024000000000000000e+03,1.100000000000000000e+01,1.400000000000000000e+01,1.300000000000000000e+01,4.300000000000000000e+01,4.713915000000000077e+00
4.000646820373999901e+01,-8.303682736689999899e+01,-2.524500000000000188e+00,3.442999999999999949e-01,1.958427940662960109e+00,1.331519976470000102e-02,8.909952338384000137e-02,-1.415888457999999961e+00,-9.111619829999999531e-01,1.684394078189999959e+02,2.024000000000000000e+03,1.100000000000000000e+01,1.400000000000000000e+01,1.300000000000000000e+01,4.300000000000000000e+01,4.772694000000000436e+00
4.000646660443000258e+01,-8.303682711550000306e+01,-2.534400000000000208e+00,2.773999999999999799e-01,1.853708710593680253e+00,-9.710697430351999948e-02,-1.894062883281800169e-01,-1.378171647000000055e+00,-9.014352359999999731e-01,1.696390046280000092e+02,2.024000000000000000e+03,1.100000000000000000e+01,1.400000000000000000e+01,1.300000000000000000e+01,4.300000000000000000e+01,4.834417000000000186e+00
4.000646614648000110e+01,-8.303682705318999524e+01,-2.536700000000000177e+00,2.605999999999999983e-01,1.785321330885720092e+00,-9.099253627096000330e-02,1.178379903216000002e-01,-1.364761963999999939e+00,-8.985680729999999672e-01,1.699838920550000125e+02,2.024000000000000000e+03,1.100000000000000000e+01,1.400000000000000000e+01,1.300000000000000000e+01,4.300000000000000000e+01,4.894599000000000366e+00
4.000646476984999822e+01,-8.303682688339000606e+01,-2.544500000000000206e+00,2.275999999999999968e-01,1.158924966525579858e+00,7.054837073505999812e-02,-3.529344564591999772e-02,-1.338872947000000035e+00,-9.053589469999999695e-01,1.710218300349999936e+02,2.024000000000000000e+03,1.100000000000000000e+01,1.400000000000000000e+01,1.300000000000000000e+01,4.300000000000000000e+01,4.956240000000000201e+00
4.000646269821000089e+01,-8.303682667150999919e+01,-2.552099999999999813e+00,1.754999999999999893e-01,1.321848508152560164e+00,-3.789024862320000339e-03,4.511438983886000009e-02,-1.353466234999999962e+00,-9.376682720000000248e-01,1.725710013329999981e+02,2.024000000000000000e+03,1.100000000000000000e+01,1.400000000000000000e+01,1.300000000000000000e+01,4.300000000000000000e+01,5.015573999999999977e+00
4.000646108371999787e+01,-8.303682654841000499e+01,-2.549500000000000099e+00,1.277000000000000079e-01,1.316762159020939960e+00,-3.202841836760600414e-01,-1.170413109840000082e-03,-1.362053514999999937e+00,-9.633546139999999980e-01,1.737547454950000088e+02,2.024000000000000000e+03,1.100000000000000000e+01,1.400000000000000000e+01,1.300000000000000000e+01,4.300000000000000000e+01,5.074888999999999761e+00
4.000645970258000261e+01,-8.303682646805999923e+01,-2.545300000000000118e+00,9.819999999999999563e-02,1.117747429018179917e+00,-2.279800637071600078e-01,4.043412716806000368e-02,-1.399644048000000085e+00,-9.625965939999999721e-01,1.747533749700000101e+02,2.024000000000000000e+03,1.100000000000000000e+01,1.400000000000000000e+01,1.300000000000000000e+01,4.300000000000000000e+01,5.133881999999999834e+00
4.000645832253999856e+01,-8.303682641868999781e+01,-2.544299999999999784e+00,4.610000000000000209e-02,1.706570144114279763e+00,-1.987542726901399825e-01,1.694878779308000086e-02,-1.439592390999999916e+00,-9.624616769999999599e-01,1.757535118799999907e+02,2.024000000000000000e+03,1.100000000000000000e+01,1.400000000000000000e+01,1.300000000000000000e+01,4.300000000000000000e+01,5.195415999999999812e+00
4.000645694479000269e+01,-8.303682640339999921e+01,-2.537300000000000111e+00,5.999999999999999474e-04,1.447629567609820089e+00,-3.603636863729399731e-01,1.542513333836799949e-01,-1.462263118999999945e+00,-9.645624699999999496e-01,1.767632597699999906e+02,2.024000000000000000e+03,1.100000000000000000e+01,1.400000000000000000e+01,1.300000000000000000e+01,4.300000000000000000e+01,5.255187000000000275e+00
4.000645579897999937e+01,-8.303682641334999914e+01,-2.535000000000000142e+00,-3.450000000000000289e-02,1.451181428098139881e+00,-1.532692839041399913e-01,1.340830874825600094e-01,-1.492016416000000012e+00,-9.638750980000000412e-01,1.776076524279999944e+02,2.024000000000000000e+03,1.100000000000000000e+01,1.400000000000000000e+01,1.300000000000000000e+01,4.300000000000000000e+01,5.313945999999999614e+00
4.000645442394999662e+01,-8.303682645873999491e+01,-2.536099999999999799e+00,-9.410000000000000309e-02,2.056039042311839982e+00,-6.719870558184000420e-02,-4.172400937601999926e-02,-1.521910311999999932e+00,-9.722376569999999774e-01,1.786088268430000028e+02,2.024000000000000000e+03,1.100000000000000000e+01,1.400000000000000000e+01,1.300000000000000000e+01,4.300000000000000000e+01,5.373903000000000318e+00
4.000645281970000156e+01,-8.303682656501000281e+01,-2.535299999999999887e+00,-1.572000000000000064e-01,1.513827951103119851e+00,-1.173863891727400105e-01,-2.669972636370200325e-01,-1.496937449999999892e+00,-9.954331130000000361e-01,1.797555583879999972e+02,2.024000000000000000e+03,1.100000000000000000e+01,1.400000000000000000e+01,1.300000000000000000e+01,4.300000000000000000e+01,5.435724999999999696e+00
4.000645144903000272e+01,-8.303682668758999341e+01,-2.520700000000000163e+00,-1.904000000000000137e-01,1.087094159977580077e+00,-5.430038117662200348e-01,-2.274976145201200173e-01,-1.485541516000000062e+00,-1.010911370999999948e+00,1.807294234439999912e+02,2.024000000000000000e+03,1.100000000000000000e+01,1.400000000000000000e+01,1.300000000000000000e+01,4.300000000000000000e+01,5.499030000000000307e+00
4.000645008752000109e+01,-8.303682683153000710e+01,-2.503099999999999881e+00,-2.207999999999999963e-01,1.160869540720880000e+00,-5.410982650912600223e-01,1.649402197836999928e-01,-1.510135693000000057e+00,-9.914823259999999694e-01,1.816991777899999931e+02,2.024000000000000000e+03,1.100000000000000000e+01,1.400000000000000000e+01,1.300000000000000000e+01,4.300000000000000000e+01,5.558194000000000301e+00
4.000644873598999851e+01,-8.303682699912999965e+01,-2.484700000000000131e+00,-2.580999999999999961e-01,1.390412894126820120e+00,-5.153358365703000210e-01,8.009432312507999696e-02,-1.540627433999999907e+00,-9.446393499999999888e-01,1.826642365490000088e+02,2.024000000000000000e+03,1.100000000000000000e+01,1.400000000000000000e+01,1.300000000000000000e+01,4.300000000000000000e+01,5.618475000000000108e+00
4.000644739154000007e+01,-8.303682719587999372e+01,-2.475999999999999979e+00,-2.993000000000000105e-01,1.314768907441580037e+00,-2.177887983052800014e-01,2.380273200504400000e-01,-1.549016509999999958e+00,-8.868158489999999894e-01,1.836224091889999954e+02,2.024000000000000000e+03,1.100000000000000000e+01,1.400000000000000000e+01,1.300000000000000000e+01,4.300000000000000000e+01,5.681561999999999557e+00
4.000644605171000023e+01,-8.303682742009000606e+01,-2.467000000000000082e+00,-3.366999999999999993e-01,1.206650387540579850e+00,-2.462623401415400259e-01,1.872300190117399954e-01,-1.562727411000000011e+00,-8.458861410000000358e-01,1.845769893849999903e+02,2.024000000000000000e+03,1.100000000000000000e+01,1.400000000000000000e+01,1.300000000000000000e+01,4.300000000000000000e+01,5.741125000000000256e+00
4.000644471919999745e+01,-8.303682767448999869e+01,-2.450899999999999856e+00,-3.832999999999999741e-01,1.485827282073460154e+00,-3.838869244509400258e-01,-3.697768017950000402e-02,-1.578248888999999933e+00,-8.067248460000000509e-01,1.855257305179999889e+02,2.024000000000000000e+03,1.100000000000000000e+01,1.400000000000000000e+01,1.300000000000000000e+01,4.300000000000000000e+01,5.799813999999999581e+00
4.000644339566999719e+01,-8.303682796185999848e+01,-2.433199999999999807e+00,-4.313000000000000167e-01,1.574785246086559898e+00,-4.353197411128000294e-01,-3.120195803201399887e-01,-1.575903827000000090e+00,-7.565724390000000410e-01,1.864659882779999975e+02,2.024000000000000000e+03,1.100000000000000000e+01,1.400000000000000000e+01,1.300000000000000000e+01,4.300000000000000000e+01,5.859777000000000236e+00
4.000644295674999995e+01,-8.303682806455999810e+01,-2.426699999999999857e+00,-4.450000000000000067e-01,1.494687670593019879e+00,-4.604068890894000288e-01,-2.615577741558199887e-01,-1.574015742000000051e+00,-7.348063369999999761e-01,1.867780991180000001e+02,2.024000000000000000e+03,1.100000000000000000e+01,1.400000000000000000e+01,1.300000000000000000e+01,4.300000000000000000e+01,5.921018000000000114e+00
4.000644077922999742e+01,-8.303682862034999346e+01,-2.396100000000000119e+00,-5.046000000000000485e-01,1.265348887167559999e+00,-3.723293580337799780e-01,-1.895420578777200216e-01,-1.559427391999999912e+00,-6.109002540000000314e-01,1.883285699019999981e+02,2.024000000000000000e+03,1.100000000000000000e+01,1.400000000000000000e+01,1.300000000000000000e+01,4.300000000000000000e+01,5.981287000000000020e+00
4.000643970037000230e+01,-8.303682892557000628e+01,-2.384100000000000108e+00,-5.356999999999999540e-01,1.346113793173659978e+00,-2.719026161004199915e-01,-4.584211854841999806e-02,-1.552005091000000059e+00,-5.382043069999999929e-01,1.890968806859999916e+02,2.024000000000000000e+03,1.100000000000000000e+01,1.400000000000000000e+01,1.300000000000000000e+01,4.300000000000000000e+01,6.043614999999999959e+00
4.000643798421000241e+01,-8.303682945420000294e+01,-2.370899999999999785e+00,-5.874000000000000332e-01,1.220836866637460050e+00,-7.479507076020000533e-02,-7.368590863627999532e-02,-1.522184082999999966e+00,-4.387663969999999747e-01,1.903207530310000095e+02,2.024000000000000000e+03,1.100000000000000000e+01,1.400000000000000000e+01,1.300000000000000000e+01,4.300000000000000000e+01,6.103189999999999671e+00
4.000643691719000117e+01,-8.303682980748000375e+01,-2.358699999999999797e+00,-6.156000000000000361e-01,1.153786108669780042e+00,-2.705326607602800415e-01,-1.751971623838000092e-02,-1.507756067999999949e+00,-3.905661599999999956e-01,1.910829579139999908e+02,2.024000000000000000e+03,1.100000000000000000e+01,1.400000000000000000e+01,1.300000000000000000e+01,4.300000000000000000e+01,6.164395999999999987e+00
4.000643543387000278e+01,-8.303683032691999699e+01,-2.338900000000000201e+00,-6.477000000000000535e-01,9.397546763719800689e-01,-3.239895133681999773e-01,1.200358035971400006e-01,-1.505051955999999969e+00,-3.195033030000000163e-01,1.921409205919999863e+02,2.024000000000000000e+03,1.100000000000000000e+01,1.400000000000000000e+01,1.300000000000000000e+01,4.300000000000000000e+01,6.226462999999999859e+00
4.000643416988999945e+01,-8.303683079255000621e+01,-2.329200000000000159e+00,-6.750000000000000444e-01,9.733028115280000225e-01,-1.247773254039000052e-01,-1.026163657965799975e-01,-1.530479879000000043e+00,-2.594387360000000031e-01,1.930440418949999923e+02,2.024000000000000000e+03,1.100000000000000000e+01,1.400000000000000000e+01,1.300000000000000000e+01,4.300000000000000000e+01,6.286459999999999937e+00
4.000643291144999836e+01,-8.303683128279999437e+01,-2.318099999999999827e+00,-7.176000000000000156e-01,1.494814867544079995e+00,-5.605862607066000591e-02,-8.139483166045999307e-02,-1.545453423999999965e+00,-2.162074800000000074e-01,1.939517881390000014e+02,2.024000000000000000e+03,1.100000000000000000e+01,1.400000000000000000e+01,1.300000000000000000e+01,4.300000000000000000e+01,6.345492000000000132e+00
4.000643166198000245e+01,-8.303683180014999721e+01,-2.297299999999999898e+00,-7.520000000000000018e-01,1.231890256354980062e+00,-3.907085790303400086e-01,-2.797174044187999975e-02,-1.537794950000000105e+00,-1.811161079999999979e-01,1.948568980789999898e+02,2.024000000000000000e+03,1.100000000000000000e+01,1.400000000000000000e+01,1.300000000000000000e+01,4.300000000000000000e+01,6.405592000000000397e+00
4.000643062942000228e+01,-8.303683224758999870e+01,-2.279199999999999893e+00,-7.760000000000000231e-01,1.187158466714320015e+00,-4.388537545187000122e-01,1.729990149531399901e-01,-1.548776589999999898e+00,-1.399549619999999883e-01,1.956029022680000082e+02,2.024000000000000000e+03,1.100000000000000000e+01,1.400000000000000000e+01,1.300000000000000000e+01,4.300000000000000000e+01,6.465082999999999913e+00
4.000642919592999647e+01,-8.303683290335999345e+01,-2.259700000000000042e+00,-8.211000000000000520e-01,1.364254782511799879e+00,-1.567260753619200142e-01,1.042931829518399939e-01,-1.563454877000000076e+00,-8.077366199999999608e-02,1.966403382599999929e+02,2.024000000000000000e+03,1.100000000000000000e+01,1.400000000000000000e+01,1.300000000000000000e+01,4.300000000000000000e+01,6.528124000000000038e+00
4.000642797764999870e+01,-8.303683349419999615e+01,-2.239399999999999835e+00,-8.601999999999999647e-01,1.553473306540259946e+00,-2.903854467129399763e-01,-1.065361920798799933e-01,-1.559150991999999958e+00,-4.141013500000000069e-02,1.975291621799999859e+02,2.024000000000000000e+03,1.100000000000000000e+01,1.400000000000000000e+01,1.300000000000000000e+01,4.300000000000000000e+01,6.588766999999999818e+00
4.000642677094000277e+01,-8.303683410994000269e+01,-2.218700000000000117e+00,-8.918000000000000371e-01,1.251571178045519872e+00,-2.875973700336599825e-01,1.872051874716400000e-01,-1.543888425000000009e+00,-4.882719999999999899e-04,1.984117836179999870e+02,2.024000000000000000e+03,1.100000000000000000e+01,1.400000000000000000e+01,1.300000000000000000e+01,4.300000000000000000e+01,6.648214000000000290e+00
4.000642557468999883e+01,-8.303683474608999404e+01,-2.200000000000000178e+00,-9.180000000000000382e-01,1.030350474998580124e+00,-2.919654735549199742e-01,2.382279057113800003e-01,-1.540541885000000111e+00,3.138931100000000307e-02,1.992924918960000014e+02,2.024000000000000000e+03,1.100000000000000000e+01,1.400000000000000000e+01,1.300000000000000000e+01,4.300000000000000000e+01,6.707945999999999742e+00
4.000642438877999751e+01,-8.303683540366000670e+01,-2.181599999999999984e+00,-9.506000000000000005e-01,1.148684862957220165e+00,-2.036794697475999838e-01,2.366445899171999989e-01,-1.535409392000000040e+00,5.208647699999999908e-02,2.001738969870000062e+02,2.024000000000000000e+03,1.100000000000000000e+01,1.400000000000000000e+01,1.300000000000000000e+01,4.300000000000000000e+01,6.771847000000000172e+00
4.000642321317999972e+01,-8.303683608609999567e+01,-2.160899999999999821e+00,-9.879000000000000004e-01,1.345445919282479919e+00,-2.438892292959199959e-01,1.936046839235800177e-01,-1.515349433999999995e+00,5.090311000000000141e-02,2.010508697850000033e+02,2.024000000000000000e+03,1.100000000000000000e+01,1.400000000000000000e+01,1.300000000000000000e+01,4.300000000000000000e+01,6.831681999999999810e+00
4.000642262982000119e+01,-8.303683643652000512e+01,-2.149900000000000144e+00,-1.004199999999999982e+00,1.288018247071620159e+00,-2.736404691720399907e-01,1.718520526194800002e-01,-1.506898287000000058e+00,4.570433499999999871e-02,2.014859663160000025e+02,2.024000000000000000e+03,1.100000000000000000e+01,1.400000000000000000e+01,1.300000000000000000e+01,4.300000000000000000e+01,6.894187999999999761e+00
4.000642109059999996e+01,-8.303683739410000442e+01,-2.115699999999999914e+00,-1.039099999999999913e+00,9.831281255126399499e-01,-4.448814940255400030e-01,-1.248681582818000034e-02,-1.481436914999999965e+00,2.709919300000000059e-02,2.026384187060000102e+02,2.024000000000000000e+03,1.100000000000000000e+01,1.400000000000000000e+01,1.300000000000000000e+01,4.300000000000000000e+01,6.954397000000000162e+00
4.000641976317999848e+01,-8.303683826047000593e+01,-2.084499999999999797e+00,-1.073600000000000110e+00,1.284713376962659970e+00,-4.352136615619399684e-01,-6.667303574888000517e-02,-1.460365130000000011e+00,8.533578999999999470e-03,2.036474264249999919e+02,2.024000000000000000e+03,1.100000000000000000e+01,1.400000000000000000e+01,1.300000000000000000e+01,4.300000000000000000e+01,7.015257000000000076e+00
4.000641845484000214e+01,-8.303683915109000679e+01,-2.054600000000000204e+00,-1.099900000000000100e+00,9.950358401203800440e-01,-4.549466736958400204e-01,-2.205900808339799901e-01,-1.429055191000000002e+00,-7.478025999999999597e-03,2.046563043550000032e+02,2.024000000000000000e+03,1.100000000000000000e+01,1.400000000000000000e+01,1.300000000000000000e+01,4.300000000000000000e+01,7.074749999999999872e+00
4.000641734893999768e+01,-8.303683993375000227e+01,-2.027699999999999836e+00,-1.125099999999999989e+00,1.029261312808460005e+00,-4.698055471122800086e-01,-2.125875747625600165e-01,-1.411767946999999968e+00,-1.896269999999999900e-02,2.055121862770000121e+02,2.024000000000000000e+03,1.100000000000000000e+01,1.400000000000000000e+01,1.300000000000000000e+01,4.300000000000000000e+01,7.133586000000000205e+00
4.000641625810000335e+01,-8.303684073338999383e+01,-1.999900000000000011e+00,-1.148800000000000043e+00,1.010826438793779980e+00,-4.704129507696799828e-01,-1.399810903287800057e-01,-1.399841225999999939e+00,-2.492182199999999972e-02,2.063595158059999903e+02,2.024000000000000000e+03,1.100000000000000000e+01,1.400000000000000000e+01,1.300000000000000000e+01,4.300000000000000000e+01,7.194370000000000154e+00
4.000641518116999862e+01,-8.303684154907999471e+01,-1.974399999999999933e+00,-1.172299999999999898e+00,1.069767559119960021e+00,-4.234425524702599697e-01,1.207599071838399984e-01,-1.389277751999999921e+00,-3.142812700000000015e-02,2.072040253840000048e+02,2.024000000000000000e+03,1.100000000000000000e+01,1.400000000000000000e+01,1.300000000000000000e+01,4.300000000000000000e+01,7.256865999999999595e+00
4.000641411699000116e+01,-8.303684237653999389e+01,-1.951300000000000034e+00,-1.184600000000000097e+00,7.842267548228201157e-01,-5.344311502462599783e-01,-1.690069690090600096e-01,-1.392490830000000068e+00,-3.551662600000000253e-02,2.080501511740000069e+02,2.024000000000000000e+03,1.100000000000000000e+01,1.400000000000000000e+01,1.300000000000000000e+01,4.300000000000000000e+01,7.316330999999999918e+00
4.000641306749000137e+01,-8.303684321564999493e+01,-1.922400000000000109e+00,-1.204800000000000093e+00,1.082548545899580050e+00,-5.098570357024400090e-01,-7.830824885784000433e-02,-1.407304740000000054e+00,-2.628419200000000136e-02,2.088983491770000001e+02,2.024000000000000000e+03,1.100000000000000000e+01,1.400000000000000000e+01,1.300000000000000000e+01,4.300000000000000000e+01,7.376323000000000185e+00
4.000641203243999655e+01,-8.303684406933000162e+01,-1.897299999999999986e+00,-1.225000000000000089e+00,9.750022621872800332e-01,-4.231006690198199638e-01,-5.553340947880000544e-02,-1.416183734999999944e+00,-1.269734099999999914e-02,2.097538968529999863e+02,2.024000000000000000e+03,1.100000000000000000e+01,1.400000000000000000e+01,1.300000000000000000e+01,4.300000000000000000e+01,7.437251999999999974e+00
4.000641101160000090e+01,-8.303684493836000513e+01,-1.871199999999999974e+00,-1.249500000000000055e+00,1.134648119227140040e+00,-3.167145690112000422e-01,8.184849371015999464e-02,-1.432845184999999910e+00,-4.366347999999999931e-03,2.106159971449999944e+02,2.024000000000000000e+03,1.100000000000000000e+01,1.400000000000000000e+01,1.300000000000000000e+01,4.300000000000000000e+01,7.498859999999999637e+00
4.000641000595999941e+01,-8.303684582718000229e+01,-1.840100000000000069e+00,-1.281400000000000095e+00,1.487676034510359901e+00,-3.450695953069600197e-01,1.920055545124000132e-02,-1.447146838000000102e+00,-1.056147799999999914e-02,2.114826530249999905e+02,2.024000000000000000e+03,1.100000000000000000e+01,1.400000000000000000e+01,1.300000000000000000e+01,4.300000000000000000e+01,7.561460000000000292e+00
4.000640901879999944e+01,-8.303684673696000118e+01,-1.803800000000000070e+00,-1.308999999999999941e+00,1.411936507860420020e+00,-5.358524060080199769e-01,3.219926476969999646e-02,-1.440604329999999988e+00,-2.021706499999999934e-02,2.123485383379999973e+02,2.024000000000000000e+03,1.100000000000000000e+01,1.400000000000000000e+01,1.300000000000000000e+01,4.300000000000000000e+01,7.621860999999999997e+00
4.000640805188000115e+01,-8.303684766394999883e+01,-1.764599999999999946e+00,-1.331499999999999906e+00,1.386561799496339953e+00,-6.967754146610999344e-01,-3.894756958850000006e-02,-1.427680274000000082e+00,-2.004836200000000013e-02,2.132155308719999880e+02,2.024000000000000000e+03,1.100000000000000000e+01,1.400000000000000000e+01,1.300000000000000000e+01,4.300000000000000000e+01,7.680966999999999878e+00
4.000640710662000288e+01,-8.303684860548999325e+01,-1.724699999999999900e+00,-1.349499999999999922e+00,1.214728013065540013e+00,-7.699051900329000331e-01,-8.174381891642000519e-02,-1.410151756000000089e+00,-1.260573000000000075e-03,2.140879627140000139e+02,2.024000000000000000e+03,1.100000000000000000e+01,1.400000000000000000e+01,1.300000000000000000e+01,4.300000000000000000e+01,7.740382999999999569e+00
4.000640618178999830e+01,-8.303684956010999940e+01,-1.690299999999999914e+00,-1.367699999999999916e+00,1.087350437286680016e+00,-5.702848796137799381e-01,2.447333752543999832e-02,-1.389290869000000095e+00,3.056582299999999891e-02,2.149721744750000028e+02,2.024000000000000000e+03,1.100000000000000000e+01,1.400000000000000000e+01,1.300000000000000000e+01,4.300000000000000000e+01,7.801111999999999824e+00
4.000640527331000129e+01,-8.303685052704000213e+01,-1.663300000000000001e+00,-1.384800000000000031e+00,9.497288015108799053e-01,-4.024803299406599644e-01,1.220596193905999945e-02,-1.373947358999999979e+00,5.502224900000000224e-02,2.158690623040000105e+02,2.024000000000000000e+03,1.100000000000000000e+01,1.400000000000000000e+01,1.300000000000000000e+01,4.300000000000000000e+01,7.860426000000000357e+00
4.000640512347000310e+01,-8.303685068952999870e+01,-1.657599999999999962e+00,-1.388900000000000023e+00,1.068168570679739915e+00,-4.202089726034800021e-01,-1.608766172444000067e-02,-1.371928188000000048e+00,5.825815899999999686e-02,2.160189265840000132e+02,2.024000000000000000e+03,1.100000000000000000e+01,1.400000000000000000e+01,1.300000000000000000e+01,4.300000000000000000e+01,7.920104000000000255e+00
4.000640365302999868e+01,-8.303685233912000285e+01,-1.597699999999999898e+00,-1.428099999999999925e+00,1.341856299542899977e+00,-5.601028795491800327e-01,-2.846134462791999678e-02,-1.323465346999999959e+00,8.042184800000000411e-02,2.175126239619999922e+02,2.024000000000000000e+03,1.100000000000000000e+01,1.400000000000000000e+01,1.300000000000000000e+01,4.300000000000000000e+01,7.980387999999999593e+00
4.000640279796999721e+01,-8.303685334653999917e+01,-1.560799999999999965e+00,-1.443699999999999983e+00,1.191687697030139992e+00,-6.352229262067400350e-01,2.279262271599999975e-04,-1.282717850999999909e+00,1.015906320000000002e-01,2.183973211919999926e+02,2.024000000000000000e+03,1.100000000000000000e+01,1.400000000000000000e+01,1.300000000000000000e+01,4.300000000000000000e+01,8.040603000000000833e+00
4.000640168503999661e+01,-8.303685470534000501e+01,-1.522100000000000009e+00,-1.463000000000000078e+00,1.002335229102459868e+00,-4.287278483672800067e-01,-1.335057561072799936e-01,-1.244371930000000015e+00,1.324884899999999865e-01,2.195809284270000035e+02,2.024000000000000000e+03,1.100000000000000000e+01,1.400000000000000000e+01,1.300000000000000000e+01,4.300000000000000000e+01,8.104547000000000168e+00
4.000640100492000073e+01,-8.303685556546000157e+01,-1.494599999999999929e+00,-1.477300000000000058e+00,1.077814129722080017e+00,-4.855665837799200135e-01,-6.629842276692000935e-02,-1.212184139000000105e+00,1.444965480000000024e-01,2.203264366260000031e+02,2.024000000000000000e+03,1.100000000000000000e+01,1.400000000000000000e+01,1.300000000000000000e+01,4.300000000000000000e+01,8.164930999999999273e+00
4.000640007423000100e+01,-8.303685678150000626e+01,-1.453799999999999981e+00,-1.491900000000000004e+00,1.022738020958440019e+00,-6.303531150698000740e-01,-5.136259141823999730e-02,-1.157326942999999941e+00,1.694847260000000022e-01,2.213698175609999907e+02,2.024000000000000000e+03,1.100000000000000000e+01,1.400000000000000000e+01,1.300000000000000000e+01,4.300000000000000000e+01,8.226860999999999535e+00
4.000639929551000051e+01,-8.303685783004999621e+01,-1.422900000000000054e+00,-1.496199999999999974e+00,7.911218640170000205e-01,-6.930890808730999497e-01,4.655761077079999949e-03,-1.124863063000000052e+00,2.036784180000000000e-01,2.222562236880000057e+02,2.024000000000000000e+03,1.100000000000000000e+01,1.400000000000000000e+01,1.300000000000000000e+01,4.300000000000000000e+01,8.287138999999999811e+00
4.000639853189999684e+01,-8.303685888129000148e+01,-1.397399999999999975e+00,-1.500199999999999978e+00,7.020512381143599878e-01,-5.532199922576599427e-01,1.063891939618400034e-01,-1.118355336000000033e+00,2.492991099999999904e-01,2.231332397189999881e+02,2.024000000000000000e+03,1.100000000000000000e+01,1.400000000000000000e+01,1.300000000000000000e+01,4.300000000000000000e+01,8.347028999999999144e+00
4.000639778192999785e+01,-8.303685993732000270e+01,-1.372100000000000097e+00,-1.510099999999999998e+00,8.705131678410199525e-01,-4.013823708319400052e-01,1.120047941563199895e-01,-1.127764291000000085e+00,2.912766469999999996e-01,2.240083047390000104e+02,2.024000000000000000e+03,1.100000000000000000e+01,1.400000000000000000e+01,1.300000000000000000e+01,4.300000000000000000e+01,8.407785999999999760e+00
4.000639704513000083e+01,-8.303686100420000571e+01,-1.347299999999999942e+00,-1.530799999999999939e+00,1.156147683329000087e+00,-1.616880029836799959e-01,-2.992901397443999828e-02,-1.133165240000000074e+00,3.321463299999999896e-01,2.248936429450000105e+02,2.024000000000000000e+03,1.100000000000000000e+01,1.400000000000000000e+01,1.300000000000000000e+01,4.300000000000000000e+01,8.468156000000000461e+00
4.000639632307999705e+01,-8.303686208887999953e+01,-1.319800000000000084e+00,-1.559600000000000097e+00,1.338643014300940015e+00,4.933708844240000148e-03,1.373720911764000040e-02,-1.121846134999999967e+00,3.761031530000000234e-01,2.257868114780000042e+02,2.024000000000000000e+03,1.100000000000000000e+01,1.400000000000000000e+01,1.300000000000000000e+01,4.300000000000000000e+01,8.528380000000000294e+00
4.000639561460999971e+01,-8.303686319272000560e+01,-1.297900000000000054e+00,-1.586699999999999999e+00,1.174189044526499970e+00,1.729674219773399968e-01,-6.823856783753999566e-02,-1.105647199000000080e+00,4.063362930000000151e-01,2.266700530580000077e+02,2.024000000000000000e+03,1.100000000000000000e+01,1.400000000000000000e+01,1.300000000000000000e+01,4.300000000000000000e+01,8.588786999999999949e+00
4.000639491934000347e+01,-8.303686431532000256e+01,-1.270499999999999963e+00,-1.614400000000000057e+00,1.384213788135240097e+00,8.860812429256000045e-02,-9.937553912301999581e-02,-1.095703627000000013e+00,4.176464020000000277e-01,2.275401363039999865e+02,2.024000000000000000e+03,1.100000000000000000e+01,1.400000000000000000e+01,1.300000000000000000e+01,4.300000000000000000e+01,8.648934000000000566e+00
4.000639423842000042e+01,-8.303686545397999907e+01,-1.245300000000000074e+00,-1.631599999999999939e+00,1.033897290766959909e+00,-1.118258024060800049e-01,-7.239872876594000140e-02,-1.073038441000000009e+00,4.296947369999999933e-01,2.284092917090000014e+02,2.024000000000000000e+03,1.100000000000000000e+01,1.400000000000000000e+01,1.300000000000000000e+01,4.300000000000000000e+01,8.711501000000000161e+00
4.000639356895000276e+01,-8.303686660372000006e+01,-1.227000000000000091e+00,-1.645399999999999974e+00,7.928895625864799124e-01,-6.242829683724000767e-02,1.129848559180400003e-01,-1.052925442000000045e+00,4.528823209999999766e-01,2.292890042630000096e+02,2.024000000000000000e+03,1.100000000000000000e+01,1.400000000000000000e+01,1.300000000000000000e+01,4.300000000000000000e+01,8.772135999999999711e+00
4.000639290969999706e+01,-8.303686776655999324e+01,-1.209000000000000075e+00,-1.665300000000000002e+00,8.087909868512200839e-01,5.660672137034000045e-02,2.255799977230000045e-02,-1.040620300000000054e+00,4.765950489999999928e-01,2.301730247350000127e+02,2.024000000000000000e+03,1.100000000000000000e+01,1.400000000000000000e+01,1.300000000000000000e+01,4.300000000000000000e+01,8.832141000000000020e+00
4.000639258393000119e+01,-8.303686835300999292e+01,-1.198600000000000110e+00,-1.676399999999999890e+00,9.578657934529999363e-01,1.128482874057399887e-01,-9.236531474959999710e-02,-1.038815496000000005e+00,4.925110289999999891e-01,2.306133161180000002e+02,2.024000000000000000e+03,1.100000000000000000e+01,1.400000000000000000e+01,1.300000000000000000e+01,4.300000000000000000e+01,8.896269999999999456e+00
4.000639183340999949e+01,-8.303686973517000069e+01,-1.178399999999999892e+00,-1.698900000000000077e+00,8.261905005848999561e-01,1.422688132245399917e-01,-1.233655808763399891e-01,-1.043285207000000048e+00,5.179781079999999926e-01,2.316375520940000001e+02,2.024000000000000000e+03,1.100000000000000000e+01,1.400000000000000000e+01,1.300000000000000000e+01,4.300000000000000000e+01,8.957226999999999606e+00
4.000639089306999807e+01,-8.303687154003000614e+01,-1.139000000000000012e+00,-1.735200000000000076e+00,1.319630744853680149e+00,1.182330893363599950e-01,1.012982330674999931e-01,-1.050995743999999954e+00,5.439668640000000499e-01,2.329475157349999961e+02,2.024000000000000000e+03,1.100000000000000000e+01,1.400000000000000000e+01,1.300000000000000000e+01,4.300000000000000000e+01,9.019335999999999132e+00
4.000639028693999677e+01,-8.303687276322000343e+01,-1.108899999999999997e+00,-1.759900000000000020e+00,1.340847499469480120e+00,9.454763097524000737e-02,-2.560080921981999769e-02,-1.045614811000000088e+00,5.618862820000000147e-01,2.338131819909999933e+02,2.024000000000000000e+03,1.100000000000000000e+01,1.400000000000000000e+01,1.300000000000000000e+01,4.300000000000000000e+01,9.081372999999999251e+00
4.000638969575999937e+01,-8.303687400124999840e+01,-1.084600000000000009e+00,-1.776999999999999913e+00,9.556251450804998937e-01,1.808396678795999926e-02,-3.102860614693999861e-02,-1.033746845000000025e+00,5.808608830000000500e-01,2.346788115319999974e+02,2.024000000000000000e+03,1.100000000000000000e+01,1.400000000000000000e+01,1.300000000000000000e+01,4.300000000000000000e+01,9.141413999999999263e+00
4.000638911517999929e+01,-8.303687524900999506e+01,-1.067700000000000093e+00,-1.788399999999999990e+00,7.492055336051000047e-01,2.697860885338000322e-02,-7.035641571997999777e-02,-1.037868876000000107e+00,6.015731450000000313e-01,2.355524192240000048e+02,2.024000000000000000e+03,1.100000000000000000e+01,1.400000000000000000e+01,1.300000000000000000e+01,4.300000000000000000e+01,9.201162999999999315e+00
4.000638854550999923e+01,-8.303687650765999706e+01,-1.044999999999999929e+00,-1.806899999999999951e+00,1.032233032133740069e+00,1.248365606194200006e-01,6.683467376625999712e-02,-1.048937350999999962e+00,6.226961309999999861e-01,2.364349264699999935e+02,2.024000000000000000e+03,1.100000000000000000e+01,1.400000000000000000e+01,1.300000000000000000e+01,4.300000000000000000e+01,9.261025999999999314e+00
4.000638789871000256e+01,-8.303687799770000311e+01,-1.010699999999999932e+00,-1.838799999999999990e+00,1.361532846653479956e+00,2.089902871149800223e-01,8.310834825663999947e-02,-1.041831844999999923e+00,6.333703330000000076e-01,2.374578367910000054e+02,2.024000000000000000e+03,1.100000000000000000e+01,1.400000000000000000e+01,1.300000000000000000e+01,4.300000000000000000e+01,9.321930999999999301e+00
4.000638745143000108e+01,-8.303687907709999649e+01,-9.820999999999999730e-01,-1.857799999999999896e+00,1.301785509735300161e+00,3.366363081149999908e-02,7.921282344968000322e-02,-1.018568560999999928e+00,6.312392749999999886e-01,2.381753732290000016e+02,2.024000000000000000e+03,1.100000000000000000e+01,1.400000000000000000e+01,1.300000000000000000e+01,4.300000000000000000e+01,9.378237999999999630e+00
4.000638692985999967e+01,-8.303688038426000162e+01,-9.529999999999999583e-01,-1.873499999999999943e+00,1.073993020484800054e+00,-6.520033312877999976e-02,5.886140827466000702e-02,-9.977116029999999469e-01,6.352712200000000253e-01,2.390226663310000106e+02,2.024000000000000000e+03,1.100000000000000000e+01,1.400000000000000000e+01,1.300000000000000000e+01,4.300000000000000000e+01,9.438361000000000445e+00
4.000638642300999948e+01,-8.303688170248000233e+01,-9.281000000000000361e-01,-1.889000000000000012e+00,9.427466141075200312e-01,3.323716579351999878e-02,5.455492476853999323e-02,-9.741787280000000493e-01,6.428237030000000241e-01,2.398721560769999996e+02,2.024000000000000000e+03,1.100000000000000000e+01,1.400000000000000000e+01,1.300000000000000000e+01,4.300000000000000000e+01,9.498013999999999513e+00
4.000638592962000217e+01,-8.303688303159999862e+01,-9.033999999999999808e-01,-1.904300000000000104e+00,9.504330771642199860e-01,5.201693337240000797e-02,-4.888619080304000553e-02,-9.417425759999999979e-01,6.486678439999999934e-01,2.407256513819999952e+02,2.024000000000000000e+03,1.100000000000000000e+01,1.400000000000000000e+01,1.300000000000000000e+01,4.300000000000000000e+01,9.558744000000000796e+00
4.000638552742999821e+01,-8.303688414731000478e+01,-8.868000000000000327e-01,-1.916900000000000048e+00,8.372812932517400553e-01,1.178347749737000127e-01,-7.281681464002000281e-02,-9.163187710000000319e-01,6.520534260000000470e-01,2.414326953199999934e+02,2.024000000000000000e+03,1.100000000000000000e+01,1.400000000000000000e+01,1.300000000000000000e+01,4.300000000000000000e+01,9.619165000000000632e+00
4.000638490199000330e+01,-8.303688595024000563e+01,-8.526000000000000245e-01,-1.942299999999999915e+00,1.138647470133100192e+00,1.604629806973399964e-01,-1.834438174683200029e-01,-8.847016130000000533e-01,6.467880169999999929e-01,2.425331802839999966e+02,2.024000000000000000e+03,1.100000000000000000e+01,1.400000000000000000e+01,1.300000000000000000e+01,4.300000000000000000e+01,9.683274000000000825e+00
4.000638444788999948e+01,-8.303688731629999609e+01,-8.295000000000000151e-01,-1.957600000000000007e+00,1.044935512154079982e+00,1.292836649350999900e-01,1.772941520943999844e-02,-8.620038719999999488e-01,6.391367850000000406e-01,2.433380585559999929e+02,2.024000000000000000e+03,1.100000000000000000e+01,1.400000000000000000e+01,1.300000000000000000e+01,4.300000000000000000e+01,9.743048999999999182e+00
4.000638400601999933e+01,-8.303688869376999548e+01,-8.085999999999999854e-01,-1.972199999999999953e+00,8.682073232522800055e-01,1.058259119193200037e-01,-8.533225605793999524e-02,-8.420251269999999844e-01,6.256237759999999648e-01,2.441413895009999919e+02,2.024000000000000000e+03,1.100000000000000000e+01,1.400000000000000000e+01,1.300000000000000000e+01,4.300000000000000000e+01,9.806672999999999973e+00
4.000638364793999813e+01,-8.303688984901999959e+01,-7.864999999999999769e-01,-1.981899999999999995e+00,9.177831567549800118e-01,-5.436349465844000223e-02,-1.610719594558000095e-02,-8.267463940000000511e-01,6.127984370000000292e-01,2.448140003169999943e+02,2.024000000000000000e+03,1.100000000000000000e+01,1.400000000000000000e+01,1.300000000000000000e+01,4.300000000000000000e+01,9.863834000000000657e+00
4.000638350797999720e+01,-8.303689031244999796e+01,-7.741999999999999993e-01,-1.984900000000000109e+00,1.086496377345300024e+00,-1.669563037392600147e-01,-9.248471790333999409e-02,-8.178153439999999996e-01,6.138095860000000181e-01,2.450821443350000095e+02,2.024000000000000000e+03,1.100000000000000000e+01,1.400000000000000000e+01,1.300000000000000000e+01,4.300000000000000000e+01,9.926624999999999588e+00
4.000638276899000090e+01,-8.303689287587999956e+01,-7.282999999999999474e-01,-2.009300000000000086e+00,7.762869391634600325e-01,3.355825452181400159e-01,3.817329454400000127e-02,-7.633640699999999502e-01,6.440386999999999640e-01,2.465459081840000124e+02,2.024000000000000000e+03,1.100000000000000000e+01,1.400000000000000000e+01,1.300000000000000000e+01,4.300000000000000000e+01,9.987579000000000207e+00
4.000638244345999794e+01,-8.303689405496000120e+01,-7.137999999999999901e-01,-2.029999999999999805e+00,8.680592194272399587e-01,4.961274443628400643e-01,-1.423427209460000065e-01,-7.551936329999999753e-01,6.424948929999999558e-01,2.472096219400000052e+02,2.024000000000000000e+03,1.100000000000000000e+01,1.400000000000000000e+01,1.300000000000000000e+01,4.300000000000000000e+01,1.004854599999999998e+01
4.000638200334999794e+01,-8.303689572558999998e+01,-6.818999999999999506e-01,-2.057599999999999874e+00,1.072183434303259908e+00,3.917727194731399631e-01,-8.325296894384000279e-02,-7.281228050000000396e-01,6.144346160000000445e-01,2.481377883780000104e+02,2.024000000000000000e+03,1.100000000000000000e+01,1.400000000000000000e+01,1.300000000000000000e+01,4.300000000000000000e+01,1.010854100000000066e+01
4.000638158166999858e+01,-8.303689741511999500e+01,-6.532999999999999918e-01,-2.076700000000000212e+00,9.827966600202199254e-01,2.033219970833799739e-01,-8.644081486151999894e-02,-6.853343689999999988e-01,5.799102449999999909e-01,2.490583538729999873e+02,2.024000000000000000e+03,1.100000000000000000e+01,1.400000000000000000e+01,1.300000000000000000e+01,4.300000000000000000e+01,1.017266900000000085e+01
4.000638123571999927e+01,-8.303689887429000294e+01,-6.264999999999999458e-01,-2.089300000000000157e+00,9.140791419768800052e-01,1.118888155807600121e-01,-6.711695535199999930e-03,-6.505437769999999897e-01,5.656450440000000413e-01,2.498370725800000116e+02,2.024000000000000000e+03,1.100000000000000000e+01,1.400000000000000000e+01,1.300000000000000000e+01,4.300000000000000000e+01,1.023686099999999932e+01
4.000638090164000005e+01,-8.303690034542999854e+01,-6.078999999999999959e-01,-2.110799999999999788e+00,8.032959040453599986e-01,5.187773932007400113e-01,1.101507563440400073e-01,-6.263396970000000286e-01,5.627775839999999974e-01,2.506132473629999993e+02,2.024000000000000000e+03,1.100000000000000000e+01,1.400000000000000000e+01,1.300000000000000000e+01,4.300000000000000000e+01,1.029797499999999921e+01
4.000638057532000147e+01,-8.303690183333999641e+01,-5.965000000000000302e-01,-2.136299999999999866e+00,6.517459466899999665e-01,6.907195320412999884e-01,-6.896835747735999278e-02,-6.238233579999999945e-01,5.404845350000000437e-01,2.513950519379999946e+02,2.024000000000000000e+03,1.100000000000000000e+01,1.400000000000000000e+01,1.300000000000000000e+01,4.300000000000000000e+01,1.036018299999999925e+01
4.000638025658000174e+01,-8.303690333910999755e+01,-5.792000000000000481e-01,-2.161999999999999922e+00,8.586316775803999324e-01,6.322964549012000113e-01,7.652275493901999903e-02,-6.337075319999999623e-01,4.958290639999999860e-01,2.521837788500000102e+02,2.024000000000000000e+03,1.100000000000000000e+01,1.400000000000000000e+01,1.300000000000000000e+01,4.300000000000000000e+01,1.042350000000000065e+01
4.000637989972000241e+01,-8.303690511617999448e+01,-5.494999999999999885e-01,-2.184800000000000075e+00,1.006169947516220020e+00,3.201627948281399738e-01,-8.254409144420001010e-03,-6.383670860000000280e-01,4.368041449999999770e-01,2.531026321159999952e+02,2.024000000000000000e+03,1.100000000000000000e+01,1.400000000000000000e+01,1.300000000000000000e+01,4.300000000000000000e+01,1.048376599999999925e+01
4.000637965800000018e+01,-8.303690639651999561e+01,-5.221999999999999975e-01,-2.199899999999999967e+00,1.187120367030279899e+00,2.760491267089799639e-01,6.036943413925999202e-02,-6.365676129999999766e-01,4.066112159999999975e-01,2.537497520720000068e+02,2.024000000000000000e+03,1.100000000000000000e+01,1.400000000000000000e+01,1.300000000000000000e+01,4.300000000000000000e+01,1.054424200000000056e+01
4.000637933673999669e+01,-8.303690820538000139e+01,-4.924000000000000044e-01,-2.226599999999999913e+00,1.138383323657980117e+00,5.653537938378599970e-01,6.423500273353999201e-02,-6.451756499999999894e-01,3.740264349999999904e-01,2.546433496010000113e+02,2.024000000000000000e+03,1.100000000000000000e+01,1.400000000000000000e+01,1.300000000000000000e+01,4.300000000000000000e+01,1.060423800000000050e+01
4.000637911967000093e+01,-8.303690951317000213e+01,-4.660000000000000253e-01,-2.251100000000000101e+00,1.389451882099199898e+00,6.349874245508400072e-01,9.977982428407999871e-02,-6.484064259999999802e-01,3.351259100000000268e-01,2.552753138889999889e+02,2.024000000000000000e+03,1.100000000000000000e+01,1.400000000000000000e+01,1.300000000000000000e+01,4.300000000000000000e+01,1.066604300000000016e+01
4.000637883523999960e+01,-8.303691136188000144e+01,-4.329999999999999960e-01,-2.269800000000000040e+00,1.002486671277800001e+00,2.482005916691200076e-01,-4.511408624864000211e-02,-6.234665230000000502e-01,2.792026450000000271e-01,2.561547506449999787e+02,2.024000000000000000e+03,1.100000000000000000e+01,1.400000000000000000e+01,1.300000000000000000e+01,4.300000000000000000e+01,1.072676500000000033e+01
4.000637860663000112e+01,-8.303691295791000471e+01,-4.124999999999999778e-01,-2.284800000000000164e+00,6.780753702053400334e-01,3.877255456090399899e-01,-7.990061792845999655e-02,-6.001883930000000422e-01,2.563800720000000144e-01,2.569012360749999857e+02,2.024000000000000000e+03,1.100000000000000000e+01,1.400000000000000000e+01,1.300000000000000000e+01,4.300000000000000000e+01,1.078781099999999959e+01
4.000637838656000156e+01,-8.303691456768000023e+01,-3.991999999999999993e-01,-2.308399999999999785e+00,5.960959063742800046e-01,7.157861325498799943e-01,-2.092994182746200083e-01,-6.101380189999999759e-01,2.417885559999999878e-01,2.576451348279999820e+02,2.024000000000000000e+03,1.100000000000000000e+01,1.400000000000000000e+01,1.300000000000000000e+01,4.300000000000000000e+01,1.084923799999999972e+01
4.000637835092999950e+01,-8.303691483762999326e+01,-3.941999999999999948e-01,-2.312500000000000000e+00,7.580229186318000467e-01,6.529811515642199859e-01,-1.552790788586599913e-01,-6.125175539999999641e-01,2.387393140000000080e-01,2.577691745629999787e+02,2.024000000000000000e+03,1.100000000000000000e+01,1.400000000000000000e+01,1.300000000000000000e+01,4.300000000000000000e+01,1.091168900000000086e+01
4.000637805086000043e+01,-8.303691729314999748e+01,-3.427999999999999936e-01,-2.356100000000000083e+00,1.379400716373619940e+00,6.862841821498399941e-01,1.343079317472000052e-02,-5.953675099999999887e-01,1.958569280000000135e-01,2.588780854909999789e+02,2.024000000000000000e+03,1.100000000000000000e+01,1.400000000000000000e+01,1.300000000000000000e+01,4.300000000000000000e+01,1.097193500000000022e+01
4.000637784944999709e+01,-8.303691923255999541e+01,-2.982000000000000206e-01,-2.384999999999999787e+00,1.240782824624480085e+00,5.479919591422400815e-01,6.036377795269999569e-02,-5.185459759999999640e-01,1.569527619999999957e-01,2.597152258479999887e+02,2.024000000000000000e+03,1.100000000000000000e+01,1.400000000000000000e+01,1.300000000000000000e+01,4.300000000000000000e+01,1.103334699999999913e+01
4.000637763684999726e+01,-8.303692147344999341e+01,-2.888999999999999901e-01,-2.411599999999999966e+00,3.303778059967399927e-01,7.547680567952399500e-01,1.123232160970600024e-01,-4.932405160000000177e-01,1.249591300000000016e-01,2.606363615669999945e+02,2.024000000000000000e+03,1.100000000000000000e+01,1.400000000000000000e+01,1.300000000000000000e+01,4.300000000000000000e+01,1.109504399999999968e+01
4.000637748348999878e+01,-8.303692317601000639e+01,-2.757999999999999896e-01,-2.443099999999999827e+00,6.349793306596599463e-01,9.504408654875199369e-01,-5.283939389488000182e-02,-5.063882849999999936e-01,8.772963999999999762e-02,2.613110975420000273e+02,2.024000000000000000e+03,1.100000000000000000e+01,1.400000000000000000e+01,1.300000000000000000e+01,4.300000000000000000e+01,1.115653400000000062e+01
4.000637736398000044e+01,-8.303692461119000257e+01,-2.545000000000000040e-01,-2.467900000000000205e+00,9.413618944086599161e-01,8.627327522605799937e-01,-2.395791200809199994e-01,-4.873004129999999878e-01,4.801758700000000046e-02,2.618528549360000284e+02,2.024000000000000000e+03,1.100000000000000000e+01,1.400000000000000000e+01,1.300000000000000000e+01,4.300000000000000000e+01,1.121613699999999980e+01
4.000637720983999657e+01,-8.303692664269999568e+01,-2.328999999999999959e-01,-2.495800000000000018e+00,6.949379049891399873e-01,6.436121035807600421e-01,-2.027766599556000138e-01,-4.381746639999999915e-01,-5.373675999999999973e-03,2.625576841829999921e+02,2.024000000000000000e+03,1.100000000000000000e+01,1.400000000000000000e+01,1.300000000000000000e+01,4.300000000000000000e+01,1.127605400000000024e+01
4.000637709045999912e+01,-8.303692840115000706e+01,-2.071999999999999953e-01,-2.518299999999999983e+00,9.402416771216599578e-01,6.502827843979999134e-01,-1.956875448670599982e-01,-4.139398779999999833e-01,-3.527842199999999678e-02,2.631093518669999867e+02,2.024000000000000000e+03,1.100000000000000000e+01,1.400000000000000000e+01,1.300000000000000000e+01,4.300000000000000000e+01,1.133611299999999922e+01
4.000637698258999819e+01,-8.303693017714999769e+01,-1.885000000000000009e-01,-2.545500000000000096e+00,7.604324806383000457e-01,8.446475353285600729e-01,-1.382232323787599970e-01,-3.920690490000000028e-01,-5.686938099999999663e-02,2.636341500649999716e+02,2.024000000000000000e+03,1.100000000000000000e+01,1.400000000000000000e+01,1.300000000000000000e+01,4.300000000000000000e+01,1.139782199999999968e+01
4.000637688409999981e+01,-8.303693197318000330e+01,-1.743999999999999995e-01,-2.573900000000000077e+00,5.357221953426000161e-01,8.580126953321199901e-01,-6.766270630381999995e-02,-3.563741420000000049e-01,-8.607524799999999310e-02,2.641474435989999847e+02,2.024000000000000000e+03,1.100000000000000000e+01,1.400000000000000000e+01,1.300000000000000000e+01,4.300000000000000000e+01,1.145804200000000073e+01
4.000637679164000104e+01,-8.303693378891999544e+01,-1.681999999999999884e-01,-2.602199999999999847e+00,1.778217787913800030e-01,9.200887327644999836e-01,-1.130368636187399911e-01,-3.100384959999999968e-01,-1.182352110000000067e-01,2.646376488559999984e+02,2.024000000000000000e+03,1.100000000000000000e+01,1.400000000000000000e+01,1.300000000000000000e+01,4.300000000000000000e+01,1.151830200000000026e+01
4.000637670201000162e+01,-8.303693562569000619e+01,-1.645999999999999963e-01,-2.633500000000000174e+00,9.905600383208000570e-02,1.036902499881120043e+00,-1.371835172743400000e-01,-2.783736949999999766e-01,-1.563329330000000073e-01,2.650863385760000028e+02,2.024000000000000000e+03,1.100000000000000000e+01,1.400000000000000000e+01,1.300000000000000000e+01,4.300000000000000000e+01,1.157893400000000028e+01
4.000637661470999973e+01,-8.303693748239000172e+01,-1.574000000000000121e-01,-2.658999999999999808e+00,3.226102625472199725e-01,8.160435613858799675e-01,-9.087326487392000107e-02,-2.706455689999999747e-01,-1.969204579999999927e-01,2.654820463660000200e+02,2.024000000000000000e+03,1.100000000000000000e+01,1.400000000000000000e+01,1.300000000000000000e+01,4.300000000000000000e+01,1.164164399999999944e+01
4.000637653150000261e+01,-8.303693935695000050e+01,-1.472999999999999865e-01,-2.684099999999999930e+00,4.990381726306799548e-01,8.159484202600399971e-01,1.940157548582400193e-01,-2.638322759999999767e-01,-2.325805619999999907e-01,2.658343558079999980e+02,2.024000000000000000e+03,1.100000000000000000e+01,1.400000000000000000e+01,1.300000000000000000e+01,4.300000000000000000e+01,1.170228799999999936e+01
4.000637645174000312e+01,-8.303694124998999371e+01,-1.441000000000000059e-01,-2.711500000000000021e+00,2.368891344596199822e-01,8.957041249524599902e-01,2.051750779518800027e-01,-2.521687630000000180e-01,-2.697195849999999839e-01,2.661594961010000020e+02,2.024000000000000000e+03,1.100000000000000000e+01,1.400000000000000000e+01,1.300000000000000000e+01,4.300000000000000000e+01,1.176225999999999949e+01
4.000637637519999856e+01,-8.303694316365999839e+01,-1.366999999999999882e-01,-2.742700000000000138e+00,3.168072329569400214e-01,1.021894458880820089e+00,-5.157009764326000306e-02,-2.454607739999999927e-01,-3.142530040000000024e-01,2.664598565699999995e+02,2.024000000000000000e+03,1.100000000000000000e+01,1.400000000000000000e+01,1.300000000000000000e+01,4.300000000000000000e+01,1.182286500000000018e+01
4.000637632656000164e+01,-8.303694445105999478e+01,-1.313000000000000000e-01,-2.761000000000000121e+00,3.518608490839600367e-01,9.114490695615399263e-01,-4.344553524958000290e-02,-2.422937589999999974e-01,-3.501105840000000025e-01,2.666454607360000182e+02,2.024000000000000000e+03,1.100000000000000000e+01,1.400000000000000000e+01,1.300000000000000000e+01,4.300000000000000000e+01,1.188437899999999914e+01
4.000637626844999772e+01,-8.303694607218000101e+01,-1.233000000000000068e-01,-2.783599999999999852e+00,4.613118654222599924e-01,8.989264485360001222e-01,8.297678354215999585e-02,-2.428638529999999907e-01,-3.955871420000000027e-01,2.668580637499999852e+02,2.024000000000000000e+03,1.100000000000000000e+01,1.400000000000000000e+01,1.300000000000000000e+01,4.300000000000000000e+01,1.194932799999999951e+01
4.000637616259999874e+01,-8.303694935688000101e+01,-1.126000000000000056e-01,-2.826999999999999957e+00,1.841624538424199986e-01,7.860874919875801003e-01,-9.067171552587999228e-02,-2.228181220000000073e-01,-4.923577539999999808e-01,2.672212477530000001e+02,2.024000000000000000e+03,1.100000000000000000e+01,1.400000000000000000e+01,1.300000000000000000e+01,4.300000000000000000e+01,1.201105100000000014e+01
4.000637609287999652e+01,-8.303695168589000275e+01,-1.111999999999999933e-01,-2.849699999999999900e+00,-3.600377932268000042e-02,6.490428586030599911e-01,-2.011041568767600041e-01,-2.180594180000000049e-01,-5.380163820000000152e-01,2.674260740789999886e+02,2.024000000000000000e+03,1.100000000000000000e+01,1.400000000000000000e+01,1.300000000000000000e+01,4.300000000000000000e+01,1.207360100000000003e+01
4.000637602975999840e+01,-8.303695369867000409e+01,-1.208000000000000046e-01,-2.872900000000000009e+00,-2.117882244374600098e-01,7.611454254505199968e-01,-5.394843941368000079e-02,-2.351423340000000084e-01,-5.611085879999999637e-01,2.675891387419999887e+02,2.024000000000000000e+03,1.100000000000000000e+01,1.400000000000000000e+01,1.300000000000000000e+01,4.300000000000000000e+01,1.213699899999999943e+01
4.000637596466000190e+01,-8.303695572789999346e+01,-1.219999999999999973e-01,-2.897100000000000009e+00,-4.177549947975999628e-02,7.897064678001799454e-01,2.320869091462000183e-02,-2.573031000000000068e-01,-5.826562929999999918e-01,2.677464036420000184e+02,2.024000000000000000e+03,1.100000000000000000e+01,1.400000000000000000e+01,1.300000000000000000e+01,4.300000000000000000e+01,1.219703999999999944e+01
4.000637590051000103e+01,-8.303695777301000192e+01,-1.144000000000000017e-01,-2.919099999999999806e+00,3.501244497596199823e-01,7.434391950381399328e-01,-2.095300533119999996e-03,-2.744124929999999796e-01,-6.027157429999999705e-01,2.678929773840000053e+02,2.024000000000000000e+03,1.100000000000000000e+01,1.400000000000000000e+01,1.300000000000000000e+01,4.300000000000000000e+01,1.226188699999999976e+01
4.000637583232000338e+01,-8.303696017661999917e+01,-1.025999999999999968e-01,-2.939599999999999991e+00,3.390518699440600026e-01,5.487596936089400579e-01,-1.872271972370000148e-01,-2.905041580000000123e-01,-6.206614409999999804e-01,2.680434121740000251e+02,2.024000000000000000e+03,1.100000000000000000e+01,1.400000000000000000e+01,1.300000000000000000e+01,4.300000000000000000e+01,1.232312199999999969e+01
4.000637578069000000e+01,-8.303696224946999394e+01,-8.880000000000000393e-02,-2.956399999999999917e+00,4.675124985288199864e-01,5.729285184579400170e-01,-1.808542381868200044e-01,-3.021206690000000084e-01,-6.218779479999999582e-01,2.681583228160000090e+02,2.024000000000000000e+03,1.100000000000000000e+01,1.400000000000000000e+01,1.300000000000000000e+01,4.300000000000000000e+01,1.238465000000000060e+01
4.000637573553999715e+01,-8.303696433538999599e+01,-7.860000000000000320e-02,-2.975999999999999979e+00,3.221357211120799979e-01,6.424539434909599667e-01,-1.194123582760800023e-01,-2.951388300000000187e-01,-6.192056989999999983e-01,2.682732199750000177e+02,2.024000000000000000e+03,1.100000000000000000e+01,1.400000000000000000e+01,1.300000000000000000e+01,4.300000000000000000e+01,1.244630500000000062e+01
4.000637569359000167e+01,-8.303696643620000373e+01,-7.789999999999999702e-02,-2.998400000000000176e+00,-3.202890629308000059e-02,7.204752638619800198e-01,-1.477939140148200048e-01,-2.743218290000000170e-01,-6.213506109999999971e-01,2.683854647609999802e+02,2.024000000000000000e+03,1.100000000000000000e+01,1.400000000000000000e+01,1.300000000000000000e+01,4.300000000000000000e+01,1.250702899999999929e+01
4.000637565104000259e+01,-8.303696855183000025e+01,-7.920000000000000651e-02,-3.018299999999999983e+00,-3.069458667155999798e-02,6.298076369339400404e-01,-3.278919102688000048e-02,-2.639629540000000274e-01,-6.288759170000000065e-01,2.684822909490000029e+02,2.024000000000000000e+03,1.100000000000000000e+01,1.400000000000000000e+01,1.300000000000000000e+01,4.300000000000000000e+01,1.256720299999999924e+01
4.000637560941999737e+01,-8.303697067890999506e+01,-7.399999999999999634e-02,-3.032799999999999940e+00,2.171582938518800132e-01,4.932084222288800057e-01,8.713519998728000426e-02,-2.603440890000000008e-01,-6.287349629999999800e-01,2.685586551139999756e+02,2.024000000000000000e+03,1.100000000000000000e+01,1.400000000000000000e+01,1.300000000000000000e+01,4.300000000000000000e+01,1.263022199999999984e+01
4.000637556811999929e+01,-8.303697281805999353e+01,-7.679999999999999327e-02,-3.052700000000000191e+00,-3.226627180951999879e-02,6.946978568175600222e-01,-5.985102451700000277e-03,-2.601119080000000028e-01,-6.170310449999999447e-01,2.686276069859999893e+02,2.024000000000000000e+03,1.100000000000000000e+01,1.400000000000000000e+01,1.300000000000000000e+01,4.300000000000000000e+01,1.269237799999999972e+01
4.000637551943000148e+01,-8.303697533291999378e+01,-7.779999999999999416e-02,-3.079200000000000159e+00,-8.112472423415999223e-02,7.683352228589599431e-01,-2.485984528811600036e-01,-2.687597549999999891e-01,-6.131621649999999812e-01,2.687164180820000183e+02,2.024000000000000000e+03,1.100000000000000000e+01,1.400000000000000000e+01,1.300000000000000000e+01,4.300000000000000000e+01,1.275759700000000052e+01
4.000637547864999988e+01,-8.303697750665999422e+01,-7.109999999999999654e-02,-3.103699999999999903e+00,2.885356435285200138e-01,7.719555328048400833e-01,-9.677529359481999716e-02,-2.777194570000000029e-01,-6.219752100000000006e-01,2.688031691319999936e+02,2.024000000000000000e+03,1.100000000000000000e+01,1.400000000000000000e+01,1.300000000000000000e+01,4.300000000000000000e+01,1.281882599999999961e+01
4.000637545471000323e+01,-8.303697896366999487e+01,-6.339999999999999802e-02,-3.113900000000000112e+00,3.210159050288599603e-01,5.079295780131799498e-01,-5.444882448946000014e-02,-2.752215689999999992e-01,-6.314102670000000250e-01,2.688608457369999769e+02,2.024000000000000000e+03,1.100000000000000000e+01,1.400000000000000000e+01,1.300000000000000000e+01,4.300000000000000000e+01,1.288057399999999930e+01
4.000637543188999956e+01,-8.303698042471999941e+01,-6.079999999999999988e-02,-3.121900000000000119e+00,1.999068455645599818e-01,4.212866248088599774e-01,-6.204170340340000277e-03,-2.711651339999999744e-01,-6.274786500000000267e-01,2.689160124379999957e+02,2.024000000000000000e+03,1.100000000000000000e+01,1.400000000000000000e+01,1.300000000000000000e+01,4.300000000000000000e+01,1.294148000000000032e+01
4.000637537363000007e+01,-8.303698410812999953e+01,-6.610000000000000597e-02,-3.169299999999999784e+00,-1.123621402943800057e-01,1.045506183896000030e+00,7.971637976303999618e-02,-2.865871340000000211e-01,-6.278284029999999794e-01,2.690431879689999732e+02,2.024000000000000000e+03,1.100000000000000000e+01,1.400000000000000000e+01,1.300000000000000000e+01,4.300000000000000000e+01,1.300190199999999940e+01
4.000637533684000147e+01,-8.303698634433999359e+01,-5.709999999999999798e-02,-3.198500000000000121e+00,4.092667225947799747e-01,9.154577854399800207e-01,1.309976798419399957e-01,-3.044500050000000235e-01,-6.725491649999999488e-01,2.691213396069999817e+02,2.024000000000000000e+03,1.100000000000000000e+01,1.400000000000000000e+01,1.300000000000000000e+01,4.300000000000000000e+01,1.306383699999999948e+01
4.000637530109000295e+01,-8.303698897072000307e+01,-4.850000000000000144e-02,-3.214500000000000135e+00,1.268105506006400041e-01,4.552665235819800538e-01,1.354546051447799992e-01,-2.835091000000000139e-01,-7.253335960000000249e-01,2.692178864800000042e+02,2.024000000000000000e+03,1.100000000000000000e+01,1.400000000000000000e+01,1.300000000000000000e+01,4.300000000000000000e+01,1.312722400000000000e+01
4.000637527651999648e+01,-8.303699123399999849e+01,-3.549999999999999684e-02,-3.232299999999999951e+00,3.706998561408800241e-01,6.083231746662399742e-01,7.824168157822000702e-02,-2.644334070000000092e-01,-7.535161519999999946e-01,2.693026433699999984e+02,2.024000000000000000e+03,1.100000000000000000e+01,1.400000000000000000e+01,1.300000000000000000e+01,4.300000000000000000e+01,1.319069000000000003e+01
4.000637525070000322e+01,-8.303699389266000708e+01,-3.599999999999999728e-02,-3.258300000000000196e+00,4.054951225894000422e-02,7.512364594092799663e-01,1.705109007328400039e-01,-2.665540270000000267e-01,-7.875242940000000136e-01,2.693998992990000261e+02,2.024000000000000000e+03,1.100000000000000000e+01,1.400000000000000000e+01,1.300000000000000000e+01,4.300000000000000000e+01,1.325409400000000026e+01
4.000637522908999699e+01,-8.303699618923999992e+01,-3.339999999999999913e-02,-3.283100000000000129e+00,1.327507022292200023e-01,8.414606594193000388e-01,-2.465582082851000001e-01,-2.778504179999999879e-01,-8.245981009999999722e-01,2.694818377949999899e+02,2.024000000000000000e+03,1.100000000000000000e+01,1.400000000000000000e+01,1.300000000000000000e+01,4.300000000000000000e+01,1.331511399999999945e+01
4.000637521211000092e+01,-8.303699811673999420e+01,-3.209999999999999659e-02,-3.304199999999999804e+00,8.098713975059999848e-02,8.186580232664000256e-01,-3.232552857936999979e-01,-2.779366420000000115e-01,-8.614570070000000523e-01,2.695470483770000101e+02,2.024000000000000000e+03,1.100000000000000000e+01,1.400000000000000000e+01,1.300000000000000000e+01,4.300000000000000000e+01,1.337669600000000081e+01
4.000637518871999987e+01,-8.303700082913999836e+01,-3.189999999999999780e-02,-3.318499999999999783e+00,2.474949378100000166e-02,4.130771543407799617e-01,-2.405462470522000060e-02,-2.767523889999999875e-01,-9.097513080000000363e-01,2.696339774150000039e+02,2.024000000000000000e+03,1.100000000000000000e+01,1.400000000000000000e+01,1.300000000000000000e+01,4.300000000000000000e+01,1.343795300000000026e+01
4.000637517020000189e+01,-8.303700316280000493e+01,-2.829999999999999877e-02,-3.327999999999999847e+00,1.037045611009400070e-01,3.124006514311600258e-01,1.336604174468000172e-01,-2.854569579999999829e-01,-9.255380650000000209e-01,2.697095015520000061e+02,2.024000000000000000e+03,1.100000000000000000e+01,1.400000000000000000e+01,1.300000000000000000e+01,4.300000000000000000e+01,1.349863599999999941e+01
4.000637515590000248e+01,-8.303700550441999439e+01,-1.700000000000000122e-02,-3.342299999999999827e+00,3.757334938913599598e-01,5.143805737282399759e-01,5.407190666767999754e-02,-2.891492769999999823e-01,-9.170762569999999503e-01,2.697894467529999929e+02,2.024000000000000000e+03,1.100000000000000000e+01,1.400000000000000000e+01,1.300000000000000000e+01,4.300000000000000000e+01,1.355917299999999948e+01
4.000637514422999885e+01,-8.303700786017999746e+01,-1.540000000000000049e-02,-3.366899999999999782e+00,1.349435032460200024e-01,8.391424308702599699e-01,-1.265700891253999927e-02,-2.874193449999999928e-01,-9.105625440000000292e-01,2.698798292430000174e+02,2.024000000000000000e+03,1.100000000000000000e+01,1.400000000000000000e+01,1.300000000000000000e+01,4.300000000000000000e+01,1.362015899999999924e+01
4.000637513699999914e+01,-8.303701023505000478e+01,-7.300000000000000065e-03,-3.396199999999999886e+00,1.172969219216599968e-01,9.443635423661200790e-01,-8.529198564843999686e-02,-2.828077460000000265e-01,-9.295294870000000431e-01,2.699711875099999929e+02,2.024000000000000000e+03,1.100000000000000000e+01,1.400000000000000000e+01,1.300000000000000000e+01,4.300000000000000000e+01,1.368159400000000048e+01
4.000637513013000301e+01,-8.303701302701999509e+01,-5.100000000000000366e-03,-3.417400000000000215e+00,2.514540862664000134e-02,6.202812370591399560e-01,-3.388641491905999836e-02,-2.921391320000000236e-01,-9.760983570000000276e-01,2.700810085530000038e+02,2.024000000000000000e+03,1.100000000000000000e+01,1.400000000000000000e+01,1.300000000000000000e+01,4.300000000000000000e+01,1.374300400000000089e+01
4.000637512795999839e+01,-8.303701542752000364e+01,2.500000000000000052e-03,-3.420599999999999863e+00,1.813789251304800121e-01,1.320768137251199792e-01,-2.589189612190599954e-01,-3.045025989999999849e-01,-9.897255830000000199e-01,2.701823774060000005e+02,2.024000000000000000e+03,1.100000000000000000e+01,1.400000000000000000e+01,1.300000000000000000e+01,4.300000000000000000e+01,1.380461999999999989e+01
4.000637512952999941e+01,-8.303701743066000063e+01,1.209999999999999964e-02,-3.427299999999999791e+00,3.996721436195799781e-01,3.416231829313400303e-01,-1.919045124739600094e-01,-3.090588320000000055e-01,-9.658343120000000281e-01,2.702696117419999950e+02,2.024000000000000000e+03,1.100000000000000000e+01,1.400000000000000000e+01,1.300000000000000000e+01,4.300000000000000000e+01,1.386502400000000002e+01
4.000637513176999960e+01,-8.303701823356999512e+01,1.820000000000000090e-02,-3.431599999999999984e+00,5.297469613358999352e-01,3.967715129693400455e-01,-9.750063593468000223e-02,-3.084825889999999737e-01,-9.575635780000000263e-01,2.703050779899999725e+02,2.024000000000000000e+03,1.100000000000000000e+01,1.400000000000000000e+01,1.300000000000000000e+01,4.300000000000000000e+01,1.392663100000000043e+01
4.000637515491000329e+01,-8.303702227415999459e+01,4.009999999999999676e-02,-3.475099999999999856e+00,4.555363515879799485e-01,9.553018339973599060e-01,-5.830229509759999977e-03,-2.754437590000000102e-01,-9.240166589999999625e-01,2.704692584050000050e+02,2.024000000000000000e+03,1.100000000000000000e+01,1.400000000000000000e+01,1.300000000000000000e+01,4.300000000000000000e+01,1.398984399999999972e+01
4.000637517695000156e+01,-8.303702471753000225e+01,4.209999999999999853e-02,-3.496500000000000163e+00,2.515618933156800185e-01,7.812198150616399550e-01,8.248293240920000213e-02,-2.571470779999999734e-01,-9.411625660000000337e-01,2.705618129920000001e+02,2.024000000000000000e+03,1.100000000000000000e+01,1.400000000000000000e+01,1.300000000000000000e+01,4.300000000000000000e+01,1.405579999999999963e+01
4.000637520760000143e+01,-8.303702799314000060e+01,4.290000000000000063e-02,-3.512300000000000200e+00,-2.762201622573999885e-02,3.332487400445399706e-01,-1.321852323031399989e-01,-2.364610229999999924e-01,-9.567636229999999520e-01,2.706827988690000097e+02,2.024000000000000000e+03,1.100000000000000000e+01,1.400000000000000000e+01,1.300000000000000000e+01,4.300000000000000000e+01,1.411813700000000082e+01
4.000637522678000124e+01,-8.303703045973000485e+01,3.160000000000000309e-02,-3.525100000000000122e+00,-2.974979886468799850e-01,4.282430418062000421e-01,-5.532048128548000543e-02,-2.299221820000000027e-01,-9.486221200000000131e-01,2.707757464300000265e+02,2.024000000000000000e+03,1.100000000000000000e+01,1.400000000000000000e+01,1.300000000000000000e+01,4.300000000000000000e+01,1.418000600000000055e+01
4.000637524132000067e+01,-8.303703294087999609e+01,2.639999999999999986e-02,-3.551400000000000112e+00,-9.338460662309999716e-02,8.277085229327000304e-01,1.640777372670799983e-01,-2.555675689999999944e-01,-9.519727959999999545e-01,2.708595836399999826e+02,2.024000000000000000e+03,1.100000000000000000e+01,1.400000000000000000e+01,1.300000000000000000e+01,4.300000000000000000e+01,1.424096300000000070e+01
4.000637525615999834e+01,-8.303703543797999487e+01,3.049999999999999933e-02,-3.571299999999999919e+00,1.230976571787600060e-01,6.277347270883399943e-01,3.332107002635800175e-01,-2.916407360000000115e-01,-9.851068330000000151e-01,2.709356069730000058e+02,2.024000000000000000e+03,1.100000000000000000e+01,1.400000000000000000e+01,1.300000000000000000e+01,4.300000000000000000e+01,1.430138200000000026e+01
4.000637527546000172e+01,-8.303703794733999644e+01,4.170000000000000095e-02,-3.586500000000000021e+00,3.259771424061000400e-01,4.915582798759399741e-01,7.466381476222000435e-02,-3.282234560000000245e-01,-1.022909223999999950e+00,2.710097049749999769e+02,2.024000000000000000e+03,1.100000000000000000e+01,1.400000000000000000e+01,1.300000000000000000e+01,4.300000000000000000e+01,1.436287699999999923e+01
4.000637530062000025e+01,-8.303704046305000475e+01,5.340000000000000302e-02,-3.588600000000000012e+00,4.012039208356199538e-01,2.300115378011999973e-02,-8.394779278110001131e-02,-3.538282380000000171e-01,-1.048213526999999923e+00,2.710896483820000071e+02,2.024000000000000000e+03,1.100000000000000000e+01,1.400000000000000000e+01,1.300000000000000000e+01,4.300000000000000000e+01,1.442389000000000010e+01
4.000637533831999804e+01,-8.303704339940999546e+01,6.900000000000000577e-02,-3.592600000000000016e+00,5.068540549518999461e-01,2.465225325472000240e-01,-6.934951344452000566e-02,-3.623325290000000143e-01,-1.026438154000000047e+00,2.711863467499999842e+02,2.024000000000000000e+03,1.100000000000000000e+01,1.400000000000000000e+01,1.300000000000000000e+01,4.300000000000000000e+01,1.448515500000000067e+01
4.000637537786000308e+01,-8.303704592395999384e+01,7.799999999999999989e-02,-3.608200000000000074e+00,2.584236946904600041e-01,5.819734695305399663e-01,-7.567494898600000313e-04,-3.505232340000000169e-01,-1.001036048000000012e+00,2.712656601350000187e+02,2.024000000000000000e+03,1.100000000000000000e+01,1.400000000000000000e+01,1.300000000000000000e+01,4.300000000000000000e+01,1.454632100000000072e+01
4.000637542036000127e+01,-8.303704845736000095e+01,7.960000000000000409e-02,-3.616699999999999804e+00,8.911203618400000397e-04,2.579750761405200099e-01,2.761608212395599837e-01,-3.478214490000000048e-01,-9.944890450000000159e-01,2.713424460769999769e+02,2.024000000000000000e+03,1.100000000000000000e+01,1.400000000000000000e+01,1.300000000000000000e+01,4.300000000000000000e+01,1.460830799999999918e+01
4.000637546747999806e+01,-8.303705141812000079e+01,7.180000000000000271e-02,-3.622100000000000097e+00,-1.827180335498199970e-01,1.976514915345999879e-01,6.776884800199999524e-04,-3.757249759999999883e-01,-9.775795800000000035e-01,2.714394746009999722e+02,2.024000000000000000e+03,1.100000000000000000e+01,1.400000000000000000e+01,1.300000000000000000e+01,4.300000000000000000e+01,1.467388000000000048e+01
4.000637550967999800e+01,-8.303705395926999699e+01,8.319999999999999618e-02,-3.625100000000000211e+00,3.202480112274999624e-01,1.481237253727800129e-01,-7.282643573138000703e-02,-3.933446019999999876e-01,-9.576114589999999982e-01,2.715354002959999775e+02,2.024000000000000000e+03,1.100000000000000000e+01,1.400000000000000000e+01,1.300000000000000000e+01,4.300000000000000000e+01,1.473639200000000038e+01
4.000637555515000088e+01,-8.303705650448000597e+01,8.359999999999999376e-02,-3.631499999999999950e+00,-1.249134191178800091e-01,1.730483134370399967e-01,-1.477504040210000091e-01,-3.960710310000000178e-01,-9.375209930000000247e-01,2.716460808009999823e+02,2.024000000000000000e+03,1.100000000000000000e+01,1.400000000000000000e+01,1.300000000000000000e+01,4.300000000000000000e+01,1.479660800000000087e+01
4.000637560044999930e+01,-8.303705905334000192e+01,8.530000000000000082e-02,-3.635400000000000187e+00,3.338099483287999825e-02,1.070082022769400093e-01,-2.109043303711399808e-01,-4.314772940000000112e-01,-9.182370829999999540e-01,2.717542312240000228e+02,2.024000000000000000e+03,1.100000000000000000e+01,1.400000000000000000e+01,1.300000000000000000e+01,4.300000000000000000e+01,1.485478499999999968e+01
4.000637560847000174e+01,-8.303705947826999534e+01,8.840000000000000635e-02,-3.635400000000000187e+00,1.901255717502400022e-01,7.957198768791999555e-02,-1.169537103290000102e-01,-4.383628809999999820e-01,-9.133357589999999693e-01,2.717713071009999908e+02,2.024000000000000000e+03,1.100000000000000000e+01,1.400000000000000000e+01,1.300000000000000000e+01,4.300000000000000000e+01,1.491570899999999966e+01
4.000637567137999895e+01,-8.303706245524000451e+01,1.079999999999999988e-01,-3.639800000000000146e+00,4.578584455956200006e-01,1.351042987936599826e-01,-5.409635315459999927e-02,-4.702815499999999926e-01,-8.838010739999999643e-01,2.718857766300000094e+02,2.024000000000000000e+03,1.100000000000000000e+01,1.400000000000000000e+01,1.300000000000000000e+01,4.300000000000000000e+01,1.497685000000000066e+01
4.000637576129999928e+01,-8.303706629293000674e+01,1.155000000000000054e-01,-3.648899999999999810e+00,2.154491154791599861e-01,2.271491498507199891e-01,-3.590332948250000294e-02,-4.990802019999999728e-01,-8.363489330000000166e-01,2.720263683659999856e+02,2.024000000000000000e+03,1.100000000000000000e+01,1.400000000000000000e+01,1.300000000000000000e+01,4.300000000000000000e+01,1.503824000000000005e+01
4.000637583342999903e+01,-8.303706928568000478e+01,1.149000000000000021e-01,-3.651499999999999968e+00,1.125934977287200017e-01,3.303010184805999644e-02,-7.585997031707999994e-02,-5.340993029999999697e-01,-8.029081660000000342e-01,2.721287630339999737e+02,2.024000000000000000e+03,1.100000000000000000e+01,1.400000000000000000e+01,1.300000000000000000e+01,4.300000000000000000e+01,1.509926399999999980e+01
4.000637589923999826e+01,-8.303707185192999418e+01,1.250000000000000000e-01,-3.654500000000000082e+00,2.674734841581000166e-01,1.496721020697600046e-01,4.595516772024800245e-01,-5.529327659999999645e-01,-7.658886740000000470e-01,2.722020766869999875e+02,2.024000000000000000e+03,1.100000000000000000e+01,1.400000000000000000e+01,1.300000000000000000e+01,4.300000000000000000e+01,1.516182399999999930e+01
4.000637596885000136e+01,-8.303707442338999556e+01,1.282000000000000084e-01,-3.664299999999999891e+00,-2.510590577282000371e-02,3.051861122926999847e-01,4.000697156089800255e-01,-5.534982769999999830e-01,-7.432500330000000321e-01,2.722589424120000103e+02,2.024000000000000000e+03,1.100000000000000000e+01,1.400000000000000000e+01,1.300000000000000000e+01,4.300000000000000000e+01,1.522402100000000047e+01
4.000637604842999906e+01,-8.303707743399000663e+01,1.212000000000000022e-01,-3.679300000000000015e+00,-2.768483169313999959e-01,3.637049916771599722e-01,1.626009531526400043e-01,-5.730935860000000437e-01,-7.462873610000000379e-01,2.723071382080000262e+02,2.024000000000000000e+03,1.100000000000000000e+01,1.400000000000000000e+01,1.300000000000000000e+01,4.300000000000000000e+01,1.528583000000000069e+01
4.000637611447999831e+01,-8.303708002164999868e+01,1.194000000000000061e-01,-3.685400000000000009e+00,-1.607318000585399864e-01,1.348938962273399933e-01,3.316340808248199878e-01,-6.005886280000000133e-01,-7.753615310000000482e-01,2.723408636969999748e+02,2.024000000000000000e+03,1.100000000000000000e+01,1.400000000000000000e+01,1.300000000000000000e+01,4.300000000000000000e+01,1.534749899999999911e+01
4.000637617601999807e+01,-8.303708260717000655e+01,1.089999999999999997e-01,-3.674500000000000099e+00,-2.884140949170199697e-01,-3.998819155136600356e-01,1.712407486241599996e-01,-6.390688049999999620e-01,-7.936622469999999874e-01,2.723770682159999978e+02,2.024000000000000000e+03,1.100000000000000000e+01,1.400000000000000000e+01,1.300000000000000000e+01,4.300000000000000000e+01,1.540884100000000068e+01
4.000637625107000162e+01,-8.303708561518000408e+01,1.264000000000000123e-01,-3.664899999999999824e+00,5.076773152557599866e-01,-2.377988040055800112e-01,7.588165504443999954e-02,-6.721636370000000360e-01,-7.739442399999999500e-01,2.724129026109999927e+02,2.024000000000000000e+03,1.100000000000000000e+01,1.400000000000000000e+01,1.300000000000000000e+01,4.300000000000000000e+01,1.547430800000000062e+01
4.000637632290000312e+01,-8.303708818970000038e+01,1.360000000000000098e-01,-3.663300000000000001e+00,2.459259032588000105e-01,-3.866160189023999660e-02,-1.547265346825200116e-01,-6.786849889999999608e-01,-7.408839289999999966e-01,2.724334072880000122e+02,2.024000000000000000e+03,1.100000000000000000e+01,1.400000000000000000e+01,1.300000000000000000e+01,4.300000000000000000e+01,1.553657699999999942e+01
4.000637639864999784e+01,-8.303709076481999318e+01,1.446999999999999953e-01,-3.665999999999999925e+00,3.622338651409000021e-01,8.132729976051999987e-02,-1.783973113759200202e-01,-6.845881780000000472e-01,-7.091276210000000413e-01,2.724525740519999886e+02,2.024000000000000000e+03,1.100000000000000000e+01,1.400000000000000000e+01,1.300000000000000000e+01,4.300000000000000000e+01,1.559783599999999915e+01
4.000637647829999821e+01,-8.303709333893000633e+01,1.496000000000000107e-01,-3.662799999999999834e+00,1.676474632602800163e-01,-3.726125510149999598e-02,-3.725804222512800190e-01,-6.747979149999999704e-01,-6.731918049999999765e-01,2.724742462209999871e+02,2.024000000000000000e+03,1.100000000000000000e+01,1.400000000000000000e+01,1.300000000000000000e+01,4.300000000000000000e+01,1.565949099999999916e+01
4.000637656775000295e+01,-8.303709634122000693e+01,1.366999999999999882e-01,-3.660899999999999821e+00,-2.907145601446399774e-01,-1.142823187277200170e-01,-2.926291918836400052e-01,-6.760619469999999964e-01,-6.223520209999999775e-01,2.725021975799999723e+02,2.024000000000000000e+03,1.100000000000000000e+01,1.400000000000000000e+01,1.300000000000000000e+01,4.300000000000000000e+01,1.572487199999999952e+01
4.000637664255999937e+01,-8.303709891279000033e+01,1.373999999999999944e-01,-3.660499999999999865e+00,-5.895681293920000156e-03,5.760236958558000164e-02,-2.004601237686000001e-02,-6.858899969999999735e-01,-5.638152360000000529e-01,2.725217327309999860e+02,2.024000000000000000e+03,1.100000000000000000e+01,1.400000000000000000e+01,1.300000000000000000e+01,4.300000000000000000e+01,1.578691899999999926e+01
4.000637671410999729e+01,-8.303710148627000365e+01,1.295000000000000040e-01,-3.663899999999999935e+00,-1.431749543886599862e-01,6.491713306254000282e-02,1.812827357587399879e-01,-6.907982849999999564e-01,-5.137143560000000386e-01,2.725387016910000284e+02,2.024000000000000000e+03,1.100000000000000000e+01,1.400000000000000000e+01,1.300000000000000000e+01,4.300000000000000000e+01,1.585164900000000010e+01
4.000637672586999827e+01,-8.303710191545999919e+01,1.295000000000000040e-01,-3.664899999999999824e+00,-7.956786220571999968e-02,1.033650906793200097e-01,7.129702337606000362e-02,-6.950955189999999950e-01,-5.049265499999999740e-01,2.725400116179999941e+02,2.024000000000000000e+03,1.100000000000000000e+01,1.400000000000000000e+01,1.300000000000000000e+01,4.300000000000000000e+01,1.591355500000000056e+01
4.000637681847000238e+01,-8.303710534930999643e+01,1.282000000000000084e-01,-3.665700000000000180e+00,1.876792598906000184e-02,1.140377148016000035e-02,1.528651865287399825e-01,-7.195127420000000384e-01,-4.475306840000000119e-01,2.725418815649999829e+02,2.024000000000000000e+03,1.100000000000000000e+01,1.400000000000000000e+01,1.300000000000000000e+01,4.300000000000000000e+01,1.597614800000000024e+01
4.000637691232000037e+01,-8.303710878545000185e+01,1.320000000000000062e-01,-3.670599999999999863e+00,7.956748587460000383e-03,1.478255725417600142e-01,-1.859624312505400168e-01,-7.426869379999999632e-01,-3.959240609999999938e-01,2.725316945310000278e+02,2.024000000000000000e+03,1.100000000000000000e+01,1.400000000000000000e+01,1.300000000000000000e+01,4.300000000000000000e+01,1.603862700000000174e+01
4.000637700482000270e+01,-8.303711222284999849e+01,1.310999999999999943e-01,-3.670700000000000074e+00,3.816709603960000141e-02,7.959592592913999898e-02,1.078036949010000023e-01,-7.678417539999999875e-01,-3.483089240000000197e-01,2.725260154489999991e+02,2.024000000000000000e+03,1.100000000000000000e+01,1.400000000000000000e+01,1.300000000000000000e+01,4.300000000000000000e+01,1.610036900000000060e+01
4.000637707501999785e+01,-8.303711480750000362e+01,1.295999999999999930e-01,-3.687500000000000000e+00,-2.136837968888599948e-01,5.718649821424000024e-01,2.713436202762999905e-01,-7.753784059999999645e-01,-3.388228930000000139e-01,2.725218519229999856e+02,2.024000000000000000e+03,1.100000000000000000e+01,1.400000000000000000e+01,1.300000000000000000e+01,4.300000000000000000e+01,1.616339200000000176e+01
4.000637716002999866e+01,-8.303711783286999548e+01,1.464000000000000024e-01,-3.689200000000000035e+00,5.973010439663999360e-01,-1.677086358461200022e-01,2.267609466747999847e-01,-7.809397369999999672e-01,-3.825491019999999742e-01,2.725096997470000133e+02,2.024000000000000000e+03,1.100000000000000000e+01,1.400000000000000000e+01,1.300000000000000000e+01,4.300000000000000000e+01,1.622577199999999920e+01
4.000637723818000069e+01,-8.303712042118999648e+01,1.481000000000000094e-01,-3.680400000000000116e+00,6.664679034907999844e-02,-2.610100651887400369e-01,-1.493444505294000066e-02,-7.535748180000000351e-01,-3.969159899999999963e-01,2.724924671069999818e+02,2.024000000000000000e+03,1.100000000000000000e+01,1.400000000000000000e+01,1.300000000000000000e+01,4.300000000000000000e+01,1.628767300000000162e+01
4.000637732802999835e+01,-8.303712343937999663e+01,1.406999999999999917e-01,-3.684400000000000119e+00,-2.984153411840799741e-01,7.369127907767999974e-02,-2.376156313045999988e-02,-7.309225209999999917e-01,-3.998580079999999870e-01,2.724763310409999804e+02,2.024000000000000000e+03,1.100000000000000000e+01,1.400000000000000000e+01,1.300000000000000000e+01,4.300000000000000000e+01,1.635242699999999871e+01
4.000637738905999896e+01,-8.303712559801999760e+01,1.333000000000000018e-01,-3.690199999999999925e+00,-3.600822181500600294e-01,2.355195607901000021e-01,-2.453480153759399762e-01,-7.285750260000000145e-01,-4.087283620000000117e-01,2.724738015600000267e+02,2.024000000000000000e+03,1.100000000000000000e+01,1.400000000000000000e+01,1.300000000000000000e+01,4.300000000000000000e+01,1.641488700000000023e+01
4.000637746862999933e+01,-8.303712862346000634e+01,1.260000000000000009e-01,-3.693000000000000060e+00,-6.354266024092000698e-02,9.385496881337999919e-02,1.011130351148999962e-01,-7.408504360000000011e-01,-4.375293570000000076e-01,2.724793131700000117e+02,2.024000000000000000e+03,1.100000000000000000e+01,1.400000000000000000e+01,1.300000000000000000e+01,4.300000000000000000e+01,1.647691000000000017e+01
4.000637753649999695e+01,-8.303713121417000309e+01,1.270999999999999908e-01,-3.683100000000000041e+00,-2.543972277489999975e-02,-3.218664099954999802e-01,-1.144311710143599975e-01,-7.535741479999999992e-01,-4.494736040000000266e-01,2.724800056679999898e+02,2.024000000000000000e+03,1.100000000000000000e+01,1.400000000000000000e+01,1.300000000000000000e+01,4.300000000000000000e+01,1.653796799999999934e+01
4.000637760200000059e+01,-8.303713380050000126e+01,1.203999999999999931e-01,-3.680299999999999905e+00,-1.960975265906799714e-01,-7.435673532485999326e-02,1.660495880323800133e-01,-7.796783699999999540e-01,-4.367501979999999784e-01,2.724796254529999828e+02,2.024000000000000000e+03,1.100000000000000000e+01,1.400000000000000000e+01,1.300000000000000000e+01,4.300000000000000000e+01,1.659991399999999828e+01
4.000637766791999894e+01,-8.303713638646999584e+01,1.279000000000000137e-01,-3.680899999999999839e+00,2.951343579297600050e-01,2.570063090308000175e-02,1.294026194939199848e-01,-8.084845590000000470e-01,-4.219179419999999903e-01,2.724803859479999915e+02,2.024000000000000000e+03,1.100000000000000000e+01,1.400000000000000000e+01,1.300000000000000000e+01,4.300000000000000000e+01,1.666213399999999822e+01
4.000637775076999958e+01,-8.303713940452999509e+01,1.383999999999999952e-01,-3.683300000000000018e+00,2.871950999722799880e-01,9.788252105108000145e-02,-1.355502722277600047e-01,-8.119366730000000532e-01,-4.092280790000000223e-01,2.724853002869999727e+02,2.024000000000000000e+03,1.100000000000000000e+01,1.400000000000000000e+01,1.300000000000000000e+01,4.300000000000000000e+01,1.672397499999999937e+01
4.000637782420000121e+01,-8.303714199354000414e+01,1.378000000000000058e-01,-3.688200000000000145e+00,1.573921518199999882e-03,2.036729147325800071e-01,1.501091442226600015e-01,-8.125684779999999829e-01,-4.052675159999999943e-01,2.724923096169999894e+02,2.024000000000000000e+03,1.100000000000000000e+01,1.400000000000000000e+01,1.300000000000000000e+01,4.300000000000000000e+01,1.678575100000000120e+01
4.000637789982000214e+01,-8.303714458509999474e+01,1.451000000000000068e-01,-3.688899999999999846e+00,2.589897420032000186e-01,4.812550876459999703e-03,-1.846326956557199916e-01,-8.129026459999999510e-01,-4.118580600000000258e-01,2.725051666129999717e+02,2.024000000000000000e+03,1.100000000000000000e+01,1.400000000000000000e+01,1.300000000000000000e+01,4.300000000000000000e+01,1.684727099999999922e+01
4.000637792548999983e+01,-8.303714544857000135e+01,1.448000000000000120e-01,-3.686700000000000088e+00,1.217493120497199904e-01,-1.090639818976000125e-01,-2.137078010919400139e-01,-8.099975839999999927e-01,-4.114322779999999846e-01,2.725122045210000010e+02,2.024000000000000000e+03,1.100000000000000000e+01,1.400000000000000000e+01,1.300000000000000000e+01,4.300000000000000000e+01,1.690860899999999845e+01
4.000637800118000342e+01,-8.303714803706000680e+01,1.416999999999999926e-01,-3.683199999999999807e+00,1.237251322962000001e-02,-7.608702449026000236e-02,-2.558538099436200031e-01,-8.011024879999999460e-01,-3.912890709999999883e-01,2.725362137399999938e+02,2.024000000000000000e+03,1.100000000000000000e+01,1.400000000000000000e+01,1.300000000000000000e+01,4.300000000000000000e+01,1.697091899999999853e+01
4.000637813141000265e+01,-8.303715235504000702e+01,1.416000000000000036e-01,-3.686900000000000066e+00,-5.921705579984000434e-02,-7.382689793801999745e-02,1.282240324396199949e-01,-7.958087849999999630e-01,-3.746565310000000149e-01,2.725842200230000003e+02,2.024000000000000000e+03,1.100000000000000000e+01,1.400000000000000000e+01,1.300000000000000000e+01,4.300000000000000000e+01,1.703338099999999855e+01
4.000637822533000332e+01,-8.303715537524000467e+01,1.506000000000000116e-01,-3.682500000000000107e+00,2.922927835923200268e-01,-9.240557636714000211e-02,1.063877658461799963e-01,-8.095366019999999940e-01,-3.459707890000000008e-01,2.726241475030000174e+02,2.024000000000000000e+03,1.100000000000000000e+01,1.400000000000000000e+01,1.300000000000000000e+01,4.300000000000000000e+01,1.709525000000000006e+01
4.000637830867999867e+01,-8.303715796477999334e+01,1.517000000000000015e-01,-3.689299999999999802e+00,-1.558574861181999914e-02,2.743690553503800311e-01,3.722901765643999578e-02,-8.147898009999999802e-01,-3.174121229999999905e-01,2.726689781270000026e+02,2.024000000000000000e+03,1.100000000000000000e+01,1.400000000000000000e+01,1.300000000000000000e+01,4.300000000000000000e+01,1.715675999999999846e+01
4.000637839326999767e+01,-8.303716056396000056e+01,1.554000000000000103e-01,-3.707399999999999807e+00,6.753443334024000766e-02,5.860968682568800103e-01,6.114059423645999691e-02,-8.222856610000000011e-01,-3.253255609999999853e-01,2.727219793900000013e+02,2.024000000000000000e+03,1.100000000000000000e+01,1.400000000000000000e+01,1.300000000000000000e+01,4.300000000000000000e+01,1.722300800000000010e+01
4.000637849862000195e+01,-8.303716360138000141e+01,1.695000000000000118e-01,-3.702799999999999869e+00,2.725285245391000366e-01,-1.524438317620200045e-01,1.670611084423000159e-01,-8.118596590000000113e-01,-3.613294409999999734e-01,2.727844065610000257e+02,2.024000000000000000e+03,1.100000000000000000e+01,1.400000000000000000e+01,1.300000000000000000e+01,4.300000000000000000e+01,1.728500000000000014e+01
4.000637858878999964e+01,-8.303716620241999635e+01,1.595000000000000029e-01,-3.701900000000000190e+00,-3.597053263270799661e-01,9.674149071780000289e-03,2.000751872579400181e-01,-8.145062349999999673e-01,-3.722784089999999768e-01,2.728404014490000122e+02,2.024000000000000000e+03,1.100000000000000000e+01,1.400000000000000000e+01,1.300000000000000000e+01,4.300000000000000000e+01,1.735159600000000069e+01
4.000637867673000159e+01,-8.303716880736000405e+01,1.638000000000000012e-01,-3.710900000000000087e+00,2.858239190728599777e-01,2.673978102545799818e-01,9.797586800889999947e-02,-8.482328829999999931e-01,-3.940620730000000127e-01,2.728971427810000137e+02,2.024000000000000000e+03,1.100000000000000000e+01,1.400000000000000000e+01,1.300000000000000000e+01,4.300000000000000000e+01,1.741426099999999977e+01
4.000637878461999719e+01,-8.303717185444999416e+01,1.718000000000000083e-01,-3.721699999999999786e+00,1.523421233893000049e-01,2.913002096647600014e-01,-1.240975153933200070e-01,-8.519422709999999732e-01,-4.493039850000000168e-01,2.729699324850000153e+02,2.024000000000000000e+03,1.100000000000000000e+01,1.400000000000000000e+01,1.300000000000000000e+01,4.300000000000000000e+01,1.747676299999999827e+01
4.000637887639999946e+01,-8.303717447136999397e+01,1.652000000000000135e-01,-3.725600000000000023e+00,-1.708534819692600071e-01,7.219443669503999850e-02,-1.350078763468199883e-01,-8.676555190000000417e-01,-5.119895869999999682e-01,2.730364262960000019e+02,2.024000000000000000e+03,1.100000000000000000e+01,1.400000000000000000e+01,1.300000000000000000e+01,4.300000000000000000e+01,1.753850800000000021e+01
4.000637896879000266e+01,-8.303717708723999635e+01,1.726000000000000034e-01,-3.719899999999999984e+00,3.026296951138799929e-01,-1.798363922487599964e-01,-1.012863380903600008e-01,-9.088852589999999454e-01,-5.646448290000000148e-01,2.730970296529999928e+02,2.024000000000000000e+03,1.100000000000000000e+01,1.400000000000000000e+01,1.300000000000000000e+01,4.300000000000000000e+01,1.760026900000000083e+01
4.000637906517000175e+01,-8.303717969836999657e+01,1.824999999999999956e-01,-3.712299999999999933e+00,4.687928153068400272e-01,-2.325201481372800028e-01,-1.487206057886600041e-01,-9.408312519999999513e-01,-5.906589639999999530e-01,2.731531731970000010e+02,2.024000000000000000e+03,1.100000000000000000e+01,1.400000000000000000e+01,1.300000000000000000e+01,4.300000000000000000e+01,1.766340399999999988e+01
4.000637918721000119e+01,-8.303718274067999516e+01,1.963000000000000023e-01,-3.711500000000000021e+00,2.087646853594399832e-01,8.012324554031999280e-02,3.565208884015999558e-02,-9.349083009999999971e-01,-6.020387910000000176e-01,2.732157309680000026e+02,2.024000000000000000e+03,1.100000000000000000e+01,1.400000000000000000e+01,1.300000000000000000e+01,4.300000000000000000e+01,1.772566600000000037e+01
4.000637928924999898e+01,-8.303718534332999468e+01,1.819000000000000061e-01,-3.701200000000000045e+00,-3.043154061646599629e-01,-1.823815260936799965e-01,1.572233084841000161e-01,-9.558851980000000470e-01,-5.947895119999999647e-01,2.732658478139999829e+02,2.024000000000000000e+03,1.100000000000000000e+01,1.400000000000000000e+01,1.300000000000000000e+01,4.300000000000000000e+01,1.778806900000000013e+01
4.000637939157999767e+01,-8.303718794268000636e+01,1.905999999999999917e-01,-3.694900000000000073e+00,2.937311539424800055e-01,-2.835538110827000025e-01,3.723114004410799649e-01,-9.910087709999999550e-01,-5.812241390000000285e-01,2.733098964409999780e+02,2.024000000000000000e+03,1.100000000000000000e+01,1.400000000000000000e+01,1.300000000000000000e+01,4.300000000000000000e+01,1.785106599999999943e+01
4.000637940925999914e+01,-8.303718837569999778e+01,1.940999999999999948e-01,-3.695500000000000007e+00,4.411713403315599691e-01,-1.400933012854800042e-01,2.453324339261000187e-01,-9.957836839999999468e-01,-5.755818900000000404e-01,2.733163139189999811e+02,2.024000000000000000e+03,1.100000000000000000e+01,1.400000000000000000e+01,1.300000000000000000e+01,4.300000000000000000e+01,1.790858000000000061e+01
4.000637955431999870e+01,-8.303719183616000521e+01,1.995000000000000107e-01,-3.693000000000000060e+00,-7.362208628336000538e-02,1.707631803028000078e-02,-4.194249949523399801e-01,-9.754140980000000072e-01,-5.317226489999999917e-01,2.733745683689999737e+02,2.024000000000000000e+03,1.100000000000000000e+01,1.400000000000000000e+01,1.300000000000000000e+01,4.300000000000000000e+01,1.797340000000000160e+01
4.000637971550000316e+01,-8.303719573067000681e+01,1.983999999999999930e-01,-3.694399999999999906e+00,5.778790534420000236e-03,3.605356256429999989e-02,-1.507963090779400051e-01,-9.848451910000000087e-01,-4.908220010000000078e-01,2.734468164659999729e+02,2.024000000000000000e+03,1.100000000000000000e+01,1.400000000000000000e+01,1.300000000000000000e+01,4.300000000000000000e+01,1.803650599999999926e+01
4.000637984051999752e+01,-8.303719875711999521e+01,2.016999999999999904e-01,-3.685999999999999943e+00,1.462148719250200013e-01,-1.758872645673800195e-01,-1.742183871273400020e-01,-1.008691299000000097e+00,-4.511548309999999784e-01,2.735000373810000269e+02,2.024000000000000000e+03,1.100000000000000000e+01,1.400000000000000000e+01,1.300000000000000000e+01,4.300000000000000000e+01,1.809837100000000021e+01
4.000637995612999731e+01,-8.303720134642000517e+01,2.217999999999999972e-01,-3.679600000000000204e+00,4.601575463891799944e-01,-1.520989931869800027e-01,-3.519648469107000133e-01,-9.899950880000000231e-01,-3.988658560000000186e-01,2.735400581519999719e+02,2.024000000000000000e+03,1.100000000000000000e+01,1.400000000000000000e+01,1.300000000000000000e+01,4.300000000000000000e+01,1.816355599999999981e+01
4.000638009664000094e+01,-8.303720435917000486e+01,2.212999999999999967e-01,-3.666100000000000136e+00,-1.370222094085999931e-01,-3.923372980771600016e-01,-1.186267654566800084e-01,-9.510217149999999897e-01,-3.126625920000000169e-01,2.735795583550000174e+02,2.024000000000000000e+03,1.100000000000000000e+01,1.400000000000000000e+01,1.300000000000000000e+01,4.300000000000000000e+01,1.822936899999999838e+01
4.000638021369999819e+01,-8.303720693434999589e+01,2.149000000000000077e-01,-3.658700000000000063e+00,-1.515233676617999958e-01,-2.673984059031800364e-01,8.441547101934000763e-02,-9.542915650000000083e-01,-2.092445189999999899e-01,2.736124471269999958e+02,2.024000000000000000e+03,1.100000000000000000e+01,1.400000000000000000e+01,1.300000000000000000e+01,4.300000000000000000e+01,1.829172200000000004e+01
4.000638034845999869e+01,-8.303720993830999930e+01,2.149000000000000077e-01,-3.664099999999999913e+00,-2.939105345305999956e-02,1.347308867293199874e-01,1.277226764330599840e-01,-9.562135809999999791e-01,-8.773188699999999451e-02,2.736517212940000263e+02,2.024000000000000000e+03,1.100000000000000000e+01,1.400000000000000000e+01,1.300000000000000000e+01,4.300000000000000000e+01,1.835452300000000037e+01
4.000638044741000243e+01,-8.303721208694000211e+01,2.222999999999999976e-01,-3.669799999999999951e+00,1.450755232640599801e-01,2.260867850710599758e-01,2.824122282371999831e-02,-9.361969799999999564e-01,-2.341659600000000133e-02,2.736770475870000041e+02,2.024000000000000000e+03,1.100000000000000000e+01,1.400000000000000000e+01,1.300000000000000000e+01,4.300000000000000000e+01,1.841707399999999950e+01
4.000638058610999792e+01,-8.303721509752000429e+01,2.147999999999999909e-01,-3.672400000000000109e+00,-3.923274393530800097e-01,1.108859477907799956e-01,5.271116671612999793e-01,-9.093095509999999937e-01,4.728810900000000178e-02,2.737007784200000060e+02,2.024000000000000000e+03,1.100000000000000000e+01,1.400000000000000000e+01,1.300000000000000000e+01,4.300000000000000000e+01,1.848057700000000025e+01
4.000638071720999989e+01,-8.303721811002999686e+01,2.063000000000000111e-01,-3.671199999999999797e+00,-7.960004916332000247e-02,-8.920995336549999988e-02,3.350921627343200204e-01,-9.319078039999999508e-01,9.740663200000000688e-02,2.737170212269999752e+02,2.024000000000000000e+03,1.100000000000000000e+01,1.400000000000000000e+01,1.300000000000000000e+01,4.300000000000000000e+01,1.854485899999999887e+01
4.000638082970999676e+01,-8.303722069286999385e+01,2.139000000000000068e-01,-3.674500000000000099e+00,3.256807488275599849e-01,8.909734873748000050e-02,2.230432875751000021e-01,-9.358158899999999836e-01,1.254255649999999889e-01,2.737217854300000113e+02,2.024000000000000000e+03,1.100000000000000000e+01,1.400000000000000000e+01,1.300000000000000000e+01,4.300000000000000000e+01,1.860785600000000173e+01
4.000638094618000196e+01,-8.303722327469000675e+01,2.187000000000000055e-01,-3.669399999999999995e+00,1.584511038748000200e-01,-1.793216609777600057e-01,1.587025323647799913e-01,-9.155995350000000199e-01,1.356960909999999909e-01,2.737215754040000206e+02,2.024000000000000000e+03,1.100000000000000000e+01,1.400000000000000000e+01,1.300000000000000000e+01,4.300000000000000000e+01,1.866978699999999947e+01
4.000638106158999818e+01,-8.303722585139999524e+01,2.114999999999999936e-01,-3.660600000000000076e+00,-1.821837029411000064e-01,-2.978365489824799650e-01,1.610690606929600088e-01,-9.150369539999999580e-01,1.521615000000000051e-01,2.737222522550000008e+02,2.024000000000000000e+03,1.100000000000000000e+01,1.400000000000000000e+01,1.300000000000000000e+01,4.300000000000000000e+01,1.873107399999999956e+01
4.000638119647999957e+01,-8.303722885442999768e+01,2.204000000000000126e-01,-3.660699999999999843e+00,3.006974460306600094e-01,-9.359051333079999521e-03,5.383672781432000121e-02,-9.258428859999999760e-01,1.727254739999999900e-01,2.737255568850000031e+02,2.024000000000000000e+03,1.100000000000000000e+01,1.400000000000000000e+01,1.300000000000000000e+01,4.300000000000000000e+01,1.879279999999999973e+01
4.000638131611999881e+01,-8.303723142724000184e+01,2.260000000000000064e-01,-3.657300000000000217e+00,2.896886610180200439e-01,-1.485517848329200030e-01,-1.991458242234600273e-01,-9.015688419999999814e-01,1.736441489999999976e-01,2.737265242700000272e+02,2.024000000000000000e+03,1.100000000000000000e+01,1.400000000000000000e+01,1.300000000000000000e+01,4.300000000000000000e+01,1.885862499999999997e+01
4.000638135684999952e+01,-8.303723228408000523e+01,2.278000000000000025e-01,-3.655199999999999783e+00,2.469311981039799819e-01,-1.679729893219999992e-01,-3.160585898299599905e-01,-8.921629020000000354e-01,1.759537100000000132e-01,2.737250261570000021e+02,2.024000000000000000e+03,1.100000000000000000e+01,1.400000000000000000e+01,1.300000000000000000e+01,4.300000000000000000e+01,1.892099199999999826e+01
4.000638154461999818e+01,-8.303723613107000290e+01,2.298000000000000043e-01,-3.642300000000000093e+00,-2.663258022971000116e-01,-1.978683975322199917e-01,2.041888473012799798e-01,-8.243624529999999950e-01,1.887778489999999976e-01,2.737111541849999981e+02,2.024000000000000000e+03,1.100000000000000000e+01,1.400000000000000000e+01,1.300000000000000000e+01,4.300000000000000000e+01,1.898401799999999895e+01
4.000638170258999793e+01,-8.303723955147999902e+01,2.084000000000000019e-01,-3.651499999999999968e+00,-6.351277096508399778e-01,2.060587187662000219e-01,1.042738917075999860e-02,-8.206667610000000224e-01,1.858750230000000003e-01,2.737097497510000039e+02,2.024000000000000000e+03,1.100000000000000000e+01,1.400000000000000000e+01,1.300000000000000000e+01,4.300000000000000000e+01,1.904736099999999865e+01
4.000638181715999764e+01,-8.303724211876999561e+01,2.091000000000000081e-01,-3.648600000000000065e+00,-6.480643735716000442e-02,-1.116741993905399910e-01,5.894395141239999747e-02,-8.150493559999999471e-01,1.547325190000000128e-01,2.737150602359999993e+02,2.024000000000000000e+03,1.100000000000000000e+01,1.400000000000000000e+01,1.300000000000000000e+01,4.300000000000000000e+01,1.911003399999999885e+01
4.000638192945000071e+01,-8.303724468250000257e+01,2.034999999999999865e-01,-3.639499999999999957e+00,-1.381998518901600137e-01,-3.839883813037400229e-01,2.170855360681999899e-02,-8.104683580000000553e-01,1.245068470000000038e-01,2.737141817070000229e+02,2.024000000000000000e+03,1.100000000000000000e+01,1.400000000000000000e+01,1.300000000000000000e+01,4.300000000000000000e+01,1.917189700000000130e+01
4.000638205973000083e+01,-8.303724766431000148e+01,2.089999999999999913e-01,-3.628400000000000070e+00,2.469156623739999779e-01,-3.058105740994799815e-01,-3.263939477652000321e-02,-8.245650789999999786e-01,1.131559959999999948e-01,2.736989530839999816e+02,2.024000000000000000e+03,1.100000000000000000e+01,1.400000000000000000e+01,1.300000000000000000e+01,4.300000000000000000e+01,1.923357800000000140e+01
4.000638217249999684e+01,-8.303725021274000540e+01,2.026999999999999913e-01,-3.617799999999999905e+00,-3.234594386256999798e-01,-3.773581457427999664e-01,7.423240313808000812e-02,-8.312741479999999905e-01,1.122525040000000029e-01,2.736861725480000018e+02,2.024000000000000000e+03,1.100000000000000000e+01,1.400000000000000000e+01,1.300000000000000000e+01,4.300000000000000000e+01,1.929595899999999986e+01
4.000638228459000345e+01,-8.303725275352999802e+01,2.079000000000000015e-01,-3.609900000000000109e+00,1.382934310385199872e-01,-1.635149732397000177e-01,-8.704872921500000221e-03,-8.420171789999999490e-01,1.303298350000000050e-01,2.736766573400000198e+02,2.024000000000000000e+03,1.100000000000000000e+01,1.400000000000000000e+01,1.300000000000000000e+01,4.300000000000000000e+01,1.935919900000000027e+01
4.000638239904999693e+01,-8.303725529330999677e+01,2.144999999999999962e-01,-3.612999999999999989e+00,2.880512511857000191e-01,1.620222336796000029e-01,4.980790395197999543e-02,-8.334378180000000524e-01,1.322611260000000066e-01,2.736665180090000149e+02,2.024000000000000000e+03,1.100000000000000000e+01,1.400000000000000000e+01,1.300000000000000000e+01,4.300000000000000000e+01,1.942068000000000083e+01
4.000638253115000254e+01,-8.303725825639999414e+01,2.043000000000000094e-01,-3.608400000000000052e+00,-2.259238878408999784e-01,-2.004231703525600206e-01,-1.106808635659799894e-01,-8.271438589999999813e-01,1.037934400000000007e-01,2.736499564449999866e+02,2.024000000000000000e+03,1.100000000000000000e+01,1.400000000000000000e+01,1.300000000000000000e+01,4.300000000000000000e+01,1.948456300000000141e+01
4.000638264042000003e+01,-8.303726079057000220e+01,1.993000000000000049e-01,-3.598300000000000054e+00,-9.268514384723999799e-02,-3.439436358798200200e-01,-1.496751994069999980e-01,-8.412677490000000091e-01,9.038178299999999332e-02,2.736353128169999991e+02,2.024000000000000000e+03,1.100000000000000000e+01,1.400000000000000000e+01,1.300000000000000000e+01,4.300000000000000000e+01,1.954710899999999896e+01
4.000638274885000101e+01,-8.303726331839999375e+01,2.005000000000000115e-01,-3.590100000000000069e+00,1.076477329916999959e-01,-2.785106603716799856e-01,-7.793214201062000079e-02,-8.379692429999999748e-01,8.917009900000000266e-02,2.736254930619999755e+02,2.024000000000000000e+03,1.100000000000000000e+01,1.400000000000000000e+01,1.300000000000000000e+01,4.300000000000000000e+01,1.960956499999999991e+01
4.000638285849999676e+01,-8.303726584365999486e+01,2.036999999999999922e-01,-3.588999999999999968e+00,1.471099494345400049e-01,-9.818583785697999888e-02,7.162793256409999421e-02,-8.211093390000000491e-01,8.220635499999999485e-02,2.736139975520000007e+02,2.024000000000000000e+03,1.100000000000000000e+01,1.400000000000000000e+01,1.300000000000000000e+01,4.300000000000000000e+01,1.967139099999999985e+01
4.000638298529000281e+01,-8.303726878893000674e+01,1.998000000000000054e-01,-3.584200000000000053e+00,2.291251758789999982e-02,-3.652198981470000105e-01,-1.749991461646200064e-01,-8.210534379999999688e-01,5.591955600000000220e-02,2.735869532649999769e+02,2.024000000000000000e+03,1.100000000000000000e+01,1.400000000000000000e+01,1.300000000000000000e+01,4.300000000000000000e+01,1.973898799999999909e+01
4.000638311545999670e+01,-8.303727172134999535e+01,2.068000000000000116e-01,-3.564099999999999824e+00,9.842889083907999104e-02,-5.565853397332800601e-01,-1.552916244283800151e-01,-7.983382820000000102e-01,6.691933999999999383e-02,2.735495440889999941e+02,2.024000000000000000e+03,1.100000000000000000e+01,1.400000000000000000e+01,1.300000000000000000e+01,4.300000000000000000e+01,1.980278500000000008e+01
4.000638320544999971e+01,-8.303727380726999741e+01,1.938000000000000000e-01,-3.554800000000000182e+00,-3.936417782706400081e-01,-3.848571226887599894e-01,3.710625343736000115e-02,-7.850776659999999518e-01,1.027708360000000043e-01,2.735238947660000122e+02,2.024000000000000000e+03,1.100000000000000000e+01,1.400000000000000000e+01,1.300000000000000000e+01,4.300000000000000000e+01,1.986644799999999833e+01
4.000638324012000169e+01,-8.303727464076000331e+01,1.892000000000000071e-01,-3.554699999999999971e+00,-4.193943232109599850e-01,-2.056040166388000134e-01,9.929607653236000031e-02,-7.890241630000000006e-01,1.202439150000000068e-01,2.735128561949999835e+02,2.024000000000000000e+03,1.100000000000000000e+01,1.400000000000000000e+01,1.300000000000000000e+01,4.300000000000000000e+01,1.992956999999999823e+01
4.000638340703999773e+01,-8.303727881695999713e+01,1.854000000000000092e-01,-3.566699999999999982e+00,1.518107690651999964e-01,9.638913680109999216e-02,-1.160664307987999966e-01,-8.085135490000000535e-01,1.401713850000000094e-01,2.734580233269999781e+02,2.024000000000000000e+03,1.100000000000000000e+01,1.400000000000000000e+01,1.300000000000000000e+01,4.300000000000000000e+01,1.999268800000000113e+01
4.000638350625000328e+01,-8.303728132220000191e+01,1.806999999999999995e-01,-3.564299999999999802e+00,-5.220112351981999466e-02,-3.745367849839999902e-03,1.703842616722600067e-01,-8.045557730000000296e-01,1.264399429999999991e-01,2.734235509630000251e+02,2.024000000000000000e+03,1.100000000000000000e+01,1.400000000000000000e+01,1.300000000000000000e+01,4.300000000000000000e+01,2.005563300000000027e+01
4.000638361917000196e+01,-8.303728424515000484e+01,1.746000000000000052e-01,-3.564499999999999780e+00,-2.300220345027600144e-01,-4.676933433289999498e-02,-3.700313570678000208e-02,-8.138262849999999826e-01,9.270582700000000453e-02,2.733894325919999915e+02,2.024000000000000000e+03,1.100000000000000000e+01,1.400000000000000000e+01,1.300000000000000000e+01,4.300000000000000000e+01,2.011797200000000174e+01
4.000638372571999923e+01,-8.303728716352000561e+01,1.680000000000000104e-01,-3.555499999999999883e+00,1.809084063056000044e-02,-2.199546908625399921e-01,-7.003154120054000398e-02,-8.495281770000000510e-01,6.171920300000000026e-02,2.733648244109999723e+02,2.024000000000000000e+03,1.100000000000000000e+01,1.400000000000000000e+01,1.300000000000000000e+01,4.300000000000000000e+01,2.018040200000000084e+01
4.000638381611000227e+01,-8.303728965835000508e+01,1.683999999999999941e-01,-3.545700000000000074e+00,9.006529897069999457e-02,-2.587363569765399607e-01,-6.760524534315999479e-02,-8.672767540000000386e-01,4.934902299999999881e-02,2.733454633090000243e+02,2.024000000000000000e+03,1.100000000000000000e+01,1.400000000000000000e+01,1.300000000000000000e+01,4.300000000000000000e+01,2.024210300000000018e+01
4.000638392284999867e+01,-8.303729256139000370e+01,1.693000000000000060e-01,-3.537799999999999834e+00,2.737903326569999726e-02,-1.363646756353600054e-01,-9.791824884522000449e-02,-8.797139720000000107e-01,4.227317800000000153e-02,2.733190560090000076e+02,2.024000000000000000e+03,1.100000000000000000e+01,1.400000000000000000e+01,1.300000000000000000e+01,4.300000000000000000e+01,2.030904999999999916e+01
4.000638401735000116e+01,-8.303729504413999507e+01,1.812999999999999889e-01,-3.528799999999999937e+00,5.221323657097000082e-01,-2.213203195639200094e-01,-1.805983599380000214e-03,-8.888745059999999532e-01,4.128666799999999859e-02,2.732930444840000064e+02,2.024000000000000000e+03,1.100000000000000000e+01,1.400000000000000000e+01,1.300000000000000000e+01,4.300000000000000000e+01,2.037450099999999864e+01
4.000638413218000267e+01,-8.303729793502000689e+01,1.837999999999999912e-01,-3.522800000000000153e+00,7.829958638516000546e-02,-1.643856592887600054e-01,-1.624439719705599861e-01,-8.733870049999999940e-01,4.505183900000000324e-02,2.732700620240000262e+02,2.024000000000000000e+03,1.100000000000000000e+01,1.400000000000000000e+01,1.300000000000000000e+01,4.300000000000000000e+01,2.043703899999999862e+01
4.000638422781999992e+01,-8.303730040777000454e+01,1.713000000000000078e-01,-3.512999999999999901e+00,-4.178167758250600494e-01,-3.938980437791800293e-01,-1.654818887359999890e-03,-8.688864419999999811e-01,5.213973899999999745e-02,2.732565877270000101e+02,2.024000000000000000e+03,1.100000000000000000e+01,1.400000000000000000e+01,1.300000000000000000e+01,4.300000000000000000e+01,2.049977799999999917e+01
4.000638432667999922e+01,-8.303730287541999644e+01,1.907000000000000084e-01,-3.508000000000000007e+00,5.877508343239999933e-01,-1.876336131522600148e-01,2.128170344496400079e-01,-8.568482490000000062e-01,6.656363199999999758e-02,2.732384291419999727e+02,2.024000000000000000e+03,1.100000000000000000e+01,1.400000000000000000e+01,1.300000000000000000e+01,4.300000000000000000e+01,2.056218000000000146e+01
4.000638444676999939e+01,-8.303730574982999713e+01,1.854999999999999982e-01,-3.501300000000000079e+00,-2.914935393867599811e-01,-2.771017640956600081e-01,2.438307508862399831e-01,-7.979175720000000194e-01,7.034044799999999986e-02,2.732172645140000213e+02,2.024000000000000000e+03,1.100000000000000000e+01,1.400000000000000000e+01,1.300000000000000000e+01,4.300000000000000000e+01,2.062430900000000022e+01
4.000638454024999646e+01,-8.303730821015000174e+01,1.645000000000000073e-01,-3.499600000000000044e+00,-5.895462776893799495e-01,-9.391860341537999757e-02,-1.756841094961200112e-01,-7.966404590000000230e-01,7.985300400000000520e-02,2.732027643399999874e+02,2.024000000000000000e+03,1.100000000000000000e+01,1.400000000000000000e+01,1.300000000000000000e+01,4.300000000000000000e+01,2.068763099999999966e+01
4.000638464277999873e+01,-8.303731108016999940e+01,1.613999999999999879e-01,-3.498899999999999899e+00,-7.760920750475999719e-02,-8.519735860997999788e-02,-1.225330801749600074e-01,-8.093501260000000030e-01,7.408244499999999677e-02,2.731946046269999897e+02,2.024000000000000000e+03,1.100000000000000000e+01,1.400000000000000000e+01,1.300000000000000000e+01,4.300000000000000000e+01,2.075332399999999922e+01
4.000638473125999894e+01,-8.303731353253000691e+01,1.635999999999999954e-01,-3.481199999999999850e+00,3.936293278645999760e-02,-5.869285650185399605e-01,-1.538108270459599969e-01,-8.057186160000000541e-01,7.624125800000000619e-02,2.731905641230000015e+02,2.024000000000000000e+03,1.100000000000000000e+01,1.400000000000000000e+01,1.300000000000000000e+01,4.300000000000000000e+01,2.081719199999999859e+01
4.000638478892999927e+01,-8.303731516090999776e+01,1.575999999999999901e-01,-3.469599999999999795e+00,-2.341550172471599800e-01,-6.021452571948400223e-01,-1.079365066769400056e-01,-8.142128090000000373e-01,9.583130700000000446e-02,2.731898326400000201e+02,2.024000000000000000e+03,1.100000000000000000e+01,1.400000000000000000e+01,1.300000000000000000e+01,4.300000000000000000e+01,2.088235200000000091e+01
4.000638486084999812e+01,-8.303731719065000050e+01,1.602999999999999980e-01,-3.461300000000000043e+00,9.406384339393999983e-02,-3.362877019583199734e-01,5.693826416110000371e-02,-8.367977540000000047e-01,1.308898259999999869e-01,2.731912589429999798e+02,2.024000000000000000e+03,1.100000000000000000e+01,1.400000000000000000e+01,1.300000000000000000e+01,4.300000000000000000e+01,2.094649199999999922e+01
4.000638501545000025e+01,-8.303732124873999965e+01,1.799999999999999933e-01,-3.467499999999999805e+00,3.253063298364999856e-01,2.595744639863400427e-01,2.979159582838000059e-02,-8.343348860000000533e-01,1.604059569999999879e-01,2.732130078760000060e+02,2.024000000000000000e+03,1.100000000000000000e+01,1.400000000000000000e+01,1.300000000000000000e+01,4.300000000000000000e+01,2.100932800000000000e+01
4.000638512730999707e+01,-8.303732409309999696e+01,1.779000000000000026e-01,-3.461500000000000021e+00,1.204754289235000081e-01,-3.310815997393600219e-01,-1.370616112606000067e-02,-8.220137280000000546e-01,1.225599670000000058e-01,2.732422085189999734e+02,2.024000000000000000e+03,1.100000000000000000e+01,1.400000000000000000e+01,1.300000000000000000e+01,4.300000000000000000e+01,2.107472599999999829e+01
4.000638522625000348e+01,-8.303732652284000437e+01,1.895000000000000018e-01,-3.446000000000000174e+00,4.821910880864799798e-01,-5.314263301112599480e-01,1.591456377171399927e-01,-8.147116549999999791e-01,1.000360220000000022e-01,2.732652203530000179e+02,2.024000000000000000e+03,1.100000000000000000e+01,1.400000000000000000e+01,1.300000000000000000e+01,4.300000000000000000e+01,2.113970899999999986e+01
4.000638534483999820e+01,-8.303732934437999802e+01,1.837999999999999912e-01,-3.431900000000000173e+00,-1.166232017480400007e-01,-4.321480232881400041e-01,-4.953384950485999888e-02,-7.808440819999999949e-01,1.031217219999999990e-01,2.732869107939999935e+02,2.024000000000000000e+03,1.100000000000000000e+01,1.400000000000000000e+01,1.300000000000000000e+01,4.300000000000000000e+01,2.120283200000000079e+01
4.000638542472999859e+01,-8.303733135505000007e+01,1.693000000000000060e-01,-3.428100000000000147e+00,-6.583955170734799855e-01,-2.158423407867200161e-01,1.040293011701399900e-01,-7.815793060000000292e-01,1.040872179999999952e-01,2.733026337800000078e+02,2.024000000000000000e+03,1.100000000000000000e+01,1.400000000000000000e+01,1.300000000000000000e+01,4.300000000000000000e+01,2.126594400000000107e+01
4.000638553374000139e+01,-8.303733416663999378e+01,1.779999999999999916e-01,-3.424599999999999866e+00,3.421017700485999846e-01,-7.785746729454000314e-02,-5.419990191443999766e-02,-7.859809460000000136e-01,9.080774399999999580e-02,2.733239546209999844e+02,2.024000000000000000e+03,1.100000000000000000e+01,1.400000000000000000e+01,1.300000000000000000e+01,4.300000000000000000e+01,2.132881700000000080e+01
4.000638563116000057e+01,-8.303733657201999563e+01,1.824999999999999956e-01,-3.416300000000000114e+00,1.634010621155000120e-01,-2.377558470994800000e-01,3.463354447100199796e-01,-7.638356979999999519e-01,6.175219199999999742e-02,2.733360610940000015e+02,2.024000000000000000e+03,1.100000000000000000e+01,1.400000000000000000e+01,1.300000000000000000e+01,4.300000000000000000e+01,2.139094499999999854e+01
4.000638574418999838e+01,-8.303733937073999982e+01,1.776000000000000079e-01,-3.405299999999999994e+00,-8.116270756394000641e-02,-3.148982544421600194e-01,-3.488908072783999947e-02,-7.612679150000000172e-01,2.759933700000000156e-02,2.733480237429999988e+02,2.024000000000000000e+03,1.100000000000000000e+01,1.400000000000000000e+01,1.300000000000000000e+01,4.300000000000000000e+01,2.145381199999999922e+01
4.000638584037999834e+01,-8.303734176013999502e+01,1.759999999999999898e-01,-3.390400000000000080e+00,-1.368072507450800168e-01,-4.835848263617200105e-01,-1.656487518592600072e-01,-7.689682939999999967e-01,1.030762500000000081e-02,2.733594114730000229e+02,2.024000000000000000e+03,1.100000000000000000e+01,1.400000000000000000e+01,1.300000000000000000e+01,4.300000000000000000e+01,2.151611899999999977e+01
4.000638593186000236e+01,-8.303734414298000388e+01,1.640999999999999959e-01,-3.383300000000000196e+00,-3.429752925026399724e-01,-3.338485197059399834e-01,4.774625067600000300e-02,-7.908131059999999879e-01,-3.848386000000000081e-03,2.733735676379999973e+02,2.024000000000000000e+03,1.100000000000000000e+01,1.400000000000000000e+01,1.300000000000000000e+01,4.300000000000000000e+01,2.157894399999999990e+01
4.000638602373999930e+01,-8.303734652145000439e+01,1.773000000000000131e-01,-3.376900000000000013e+00,5.787127763401600511e-01,-3.082321671418999931e-01,-6.429072774269999069e-02,-8.075681970000000431e-01,-2.735745399999999980e-02,2.733786084010000081e+02,2.024000000000000000e+03,1.100000000000000000e+01,1.400000000000000000e+01,1.300000000000000000e+01,4.300000000000000000e+01,2.164217800000000125e+01
4.000638614758000244e+01,-8.303734928445000207e+01,2.053999999999999992e-01,-3.358400000000000052e+00,4.773211858831200027e-01,-4.910424309386400288e-01,-1.829013424729999948e-02,-7.271764769999999878e-01,-5.352737099999999720e-02,2.733760745910000196e+02,2.024000000000000000e+03,1.100000000000000000e+01,1.400000000000000000e+01,1.300000000000000000e+01,4.300000000000000000e+01,2.170491600000000076e+01
4.000638625450000063e+01,-8.303735164318000272e+01,1.932000000000000106e-01,-3.349400000000000155e+00,-3.331459052240199892e-01,-3.014488978186199986e-01,-1.617458876817600144e-01,-6.747074659999999779e-01,-5.689043399999999667e-02,2.733736059990000058e+02,2.024000000000000000e+03,1.100000000000000000e+01,1.400000000000000000e+01,1.300000000000000000e+01,4.300000000000000000e+01,2.177007100000000150e+01
4.000638637029999956e+01,-8.303735438325999496e+01,1.764999999999999902e-01,-3.330099999999999838e+00,-3.936943122368800063e-01,-5.656999647035799716e-01,-4.078882824066199508e-01,-6.782742750000000376e-01,-4.413687000000000166e-02,2.733706996430000231e+02,2.024000000000000000e+03,1.100000000000000000e+01,1.400000000000000000e+01,1.300000000000000000e+01,4.300000000000000000e+01,2.183349400000000173e+01
4.000638640195000306e+01,-8.303735516367000002e+01,1.743000000000000105e-01,-3.326400000000000023e+00,-2.918464542221599900e-01,-4.663258085594200186e-01,-2.448956618289400144e-01,-6.760575070000000020e-01,-3.593376699999999840e-02,2.733696727259999761e+02,2.024000000000000000e+03,1.100000000000000000e+01,1.400000000000000000e+01,1.300000000000000000e+01,4.300000000000000000e+01,2.189914500000000075e+01
4.000638652637000092e+01,-8.303735827814999482e+01,1.695000000000000118e-01,-3.316399999999999793e+00,-6.208686303173999166e-02,-2.279206759927399906e-01,-8.292563631139998961e-03,-6.460130389999999556e-01,-1.038321999999999943e-03,2.733545814029999974e+02,2.024000000000000000e+03,1.100000000000000000e+01,1.400000000000000000e+01,1.300000000000000000e+01,4.300000000000000000e+01,2.196376499999999865e+01
4.000638665152000328e+01,-8.303736177372999805e+01,1.459999999999999909e-01,-3.306599999999999984e+00,-2.439292835764000078e-01,-2.761478635069400389e-01,2.479265067076399931e-01,-6.751165019999999517e-01,2.012341000000000130e-02,2.733310859370000117e+02,2.024000000000000000e+03,1.100000000000000000e+01,1.400000000000000000e+01,1.300000000000000000e+01,4.300000000000000000e+01,2.202859799999999879e+01
4.000638673243999932e+01,-8.303736409722000644e+01,1.535999999999999865e-01,-3.295900000000000052e+00,3.173664738637200222e-01,-3.815587220959800185e-01,6.687670930577999107e-02,-7.211386770000000057e-01,3.128231499999999804e-02,2.733217091529999720e+02,2.024000000000000000e+03,1.100000000000000000e+01,1.400000000000000000e+01,1.300000000000000000e+01,4.300000000000000000e+01,2.209048400000000001e+01
4.000638683217999869e+01,-8.303736679982999647e+01,1.615000000000000047e-01,-3.290799999999999947e+00,1.269377574476600046e-01,-2.328661882647999753e-02,4.805439983292000145e-02,-7.327984859999999712e-01,5.136466099999999896e-02,2.733173310130000004e+02,2.024000000000000000e+03,1.100000000000000000e+01,1.400000000000000000e+01,1.300000000000000000e+01,4.300000000000000000e+01,2.215576899999999938e+01
4.000638692087999715e+01,-8.303736911228000395e+01,1.650999999999999968e-01,-3.279399999999999871e+00,6.320439533214000649e-02,-4.713899215859200242e-01,-1.040720509020200135e-01,-7.303496000000000432e-01,4.901877699999999949e-02,2.733100366840000106e+02,2.024000000000000000e+03,1.100000000000000000e+01,1.400000000000000000e+01,1.300000000000000000e+01,4.300000000000000000e+01,2.222117000000000075e+01
4.000638702653999701e+01,-8.303737179540000568e+01,1.706999999999999906e-01,-3.259599999999999831e+00,2.080373659552799959e-01,-4.692446993019599999e-01,4.544742360423999900e-02,-7.287923090000000270e-01,8.207051899999999456e-02,2.732935704309999778e+02,2.024000000000000000e+03,1.100000000000000000e+01,1.400000000000000000e+01,1.300000000000000000e+01,4.300000000000000000e+01,2.228801800000000100e+01
4.000638711468999986e+01,-8.303737408938999920e+01,1.567999999999999949e-01,-3.259100000000000108e+00,-4.634029429942200240e-01,-8.382126498504000045e-02,-5.306881889133999858e-02,-7.345234360000000295e-01,1.068057590000000001e-01,2.732829038830000172e+02,2.024000000000000000e+03,1.100000000000000000e+01,1.400000000000000000e+01,1.300000000000000000e+01,4.300000000000000000e+01,2.235122399999999843e+01
4.000638719580000213e+01,-8.303737637998000309e+01,1.463000000000000134e-01,-3.251100000000000101e+00,-2.363540357982799878e-01,-3.089213146093799933e-01,-7.416322221099999785e-03,-7.603790519999999997e-01,1.098298530000000051e-01,2.732795486050000022e+02,2.024000000000000000e+03,1.100000000000000000e+01,1.400000000000000000e+01,1.300000000000000000e+01,4.300000000000000000e+01,2.241124100000000041e+01
4.000638729119999937e+01,-8.303737903977000201e+01,1.582999999999999963e-01,-3.229699999999999793e+00,4.779945405754999488e-01,-5.806990148234399962e-01,7.999843256833999439e-02,-7.623925160000000201e-01,1.209610039999999970e-01,2.732748833719999766e+02,2.024000000000000000e+03,1.100000000000000000e+01,1.400000000000000000e+01,1.300000000000000000e+01,4.300000000000000000e+01,2.247401599999999888e+01
4.000638737725000027e+01,-8.303738130585000476e+01,1.610000000000000042e-01,-3.210199999999999942e+00,1.241593582205800100e-01,-6.941473427940400009e-01,1.588295767482199861e-01,-7.501171410000000428e-01,1.369831519999999969e-01,2.732632901769999876e+02,2.024000000000000000e+03,1.100000000000000000e+01,1.400000000000000000e+01,1.300000000000000000e+01,4.300000000000000000e+01,2.253714099999999831e+01
4.000638746341999763e+01,-8.303738355583000441e+01,1.580000000000000016e-01,-3.185500000000000220e+00,-8.746944420636000583e-02,-8.357248531171800332e-01,1.759369107049399972e-01,-7.577717959999999975e-01,1.632121189999999888e-01,2.732514173960000221e+02,2.024000000000000000e+03,1.100000000000000000e+01,1.400000000000000000e+01,1.300000000000000000e+01,4.300000000000000000e+01,2.259995100000000079e+01
4.000638754893999760e+01,-8.303738578838999729e+01,1.593999999999999861e-01,-3.159100000000000019e+00,1.027822002446999866e-01,-9.313634411198999929e-01,2.495838346336000102e-01,-7.636220369999999757e-01,1.655771420000000105e-01,2.732488441680000051e+02,2.024000000000000000e+03,1.100000000000000000e+01,1.400000000000000000e+01,1.300000000000000000e+01,4.300000000000000000e+01,2.266323099999999968e+01
4.000638765215000348e+01,-8.303738835849000566e+01,1.663000000000000034e-01,-3.102100000000000080e+00,1.967174639867599883e-01,-1.693191239754960220e+00,-3.610278604211999975e-02,-7.237366079999999480e-01,1.296531559999999916e-01,2.732522901049999859e+02,2.024000000000000000e+03,1.100000000000000000e+01,1.400000000000000000e+01,1.300000000000000000e+01,4.300000000000000000e+01,2.272721500000000106e+01
4.000638773906000267e+01,-8.303739052299999912e+01,1.560999999999999888e-01,-3.051299999999999901e+00,-2.436247532270399974e-01,-1.686916220385480170e+00,-2.291000486843800255e-01,-6.970982610000000523e-01,1.044714340000000019e-01,2.732464333849999889e+02,2.024000000000000000e+03,1.100000000000000000e+01,1.400000000000000000e+01,1.300000000000000000e+01,4.300000000000000000e+01,2.279164000000000101e+01
4.000638782947999772e+01,-8.303739300473999663e+01,1.333999999999999908e-01,-2.993900000000000006e+00,-4.918064471940399862e-01,-1.720951445721960127e+00,-2.390336631907200027e-01,-7.272931110000000476e-01,7.523350199999999377e-02,2.732276150789999747e+02,2.024000000000000000e+03,1.100000000000000000e+01,1.400000000000000000e+01,1.300000000000000000e+01,4.300000000000000000e+01,2.285413799999999895e+01
4.000638785408000331e+01,-8.303739370469999415e+01,1.345000000000000084e-01,-2.975900000000000212e+00,-1.105166295383999964e-01,-1.761546950332880002e+00,-1.931124750825800040e-01,-7.393949010000000488e-01,6.604746300000000070e-02,2.732217241559999934e+02,2.024000000000000000e+03,1.100000000000000000e+01,1.400000000000000000e+01,1.300000000000000000e+01,4.300000000000000000e+01,2.291744800000000026e+01
4.000638798485999814e+01,-8.303739747855999553e+01,1.248999999999999971e-01,-2.874499999999999833e+00,-2.386701063303200143e-01,-1.838100167250040107e+00,9.448741897560000366e-03,-7.657577150000000055e-01,4.356742599999999938e-02,2.732076306249999789e+02,2.024000000000000000e+03,1.100000000000000000e+01,1.400000000000000000e+01,1.300000000000000000e+01,4.300000000000000000e+01,2.298324600000000117e+01
4.000638803884999817e+01,-8.303739915151000162e+01,1.166999999999999982e-01,-2.825699999999999878e+00,-1.232077074342600026e-01,-1.961391232952119923e+00,-3.554358056628000029e-02,-7.894498739999999959e-01,4.364420699999999737e-02,2.732062941309999928e+02,2.024000000000000000e+03,1.100000000000000000e+01,1.400000000000000000e+01,1.300000000000000000e+01,4.300000000000000000e+01,2.304960900000000024e+01
4.000638811345000079e+01,-8.303740144901000519e+01,1.187000000000000000e-01,-2.764899999999999913e+00,1.498841479250000164e-01,-1.769471176156639958e+00,1.400068004183399883e-01,-8.294269420000000004e-01,3.378309599999999857e-02,2.731997213839999858e+02,2.024000000000000000e+03,1.100000000000000000e+01,1.400000000000000000e+01,1.300000000000000000e+01,4.300000000000000000e+01,2.311356100000000069e+01
4.000638819265000024e+01,-8.303740369307999458e+01,1.272999999999999965e-01,-2.695899999999999963e+00,1.765596303612800011e-01,-2.025900937905280141e+00,2.727415553517999885e-02,-8.356851039999999564e-01,-2.077115999999999945e-03,2.731897789550000084e+02,2.024000000000000000e+03,1.100000000000000000e+01,1.400000000000000000e+01,1.300000000000000000e+01,4.300000000000000000e+01,2.317611199999999982e+01
4.000638826083999788e+01,-8.303740556661000483e+01,1.237999999999999934e-01,-2.624699999999999811e+00,-1.179040327632000125e-02,-2.371229231852920005e+00,-1.115145137648200085e-01,-8.329771809999999554e-01,-2.788260899999999917e-02,2.731854715279999937e+02,2.024000000000000000e+03,1.100000000000000000e+01,1.400000000000000000e+01,1.300000000000000000e+01,4.300000000000000000e+01,2.323948100000000139e+01
4.000638832751999985e+01,-8.303740739087000122e+01,1.213999999999999940e-01,-2.554800000000000182e+00,2.682736200478000321e-02,-2.334991891634440098e+00,1.315361246268999806e-01,-8.354746180000000022e-01,-4.269058099999999828e-02,2.731845994700000233e+02,2.024000000000000000e+03,1.100000000000000000e+01,1.400000000000000000e+01,1.300000000000000000e+01,4.300000000000000000e+01,2.330247999999999919e+01
4.000638839319000084e+01,-8.303740916437000408e+01,1.209999999999999964e-01,-2.480900000000000105e+00,1.547122181083000203e-01,-2.456911952653419995e+00,-1.776782466948000072e-02,-8.383338970000000501e-01,-5.296248299999999770e-02,2.731823705689999997e+02,2.024000000000000000e+03,1.100000000000000000e+01,1.400000000000000000e+01,1.300000000000000000e+01,4.300000000000000000e+01,2.336600699999999975e+01
4.000638846884999822e+01,-8.303741116899000474e+01,1.199999999999999956e-01,-2.395700000000000163e+00,1.447493074539600022e-01,-2.496047298709560103e+00,1.254280536241999915e-02,-8.309213009999999455e-01,-6.630065500000000001e-02,2.731736302990000240e+02,2.024000000000000000e+03,1.100000000000000000e+01,1.400000000000000000e+01,1.300000000000000000e+01,4.300000000000000000e+01,2.342986799999999903e+01
4.000638854388999732e+01,-8.303741309875999832e+01,1.166999999999999982e-01,-2.301499999999999879e+00,-6.856795078319999522e-03,-2.664392135171799847e+00,3.003036166376000030e-02,-8.044760109999999909e-01,-7.742632800000000259e-02,2.731605538499999852e+02,2.024000000000000000e+03,1.100000000000000000e+01,1.400000000000000000e+01,1.300000000000000000e+01,4.300000000000000000e+01,2.349381999999999948e+01
4.000638860472000147e+01,-8.303741469426999799e+01,1.079999999999999988e-01,-2.228400000000000158e+00,-1.163180741125200007e-01,-2.422762640617539986e+00,1.552605758458000008e-02,-7.937992529999999824e-01,-7.962921900000000108e-02,2.731542889959999911e+02,2.024000000000000000e+03,1.100000000000000000e+01,1.400000000000000000e+01,1.300000000000000000e+01,4.300000000000000000e+01,2.356168500000000066e+01
4.000638866760999690e+01,-8.303741649053999652e+01,9.700000000000000289e-02,-2.142799999999999816e+00,4.917506256120000169e-02,-2.438402248980879872e+00,-1.649267098601600035e-01,-8.139203289999999980e-01,-8.420682399999999956e-02,2.731544483740000260e+02,2.024000000000000000e+03,1.100000000000000000e+01,1.400000000000000000e+01,1.300000000000000000e+01,4.300000000000000000e+01,2.362953399999999959e+01
4.000638872980999849e+01,-8.303741821642999810e+01,9.869999999999999607e-02,-2.057599999999999874e+00,8.984221749793999678e-02,-2.390256383197979950e+00,-2.708384471516400160e-01,-8.014304290000000552e-01,-7.801118099999999889e-02,2.731520725409999955e+02,2.024000000000000000e+03,1.100000000000000000e+01,1.400000000000000000e+01,1.300000000000000000e+01,4.300000000000000000e+01,2.369401600000000130e+01
4.000638878389000297e+01,-8.303741964325000424e+01,9.840000000000000135e-02,-1.994899999999999896e+00,3.629464715906000061e-02,-1.987285569872199842e+00,-1.555630921914399889e-01,-7.804620869999999710e-01,-5.724415000000000059e-02,2.731417898739999828e+02,2.024000000000000000e+03,1.100000000000000000e+01,1.400000000000000000e+01,1.300000000000000000e+01,4.300000000000000000e+01,2.375772200000000112e+01
4.000638883660000289e+01,-8.303742103307000377e+01,9.650000000000000244e-02,-1.951200000000000045e+00,7.221261612476000125e-02,-1.390503818794619928e+00,-3.385628798204000367e-02,-7.748149979999999770e-01,-2.068073999999999954e-02,2.731254437449999841e+02,2.024000000000000000e+03,1.100000000000000000e+01,1.400000000000000000e+01,1.300000000000000000e+01,4.300000000000000000e+01,2.382252599999999987e+01
4.000638886973000297e+01,-8.303742194568999935e+01,8.980000000000000482e-02,-1.931899999999999951e+00,-1.846857449283000052e-01,-1.062876097672080133e+00,-2.165401671357999880e-02,-7.734221239999999886e-01,2.277402999999999893e-03,2.731173919560000058e+02,2.024000000000000000e+03,1.100000000000000000e+01,1.400000000000000000e+01,1.300000000000000000e+01,4.300000000000000000e+01,2.388741800000000026e+01
4.000638891668000241e+01,-8.303742329937999500e+01,8.440000000000000280e-02,-1.911699999999999955e+00,-7.345407570952000587e-02,-6.272587136485400228e-01,-1.030374535334599856e-01,-7.798097510000000510e-01,3.887131700000000245e-02,2.731139359339999828e+02,2.024000000000000000e+03,1.100000000000000000e+01,1.400000000000000000e+01,1.300000000000000000e+01,4.300000000000000000e+01,2.395109499999999869e+01
4.000638898060000059e+01,-8.303742531339000266e+01,7.689999999999999614e-02,-1.900600000000000067e+00,-9.343548092197999366e-02,-2.594532128348799871e-01,9.162867411057999678e-02,-7.873056920000000014e-01,8.697787999999999353e-02,2.731153248800000028e+02,2.024000000000000000e+03,1.100000000000000000e+01,1.400000000000000000e+01,1.300000000000000000e+01,4.300000000000000000e+01,2.401733799999999874e+01
4.000638903070999675e+01,-8.303742686994000621e+01,8.219999999999999529e-02,-1.891000000000000014e+00,1.447153450206200009e-01,-2.968947721898599901e-01,1.161526830600799892e-01,-7.940890750000000331e-01,1.050550680000000014e-01,2.731028728580000120e+02,2.024000000000000000e+03,1.100000000000000000e+01,1.400000000000000000e+01,1.300000000000000000e+01,4.300000000000000000e+01,2.408069300000000013e+01
4.000638908274999750e+01,-8.303742841659000362e+01,8.580000000000000127e-02,-1.875899999999999901e+00,1.594337048203200158e-01,-4.743556010937600154e-01,1.145539228197400144e-01,-7.965866259999999643e-01,1.214359480000000019e-01,2.730894592930000044e+02,2.024000000000000000e+03,1.100000000000000000e+01,1.400000000000000000e+01,1.300000000000000000e+01,4.300000000000000000e+01,2.414365300000000047e+01
4.000638913046000056e+01,-8.303742973145999429e+01,9.160000000000000087e-02,-1.861499999999999932e+00,1.923103193894399876e-01,-4.613288815093800066e-01,7.453873121786000477e-02,-7.861132029999999826e-01,1.459210300000000071e-01,2.730837936219999733e+02,2.024000000000000000e+03,1.100000000000000000e+01,1.400000000000000000e+01,1.300000000000000000e+01,4.300000000000000000e+01,2.420811899999999994e+01
4.000638918917999831e+01,-8.303743125572999872e+01,9.479999999999999538e-02,-1.852300000000000058e+00,5.776159873061999933e-02,-2.490691341742800047e-01,2.518630859449999884e-02,-7.624532189999999598e-01,1.744445639999999964e-01,2.730796641489999956e+02,2.024000000000000000e+03,1.100000000000000000e+01,1.400000000000000000e+01,1.300000000000000000e+01,4.300000000000000000e+01,2.427572199999999825e+01
4.000638923910999978e+01,-8.303743255768000608e+01,9.289999999999999647e-02,-1.847699999999999898e+00,-2.044927603378000197e-02,-1.659399291237599883e-01,-1.118532569547199956e-01,-7.449055519999999708e-01,1.865083060000000126e-01,2.730733241170000269e+02,2.024000000000000000e+03,1.100000000000000000e+01,1.400000000000000000e+01,1.300000000000000000e+01,4.300000000000000000e+01,2.433918500000000051e+01
4.000638929696000190e+01,-8.303743406847000585e+01,8.970000000000000195e-02,-1.833499999999999908e+00,-1.851863689644800137e-01,-4.231117616778600210e-01,-2.096503159030799757e-01,-7.189383059999999714e-01,1.974688529999999997e-01,2.730602921490000199e+02,2.024000000000000000e+03,1.100000000000000000e+01,1.400000000000000000e+01,1.300000000000000000e+01,4.300000000000000000e+01,2.440331499999999920e+01
4.000638933495999794e+01,-8.303743514065000397e+01,8.179999999999999771e-02,-1.824000000000000066e+00,-2.545048149786999780e-01,-3.685490289642400219e-01,-4.289812886180000527e-03,-7.135671609999999498e-01,2.163576769999999982e-01,2.730523376439999765e+02,2.024000000000000000e+03,1.100000000000000000e+01,1.400000000000000000e+01,1.300000000000000000e+01,4.300000000000000000e+01,2.446656099999999867e+01
4.000638938472999939e+01,-8.303743663487000504e+01,8.010000000000000453e-02,-1.816899999999999959e+00,6.072306780574000112e-02,-1.771720984481000016e-01,2.477039813863999781e-02,-7.150609150000000191e-01,2.408192799999999967e-01,2.730458655969999882e+02,2.024000000000000000e+03,1.100000000000000000e+01,1.400000000000000000e+01,1.300000000000000000e+01,4.300000000000000000e+01,2.452860599999999991e+01
4.000638942761000294e+01,-8.303743791213000236e+01,7.920000000000000651e-02,-1.812500000000000000e+00,-8.100320585435999421e-02,-1.838614190628800049e-01,2.198361299465999980e-02,-7.083129649999999611e-01,2.456314569999999975e-01,2.730416229919999864e+02,2.024000000000000000e+03,1.100000000000000000e+01,1.400000000000000000e+01,1.300000000000000000e+01,4.300000000000000000e+01,2.459176599999999979e+01
4.000638947593999717e+01,-8.303743939439000599e+01,7.639999999999999569e-02,-1.798399999999999999e+00,-6.804052469988000618e-02,-4.406606082201200425e-01,4.244549818312000344e-02,-7.129090489999999614e-01,2.487905599999999939e-01,2.730324626699999726e+02,2.024000000000000000e+03,1.100000000000000000e+01,1.400000000000000000e+01,1.300000000000000000e+01,4.300000000000000000e+01,2.465613000000000099e+01
4.000638952482000121e+01,-8.303744086323999340e+01,7.839999999999999747e-02,-1.780299999999999994e+00,2.966585596215999890e-02,-5.134880847924400138e-01,-9.065520924768000199e-02,-7.137235229999999708e-01,2.695199160000000260e-01,2.730195806360000006e+02,2.024000000000000000e+03,1.100000000000000000e+01,1.400000000000000000e+01,1.300000000000000000e+01,4.300000000000000000e+01,2.472525500000000065e+01
4.000638956553999748e+01,-8.303744211203999726e+01,7.499999999999999722e-02,-1.769900000000000029e+00,-3.454150055159999760e-02,-3.223374265970599950e-01,1.630461794717799895e-01,-7.121330340000000536e-01,2.993563759999999796e-01,2.730114655510000148e+02,2.024000000000000000e+03,1.100000000000000000e+01,1.400000000000000000e+01,1.300000000000000000e+01,4.300000000000000000e+01,2.479005599999999987e+01
4.000638961184999687e+01,-8.303744356420999395e+01,7.439999999999999392e-02,-1.767400000000000082e+00,1.408548554232000143e-02,-7.122044205171999820e-02,1.137420709823200038e-01,-7.168079630000000479e-01,3.083541129999999852e-01,2.730012120409999739e+02,2.024000000000000000e+03,1.100000000000000000e+01,1.400000000000000000e+01,1.300000000000000000e+01,4.300000000000000000e+01,2.485708299999999937e+01
4.000638962525000153e+01,-8.303744397856000603e+01,7.560000000000000053e-02,-1.766199999999999992e+00,6.510611782524000635e-02,-9.295275259615999597e-02,5.003059222582000032e-02,-7.152083200000000085e-01,3.047981830000000003e-01,2.729978120889999786e+02,2.024000000000000000e+03,1.100000000000000000e+01,1.400000000000000000e+01,1.300000000000000000e+01,4.300000000000000000e+01,2.492244200000000021e+01
4.000638970076000334e+01,-8.303744624699000099e+01,7.560000000000000053e-02,-1.747400000000000064e+00,-4.905581542147999935e-02,-4.164371682734999691e-01,-8.644340351175999748e-02,-7.103391860000000113e-01,2.797965629999999981e-01,2.729818688859999725e+02,2.024000000000000000e+03,1.100000000000000000e+01,1.400000000000000000e+01,1.300000000000000000e+01,4.300000000000000000e+01,2.498805000000000121e+01
4.000638974022000127e+01,-8.303744747649000146e+01,7.099999999999999367e-02,-1.735000000000000098e+00,-6.137504678487999688e-02,-4.064622209526799756e-01,-6.302287298278000383e-02,-7.167464209999999669e-01,2.805956720000000182e-01,2.729779972790000215e+02,2.024000000000000000e+03,1.100000000000000000e+01,1.400000000000000000e+01,1.300000000000000000e+01,4.300000000000000000e+01,2.505258699999999905e+01
4.000638978485000052e+01,-8.303744890292000491e+01,7.059999999999999609e-02,-1.727300000000000058e+00,5.876963049263999456e-02,-2.177762443926800073e-01,6.496423489661999617e-02,-7.259616370000000485e-01,2.801815160000000193e-01,2.729705353719999721e+02,2.024000000000000000e+03,1.100000000000000000e+01,1.400000000000000000e+01,1.300000000000000000e+01,4.300000000000000000e+01,2.511637100000000089e+01
4.000638982446000114e+01,-8.303745011953000699e+01,7.459999999999999964e-02,-1.717799999999999994e+00,1.589099930423799878e-01,-3.447965750647800087e-01,9.482457367926000469e-02,-7.196744189999999541e-01,2.682061880000000120e-01,2.729603051999999934e+02,2.024000000000000000e+03,1.100000000000000000e+01,1.400000000000000000e+01,1.300000000000000000e+01,4.300000000000000000e+01,2.517910200000000032e+01
4.000638987327999985e+01,-8.303745152908000193e+01,7.870000000000000606e-02,-1.704299999999999926e+00,1.113561915800800051e-01,-3.909174495324799770e-01,4.588665775706000233e-02,-7.010105979999999848e-01,2.549541040000000147e-01,2.729473882419999882e+02,2.024000000000000000e+03,1.100000000000000000e+01,1.400000000000000000e+01,1.300000000000000000e+01,4.300000000000000000e+01,2.524386300000000105e+01
4.000638991588999716e+01,-8.303745272896000529e+01,7.810000000000000275e-02,-1.694600000000000106e+00,-5.805696917820000504e-03,-3.256275783582600059e-01,2.622061780202000064e-02,-6.909623820000000416e-01,2.450748610000000050e-01,2.729416180640000107e+02,2.024000000000000000e+03,1.100000000000000000e+01,1.400000000000000000e+01,1.300000000000000000e+01,4.300000000000000000e+01,2.530715999999999966e+01
4.000638995108000273e+01,-8.303745372433000682e+01,7.789999999999999702e-02,-1.688700000000000090e+00,4.178764834283999613e-02,-2.469422331867600073e-01,9.032702905440000846e-03,-6.866354270000000204e-01,2.329825110000000032e-01,2.729408191019999776e+02,2.024000000000000000e+03,1.100000000000000000e+01,1.400000000000000000e+01,1.300000000000000000e+01,4.300000000000000000e+01,2.537205499999999958e+01
4.000639000679999668e+01,-8.303745530681999298e+01,7.349999999999999589e-02,-1.672600000000000087e+00,-1.508577988150200111e-01,-4.573126909441799781e-01,-9.670274229288000623e-02,-6.740373389999999576e-01,2.108175170000000098e-01,2.729365240070000027e+02,2.024000000000000000e+03,1.100000000000000000e+01,1.400000000000000000e+01,1.300000000000000000e+01,4.300000000000000000e+01,2.543604799999999955e+01
4.000639004549999811e+01,-8.303745648288000325e+01,6.890000000000000291e-02,-1.659299999999999997e+00,-1.111569234473000073e-01,-4.550137912828999820e-01,-1.058159311197000019e-01,-6.709390889999999885e-01,2.106427150000000081e-01,2.729262594609999724e+02,2.024000000000000000e+03,1.100000000000000000e+01,1.400000000000000000e+01,1.300000000000000000e+01,4.300000000000000000e+01,2.550085500000000138e+01
4.000639008268999675e+01,-8.303745765101000131e+01,6.740000000000000158e-02,-1.650700000000000056e+00,-4.968345744311999934e-02,-2.633452682763199881e-01,4.920721190108000298e-02,-6.685728450000000267e-01,2.168824850000000137e-01,2.729126323770000226e+02,2.024000000000000000e+03,1.100000000000000000e+01,1.400000000000000000e+01,1.300000000000000000e+01,4.300000000000000000e+01,2.556454899999999952e+01
4.000639011962999803e+01,-8.303745881474999635e+01,6.719999999999999585e-02,-1.645899999999999919e+00,-5.238938549986000420e-02,-1.827304622995200023e-01,3.187323298947999928e-02,-6.652328280000000538e-01,2.122883010000000126e-01,2.729018651470000236e+02,2.024000000000000000e+03,1.100000000000000000e+01,1.400000000000000000e+01,1.300000000000000000e+01,4.300000000000000000e+01,2.562791400000000053e+01
4.000639016376000257e+01,-8.303746016652000606e+01,6.950000000000000622e-02,-1.635899999999999910e+00,1.137235269235999970e-02,-3.449140765709399759e-01,1.846908779093800190e-01,-6.593075520000000189e-01,1.899026269999999905e-01,2.728984876810000060e+02,2.024000000000000000e+03,1.100000000000000000e+01,1.400000000000000000e+01,1.300000000000000000e+01,4.300000000000000000e+01,2.569050999999999974e+01
4.000639020786000088e+01,-8.303746150588999342e+01,6.900000000000000577e-02,-1.617599999999999927e+00,1.372686927851999965e-02,-5.211353108126199896e-01,3.875425692725999877e-02,-6.607985180000000014e-01,1.747237600000000057e-01,2.728934641309999733e+02,2.024000000000000000e+03,1.100000000000000000e+01,1.400000000000000000e+01,1.300000000000000000e+01,4.300000000000000000e+01,2.575398099999999957e+01
4.000639024694999790e+01,-8.303746264449999614e+01,7.280000000000000360e-02,-1.608899999999999997e+00,6.593400540604001103e-02,-2.766474238153399656e-01,-7.809271513591999059e-02,-6.515676320000000077e-01,1.714468749999999986e-01,2.728834551119999787e+02,2.024000000000000000e+03,1.100000000000000000e+01,1.400000000000000000e+01,1.300000000000000000e+01,4.300000000000000000e+01,2.581830199999999920e+01
4.000639027378999657e+01,-8.303746340048999741e+01,7.359999999999999876e-02,-1.604600000000000026e+00,-1.637339530559999822e-03,-2.258471838824399891e-01,-1.660036196571199885e-01,-6.386754629999999988e-01,1.687853870000000089e-01,2.728749631950000207e+02,2.024000000000000000e+03,1.100000000000000000e+01,1.400000000000000000e+01,1.300000000000000000e+01,4.300000000000000000e+01,2.588542599999999894e+01
4.000639031277999891e+01,-8.303746452961000557e+01,6.909999999999999476e-02,-1.595599999999999907e+00,-1.723930942982599968e-01,-3.121671296219599712e-01,-1.305929699749799888e-01,-6.198084109999999480e-01,1.612138009999999899e-01,2.728624049310000146e+02,2.024000000000000000e+03,1.100000000000000000e+01,1.400000000000000000e+01,1.300000000000000000e+01,4.300000000000000000e+01,2.594975799999999921e+01
4.000639036657000247e+01,-8.303746622248999643e+01,6.300000000000000044e-02,-1.606999999999999984e+00,-1.009507415012199927e-01,4.772021825138600404e-01,-1.233005347051800010e-01,-6.244735259999999455e-01,1.945639879999999933e-01,2.728479909010000029e+02,2.024000000000000000e+03,1.100000000000000000e+01,1.400000000000000000e+01,1.300000000000000000e+01,4.300000000000000000e+01,2.601527099999999848e+01
4.000639040936999891e+01,-8.303746755506000454e+01,6.719999999999999585e-02,-1.631899999999999906e+00,1.100514097200599867e-01,8.126339069501000711e-01,-3.393609349440000061e-03,-6.251162449999999593e-01,2.335904659999999966e-01,2.728400621069999943e+02,2.024000000000000000e+03,1.100000000000000000e+01,1.400000000000000000e+01,1.300000000000000000e+01,4.300000000000000000e+01,2.608114600000000038e+01
4.000639045495000090e+01,-8.303746890825999571e+01,7.030000000000000138e-02,-1.656500000000000083e+00,-1.355191647162000065e-02,7.349347659780599562e-01,5.441462034764000394e-02,-6.071486689999999742e-01,2.482949479999999876e-01,2.728311330170000133e+02,2.024000000000000000e+03,1.100000000000000000e+01,1.400000000000000000e+01,1.300000000000000000e+01,4.300000000000000000e+01,2.614705800000000124e+01
4.000639049387999790e+01,-8.303747008330999790e+01,6.679999999999999827e-02,-1.673899999999999944e+00,-2.067414540192399897e-01,5.530882247157399290e-01,1.425158187255400055e-01,-5.980850269999999913e-01,2.509205059999999876e-01,2.728219069940000168e+02,2.024000000000000000e+03,1.100000000000000000e+01,1.400000000000000000e+01,1.300000000000000000e+01,4.300000000000000000e+01,2.621489300000000000e+01
4.000639053700999881e+01,-8.303747146877999796e+01,6.460000000000000464e-02,-1.692099999999999937e+00,-7.932112066363999903e-02,4.769842670099400106e-01,2.376713008369400193e-01,-6.045025539999999697e-01,2.588986320000000174e-01,2.728147814669999889e+02,2.024000000000000000e+03,1.100000000000000000e+01,1.400000000000000000e+01,1.300000000000000000e+01,4.300000000000000000e+01,2.628043999999999869e+01
4.000639058154000338e+01,-8.303747287074000383e+01,6.990000000000000380e-02,-1.713600000000000012e+00,9.743592048780000403e-02,5.776495902978400210e-01,1.838046492873399995e-01,-5.956025230000000503e-01,2.613558850000000100e-01,2.728111278549999952e+02,2.024000000000000000e+03,1.100000000000000000e+01,1.400000000000000000e+01,1.300000000000000000e+01,4.300000000000000000e+01,2.634934200000000004e+01
4.000639062660000178e+01,-8.303747428859000479e+01,6.800000000000000488e-02,-1.731899999999999995e+00,-8.234544087549999780e-02,4.769338463205199385e-01,4.247853087548000145e-02,-5.838626989999999850e-01,2.551917040000000192e-01,2.728066365629999837e+02,2.024000000000000000e+03,1.100000000000000000e+01,1.400000000000000000e+01,1.300000000000000000e+01,4.300000000000000000e+01,2.642836099999999888e+01
4.000639067067000099e+01,-8.303747572228000706e+01,6.729999999999999871e-02,-1.752099999999999991e+00,-2.594352303558000034e-02,5.317793750536400355e-01,-1.291652950392000072e-02,-5.895835729999999719e-01,2.498089380000000082e-01,2.727976492899999812e+02,2.024000000000000000e+03,1.100000000000000000e+01,1.400000000000000000e+01,1.300000000000000000e+01,4.300000000000000000e+01,2.649193800000000110e+01
4.000639071423000104e+01,-8.303747717122000438e+01,6.320000000000000617e-02,-1.770499999999999963e+00,-2.943003912265000355e-01,5.155093244287800580e-01,-1.097339927163999973e-01,-6.000593079999999579e-01,2.459503650000000041e-01,2.727886964709999802e+02,2.024000000000000000e+03,1.100000000000000000e+01,1.400000000000000000e+01,1.300000000000000000e+01,4.300000000000000000e+01,2.655507199999999912e+01
4.000639074367000347e+01,-8.303747821457000100e+01,6.069999999999999701e-02,-1.781900000000000039e+00,-1.913772455387600102e-01,4.776437304687199403e-01,-4.568485398041999962e-02,-6.123103659999999948e-01,2.482090429999999903e-01,2.727840519270000073e+02,2.024000000000000000e+03,1.100000000000000000e+01,1.400000000000000000e+01,1.300000000000000000e+01,4.300000000000000000e+01,2.661768700000000010e+01
4.000639078422000239e+01,-8.303747968825000214e+01,6.450000000000000178e-02,-1.802599999999999980e+00,1.265355605997399990e-01,6.404097917251000416e-01,3.571577580791999995e-02,-6.290340359999999631e-01,2.621137740000000216e-01,2.727751320030000102e+02,2.024000000000000000e+03,1.100000000000000000e+01,1.400000000000000000e+01,1.300000000000000000e+01,4.300000000000000000e+01,2.668150299999999930e+01
4.000639082837999894e+01,-8.303748118026000213e+01,6.990000000000000380e-02,-1.825399999999999912e+00,9.246737265361999747e-02,6.320132557840200116e-01,1.102446586848000037e-01,-6.249818769999999635e-01,2.652206240000000159e-01,2.727681429549999734e+02,2.024000000000000000e+03,1.100000000000000000e+01,1.400000000000000000e+01,1.300000000000000000e+01,4.300000000000000000e+01,2.674388099999999824e+01
4.000639086852000048e+01,-8.303748247305000518e+01,7.409999999999999920e-02,-1.842100000000000071e+00,9.430806178056000411e-02,5.335313379729800243e-01,6.163864208874000189e-02,-6.179750979999999450e-01,2.613583170000000067e-01,2.727618959399999881e+02,2.024000000000000000e+03,1.100000000000000000e+01,1.400000000000000000e+01,1.300000000000000000e+01,4.300000000000000000e+01,2.680860099999999946e+01
4.000639090386000163e+01,-8.303748355829000616e+01,7.799999999999999989e-02,-1.853900000000000103e+00,1.156755769267200085e-01,4.936333754983600053e-01,1.411536589410000014e-02,-6.116796450000000496e-01,2.636445599999999723e-01,2.727551047459999722e+02,2.024000000000000000e+03,1.100000000000000000e+01,1.400000000000000000e+01,1.300000000000000000e+01,4.300000000000000000e+01,2.687496700000000160e+01
4.000639094059000200e+01,-8.303748465133000423e+01,7.860000000000000320e-02,-1.868400000000000061e+00,-1.035775677663799965e-01,5.788568590536600222e-01,-1.297580797317199885e-01,-6.054485929999999794e-01,2.700597499999999873e-01,2.727470422719999874e+02,2.024000000000000000e+03,1.100000000000000000e+01,1.400000000000000000e+01,1.300000000000000000e+01,4.300000000000000000e+01,2.694368300000000005e+01
4.000639101334999737e+01,-8.303748686352000163e+01,7.630000000000000671e-02,-1.895799999999999930e+00,-1.505066269234399956e-01,5.068191345407000448e-01,-1.161416639859999891e-02,-5.923782810000000065e-01,2.803079110000000207e-01,2.727307531669999889e+02,2.024000000000000000e+03,1.100000000000000000e+01,1.400000000000000000e+01,1.300000000000000000e+01,4.300000000000000000e+01,2.700942999999999827e+01
4.000639105348999891e+01,-8.303748820734000446e+01,6.829999999999999960e-02,-1.913999999999999924e+00,-3.099058040720399920e-01,5.897558036233400136e-01,6.292571166133999194e-02,-5.938022360000000388e-01,2.889276829999999907e-01,2.727209378150000134e+02,2.024000000000000000e+03,1.100000000000000000e+01,1.400000000000000000e+01,1.300000000000000000e+01,4.300000000000000000e+01,2.707346899999999934e+01
4.000639109638999713e+01,-8.303748979216000237e+01,6.350000000000000089e-02,-1.937500000000000000e+00,-1.603498100671000015e-01,6.568630463866600433e-01,-7.799143779660000497e-02,-6.087820459999999656e-01,2.945795970000000263e-01,2.727110306690000243e+02,2.024000000000000000e+03,1.100000000000000000e+01,1.400000000000000000e+01,1.300000000000000000e+01,4.300000000000000000e+01,2.713754399999999833e+01
4.000639113169000183e+01,-8.303749116599000502e+01,6.230000000000000121e-02,-1.958299999999999930e+00,-7.837082312932000527e-02,6.860376867478600316e-01,-8.720934205039999887e-02,-6.281339379999999473e-01,2.933026919999999760e-01,2.727026521579999780e+02,2.024000000000000000e+03,1.100000000000000000e+01,1.400000000000000000e+01,1.300000000000000000e+01,4.300000000000000000e+01,2.720169399999999982e+01
4.000639117306000259e+01,-8.303749278655000410e+01,6.500000000000000222e-02,-1.979899999999999993e+00,6.388564844221999994e-02,5.668417452123000189e-01,-1.003727295840000115e-03,-6.488410399999999800e-01,2.803829930000000248e-01,2.726941901659999985e+02,2.024000000000000000e+03,1.100000000000000000e+01,1.400000000000000000e+01,1.300000000000000000e+01,4.300000000000000000e+01,2.726761499999999927e+01
4.000639121684999822e+01,-8.303749441971000067e+01,7.030000000000000138e-02,-1.990599999999999925e+00,1.503658271495600107e-01,3.071717961492599902e-01,-5.603371656804000123e-02,-6.541556339999999858e-01,2.835374589999999917e-01,2.726883080470000209e+02,2.024000000000000000e+03,1.100000000000000000e+01,1.400000000000000000e+01,1.300000000000000000e+01,4.300000000000000000e+01,2.733491199999999921e+01
4.000639125944999819e+01,-8.303749582884999825e+01,8.169999999999999485e-02,-2.007699999999999818e+00,2.938600611075999902e-01,6.449977921987000151e-01,8.292519514591999152e-02,-6.458603259999999846e-01,3.065272620000000225e-01,2.726812925739999969e+02,2.024000000000000000e+03,1.100000000000000000e+01,1.400000000000000000e+01,1.300000000000000000e+01,4.300000000000000000e+01,2.739960400000000007e+01
4.000639130610999672e+01,-8.303749725283999794e+01,8.680000000000000215e-02,-2.031299999999999883e+00,1.231612168524399975e-01,7.791269078217000210e-01,1.193300943488799920e-01,-6.278863909999999882e-01,3.101866160000000261e-01,2.726740017050000233e+02,2.024000000000000000e+03,1.100000000000000000e+01,1.400000000000000000e+01,1.300000000000000000e+01,4.300000000000000000e+01,2.746580799999999911e+01
4.000639136182000044e+01,-8.303749893334000376e+01,8.799999999999999489e-02,-2.053900000000000059e+00,8.849239827730000230e-02,5.766080457797999603e-01,4.632111115074000196e-02,-6.126207430000000231e-01,2.916473620000000211e-01,2.726681883449999759e+02,2.024000000000000000e+03,1.100000000000000000e+01,1.400000000000000000e+01,1.300000000000000000e+01,4.300000000000000000e+01,2.753059899999999871e+01
4.000639141583999958e+01,-8.303750062860000014e+01,8.060000000000000497e-02,-2.070100000000000051e+00,-2.535634309773199813e-01,4.934753069215400134e-01,3.127984767115999515e-02,-5.936102779999999912e-01,2.736390710000000115e-01,2.726627269059999890e+02,2.024000000000000000e+03,1.100000000000000000e+01,1.400000000000000000e+01,1.300000000000000000e+01,4.300000000000000000e+01,2.759771299999999883e+01
4.000639145760000304e+01,-8.303750209407000682e+01,6.980000000000000093e-02,-2.087699999999999889e+00,-4.120951787516800580e-01,5.408561672221600114e-01,1.369370305320000147e-03,-5.953076459999999681e-01,2.573894130000000113e-01,2.726566723860000252e+02,2.024000000000000000e+03,1.100000000000000000e+01,1.400000000000000000e+01,1.300000000000000000e+01,4.300000000000000000e+01,2.766263700000000014e+01
4.000639150170000136e+01,-8.303750381771000377e+01,6.460000000000000464e-02,-2.104800000000000004e+00,-2.294207995166600011e-01,4.720531028118399863e-01,1.302494431439800149e-01,-6.175867409999999946e-01,2.279333420000000110e-01,2.726470841880000080e+02,2.024000000000000000e+03,1.100000000000000000e+01,1.400000000000000000e+01,1.300000000000000000e+01,4.300000000000000000e+01,2.772706600000000066e+01
4.000639153797000347e+01,-8.303750530407999975e+01,6.469999999999999363e-02,-2.112499999999999822e+00,-6.019329153752000366e-02,2.060728024034599870e-01,5.371355861424000067e-02,-6.389977289999999588e-01,1.840872829999999905e-01,2.726405320869999969e+02,2.024000000000000000e+03,1.100000000000000000e+01,1.400000000000000000e+01,1.300000000000000000e+01,4.300000000000000000e+01,2.779212100000000163e+01
4.000639158372000281e+01,-8.303750703600999827e+01,7.580000000000000626e-02,-2.100900000000000212e+00,2.847433573979000210e-01,-3.600927871331000008e-01,6.323853752307999343e-02,-6.460465079999999638e-01,1.297236850000000052e-01,2.726302059519999830e+02,2.024000000000000000e+03,1.100000000000000000e+01,1.400000000000000000e+01,1.300000000000000000e+01,4.300000000000000000e+01,2.785818700000000092e+01
4.000639159088999719e+01,-8.303750728244999380e+01,7.820000000000000562e-02,-2.098199999999999843e+00,3.588396275787800183e-01,-4.069369587307199998e-01,6.151387948959999470e-03,-6.450797230000000493e-01,1.238658559999999964e-01,2.726279567309999834e+02,2.024000000000000000e+03,1.100000000000000000e+01,1.400000000000000000e+01,1.300000000000000000e+01,4.300000000000000000e+01,2.792284700000000086e+01
4.000639166477999709e+01,-8.303750973514999600e+01,8.319999999999999618e-02,-2.081599999999999895e+00,1.282117145330400054e-01,-2.153536069281399845e-01,-2.670165368847999751e-02,-6.319826809999999906e-01,8.735523000000000593e-02,2.726142183630000204e+02,2.024000000000000000e+03,1.100000000000000000e+01,1.400000000000000000e+01,1.300000000000000000e+01,4.300000000000000000e+01,2.798736099999999993e+01
4.000639172257000098e+01,-8.303751144423999619e+01,9.320000000000000506e-02,-2.071899999999999853e+00,3.740699995895599983e-01,-2.899724395110199748e-01,-1.787815126145400058e-01,-6.029229210000000005e-01,6.390280099999999519e-02,2.726121524339999951e+02,2.024000000000000000e+03,1.100000000000000000e+01,1.400000000000000000e+01,1.300000000000000000e+01,4.300000000000000000e+01,2.805293500000000151e+01
4.000639179584000260e+01,-8.303751338623999345e+01,9.740000000000000047e-02,-2.055899999999999839e+00,-2.295386117670000087e-02,-4.585701336515199400e-01,-1.096428063144000084e-02,-5.331332540000000009e-01,4.398534700000000103e-02,2.726036541820000139e+02,2.024000000000000000e+03,1.100000000000000000e+01,1.400000000000000000e+01,1.300000000000000000e+01,4.300000000000000000e+01,2.811802700000000144e+01
4.000639184765000067e+01,-8.303751483003000544e+01,8.459999999999999465e-02,-2.035499999999999865e+00,-4.372778457524000295e-01,-7.887382125030600877e-01,1.769205908021000140e-01,-4.989420509999999975e-01,4.768476499999999701e-02,2.725915216010000108e+02,2.024000000000000000e+03,1.100000000000000000e+01,1.400000000000000000e+01,1.300000000000000000e+01,4.300000000000000000e+01,2.818195300000000003e+01
4.000639190291000347e+01,-8.303751649049999628e+01,7.900000000000000078e-02,-2.005100000000000104e+00,-2.204560453012200105e-01,-7.021967535105599900e-01,4.101752272511999947e-02,-4.745303630000000106e-01,9.789680800000000183e-02,2.725774265030000265e+02,2.024000000000000000e+03,1.100000000000000000e+01,1.400000000000000000e+01,1.300000000000000000e+01,4.300000000000000000e+01,2.824850100000000097e+01
4.000639194870999660e+01,-8.303751790545000233e+01,7.850000000000000033e-02,-2.006899999999999906e+00,-1.221975542409199922e-01,1.027938992698800014e-01,-5.894566408009999786e-02,-4.399809610000000037e-01,1.514632790000000062e-01,2.725777534019999848e+02,2.024000000000000000e+03,1.100000000000000000e+01,1.400000000000000000e+01,1.300000000000000000e+01,4.300000000000000000e+01,2.831360700000000108e+01
4.000639199988000172e+01,-8.303751956032000692e+01,7.689999999999999614e-02,-2.014499999999999957e+00,7.403633547651999880e-02,2.027849105621999937e-01,-1.257885548620200078e-01,-4.141637710000000139e-01,1.502574929999999920e-01,2.725885044519999951e+02,2.024000000000000000e+03,1.100000000000000000e+01,1.400000000000000000e+01,1.300000000000000000e+01,4.300000000000000000e+01,2.837716100000000097e+01
4.000639204256000170e+01,-8.303752097909999463e+01,7.649999999999999856e-02,-2.009700000000000042e+00,1.358506218535399934e-01,-1.446141442226600016e-01,-3.590566732007000050e-01,-4.104361080000000217e-01,1.203368890000000024e-01,2.725944368209999880e+02,2.024000000000000000e+03,1.100000000000000000e+01,1.400000000000000000e+01,1.300000000000000000e+01,4.300000000000000000e+01,2.844213999999999842e+01
4.000639209348000236e+01,-8.303752262349000546e+01,7.359999999999999876e-02,-1.987500000000000044e+00,-2.140039581659600176e-01,-6.753626637491799700e-01,-3.054935872208799919e-01,-3.967335000000000167e-01,9.518682900000000058e-02,2.725923200550000161e+02,2.024000000000000000e+03,1.100000000000000000e+01,1.400000000000000000e+01,1.300000000000000000e+01,4.300000000000000000e+01,2.850945799999999863e+01
4.000639213803999894e+01,-8.303752424271999644e+01,5.949999999999999734e-02,-1.950499999999999901e+00,-3.264683926591400165e-01,-1.021324075895919892e+00,9.921056019983999497e-02,-4.112245999999999957e-01,1.283932809999999980e-01,2.725901890170000001e+02,2.024000000000000000e+03,1.100000000000000000e+01,1.400000000000000000e+01,1.300000000000000000e+01,4.300000000000000000e+01,2.857716599999999829e+01
4.000639217068000164e+01,-8.303752561233000051e+01,5.480000000000000149e-02,-1.935300000000000020e+00,-3.140584507116000318e-02,-4.316801689511999829e-01,2.612860181245799662e-01,-4.472566929999999830e-01,1.941397390000000056e-01,2.725905873809999775e+02,2.024000000000000000e+03,1.100000000000000000e+01,1.400000000000000000e+01,1.300000000000000000e+01,4.300000000000000000e+01,2.864034200000000041e+01
4.000639220923000039e+01,-8.303752720517999819e+01,5.999999999999999778e-02,-1.935599999999999987e+00,1.688263895053200014e-01,8.860937233999999652e-05,4.206147503674000088e-02,-4.728644929999999968e-01,2.445951879999999912e-01,2.725976249330000201e+02,2.024000000000000000e+03,1.100000000000000000e+01,1.400000000000000000e+01,1.300000000000000000e+01,4.300000000000000000e+01,2.870972300000000033e+01
4.000639224665999905e+01,-8.303752856805999727e+01,6.829999999999999960e-02,-1.929200000000000026e+00,2.009170167394199735e-01,-2.574726969675200094e-01,-9.181357781139999272e-03,-4.739642330000000126e-01,2.536867609999999829e-01,2.726076615590000074e+02,2.024000000000000000e+03,1.100000000000000000e+01,1.400000000000000000e+01,1.300000000000000000e+01,4.300000000000000000e+01,2.876993900000000082e+01
4.000639229336999847e+01,-8.303753014945000643e+01,7.190000000000000557e-02,-1.915300000000000002e+00,1.021478239747800054e-01,-4.315234453241599821e-01,5.845087216139999674e-03,-4.777249749999999962e-01,2.599884760000000239e-01,2.726225199360000033e+02,2.024000000000000000e+03,1.100000000000000000e+01,1.400000000000000000e+01,1.300000000000000000e+01,4.300000000000000000e+01,2.883959799999999873e+01
4.000639230718000050e+01,-8.303753059926999924e+01,7.330000000000000404e-02,-1.911899999999999933e+00,1.223045090079600133e-01,-3.712163308190399857e-01,4.196985670520000065e-03,-4.814423689999999811e-01,2.647506869999999846e-01,2.726262741620000156e+02,2.024000000000000000e+03,1.100000000000000000e+01,1.400000000000000000e+01,1.300000000000000000e+01,4.300000000000000000e+01,2.890527200000000008e+01
4.000639237875000020e+01,-8.303753283256999396e+01,7.779999999999999416e-02,-1.888900000000000023e+00,9.836210985938000084e-02,-4.715908399895200054e-01,-2.609768266134399606e-01,-4.777456130000000134e-01,2.933506909999999968e-01,2.726442607409999823e+02,2.024000000000000000e+03,1.100000000000000000e+01,1.400000000000000000e+01,1.300000000000000000e+01,4.300000000000000000e+01,2.896883599999999959e+01
4.000639242263999762e+01,-8.303753416026999901e+01,7.810000000000000275e-02,-1.881000000000000005e+00,-3.134788385520000109e-02,-2.039517718939799773e-01,-1.986003225681399753e-01,-4.559430910000000226e-01,3.260428080000000173e-01,2.726537451269999792e+02,2.024000000000000000e+03,1.100000000000000000e+01,1.400000000000000000e+01,1.300000000000000000e+01,4.300000000000000000e+01,2.903293299999999988e+01
4.000639247872999960e+01,-8.303753592341999479e+01,7.420000000000000207e-02,-1.875199999999999978e+00,-5.164954535360000154e-02,-1.534246172007800169e-01,-1.472461376558200086e-01,-4.387460349999999787e-01,3.481729150000000272e-01,2.726690364680000016e+02,2.024000000000000000e+03,1.100000000000000000e+01,1.400000000000000000e+01,1.300000000000000000e+01,4.300000000000000000e+01,2.909901199999999832e+01
4.000639251932000207e+01,-8.303753723977999357e+01,7.430000000000000493e-02,-1.864999999999999991e+00,7.694971163926001001e-02,-3.052074987568599851e-01,-2.048244344000000098e-04,-4.363718100000000266e-01,3.641260530000000051e-01,2.726812572559999808e+02,2.024000000000000000e+03,1.100000000000000000e+01,1.400000000000000000e+01,1.300000000000000000e+01,4.300000000000000000e+01,2.916324699999999837e+01
4.000639263367000353e+01,-8.303754093348000254e+01,6.729999999999999871e-02,-1.840300000000000047e+00,-1.485383678996600176e-01,-2.512687038439599951e-01,-3.841787653828000054e-02,-4.235871869999999761e-01,4.189830760000000098e-01,2.727130796189999842e+02,2.024000000000000000e+03,1.100000000000000000e+01,1.400000000000000000e+01,1.300000000000000000e+01,4.300000000000000000e+01,2.932190699999999950e+01
4.000639267951999756e+01,-8.303754244188999678e+01,7.499999999999999722e-02,-1.833199999999999941e+00,2.473706286733200199e-01,-1.862996638640599945e-01,3.871099388199999991e-02,-4.228574990000000255e-01,4.362935009999999725e-01,2.727264551279999978e+02,2.024000000000000000e+03,1.100000000000000000e+01,1.400000000000000000e+01,1.300000000000000000e+01,4.300000000000000000e+01,2.939465099999999964e+01
4.000639272379999767e+01,-8.303754372875999934e+01,8.450000000000000566e-02,-1.822899999999999965e+00,2.952281036973600226e-01,-3.349599960952400202e-01,-3.362139182047999691e-02,-3.958574739999999870e-01,4.456350450000000074e-01,2.727356925959999785e+02,2.024000000000000000e+03,1.100000000000000000e+01,1.400000000000000000e+01,1.300000000000000000e+01,4.300000000000000000e+01,2.945888000000000062e+01
4.000639277882999778e+01,-8.303754522052000198e+01,8.599999999999999312e-02,-1.810300000000000020e+00,1.417553331895999962e-02,-3.420399706933799910e-01,2.542186081494199890e-01,-3.602165949999999728e-01,4.607255639999999763e-01,2.727453976649999845e+02,2.024000000000000000e+03,1.100000000000000000e+01,1.400000000000000000e+01,1.300000000000000000e+01,4.300000000000000000e+01,2.952568399999999826e+01
4.000639283195999951e+01,-8.303754670415999328e+01,8.140000000000000013e-02,-1.802999999999999936e+00,-4.363938457202000409e-02,-1.941513377570199816e-01,6.838732957155799763e-01,-3.356125189999999980e-01,4.505880480000000188e-01,2.727630977640000083e+02,2.024000000000000000e+03,1.100000000000000000e+01,1.400000000000000000e+01,1.300000000000000000e+01,4.300000000000000000e+01,2.959325899999999976e+01
4.000639287768999708e+01,-8.303754797196999959e+01,8.429999999999999993e-02,-1.798100000000000032e+00,1.018814561454600143e-01,-1.915628401160399952e-01,3.539924208420999752e-01,-3.090608300000000086e-01,4.023587220000000020e-01,2.727723082940000268e+02,2.024000000000000000e+03,1.100000000000000000e+01,1.400000000000000000e+01,1.300000000000000000e+01,4.300000000000000000e+01,2.965846799999999917e+01
4.000639293142999975e+01,-8.303754944022000473e+01,8.319999999999999618e-02,-1.777900000000000036e+00,1.228801386497999949e-02,-6.067685124229800220e-01,-9.509113663121999960e-02,-2.792073569999999894e-01,3.535456490000000174e-01,2.727685498179999968e+02,2.024000000000000000e+03,1.100000000000000000e+01,1.400000000000000000e+01,1.300000000000000000e+01,4.300000000000000000e+01,2.972326999999999941e+01
4.000639297413999884e+01,-8.303755068424999308e+01,7.439999999999999392e-02,-1.756599999999999939e+00,-1.915518558026200191e-01,-7.384529351188999780e-01,-4.179714580665399581e-01,-2.696422729999999879e-01,3.395836689999999769e-01,2.727624760439999818e+02,2.024000000000000000e+03,1.100000000000000000e+01,1.400000000000000000e+01,1.300000000000000000e+01,4.300000000000000000e+01,2.979107899999999987e+01
4.000639301969000172e+01,-8.303755211597000141e+01,6.800000000000000488e-02,-1.730599999999999916e+00,-1.595797963333999980e-01,-7.650022447227600164e-01,-5.267347280851200075e-01,-2.666974939999999794e-01,3.566881210000000246e-01,2.727687883460000080e+02,2.024000000000000000e+03,1.100000000000000000e+01,1.400000000000000000e+01,1.300000000000000000e+01,4.300000000000000000e+01,2.986252800000000107e+01
4.000639303279999837e+01,-8.303755252103999851e+01,7.109999999999999654e-02,-1.722499999999999920e+00,1.137211819581400163e-01,-7.763356271006400799e-01,-3.416878816522599949e-01,-2.636685429999999775e-01,3.658970830000000118e-01,2.727721606200000224e+02,2.024000000000000000e+03,1.100000000000000000e+01,1.400000000000000000e+01,1.300000000000000000e+01,4.300000000000000000e+01,2.992864499999999950e+01
4.000639309316999714e+01,-8.303755450894999512e+01,5.770000000000000129e-02,-1.659299999999999997e+00,-2.424905321632800093e-01,-1.557844710398500032e+00,1.119510893280200037e-01,-2.542257509999999998e-01,3.809409739999999878e-01,2.727862958790000221e+02,2.024000000000000000e+03,1.100000000000000000e+01,1.400000000000000000e+01,1.300000000000000000e+01,4.300000000000000000e+01,2.999248400000000103e+01
4.000639313367999961e+01,-8.303755602641000166e+01,5.140000000000000124e-02,-1.579399999999999915e+00,-5.446954421000000431e-04,-2.067994435455859925e+00,4.511185893284200277e-01,-2.806910300000000080e-01,3.404160980000000003e-01,2.727828206259999888e+02,2.024000000000000000e+03,1.100000000000000000e+01,1.400000000000000000e+01,1.300000000000000000e+01,4.300000000000000000e+01,3.005725599999999886e+01
