4.000639773203999994e+01,-8.303766772275000108e+01,-2.029999999999999860e-02,2.223999999999999866e-01,-6.201944729820000474e-03,1.225341155170919905e+00,-1.042325621014799919e-01,4.703396550000000231e-01,-9.157139680000000448e-01,9.546462493200000665e+01,2.024000000000000000e+03,1.100000000000000000e+01,1.400000000000000000e+01,1.400000000000000000e+01,4.500000000000000000e+01,4.304696999999999996e+00
4.000639773035000246e+01,-8.303766769595999619e+01,-2.069999999999999965e-02,2.281999999999999862e-01,-7.839427062359998616e-03,1.243574431486720089e+00,-7.312571516843999198e-02,4.699735500000000177e-01,-9.104732030000000087e-01,9.546430701100000249e+01,2.024000000000000000e+03,1.100000000000000000e+01,1.400000000000000000e+01,1.400000000000000000e+01,4.500000000000000000e+01,4.358297000000000310e+00
4.000639772307999920e+01,-8.303766758151999738e+01,-2.280000000000000082e-02,2.540000000000000036e-01,-2.947787669180000278e-02,1.257052446213740016e+00,-2.413684808448000180e-02,4.714869979999999905e-01,-8.950920999999999461e-01,9.546380326300000263e+01,2.024000000000000000e+03,1.100000000000000000e+01,1.400000000000000000e+01,1.400000000000000000e+01,4.500000000000000000e+01,4.411820999999999771e+00
4.000639771075000084e+01,-8.303766738605999365e+01,-2.659999999999999865e-02,2.977000000000000202e-01,9.866242244399999264e-03,1.489231585301819871e+00,-7.085374484325999977e-02,4.709060729999999806e-01,-8.658702050000000039e-01,9.546368945099999337e+01,2.024000000000000000e+03,1.100000000000000000e+01,1.400000000000000000e+01,1.400000000000000000e+01,4.500000000000000000e+01,4.464957000000000065e+00
4.000639770120999827e+01,-8.303766723782000270e+01,-2.960000000000000131e-02,3.300000000000000155e-01,7.527853104900000293e-03,1.606070897982800005e+00,5.339316146695999993e-02,4.711992950000000180e-01,-8.453624849999999968e-01,9.546424413500000128e+01,2.024000000000000000e+03,1.100000000000000000e+01,1.400000000000000000e+01,1.400000000000000000e+01,4.500000000000000000e+01,4.518778000000000183e+00
4.000639768743000246e+01,-8.303766702999000415e+01,-3.420000000000000123e-02,3.740999999999999881e-01,2.140599406480000241e-03,1.746164546261800066e+00,1.050120884019599965e-01,4.732220959999999810e-01,-8.247134929999999642e-01,9.546437451600000657e+01,2.024000000000000000e+03,1.100000000000000000e+01,1.400000000000000000e+01,1.400000000000000000e+01,4.500000000000000000e+01,4.573659000000000141e+00
4.000639766455999791e+01,-8.303766669486999774e+01,-4.109999999999999765e-02,4.380999999999999894e-01,1.086144873591999953e-02,1.808783074658300016e+00,1.590377455016200037e-01,4.766231850000000048e-01,-8.019036640000000160e-01,9.546368698499999539e+01,2.024000000000000000e+03,1.100000000000000000e+01,1.400000000000000000e+01,1.400000000000000000e+01,4.500000000000000000e+01,4.626602000000000103e+00
4.000639764558999900e+01,-8.303766642322999303e+01,-4.599999999999999922e-02,4.843000000000000083e-01,2.058166619965999880e-02,1.836100418622780062e+00,1.177522595650800086e-01,4.807416290000000036e-01,-7.950861750000000061e-01,9.546272278799999356e+01,2.024000000000000000e+03,1.100000000000000000e+01,1.400000000000000000e+01,1.400000000000000000e+01,4.500000000000000000e+01,4.680017999999999567e+00
4.000639762042000314e+01,-8.303766606268999340e+01,-5.020000000000000157e-02,5.372999999999999998e-01,-2.514370047347999626e-02,1.766522865297700084e+00,6.394732755041999950e-02,4.850418579999999924e-01,-7.944280559999999936e-01,9.546229551800000479e+01,2.024000000000000000e+03,1.100000000000000000e+01,1.400000000000000000e+01,1.400000000000000000e+01,4.500000000000000000e+01,4.733264000000000138e+00
4.000639759780000304e+01,-8.303766573408999818e+01,-5.279999999999999971e-02,5.800999999999999490e-01,-6.584073985275999685e-02,1.694618253981540201e+00,4.264194748062000162e-02,4.862289619999999868e-01,-7.951399660000000313e-01,9.546306060099999513e+01,2.024000000000000000e+03,1.100000000000000000e+01,1.400000000000000000e+01,1.400000000000000000e+01,4.500000000000000000e+01,4.786395999999999873e+00
4.000639757396999840e+01,-8.303766538092000360e+01,-5.559999999999999665e-02,6.211999999999999744e-01,-5.166676840030000328e-02,1.629966924228060110e+00,-1.970660981128000144e-02,4.886137460000000154e-01,-7.963622769999999518e-01,9.546557705700000440e+01,2.024000000000000000e+03,1.100000000000000000e+01,1.400000000000000000e+01,1.400000000000000000e+01,4.500000000000000000e+01,4.840755999999999837e+00
4.000639754369999679e+01,-8.303766492455000048e+01,-5.840000000000000052e-02,6.729000000000000536e-01,-9.794712797915999802e-02,1.714412680080819928e+00,-3.215631932265999859e-02,4.922893280000000260e-01,-7.937212729999999494e-01,9.546899180100000137e+01,2.024000000000000000e+03,1.100000000000000000e+01,1.400000000000000000e+01,1.400000000000000000e+01,4.500000000000000000e+01,4.894129999999999647e+00
4.000639751751000261e+01,-8.303766451651999603e+01,-6.040000000000000230e-02,7.163000000000000478e-01,-9.270283382107999404e-02,1.739481915630279873e+00,-3.644943286234000185e-02,4.900303260000000161e-01,-7.908152219999999843e-01,9.546975660699999366e+01,2.024000000000000000e+03,1.100000000000000000e+01,1.400000000000000000e+01,1.400000000000000000e+01,4.500000000000000000e+01,4.947288999999999604e+00
4.000639749006000301e+01,-8.303766408335999927e+01,-6.429999999999999605e-02,7.589000000000000190e-01,-8.470038091860001422e-03,1.715784875628539874e+00,1.157024630999999959e-04,4.828683950000000058e-01,-7.890642220000000373e-01,9.546947333999999330e+01,2.024000000000000000e+03,1.100000000000000000e+01,1.400000000000000000e+01,1.400000000000000000e+01,4.500000000000000000e+01,5.000912999999999720e+00
4.000639748428000075e+01,-8.303766399376000606e+01,-6.560000000000000553e-02,7.672999999999999821e-01,3.817208082173999956e-02,1.706459284608019988e+00,-3.819980869778000221e-02,4.818079379999999912e-01,-7.891943030000000414e-01,9.546938882899999612e+01,2.024000000000000000e+03,1.100000000000000000e+01,1.400000000000000000e+01,1.400000000000000000e+01,4.500000000000000000e+01,5.053007000000000026e+00
4.000639743434000195e+01,-8.303766324123000686e+01,-7.510000000000000009e-02,8.354000000000000314e-01,8.457444863642001043e-02,1.737327760667919829e+00,4.598001422045999709e-02,4.807894950000000112e-01,-7.903285930000000237e-01,9.547009333200000469e+01,2.024000000000000000e+03,1.100000000000000000e+01,1.400000000000000000e+01,1.400000000000000000e+01,4.500000000000000000e+01,5.106060000000000265e+00
4.000639738590999883e+01,-8.303766253141000675e+01,-8.060000000000000497e-02,8.925999999999999490e-01,2.776228324102000128e-02,1.642899848636639959e+00,-5.187180767519999902e-02,4.833331459999999913e-01,-7.915857360000000398e-01,9.547201394100000016e+01,2.024000000000000000e+03,1.100000000000000000e+01,1.400000000000000000e+01,1.400000000000000000e+01,4.500000000000000000e+01,5.159279999999999866e+00
4.000639735613999903e+01,-8.303766210521999369e+01,-8.390000000000000235e-02,9.244999999999999885e-01,5.889377522600000060e-03,1.613261460544439974e+00,4.136623601080000046e-02,4.845686350000000253e-01,-7.892594010000000271e-01,9.547312803299999473e+01,2.024000000000000000e+03,1.100000000000000000e+01,1.400000000000000000e+01,1.400000000000000000e+01,4.500000000000000000e+01,5.213422999999999696e+00
4.000639730086000156e+01,-8.303766132338999739e+01,-8.870000000000000107e-02,9.799999999999999822e-01,-7.407356932601999455e-02,1.573812808218760129e+00,1.392738872094000102e-02,4.883630520000000197e-01,-7.829126149999999784e-01,9.547335840200000234e+01,2.024000000000000000e+03,1.100000000000000000e+01,1.400000000000000000e+01,1.400000000000000000e+01,4.500000000000000000e+01,5.267163000000000039e+00
4.000639726007999997e+01,-8.303766073660999325e+01,-9.149999999999999800e-02,1.021900000000000031e+00,-5.661025994575999420e-02,1.691355187798960102e+00,1.029147796819999960e-02,4.891805020000000170e-01,-7.758674300000000246e-01,9.547352565399999946e+01,2.024000000000000000e+03,1.100000000000000000e+01,1.400000000000000000e+01,1.400000000000000000e+01,4.500000000000000000e+01,5.320418000000000092e+00
4.000639721814999916e+01,-8.303766012497999327e+01,-9.320000000000000506e-02,1.064599999999999991e+00,-1.345921415468200044e-01,1.708919568810619793e+00,-5.652690094414000027e-02,4.890225089999999941e-01,-7.707865069999999541e-01,9.547391718000000083e+01,2.024000000000000000e+03,1.100000000000000000e+01,1.400000000000000000e+01,1.400000000000000000e+01,4.500000000000000000e+01,5.373727999999999838e+00
4.000639716562999837e+01,-8.303765935801000353e+01,-9.850000000000000422e-02,1.115399999999999947e+00,-3.730828214486000410e-02,1.680080626790119824e+00,-3.325312579694000154e-02,4.908810909999999916e-01,-7.689366669999999626e-01,9.547384761200000014e+01,2.024000000000000000e+03,1.100000000000000000e+01,1.400000000000000000e+01,1.400000000000000000e+01,4.500000000000000000e+01,5.427687999999999846e+00
4.000639712038000084e+01,-8.303765869232999819e+01,-1.003000000000000003e-01,1.155399999999999983e+00,-1.442629327861000010e-01,1.576786133288780256e+00,-5.169375708329999874e-02,4.896810340000000150e-01,-7.677654080000000381e-01,9.547342068099999324e+01,2.024000000000000000e+03,1.100000000000000000e+01,1.400000000000000000e+01,1.400000000000000000e+01,4.500000000000000000e+01,5.481086999999999598e+00
4.000639706462000333e+01,-8.303765786291999973e+01,-1.048999999999999932e-01,1.202700000000000102e+00,3.890161544259999968e-03,1.580229062359380210e+00,6.725563586324000143e-02,4.852235209999999910e-01,-7.615976199999999752e-01,9.547381644099999676e+01,2.024000000000000000e+03,1.100000000000000000e+01,1.400000000000000000e+01,1.400000000000000000e+01,4.500000000000000000e+01,5.533691000000000138e+00
4.000639701630999667e+01,-8.303765714598999637e+01,-1.087999999999999939e-01,1.243500000000000050e+00,-1.321056187213999998e-02,1.640820160156720053e+00,-1.751312950489999909e-02,4.814979360000000153e-01,-7.540441420000000283e-01,9.547469245400000659e+01,2.024000000000000000e+03,1.100000000000000000e+01,1.400000000000000000e+01,1.400000000000000000e+01,4.500000000000000000e+01,5.587837999999999639e+00
4.000639696596000050e+01,-8.303765640487000610e+01,-1.135000000000000037e-01,1.286000000000000032e+00,-3.678022719160000190e-03,1.734738268814500106e+00,-6.566058791202000755e-02,4.803169540000000182e-01,-7.462094460000000540e-01,9.547444443400000580e+01,2.024000000000000000e+03,1.100000000000000000e+01,1.400000000000000000e+01,1.400000000000000000e+01,4.500000000000000000e+01,5.641306000000000154e+00
4.000639690255999881e+01,-8.303765548315000444e+01,-1.207000000000000017e-01,1.335599999999999898e+00,9.930545359390000049e-02,1.691950791492479844e+00,-3.903911160275999603e-02,4.807167290000000093e-01,-7.420125419999999972e-01,9.547135748399999500e+01,2.024000000000000000e+03,1.100000000000000000e+01,1.400000000000000000e+01,1.400000000000000000e+01,4.500000000000000000e+01,5.695770000000000444e+00
4.000639684731000045e+01,-8.303765468928000359e+01,-1.257000000000000062e-01,1.374500000000000055e+00,1.070101516769400019e-01,1.602321054653400134e+00,-4.537932790199999456e-04,4.839764850000000118e-01,-7.379970059999999554e-01,9.546608643000000427e+01,2.024000000000000000e+03,1.100000000000000000e+01,1.400000000000000000e+01,1.400000000000000000e+01,4.500000000000000000e+01,5.749094000000000371e+00
4.000639677846000097e+01,-8.303765370553000480e+01,-1.288999999999999868e-01,1.423399999999999999e+00,-5.051223969586000201e-02,1.647344966590480020e+00,1.034164988274400010e-01,4.902608660000000174e-01,-7.335871649999999855e-01,9.546119314400000633e+01,2.024000000000000000e+03,1.100000000000000000e+01,1.400000000000000000e+01,1.400000000000000000e+01,4.500000000000000000e+01,5.802770999999999901e+00
4.000639672073000241e+01,-8.303765286009999613e+01,-1.285999999999999921e-01,1.463300000000000045e+00,-1.111520008980800001e-01,1.652774113212699847e+00,5.730154343195999894e-02,4.913829319999999945e-01,-7.269669359999999525e-01,9.545891001299999346e+01,2.024000000000000000e+03,1.100000000000000000e+01,1.400000000000000000e+01,1.400000000000000000e+01,4.500000000000000000e+01,5.856414000000000009e+00
4.000639666263000294e+01,-8.303765199080000059e+01,-1.300000000000000044e-01,1.504399999999999959e+00,-6.700088618431999932e-02,1.694040355467979930e+00,-9.431397689718000465e-02,4.884873860000000234e-01,-7.182860960000000405e-01,9.545471454900000197e+01,2.024000000000000000e+03,1.100000000000000000e+01,1.400000000000000000e+01,1.400000000000000000e+01,4.500000000000000000e+01,5.909938999999999609e+00
4.000639660317000335e+01,-8.303765109718999327e+01,-1.338999999999999913e-01,1.546399999999999997e+00,9.513928839600000256e-03,1.723893741706139959e+00,-9.506087681882000040e-02,4.890309609999999862e-01,-7.113580470000000489e-01,9.544780654900000627e+01,2.024000000000000000e+03,1.100000000000000000e+01,1.400000000000000000e+01,1.400000000000000000e+01,4.500000000000000000e+01,5.963669999999999582e+00
4.000639654217000185e+01,-8.303765017882000166e+01,-1.370000000000000107e-01,1.588300000000000045e+00,-1.270098891304000110e-02,1.698814720872359851e+00,-8.895446844415999532e-02,4.909798690000000132e-01,-7.071484909999999902e-01,9.543822805300000311e+01,2.024000000000000000e+03,1.100000000000000000e+01,1.400000000000000000e+01,1.400000000000000000e+01,4.500000000000000000e+01,6.016784000000000354e+00
4.000639652982000172e+01,-8.303764999224999599e+01,-1.373999999999999944e-01,1.596200000000000063e+00,-4.642015192685999825e-02,1.659087821190620149e+00,-1.701414035625999771e-02,4.906807169999999885e-01,-7.069901170000000290e-01,9.543605964600000391e+01,2.024000000000000000e+03,1.100000000000000000e+01,1.400000000000000000e+01,1.400000000000000000e+01,4.500000000000000000e+01,6.069268000000000107e+00
4.000639645409000167e+01,-8.303764885260000028e+01,-1.421000000000000041e-01,1.645000000000000018e+00,-2.113238714736000168e-02,1.614517401471040170e+00,-1.000008960279999970e-01,4.919522279999999914e-01,-7.023978450000000207e-01,9.542334763099999861e+01,2.024000000000000000e+03,1.100000000000000000e+01,1.400000000000000000e+01,1.400000000000000000e+01,4.500000000000000000e+01,6.122835000000000250e+00
4.000639636180000025e+01,-8.303764748125000494e+01,-1.484999999999999931e-01,1.698600000000000110e+00,1.588899482096000140e-02,1.543883262101440002e+00,1.419732733553399906e-01,4.986316060000000050e-01,-6.925755129999999760e-01,9.541028662600000132e+01,2.024000000000000000e+03,1.100000000000000000e+01,1.400000000000000000e+01,1.400000000000000000e+01,4.500000000000000000e+01,6.176332000000000377e+00
4.000639632098000220e+01,-8.303764688014000228e+01,-1.491000000000000103e-01,1.721000000000000085e+00,-3.780943401249999697e-02,1.509674819704839965e+00,2.415094367446999901e-01,4.994047289999999917e-01,-6.862784509999999560e-01,9.540400042599999608e+01,2.024000000000000000e+03,1.100000000000000000e+01,1.400000000000000000e+01,1.400000000000000000e+01,4.500000000000000000e+01,6.229832000000000036e+00
4.000639616725000280e+01,-8.303764460604000419e+01,-1.567000000000000060e-01,1.807600000000000096e+00,-3.663910701183999835e-02,1.593252345831239980e+00,-5.999709410258000780e-02,5.041563380000000372e-01,-6.631274160000000251e-01,9.537369413599999746e+01,2.024000000000000000e+03,1.100000000000000000e+01,1.400000000000000000e+01,1.400000000000000000e+01,4.500000000000000000e+01,6.282998000000000083e+00
4.000639609529000040e+01,-8.303764353456000435e+01,-1.570999999999999897e-01,1.849399999999999933e+00,-1.787576631321000087e-01,1.667567170439500090e+00,-2.240891450197800006e-01,5.079746370000000066e-01,-6.565684870000000339e-01,9.535840826400000481e+01,2.024000000000000000e+03,1.100000000000000000e+01,1.400000000000000000e+01,1.400000000000000000e+01,4.500000000000000000e+01,6.336052999999999713e+00
4.000639602383999716e+01,-8.303764243863000161e+01,-1.547000000000000042e-01,1.891199999999999992e+00,-3.002192031843600173e-01,1.666504518325339745e+00,-2.265591623732599869e-01,5.026865590000000328e-01,-6.537852349999999646e-01,9.534347966900000415e+01,2.024000000000000000e+03,1.100000000000000000e+01,1.400000000000000000e+01,1.400000000000000000e+01,4.500000000000000000e+01,6.389401999999999582e+00
4.000639593847999720e+01,-8.303764109155000028e+01,-1.555999999999999883e-01,1.940600000000000103e+00,-1.569134614062600019e-01,1.647498126306800037e+00,-2.318287201806600029e-01,4.867986890000000066e-01,-6.494343660000000407e-01,9.532649081600000329e+01,2.024000000000000000e+03,1.100000000000000000e+01,1.400000000000000000e+01,1.400000000000000000e+01,4.500000000000000000e+01,6.443132000000000303e+00
4.000639586599999831e+01,-8.303763994233999313e+01,-1.615000000000000047e-01,1.981500000000000039e+00,9.226971180870000011e-02,1.631759226093119963e+00,-1.757973296267399954e-01,4.758800360000000063e-01,-6.434394490000000522e-01,9.531092109700000492e+01,2.024000000000000000e+03,1.100000000000000000e+01,1.400000000000000000e+01,1.400000000000000000e+01,4.500000000000000000e+01,6.497022000000000297e+00
4.000639579042999827e+01,-8.303763877094000634e+01,-1.675000000000000100e-01,2.017399999999999860e+00,9.827621356119999735e-03,1.451514474459000059e+00,3.507797925041999942e-02,4.772215940000000267e-01,-6.333072800000000280e-01,9.529232840699999940e+01,2.024000000000000000e+03,1.100000000000000000e+01,1.400000000000000000e+01,1.400000000000000000e+01,4.500000000000000000e+01,6.551046000000000369e+00
4.000639569708999943e+01,-8.303763733876000686e+01,-1.706999999999999906e-01,2.057700000000000085e+00,-1.352604199041999855e-01,1.372922672304919933e+00,1.480520301744399914e-01,4.826464890000000119e-01,-6.006944050000000423e-01,9.526692676899999412e+01,2.024000000000000000e+03,1.100000000000000000e+01,1.400000000000000000e+01,1.400000000000000000e+01,4.500000000000000000e+01,6.605030000000000179e+00
4.000639561623999896e+01,-8.303763612119000470e+01,-1.794999999999999929e-01,2.098899999999999988e+00,2.144879042812000008e-02,1.664238921560139861e+00,2.794631454180200314e-01,4.867563930000000094e-01,-5.686935309999999744e-01,9.524214082299999973e+01,2.024000000000000000e+03,1.100000000000000000e+01,1.400000000000000000e+01,1.400000000000000000e+01,4.500000000000000000e+01,6.659794999999999909e+00
4.000639553343999921e+01,-8.303763487835000490e+01,-1.809000000000000052e-01,2.143200000000000216e+00,-2.209126690310000141e-01,1.746769070727780093e+00,2.677045087377200039e-01,4.967157480000000125e-01,-5.540695089999999601e-01,9.521706005699999764e+01,2.024000000000000000e+03,1.100000000000000000e+01,1.400000000000000000e+01,1.400000000000000000e+01,4.500000000000000000e+01,6.712934999999999874e+00
4.000639545125000041e+01,-8.303763360991999321e+01,-1.781000000000000083e-01,2.186999999999999833e+00,-3.805365448198999578e-01,1.734405712467919969e+00,1.414350847489199980e-01,4.978713399999999956e-01,-5.541609069999999804e-01,9.519305004500000678e+01,2.024000000000000000e+03,1.100000000000000000e+01,1.400000000000000000e+01,1.400000000000000000e+01,4.500000000000000000e+01,6.768057999999999907e+00
4.000639535407999858e+01,-8.303763205561000404e+01,-1.769999999999999907e-01,2.234999999999999876e+00,-2.074252334010999732e-01,1.593635513953440164e+00,-1.256704969779000036e-01,4.875984939999999934e-01,-5.668939160000000532e-01,9.516120222300000364e+01,2.024000000000000000e+03,1.100000000000000000e+01,1.400000000000000000e+01,1.400000000000000000e+01,4.500000000000000000e+01,6.821799000000000390e+00
4.000639525521000195e+01,-8.303763046865999797e+01,-1.832000000000000017e-01,2.279900000000000038e+00,2.295326326112000215e-02,1.509912439657979943e+00,1.735919966799999914e-03,4.867520719999999801e-01,-5.839174139999999680e-01,9.512652831799999831e+01,2.024000000000000000e+03,1.100000000000000000e+01,1.400000000000000000e+01,1.400000000000000000e+01,4.500000000000000000e+01,6.875606999999999580e+00
4.000639517274999690e+01,-8.303762912243999494e+01,-1.797999999999999876e-01,2.316600000000000215e+00,-2.644819478473399710e-01,1.475112680592900016e+00,2.817241264087999922e-02,4.872298360000000272e-01,-5.981578770000000045e-01,9.509824376100000620e+01,2.024000000000000000e+03,1.100000000000000000e+01,1.400000000000000000e+01,1.400000000000000000e+01,4.500000000000000000e+01,6.928310999999999886e+00
4.000639509233000268e+01,-8.303762775433000343e+01,-1.754000000000000004e-01,2.353600000000000136e+00,-2.479211480139399959e-01,1.448324914296500010e+00,-1.395153717637200030e-01,4.728674170000000121e-01,-6.083400909999999717e-01,9.507129037900000412e+01,2.024000000000000000e+03,1.100000000000000000e+01,1.400000000000000000e+01,1.400000000000000000e+01,4.500000000000000000e+01,6.982332999999999679e+00
4.000639504366999688e+01,-8.303762692361000575e+01,-1.782999999999999863e-01,2.373899999999999899e+00,-3.506790687811999624e-02,1.394165132863440126e+00,-1.038240995149000007e-01,4.596687589999999823e-01,-6.129176969999999836e-01,9.505508187799999575e+01,2.024000000000000000e+03,1.100000000000000000e+01,1.400000000000000000e+01,1.400000000000000000e+01,4.500000000000000000e+01,7.036635999999999669e+00
4.000639499462999993e+01,-8.303762608568999326e+01,-1.812999999999999889e-01,2.393899999999999917e+00,5.636189276197999670e-02,1.355238134131800054e+00,5.293757926570000216e-02,4.554563240000000235e-01,-6.143858309999999934e-01,9.503938891200000683e+01,2.024000000000000000e+03,1.100000000000000000e+01,1.400000000000000000e+01,1.400000000000000000e+01,4.500000000000000000e+01,7.089830000000000076e+00
4.000639482719999762e+01,-8.303762324390000060e+01,-1.889000000000000123e-01,2.456100000000000172e+00,9.555215757205999527e-02,1.261191744224819944e+00,2.416228179447399982e-01,4.436627839999999767e-01,-5.943226590000000309e-01,9.498390995100000112e+01,2.024000000000000000e+03,1.100000000000000000e+01,1.400000000000000000e+01,1.400000000000000000e+01,4.500000000000000000e+01,7.144214999999999982e+00
4.000639473916000100e+01,-8.303762179314999514e+01,-1.962000000000000133e-01,2.488900000000000112e+00,1.401072299837800017e-01,1.331840577357400024e+00,1.863439391827400038e-01,4.454046389999999911e-01,-5.769435710000000439e-01,9.495327911399999721e+01,2.024000000000000000e+03,1.100000000000000000e+01,1.400000000000000000e+01,1.400000000000000000e+01,4.500000000000000000e+01,7.198426999999999687e+00
4.000639464780000054e+01,-8.303762032369999702e+01,-2.023000000000000076e-01,2.520500000000000185e+00,3.212645423347999796e-02,1.273968471096400101e+00,1.056049182731400027e-01,4.556726790000000249e-01,-5.632901540000000429e-01,9.492360016499999631e+01,2.024000000000000000e+03,1.100000000000000000e+01,1.400000000000000000e+01,1.400000000000000000e+01,4.500000000000000000e+01,7.252538999999999625e+00
4.000639451791000312e+01,-8.303761823380000351e+01,-2.034999999999999865e-01,2.570199999999999818e+00,-1.217783761634199935e-01,1.492004466625379999e+00,-2.330520643422399896e-01,4.704704499999999845e-01,-5.585523909999999814e-01,9.488568155800000170e+01,2.024000000000000000e+03,1.100000000000000000e+01,1.400000000000000000e+01,1.400000000000000000e+01,4.500000000000000000e+01,7.305907999999999625e+00
4.000639442618000174e+01,-8.303761671380000564e+01,-2.031000000000000028e-01,2.611200000000000188e+00,-2.407409081219999761e-02,1.631578056604320093e+00,-2.372359071128999908e-01,4.683975450000000262e-01,-5.787115900000000535e-01,9.485781223300000420e+01,2.024000000000000000e+03,1.100000000000000000e+01,1.400000000000000000e+01,1.400000000000000000e+01,4.500000000000000000e+01,7.360597000000000278e+00
4.000639433125999744e+01,-8.303761517568000272e+01,-2.104000000000000037e-01,2.631600000000000161e+00,1.031967235234799857e-01,7.464816341239599584e-01,-5.041709051499999178e-02,4.869027430000000267e-01,-6.182638639999999963e-01,9.482768901000000028e+01,2.024000000000000000e+03,1.100000000000000000e+01,1.400000000000000000e+01,1.400000000000000000e+01,4.500000000000000000e+01,7.416216000000000363e+00
4.000639422022000247e+01,-8.303761331917000632e+01,-1.980000000000000093e-01,2.646300000000000097e+00,-4.258655235147200679e-01,5.484592161574199931e-01,-7.053559953519999981e-03,5.009163749999999693e-01,-6.111698450000000449e-01,9.479407819200000063e+01,2.024000000000000000e+03,1.100000000000000000e+01,1.400000000000000000e+01,1.400000000000000000e+01,4.500000000000000000e+01,7.470741000000000298e+00
4.000639413145999868e+01,-8.303761175748999790e+01,-1.912000000000000088e-01,2.677500000000000213e+00,-3.922111867085399939e-01,1.202513789017019885e+00,-8.897045440920001158e-03,4.903788840000000149e-01,-5.812323489999999815e-01,9.476455789300000276e+01,2.024000000000000000e+03,1.100000000000000000e+01,1.400000000000000000e+01,1.400000000000000000e+01,4.500000000000000000e+01,7.525870000000000282e+00
4.000639402686000068e+01,-8.303760985744999346e+01,-1.915000000000000036e-01,2.720000000000000195e+00,-5.679765233484000003e-02,1.372777243770200162e+00,-2.921902852884399882e-01,4.673829569999999878e-01,-5.663955929999999750e-01,9.472618715199999428e+01,2.024000000000000000e+03,1.100000000000000000e+01,1.400000000000000000e+01,1.400000000000000000e+01,4.500000000000000000e+01,7.580207999999999835e+00
4.000639392091999724e+01,-8.303760793362999948e+01,-1.993999999999999939e-01,2.746500000000000163e+00,3.384723867025000166e-01,8.653696137278000799e-01,-1.608097625873600167e-01,4.564983610000000191e-01,-5.574811880000000164e-01,9.468509773300000631e+01,2.024000000000000000e+03,1.100000000000000000e+01,1.400000000000000000e+01,1.400000000000000000e+01,4.500000000000000000e+01,7.634142999999999901e+00
4.000639382840000025e+01,-8.303760631644999535e+01,-2.074000000000000010e-01,2.768299999999999983e+00,2.569055528126999999e-01,8.846658324966000242e-01,2.701705239491999921e-01,4.710271580000000013e-01,-5.396668999999999494e-01,9.464923262199999954e+01,2.024000000000000000e+03,1.100000000000000000e+01,1.400000000000000000e+01,1.400000000000000000e+01,4.500000000000000000e+01,7.688507000000000424e+00
4.000639371418999701e+01,-8.303760435648000282e+01,-2.116000000000000103e-01,2.801400000000000112e+00,6.439978043831999510e-02,1.108864426774719858e+00,1.950951475564600135e-01,4.940625069999999841e-01,-5.112148300000000090e-01,9.460896024100000545e+01,2.024000000000000000e+03,1.100000000000000000e+01,1.400000000000000000e+01,1.400000000000000000e+01,4.500000000000000000e+01,7.742792999999999815e+00
4.000639361747000322e+01,-8.303760270301999924e+01,-2.127999999999999892e-01,2.837000000000000188e+00,-1.061744450329799999e-01,1.402607164128039985e+00,1.988277658479799814e-01,5.134474879999999519e-01,-5.029167820000000066e-01,9.457853056499999411e+01,2.024000000000000000e+03,1.100000000000000000e+01,1.400000000000000000e+01,1.400000000000000000e+01,4.500000000000000000e+01,7.796875000000000000e+00
4.000639352323999987e+01,-8.303760102974999313e+01,-2.041999999999999926e-01,2.869400000000000173e+00,-3.503412929978400037e-01,1.244689644368659920e+00,5.590311321423999807e-02,5.208776950000000294e-01,-5.169111520000000404e-01,9.454967322900000681e+01,2.024000000000000000e+03,1.100000000000000000e+01,1.400000000000000000e+01,1.400000000000000000e+01,4.500000000000000000e+01,7.850660999999999667e+00
4.000639341528000159e+01,-8.303759899995999660e+01,-1.938999999999999890e-01,2.899799999999999933e+00,-3.156482918432400031e-01,9.657866263232198767e-01,4.422761838650000193e-02,5.060694500000000318e-01,-5.436449230000000021e-01,9.451525370400000270e+01,2.024000000000000000e+03,1.100000000000000000e+01,1.400000000000000000e+01,1.400000000000000000e+01,4.500000000000000000e+01,7.904747999999999664e+00
4.000639332722000319e+01,-8.303759729313999571e+01,-1.938000000000000000e-01,2.921899999999999942e+00,-3.014144318578000289e-02,8.696140307194599739e-01,-3.348984340148000033e-02,4.902275669999999752e-01,-5.581474960000000207e-01,9.448606008699999848e+01,2.024000000000000000e+03,1.100000000000000000e+01,1.400000000000000000e+01,1.400000000000000000e+01,4.500000000000000000e+01,7.958880999999999872e+00
4.000639323867000030e+01,-8.303759557358000620e+01,-1.968999999999999917e-01,2.944599999999999884e+00,1.123542005911999930e-01,9.485514936760199856e-01,-8.708321635975999064e-02,4.834463729999999848e-01,-5.589734330000000195e-01,9.445876988800000618e+01,2.024000000000000000e+03,1.100000000000000000e+01,1.400000000000000000e+01,1.400000000000000000e+01,4.500000000000000000e+01,8.014060000000000628e+00
4.000639322079000237e+01,-8.303759522785999536e+01,-1.973000000000000032e-01,2.950400000000000134e+00,1.026354782115000142e-01,1.016081046528920062e+00,-3.342275241200000423e-04,4.819485310000000133e-01,-5.591900370000000287e-01,9.445350199799999302e+01,2.024000000000000000e+03,1.100000000000000000e+01,1.400000000000000000e+01,1.400000000000000000e+01,4.500000000000000000e+01,8.068861999999999313e+00
4.000639309686999923e+01,-8.303759278953999967e+01,-1.920999999999999930e-01,2.990000000000000213e+00,-2.571546293299000197e-01,1.089740289095839865e+00,2.522839046197599688e-01,4.650220959999999959e-01,-5.725743119999999742e-01,9.441721434299999771e+01,2.024000000000000000e+03,1.100000000000000000e+01,1.400000000000000000e+01,1.400000000000000000e+01,4.500000000000000000e+01,8.121430000000000149e+00
4.000639295010000041e+01,-8.303758996845999718e+01,-2.124000000000000055e-01,3.027299999999999880e+00,5.794931999459800309e-01,9.861736578307199741e-01,2.408864614544000138e-01,4.416977730000000157e-01,-5.964254169999999577e-01,9.437110157600000093e+01,2.024000000000000000e+03,1.100000000000000000e+01,1.400000000000000000e+01,1.400000000000000000e+01,4.500000000000000000e+01,8.174972999999999601e+00
4.000639286935000172e+01,-8.303758854467000106e+01,-2.238999999999999879e-01,3.049100000000000144e+00,4.104536836685400703e-01,1.110498142691120016e+00,2.413830668786000055e-01,4.636698699999999840e-01,-6.135056079999999801e-01,9.434586905199999762e+01,2.024000000000000000e+03,1.100000000000000000e+01,1.400000000000000000e+01,1.400000000000000000e+01,4.500000000000000000e+01,8.229910000000000281e+00
4.000639270818000170e+01,-8.303758566844000200e+01,-2.124000000000000055e-01,3.087200000000000166e+00,-4.688181344565799935e-01,8.506685111575599256e-01,-4.727429854981200497e-01,4.992808400000000035e-01,-6.559573509999999663e-01,9.429795127299999535e+01,2.024000000000000000e+03,1.100000000000000000e+01,1.400000000000000000e+01,1.400000000000000000e+01,4.500000000000000000e+01,8.285831999999999198e+00
4.000639260970000066e+01,-8.303758385643999418e+01,-2.127999999999999892e-01,3.101300000000000168e+00,-1.066711749532400083e-01,5.978725798098200039e-01,-1.598689265247799918e-01,4.979659160000000084e-01,-6.648922830000000284e-01,9.426652318399999331e+01,2.024000000000000000e+03,1.100000000000000000e+01,1.400000000000000000e+01,1.400000000000000000e+01,4.500000000000000000e+01,8.340916999999999248e+00
4.000639249352000348e+01,-8.303758166832000143e+01,-2.088000000000000134e-01,3.122100000000000097e+00,-1.665273783240399930e-01,5.714113881153599639e-01,-8.394045317256000616e-02,5.039587300000000214e-01,-6.767408639999999975e-01,9.423474407499999472e+01,2.024000000000000000e+03,1.100000000000000000e+01,1.400000000000000000e+01,1.400000000000000000e+01,4.500000000000000000e+01,8.396962000000000259e+00
4.000639237723000008e+01,-8.303757946829999526e+01,-2.084999999999999909e-01,3.139100000000000001e+00,-1.609449148437800126e-01,5.357708085215199256e-01,-2.890977219051199532e-01,5.373653680000000099e-01,-6.665412389999999521e-01,9.421091858699999477e+01,2.024000000000000000e+03,1.100000000000000000e+01,1.400000000000000000e+01,1.400000000000000000e+01,4.500000000000000000e+01,8.451636000000000593e+00
4.000639228315999674e+01,-8.303757762220000416e+01,-1.981999999999999873e-01,3.164699999999999847e+00,-5.898264520587600535e-01,1.004557475338260009e+00,-1.444945587252199903e-01,5.491462219999999617e-01,-6.579857820000000190e-01,9.419203868600000362e+01,2.024000000000000000e+03,1.100000000000000000e+01,1.400000000000000000e+01,1.400000000000000000e+01,4.500000000000000000e+01,8.505216000000000776e+00
4.000639219215999987e+01,-8.303757575992000284e+01,-1.943000000000000005e-01,3.193799999999999972e+00,-3.449890695535399732e-01,1.139775983438960028e+00,9.620277949979999521e-02,5.266382579999999702e-01,-6.805457759999999912e-01,9.416659509000000128e+01,2.024000000000000000e+03,1.100000000000000000e+01,1.400000000000000000e+01,1.400000000000000000e+01,4.500000000000000000e+01,8.561147000000000062e+00
4.000639209960999665e+01,-8.303757388548000051e+01,-2.044999999999999873e-01,3.207899999999999974e+00,2.539400479205000116e-01,6.154245484742799643e-01,1.986808810183999727e-02,5.040581140000000016e-01,-7.265507530000000491e-01,9.413643224700000189e+01,2.024000000000000000e+03,1.100000000000000000e+01,1.400000000000000000e+01,1.400000000000000000e+01,4.500000000000000000e+01,8.614594999999999558e+00
4.000639198196999757e+01,-8.303757162800999936e+01,-2.159999999999999976e-01,3.216299999999999937e+00,1.193440214293799984e-01,2.859030324071800133e-01,2.464074594885999614e-02,5.244334929999999728e-01,-7.702642920000000171e-01,9.409997731400000021e+01,2.024000000000000000e+03,1.100000000000000000e+01,1.400000000000000000e+01,1.400000000000000000e+01,4.500000000000000000e+01,8.669180000000000774e+00
4.000639186920000157e+01,-8.303756936010999823e+01,-1.920000000000000040e-01,3.239199999999999857e+00,-9.258986436530000086e-01,8.208387443649199922e-01,-9.811895691826000299e-02,5.248530820000000263e-01,-7.945672830000000131e-01,9.407354095099999824e+01,2.024000000000000000e+03,1.100000000000000000e+01,1.400000000000000000e+01,1.400000000000000000e+01,4.500000000000000000e+01,8.723992000000000857e+00
4.000639179900999665e+01,-8.303756783788999485e+01,-1.867999999999999938e-01,3.256600000000000161e+00,-4.139308762073999892e-01,8.216113094257799787e-01,-1.580350448080600212e-01,4.925215499999999746e-01,-8.260104289999999905e-01,9.405927484000000049e+01,2.024000000000000000e+03,1.100000000000000000e+01,1.400000000000000000e+01,1.400000000000000000e+01,4.500000000000000000e+01,8.777495999999999299e+00
4.000639169250000293e+01,-8.303756555117000460e+01,-1.990999999999999992e-01,3.252299999999999969e+00,4.638600356263599678e-01,-1.053663803019000145e-01,-2.033712946108799935e-01,4.646478439999999765e-01,-8.512610400000000244e-01,9.403503148100000431e+01,2.024000000000000000e+03,1.100000000000000000e+01,1.400000000000000000e+01,1.400000000000000000e+01,4.500000000000000000e+01,8.831906999999999286e+00
4.000639157946999802e+01,-8.303756326587999581e+01,-2.106000000000000094e-01,3.252299999999999969e+00,3.708715328935799915e-01,8.894771826944000703e-02,7.912839016759999622e-02,4.875826560000000032e-01,-8.192951889999999793e-01,9.400773573200000044e+01,2.024000000000000000e+03,1.100000000000000000e+01,1.400000000000000000e+01,1.400000000000000000e+01,4.500000000000000000e+01,8.885721000000000203e+00
4.000639148201000239e+01,-8.303756135339999389e+01,-2.144999999999999962e-01,3.277600000000000069e+00,6.792126275210000341e-02,1.011369770500980092e+00,7.207942459628000065e-02,5.127821049999999881e-01,-7.872168410000000005e-01,9.398340689600000530e+01,2.024000000000000000e+03,1.100000000000000000e+01,1.400000000000000000e+01,1.400000000000000000e+01,4.500000000000000000e+01,8.940704000000000207e+00
4.000639135910999755e+01,-8.303755903414000272e+01,-2.290999999999999981e-01,3.311700000000000088e+00,3.075182334172399945e-01,7.599585539921600574e-01,8.308284398868000242e-02,5.499536879999999961e-01,-8.176915719999999776e-01,9.395771283800000617e+01,2.024000000000000000e+03,1.100000000000000000e+01,1.400000000000000000e+01,1.400000000000000000e+01,4.500000000000000000e+01,8.995575000000000543e+00
4.000639133802999936e+01,-8.303755864660999464e+01,-2.310999999999999999e-01,3.311399999999999899e+00,3.510155380482399834e-01,4.844307153266599886e-01,1.473594589358200035e-01,5.594108629999999804e-01,-8.254440870000000485e-01,9.395420376799999929e+01,2.024000000000000000e+03,1.100000000000000000e+01,1.400000000000000000e+01,1.400000000000000000e+01,4.500000000000000000e+01,9.048985999999999308e+00
4.000639121191999692e+01,-8.303755632073000470e+01,-2.298999999999999932e-01,3.308800000000000185e+00,-2.411522359325999829e-02,-1.267986660592200221e-01,-1.794415828202199914e-01,6.112298609999999854e-01,-8.366169770000000394e-01,9.393624715400000014e+01,2.024000000000000000e+03,1.100000000000000000e+01,1.400000000000000000e+01,1.400000000000000000e+01,4.500000000000000000e+01,9.101934999999999221e+00
4.000639106647000176e+01,-8.303755360444999667e+01,-2.272000000000000131e-01,3.316600000000000215e+00,1.893970687134000075e-02,2.579324487068599958e-01,1.230862527516599914e-01,6.702736329999999798e-01,-8.078212089999999845e-01,9.391711775000000273e+01,2.024000000000000000e+03,1.100000000000000000e+01,1.400000000000000000e+01,1.400000000000000000e+01,4.500000000000000000e+01,9.155709999999999127e+00
4.000639100243000001e+01,-8.303755243707000488e+01,-2.321000000000000008e-01,3.323599999999999888e+00,2.060689012806800058e-01,4.118726264381199487e-01,5.085418091058400147e-01,7.029390300000000202e-01,-7.873367919999999520e-01,9.390836856399999988e+01,2.024000000000000000e+03,1.100000000000000000e+01,1.400000000000000000e+01,1.400000000000000000e+01,4.500000000000000000e+01,9.211667000000000272e+00
4.000639081394000129e+01,-8.303754891895999890e+01,-2.149999999999999967e-01,3.344500000000000028e+00,-5.565201543099800308e-01,3.434070576431599853e-01,-7.156031808431999319e-02,7.845971489999999937e-01,-7.754511309999999602e-01,9.388591687599999602e+01,2.024000000000000000e+03,1.100000000000000000e+01,1.400000000000000000e+01,1.400000000000000000e+01,4.500000000000000000e+01,9.265511999999999304e+00
4.000639069670999959e+01,-8.303754656504000309e+01,-2.046000000000000041e-01,3.351100000000000190e+00,-3.552242239704599958e-01,1.842793673693799983e-01,-1.064879865611200044e-01,7.789788439999999481e-01,-7.602726010000000478e-01,9.386937174499999514e+01,2.024000000000000000e+03,1.100000000000000000e+01,1.400000000000000000e+01,1.400000000000000000e+01,4.500000000000000000e+01,9.320461999999999136e+00
4.000639058552999927e+01,-8.303754420603999620e+01,-1.983000000000000040e-01,3.360500000000000043e+00,-5.321339157875999704e-02,3.568511996180399604e-01,-2.280547614681399937e-01,7.577803069999999863e-01,-7.264141179999999975e-01,9.385521079900000530e+01,2.024000000000000000e+03,1.100000000000000000e+01,1.400000000000000000e+01,1.400000000000000000e+01,4.500000000000000000e+01,9.375177000000000760e+00
4.000639049288999871e+01,-8.303754223324999373e+01,-2.013000000000000067e-01,3.373600000000000154e+00,1.176724270729999910e-01,5.234856244734399366e-01,-2.001402495244199997e-01,7.627456169999999869e-01,-7.054547420000000235e-01,9.384059380799999417e+01,2.024000000000000000e+03,1.100000000000000000e+01,1.400000000000000000e+01,1.400000000000000000e+01,4.500000000000000000e+01,9.429408999999999708e+00
4.000639038124000280e+01,-8.303753985583000485e+01,-1.968999999999999917e-01,3.389200000000000212e+00,-3.075131440674599981e-01,4.962803745279600331e-01,-3.192289993352199762e-01,7.740063289999999929e-01,-6.823631300000000399e-01,9.381929929300000026e+01,2.024000000000000000e+03,1.100000000000000000e+01,1.400000000000000000e+01,1.400000000000000000e+01,4.500000000000000000e+01,9.483814000000000632e+00
4.000639029249000345e+01,-8.303753786807999404e+01,-1.875999999999999890e-01,3.396199999999999886e+00,-3.008334451501800122e-01,2.642288078849799882e-01,-8.161054497739999025e-01,7.469011840000000513e-01,-6.507725669999999685e-01,9.380276304800000275e+01,2.024000000000000000e+03,1.100000000000000000e+01,1.400000000000000000e+01,1.400000000000000000e+01,4.500000000000000000e+01,9.538368999999999431e+00
4.000639018793000190e+01,-8.303753548152999997e+01,-1.900000000000000022e-01,3.397899999999999920e+00,1.499250177914200066e-01,2.288315583528999775e-01,1.327122182140599849e-01,7.111102670000000181e-01,-5.835540000000000171e-01,9.379319347099999504e+01,2.024000000000000000e+03,1.100000000000000000e+01,1.400000000000000000e+01,1.400000000000000000e+01,4.500000000000000000e+01,9.594137999999999167e+00
4.000639009566000226e+01,-8.303753348581000182e+01,-2.038999999999999979e-01,3.413499999999999979e+00,3.835987286224999959e-01,6.004460446271400187e-01,5.789033471544999809e-01,7.148229240000000262e-01,-5.360051689999999480e-01,9.378571434600000600e+01,2.024000000000000000e+03,1.100000000000000000e+01,1.400000000000000000e+01,1.400000000000000000e+01,4.500000000000000000e+01,9.648301000000000016e+00
4.000638997963000065e+01,-8.303753107555000668e+01,-2.114000000000000046e-01,3.441800000000000193e+00,6.917624420604000235e-02,9.107314170244799056e-01,5.512570455592800123e-01,7.423497409999999519e-01,-5.145100950000000006e-01,9.377076057799999376e+01,2.024000000000000000e+03,1.100000000000000000e+01,1.400000000000000000e+01,1.400000000000000000e+01,4.500000000000000000e+01,9.703386000000000067e+00
4.000638988125999873e+01,-8.303752905704000398e+01,-2.139000000000000068e-01,3.450000000000000178e+00,7.615781462612000730e-02,3.476566524503800215e-01,-4.398757450469599761e-01,7.530749589999999882e-01,-5.086662400000000472e-01,9.375237313499999914e+01,2.024000000000000000e+03,1.100000000000000000e+01,1.400000000000000000e+01,1.400000000000000000e+01,4.500000000000000000e+01,9.757612999999999204e+00
4.000638978058999840e+01,-8.303752703467999652e+01,-2.197999999999999954e-01,3.459299999999999820e+00,8.920486224220000593e-02,5.626623519235399717e-01,4.409774840840200438e-01,7.652791239999999773e-01,-4.870681339999999859e-01,9.373488194099999760e+01,2.024000000000000000e+03,1.100000000000000000e+01,1.400000000000000000e+01,1.400000000000000000e+01,4.500000000000000000e+01,9.811038999999999177e+00
4.000638965798999891e+01,-8.303752459739000358e+01,-2.182999999999999940e-01,3.475900000000000212e+00,-2.835823103610800033e-01,5.548458871622999888e-01,4.886129660223799687e-01,8.007957470000000022e-01,-4.895146340000000040e-01,9.372740795500000388e+01,2.024000000000000000e+03,1.100000000000000000e+01,1.400000000000000000e+01,1.400000000000000000e+01,4.500000000000000000e+01,9.865705999999999420e+00
4.000638955909000316e+01,-8.303752255684000261e+01,-2.099999999999999922e-01,3.490499999999999936e+00,-4.005009573318199512e-01,5.593761519443799513e-01,3.582257670841400010e-01,8.151136610000000449e-01,-5.063687310000000164e-01,9.372693283200000280e+01,2.024000000000000000e+03,1.100000000000000000e+01,1.400000000000000000e+01,1.400000000000000000e+01,4.500000000000000000e+01,9.921602999999999284e+00
4.000638944045000045e+01,-8.303752009711999449e+01,-2.146000000000000130e-01,3.505900000000000016e+00,-7.589800476179999790e-03,4.432767785851199904e-01,2.514967503038000388e-02,8.191624539999999843e-01,-5.408571890000000160e-01,9.371332103299999972e+01,2.024000000000000000e+03,1.100000000000000000e+01,1.400000000000000000e+01,1.400000000000000000e+01,4.500000000000000000e+01,9.975253999999999621e+00
4.000638938051000082e+01,-8.303751886329000342e+01,-2.184000000000000108e-01,3.514400000000000190e+00,1.642460249948400064e-01,5.493373750258799815e-01,-5.869003805972000665e-02,8.233272609999999769e-01,-5.580085750000000067e-01,9.370149876700000391e+01,2.024000000000000000e+03,1.100000000000000000e+01,1.400000000000000000e+01,1.400000000000000000e+01,4.500000000000000000e+01,1.003022400000000047e+01
4.000638931924999753e+01,-8.303751762713000062e+01,-2.232999999999999985e-01,3.520199999999999996e+00,2.471796801821999900e-01,4.336253153971399987e-01,-9.339688874299999222e-03,8.349500659999999908e-01,-5.861253050000000409e-01,9.369046417900000279e+01,2.024000000000000000e+03,1.100000000000000000e+01,1.400000000000000000e+01,1.400000000000000000e+01,4.500000000000000000e+01,1.008486800000000017e+01
4.000638919506000235e+01,-8.303751514910000253e+01,-2.240999999999999936e-01,3.530400000000000205e+00,-1.121431176638000016e-01,3.473585302190600466e-01,-2.234519903343399894e-01,8.701453679999999746e-01,-6.342079029999999618e-01,9.367443059599999344e+01,2.024000000000000000e+03,1.100000000000000000e+01,1.400000000000000000e+01,1.400000000000000000e+01,4.500000000000000000e+01,1.013958399999999926e+01
4.000638917484999979e+01,-8.303751473558000384e+01,-2.204000000000000126e-01,3.530899999999999928e+00,-3.047471216523799931e-01,2.530727292404199580e-01,-5.147187341968000041e-02,8.761728210000000461e-01,-6.435286340000000438e-01,9.367349519399999735e+01,2.024000000000000000e+03,1.100000000000000000e+01,1.400000000000000000e+01,1.400000000000000000e+01,4.500000000000000000e+01,1.019307399999999930e+01
4.000638915462000256e+01,-8.303751432203000604e+01,-2.187999999999999945e-01,3.531099999999999905e+00,-3.576546520760600090e-01,1.643529024634600155e-01,3.557436462363999796e-02,8.800860910000000148e-01,-6.513998140000000214e-01,9.367278230200000166e+01,2.024000000000000000e+03,1.100000000000000000e+01,1.400000000000000000e+01,1.400000000000000000e+01,4.500000000000000000e+01,1.024687400000000004e+01
4.000638905737000073e+01,-8.303751225528000646e+01,-2.112999999999999878e-01,3.528000000000000025e+00,-2.099152380548399977e-01,-1.393889974301399937e-01,-3.533258432217200040e-01,8.854260590000000430e-01,-6.688156330000000205e-01,9.367284985300000244e+01,2.024000000000000000e+03,1.100000000000000000e+01,1.400000000000000000e+01,1.400000000000000000e+01,4.500000000000000000e+01,1.030171299999999945e+01
4.000638888638999902e+01,-8.303750853424999434e+01,-2.086999999999999966e-01,3.537500000000000089e+00,-1.566910815568799964e-01,3.578524012176799718e-01,-2.681029587196600006e-01,9.044075209999999920e-01,-6.415548129999999460e-01,9.367759660699999813e+01,2.024000000000000000e+03,1.100000000000000000e+01,1.400000000000000000e+01,1.400000000000000000e+01,4.500000000000000000e+01,1.035585299999999975e+01
4.000638877608999877e+01,-8.303750604300999782e+01,-1.993000000000000049e-01,3.554899999999999949e+00,-3.340161148383999912e-01,5.901501093752600235e-01,5.724174195857999886e-02,9.011601099999999587e-01,-6.291081680000000231e-01,9.367373812799999655e+01,2.024000000000000000e+03,1.100000000000000000e+01,1.400000000000000000e+01,1.400000000000000000e+01,4.500000000000000000e+01,1.041247599999999984e+01
4.000638859208000042e+01,-8.303750187075999634e+01,-2.111000000000000099e-01,3.570199999999999818e+00,3.436996879908000291e-01,2.970230068024800052e-01,1.371169734433600185e-01,8.732368200000000247e-01,-6.330366560000000309e-01,9.366192645200000300e+01,2.024000000000000000e+03,1.100000000000000000e+01,1.400000000000000000e+01,1.400000000000000000e+01,4.500000000000000000e+01,1.046768400000000021e+01
4.000638841805999846e+01,-8.303749809993999520e+01,-2.154999999999999971e-01,3.585700000000000109e+00,5.929735320420000642e-03,3.628767200216599931e-01,3.594539334866000274e-02,8.916186090000000064e-01,-6.269265990000000288e-01,9.367054106400000535e+01,2.024000000000000000e+03,1.100000000000000000e+01,1.400000000000000000e+01,1.400000000000000000e+01,4.500000000000000000e+01,1.052265700000000059e+01
4.000638830026999671e+01,-8.303749557704999518e+01,-2.194000000000000117e-01,3.596099999999999852e+00,1.107957916850200036e-01,3.626517985325800053e-01,-1.783057803143799913e-01,8.958165590000000122e-01,-6.208332819999999863e-01,9.367139537799999971e+01,2.024000000000000000e+03,1.100000000000000000e+01,1.400000000000000000e+01,1.400000000000000000e+01,4.500000000000000000e+01,1.057622199999999957e+01
4.000638818505999694e+01,-8.303749304887000449e+01,-2.124999999999999944e-01,3.605799999999999894e+00,-1.830543966170000009e-02,5.052873582138800446e-01,7.237864499130000628e-02,8.832163189999999720e-01,-6.047228590000000015e-01,9.366294181099999605e+01,2.024000000000000000e+03,1.100000000000000000e+01,1.400000000000000000e+01,1.400000000000000000e+01,4.500000000000000000e+01,1.062969900000000045e+01
4.000638806882999887e+01,-8.303749050993999958e+01,-2.160999999999999865e-01,3.621500000000000163e+00,1.259823520761999827e-01,5.292205870068600326e-01,-1.934336296727999852e-02,8.833170259999999496e-01,-6.067141569999999762e-01,9.364661572900000408e+01,2.024000000000000000e+03,1.100000000000000000e+01,1.400000000000000000e+01,1.400000000000000000e+01,4.500000000000000000e+01,1.068486099999999972e+01
4.000638797324999985e+01,-8.303748838740000338e+01,-2.102999999999999869e-01,3.630500000000000060e+00,-1.403634424629399968e-01,3.953627129755200031e-01,-2.296821191144800267e-01,8.938493309999999692e-01,-6.110259949999999884e-01,9.363672004599999354e+01,2.024000000000000000e+03,1.100000000000000000e+01,1.400000000000000000e+01,1.400000000000000000e+01,4.500000000000000000e+01,1.073964499999999944e+01
4.000638786127999680e+01,-8.303748583191000421e+01,-2.053999999999999992e-01,3.645399999999999974e+00,-1.349043816664599882e-01,5.495545437511000220e-01,-2.617872408840800080e-01,8.939217889999999667e-01,-6.099861530000000309e-01,9.363237150999999869e+01,2.024000000000000000e+03,1.100000000000000000e+01,1.400000000000000000e+01,1.400000000000000000e+01,4.500000000000000000e+01,1.079418500000000058e+01
4.000638776705999788e+01,-8.303748369573000332e+01,-2.114999999999999936e-01,3.653500000000000192e+00,2.248706881528600154e-01,3.906361409986999766e-01,-3.002777476214000055e-02,8.906762790000000152e-01,-6.129735299999999887e-01,9.362985965400000055e+01,2.024000000000000000e+03,1.100000000000000000e+01,1.400000000000000000e+01,1.400000000000000000e+01,4.500000000000000000e+01,1.084931199999999940e+01
4.000638765210999992e+01,-8.303748112738000486e+01,-2.139999999999999958e-01,3.658300000000000107e+00,5.767901651701999588e-02,1.688690397566599832e-01,3.917534635158400058e-01,8.928479719999999897e-01,-6.190592200000000211e-01,9.362653803599999947e+01,2.024000000000000000e+03,1.100000000000000000e+01,1.400000000000000000e+01,1.400000000000000000e+01,4.500000000000000000e+01,1.090446900000000063e+01
4.000638755335999974e+01,-8.303747898353999801e+01,-2.215999999999999914e-01,3.665099999999999802e+00,2.283910020316999856e-01,2.877543166029200017e-01,3.944931912852400191e-01,9.066478749999999920e-01,-6.197066369999999491e-01,9.362472779399999467e+01,2.024000000000000000e+03,1.100000000000000000e+01,1.400000000000000000e+01,1.400000000000000000e+01,4.500000000000000000e+01,1.096074499999999929e+01
4.000638745244000205e+01,-8.303747683372999688e+01,-2.232000000000000095e-01,3.678300000000000125e+00,-9.924617603688000445e-02,5.157918792619400339e-01,1.318845183779999986e-01,9.250541180000000363e-01,-6.213296719999999995e-01,9.362353179500000522e+01,2.024000000000000000e+03,1.100000000000000000e+01,1.400000000000000000e+01,1.400000000000000000e+01,4.500000000000000000e+01,1.101727400000000046e+01
4.000638743243000306e+01,-8.303747640266999497e+01,-2.217000000000000082e-01,3.681900000000000173e+00,-1.587004692931600069e-01,5.589109052086400631e-01,1.286000802420999845e-01,9.295662810000000498e-01,-6.247441679999999886e-01,9.362352889699999992e+01,2.024000000000000000e+03,1.100000000000000000e+01,1.400000000000000000e+01,1.400000000000000000e+01,4.500000000000000000e+01,1.107245099999999915e+01
4.000638725123999961e+01,-8.303747250598000562e+01,-2.232000000000000095e-01,3.708400000000000141e+00,-2.845300761599999905e-03,3.997330762075599897e-01,3.732421862468000145e-02,9.422764439999999908e-01,-6.820234859999999566e-01,9.361940667300000030e+01,2.024000000000000000e+03,1.100000000000000000e+01,1.400000000000000000e+01,1.400000000000000000e+01,4.500000000000000000e+01,1.112797899999999984e+01
4.000638710589999647e+01,-8.303746946798000295e+01,-2.295000000000000095e-01,3.707100000000000062e+00,1.491361315242999974e-01,-9.944318734418000627e-02,-7.712956788086000603e-02,9.705318870000000375e-01,-7.227172680000000238e-01,9.361319786599999304e+01,2.024000000000000000e+03,1.100000000000000000e+01,1.400000000000000000e+01,1.400000000000000000e+01,4.500000000000000000e+01,1.118312700000000071e+01
4.000638699983999658e+01,-8.303746729802999482e+01,-2.303999999999999937e-01,3.710799999999999876e+00,-3.497073256857999995e-02,1.370573400781599782e-01,-8.261976642210000499e-02,9.967800559999999699e-01,-7.268689289999999970e-01,9.360870115900000599e+01,2.024000000000000000e+03,1.100000000000000000e+01,1.400000000000000000e+01,1.400000000000000000e+01,4.500000000000000000e+01,1.123760000000000048e+01
4.000638685647999893e+01,-8.303746425255999952e+01,-2.180999999999999883e-01,3.727199999999999847e+00,-3.007507698082200198e-01,5.423326905605999615e-01,-1.097711148997199959e-01,1.004701762999999914e+00,-7.281138240000000206e-01,9.360966414700000371e+01,2.024000000000000000e+03,1.100000000000000000e+01,1.400000000000000000e+01,1.400000000000000000e+01,4.500000000000000000e+01,1.129355800000000087e+01
4.000638675881999973e+01,-8.303746206776999372e+01,-2.094999999999999918e-01,3.742100000000000204e+00,-3.540779948369600083e-01,6.063169621816399957e-01,-4.575946742472000034e-02,9.963258900000000473e-01,-7.453894140000000279e-01,9.361828633499999341e+01,2.024000000000000000e+03,1.100000000000000000e+01,1.400000000000000000e+01,1.400000000000000000e+01,4.500000000000000000e+01,1.134940300000000057e+01
4.000638664251000165e+01,-8.303745944082000108e+01,-2.091999999999999971e-01,3.744499999999999940e+00,-1.031242465239600031e-01,1.357528482542000037e-01,8.741542913675999504e-02,9.955923039999999835e-01,-7.701764070000000073e-01,9.362703485900000544e+01,2.024000000000000000e+03,1.100000000000000000e+01,1.400000000000000000e+01,1.400000000000000000e+01,4.500000000000000000e+01,1.140460900000000066e+01
4.000638654419000062e+01,-8.303745724940000628e+01,-2.182000000000000051e-01,3.747100000000000097e+00,3.334820911325599990e-01,1.334848172424999979e-01,2.552363193367599981e-01,9.978255499999999500e-01,-7.793552670000000182e-01,9.363189508499999647e+01,2.024000000000000000e+03,1.100000000000000000e+01,1.400000000000000000e+01,1.400000000000000000e+01,4.500000000000000000e+01,1.145980100000000057e+01
4.000638644170999925e+01,-8.303745505598999443e+01,-2.263000000000000012e-01,3.748400000000000176e+00,2.401924471464000066e-01,-1.871169256082000007e-02,6.575003664865999853e-02,1.015885090000000046e+00,-7.799298850000000449e-01,9.363376084200000093e+01,2.024000000000000000e+03,1.100000000000000000e+01,1.400000000000000000e+01,1.400000000000000000e+01,4.500000000000000000e+01,1.151666999999999952e+01
4.000638631937999889e+01,-8.303745242560999884e+01,-2.209000000000000130e-01,3.746199999999999974e+00,-5.636501962797999671e-02,-1.204561785701999989e-02,-3.515204511401999743e-01,1.007486561999999974e+00,-7.442419279999999970e-01,9.364011012599999617e+01,2.024000000000000000e+03,1.100000000000000000e+01,1.400000000000000000e+01,1.400000000000000000e+01,4.500000000000000000e+01,1.157212299999999949e+01
4.000638619733999946e+01,-8.303744979383999691e+01,-2.227999999999999980e-01,3.751900000000000013e+00,3.402331176477999680e-02,2.499101737957800107e-01,2.726312941618400099e-01,9.899637989999999776e-01,-6.900078840000000158e-01,9.364997696899999369e+01,2.024000000000000000e+03,1.100000000000000000e+01,1.400000000000000000e+01,1.400000000000000000e+01,4.500000000000000000e+01,1.162837000000000032e+01
4.000638607148000148e+01,-8.303744715569000334e+01,-2.313999999999999946e-01,3.762500000000000178e+00,1.507291496178200241e-01,3.601822866743599749e-01,3.392835151999999552e-05,1.002748278000000104e+00,-6.468457979999999719e-01,9.366103084899999942e+01,2.024000000000000000e+03,1.100000000000000000e+01,1.400000000000000000e+01,1.400000000000000000e+01,4.500000000000000000e+01,1.168390300000000082e+01
4.000638596659000257e+01,-8.303744495182000662e+01,-2.255999999999999950e-01,3.769800000000000040e+00,-2.942872923702000154e-01,2.267991499162199942e-01,-1.560979302375800071e-01,1.016067531000000024e+00,-6.194507049999999904e-01,9.366582697500000165e+01,2.024000000000000000e+03,1.100000000000000000e+01,1.400000000000000000e+01,1.400000000000000000e+01,4.500000000000000000e+01,1.174004200000000075e+01
4.000638584466000225e+01,-8.303744230245000324e+01,-2.174000000000000099e-01,3.776699999999999946e+00,-2.967240911481999754e-01,2.155678471161400211e-01,-3.046004708730999933e-01,1.004368818999999968e+00,-5.736819709999999573e-01,9.366639996099999621e+01,2.024000000000000000e+03,1.100000000000000000e+01,1.400000000000000000e+01,1.400000000000000000e+01,4.500000000000000000e+01,1.179441199999999945e+01
4.000638574367000189e+01,-8.303744008971999335e+01,-2.225999999999999923e-01,3.786599999999999966e+00,1.587781358941799947e-01,4.227323896084599353e-01,-2.992536092249000190e-01,9.922987290000000460e-01,-5.303044260000000509e-01,9.366949809300000140e+01,2.024000000000000000e+03,1.100000000000000000e+01,1.400000000000000000e+01,1.400000000000000000e+01,4.500000000000000000e+01,1.184862299999999991e+01
4.000638562160000333e+01,-8.303743742695000662e+01,-2.218999999999999861e-01,3.797000000000000153e+00,-3.094513530359999792e-02,3.066969807614000065e-01,2.196713407553800013e-01,9.973804739999999613e-01,-4.987002830000000220e-01,9.368165937599999893e+01,2.024000000000000000e+03,1.100000000000000000e+01,1.400000000000000000e+01,1.400000000000000000e+01,4.500000000000000000e+01,1.190375599999999956e+01
4.000638552109000301e+01,-8.303743520337999939e+01,-2.182999999999999940e-01,3.802799999999999958e+00,-1.297530581389400028e-01,2.093101727869799977e-01,4.169137228552399765e-01,9.879548510000000228e-01,-4.766801310000000069e-01,9.369338126799999600e+01,2.024000000000000000e+03,1.100000000000000000e+01,1.400000000000000000e+01,1.400000000000000000e+01,4.500000000000000000e+01,1.195866999999999969e+01
4.000638541787999714e+01,-8.303743297437999615e+01,-2.300999999999999990e-01,3.814900000000000180e+00,3.263744650945399894e-01,4.807323630798400194e-01,-5.152302464498000056e-02,9.747179419999999483e-01,-4.526304899999999964e-01,9.370197330400000624e+01,2.024000000000000000e+03,1.100000000000000000e+01,1.400000000000000000e+01,1.400000000000000000e+01,4.500000000000000000e+01,1.201562700000000028e+01
4.000638539689000339e+01,-8.303743252773999473e+01,-2.308000000000000052e-01,3.817800000000000082e+00,3.187818813900599735e-01,5.303320164828999594e-01,-7.295421860640000089e-02,9.756561729999999599e-01,-4.503783519999999818e-01,9.370421312700000271e+01,2.024000000000000000e+03,1.100000000000000000e+01,1.400000000000000000e+01,1.400000000000000000e+01,4.500000000000000000e+01,1.207129199999999969e+01
4.000638529044000080e+01,-8.303743028962999517e+01,-2.336999999999999911e-01,3.833000000000000185e+00,-3.143954623793999981e-02,6.600368281359400013e-01,-8.709405955955999701e-02,9.763534019999999813e-01,-4.429748029999999726e-01,9.371419860500000709e+01,2.024000000000000000e+03,1.100000000000000000e+01,1.400000000000000000e+01,1.400000000000000000e+01,4.500000000000000000e+01,1.212771000000000043e+01
4.000638516053999894e+01,-8.303742759390999595e+01,-2.391000000000000070e-01,3.846799999999999997e+00,8.193471412897999906e-02,5.336608854735400698e-01,-1.991221847144399870e-01,9.802783010000000186e-01,-4.552553830000000135e-01,9.372465900699999963e+01,2.024000000000000000e+03,1.100000000000000000e+01,1.400000000000000000e+01,1.400000000000000000e+01,4.500000000000000000e+01,1.218278899999999965e+01
4.000638513876999980e+01,-8.303742714404999958e+01,-2.409000000000000030e-01,3.848700000000000010e+00,1.501453146535600136e-01,4.975711344578599982e-01,-3.652729846971400351e-01,9.845463049999999550e-01,-4.597106870000000067e-01,9.372637015300000485e+01,2.024000000000000000e+03,1.100000000000000000e+01,1.400000000000000000e+01,1.400000000000000000e+01,4.500000000000000000e+01,1.223858899999999927e+01
4.000638485286999924e+01,-8.303742128538999623e+01,-2.444999999999999951e-01,3.856300000000000061e+00,-5.094645922100000598e-03,1.269177326475399992e-01,2.065804610298400124e-01,1.016232304000000086e+00,-4.715533499999999822e-01,9.373173817599999325e+01,2.024000000000000000e+03,1.100000000000000000e+01,1.400000000000000000e+01,1.400000000000000000e+01,4.500000000000000000e+01,1.229669400000000046e+01
4.000638465880000183e+01,-8.303741721603999792e+01,-2.336999999999999911e-01,3.873800000000000132e+00,-3.842614817439800046e-01,4.222847283598199497e-01,4.183262020484000004e-02,1.034136246000000092e+00,-4.741303789999999907e-01,9.374633962400000087e+01,2.024000000000000000e+03,1.100000000000000000e+01,1.400000000000000000e+01,1.400000000000000000e+01,4.500000000000000000e+01,1.235226699999999944e+01
4.000638455818999972e+01,-8.303741494515999477e+01,-2.202000000000000068e-01,3.887799999999999923e+00,-3.734178653945599557e-01,4.600209062458600062e-01,2.245114323815800006e-01,1.012239338000000100e+00,-4.950579720000000128e-01,9.375805563100000484e+01,2.024000000000000000e+03,1.100000000000000000e+01,1.400000000000000000e+01,1.400000000000000000e+01,4.500000000000000000e+01,1.240686000000000000e+01
4.000638446072999699e+01,-8.303741266602999360e+01,-2.190999999999999892e-01,3.900599999999999845e+00,8.728819852433999937e-02,4.193436798700799772e-01,9.037071799600000788e-02,9.793234910000000459e-01,-5.379342409999999797e-01,9.376828667799999550e+01,2.024000000000000000e+03,1.100000000000000000e+01,1.400000000000000000e+01,1.400000000000000000e+01,4.500000000000000000e+01,1.246251400000000054e+01
4.000638436058999758e+01,-8.303741038693999599e+01,-2.250999999999999945e-01,3.893800000000000150e+00,1.738214362927399947e-01,-1.546034422108600037e-01,1.028996125399599948e-01,9.650090540000000328e-01,-5.781352579999999852e-01,9.377480703899999526e+01,2.024000000000000000e+03,1.100000000000000000e+01,1.400000000000000000e+01,1.400000000000000000e+01,4.500000000000000000e+01,1.252108800000000066e+01
4.000638422011999751e+01,-8.303740719822999949e+01,-2.247000000000000108e-01,3.892799999999999816e+00,1.020382304688600139e-01,-1.574445322858000068e-02,2.490130105978000108e-02,9.249473160000000194e-01,-5.902409680000000325e-01,9.377741307200000165e+01,2.024000000000000000e+03,1.100000000000000000e+01,1.400000000000000000e+01,1.400000000000000000e+01,4.500000000000000000e+01,1.257608300000000057e+01
4.000638409673000240e+01,-8.303740446268000142e+01,-2.351999999999999924e-01,3.900399999999999867e+00,6.141804705649200891e-01,2.933550217349399913e-01,-3.704125263614000546e-02,8.911510470000000295e-01,-5.916733109999999796e-01,9.378046062600000710e+01,2.024000000000000000e+03,1.100000000000000000e+01,1.400000000000000000e+01,1.400000000000000000e+01,4.500000000000000000e+01,1.263158400000000015e+01
4.000638398995000244e+01,-8.303740217809999535e+01,-2.444999999999999951e-01,3.908399999999999874e+00,4.938708381701599759e-01,3.400516621097799952e-01,-4.851159713857000066e-01,8.830905180000000465e-01,-5.944900039999999608e-01,9.378354709900000330e+01,2.024000000000000000e+03,1.100000000000000000e+01,1.400000000000000000e+01,1.400000000000000000e+01,4.500000000000000000e+01,1.268787799999999955e+01
4.000638386143999981e+01,-8.303739943319000361e+01,-2.351999999999999924e-01,3.911700000000000177e+00,-3.016592737954399972e-01,1.170501487337599900e-01,-4.689120033546799737e-01,8.767587220000000459e-01,-5.946581429999999724e-01,9.378653704299999561e+01,2.024000000000000000e+03,1.100000000000000000e+01,1.400000000000000000e+01,1.400000000000000000e+01,4.500000000000000000e+01,1.274351000000000056e+01
4.000638375698999738e+01,-8.303739714401000072e+01,-2.298000000000000043e-01,3.913899999999999935e+00,-2.379537449859999987e-01,9.420285238750000789e-02,-1.733715627705399998e-01,8.506959210000000216e-01,-5.830378250000000095e-01,9.378822078499999293e+01,2.024000000000000000e+03,1.100000000000000000e+01,1.400000000000000000e+01,1.400000000000000000e+01,4.500000000000000000e+01,1.279908299999999954e+01
4.000638362939999837e+01,-8.303739439708000702e+01,-2.426000000000000101e-01,3.912199999999999900e+00,3.873175918742199908e-01,4.098589528591999737e-02,-2.125411606362999917e-01,8.420300979999999491e-01,-5.432738689999999648e-01,9.379422941599999319e+01,2.024000000000000000e+03,1.100000000000000000e+01,1.400000000000000000e+01,1.400000000000000000e+01,4.500000000000000000e+01,1.285463999999999984e+01
4.000638351621000055e+01,-8.303739210518000391e+01,-2.584000000000000186e-01,3.921600000000000197e+00,4.717064566712799722e-01,4.064683347776000266e-01,1.678504798098000017e-01,8.832336429999999572e-01,-5.048854590000000364e-01,9.380619455999999445e+01,2.024000000000000000e+03,1.100000000000000000e+01,1.400000000000000000e+01,1.400000000000000000e+01,4.500000000000000000e+01,1.291050800000000010e+01
4.000638337413000301e+01,-8.303738934756999868e+01,-2.624000000000000221e-01,3.933899999999999952e+00,-1.833188201824200170e-01,4.411199169304800272e-01,2.393924836886599794e-01,9.523890550000000399e-01,-4.793161100000000174e-01,9.382483415699999796e+01,2.024000000000000000e+03,1.100000000000000000e+01,1.400000000000000000e+01,1.400000000000000000e+01,4.500000000000000000e+01,1.296568300000000029e+01
4.000638328315000081e+01,-8.303738750383999445e+01,-2.434999999999999942e-01,3.942499999999999893e+00,-9.946292564063600183e-01,3.260555757217000195e-01,2.509951141533599550e-01,9.471371429999999592e-01,-4.696241740000000053e-01,9.383294908099999532e+01,2.024000000000000000e+03,1.100000000000000000e+01,1.400000000000000000e+01,1.400000000000000000e+01,4.500000000000000000e+01,1.302275999999999989e+01
4.000638323980999900e+01,-8.303738658038000153e+01,-2.371999999999999942e-01,3.947900000000000187e+00,-8.796465403040999442e-01,4.043858997822000201e-01,3.565246690718800182e-01,9.339787969999999717e-01,-4.701962239999999960e-01,9.383664518899999507e+01,2.024000000000000000e+03,1.100000000000000000e+01,1.400000000000000000e+01,1.400000000000000000e+01,4.500000000000000000e+01,1.307946199999999948e+01
4.000638303643000171e+01,-8.303738241720999724e+01,-2.622999999999999776e-01,3.956399999999999917e+00,4.801246664075199400e-01,1.569579461898799877e-01,1.451151702398599808e-01,9.149811629999999862e-01,-4.699126439999999905e-01,9.385217116699999451e+01,2.024000000000000000e+03,1.100000000000000000e+01,1.400000000000000000e+01,1.400000000000000000e+01,4.500000000000000000e+01,1.313500299999999932e+01
4.000638289401000236e+01,-8.303737963496000418e+01,-2.672999999999999821e-01,3.965500000000000025e+00,-7.304825993503999415e-02,3.716162095725800141e-01,4.305219528584400268e-01,9.847366250000000321e-01,-4.710339219999999938e-01,9.386738196700000003e+01,2.024000000000000000e+03,1.100000000000000000e+01,1.400000000000000000e+01,1.400000000000000000e+01,4.500000000000000000e+01,1.319070900000000002e+01
4.000638273720999649e+01,-8.303737638002000665e+01,-2.409000000000000030e-01,3.972700000000000120e+00,-6.106340312857000407e-01,4.118193050057999960e-02,-9.645850721238000136e-02,9.794543470000000029e-01,-4.810939790000000049e-01,9.387774616100000458e+01,2.024000000000000000e+03,1.100000000000000000e+01,1.400000000000000000e+01,1.400000000000000000e+01,4.500000000000000000e+01,1.324520000000000053e+01
4.000638262684000068e+01,-8.303737405095999691e+01,-2.565999999999999948e-01,3.981100000000000083e+00,6.559748706682200226e-01,3.519797130559400022e-01,-2.745781665080599954e-01,9.463760669999999875e-01,-4.786691470000000170e-01,9.387963308599999834e+01,2.024000000000000000e+03,1.100000000000000000e+01,1.400000000000000000e+01,1.400000000000000000e+01,4.500000000000000000e+01,1.330024399999999929e+01
4.000638249059999652e+01,-8.303737125373000083e+01,-2.590999999999999970e-01,3.982400000000000162e+00,2.227466304141599851e-01,1.251248082852799981e-01,-4.318912537569999932e-01,9.635906610000000150e-01,-4.742205039999999872e-01,9.388892581800000414e+01,2.024000000000000000e+03,1.100000000000000000e+01,1.400000000000000000e+01,1.400000000000000000e+01,4.500000000000000000e+01,1.335576499999999989e+01
4.000638237998000335e+01,-8.303736892048999607e+01,-2.416999999999999982e-01,3.987000000000000099e+00,-6.506233710714600660e-01,1.411055953752199943e-01,4.627019286614000165e-02,9.788284990000000185e-01,-4.640483200000000141e-01,9.390317081999999971e+01,2.024000000000000000e+03,1.100000000000000000e+01,1.400000000000000000e+01,1.400000000000000000e+01,4.500000000000000000e+01,1.341095600000000054e+01
4.000638225264999903e+01,-8.303736611555000025e+01,-2.376000000000000056e-01,3.991800000000000015e+00,-9.931607675522000078e-02,-5.025911170118000509e-02,2.466657589655400218e-01,9.542181149999999779e-01,-4.610463539999999916e-01,9.391924619899999982e+01,2.024000000000000000e+03,1.100000000000000000e+01,1.400000000000000000e+01,1.400000000000000000e+01,4.500000000000000000e+01,1.346728099999999984e+01
4.000638216675999814e+01,-8.303736424438000086e+01,-2.459999999999999964e-01,3.996999999999999886e+00,3.998441966065800490e-01,2.842489538127400128e-01,1.089837043392599958e-01,9.366120599999999685e-01,-4.454023429999999784e-01,9.392896066000000133e+01,2.024000000000000000e+03,1.100000000000000000e+01,1.400000000000000000e+01,1.400000000000000000e+01,4.500000000000000000e+01,1.352303400000000089e+01
4.000638200979000203e+01,-8.303736096325999938e+01,-2.586999999999999855e-01,4.012800000000000367e+00,3.130809566137799926e-01,6.774287942075399860e-01,-1.241771464893599991e-01,9.309060160000000028e-01,-4.312561879999999848e-01,9.394098828600000672e+01,2.024000000000000000e+03,1.100000000000000000e+01,1.400000000000000000e+01,1.400000000000000000e+01,4.500000000000000000e+01,1.357865400000000022e+01
4.000638186869999657e+01,-8.303735813794000364e+01,-2.701000000000000068e-01,4.031100000000000350e+00,3.527921031567000099e-01,7.311742522658399857e-01,-2.030705918264600063e-01,9.285962089999999503e-01,-4.504772699999999852e-01,9.394087620999999899e+01,2.024000000000000000e+03,1.100000000000000000e+01,1.400000000000000000e+01,1.400000000000000000e+01,4.500000000000000000e+01,1.363415700000000008e+01
4.000638174835000171e+01,-8.303735577617999297e+01,-2.721999999999999975e-01,4.037600000000000300e+00,8.621589012765999704e-02,3.207491801241399987e-01,1.084465338466799877e-01,9.400347399999999798e-01,-4.877972629999999810e-01,9.394267469999999776e+01,2.024000000000000000e+03,1.100000000000000000e+01,1.400000000000000000e+01,1.400000000000000000e+01,4.500000000000000000e+01,1.368976499999999952e+01
4.000638160070000282e+01,-8.303735293939000428e+01,-2.805000000000000271e-01,4.034900000000000375e+00,2.788799180132999767e-01,-1.724377613201799886e-01,1.358843276097000119e-01,9.797133209999999703e-01,-5.245886100000000107e-01,9.395126301999999896e+01,2.024000000000000000e+03,1.100000000000000000e+01,1.400000000000000000e+01,1.400000000000000000e+01,4.500000000000000000e+01,1.374641699999999922e+01
4.000638147642000320e+01,-8.303735057643000061e+01,-2.773999999999999799e-01,4.036100000000000243e+00,-1.514442555391599943e-01,5.373409214733999156e-02,1.617780452264000121e-02,1.015915459999999992e+00,-5.269886080000000250e-01,9.395734352899999919e+01,2.024000000000000000e+03,1.100000000000000000e+01,1.400000000000000000e+01,1.400000000000000000e+01,4.500000000000000000e+01,1.380206599999999995e+01
4.000638132950999903e+01,-8.303734773780000467e+01,-2.762000000000000011e-01,4.044699999999999740e+00,6.057667668839999964e-02,3.398459006535199944e-01,-2.108299139438400138e-01,1.037602971999999957e+00,-5.169084739999999512e-01,9.395901289200000406e+01,2.024000000000000000e+03,1.100000000000000000e+01,1.400000000000000000e+01,1.400000000000000000e+01,4.500000000000000000e+01,1.385819799999999979e+01
4.000638118173999658e+01,-8.303734488873000430e+01,-2.731000000000000094e-01,4.063900000000000290e+00,-2.866169408221800330e-01,6.052299864111599925e-01,-8.823503990119999779e-03,1.074497859999999916e+00,-5.339855949999999796e-01,9.396479669999999373e+01,2.024000000000000000e+03,1.100000000000000000e+01,1.400000000000000000e+01,1.400000000000000000e+01,4.500000000000000000e+01,1.391771100000000061e+01
4.000638106331999921e+01,-8.303734250802000361e+01,-2.615000000000000102e-01,4.067400000000000126e+00,-3.723440535032799814e-01,8.412702940116000005e-02,4.522824968799999583e-04,1.083108712000000029e+00,-5.624578180000000538e-01,9.397294863099999418e+01,2.024000000000000000e+03,1.100000000000000000e+01,1.400000000000000000e+01,1.400000000000000000e+01,4.500000000000000000e+01,1.397471900000000034e+01
4.000638097022999773e+01,-8.303734060259000671e+01,-2.590999999999999970e-01,4.067199999999999704e+00,-1.837766790304199982e-01,-4.227369328499999690e-02,1.467894689687999910e-01,1.079179182999999931e+00,-5.823715769999999736e-01,9.397874672300000043e+01,2.024000000000000000e+03,1.100000000000000000e+01,1.400000000000000000e+01,1.400000000000000000e+01,4.500000000000000000e+01,1.403078799999999937e+01
4.000638087782999719e+01,-8.303733869756999297e+01,-2.576999999999999846e-01,4.067300000000000360e+00,-1.293698607096999964e-01,2.930818216281999913e-02,2.931949551750000216e-02,1.070051333000000104e+00,-5.829414809999999836e-01,9.398422361699999783e+01,2.024000000000000000e+03,1.100000000000000000e+01,1.400000000000000000e+01,1.400000000000000000e+01,4.500000000000000000e+01,1.408622300000000038e+01
4.000638069346000236e+01,-8.303733488480999370e+01,-2.629000000000000226e-01,4.075300000000000367e+00,2.102242587317600109e-01,2.665201027378600318e-01,4.541620063474000046e-02,1.053964815999999916e+00,-5.746524939999999582e-01,9.399427162700000338e+01,2.024000000000000000e+03,1.100000000000000000e+01,1.400000000000000000e+01,1.400000000000000000e+01,4.500000000000000000e+01,1.414217599999999919e+01
4.000638055145000038e+01,-8.303733201759000337e+01,-2.681999999999999940e-01,4.082099999999999618e+00,2.857161820174600186e-01,1.795386828149399816e-01,-1.907000073881999838e-02,1.047488690000000000e+00,-5.817322719999999947e-01,9.399717217799999958e+01,2.024000000000000000e+03,1.100000000000000000e+01,1.400000000000000000e+01,1.400000000000000000e+01,4.500000000000000000e+01,1.419947900000000018e+01
4.000638045726000058e+01,-8.303733010471999876e+01,-2.629000000000000226e-01,4.082499999999999574e+00,-4.671777715800000397e-02,1.619435665208000114e-02,-9.285919327572000892e-02,1.042314568000000108e+00,-5.804455739999999642e-01,9.399755687100000046e+01,2.024000000000000000e+03,1.100000000000000000e+01,1.400000000000000000e+01,1.400000000000000000e+01,4.500000000000000000e+01,1.425561500000000059e+01
4.000638026792999824e+01,-8.303732627853999304e+01,-2.661999999999999922e-01,4.083599999999999675e+00,1.177819618206999985e-01,2.058163391963999805e-02,-4.123650094311000491e-01,1.027423756999999993e+00,-5.473603080000000176e-01,9.400048578800000598e+01,2.024000000000000000e+03,1.100000000000000000e+01,1.400000000000000000e+01,1.400000000000000000e+01,4.500000000000000000e+01,1.431117899999999921e+01
4.000638012336000315e+01,-8.303732340496000575e+01,-2.666000000000000036e-01,4.093799999999999883e+00,-1.594782693078199975e-01,3.550908679177799954e-01,-3.303270229790000179e-01,1.049863288999999922e+00,-5.123485049999999541e-01,9.400755082599999923e+01,2.024000000000000000e+03,1.100000000000000000e+01,1.400000000000000000e+01,1.400000000000000000e+01,4.500000000000000000e+01,1.436843700000000013e+01
4.000637997916000188e+01,-8.303732052414000009e+01,-2.636000000000000010e-01,4.104599999999999582e+00,-3.055731505270600223e-01,3.716802153863600355e-01,2.007140234553800029e-01,1.058943791999999995e+00,-4.924323959999999945e-01,9.401379348999999763e+01,2.024000000000000000e+03,1.100000000000000000e+01,1.400000000000000000e+01,1.400000000000000000e+01,4.500000000000000000e+01,1.442780400000000007e+01
4.000637983744000081e+01,-8.303731763704999480e+01,-2.630000000000000115e-01,4.113800000000000345e+00,2.713414708785999788e-02,3.835715791000400277e-01,1.838861910795199783e-01,1.038231538000000009e+00,-4.750896669999999933e-01,9.401849141799999643e+01,2.024000000000000000e+03,1.100000000000000000e+01,1.400000000000000000e+01,1.400000000000000000e+01,4.500000000000000000e+01,1.448333799999999982e+01
4.000637969246000125e+01,-8.303731473957999754e+01,-2.768999999999999795e-01,4.127500000000000391e+00,5.204766360383200619e-01,4.501604476951199807e-01,-5.167572602216000122e-02,1.028034233999999936e+00,-4.804966720000000135e-01,9.402278119899999353e+01,2.024000000000000000e+03,1.100000000000000000e+01,1.400000000000000000e+01,1.400000000000000000e+01,4.500000000000000000e+01,1.454135199999999983e+01
4.000637956925000083e+01,-8.303731232169999998e+01,-2.771000000000000130e-01,4.127900000000000347e+00,2.027783776631199852e-01,-3.020610686816000215e-02,1.630259996793400057e-01,1.037284553999999970e+00,-4.842065139999999768e-01,9.402880756400000450e+01,2.024000000000000000e+03,1.100000000000000000e+01,1.400000000000000000e+01,1.400000000000000000e+01,4.500000000000000000e+01,1.459765499999999960e+01
4.000637941877999992e+01,-8.303730942053999797e+01,-2.858999999999999875e-01,4.130300000000000082e+00,5.162106658248799551e-01,2.197388724252000158e-01,2.139521775011399840e-01,1.053039257000000006e+00,-4.600582539999999998e-01,9.403370315600000140e+01,2.024000000000000000e+03,1.100000000000000000e+01,1.400000000000000000e+01,1.400000000000000000e+01,4.500000000000000000e+01,1.465381799999999934e+01
4.000637929311000107e+01,-8.303730699906999746e+01,-2.763999999999999790e-01,4.139000000000000234e+00,-3.475461794992000253e-01,3.320363997910000253e-01,2.867395318668800042e-01,1.068824871999999981e+00,-4.470278529999999750e-01,9.403705555499999491e+01,2.024000000000000000e+03,1.100000000000000000e+01,1.400000000000000000e+01,1.400000000000000000e+01,4.500000000000000000e+01,1.471167600000000064e+01
4.000637914434999942e+01,-8.303730408610999802e+01,-2.727999999999999869e-01,4.152000000000000135e+00,-2.616131488666399996e-01,4.788798000519600140e-01,2.546374521802799995e-01,1.064934833999999997e+00,-4.444764629999999883e-01,9.403890339900000583e+01,2.024000000000000000e+03,1.100000000000000000e+01,1.400000000000000000e+01,1.400000000000000000e+01,4.500000000000000000e+01,1.476858600000000088e+01
4.000637899862000069e+01,-8.303730116197999678e+01,-2.667999999999999816e-01,4.169100000000000250e+00,-3.122651205314400102e-01,5.386943940409200104e-01,-2.935238134631999729e-02,1.057470082999999894e+00,-4.637794259999999946e-01,9.404150387299999636e+01,2.024000000000000000e+03,1.100000000000000000e+01,1.400000000000000000e+01,1.400000000000000000e+01,4.500000000000000000e+01,1.482514100000000035e+01
4.000637887872999698e+01,-8.303729871797999351e+01,-2.659000000000000252e-01,4.176499999999999879e+00,-8.539617735189999892e-02,2.734112545497199842e-01,-1.904501310556200033e-01,1.048881632000000064e+00,-4.931015810000000110e-01,9.404658865700000092e+01,2.024000000000000000e+03,1.100000000000000000e+01,1.400000000000000000e+01,1.400000000000000000e+01,4.500000000000000000e+01,1.488111699999999971e+01
4.000637873435999836e+01,-8.303729578338000294e+01,-2.686000000000000054e-01,4.177200000000000024e+00,4.186187290843999820e-02,1.057484776458200021e-01,3.162301875828000403e-02,1.046919391000000088e+00,-5.205208230000000214e-01,9.405656651600000373e+01,2.024000000000000000e+03,1.100000000000000000e+01,1.400000000000000000e+01,1.400000000000000000e+01,4.500000000000000000e+01,1.493828099999999992e+01
4.000637859127999718e+01,-8.303729284585000414e+01,-2.631999999999999895e-01,4.181300000000000239e+00,-1.297693190926199891e-01,1.097811318772800027e-01,3.490742542295999923e-02,1.021923442000000071e+00,-5.399353639999999732e-01,9.406743471900000486e+01,2.024000000000000000e+03,1.100000000000000000e+01,1.400000000000000000e+01,1.400000000000000000e+01,4.500000000000000000e+01,1.499648799999999937e+01
4.000637856725000319e+01,-8.303729235622999738e+01,-2.660000000000000142e-01,4.181000000000000050e+00,8.652964502080000286e-02,5.684341965512000605e-02,-9.893893029372001491e-02,1.014558241000000027e+00,-5.431539800000000362e-01,9.406901859500000285e+01,2.024000000000000000e+03,1.100000000000000000e+01,1.400000000000000000e+01,1.400000000000000000e+01,4.500000000000000000e+01,1.505193799999999982e+01
4.000637844431000190e+01,-8.303728990953000277e+01,-2.805000000000000271e-01,4.175799999999999734e+00,6.038629936760799843e-01,-1.281781222382999963e-01,1.995071008317599870e-01,1.001437122000000013e+00,-5.436917740000000165e-01,9.407570304200000066e+01,2.024000000000000000e+03,1.100000000000000000e+01,1.400000000000000000e+01,1.400000000000000000e+01,4.500000000000000000e+01,1.510985999999999940e+01
4.000637826479000125e+01,-8.303728648367000176e+01,-2.868999999999999884e-01,4.179100000000000037e+00,5.853631060353999688e-02,5.371184138302000088e-02,-4.897216491261999899e-02,1.022304572999999994e+00,-5.183421590000000245e-01,9.408459246500000006e+01,2.024000000000000000e+03,1.100000000000000000e+01,1.400000000000000000e+01,1.400000000000000000e+01,4.500000000000000000e+01,1.516657900000000048e+01
4.000637821291999785e+01,-8.303728550386999530e+01,-2.873999999999999888e-01,4.182100000000000151e+00,4.252445530276000030e-02,2.204873979149999663e-01,-4.343777530409599907e-01,1.024176581999999947e+00,-5.053877799999999532e-01,9.408702408400000650e+01,2.024000000000000000e+03,1.100000000000000000e+01,1.400000000000000000e+01,1.400000000000000000e+01,4.500000000000000000e+01,1.522256100000000067e+01
4.000637790236999791e+01,-8.303727960873000313e+01,-2.852000000000000091e-01,4.204699999999999882e+00,-1.099500000981199904e-01,4.580895635420599854e-01,2.470972545700800271e-01,1.040693563999999904e+00,-4.747514489999999920e-01,9.409091397299999926e+01,2.024000000000000000e+03,1.100000000000000000e+01,1.400000000000000000e+01,1.400000000000000000e+01,4.500000000000000000e+01,1.528114700000000070e+01
4.000637772126000158e+01,-8.303727615209000135e+01,-2.816000000000000170e-01,4.221700000000000230e+00,-3.859436364658199725e-01,3.708275156072800005e-01,2.240785401520600240e-01,1.064206404999999966e+00,-5.011018900000000498e-01,9.409977214600000650e+01,2.024000000000000000e+03,1.100000000000000000e+01,1.400000000000000000e+01,1.400000000000000000e+01,4.500000000000000000e+01,1.533748300000000064e+01
4.000637756833000225e+01,-8.303727318319999995e+01,-2.816000000000000170e-01,4.223799999999999777e+00,-3.279880901539999980e-03,6.500986516560000594e-02,1.897582487708800170e-01,1.074554463999999987e+00,-5.370127049999999791e-01,9.411171742300000176e+01,2.024000000000000000e+03,1.100000000000000000e+01,1.400000000000000000e+01,1.400000000000000000e+01,4.500000000000000000e+01,1.539449300000000065e+01
4.000637744123000061e+01,-8.303727070955000045e+01,-2.787999999999999923e-01,4.221300000000000274e+00,-1.992082635900400134e-01,-1.046581933193800051e-01,-2.350082190175000196e-01,1.072540153999999912e+00,-5.483057190000000247e-01,9.412434675699999787e+01,2.024000000000000000e+03,1.100000000000000000e+01,1.400000000000000000e+01,1.400000000000000000e+01,4.500000000000000000e+01,1.545072000000000045e+01
4.000637728796999681e+01,-8.303726773936999450e+01,-2.869999999999999774e-01,4.230199999999999960e+00,3.020434806853199983e-01,3.848142001691199909e-01,-3.570094203316599990e-01,1.062266187999999945e+00,-5.475585769999999908e-01,9.413815426200000047e+01,2.024000000000000000e+03,1.100000000000000000e+01,1.400000000000000000e+01,1.400000000000000000e+01,4.500000000000000000e+01,1.550710100000000047e+01
4.000637715549999740e+01,-8.303726526052000168e+01,-2.998999999999999999e-01,4.233100000000000307e+00,5.386256183908200157e-01,1.605986676865400198e-01,-4.059926394386000059e-02,1.073390472999999901e+00,-5.606453310000000245e-01,9.414712844899999311e+01,2.024000000000000000e+03,1.100000000000000000e+01,1.400000000000000000e+01,1.400000000000000000e+01,4.500000000000000000e+01,1.556380899999999912e+01
4.000637699194000163e+01,-8.303726228512999796e+01,-3.022000000000000242e-01,4.232499999999999929e+00,2.329835759135999787e-02,-1.564337227808000261e-02,7.982385672042000002e-02,1.106366490000000091e+00,-5.750046810000000175e-01,9.415510208099999545e+01,2.024000000000000000e+03,1.100000000000000000e+01,1.400000000000000000e+01,1.400000000000000000e+01,4.500000000000000000e+01,1.562013100000000065e+01
4.000637682840999787e+01,-8.303725930446999826e+01,-3.037000000000000255e-01,4.243999999999999773e+00,6.894560529003999905e-02,2.691995535160399688e-01,4.590462438031799874e-01,1.127908133000000035e+00,-5.971236970000000088e-01,9.416013576199999591e+01,2.024000000000000000e+03,1.100000000000000000e+01,1.400000000000000000e+01,1.400000000000000000e+01,4.500000000000000000e+01,1.567859600000000064e+01
4.000637666568000128e+01,-8.303725631878999991e+01,-2.978000000000000091e-01,4.247600000000000264e+00,-1.987127385802600066e-01,-2.114073040197999784e-02,7.479832622068000036e-02,1.146318442000000104e+00,-6.330783180000000288e-01,9.416492595399999743e+01,2.024000000000000000e+03,1.100000000000000000e+01,1.400000000000000000e+01,1.400000000000000000e+01,4.500000000000000000e+01,1.573420499999999933e+01
4.000637653313000186e+01,-8.303725383123000370e+01,-2.896000000000000241e-01,4.246299999999999741e+00,-3.042136632204199831e-01,-4.834737796538000204e-02,-9.909111822445999807e-02,1.152007744000000056e+00,-6.416464010000000329e-01,9.417363949399999967e+01,2.024000000000000000e+03,1.100000000000000000e+01,1.400000000000000000e+01,1.400000000000000000e+01,4.500000000000000000e+01,1.579033599999999993e+01
4.000637637719000139e+01,-8.303725084820000291e+01,-2.852000000000000091e-01,4.245199999999999640e+00,-1.804089910093800153e-01,9.966009677677999112e-02,1.112153649395799943e-01,1.159208063999999982e+00,-6.407826730000000248e-01,9.419026469499999621e+01,2.024000000000000000e+03,1.100000000000000000e+01,1.400000000000000000e+01,1.400000000000000000e+01,4.500000000000000000e+01,1.584844299999999961e+01
4.000637622618999956e+01,-8.303724786118000623e+01,-2.751000000000000112e-01,4.252299999999999969e+00,-2.401412789319999908e-01,1.824553469487200097e-01,-8.728749283695999561e-02,1.138564700999999957e+00,-6.546083440000000087e-01,9.420669614499999511e+01,2.024000000000000000e+03,1.100000000000000000e+01,1.400000000000000000e+01,1.400000000000000000e+01,4.500000000000000000e+01,1.590610599999999941e+01
4.000637607296000198e+01,-8.303724487520000253e+01,-2.857999999999999985e-01,4.244699999999999918e+00,2.197538601889399978e-01,-2.485096423781400221e-01,2.447008433623199808e-01,1.118072732999999985e+00,-6.663297479999999995e-01,9.422003109700000323e+01,2.024000000000000000e+03,1.100000000000000000e+01,1.400000000000000000e+01,1.400000000000000000e+01,4.500000000000000000e+01,1.596404599999999974e+01
4.000637596797999862e+01,-8.303724288697000588e+01,-2.944999999999999840e-01,4.240899999999999892e+00,4.215606960772599887e-01,-1.556101064290000002e-01,-3.401873036872399836e-01,1.115768941000000014e+00,-6.540457379999999876e-01,9.422823457100000155e+01,2.024000000000000000e+03,1.100000000000000000e+01,1.400000000000000000e+01,1.400000000000000000e+01,4.500000000000000000e+01,1.602294799999999952e+01
4.000637591454000130e+01,-8.303724189336999473e+01,-2.973999999999999977e-01,4.239799999999999791e+00,3.663049054290400397e-01,-1.252169513369000009e-01,-2.204903458960000024e-03,1.116467494999999976e+00,-6.470081189999999927e-01,9.423156819300000109e+01,2.024000000000000000e+03,1.100000000000000000e+01,1.400000000000000000e+01,1.400000000000000000e+01,4.500000000000000000e+01,1.607989500000000049e+01
4.000637567609000200e+01,-8.303723742313999878e+01,-2.909999999999999809e-01,4.235800000000000232e+00,-1.206858376449599923e-01,-2.815685518370200091e-01,-2.048274577323999923e-01,1.101160793000000027e+00,-5.823108940000000233e-01,9.424042318099999704e+01,2.024000000000000000e+03,1.100000000000000000e+01,1.400000000000000000e+01,1.400000000000000000e+01,4.500000000000000000e+01,1.613519099999999895e+01
4.000637548779000241e+01,-8.303723395299999765e+01,-3.008000000000000118e-01,4.225900000000000212e+00,1.846827395761599933e-01,-2.711072897799799986e-01,2.679474715947400276e-01,1.104659915000000048e+00,-5.006268820000000508e-01,9.424212554499999328e+01,2.024000000000000000e+03,1.100000000000000000e+01,1.400000000000000000e+01,1.400000000000000000e+01,4.500000000000000000e+01,1.619201299999999932e+01
4.000637532473999869e+01,-8.303723097729999836e+01,-3.014999999999999902e-01,4.238400000000000389e+00,-4.393392996914000093e-02,4.219997082233800101e-01,4.256271974073999598e-02,1.129534126000000027e+00,-4.250369840000000066e-01,9.424772793200000365e+01,2.024000000000000000e+03,1.100000000000000000e+01,1.400000000000000000e+01,1.400000000000000000e+01,4.500000000000000000e+01,1.624816799999999972e+01
4.000637516559999796e+01,-8.303722799647999864e+01,-2.831000000000000183e-01,4.245099999999999874e+00,-8.452830736720599036e-01,3.200665639628800241e-01,2.776478376157200390e-01,1.137956799999999991e+00,-3.727221840000000119e-01,9.426208087700000249e+01,2.024000000000000000e+03,1.100000000000000000e+01,1.400000000000000000e+01,1.400000000000000000e+01,4.500000000000000000e+01,1.630640100000000103e+01
4.000637501082999847e+01,-8.303722501808999823e+01,-2.858999999999999875e-01,4.231499999999999595e+00,9.480479876499999306e-03,-3.519217215297799628e-01,3.540952534896199544e-01,1.110867258000000080e+00,-3.128767109999999740e-01,9.427654690900000389e+01,2.024000000000000000e+03,1.100000000000000000e+01,1.400000000000000000e+01,1.400000000000000000e+01,4.500000000000000000e+01,1.636446499999999915e+01
4.000637488150000109e+01,-8.303722254221999322e+01,-2.884999999999999787e-01,4.221300000000000274e+00,1.816789280316399857e-01,-3.870569820599999988e-01,3.207099099476399817e-01,1.096523986000000006e+00,-2.367933210000000011e-01,9.429078967399999556e+01,2.024000000000000000e+03,1.100000000000000000e+01,1.400000000000000000e+01,1.400000000000000000e+01,4.500000000000000000e+01,1.642095499999999930e+01
4.000637472590999977e+01,-8.303721957560000533e+01,-2.897000000000000131e-01,4.216800000000000104e+00,1.587827987859000145e-01,-1.986594459453199790e-01,7.851889853049999479e-02,1.076965570999999899e+00,-1.267511829999999895e-01,9.430464190300000382e+01,2.024000000000000000e+03,1.100000000000000000e+01,1.400000000000000000e+01,1.400000000000000000e+01,4.500000000000000000e+01,1.647723699999999880e+01
4.000637457068000202e+01,-8.303721661123999809e+01,-2.894999999999999796e-01,4.217100000000000293e+00,2.073409151916600079e-01,4.576130820582000047e-02,3.385260950731999730e-02,1.050421497999999954e+00,-1.100254399999999952e-02,9.431468982699999515e+01,2.024000000000000000e+03,1.100000000000000000e+01,1.400000000000000000e+01,1.400000000000000000e+01,4.500000000000000000e+01,1.653275199999999856e+01
4.000637443870999732e+01,-8.303721413920000316e+01,-2.964999999999999858e-01,4.222599999999999909e+00,2.807861784634200220e-01,2.570737601008600270e-01,3.011447322437399987e-01,1.037941908000000080e+00,6.741462900000000369e-02,9.431910272800000428e+01,2.024000000000000000e+03,1.100000000000000000e+01,1.400000000000000000e+01,1.400000000000000000e+01,4.500000000000000000e+01,1.658872500000000016e+01
4.000637427429000326e+01,-8.303721116687999881e+01,-3.068000000000000171e-01,4.231700000000000017e+00,1.652417019243599960e-01,2.393092509626599806e-01,2.022773986517400202e-01,1.049963154000000065e+00,1.238152319999999973e-01,9.432203690699999754e+01,2.024000000000000000e+03,1.100000000000000000e+01,1.400000000000000000e+01,1.400000000000000000e+01,4.500000000000000000e+01,1.664596399999999932e+01
4.000637411140999689e+01,-8.303720818864999842e+01,-2.988999999999999990e-01,4.240800000000000125e+00,-2.308386936180400195e-01,2.914270262334600070e-01,-2.284183877516600125e-01,1.053588022000000013e+00,1.589936299999999969e-01,9.433103589300000635e+01,2.024000000000000000e+03,1.100000000000000000e+01,1.400000000000000000e+01,1.400000000000000000e+01,4.500000000000000000e+01,1.670229000000000141e+01
4.000637397516000249e+01,-8.303720570030000658e+01,-3.068000000000000171e-01,4.252600000000000158e+00,3.434566053692399978e-01,4.465690555751599677e-01,-4.636453879960000107e-02,1.058283370000000057e+00,1.635758220000000096e-01,9.434429555799999889e+01,2.024000000000000000e+03,1.100000000000000000e+01,1.400000000000000000e+01,1.400000000000000000e+01,4.500000000000000000e+01,1.676063800000000015e+01
4.000637381189000052e+01,-8.303720271734999869e+01,-2.988999999999999990e-01,4.238699999999999690e+00,-1.629079613614800026e-01,-3.251544406424800027e-01,4.627462803464799657e-01,1.070096386999999982e+00,1.607444209999999984e-01,9.436544383700000083e+01,2.024000000000000000e+03,1.100000000000000000e+01,1.400000000000000000e+01,1.400000000000000000e+01,4.500000000000000000e+01,1.681705200000000033e+01
4.000637365075999696e+01,-8.303719974044000196e+01,-2.993999999999999995e-01,4.232599999999999696e+00,1.695078827985999903e-01,-1.205638531008400016e-01,-7.024592689174000149e-02,1.050489049000000064e+00,1.880657619999999974e-01,9.437791753499999459e+01,2.024000000000000000e+03,1.100000000000000000e+01,1.400000000000000000e+01,1.400000000000000000e+01,4.500000000000000000e+01,1.687459199999999981e+01
4.000637351638999917e+01,-8.303719725710999455e+01,-2.967000000000000193e-01,4.242099999999999760e+00,-1.667530890109999997e-01,2.642015042262800262e-01,2.713637168364599894e-01,1.032550327000000046e+00,1.877088239999999963e-01,9.438580420700000673e+01,2.024000000000000000e+03,1.100000000000000000e+01,1.400000000000000000e+01,1.400000000000000000e+01,4.500000000000000000e+01,1.693202600000000047e+01
4.000637335446999998e+01,-8.303719427302999634e+01,-3.034999999999999920e-01,4.248400000000000176e+00,2.249759890558599984e-01,2.144361498941199928e-01,4.273957515349999792e-01,1.015356504000000104e+00,1.651942620000000084e-01,9.439710816599999532e+01,2.024000000000000000e+03,1.100000000000000000e+01,1.400000000000000000e+01,1.400000000000000000e+01,4.500000000000000000e+01,1.698756799999999956e+01
4.000637329980000345e+01,-8.303719327708999742e+01,-3.048000000000000154e-01,4.251100000000000101e+00,1.430180221596000223e-01,2.216699651095599966e-01,5.887225791762800142e-01,1.011039640999999989e+00,1.560341189999999989e-01,9.439981766100000016e+01,2.024000000000000000e+03,1.100000000000000000e+01,1.400000000000000000e+01,1.400000000000000000e+01,4.500000000000000000e+01,1.704504700000000028e+01
4.000637313451999688e+01,-8.303719028918000333e+01,-3.079000000000000070e-01,4.247799999999999798e+00,1.583993471932400032e-01,-2.060991709256799753e-01,4.849084128710400288e-01,1.013821442000000017e+00,9.963184899999999455e-02,9.440865664599999718e+01,2.024000000000000000e+03,1.100000000000000000e+01,1.400000000000000000e+01,1.400000000000000000e+01,4.500000000000000000e+01,1.710220199999999835e+01
4.000637291411999996e+01,-8.303718630737000694e+01,-3.052000000000000268e-01,4.246800000000000352e+00,-8.145052973929998996e-02,-6.162018094610000052e-02,3.300929607806200039e-01,1.009149736999999991e+00,3.397517700000000224e-02,9.441954475000000002e+01,2.024000000000000000e+03,1.100000000000000000e+01,1.400000000000000000e+01,1.400000000000000000e+01,4.500000000000000000e+01,1.716040200000000127e+01
4.000637280203000046e+01,-8.303718431490999308e+01,-3.110999999999999877e-01,4.250000000000000000e+00,3.646035959280399807e-01,1.587179355256800040e-01,8.866202665079999864e-03,1.016744499999999940e+00,-1.414373499999999929e-02,9.442904363499999931e+01,2.024000000000000000e+03,1.100000000000000000e+01,1.400000000000000000e+01,1.400000000000000000e+01,4.500000000000000000e+01,1.721643900000000116e+01
4.000637258022999987e+01,-8.303718033293999667e+01,-3.060999999999999832e-01,4.244600000000000151e+00,-4.390322932149999524e-02,-9.535398968949999887e-02,-2.887879810744599651e-01,1.027577283999999924e+00,-1.108226570000000050e-01,9.445253457399999775e+01,2.024000000000000000e+03,1.100000000000000000e+01,1.400000000000000000e+01,1.400000000000000000e+01,4.500000000000000000e+01,1.727166100000000171e+01
4.000637241514999687e+01,-8.303717735179000670e+01,-3.052000000000000268e-01,4.231900000000000439e+00,6.193666626810000186e-02,-4.506068596523999936e-01,-4.680046534910000111e-01,1.007694475999999950e+00,-1.667177519999999968e-01,9.446558812700000374e+01,2.024000000000000000e+03,1.100000000000000000e+01,1.400000000000000000e+01,1.400000000000000000e+01,4.500000000000000000e+01,1.732870199999999983e+01
4.000637222177999774e+01,-8.303717389010999739e+01,-3.091999999999999749e-01,4.207900000000000418e+00,2.073622145866800270e-01,-5.818623150156999602e-01,-6.057563250648799746e-01,9.923139349999999803e-01,-1.656704659999999885e-01,9.447746151500000167e+01,2.024000000000000000e+03,1.100000000000000000e+01,1.400000000000000000e+01,1.400000000000000000e+01,4.500000000000000000e+01,1.739402799999999871e+01
4.000637208237999687e+01,-8.303717142482000213e+01,-3.079000000000000070e-01,4.202300000000000146e+00,-8.945741588302000280e-02,-3.009147236700199790e-01,-4.837434780745999974e-02,9.870159790000000433e-01,-1.383394890000000099e-01,9.448510722299999998e+01,2.024000000000000000e+03,1.100000000000000000e+01,1.400000000000000000e+01,1.400000000000000000e+01,4.500000000000000000e+01,1.745118799999999837e+01
4.000637191848999663e+01,-8.303716847088999486e+01,-2.984999999999999876e-01,4.197199999999999598e+00,-3.087784918066800444e-01,-1.870105360723799959e-01,-8.997179863304000103e-02,9.713192440000000261e-01,-1.020921280000000042e-01,9.449729312899999911e+01,2.024000000000000000e+03,1.100000000000000000e+01,1.400000000000000000e+01,1.400000000000000000e+01,4.500000000000000000e+01,1.750834899999999905e+01
4.000637175381000077e+01,-8.303716551729999651e+01,-3.035999999999999810e-01,4.200499999999999901e+00,5.784490573900000210e-03,6.617676895999999309e-02,-1.150437408623600083e-01,9.583642660000000202e-01,-7.097316700000000367e-02,9.450668090199999938e+01,2.024000000000000000e+03,1.100000000000000000e+01,1.400000000000000000e+01,1.400000000000000000e+01,4.500000000000000000e+01,1.756585000000000107e+01
4.000637161918000118e+01,-8.303716305423999700e+01,-2.962000000000000188e-01,4.204500000000000348e+00,-2.150892312445600030e-01,1.430921721524799906e-01,-9.213181577866000338e-02,9.378682659999999505e-01,-5.593789400000000189e-02,9.451386747899999818e+01,2.024000000000000000e+03,1.100000000000000000e+01,1.400000000000000000e+01,1.400000000000000000e+01,4.500000000000000000e+01,1.762323999999999913e+01
4.000637145398999905e+01,-8.303716009741999926e+01,-3.120999999999999885e-01,4.204200000000000159e+00,5.111236213011799423e-01,1.122825125079999868e-02,-2.595217595872000363e-02,9.327868569999999693e-01,-4.884221200000000290e-02,9.452532697799999539e+01,2.024000000000000000e+03,1.100000000000000000e+01,1.400000000000000000e+01,1.400000000000000000e+01,4.500000000000000000e+01,1.768054199999999909e+01
4.000637128441999835e+01,-8.303715714362000710e+01,-3.163000000000000256e-01,4.197400000000000020e+00,1.962971574850800316e-01,-1.537655893845399913e-01,1.085334203285799881e-01,9.545171040000000051e-01,-3.839741700000000313e-02,9.454168860299999722e+01,2.024000000000000000e+03,1.100000000000000000e+01,1.400000000000000000e+01,1.400000000000000000e+01,4.500000000000000000e+01,1.773759899999999945e+01
4.000637111113000088e+01,-8.303715419076000614e+01,-3.247999999999999776e-01,4.200000000000000178e+00,3.047568932822600218e-01,1.182799660983999968e-01,5.958499556510000322e-02,9.716367780000000343e-01,-2.810771499999999840e-02,9.455704508099999828e+01,2.024000000000000000e+03,1.100000000000000000e+01,1.400000000000000000e+01,1.400000000000000000e+01,4.500000000000000000e+01,1.779539300000000068e+01
4.000637093779999987e+01,-8.303715123794999897e+01,-3.163000000000000256e-01,4.197199999999999598e+00,-3.108702623353999939e-01,-1.327554017727800018e-01,-4.555269868259999994e-02,9.698004150000000267e-01,-2.962015600000000165e-02,9.456735577300000273e+01,2.024000000000000000e+03,1.100000000000000000e+01,1.400000000000000000e+01,1.400000000000000000e+01,4.500000000000000000e+01,1.785291600000000045e+01
4.000637079244999939e+01,-8.303714877920999982e+01,-3.256999999999999895e-01,4.195299999999999585e+00,2.767879027986799856e-01,-8.084422983720000386e-03,-1.747482451670000214e-01,9.665308259999999541e-01,-1.989386300000000121e-02,9.457244854500000031e+01,2.024000000000000000e+03,1.100000000000000000e+01,1.400000000000000000e+01,1.400000000000000000e+01,4.500000000000000000e+01,1.790943599999999947e+01
4.000637061615000079e+01,-8.303714582767000252e+01,-3.202999999999999736e-01,4.198900000000000077e+00,-4.875918863807200410e-01,8.129942406283999223e-02,1.605083202755600014e-01,9.980844599999999511e-01,-2.231570899999999955e-02,9.457966641599999491e+01,2.024000000000000000e+03,1.100000000000000000e+01,1.400000000000000000e+01,1.400000000000000000e+01,4.500000000000000000e+01,1.796608499999999964e+01
4.000637050249000026e+01,-8.303714385986999957e+01,-3.113000000000000211e-01,4.195999999999999730e+00,-3.872418758628399793e-01,-1.630762627741000059e-01,-4.526745286560000109e-03,9.970797160000000048e-01,-2.762505000000000169e-02,9.458433580300000187e+01,2.024000000000000000e+03,1.100000000000000000e+01,1.400000000000000000e+01,1.400000000000000000e+01,4.500000000000000000e+01,1.802348800000000040e+01
4.000637041907000224e+01,-8.303714238556999305e+01,-3.064000000000000057e-01,4.191499999999999559e+00,-3.212797459645599929e-01,-2.672146602625800060e-01,1.554770342164200070e-01,9.891057779999999910e-01,-2.376480200000000154e-02,9.458732175000000097e+01,2.024000000000000000e+03,1.100000000000000000e+01,1.400000000000000000e+01,1.400000000000000000e+01,4.500000000000000000e+01,1.808150300000000144e+01
4.000637020103999930e+01,-8.303713845490000267e+01,-2.970999999999999752e-01,4.193999999999999950e+00,-2.683733641199599895e-01,1.078782773175000070e-01,2.563980362874599961e-01,9.500284039999999930e-01,-1.615556500000000020e-02,9.460012915500000474e+01,2.024000000000000000e+03,1.100000000000000000e+01,1.400000000000000000e+01,1.400000000000000000e+01,4.500000000000000000e+01,1.813910800000000023e+01
4.000637001150000316e+01,-8.303713501135999309e+01,-3.022000000000000242e-01,4.199099999999999611e+00,1.193440790795600032e-01,5.872521048663999904e-02,7.643757979865999086e-02,9.294147050000000077e-01,-4.607389900000000149e-02,9.461755802400000448e+01,2.024000000000000000e+03,1.100000000000000000e+01,1.400000000000000000e+01,1.400000000000000000e+01,4.500000000000000000e+01,1.819796900000000051e+01
4.000636982297000088e+01,-8.303713157120999711e+01,-2.973000000000000087e-01,4.188200000000000145e+00,-2.826829220853999819e-02,-3.829975890058600063e-01,-3.523513668759999801e-02,8.875403819999999611e-01,-7.999973400000000290e-02,9.463312169700000709e+01,2.024000000000000000e+03,1.100000000000000000e+01,1.400000000000000000e+01,1.400000000000000000e+01,4.500000000000000000e+01,1.825482399999999927e+01
4.000636968650999847e+01,-8.303712912055000572e+01,-3.093000000000000194e-01,4.178399999999999892e+00,5.823153065531799788e-01,-3.312086001857399986e-01,-2.883011493845999765e-02,8.517578839999999651e-01,-7.917552399999999713e-02,9.464176669500000116e+01,2.024000000000000000e+03,1.100000000000000000e+01,1.400000000000000000e+01,1.400000000000000000e+01,4.500000000000000000e+01,1.831218900000000005e+01
4.000636951725000046e+01,-8.303712618382000699e+01,-3.190000000000000058e-01,4.177500000000000213e+00,4.288254378743999728e-01,6.642663836906000097e-02,-6.774405975425999704e-02,8.329592710000000011e-01,-6.995426400000000211e-02,9.465155472099999656e+01,2.024000000000000000e+03,1.100000000000000000e+01,1.400000000000000000e+01,1.400000000000000000e+01,4.500000000000000000e+01,1.836981499999999912e+01
4.000636934124000277e+01,-8.303712325362999991e+01,-3.317999999999999838e-01,4.159399999999999764e+00,4.987498822224599726e-01,-5.620746404657200879e-01,-1.944647363884000058e-01,8.451454529999999910e-01,-5.583543800000000112e-02,9.465486269299999833e+01,2.024000000000000000e+03,1.100000000000000000e+01,1.400000000000000000e+01,1.400000000000000000e+01,4.500000000000000000e+01,1.842613300000000010e+01
4.000636916026000023e+01,-8.303712033496999823e+01,-3.355000000000000204e-01,4.144099999999999895e+00,2.819161008099800303e-01,-4.687030689395800254e-01,1.375056690370400070e-01,8.826200210000000324e-01,-3.336761000000000154e-03,9.465546088700000382e+01,2.024000000000000000e+03,1.100000000000000000e+01,1.400000000000000000e+01,1.400000000000000000e+01,4.500000000000000000e+01,1.848159899999999922e+01
4.000636901299999693e+01,-8.303711790831999906e+01,-3.217999999999999750e-01,4.138399999999999856e+00,-4.148172905995000104e-01,-3.226230127133800085e-01,-1.819257929735999813e-01,8.934698760000000517e-01,5.928996300000000108e-02,9.465943146099999694e+01,2.024000000000000000e+03,1.100000000000000000e+01,1.400000000000000000e+01,1.400000000000000000e+01,4.500000000000000000e+01,1.853966099999999884e+01
4.000636884008000038e+01,-8.303711499848999722e+01,-3.179000000000000159e-01,4.141600000000000392e+00,-1.416876552419600033e-01,1.818045888303999880e-01,-1.791415263985199902e-01,8.927538879999999955e-01,1.383851859999999934e-01,9.466945625300000700e+01,2.024000000000000000e+03,1.100000000000000000e+01,1.400000000000000000e+01,1.400000000000000000e+01,4.500000000000000000e+01,1.859782500000000027e+01
4.000636866887000309e+01,-8.303711208663000320e+01,-3.128000000000000225e-01,4.141600000000000392e+00,-2.502895083075000193e-01,-5.675247612387999963e-02,4.833056991813999836e-02,9.033202580000000426e-01,1.865953370000000000e-01,9.468394826899999828e+01,2.024000000000000000e+03,1.100000000000000000e+01,1.400000000000000000e+01,1.400000000000000000e+01,4.500000000000000000e+01,1.865574099999999902e+01
4.000636853139999971e+01,-8.303710966261999715e+01,-2.965999999999999748e-01,4.133399999999999963e+00,-6.642504200854599805e-01,-4.286736055165000225e-01,2.450402858312800136e-01,8.845722470000000337e-01,2.237364159999999935e-01,9.469563639300000091e+01,2.024000000000000000e+03,1.100000000000000000e+01,1.400000000000000000e+01,1.400000000000000000e+01,4.500000000000000000e+01,1.871360400000000013e+01
4.000636837201000162e+01,-8.303710675978000211e+01,-2.917000000000000148e-01,4.124299999999999855e+00,-1.392824524127400099e-01,-3.639622747706199868e-01,1.945093952403800230e-01,8.243736959999999891e-01,2.831077040000000156e-01,9.470574198799999976e+01,2.024000000000000000e+03,1.100000000000000000e+01,1.400000000000000000e+01,1.400000000000000000e+01,4.500000000000000000e+01,1.877090300000000056e+01
4.000636821356999917e+01,-8.303710386227000129e+01,-2.947000000000000175e-01,4.121100000000000207e+00,1.442946253414000013e-01,-1.736061357024000149e-02,1.150671344650400080e-01,7.631869129999999668e-01,3.547221620000000075e-01,9.471456315199999665e+01,2.024000000000000000e+03,1.100000000000000000e+01,1.400000000000000000e+01,1.400000000000000000e+01,4.500000000000000000e+01,1.882761599999999902e+01
4.000636805157999731e+01,-8.303710096343999680e+01,-3.043000000000000149e-01,4.125799999999999912e+00,3.361063333945000231e-01,1.729614436641599973e-01,9.187934276095999220e-02,7.234821890000000533e-01,4.003073489999999790e-01,9.471959853299999565e+01,2.024000000000000000e+03,1.100000000000000000e+01,1.400000000000000000e+01,1.400000000000000000e+01,4.500000000000000000e+01,1.888530000000000086e+01
4.000636788576999692e+01,-8.303709806290000017e+01,-3.109999999999999987e-01,4.125899999999999679e+00,3.301584659504999686e-01,9.362564973799999274e-03,-1.556978515167999899e-01,6.957670630000000189e-01,4.225420699999999918e-01,9.471970734200000663e+01,2.024000000000000000e+03,1.100000000000000000e+01,1.400000000000000000e+01,1.400000000000000000e+01,4.500000000000000000e+01,1.894370599999999882e+01
4.000636774392999939e+01,-8.303709564794999665e+01,-3.170999999999999930e-01,4.119900000000000340e+00,2.102178845638400240e-01,-2.073150019222000096e-01,-1.066666572901999871e-01,6.792080320000000171e-01,4.377647359999999876e-01,9.471656805499999621e+01,2.024000000000000000e+03,1.100000000000000000e+01,1.400000000000000000e+01,1.400000000000000000e+01,4.500000000000000000e+01,1.900110499999999902e+01
4.000636771543000236e+01,-8.303709516568000026e+01,-3.170999999999999930e-01,4.116600000000000037e+00,1.537037588633199947e-01,-3.507898318636200052e-01,-8.460901394082000204e-02,6.793220319999999646e-01,4.405156920000000143e-01,9.471643516999999690e+01,2.024000000000000000e+03,1.100000000000000000e+01,1.400000000000000000e+01,1.400000000000000000e+01,4.500000000000000000e+01,1.905883199999999889e+01
4.000636754293000052e+01,-8.303709227278000071e+01,-3.199000000000000177e-01,4.115800000000000125e+00,5.853331134116000756e-02,4.857183595396000197e-02,1.892491594563600055e-01,6.828505919999999785e-01,4.685260190000000158e-01,9.472147249299999316e+01,2.024000000000000000e+03,1.100000000000000000e+01,1.400000000000000000e+01,1.400000000000000000e+01,4.500000000000000000e+01,1.911696799999999996e+01
4.000636724966999935e+01,-8.303708745215000420e+01,-3.267999999999999794e-01,4.111100000000000421e+00,-6.409261606160000097e-03,-1.860769386649800128e-01,6.021937998621600396e-01,7.107015880000000507e-01,4.635399800000000181e-01,9.473917999299999337e+01,2.024000000000000000e+03,1.100000000000000000e+01,1.400000000000000000e+01,1.400000000000000000e+01,4.500000000000000000e+01,1.917307200000000122e+01
4.000636710242000049e+01,-8.303708504508999511e+01,-3.244000000000000217e-01,4.106700000000000017e+00,-6.167345356572000170e-02,-1.994925906723400144e-01,3.645918279042399957e-01,7.191352389999999817e-01,4.475069620000000081e-01,9.474882193000000541e+01,2.024000000000000000e+03,1.100000000000000000e+01,1.400000000000000000e+01,1.400000000000000000e+01,4.500000000000000000e+01,1.923108799999999974e+01
4.000636689712000305e+01,-8.303708168692000413e+01,-3.217999999999999750e-01,4.082399999999999807e+00,-5.805862290606000203e-02,-7.451781967638599902e-01,2.355299828655599836e-01,7.149277729999999886e-01,4.481838009999999928e-01,9.475524873000000525e+01,2.024000000000000000e+03,1.100000000000000000e+01,1.400000000000000000e+01,1.400000000000000000e+01,4.500000000000000000e+01,1.928794600000000159e+01
4.000636672284999662e+01,-8.303707882016000497e+01,-3.161999999999999811e-01,4.073400000000000354e+00,-3.114575289122600288e-01,-3.495248183096599792e-01,7.737159358489999195e-02,7.103089689999999568e-01,4.764916109999999816e-01,9.475932476399999871e+01,2.024000000000000000e+03,1.100000000000000000e+01,1.400000000000000000e+01,1.400000000000000000e+01,4.500000000000000000e+01,1.934647899999999865e+01
4.000636655273999764e+01,-8.303707595889000004e+01,-3.069000000000000061e-01,4.067599999999999660e+00,-4.024227445586799901e-01,-2.259988525478200116e-01,-2.661244472702800068e-01,6.933024349999999947e-01,5.001175829999999767e-01,9.476390097899999887e+01,2.024000000000000000e+03,1.100000000000000000e+01,1.400000000000000000e+01,1.400000000000000000e+01,4.500000000000000000e+01,1.940253099999999975e+01
4.000636641263000115e+01,-8.303707357652000098e+01,-3.086999999999999744e-01,4.066300000000000026e+00,-2.399812836468000199e-02,-5.594151998099999856e-02,-3.501821204581599956e-01,6.735716040000000460e-01,5.138186719999999763e-01,9.476702793299999428e+01,2.024000000000000000e+03,1.100000000000000000e+01,1.400000000000000000e+01,1.400000000000000000e+01,4.500000000000000000e+01,1.946114199999999883e+01
4.000636627360000119e+01,-8.303707119701999773e+01,-3.020999999999999797e-01,4.058099999999999596e+00,-3.674639001533999694e-01,-3.560339610261999965e-01,-1.816596405457600039e-01,6.654138569999999975e-01,5.113571209999999700e-01,9.477296243099999629e+01,2.024000000000000000e+03,1.100000000000000000e+01,1.400000000000000000e+01,1.400000000000000000e+01,4.500000000000000000e+01,1.951999899999999855e+01
4.000636608314999876e+01,-8.303706787362999364e+01,-2.980999999999999761e-01,4.046000000000000263e+00,-4.973603251300000305e-02,-3.978846866142199956e-01,-1.420744403138800016e-01,6.289198120000000225e-01,5.282478889999999705e-01,9.478057420599999716e+01,2.024000000000000000e+03,1.100000000000000000e+01,1.400000000000000000e+01,1.400000000000000000e+01,4.500000000000000000e+01,1.957874400000000037e+01
4.000636591970000211e+01,-8.303706503290999308e+01,-3.045999999999999819e-01,4.035099999999999909e+00,3.120133102900400357e-01,-4.091202329856800102e-01,6.570362774245999682e-02,6.029495969999999483e-01,5.464239650000000115e-01,9.478852068499999461e+01,2.024000000000000000e+03,1.100000000000000000e+01,1.400000000000000000e+01,1.400000000000000000e+01,4.500000000000000000e+01,1.963740400000000008e+01
4.000636575339999723e+01,-8.303706219708000447e+01,-3.094000000000000083e-01,4.031900000000000261e+00,2.147921663330399911e-01,-1.348927525225199764e-01,-9.458748484671999912e-02,5.827876400000000512e-01,5.679941880000000110e-01,9.479576114600000381e+01,2.024000000000000000e+03,1.100000000000000000e+01,1.400000000000000000e+01,1.400000000000000000e+01,4.500000000000000000e+01,1.969335299999999833e+01
4.000636561121999790e+01,-8.303705983659000367e+01,-3.185000000000000053e-01,4.028699999999999726e+00,3.613251506162999949e-01,-6.084633112064000149e-02,-3.448301405758799620e-01,5.714864880000000147e-01,5.837520670000000411e-01,9.479993522899999903e+01,2.024000000000000000e+03,1.100000000000000000e+01,1.400000000000000000e+01,1.400000000000000000e+01,4.500000000000000000e+01,1.974937299999999851e+01
4.000636543585000027e+01,-8.303705701025999986e+01,-3.279000000000000248e-01,4.013799999999999812e+00,3.486838570325400122e-01,-4.589657173794199907e-01,2.901967397902000326e-02,5.786804119999999774e-01,5.875986730000000158e-01,9.480500388299999770e+01,2.024000000000000000e+03,1.100000000000000000e+01,1.400000000000000000e+01,1.400000000000000000e+01,4.500000000000000000e+01,1.980799199999999871e+01
4.000636525729999704e+01,-8.303705419761000428e+01,-3.305000000000000160e-01,3.990499999999999936e+00,1.665229594915599853e-01,-7.057007129770799247e-01,2.717629786335800102e-01,6.021952029999999567e-01,6.103664720000000488e-01,9.480522858599999836e+01,2.024000000000000000e+03,1.100000000000000000e+01,1.400000000000000000e+01,1.400000000000000000e+01,4.500000000000000000e+01,1.986722999999999928e+01
4.000636507768999905e+01,-8.303705139442999439e+01,-3.297999999999999821e-01,3.985700000000000021e+00,-8.337675381383999329e-02,-1.335350174346399965e-01,6.308082323516600587e-01,6.334965190000000357e-01,6.369702760000000019e-01,9.480310847100000160e+01,2.024000000000000000e+03,1.100000000000000000e+01,1.400000000000000000e+01,1.400000000000000000e+01,4.500000000000000000e+01,1.992340300000000042e+01
4.000636492908999742e+01,-8.303704905629000166e+01,-3.274000000000000243e-01,3.994499999999999940e+00,-1.211384469783399892e-01,2.481308323835999807e-01,2.253191641462599926e-01,6.548705940000000281e-01,6.176744109999999788e-01,9.480161103499999342e+01,2.024000000000000000e+03,1.100000000000000000e+01,1.400000000000000000e+01,1.400000000000000000e+01,4.500000000000000000e+01,1.998160299999999978e+01
4.000636484118000169e+01,-8.303704765205000626e+01,-3.217999999999999750e-01,3.996799999999999908e+00,-3.147299013914799937e-01,1.609343251460400026e-01,2.306869140159600040e-01,6.630681179999999841e-01,5.949917670000000047e-01,9.480219206099999951e+01,2.024000000000000000e+03,1.100000000000000000e+01,1.400000000000000000e+01,1.400000000000000000e+01,4.500000000000000000e+01,2.004096499999999992e+01
4.000636472619999751e+01,-8.303704578026000149e+01,-3.130999999999999894e-01,3.992199999999999971e+00,-4.373220365690800304e-01,-2.577988015930199883e-01,2.923378246006000380e-01,6.731452289999999561e-01,5.325753340000000113e-01,9.480506847099999845e+01,2.024000000000000000e+03,1.100000000000000000e+01,1.400000000000000000e+01,1.400000000000000000e+01,4.500000000000000000e+01,2.010008600000000101e+01
4.000636444661999747e+01,-8.303704112956999950e+01,-3.118000000000000216e-01,3.944700000000000095e+00,2.890776319419400275e-01,-9.585337852497599620e-01,1.338400855501999942e-01,6.643331780000000242e-01,4.574788599999999872e-01,9.481265551900000332e+01,2.024000000000000000e+03,1.100000000000000000e+01,1.400000000000000000e+01,1.400000000000000000e+01,4.500000000000000000e+01,2.015755899999999912e+01
4.000636433398000236e+01,-8.303703928295999503e+01,-3.074999999999999956e-01,3.927500000000000213e+00,-9.768020955505998804e-02,-8.916838407137599454e-01,-3.676399479108000135e-02,6.743612180000000400e-01,4.498645609999999961e-01,9.481620930799999769e+01,2.024000000000000000e+03,1.100000000000000000e+01,1.400000000000000000e+01,1.400000000000000000e+01,4.500000000000000000e+01,2.021452299999999980e+01
4.000636417074999684e+01,-8.303703652602999341e+01,-2.918000000000000038e-01,3.908199999999999896e+00,-4.096684520766000204e-01,-6.787181663934199749e-01,-1.641360176961199902e-01,6.440392520000000065e-01,4.698533850000000123e-01,9.481950276999999971e+01,2.024000000000000000e+03,1.100000000000000000e+01,1.400000000000000000e+01,1.400000000000000000e+01,4.500000000000000000e+01,2.027296899999999980e+01
4.000636395675000045e+01,-8.303703286104999393e+01,-3.004999999999999893e-01,3.906400000000000095e+00,3.627781130696399736e-01,4.885130755640000599e-02,-3.280119325778400041e-01,5.851185979999999898e-01,4.850431330000000152e-01,9.481775051299999291e+01,2.024000000000000000e+03,1.100000000000000000e+01,1.400000000000000000e+01,1.400000000000000000e+01,4.500000000000000000e+01,2.033082200000000128e+01
4.000636378683000061e+01,-8.303703011490999586e+01,-3.189000000000000168e-01,3.897299999999999986e+00,5.517239469216800307e-01,-3.603894118521999701e-01,-5.017757244490600455e-01,6.102410480000000081e-01,4.534253120000000248e-01,9.480943734299999903e+01,2.024000000000000000e+03,1.100000000000000000e+01,1.400000000000000000e+01,1.400000000000000000e+01,4.500000000000000000e+01,2.038635999999999981e+01
4.000636361045000200e+01,-8.303702738306999720e+01,-3.271000000000000019e-01,3.869299999999999962e+00,3.255256823803600041e-01,-8.845885106936599573e-01,-4.828048539295000108e-01,6.594842890000000013e-01,4.440105630000000247e-01,9.479121271399999671e+01,2.024000000000000000e+03,1.100000000000000000e+01,1.400000000000000000e+01,1.400000000000000000e+01,4.500000000000000000e+01,2.044544399999999840e+01
4.000636343723999744e+01,-8.303702466626999978e+01,-3.130999999999999894e-01,3.855500000000000149e+00,-2.722653640931599894e-01,-3.910368836648399626e-01,1.128754850691399969e-01,6.835477730000000252e-01,4.689950050000000203e-01,9.476989192099999570e+01,2.024000000000000000e+03,1.100000000000000000e+01,1.400000000000000000e+01,1.400000000000000000e+01,4.500000000000000000e+01,2.050571499999999858e+01
4.000636326806999676e+01,-8.303702195356000004e+01,-3.060999999999999832e-01,3.853899999999999881e+00,-1.279124197337599966e-01,-1.116308409479200014e-01,3.641263196628000132e-01,6.978047529999999998e-01,4.675594920000000210e-01,9.474754983500000094e+01,2.024000000000000000e+03,1.100000000000000000e+01,1.400000000000000000e+01,1.400000000000000000e+01,4.500000000000000000e+01,2.056641499999999922e+01
4.000636310624999936e+01,-8.303701924713000437e+01,-2.862999999999999989e-01,3.839900000000000091e+00,-6.823300721325600282e-01,-5.494003859298199899e-01,3.407346160907799848e-01,7.112847920000000546e-01,4.451026929999999937e-01,9.472471228300000234e+01,2.024000000000000000e+03,1.100000000000000000e+01,1.400000000000000000e+01,1.400000000000000000e+01,4.500000000000000000e+01,2.062498099999999823e+01
4.000636295241000084e+01,-8.303701655032000417e+01,-2.746000000000000107e-01,3.825200000000000156e+00,-4.239239159955400238e-01,-5.908510332409599997e-01,-2.479030127214400248e-01,6.978090519999999852e-01,4.355129360000000172e-01,9.469310653099999797e+01,2.024000000000000000e+03,1.100000000000000000e+01,1.400000000000000000e+01,1.400000000000000000e+01,4.500000000000000000e+01,2.068434699999999893e+01
4.000636280477999662e+01,-8.303701386093999304e+01,-2.669000000000000261e-01,3.820199999999999818e+00,-2.091910312930800042e-01,-1.594367139829599989e-01,9.543112909284000300e-02,6.598929209999999657e-01,4.293522189999999794e-01,9.465526781100000164e+01,2.024000000000000000e+03,1.100000000000000000e+01,1.400000000000000000e+01,1.400000000000000000e+01,4.500000000000000000e+01,2.074418800000000118e+01
4.000636270722999654e+01,-8.303701207119999594e+01,-2.677999999999999825e-01,3.811900000000000066e+00,6.777007562179999424e-03,-3.961603752294800551e-01,8.321817501111999915e-02,6.337289099999999786e-01,4.167117599999999866e-01,9.462709324700000479e+01,2.024000000000000000e+03,1.100000000000000000e+01,1.400000000000000000e+01,1.400000000000000000e+01,4.500000000000000000e+01,2.080394499999999880e+01
4.000636253027000322e+01,-8.303700895018999972e+01,-2.829999999999999738e-01,3.794099999999999806e+00,3.484854703046799673e-01,-4.628798033740000317e-01,3.015948079176599683e-01,6.351481500000000224e-01,3.892587679999999772e-01,9.457010476400000698e+01,2.024000000000000000e+03,1.100000000000000000e+01,1.400000000000000000e+01,1.400000000000000000e+01,4.500000000000000000e+01,2.086176599999999937e+01
4.000636237967000142e+01,-8.303700628257000460e+01,-2.702999999999999847e-01,3.787999999999999812e+00,-3.813057411402399621e-01,-2.951542979159599844e-01,3.495849955251399965e-01,6.353823240000000538e-01,3.541623939999999915e-01,9.451201489899999331e+01,2.024000000000000000e+03,1.100000000000000000e+01,1.400000000000000000e+01,1.400000000000000000e+01,4.500000000000000000e+01,2.091977400000000031e+01
4.000636228162999686e+01,-8.303700450533000321e+01,-2.692999999999999838e-01,3.788899999999999935e+00,-4.988149800159999425e-02,-2.338606555086000099e-02,-2.903935155194000209e-02,6.246717689999999878e-01,3.173248470000000210e-01,9.446844303599999648e+01,2.024000000000000000e+03,1.100000000000000000e+01,1.400000000000000000e+01,1.400000000000000000e+01,4.500000000000000000e+01,2.097931099999999915e+01
4.000636215845000265e+01,-8.303700228869999478e+01,-2.702999999999999847e-01,3.774700000000000166e+00,1.113695010795999994e-02,-5.447915906626800142e-01,-3.398792364067199645e-01,6.372473800000000299e-01,2.641072580000000114e-01,9.440625754100000222e+01,2.024000000000000000e+03,1.100000000000000000e+01,1.400000000000000000e+01,1.400000000000000000e+01,4.500000000000000000e+01,2.103929499999999919e+01
4.000636210970999684e+01,-8.303700140486000691e+01,-2.671999999999999931e-01,3.765800000000000036e+00,-1.263820847073399978e-01,-7.575655651973599580e-01,-4.923429085644800418e-01,6.485600799999999833e-01,2.467999909999999963e-01,9.437844816000000492e+01,2.024000000000000000e+03,1.100000000000000000e+01,1.400000000000000000e+01,1.400000000000000000e+01,4.500000000000000000e+01,2.109888799999999875e+01
4.000636190230000011e+01,-8.303699745195000048e+01,-2.411000000000000087e-01,3.731199999999999850e+00,-5.012626166238600689e-01,-6.900119142364200542e-01,-2.786750495795199956e-01,6.738907579999999786e-01,2.407521049999999940e-01,9.422045566200000621e+01,2.024000000000000000e+03,1.100000000000000000e+01,1.400000000000000000e+01,1.400000000000000000e+01,4.500000000000000000e+01,2.115940700000000163e+01
4.000636179538000192e+01,-8.303699526584999546e+01,-2.283000000000000029e-01,3.724099999999999966e+00,-4.973737062927600650e-01,-3.193776693473799888e-01,-1.546246076573999997e-02,6.653500500000000262e-01,2.480837949999999958e-01,9.411306122700000287e+01,2.024000000000000000e+03,1.100000000000000000e+01,1.400000000000000000e+01,1.400000000000000000e+01,4.500000000000000000e+01,2.121932899999999833e+01
4.000636159857000251e+01,-8.303699091416000044e+01,-2.071999999999999953e-01,3.696400000000000130e+00,-2.963057470648000069e-01,-5.331095851005199782e-01,1.549763445731999929e-02,6.454801930000000354e-01,2.629003719999999933e-01,9.389303910200000303e+01,2.024000000000000000e+03,1.100000000000000000e+01,1.400000000000000000e+01,1.400000000000000000e+01,4.500000000000000000e+01,2.127975999999999956e+01
4.000636146989000252e+01,-8.303698788139999465e+01,-1.985000000000000098e-01,3.691699999999999982e+00,-1.676860785749799965e-01,-9.105841314476000037e-02,2.105786826195399919e-01,6.424684109999999615e-01,2.748659640000000182e-01,9.373769221300000254e+01,2.024000000000000000e+03,1.100000000000000000e+01,1.400000000000000000e+01,1.400000000000000000e+01,4.500000000000000000e+01,2.134010100000000065e+01
4.000636136421000089e+01,-8.303698528418999558e+01,-1.907000000000000084e-01,3.690199999999999925e+00,-1.740047980780400072e-01,-5.853768674786000159e-02,-1.988990307741799746e-01,6.386553630000000314e-01,2.569171900000000175e-01,9.359146135999999672e+01,2.024000000000000000e+03,1.100000000000000000e+01,1.400000000000000000e+01,1.400000000000000000e+01,4.500000000000000000e+01,2.140014100000000141e+01
4.000636125977000290e+01,-8.303698268856000198e+01,-1.935999999999999943e-01,3.686100000000000154e+00,1.946171645873799871e-01,-1.533052071040600095e-01,-3.532667192392600075e-01,6.469861270000000220e-01,2.160401590000000094e-01,9.342565084199999603e+01,2.024000000000000000e+03,1.100000000000000000e+01,1.400000000000000000e+01,1.400000000000000000e+01,4.500000000000000000e+01,2.145960799999999935e+01
4.000636117196999919e+01,-8.303698053274999324e+01,-1.894000000000000128e-01,3.668000000000000149e+00,-2.258411956941399901e-01,-7.037474208353600158e-01,2.411093501438000067e-02,6.902399179999999523e-01,1.792342289999999949e-01,9.327688776499999790e+01,2.024000000000000000e+03,1.100000000000000000e+01,1.400000000000000000e+01,1.400000000000000000e+01,4.500000000000000000e+01,2.151902700000000124e+01
4.000636105883999960e+01,-8.303697753344999910e+01,-1.652000000000000135e-01,3.640699999999999825e+00,-6.904485653837000303e-01,-7.499457087892199558e-01,-2.191530022614000123e-02,7.470189379999999657e-01,1.797420499999999866e-01,9.305192276200000379e+01,2.024000000000000000e+03,1.100000000000000000e+01,1.400000000000000000e+01,1.400000000000000000e+01,4.500000000000000000e+01,2.157942399999999950e+01
4.000636097422000148e+01,-8.303697497314000486e+01,-1.431999999999999940e-01,3.636099999999999888e+00,-7.580824221699000720e-01,-1.870981973878000082e-01,3.900094815027999734e-02,7.881543460000000056e-01,1.931652719999999990e-01,9.283544753099999980e+01,2.024000000000000000e+03,1.100000000000000000e+01,1.400000000000000000e+01,1.400000000000000000e+01,4.500000000000000000e+01,2.163991800000000154e+01
4.000636090558000291e+01,-8.303697241538000640e+01,-1.095000000000000001e-01,3.634799999999999809e+00,-1.049904044537860015e+00,-6.162742450673999728e-02,-1.396737228732400082e-01,8.092397030000000324e-01,1.868749329999999931e-01,9.259103967999999441e+01,2.024000000000000000e+03,1.100000000000000000e+01,1.400000000000000000e+01,1.400000000000000000e+01,4.500000000000000000e+01,2.169923400000000058e+01
4.000636085432999778e+01,-8.303696985627999538e+01,-7.570000000000000340e-02,3.638399999999999856e+00,-1.181277506871680094e+00,4.460655727492000150e-02,1.035803409502399908e-01,7.949668690000000204e-01,1.458405710000000022e-01,9.231958680300000708e+01,2.024000000000000000e+03,1.100000000000000000e+01,1.400000000000000000e+01,1.400000000000000000e+01,4.500000000000000000e+01,2.175689399999999907e+01
4.000636082279999783e+01,-8.303696772537999493e+01,-5.949999999999999734e-02,3.630599999999999827e+00,-6.719007474179800044e-01,-3.392712604390999975e-01,8.536517995197999420e-02,7.726555699999999582e-01,9.260295600000000016e-02,9.208162043900000526e+01,2.024000000000000000e+03,1.100000000000000000e+01,1.400000000000000000e+01,1.400000000000000000e+01,4.500000000000000000e+01,2.181467800000000068e+01
4.000636079086999786e+01,-8.303696475530999521e+01,-4.170000000000000095e-02,3.608900000000000219e+00,-3.383181379193400118e-01,-5.398402646953199824e-01,3.923715230831999884e-02,7.622543489999999977e-01,4.193164600000000297e-02,9.174520720200000312e+01,2.024000000000000000e+03,1.100000000000000000e+01,1.400000000000000000e+01,1.400000000000000000e+01,4.500000000000000000e+01,2.187421399999999849e+01
4.000636077520000100e+01,-8.303696264075000499e+01,-2.400000000000000050e-02,3.605100000000000193e+00,-7.274185804753799944e-01,-1.336162504885400060e-01,9.032126435283999166e-02,7.632380829999999561e-01,1.545732399999999972e-02,9.150039529500000413e+01,2.024000000000000000e+03,1.100000000000000000e+01,1.400000000000000000e+01,1.400000000000000000e+01,4.500000000000000000e+01,2.193091099999999827e+01
4.000636076445000100e+01,-8.303696010097999647e+01,-1.119999999999999989e-02,3.613399999999999945e+00,-4.723210514065400156e-01,2.345999201303199944e-01,5.802622263561999644e-02,7.614494250000000131e-01,-5.392829300000000214e-02,9.118549536000000444e+01,2.024000000000000000e+03,1.100000000000000000e+01,1.400000000000000000e+01,1.400000000000000000e+01,4.500000000000000000e+01,2.198806000000000083e+01
4.000636076181000078e+01,-8.303695925351000540e+01,-1.170000000000000033e-02,3.614700000000000024e+00,-1.773981233971400062e-01,1.644143096957599859e-01,-5.920135969459999759e-02,7.633254379999999673e-01,-8.382099199999999695e-02,9.107401051499999767e+01,2.024000000000000000e+03,1.100000000000000000e+01,1.400000000000000000e+01,1.400000000000000000e+01,4.500000000000000000e+01,2.204406699999999830e+01
4.000636075648999679e+01,-8.303695713762000707e+01,-7.300000000000000065e-03,3.604299999999999837e+00,-1.811267974234599953e-01,-2.978656143766399977e-01,-1.507470339416600025e-01,8.031369889999999678e-01,-1.750450659999999992e-01,9.077899064499999326e+01,2.024000000000000000e+03,1.100000000000000000e+01,1.400000000000000000e+01,1.400000000000000000e+01,4.500000000000000000e+01,2.209921500000000094e+01
4.000636075509000023e+01,-8.303695545086999630e+01,2.399999999999999790e-03,3.589500000000000135e+00,-4.676611446510999803e-01,-7.058964966183600698e-01,-4.007707946684800349e-01,8.548883419999999678e-01,-2.288036300000000078e-01,9.052564290499999800e+01,2.024000000000000000e+03,1.100000000000000000e+01,1.400000000000000000e+01,1.400000000000000000e+01,4.500000000000000000e+01,2.215808699999999831e+01
4.000636076351000270e+01,-8.303695335253000565e+01,3.409999999999999837e-02,3.569999999999999840e+00,-1.165934902416359886e+00,-8.104629353387799995e-01,-3.551034256610600126e-01,9.239121869999999959e-01,-2.616613500000000148e-01,9.019414311299999554e+01,2.024000000000000000e+03,1.100000000000000000e+01,1.400000000000000000e+01,1.400000000000000000e+01,4.500000000000000000e+01,2.221674499999999952e+01
4.000636080364999714e+01,-8.303695042900000090e+01,8.899999999999999578e-02,3.552299999999999791e+00,-1.646788089677279965e+00,-5.007499640124399853e-01,-1.735150123551799928e-01,9.782611060000000469e-01,-2.809838769999999930e-01,8.969072240699999554e+01,2.024000000000000000e+03,1.100000000000000000e+01,1.400000000000000000e+01,1.400000000000000000e+01,4.500000000000000000e+01,2.227434999999999832e+01
4.000636087600000224e+01,-8.303694751513999961e+01,1.383000000000000063e-01,3.546300000000000008e+00,-1.505984530530720011e+00,-1.420505798733800173e-01,2.716997310848200398e-01,1.010151559999999948e+00,-3.083814449999999763e-01,8.913848397900000009e+01,2.024000000000000000e+03,1.100000000000000000e+01,1.400000000000000000e+01,1.400000000000000000e+01,4.500000000000000000e+01,2.233279100000000028e+01
4.000636103986000336e+01,-8.303694336478000082e+01,2.160999999999999865e-01,3.530400000000000205e+00,-1.436487644472539849e+00,-3.376342382600199810e-01,7.495588046300000196e-02,1.009519854000000105e+00,-3.861104169999999836e-01,8.826462470699999585e+01,2.024000000000000000e+03,1.100000000000000000e+01,1.400000000000000000e+01,1.400000000000000000e+01,4.500000000000000000e+01,2.239039100000000104e+01
4.000636116454000302e+01,-8.303694088262000150e+01,2.391999999999999960e-01,3.526899999999999924e+00,-6.903599335631800393e-01,-3.133860626961999796e-02,-3.037701444539400164e-01,1.013456664000000007e+00,-4.295800880000000266e-01,8.770110687800000449e+01,2.024000000000000000e+03,1.100000000000000000e+01,1.400000000000000000e+01,1.400000000000000000e+01,4.500000000000000000e+01,2.244795600000000135e+01
4.000636130534000046e+01,-8.303693840421000516e+01,2.823999999999999844e-01,3.517700000000000049e+00,-1.702775716514639992e+00,-2.801182180339800154e-01,-3.301766565521599972e-01,1.051084751999999956e+00,-4.895495919999999779e-01,8.711502439800000275e+01,2.024000000000000000e+03,1.100000000000000000e+01,1.400000000000000000e+01,1.400000000000000000e+01,4.500000000000000000e+01,2.250548399999999916e+01
4.000636144245000025e+01,-8.303693634479999730e+01,3.187999999999999723e-01,3.507899999999999796e+00,-1.367258248196779880e+00,-3.168983830799400048e-01,-3.388533081118800250e-01,1.048865245000000002e+00,-5.316819360000000216e-01,8.660527247299999942e+01,2.024000000000000000e+03,1.100000000000000000e+01,1.400000000000000000e+01,1.400000000000000000e+01,4.500000000000000000e+01,2.256227300000000113e+01
4.000636162304999743e+01,-8.303693387897000378e+01,3.472000000000000086e-01,3.499699999999999811e+00,-1.026307808260219945e+00,-2.832294646535200022e-01,-1.634025792855400006e-01,1.069818200999999913e+00,-5.863272059999999897e-01,8.596863075900000695e+01,2.024000000000000000e+03,1.100000000000000000e+01,1.400000000000000000e+01,1.400000000000000000e+01,4.500000000000000000e+01,2.261988600000000105e+01
4.000636182168999966e+01,-8.303693142136999938e+01,3.851999999999999869e-01,3.485300000000000065e+00,-1.353390223718339946e+00,-4.531690716355399884e-01,-2.458622464665000118e-01,1.125021897000000104e+00,-6.345126479999999569e-01,8.531182287699999733e+01,2.024000000000000000e+03,1.100000000000000000e+01,1.400000000000000000e+01,1.400000000000000000e+01,4.500000000000000000e+01,2.267932300000000012e+01
4.000636204661000050e+01,-8.303692897431000119e+01,4.435000000000000053e-01,3.471600000000000019e+00,-2.024374477136579920e+00,-2.835161949569799944e-01,-4.176552846189000023e-01,1.164997048000000035e+00,-6.595265989999999912e-01,8.464359592600000326e+01,2.024000000000000000e+03,1.100000000000000000e+01,1.400000000000000000e+01,1.400000000000000000e+01,4.500000000000000000e+01,2.273877799999999993e+01
4.000636230461999787e+01,-8.303692653691000203e+01,5.026000000000000467e-01,3.457800000000000207e+00,-1.833383631439360117e+00,-2.851340889470400097e-01,-1.861261266137599901e-01,1.151951578999999892e+00,-6.762571870000000374e-01,8.396253489199999365e+01,2.024000000000000000e+03,1.100000000000000000e+01,1.400000000000000000e+01,1.400000000000000000e+01,4.500000000000000000e+01,2.279605600000000010e+01
4.000636253916000129e+01,-8.303692451169000321e+01,5.348000000000000531e-01,3.452199999999999935e+00,-1.310991244972400160e+00,-7.162026022430000027e-02,1.273614396505400037e-01,1.148889762000000037e+00,-6.904191130000000287e-01,8.338445684500000255e+01,2.024000000000000000e+03,1.100000000000000000e+01,1.400000000000000000e+01,1.400000000000000000e+01,4.500000000000000000e+01,2.285170099999999849e+01
4.000636284309999979e+01,-8.303692208479000669e+01,5.847999999999999865e-01,3.446400000000000130e+00,-1.687084239797500107e+00,-5.205850663031999503e-02,2.413215219593400074e-01,1.159475274999999916e+00,-7.339414939999999721e-01,8.267161305700000185e+01,2.024000000000000000e+03,1.100000000000000000e+01,1.400000000000000000e+01,1.400000000000000000e+01,4.500000000000000000e+01,2.291037400000000090e+01
4.000636317562000244e+01,-8.303691966495999566e+01,6.370000000000000107e-01,3.433600000000000207e+00,-1.648740321833320088e+00,-2.600317083169400023e-01,2.395510130644600277e-01,1.138409245000000070e+00,-7.857266840000000085e-01,8.193410149800000397e+01,2.024000000000000000e+03,1.100000000000000000e+01,1.400000000000000000e+01,1.400000000000000000e+01,4.500000000000000000e+01,2.297060700000000111e+01
4.000636341114000061e+01,-8.303691805673000204e+01,6.654999999999999805e-01,3.424999999999999822e+00,-1.482374381724159917e+00,-2.275131903270599942e-01,1.047149245360400049e-01,1.120868305999999981e+00,-8.189715400000000534e-01,8.143118257800000492e+01,2.024000000000000000e+03,1.100000000000000000e+01,1.400000000000000000e+01,1.400000000000000000e+01,4.500000000000000000e+01,2.302966699999999989e+01
4.000636365548999862e+01,-8.303691645284999368e+01,6.885999999999999899e-01,3.416199999999999903e+00,-1.284367010332960080e+00,-2.387440427352199857e-01,1.743894297670000038e-01,1.117470761000000090e+00,-8.487458530000000501e-01,8.092192294000000174e+01,2.024000000000000000e+03,1.100000000000000000e+01,1.400000000000000000e+01,1.400000000000000000e+01,4.500000000000000000e+01,2.308953999999999951e+01
4.000636417757999652e+01,-8.303691325635999476e+01,7.537000000000000366e-01,3.401400000000000201e+00,-1.568057402261580080e+00,-4.742251056532000020e-02,-1.042965078745799884e-01,1.120970471999999996e+00,-9.173440349999999466e-01,7.988347605100000237e+01,2.024000000000000000e+03,1.100000000000000000e+01,1.400000000000000000e+01,1.400000000000000000e+01,4.500000000000000000e+01,2.314777899999999988e+01
4.000636452650000052e+01,-8.303691126763999364e+01,7.953000000000000069e-01,3.383999999999999897e+00,-1.674591403720520066e+00,-3.348012953391399926e-01,-2.155996387754200161e-01,1.118572400999999994e+00,-9.633625529999999548e-01,7.921588167699999872e+01,2.024000000000000000e+03,1.100000000000000000e+01,1.400000000000000000e+01,1.400000000000000000e+01,4.500000000000000000e+01,2.320651300000000106e+01
4.000636503893999674e+01,-8.303690849922000439e+01,8.378999999999999782e-01,3.361600000000000144e+00,-1.361470497174779970e+00,-3.968726916448800379e-01,-3.211176025090599628e-01,1.141713981000000100e+00,-9.998627060000000455e-01,7.825131682599999294e+01,2.024000000000000000e+03,1.100000000000000000e+01,1.400000000000000000e+01,1.400000000000000000e+01,4.500000000000000000e+01,2.326409999999999911e+01
4.000636534697999735e+01,-8.303690692514000204e+01,8.716000000000000414e-01,3.350200000000000067e+00,-1.679343436004999912e+00,-2.158123778373799984e-01,-3.259772495876600007e-01,1.169968740999999923e+00,-1.013880947999999949e+00,7.769451124399999742e+01,2.024000000000000000e+03,1.100000000000000000e+01,1.400000000000000000e+01,1.400000000000000000e+01,4.500000000000000000e+01,2.332213700000000145e+01
4.000636608986000198e+01,-8.303690340628000399e+01,9.615000000000000213e-01,3.320199999999999818e+00,-2.023585814936100125e+00,-1.288113148016399867e-01,-2.435907655112600212e-01,1.203476406000000054e+00,-1.032137400999999954e+00,7.643208631999999625e+01,2.024000000000000000e+03,1.100000000000000000e+01,1.400000000000000000e+01,1.400000000000000000e+01,4.500000000000000000e+01,2.338007800000000103e+01
4.000636662403999821e+01,-8.303690107776999696e+01,1.014999999999999902e+00,3.299900000000000055e+00,-1.777823081562239782e+00,-2.238253850717200066e-01,-5.666037621113999972e-02,1.204847133999999986e+00,-1.042664076000000106e+00,7.557529149600000551e+01,2.024000000000000000e+03,1.100000000000000000e+01,1.400000000000000000e+01,1.400000000000000000e+01,4.500000000000000000e+01,2.343747700000000123e+01
4.000636718609000297e+01,-8.303689876266000169e+01,1.065299999999999914e+00,3.282000000000000028e+00,-1.694737970961699869e+00,-1.296640870535600010e-01,-1.403268238445999801e-02,1.208139534000000070e+00,-1.049429868000000043e+00,7.469586230500000568e+01,2.024000000000000000e+03,1.100000000000000000e+01,1.400000000000000000e+01,1.400000000000000000e+01,4.500000000000000000e+01,2.349548100000000161e+01
4.000636777502000285e+01,-8.303689645917999940e+01,1.117699999999999916e+00,3.264800000000000146e+00,-1.926916887744420048e+00,-1.166253232183400018e-01,1.344116509209999921e-02,1.222894630999999954e+00,-1.065326970000000095e+00,7.379135271500000215e+01,2.024000000000000000e+03,1.100000000000000000e+01,1.400000000000000000e+01,1.400000000000000000e+01,4.500000000000000000e+01,2.355264599999999930e+01
4.000636828793000177e+01,-8.303689454965000039e+01,1.162300000000000111e+00,3.248699999999999921e+00,-1.931749199347259749e+00,-1.245804694880000008e-01,-3.100046119838399949e-01,1.238085029999999920e+00,-1.079072666000000069e+00,7.302059188799999845e+01,2.024000000000000000e+03,1.100000000000000000e+01,1.400000000000000000e+01,1.400000000000000000e+01,4.500000000000000000e+01,2.360993399999999909e+01
4.000636881981999693e+01,-8.303689264995000485e+01,1.203200000000000047e+00,3.231700000000000017e+00,-1.827846270509720261e+00,-1.398082426088000096e-01,-1.858856829062000005e-01,1.263017060999999996e+00,-1.090937389000000035e+00,7.223345305799999494e+01,2.024000000000000000e+03,1.100000000000000000e+01,1.400000000000000000e+01,1.400000000000000000e+01,4.500000000000000000e+01,2.366895399999999938e+01
4.000636960229999772e+01,-8.303689001250999979e+01,1.279300000000000104e+00,3.197299999999999809e+00,-2.317829678458819931e+00,-1.808895621492000172e-01,-1.506036342609999926e-02,1.286036836000000072e+00,-1.103479920000000059e+00,7.109776815499999714e+01,2.024000000000000000e+03,1.100000000000000000e+01,1.400000000000000000e+01,1.400000000000000000e+01,4.500000000000000000e+01,2.372834800000000044e+01
4.000637031043000036e+01,-8.303688776993999454e+01,1.341800000000000104e+00,3.178399999999999892e+00,-2.089140191136019897e+00,1.102360894700799981e-01,-1.198505763485999999e-02,1.290815854999999956e+00,-1.121687372000000016e+00,7.009365878100000202e+01,2.024000000000000000e+03,1.100000000000000000e+01,1.400000000000000000e+01,1.400000000000000000e+01,4.500000000000000000e+01,2.378632999999999953e+01
4.000637105244999958e+01,-8.303688554491999696e+01,1.405599999999999961e+00,3.146300000000000097e+00,-2.364767491401519983e+00,-3.258630716783399994e-01,-2.199442098422000128e-02,1.305967875999999972e+00,-1.160399104999999986e+00,6.906562884599999563e+01,2.024000000000000000e+03,1.100000000000000000e+01,1.400000000000000000e+01,1.400000000000000000e+01,4.500000000000000000e+01,2.384455300000000122e+01
4.000637183029999733e+01,-8.303688334788000702e+01,1.474699999999999900e+00,3.101799999999999891e+00,-2.688978763378380155e+00,-4.777260241406799945e-01,1.662399637669999958e-02,1.299946228000000037e+00,-1.173158721000000071e+00,6.802090332900000647e+01,2.024000000000000000e+03,1.100000000000000000e+01,1.400000000000000000e+01,1.400000000000000000e+01,4.500000000000000000e+01,2.390283700000000167e+01
4.000637264587000175e+01,-8.303688118057000622e+01,1.542599999999999971e+00,3.061799999999999855e+00,-2.500519371507480049e+00,-3.365478997346600387e-01,7.079466922148000552e-02,1.258059156000000067e+00,-1.164534138000000052e+00,6.696273373100000015e+01,2.024000000000000000e+03,1.100000000000000000e+01,1.400000000000000000e+01,1.400000000000000000e+01,4.500000000000000000e+01,2.396670699999999954e+01
4.000637320752999671e+01,-8.303687974903000679e+01,1.577900000000000080e+00,3.043200000000000127e+00,-2.039544035123240118e+00,-1.485379187020799963e-01,-1.175722403469999996e-02,1.228236923000000091e+00,-1.154348512999999965e+00,6.624760455800000614e+01,2.024000000000000000e+03,1.100000000000000000e+01,1.400000000000000000e+01,1.400000000000000000e+01,4.500000000000000000e+01,2.402548900000000032e+01
4.000637363608999664e+01,-8.303687868016000095e+01,1.597399999999999931e+00,3.033399999999999874e+00,-1.610603308493520069e+00,-1.061153047330200133e-01,-2.484007493708000405e-02,1.223456773999999969e+00,-1.154228210999999948e+00,6.570364634400000625e+01,2.024000000000000000e+03,1.100000000000000000e+01,1.400000000000000000e+01,1.400000000000000000e+01,4.500000000000000000e+01,2.408346500000000034e+01
4.000637495984000225e+01,-8.303687549770999965e+01,1.673300000000000010e+00,2.995600000000000041e+00,-2.061965384979000060e+00,-7.237256907571999742e-02,-1.089055938072800017e-01,1.263884554000000104e+00,-1.174179266000000110e+00,6.402876449599999376e+01,2.024000000000000000e+03,1.100000000000000000e+01,1.400000000000000000e+01,1.400000000000000000e+01,4.500000000000000000e+01,2.414029400000000081e+01
4.000637588064999761e+01,-8.303687340182000298e+01,1.725600000000000023e+00,2.965199999999999836e+00,-1.999501310621200068e+00,-1.260566932234999937e-01,-6.092866956083999724e-02,1.298172432999999959e+00,-1.197047635000000110e+00,6.287923836899999941e+01,2.024000000000000000e+03,1.100000000000000000e+01,1.400000000000000000e+01,1.400000000000000000e+01,4.500000000000000000e+01,2.419828599999999952e+01
4.000637698762000127e+01,-8.303687098902000230e+01,1.777500000000000080e+00,2.917699999999999960e+00,-1.969828796200739918e+00,-5.029746764000799786e-01,1.588213029616000055e-02,1.381340980000000052e+00,-1.209062424000000080e+00,6.152140465099999744e+01,2.024000000000000000e+03,1.100000000000000000e+01,1.400000000000000000e+01,1.400000000000000000e+01,4.500000000000000000e+01,2.425738499999999931e+01
4.000637780024000278e+01,-8.303686928988000204e+01,1.822200000000000042e+00,2.881299999999999972e+00,-2.285515261020919731e+00,-4.355713599183399509e-01,-4.627477581576000532e-02,1.474762893000000075e+00,-1.198345846000000048e+00,6.054296970400000077e+01,2.024000000000000000e+03,1.100000000000000000e+01,1.400000000000000000e+01,1.400000000000000000e+01,4.500000000000000000e+01,2.431557000000000102e+01
4.000637897877000171e+01,-8.303686694914000554e+01,1.904400000000000093e+00,2.825600000000000112e+00,-2.778328972702019950e+00,-2.268508203117399757e-01,-1.489932374577999930e-01,1.581942659999999945e+00,-1.173824017999999914e+00,5.914895484099999834e+01,2.024000000000000000e+03,1.100000000000000000e+01,1.400000000000000000e+01,1.400000000000000000e+01,4.500000000000000000e+01,2.437424299999999988e+01
4.000637985181000289e+01,-8.303686530529999743e+01,1.961999999999999966e+00,2.786999999999999922e+00,-2.696256695934520220e+00,-1.038261179156200059e-01,-1.473051572904000017e-01,1.627853688999999937e+00,-1.161053925999999903e+00,5.812967993899999897e+01,2.024000000000000000e+03,1.100000000000000000e+01,1.400000000000000000e+01,1.400000000000000000e+01,4.500000000000000000e+01,2.443223400000000112e+01
4.000638111533000085e+01,-8.303686304292999409e+01,2.037700000000000067e+00,2.729000000000000092e+00,-2.737119714076039934e+00,-2.257525861681999868e-01,-6.510493911663998989e-02,1.696886805999999970e+00,-1.158195934999999954e+00,5.667398419300000256e+01,2.024000000000000000e+03,1.100000000000000000e+01,1.400000000000000000e+01,1.400000000000000000e+01,4.500000000000000000e+01,2.449181700000000106e+01
4.000638204658000063e+01,-8.303686145855999712e+01,2.090899999999999981e+00,2.679399999999999782e+00,-2.917328477672560094e+00,-4.313535538129799618e-01,-1.777276764877999959e-01,1.747615445000000101e+00,-1.152605440999999953e+00,5.561985050900000260e+01,2.024000000000000000e+03,1.100000000000000000e+01,1.400000000000000000e+01,1.400000000000000000e+01,4.500000000000000000e+01,2.454988399999999871e+01
4.000638319482000327e+01,-8.303685959681999407e+01,2.149399999999999977e+00,2.617500000000000160e+00,-2.734487524250180268e+00,-5.531218423497400449e-01,-1.145236311762999892e-01,1.790406449000000011e+00,-1.123145359000000010e+00,5.434446384299999977e+01,2.024000000000000000e+03,1.100000000000000000e+01,1.400000000000000000e+01,1.400000000000000000e+01,4.500000000000000000e+01,2.460829400000000078e+01
4.000638437413000048e+01,-8.303685777617999975e+01,2.206599999999999895e+00,2.560299999999999798e+00,-2.705982587863340338e+00,-4.236921604630999871e-01,-1.736249497298800182e-01,1.827086157999999960e+00,-1.075593110000000019e+00,5.306058118499999665e+01,2.024000000000000000e+03,1.100000000000000000e+01,1.400000000000000000e+01,1.400000000000000000e+01,4.500000000000000000e+01,2.466585999999999856e+01
4.000638538196999860e+01,-8.303685629266000490e+01,2.259199999999999875e+00,2.506200000000000205e+00,-2.895948575732659958e+00,-4.114961634490600373e-01,5.021184839362000107e-02,1.843739406999999941e+00,-1.027563473000000061e+00,5.198632609199999877e+01,2.024000000000000000e+03,1.100000000000000000e+01,1.400000000000000000e+01,1.400000000000000000e+01,4.500000000000000000e+01,2.472151200000000060e+01
4.000638662135000345e+01,-8.303685455334999688e+01,2.318499999999999783e+00,2.443200000000000038e+00,-2.815782683454879809e+00,-3.766299504422599975e-01,2.217197055036999875e-01,1.839682272999999979e+00,-9.731325549999999547e-01,5.067938985499999660e+01,2.024000000000000000e+03,1.100000000000000000e+01,1.400000000000000000e+01,1.400000000000000000e+01,4.500000000000000000e+01,2.478224700000000169e+01
4.000638788967000181e+01,-8.303685285458000465e+01,2.366400000000000059e+00,2.390600000000000058e+00,-2.270759881319019957e+00,-2.915967126071600246e-01,-1.848028111250000008e-02,1.835026250000000081e+00,-9.210029210000000299e-01,4.934702036600000241e+01,2.024000000000000000e+03,1.100000000000000000e+01,1.400000000000000000e+01,1.400000000000000000e+01,4.500000000000000000e+01,2.484102899999999892e+01
4.000638918554000156e+01,-8.303685119227000655e+01,2.420700000000000074e+00,2.336899999999999977e+00,-2.562338077830859984e+00,-1.866306439114400195e-01,-1.199029783465400123e-01,1.861353443999999913e+00,-8.829582419999999487e-01,4.800629048799999765e+01,2.024000000000000000e+03,1.100000000000000000e+01,1.400000000000000000e+01,1.400000000000000000e+01,4.500000000000000000e+01,2.489852099999999879e+01
4.000639050821000353e+01,-8.303684956675000706e+01,2.467999999999999972e+00,2.285000000000000142e+00,-2.426006161219860235e+00,-2.173591967275399772e-01,-6.967821049384000098e-02,1.895639486999999956e+00,-8.580335019999999480e-01,4.665684224200000330e+01,2.024000000000000000e+03,1.100000000000000000e+01,1.400000000000000000e+01,1.400000000000000000e+01,4.500000000000000000e+01,2.495551899999999890e+01
4.000639163014999866e+01,-8.303684824335999792e+01,2.506200000000000205e+00,2.234100000000000197e+00,-2.484712738748279914e+00,-3.800528579914000393e-01,-5.398410039869999677e-02,1.921078545000000082e+00,-8.380415289999999517e-01,4.552634037899999697e+01,2.024000000000000000e+03,1.100000000000000000e+01,1.400000000000000000e+01,1.400000000000000000e+01,4.500000000000000000e+01,2.501349300000000042e+01
4.000639185658000230e+01,-8.303684798240000475e+01,2.513700000000000045e+00,2.222799999999999887e+00,-2.509627466960480113e+00,-4.423885546970599547e-01,-1.674396092117999904e-02,1.925383483000000062e+00,-8.335121159999999696e-01,4.530003548199999841e+01,2.024000000000000000e+03,1.100000000000000000e+01,1.400000000000000000e+01,1.400000000000000000e+01,4.500000000000000000e+01,2.507461299999999937e+01
4.000639415788999997e+01,-8.303684544140999435e+01,2.591200000000000170e+00,2.113199999999999967e+00,-2.830606055118960018e+00,-3.797450295448799862e-01,1.210749927790999991e-01,1.995585455999999924e+00,-7.782080919999999624e-01,4.302692778800000184e+01,2.024000000000000000e+03,1.100000000000000000e+01,1.400000000000000000e+01,1.400000000000000000e+01,4.500000000000000000e+01,2.513340099999999921e+01
4.000639557392999990e+01,-8.303684397877999857e+01,2.642700000000000049e+00,2.043000000000000149e+00,-2.946115700895139966e+00,-3.258699245094600072e-01,-1.754728850822799835e-01,2.040689540999999885e+00,-7.494722360000000139e-01,4.165035671999999778e+01,2.024000000000000000e+03,1.100000000000000000e+01,1.400000000000000000e+01,1.400000000000000000e+01,4.500000000000000000e+01,2.519186200000000042e+01
4.000639653311999666e+01,-8.303684303270999578e+01,2.676899999999999835e+00,1.991300000000000070e+00,-3.089898039396520080e+00,-3.884810600264200220e-01,-3.331393300576599992e-01,2.057861969999999818e+00,-7.312926459999999906e-01,4.072681602699999814e+01,2.024000000000000000e+03,1.100000000000000000e+01,1.400000000000000000e+01,1.400000000000000000e+01,4.500000000000000000e+01,2.524984699999999904e+01
4.000639873136000091e+01,-8.303684099068999558e+01,2.740899999999999892e+00,1.879999999999999893e+00,-2.763845533655560072e+00,-4.544482413695200562e-01,-2.026155577711200029e-01,2.081298762999999941e+00,-6.848410440000000099e-01,3.863773893700000173e+01,2.024000000000000000e+03,1.100000000000000000e+01,1.400000000000000000e+01,1.400000000000000000e+01,4.500000000000000000e+01,2.530822399999999917e+01
4.000640022686999941e+01,-8.303683969412999488e+01,2.786500000000000199e+00,1.808400000000000007e+00,-2.751587920947760058e+00,-2.153073281786800075e-01,2.032962097657999845e-01,2.091449622999999924e+00,-6.637420550000000530e-01,3.723937045299999937e+01,2.024000000000000000e+03,1.100000000000000000e+01,1.400000000000000000e+01,1.400000000000000000e+01,4.500000000000000000e+01,2.536587199999999953e+01
4.000640174733000265e+01,-8.303683844939000380e+01,2.833000000000000185e+00,1.730699999999999905e+00,-3.005455227407740182e+00,-3.132574602084799986e-01,1.745912400366800010e-01,2.097080692000000024e+00,-6.665683669999999950e-01,3.583707210800000098e+01,2.024000000000000000e+03,1.100000000000000000e+01,1.400000000000000000e+01,1.400000000000000000e+01,4.500000000000000000e+01,2.542635900000000149e+01
4.000640329098000336e+01,-8.303683726139999521e+01,2.873699999999999921e+00,1.646300000000000097e+00,-3.125296798915439656e+00,-5.125833501949000892e-01,3.922666113799999589e-04,2.075086723000000077e+00,-6.769213160000000506e-01,3.442807965800000147e+01,2.024000000000000000e+03,1.100000000000000000e+01,1.400000000000000000e+01,1.400000000000000000e+01,4.500000000000000000e+01,2.548635700000000170e+01
4.000640485433000038e+01,-8.303683613229000571e+01,2.902800000000000047e+00,1.565099999999999936e+00,-2.696781237890479854e+00,-7.515290386545000478e-01,-9.297181319984000603e-02,2.033532482000000030e+00,-6.828212350000000264e-01,3.301160634000000016e+01,2.024000000000000000e+03,1.100000000000000000e+01,1.400000000000000000e+01,1.400000000000000000e+01,4.500000000000000000e+01,2.554502700000000104e+01
4.000640643145000297e+01,-8.303683505722000291e+01,2.929199999999999804e+00,1.491600000000000037e+00,-2.566495222712779967e+00,-4.902190980594999803e-01,-4.176811339987999971e-02,2.013876917000000155e+00,-6.688758150000000402e-01,3.158711983899999964e+01,2.024000000000000000e+03,1.100000000000000000e+01,1.400000000000000000e+01,1.400000000000000000e+01,4.500000000000000000e+01,2.560328200000000010e+01
4.000640775835000085e+01,-8.303683420248999880e+01,2.955700000000000216e+00,1.426700000000000079e+00,-2.661645642387600041e+00,-4.190334364079399965e-01,-1.246126929128400090e-01,2.000294398999999945e+00,-6.632554550000000493e-01,3.039199592699999997e+01,2.024000000000000000e+03,1.100000000000000000e+01,1.400000000000000000e+01,1.400000000000000000e+01,4.500000000000000000e+01,2.566152200000000150e+01
4.000640936330000130e+01,-8.303683322134000377e+01,2.977300000000000058e+00,1.364900000000000002e+00,-2.013553187743339912e+00,-3.452643132861399899e-01,-2.232978587667200088e-01,1.994011693999999890e+00,-6.616046199999999766e-01,2.894545482399999869e+01,2.024000000000000000e+03,1.100000000000000000e+01,1.400000000000000000e+01,1.400000000000000000e+01,4.500000000000000000e+01,2.572010699999999872e+01
4.000641070929999898e+01,-8.303683243874000652e+01,2.994099999999999984e+00,1.304799999999999960e+00,-2.464428268942639999e+00,-5.576231863126400734e-01,-1.410150964345600055e-01,2.026292050999999983e+00,-6.659247799999999939e-01,2.773558252000000124e+01,2.024000000000000000e+03,1.100000000000000000e+01,1.400000000000000000e+01,1.400000000000000000e+01,4.500000000000000000e+01,2.578028499999999923e+01
4.000641260694000323e+01,-8.303683140955000397e+01,3.016399999999999970e+00,1.203000000000000069e+00,-2.894752613323039903e+00,-8.170714251975000897e-01,-5.929297169220000552e-02,2.065555821999999875e+00,-6.568166319999999558e-01,2.603304653000000002e+01,2.024000000000000000e+03,1.100000000000000000e+01,1.400000000000000000e+01,1.400000000000000000e+01,4.500000000000000000e+01,2.583901399999999882e+01
4.000641424516000200e+01,-8.303683059531999788e+01,3.039299999999999891e+00,1.111799999999999899e+00,-3.098458790061879853e+00,-6.210476126623999393e-01,1.191705747106399926e-01,2.090354111999999986e+00,-6.307291329999999974e-01,2.456614296700000111e+01,2.024000000000000000e+03,1.100000000000000000e+01,1.400000000000000000e+01,1.400000000000000000e+01,4.500000000000000000e+01,2.589708200000000105e+01
4.000641589221999794e+01,-8.303682983974999843e+01,3.049799999999999844e+00,1.035300000000000109e+00,-2.486247621102700034e+00,-7.326680326645199637e-01,9.882407024659999040e-02,2.128045951999999907e+00,-6.091960610000000109e-01,2.308477289200000016e+01,2.024000000000000000e+03,1.100000000000000000e+01,1.400000000000000000e+01,1.400000000000000000e+01,4.500000000000000000e+01,2.595582100000000025e+01
4.000641726951999999e+01,-8.303682925248999425e+01,3.059899999999999842e+00,9.683000000000000496e-01,-2.638511266339259809e+00,-6.738654164841000327e-01,-9.102327779462000834e-02,2.184641011000000077e+00,-5.865323999999999538e-01,2.184299449899999956e+01,2.024000000000000000e+03,1.100000000000000000e+01,1.400000000000000000e+01,1.400000000000000000e+01,4.500000000000000000e+01,2.601517099999999871e+01
4.000641782116999678e+01,-8.303682902834999879e+01,3.060500000000000220e+00,9.423000000000000265e-01,-2.542568035693100192e+00,-7.031869012538599639e-01,2.493753516039999823e-03,2.207620577999999778e+00,-5.755818089999999998e-01,2.134537262899999988e+01,2.024000000000000000e+03,1.100000000000000000e+01,1.400000000000000000e+01,1.400000000000000000e+01,4.500000000000000000e+01,2.607415800000000061e+01
4.000642030782000091e+01,-8.303682811855000523e+01,3.069399999999999906e+00,7.825999999999999623e-01,-3.455657973427280094e+00,-9.812300970941800760e-01,2.722432795475999978e-02,2.244984923000000077e+00,-4.798706139999999731e-01,1.910591777999999863e+01,2.024000000000000000e+03,1.100000000000000000e+01,1.400000000000000000e+01,1.400000000000000000e+01,4.500000000000000000e+01,2.613237000000000165e+01
4.000642224740000330e+01,-8.303682752158999847e+01,3.080099999999999838e+00,6.823000000000000176e-01,-2.580021345154820178e+00,-5.313017266875399436e-01,6.668536222526000312e-02,2.201757151999999884e+00,-3.822365449999999831e-01,1.736722900299999850e+01,2.024000000000000000e+03,1.100000000000000000e+01,1.400000000000000000e+01,1.400000000000000000e+01,4.500000000000000000e+01,2.619062800000000024e+01
4.000642363672999835e+01,-8.303682714618000205e+01,3.087600000000000122e+00,6.085000000000000409e-01,-2.777995430708720015e+00,-5.697030220665000311e-01,-1.597674163244199863e-01,2.192845134999999779e+00,-3.336059559999999813e-01,1.612512024300000135e+01,2.024000000000000000e+03,1.100000000000000000e+01,1.400000000000000000e+01,1.400000000000000000e+01,4.500000000000000000e+01,2.624799199999999999e+01
4.000642558412000227e+01,-8.303682669668999949e+01,3.086899999999999977e+00,4.946999999999999731e-01,-3.138081384554160191e+00,-9.163294803092000285e-01,-3.504878303854400134e-01,2.165535370000000182e+00,-2.690437809999999819e-01,1.438232044599999959e+01,2.024000000000000000e+03,1.100000000000000000e+01,1.400000000000000000e+01,1.400000000000000000e+01,4.500000000000000000e+01,2.630350400000000022e+01
4.000642697042000151e+01,-8.303682642795000390e+01,3.072299999999999809e+00,4.282000000000000250e-01,-2.455435312132580261e+00,-1.085252784873300014e+00,-3.974782017678399892e-01,2.131201669000000187e+00,-1.904164010000000129e-01,1.313881207999999923e+01,2.024000000000000000e+03,1.100000000000000000e+01,1.400000000000000000e+01,1.400000000000000000e+01,4.500000000000000000e+01,2.636181799999999953e+01
4.000642862765000274e+01,-8.303682614983000576e+01,3.060200000000000031e+00,3.649999999999999911e-01,-2.086920022617719805e+00,-8.605885663467399693e-01,-2.208156636219600066e-01,2.131237961000000070e+00,-7.644118699999999378e-02,1.165164048199999947e+01,2.024000000000000000e+03,1.100000000000000000e+01,1.400000000000000000e+01,1.400000000000000000e+01,4.500000000000000000e+01,2.642057099999999892e+01
4.000643028041999827e+01,-8.303682592235000470e+01,3.055000000000000160e+00,2.824999999999999734e-01,-2.902228934035619989e+00,-7.361198149113600264e-01,-8.351391882452000037e-02,2.148910029000000055e+00,4.070809999999999707e-02,1.016120826400000077e+01,2.024000000000000000e+03,1.100000000000000000e+01,1.400000000000000000e+01,1.400000000000000000e+01,4.500000000000000000e+01,2.647940900000000042e+01
4.000643193097999983e+01,-8.303682575438000413e+01,3.049900000000000055e+00,2.018000000000000071e-01,-2.562361149444779773e+00,-6.887315734270599288e-01,1.053386476240199959e-01,2.133131292999999928e+00,1.501560120000000054e-01,8.670107289000000605e+00,2.024000000000000000e+03,1.100000000000000000e+01,1.400000000000000000e+01,1.400000000000000000e+01,4.500000000000000000e+01,2.653845600000000005e+01
4.000643357767999930e+01,-8.303682564131000277e+01,3.044399999999999995e+00,1.260999999999999899e-01,-2.439757395765319803e+00,-4.858623587773399644e-01,4.794901474956000248e-02,2.133428466999999884e+00,2.487965229999999917e-01,7.181675038999999927e+00,2.024000000000000000e+03,1.100000000000000000e+01,1.400000000000000000e+01,1.400000000000000000e+01,4.500000000000000000e+01,2.659700899999999990e+01
4.000643522307999689e+01,-8.303682558494000432e+01,3.042899999999999938e+00,4.019999999999999962e-02,-2.850518952660579863e+00,-3.983085848804600593e-01,-1.080488440856000078e-02,2.138313915999999981e+00,3.197182109999999744e-01,5.691427784000000045e+00,2.024000000000000000e+03,1.100000000000000000e+01,1.400000000000000000e+01,1.400000000000000000e+01,4.500000000000000000e+01,2.665608500000000092e+01
4.000643659135000263e+01,-8.303682558511999900e+01,3.033399999999999874e+00,-3.189999999999999780e-02,-2.704748948944859954e+00,-6.071870518639399528e-01,-6.196844508488000280e-02,2.123598174000000061e+00,3.659069710000000253e-01,4.453662944000000401e+00,2.024000000000000000e+03,1.100000000000000000e+01,1.400000000000000000e+01,1.400000000000000000e+01,4.500000000000000000e+01,2.671453800000000101e+01
4.000643795506000089e+01,-8.303682562587999882e+01,3.021100000000000119e+00,-9.639999999999999958e-02,-2.337713871504859764e+00,-6.789875732254999630e-01,1.674190754120800095e-01,2.098695234000000021e+00,4.017774219999999952e-01,3.222056750000000136e+00,2.024000000000000000e+03,1.100000000000000000e+01,1.400000000000000000e+01,1.400000000000000000e+01,4.500000000000000000e+01,2.677213800000000177e+01
4.000643985229999799e+01,-8.303682574129000216e+01,2.996500000000000163e+00,-1.792999999999999872e-01,-2.349472139687859951e+00,-7.723200247736600188e-01,3.088586569912200042e-01,2.070357956000000055e+00,4.601706289999999977e-01,1.503809656999999911e+00,2.024000000000000000e+03,1.100000000000000000e+01,1.400000000000000000e+01,1.400000000000000000e+01,4.500000000000000000e+01,2.682792299999999841e+01
4.000644146804000201e+01,-8.303682589525999447e+01,2.981599999999999806e+00,-2.538000000000000256e-01,-2.573250409475200229e+00,-5.517073175167800381e-01,4.180618794536799521e-01,2.065954865000000140e+00,4.978021990000000008e-01,4.455255500000000063e-02,2.024000000000000000e+03,1.100000000000000000e+01,1.400000000000000000e+01,1.400000000000000000e+01,4.500000000000000000e+01,2.688996600000000115e+01
4.000644307612000006e+01,-8.303682610296999655e+01,2.968900000000000095e+00,-3.326000000000000068e-01,-2.732664163161239834e+00,-3.545668418987200088e-01,3.697764145675599967e-01,2.055890789000000218e+00,5.056971719999999726e-01,3.585915610150000248e+02,2.024000000000000000e+03,1.100000000000000000e+01,1.400000000000000000e+01,1.400000000000000000e+01,4.500000000000000000e+01,2.694875199999999893e+01
4.000644467518999647e+01,-8.303682635786999811e+01,2.948999999999999844e+00,-3.919000000000000261e-01,-2.136736200676499831e+00,-5.697350474977799228e-01,5.123545506583999931e-02,2.047868085999999810e+00,4.900146400000000013e-01,3.571297895889999836e+02,2.024000000000000000e+03,1.100000000000000000e+01,1.400000000000000000e+01,1.400000000000000000e+01,4.500000000000000000e+01,2.700766899999999993e+01
4.000644494054999711e+01,-8.303682640478000110e+01,2.944399999999999906e+00,-4.027999999999999914e-01,-2.157045852165500044e+00,-6.860258193928400194e-01,1.328611071749399852e-01,2.048396401999999838e+00,4.871983149999999929e-01,3.568855877839999948e+02,2.024000000000000000e+03,1.100000000000000000e+01,1.400000000000000000e+01,1.400000000000000000e+01,4.500000000000000000e+01,2.706360799999999855e+01
4.000644626275000348e+01,-8.303682666345000030e+01,2.926000000000000156e+00,-4.711000000000000187e-01,-2.652733987846999764e+00,-5.915967237054999828e-01,-9.278271810566000866e-02,2.041155816999999928e+00,4.787676889999999963e-01,3.556696703950000256e+02,2.024000000000000000e+03,1.100000000000000000e+01,1.400000000000000000e+01,1.400000000000000000e+01,4.500000000000000000e+01,2.712358000000000047e+01
4.000644887794000226e+01,-8.303682729531000462e+01,2.882099999999999884e+00,-5.990999999999999659e-01,-2.530936842784059948e+00,-6.551643565210999443e-01,-2.822846595072199816e-01,1.997852562000000054e+00,4.495409899999999737e-01,3.532747727010000176e+02,2.024000000000000000e+03,1.100000000000000000e+01,1.400000000000000000e+01,1.400000000000000000e+01,4.500000000000000000e+01,2.718347299999999933e+01
4.000645016778999974e+01,-8.303682766846999641e+01,2.851900000000000102e+00,-6.692000000000000171e-01,-2.929778400149140261e+00,-8.452633773806599304e-01,-2.651341860451599808e-01,1.969963166000000099e+00,4.340229780000000037e-01,3.520942757029999939e+02,2.024000000000000000e+03,1.100000000000000000e+01,1.400000000000000000e+01,1.400000000000000000e+01,4.500000000000000000e+01,2.724221400000000060e+01
4.000645169653999744e+01,-8.303682816696999680e+01,2.813000000000000167e+00,-7.411999999999999700e-01,-2.415745601975459955e+00,-8.730903991970598854e-01,-4.820633748090000226e-02,1.905879128999999894e+00,4.347444859999999855e-01,3.506818818809999811e+02,2.024000000000000000e+03,1.100000000000000000e+01,1.400000000000000000e+01,1.400000000000000000e+01,4.500000000000000000e+01,2.730071399999999926e+01
4.000645370488999930e+01,-8.303682890461999477e+01,2.766900000000000137e+00,-8.299999999999999600e-01,-2.492416738267640319e+00,-6.954241038106200312e-01,-5.711038835869999830e-02,1.826381730000000037e+00,4.435504270000000249e-01,3.487997621100000174e+02,2.024000000000000000e+03,1.100000000000000000e+01,1.400000000000000000e+01,1.400000000000000000e+01,4.500000000000000000e+01,2.735981599999999858e+01
4.000645494422000326e+01,-8.303682940477000329e+01,2.741800000000000015e+00,-8.752999999999999670e-01,-2.073074043487939999e+00,-6.040546861760399677e-01,-1.018680413717199945e-01,1.772722845000000103e+00,4.471011160000000206e-01,3.476223702130000106e+02,2.024000000000000000e+03,1.100000000000000000e+01,1.400000000000000000e+01,1.400000000000000000e+01,4.500000000000000000e+01,2.741629199999999855e+01
4.000645665783000027e+01,-8.303683014493999792e+01,2.697999999999999954e+00,-9.262000000000000233e-01,-1.733851423484900067e+00,-9.214425695999599597e-01,-5.675353086643999956e-02,1.735853866000000023e+00,4.537370550000000002e-01,3.459933436320000055e+02,2.024000000000000000e+03,1.100000000000000000e+01,1.400000000000000000e+01,1.400000000000000000e+01,4.500000000000000000e+01,2.747541299999999964e+01
4.000645810337999819e+01,-8.303683081171000424e+01,2.655800000000000161e+00,-9.668999999999999817e-01,-1.710483039729299826e+00,-1.035826747469460019e+00,5.123990447274000271e-02,1.740201727000000087e+00,4.870402629999999733e-01,3.446134532680000007e+02,2.024000000000000000e+03,1.100000000000000000e+01,1.400000000000000000e+01,1.400000000000000000e+01,4.500000000000000000e+01,2.753421499999999966e+01
4.000645952720000054e+01,-8.303683151108999994e+01,2.619499999999999940e+00,-1.016799999999999926e+00,-1.872013099794940238e+00,-6.432993083974000159e-01,-3.768956129243999920e-02,1.759822071000000099e+00,5.447468580000000005e-01,3.432420097419999934e+02,2.024000000000000000e+03,1.100000000000000000e+01,1.400000000000000000e+01,1.400000000000000000e+01,4.500000000000000000e+01,2.759307400000000143e+01
4.000646069994999721e+01,-8.303683212378000178e+01,2.592799999999999994e+00,-1.066699999999999982e+00,-2.108944445073659857e+00,-4.634403271670599622e-01,-9.364623463011999271e-02,1.776193719999999976e+00,5.828500810000000198e-01,3.420974056449999807e+02,2.024000000000000000e+03,1.100000000000000000e+01,1.400000000000000000e+01,1.400000000000000000e+01,4.500000000000000000e+01,2.765177299999999860e+01
4.000646208807000193e+01,-8.303683290227999692e+01,2.548099999999999810e+00,-1.140800000000000036e+00,-2.754657265877439976e+00,-6.715678217141399786e-01,-6.140950144917999703e-02,1.771656960000000058e+00,6.159054219999999802e-01,3.407279242199999771e+02,2.024000000000000000e+03,1.100000000000000000e+01,1.400000000000000000e+01,1.400000000000000000e+01,4.500000000000000000e+01,2.771084000000000103e+01
4.000646322426000268e+01,-8.303683359171000689e+01,2.503600000000000048e+00,-1.204399999999999915e+00,-2.863484345396980046e+00,-7.974007184209399579e-01,-1.588331224286399779e-01,1.732848139999999981e+00,6.501595049999999709e-01,3.395991297030000169e+02,2.024000000000000000e+03,1.100000000000000000e+01,1.400000000000000000e+01,1.400000000000000000e+01,4.500000000000000000e+01,2.776972299999999905e+01
4.000646478339000112e+01,-8.303683461363000617e+01,2.446899999999999853e+00,-1.282499999999999973e+00,-2.634987878488720181e+00,-6.692534535555200170e-01,-1.445371791697599995e-01,1.645093225000000103e+00,7.112699590000000072e-01,3.380405881519999980e+02,2.024000000000000000e+03,1.100000000000000000e+01,1.400000000000000000e+01,1.400000000000000000e+01,4.500000000000000000e+01,2.782907000000000153e+01
4.000646609643000318e+01,-8.303683553423999797e+01,2.415000000000000036e+00,-1.332400000000000029e+00,-1.961444182787919877e+00,-3.493155381814400107e-01,-2.075337276214000160e-01,1.572813822000000084e+00,7.603127410000000141e-01,3.367121359959999722e+02,2.024000000000000000e+03,1.100000000000000000e+01,1.400000000000000000e+01,1.400000000000000000e+01,4.500000000000000000e+01,2.788793199999999928e+01
4.000646739153999931e+01,-8.303683648787999516e+01,2.380999999999999783e+00,-1.376300000000000079e+00,-1.793825560001999886e+00,-4.646848753251200392e-01,-2.000280800419400040e-01,1.510660281999999910e+00,7.987214919999999774e-01,3.353793034870000156e+02,2.024000000000000000e+03,1.100000000000000000e+01,1.400000000000000000e+01,1.400000000000000000e+01,4.500000000000000000e+01,2.794679599999999908e+01
4.000646866836000015e+01,-8.303683746899000084e+01,2.348700000000000010e+00,-1.410800000000000054e+00,-1.456783302606719843e+00,-4.409155215211800205e-01,-1.869381058001000073e-01,1.453265921000000072e+00,8.503048399999999507e-01,3.340469393419999733e+02,2.024000000000000000e+03,1.100000000000000000e+01,1.400000000000000000e+01,1.400000000000000000e+01,4.500000000000000000e+01,2.800580300000000022e+01
4.000646887965999809e+01,-8.303683763466000300e+01,2.344800000000000217e+00,-1.415000000000000036e+00,-1.354641605661959902e+00,-4.078691146700200165e-01,-1.308204285237200004e-01,1.445272303999999952e+00,8.593931369999999736e-01,3.338254478900000208e+02,2.024000000000000000e+03,1.100000000000000000e+01,1.400000000000000000e+01,1.400000000000000000e+01,4.500000000000000000e+01,2.806476899999999830e+01
4.000647055467999991e+01,-8.303683899023999970e+01,2.307100000000000151e+00,-1.474199999999999955e+00,-1.884202397246740102e+00,-1.451562512096599977e-01,-5.938552524132000715e-02,1.416591093000000079e+00,9.189489659999999782e-01,3.320619492550000018e+02,2.024000000000000000e+03,1.100000000000000000e+01,1.400000000000000000e+01,1.400000000000000000e+01,4.500000000000000000e+01,2.812402200000000008e+01
4.000647219430000234e+01,-8.303684040878999895e+01,2.251799999999999802e+00,-1.546300000000000008e+00,-2.201210315205300194e+00,-3.773432070492199752e-01,1.697384702745999840e-01,1.396097652999999994e+00,9.543187100000000145e-01,3.303105027639999776e+02,2.024000000000000000e+03,1.100000000000000000e+01,1.400000000000000000e+01,1.400000000000000000e+01,4.500000000000000000e+01,2.818373599999999968e+01
4.000647319734999741e+01,-8.303684132805000218e+01,2.215399999999999814e+00,-1.583800000000000097e+00,-1.898390009739240103e+00,-4.755129225040799490e-01,-3.152887912064000070e-02,1.378423187000000105e+00,9.809974919999999710e-01,3.292155035050000151e+02,2.024000000000000000e+03,1.100000000000000000e+01,1.400000000000000000e+01,1.400000000000000000e+01,4.500000000000000000e+01,2.824283499999999947e+01
4.000647437965000108e+01,-8.303684246116999645e+01,2.172299999999999898e+00,-1.632900000000000018e+00,-2.091896919531800236e+00,-3.039518794323999851e-01,1.541204905863999830e-01,1.365732587000000109e+00,1.014657544000000078e+00,3.279021239840000135e+02,2.024000000000000000e+03,1.100000000000000000e+01,1.400000000000000000e+01,1.400000000000000000e+01,4.500000000000000000e+01,2.830217899999999887e+01
4.000647572994999734e+01,-8.303684383520999290e+01,2.121199999999999974e+00,-1.710499999999999909e+00,-2.700941528012680060e+00,-7.351935731619999373e-03,1.474469623932400109e-01,1.318773744000000026e+00,1.021800177000000032e+00,3.263783355919999849e+02,2.024000000000000000e+03,1.100000000000000000e+01,1.400000000000000000e+01,1.400000000000000000e+01,4.500000000000000000e+01,2.836103599999999858e+01
4.000647667469999647e+01,-8.303684485287000427e+01,2.082199999999999829e+00,-1.760599999999999943e+00,-2.668445965945020149e+00,-1.704501403127799963e-01,6.965519453997999488e-02,1.244463775999999910e+00,1.000410500000000091e+00,3.253001750050000282e+02,2.024000000000000000e+03,1.100000000000000000e+01,1.400000000000000000e+01,1.400000000000000000e+01,4.500000000000000000e+01,2.841759599999999963e+01
4.000647796972000236e+01,-8.303684631612000544e+01,2.035000000000000142e+00,-1.802599999999999980e+00,-1.683626510496619932e+00,-3.934766682355399503e-01,6.524107389871999785e-02,1.139075062000000083e+00,9.674531029999999809e-01,3.238186446589999719e+02,2.024000000000000000e+03,1.100000000000000000e+01,1.400000000000000000e+01,1.400000000000000000e+01,4.500000000000000000e+01,2.847601900000000086e+01
4.000647905633000079e+01,-8.303684759649999592e+01,1.994599999999999929e+00,-1.834600000000000009e+00,-1.652634939022060045e+00,-4.508427922662599507e-01,-4.883320681578000311e-02,1.085832281999999926e+00,9.461610780000000442e-01,3.225808527699999786e+02,2.024000000000000000e+03,1.100000000000000000e+01,1.400000000000000000e+01,1.400000000000000000e+01,4.500000000000000000e+01,2.853517700000000090e+01
4.000648011938999815e+01,-8.303684890265999741e+01,1.950599999999999890e+00,-1.873099999999999987e+00,-1.816697235660239995e+00,-3.485401421908400077e-01,-1.469975219393999943e-01,1.025426651000000078e+00,9.389971999999999763e-01,3.213591381800000022e+02,2.024000000000000000e+03,1.100000000000000000e+01,1.400000000000000000e+01,1.400000000000000000e+01,4.500000000000000000e+01,2.859607300000000052e+01
4.000648116103999996e+01,-8.303685023289999378e+01,1.912900000000000045e+00,-1.905499999999999972e+00,-1.654590627121039992e+00,-2.936269711093599799e-01,-1.833174880754200042e-01,9.541003279999999975e-01,9.336402809999999608e-01,3.201361367659999928e+02,2.024000000000000000e+03,1.100000000000000000e+01,1.400000000000000000e+01,1.400000000000000000e+01,4.500000000000000000e+01,2.865651700000000091e+01
4.000648218367000197e+01,-8.303685158297000157e+01,1.876300000000000079e+00,-1.934199999999999919e+00,-1.725634801206300084e+00,-2.995750290602399724e-01,-7.517345461706000098e-02,9.062472139999999676e-01,9.206657660000000520e-01,3.189118364949999886e+02,2.024000000000000000e+03,1.100000000000000000e+01,1.400000000000000000e+01,1.400000000000000000e+01,4.500000000000000000e+01,2.871661299999999883e+01
4.000648301839999732e+01,-8.303685272621000024e+01,1.839299999999999935e+00,-1.963799999999999990e+00,-1.882650497650860011e+00,-2.794856341881000183e-01,8.168658305614000248e-02,8.739713009999999782e-01,9.097347669999999997e-01,3.178935297539999851e+02,2.024000000000000000e+03,1.100000000000000000e+01,1.400000000000000000e+01,1.400000000000000000e+01,4.500000000000000000e+01,2.877594200000000058e+01
4.000648416394000151e+01,-8.303685435324000252e+01,1.802100000000000035e+00,-1.999000000000000110e+00,-1.364997176057699990e+00,-5.876278681393999614e-02,-1.754384893235999901e-02,8.549552870000000082e-01,8.880182760000000508e-01,3.164693038539999748e+02,2.024000000000000000e+03,1.100000000000000000e+01,1.400000000000000000e+01,1.400000000000000000e+01,4.500000000000000000e+01,2.883461600000000047e+01
4.000648512320000094e+01,-8.303685577718999866e+01,1.758299999999999974e+00,-2.042400000000000215e+00,-1.887037024198820134e+00,-5.553229732995999812e-02,3.665977834590000012e-02,8.500266260000000074e-01,8.562833189999999872e-01,3.152546574990000181e+02,2.024000000000000000e+03,1.100000000000000000e+01,1.400000000000000000e+01,1.400000000000000000e+01,4.500000000000000000e+01,2.889257100000000023e+01
4.000648590472000166e+01,-8.303685698639999657e+01,1.721200000000000063e+00,-2.077199999999999935e+00,-1.921942814297079805e+00,-8.803237127129999451e-02,-1.229253571990999994e-01,8.336587170000000491e-01,8.302172899999999967e-01,3.142535244520000219e+02,2.024000000000000000e+03,1.100000000000000000e+01,1.400000000000000000e+01,1.400000000000000000e+01,4.500000000000000000e+01,2.894897399999999976e+01
4.000648681983000188e+01,-8.303685846333000597e+01,1.674199999999999910e+00,-2.116999999999999993e+00,-1.977092378155299812e+00,-1.243244439984200062e-01,-1.328713365844600147e-01,8.008591849999999734e-01,8.076583870000000331e-01,3.130690814000000159e+02,2.024000000000000000e+03,1.100000000000000000e+01,1.400000000000000000e+01,1.400000000000000000e+01,4.500000000000000000e+01,2.900903100000000023e+01
4.000648696978999652e+01,-8.303685871221000525e+01,1.665200000000000014e+00,-2.124299999999999855e+00,-2.090927507948300068e+00,-1.283430180724400016e-01,-1.297205422615400061e-01,7.962655429999999646e-01,8.042347749999999573e-01,3.128729907700000012e+02,2.024000000000000000e+03,1.100000000000000000e+01,1.400000000000000000e+01,1.400000000000000000e+01,4.500000000000000000e+01,2.906846900000000034e+01
4.000648829187999667e+01,-8.303686097898000185e+01,1.605799999999999894e+00,-2.168699999999999850e+00,-1.559938256418679892e+00,-1.209081317397800032e-01,1.033340607757000096e-01,7.496668669999999590e-01,7.906394629999999868e-01,3.111105001220000190e+02,2.024000000000000000e+03,1.100000000000000000e+01,1.400000000000000000e+01,1.400000000000000000e+01,4.500000000000000000e+01,2.912613800000000097e+01
4.000648928716999819e+01,-8.303686277878999533e+01,1.561700000000000088e+00,-2.210999999999999854e+00,-1.815945080109419907e+00,8.966548576438000684e-02,4.812525574932000061e-02,7.314272539999999712e-01,7.699794850000000190e-01,3.097361980449999805e+02,2.024000000000000000e+03,1.100000000000000000e+01,1.400000000000000000e+01,1.400000000000000000e+01,4.500000000000000000e+01,2.918170699999999940e+01
4.000648998129000233e+01,-8.303686408528000129e+01,1.532299999999999995e+00,-2.240000000000000213e+00,-1.719220019302780011e+00,1.454311951421800031e-01,9.924070626528000427e-02,7.149234159999999783e-01,7.428978670000000450e-01,3.087599597170000152e+02,2.024000000000000000e+03,1.100000000000000000e+01,1.400000000000000000e+01,1.400000000000000000e+01,4.500000000000000000e+01,2.924085699999999832e+01
4.000649093021999647e+01,-8.303686594097999318e+01,1.489200000000000079e+00,-2.275399999999999867e+00,-1.596000172250880089e+00,2.291441793966000201e-02,-1.095798590586199994e-01,7.059022520000000078e-01,7.018407679999999482e-01,3.074195213570000078e+02,2.024000000000000000e+03,1.100000000000000000e+01,1.400000000000000000e+01,1.400000000000000000e+01,4.500000000000000000e+01,2.929929599999999823e+01
4.000649171970999873e+01,-8.303686755545000153e+01,1.446299999999999919e+00,-2.306400000000000006e+00,-1.662325405467480088e+00,-2.771151464385999963e-02,-2.366359337328400314e-01,7.020872900000000305e-01,6.772218469999999879e-01,3.063027901699999802e+02,2.024000000000000000e+03,1.100000000000000000e+01,1.400000000000000000e+01,1.400000000000000000e+01,4.500000000000000000e+01,2.936119300000000010e+01
4.000649248612000264e+01,-8.303686919191000015e+01,1.404099999999999904e+00,-2.338200000000000056e+00,-1.649271340574000044e+00,5.091344015428000275e-02,-1.136767226457999908e-02,6.870678230000000219e-01,6.582203610000000316e-01,3.051978537929999789e+02,2.024000000000000000e+03,1.100000000000000000e+01,1.400000000000000000e+01,1.400000000000000000e+01,4.500000000000000000e+01,2.941979600000000161e+01
4.000649322894999926e+01,-8.303687085127999978e+01,1.359599999999999920e+00,-2.371599999999999930e+00,-1.751333141011239825e+00,9.908680164743999264e-02,6.538707724200000689e-03,6.516775769999999524e-01,6.389291769999999593e-01,3.041040842849999990e+02,2.024000000000000000e+03,1.100000000000000000e+01,1.400000000000000000e+01,1.400000000000000000e+01,4.500000000000000000e+01,2.947583500000000001e+01
4.000649395160999688e+01,-8.303687253267999324e+01,1.324200000000000044e+00,-2.403099999999999792e+00,-1.646762531276600106e+00,2.213916083666000179e-01,-5.868664840958000284e-02,6.237341090000000365e-01,6.111117619999999473e-01,3.030351367160000109e+02,2.024000000000000000e+03,1.100000000000000000e+01,1.400000000000000000e+01,1.400000000000000000e+01,4.500000000000000000e+01,2.953949000000000069e+01
4.000649465471000354e+01,-8.303687423527999556e+01,1.287700000000000067e+00,-2.431000000000000050e+00,-1.532455113230519972e+00,1.011285234721400056e-01,-1.755264583459800187e-01,6.034157770000000420e-01,5.775730700000000217e-01,3.020010868570000184e+02,2.024000000000000000e+03,1.100000000000000000e+01,1.400000000000000000e+01,1.400000000000000000e+01,4.500000000000000000e+01,2.959988099999999989e+01
4.000649533968999805e+01,-8.303687595312999292e+01,1.257500000000000062e+00,-2.447900000000000187e+00,-1.132546848552800078e+00,-3.073262830912000185e-02,-1.914983947545199905e-01,5.934682430000000064e-01,5.589206129999999551e-01,3.009970520050000005e+02,2.024000000000000000e+03,1.100000000000000000e+01,1.400000000000000000e+01,1.400000000000000000e+01,4.500000000000000000e+01,2.965950799999999887e+01
4.000649600804000272e+01,-8.303687768529999857e+01,1.226299999999999946e+00,-2.470299999999999940e+00,-1.224686344824100104e+00,1.119348910098000027e-01,9.336335758059999615e-03,5.896998650000000453e-01,5.511251860000000447e-01,3.000133275129999788e+02,2.024000000000000000e+03,1.100000000000000000e+01,1.400000000000000000e+01,1.400000000000000000e+01,4.500000000000000000e+01,2.971782999999999930e+01
4.000649655088000145e+01,-8.303687914171999296e+01,1.195999999999999952e+00,-2.492599999999999927e+00,-1.438170672113640025e+00,1.867521697966399996e-01,2.847823532236000432e-02,5.829684929999999765e-01,5.468635760000000179e-01,2.992080841329999998e+02,2.024000000000000000e+03,1.100000000000000000e+01,1.400000000000000000e+01,1.400000000000000000e+01,4.500000000000000000e+01,2.977233700000000027e+01
4.000649718572000069e+01,-8.303688090893000151e+01,1.162300000000000111e+00,-2.526899999999999924e+00,-1.548104704939899934e+00,4.867898467412200003e-01,5.969997248247999738e-02,5.728603770000000317e-01,5.317362500000000214e-01,2.982623077659999922e+02,2.024000000000000000e+03,1.100000000000000000e+01,1.400000000000000000e+01,1.400000000000000000e+01,4.500000000000000000e+01,2.983102799999999988e+01
4.000649789930999845e+01,-8.303688299998999867e+01,1.112900000000000000e+00,-2.559400000000000119e+00,-1.636366819436539943e+00,1.367256003041400214e-01,3.064900554929999785e-02,5.471264649999999508e-01,4.943421820000000189e-01,2.971973230180000201e+02,2.024000000000000000e+03,1.100000000000000000e+01,1.400000000000000000e+01,1.400000000000000000e+01,4.500000000000000000e+01,2.989153400000000005e+01
4.000649839505999950e+01,-8.303688450363999607e+01,1.095900000000000096e+00,-2.567800000000000082e+00,-8.113239152882401051e-01,2.306830363424000260e-02,2.719444266932000143e-02,5.405069660000000331e-01,4.840045700000000228e-01,2.964614200259999848e+02,2.024000000000000000e+03,1.100000000000000000e+01,1.400000000000000000e+01,1.400000000000000000e+01,4.500000000000000000e+01,2.995144099999999909e+01
4.000649897894999896e+01,-8.303688632045999896e+01,1.071099999999999941e+00,-2.594199999999999839e+00,-1.232302903433819985e+00,4.551019614467600172e-01,-2.756518259876000049e-02,5.574342570000000441e-01,4.744269030000000109e-01,2.956000775960000055e+02,2.024000000000000000e+03,1.100000000000000000e+01,1.400000000000000000e+01,1.400000000000000000e+01,4.500000000000000000e+01,3.001314500000000152e+01
4.000649907491000334e+01,-8.303688662512999485e+01,1.066999999999999948e+00,-2.598800000000000221e+00,-1.210058505159159914e+00,4.720021076350199851e-01,-5.765153987090000653e-02,5.589253650000000073e-01,4.713942099999999802e-01,2.954578931610000154e+02,2.024000000000000000e+03,1.100000000000000000e+01,1.400000000000000000e+01,1.400000000000000000e+01,4.500000000000000000e+01,3.007267999999999830e+01
4.000649917033000236e+01,-8.303688693041999613e+01,1.061600000000000099e+00,-2.603899999999999881e+00,-1.249556552195340009e+00,4.626487456571600210e-01,8.408054034879999805e-03,5.578580539999999921e-01,4.679824799999999785e-01,2.953162908909999942e+02,2.024000000000000000e+03,1.100000000000000000e+01,1.400000000000000000e+01,1.400000000000000000e+01,4.500000000000000000e+01,3.013153099999999895e+01
4.000649926530999778e+01,-8.303688723633999302e+01,1.056400000000000006e+00,-2.609399999999999942e+00,-1.303646028911660038e+00,4.836528110735200392e-01,-3.347448995373999980e-02,5.553344810000000464e-01,4.641546120000000220e-01,2.951751072459999818e+02,2.024000000000000000e+03,1.100000000000000000e+01,1.400000000000000000e+01,1.400000000000000000e+01,4.500000000000000000e+01,3.019145800000000079e+01
4.000650000854999888e+01,-8.303688969524999663e+01,1.017700000000000049e+00,-2.644000000000000128e+00,-1.328969212371859943e+00,3.439496573480599895e-01,-1.559769275816599854e-01,5.382315509999999747e-01,4.240172919999999901e-01,2.940724888440000200e+02,2.024000000000000000e+03,1.100000000000000000e+01,1.400000000000000000e+01,1.400000000000000000e+01,4.500000000000000000e+01,3.025771999999999906e+01
4.000650140713000269e+01,-8.303689471293999702e+01,9.330000000000000515e-01,-2.694399999999999906e+00,-1.011519018529200009e+00,3.335038063521399976e-01,-1.864063875471999934e-02,5.027886719999999920e-01,4.069568290000000199e-01,2.920720516380000049e+02,2.024000000000000000e+03,1.100000000000000000e+01,1.400000000000000000e+01,1.400000000000000000e+01,4.500000000000000000e+01,3.032000499999999832e+01
4.000650222472999928e+01,-8.303689790548000360e+01,8.931999999999999940e-01,-2.746300000000000185e+00,-9.181932687608800325e-01,6.265094685223400184e-01,1.281547942707999925e-02,4.358994609999999881e-01,3.879150800000000232e-01,2.909318581320000021e+02,2.024000000000000000e+03,1.100000000000000000e+01,1.400000000000000000e+01,1.400000000000000000e+01,4.500000000000000000e+01,3.038065599999999833e+01
4.000650270106000050e+01,-8.303689984522000600e+01,8.776000000000000467e-01,-2.765200000000000102e+00,-5.910517448448999733e-01,3.847111308139600228e-01,-7.929402161986000286e-02,3.930276930000000113e-01,3.495110499999999898e-01,2.902679035529999965e+02,2.024000000000000000e+03,1.100000000000000000e+01,1.400000000000000000e+01,1.400000000000000000e+01,4.500000000000000000e+01,3.044073300000000160e+01
4.000650316915000104e+01,-8.303690179516000569e+01,8.612999999999999545e-01,-2.775700000000000056e+00,-5.757303544538400208e-01,1.342371944736800160e-01,-2.304302972506800107e-01,3.892580079999999887e-01,3.233390130000000084e-01,2.896255903009999884e+02,2.024000000000000000e+03,1.100000000000000000e+01,1.400000000000000000e+01,1.400000000000000000e+01,4.500000000000000000e+01,3.050062199999999990e+01
4.000650362758000256e+01,-8.303690375348000430e+01,8.428999999999999826e-01,-2.790200000000000014e+00,-6.808068278895000880e-01,3.060873185805200181e-01,3.233071435899999811e-03,4.103830039999999957e-01,3.215893439999999992e-01,2.890071714530000122e+02,2.024000000000000000e+03,1.100000000000000000e+01,1.400000000000000000e+01,1.400000000000000000e+01,4.500000000000000000e+01,3.056084699999999899e+01
4.000650407823999899e+01,-8.303690572570999961e+01,8.276999999999999913e-01,-2.814299999999999802e+00,-8.105488106942599913e-01,5.721621471850599772e-01,9.401729938514000184e-02,4.399855280000000146e-01,3.129387459999999899e-01,2.884087366709999856e+02,2.024000000000000000e+03,1.100000000000000000e+01,1.400000000000000000e+01,1.400000000000000000e+01,4.500000000000000000e+01,3.062083799999999911e+01
4.000650458961000311e+01,-8.303690804846999640e+01,7.973000000000000087e-01,-2.843100000000000183e+00,-1.143918512664400033e+00,5.099942983372399707e-01,1.279959766689799938e-01,4.560174880000000264e-01,2.803334599999999788e-01,2.877356081030000041e+02,2.024000000000000000e+03,1.100000000000000000e+01,1.400000000000000000e+01,1.400000000000000000e+01,4.500000000000000000e+01,3.068153500000000022e+01
4.000650500985999969e+01,-8.303691005697000094e+01,7.634999999999999565e-01,-2.865099999999999980e+00,-1.241110607994780013e+00,3.659315673472199881e-01,-3.298576672460000470e-02,4.338952409999999871e-01,2.526195729999999862e-01,2.871821480809999798e+02,2.024000000000000000e+03,1.100000000000000000e+01,1.400000000000000000e+01,1.400000000000000000e+01,4.500000000000000000e+01,3.074266499999999880e+01
4.000650541241000013e+01,-8.303691208102999610e+01,7.312999999999999501e-01,-2.887100000000000222e+00,-1.189363997988959865e+00,3.655257271583000067e-01,-2.056083283912999993e-01,3.972922569999999820e-01,2.311072789999999988e-01,2.866612573539999858e+02,2.024000000000000000e+03,1.100000000000000000e+01,1.400000000000000000e+01,1.400000000000000000e+01,4.500000000000000000e+01,3.080437299999999823e+01
4.000650573928999876e+01,-8.303691377885999714e+01,7.238999999999999879e-01,-2.904500000000000082e+00,-4.694918296274599445e-01,6.166615664441600364e-01,1.530265045739999906e-02,3.725876779999999777e-01,2.115960799999999919e-01,2.862539409620000015e+02,2.024000000000000000e+03,1.100000000000000000e+01,1.400000000000000000e+01,1.400000000000000000e+01,4.500000000000000000e+01,3.086131200000000163e+01
4.000650619140999709e+01,-8.303691617389000612e+01,7.133000000000000451e-01,-2.928799999999999848e+00,-5.096793716787000328e-01,5.120871740740600142e-01,-1.649071102686399948e-01,3.491017189999999770e-01,1.626037869999999996e-01,2.857229118530000278e+02,2.024000000000000000e+03,1.100000000000000000e+01,1.400000000000000000e+01,1.400000000000000000e+01,4.500000000000000000e+01,3.092502299999999948e+01
4.000650657386000120e+01,-8.303691823906000025e+01,7.056999999999999940e-01,-2.942899999999999849e+00,-3.558789407266200189e-01,4.461269609313999740e-01,1.433929369471000081e-01,3.163155120000000209e-01,1.281485960000000035e-01,2.853125479729999938e+02,2.024000000000000000e+03,1.100000000000000000e+01,1.400000000000000000e+01,1.400000000000000000e+01,4.500000000000000000e+01,3.098975400000000135e+01
4.000650676416000096e+01,-8.303691927567000164e+01,7.045000000000000151e-01,-2.950099999999999945e+00,-2.534802534997199763e-01,4.646288730440800152e-01,1.820797716091399898e-01,3.032010760000000138e-01,1.101613020000000026e-01,2.851232988520000049e+02,2.024000000000000000e+03,1.100000000000000000e+01,1.400000000000000000e+01,1.400000000000000000e+01,4.500000000000000000e+01,3.106367399999999890e+01
4.000650739681000090e+01,-8.303692274992999955e+01,6.975999999999999979e-01,-2.979499999999999815e+00,-5.379208752961399664e-01,6.276548556856599292e-01,2.137647458055999886e-02,3.204835509999999776e-01,5.919058299999999800e-02,2.845443737790000114e+02,2.024000000000000000e+03,1.100000000000000000e+01,1.400000000000000000e+01,1.400000000000000000e+01,4.500000000000000000e+01,3.112794600000000145e+01
4.000650782977999853e+01,-8.303692520129000343e+01,6.773000000000000131e-01,-2.999699999999999811e+00,-7.539057890527800510e-01,3.686164818727999948e-01,-1.706418054401999743e-02,3.367690700000000037e-01,1.017968500000000082e-02,2.841509025359999896e+02,2.024000000000000000e+03,1.100000000000000000e+01,1.400000000000000000e+01,1.400000000000000000e+01,4.500000000000000000e+01,3.118892999999999915e+01
4.000650819231999833e+01,-8.303692731369000057e+01,6.673000000000000043e-01,-3.014499999999999957e+00,-3.527709195331599767e-01,4.291291513736399943e-01,-1.874516594054199958e-01,3.396180400000000099e-01,-1.787596500000000060e-02,2.838153597240000181e+02,2.024000000000000000e+03,1.100000000000000000e+01,1.400000000000000000e+01,1.400000000000000000e+01,4.500000000000000000e+01,3.125028999999999968e+01
4.000650854756000285e+01,-8.303692943933999970e+01,6.500000000000000222e-01,-3.035000000000000142e+00,-6.787828283313199762e-01,4.806126898281399829e-01,-2.033753666211400024e-01,3.536180820000000002e-01,-4.477998200000000290e-02,2.834887429859999770e+02,2.024000000000000000e+03,1.100000000000000000e+01,1.400000000000000000e+01,1.400000000000000000e+01,4.500000000000000000e+01,3.131007200000000168e+01
4.000650889384999687e+01,-8.303693157520000057e+01,6.349000000000000199e-01,-3.045399999999999885e+00,-5.261906376222399428e-01,2.333773906583399838e-01,-1.720753058061000040e-01,3.599425609999999942e-01,-5.769807600000000092e-02,2.831715951560000235e+02,2.024000000000000000e+03,1.100000000000000000e+01,1.400000000000000000e+01,1.400000000000000000e+01,4.500000000000000000e+01,3.137066599999999994e+01
4.000650923322000097e+01,-8.303693371887999319e+01,6.188000000000000167e-01,-3.058300000000000018e+00,-7.713086365481199858e-01,3.288286557260999832e-01,-7.957823322611999595e-02,3.677021500000000054e-01,-4.610164700000000254e-02,2.828614564719999862e+02,2.024000000000000000e+03,1.100000000000000000e+01,1.400000000000000000e+01,1.400000000000000000e+01,4.500000000000000000e+01,3.143055100000000124e+01
4.000650956273999981e+01,-8.303693587598999670e+01,6.019999999999999796e-01,-3.082800000000000207e+00,-7.192920734763800228e-01,7.251278404584399206e-01,1.048905472470800099e-01,3.449317159999999993e-01,-3.211110999999999827e-02,2.825462122590000149e+02,2.024000000000000000e+03,1.100000000000000000e+01,1.400000000000000000e+01,1.400000000000000000e+01,4.500000000000000000e+01,3.149051199999999895e+01
4.000650988387000240e+01,-8.303693805221999469e+01,5.862000000000000544e-01,-3.111200000000000188e+00,-7.399245542668400066e-01,7.895819635675399573e-01,1.536658929424999931e-01,3.152644769999999874e-01,-4.793181700000000156e-02,2.822287826109999855e+02,2.024000000000000000e+03,1.100000000000000000e+01,1.400000000000000000e+01,1.400000000000000000e+01,4.500000000000000000e+01,3.155126399999999975e+01
4.000651019434999967e+01,-8.303694024682999952e+01,5.648999999999999577e-01,-3.134500000000000064e+00,-7.817572723949400837e-01,5.773604350151599895e-01,5.344939142268000098e-02,2.825168169999999757e-01,-8.516014600000000601e-02,2.819148402060000080e+02,2.024000000000000000e+03,1.100000000000000000e+01,1.400000000000000000e+01,1.400000000000000000e+01,4.500000000000000000e+01,3.161119100000000159e+01
4.000651049372000045e+01,-8.303694245449000277e+01,5.451000000000000290e-01,-3.149399999999999977e+00,-6.817719726913400446e-01,3.506492507880399900e-01,-1.605146972109399994e-01,2.470727259999999925e-01,-1.165540749999999931e-01,2.816073923960000229e+02,2.024000000000000000e+03,1.100000000000000000e+01,1.400000000000000000e+01,1.400000000000000000e+01,4.500000000000000000e+01,3.167086799999999869e+01
4.000651078652000336e+01,-8.303694467329999895e+01,5.383999999999999897e-01,-3.165500000000000203e+00,-3.212502399626600003e-01,4.609542084457999844e-01,-3.369707098600199791e-01,2.160493350000000090e-01,-1.314255719999999905e-01,2.812951475529999925e+02,2.024000000000000000e+03,1.100000000000000000e+01,1.400000000000000000e+01,1.400000000000000000e+01,4.500000000000000000e+01,3.173055199999999942e+01
4.000651107451000144e+01,-8.303694690282000579e+01,5.273999999999999799e-01,-3.181400000000000006e+00,-4.853148545731600372e-01,4.820372304295800214e-01,-2.665684679155400083e-01,1.927157090000000128e-01,-1.352851509999999924e-01,2.809769864589999884e+02,2.024000000000000000e+03,1.100000000000000000e+01,1.400000000000000000e+01,1.400000000000000000e+01,4.500000000000000000e+01,3.179003099999999904e+01
4.000651135804000091e+01,-8.303694914540000127e+01,5.203999999999999737e-01,-3.202900000000000080e+00,-3.687116940959599964e-01,7.012613478460200112e-01,-3.311525447601999794e-02,1.749996809999999903e-01,-1.365788420000000059e-01,2.806550053839999919e+02,2.024000000000000000e+03,1.100000000000000000e+01,1.400000000000000000e+01,1.400000000000000000e+01,4.500000000000000000e+01,3.184959200000000124e+01
4.000651163700000268e+01,-8.303695140515000617e+01,5.116000000000000547e-01,-3.229400000000000048e+00,-4.198156811025400281e-01,8.557771960274799250e-01,9.257081250123999627e-02,1.723571399999999920e-01,-1.558758650000000023e-01,2.803287953189999939e+02,2.024000000000000000e+03,1.100000000000000000e+01,1.400000000000000000e+01,1.400000000000000000e+01,4.500000000000000000e+01,3.190939399999999893e+01
4.000651186211999999e+01,-8.303695330226000237e+01,4.903000000000000136e-01,-3.249299999999999855e+00,-8.836456865923201232e-01,6.324798255390799984e-01,3.044402898564000162e-02,1.671444189999999885e-01,-1.878501069999999884e-01,2.800548506989999851e+02,2.024000000000000000e+03,1.100000000000000000e+01,1.400000000000000000e+01,1.400000000000000000e+01,4.500000000000000000e+01,3.196948700000000088e+01
4.000651208013000115e+01,-8.303695520997999324e+01,4.781000000000000250e-01,-3.265400000000000080e+00,-5.210576456191200467e-01,5.239304522301599931e-01,5.229225559994000322e-02,1.550804400000000138e-01,-2.203809870000000004e-01,2.797782887579999738e+02,2.024000000000000000e+03,1.100000000000000000e+01,1.400000000000000000e+01,1.400000000000000000e+01,4.500000000000000000e+01,3.203011699999999706e+01
4.000651216581000114e+01,-8.303695597559000419e+01,4.727000000000000091e-01,-3.271700000000000053e+00,-5.727871132963400225e-01,5.321293891399799802e-01,2.210823276029200146e-01,1.528005339999999879e-01,-2.337217520000000048e-01,2.796676833419999753e+02,2.024000000000000000e+03,1.100000000000000000e+01,1.400000000000000000e+01,1.400000000000000000e+01,4.500000000000000000e+01,3.208987799999999879e+01
4.000651254185000028e+01,-8.303695943686000192e+01,4.495000000000000107e-01,-3.297699999999999854e+00,-7.412742540984800232e-01,5.468523056557800244e-01,-8.255348913177999737e-02,1.625723619999999980e-01,-2.815440289999999735e-01,2.791660946499999909e+02,2.024000000000000000e+03,1.100000000000000000e+01,1.400000000000000000e+01,1.400000000000000000e+01,4.500000000000000000e+01,3.215156999999999954e+01
4.000651282321999958e+01,-8.303696215373000200e+01,4.253000000000000114e-01,-3.322599999999999998e+00,-8.310570437201399985e-01,5.401068496334799907e-01,7.604825737956000253e-02,1.380774630000000114e-01,-3.235706440000000184e-01,2.787801369329999943e+02,2.024000000000000000e+03,1.100000000000000000e+01,1.400000000000000000e+01,1.400000000000000000e+01,4.500000000000000000e+01,3.221297200000000061e+01
4.000651313038000012e+01,-8.303696528665000187e+01,3.996999999999999997e-01,-3.355999999999999872e+00,-8.832327916971799420e-01,6.474606673614800023e-01,8.334669392611999961e-02,1.023249529999999963e-01,-3.993673690000000276e-01,2.783574294229999850e+02,2.024000000000000000e+03,1.100000000000000000e+01,1.400000000000000000e+01,1.400000000000000000e+01,4.500000000000000000e+01,3.226966999999999786e+01
4.000651334404000181e+01,-8.303696765326000673e+01,3.713000000000000189e-01,-3.373299999999999965e+00,-9.481408829217200518e-01,4.450540688717599669e-01,-2.621248591371999961e-02,4.876201299999999988e-02,-4.592934889999999992e-01,2.780634398569999917e+02,2.024000000000000000e+03,1.100000000000000000e+01,1.400000000000000000e+01,1.400000000000000000e+01,4.500000000000000000e+01,3.232916699999999821e+01
4.000651347987999884e+01,-8.303696923681999920e+01,3.607000000000000206e-01,-3.381200000000000205e+00,-7.183935095071199983e-01,3.457898594440800277e-01,-2.147985278482799909e-01,9.508347999999999800e-03,-4.954005309999999773e-01,2.778788776289999873e+02,2.024000000000000000e+03,1.100000000000000000e+01,1.400000000000000000e+01,1.400000000000000000e+01,4.500000000000000000e+01,3.238798899999999747e+01
4.000651374504000302e+01,-8.303697241625999936e+01,3.551000000000000267e-01,-3.400199999999999889e+00,-1.758400814761399977e-01,4.845368650017599643e-01,-2.174142206292600243e-01,-5.231273399999999962e-02,-5.402821479999999621e-01,2.775317976050000084e+02,2.024000000000000000e+03,1.100000000000000000e+01,1.400000000000000000e+01,1.400000000000000000e+01,4.500000000000000000e+01,3.244527099999999820e+01
4.000651394004000139e+01,-8.303697481393000146e+01,3.448999999999999844e-01,-3.417800000000000171e+00,-4.658421373109599695e-01,5.211523367107400162e-01,-1.464489302541399918e-01,-9.290915700000000610e-02,-5.760146109999999542e-01,2.772818215629999941e+02,2.024000000000000000e+03,1.100000000000000000e+01,1.400000000000000000e+01,1.400000000000000000e+01,4.500000000000000000e+01,3.250614999999999810e+01
4.000651413109000032e+01,-8.303697722123999370e+01,3.438999999999999835e-01,-3.426099999999999923e+00,5.002528942000000062e-02,2.021277229260000086e-01,3.967149564958000196e-02,-1.441313680000000097e-01,-6.119043259999999984e-01,2.770412347839999825e+02,2.024000000000000000e+03,1.100000000000000000e+01,1.400000000000000000e+01,1.400000000000000000e+01,4.500000000000000000e+01,3.256677899999999681e+01
4.000651432558999687e+01,-8.303697963122000658e+01,3.533000000000000029e-01,-3.429800000000000182e+00,2.090146154151800162e-01,2.315816283752200055e-01,2.580818490616400007e-01,-1.483117949999999963e-01,-6.220726290000000436e-01,2.768166326190000177e+02,2.024000000000000000e+03,1.100000000000000000e+01,1.400000000000000000e+01,1.400000000000000000e+01,4.500000000000000000e+01,3.263057299999999827e+01
4.000651454999000123e+01,-8.303698245239000642e+01,3.376000000000000112e-01,-3.447599999999999998e+00,-6.214370118192200643e-01,4.816986586974399964e-01,-4.553980207796000379e-02,-1.306619230000000131e-01,-6.240302639999999457e-01,2.765771619320000241e+02,2.024000000000000000e+03,1.100000000000000000e+01,1.400000000000000000e+01,1.400000000000000000e+01,4.500000000000000000e+01,3.269218899999999906e+01
4.000651473519000234e+01,-8.303698488217999341e+01,3.306999999999999940e-01,-3.460700000000000109e+00,-1.731344271300800097e-01,3.368060459349200286e-01,-1.931528860585600138e-01,-1.404898639999999921e-01,-6.288412939999999951e-01,2.763869514080000158e+02,2.024000000000000000e+03,1.100000000000000000e+01,1.400000000000000000e+01,1.400000000000000000e+01,4.500000000000000000e+01,3.275387599999999821e+01
4.000651488674999712e+01,-8.303698691111000585e+01,3.239000000000000212e-01,-3.463999999999999968e+00,-2.761500427695400273e-01,1.146069675385600062e-01,1.783039928329999829e-02,-1.355510329999999874e-01,-6.288544109999999465e-01,2.762375755940000204e+02,2.024000000000000000e+03,1.100000000000000000e+01,1.400000000000000000e+01,1.400000000000000000e+01,4.500000000000000000e+01,3.281460200000000071e+01
4.000651509069999889e+01,-8.303698975304000385e+01,3.064999999999999947e-01,-3.465199999999999836e+00,-4.064181656437000356e-01,3.113750479135999824e-02,-7.405416655186000674e-02,-1.384728400000000137e-01,-6.031769750000000041e-01,2.760392418199999724e+02,2.024000000000000000e+03,1.100000000000000000e+01,1.400000000000000000e+01,1.400000000000000000e+01,4.500000000000000000e+01,3.287176000000000187e+01
4.000651525434000177e+01,-8.303699219003999588e+01,2.842999999999999972e-01,-3.466699999999999893e+00,-7.157373739338400709e-01,-6.509140504527999305e-02,1.894180899660000009e-03,-1.701822209999999946e-01,-5.579751290000000141e-01,2.758861038389999862e+02,2.024000000000000000e+03,1.100000000000000000e+01,1.400000000000000000e+01,1.400000000000000000e+01,4.500000000000000000e+01,3.293174299999999732e+01
4.000651538515000283e+01,-8.303699422235999350e+01,2.796000000000000152e-01,-3.469500000000000028e+00,-1.528194592419400144e-01,9.910109433564000259e-02,9.091131527366000387e-02,-2.069936370000000081e-01,-5.148554119999999568e-01,2.757682706209999992e+02,2.024000000000000000e+03,1.100000000000000000e+01,1.400000000000000000e+01,1.400000000000000000e+01,4.500000000000000000e+01,3.299175499999999772e+01
4.000651574180999859e+01,-8.303699992100999339e+01,2.697999999999999843e-01,-3.475900000000000212e+00,-6.763775590364000390e-02,1.827456594909999954e-02,3.791178261819999618e-02,-2.791281879999999993e-01,-4.114595149999999979e-01,2.754728411780000101e+02,2.024000000000000000e+03,1.100000000000000000e+01,1.400000000000000000e+01,1.400000000000000000e+01,4.500000000000000000e+01,3.315455000000000041e+01
4.000651592204999929e+01,-8.303700277067000002e+01,2.859999999999999765e-01,-3.470899999999999874e+00,4.940541817032799710e-01,-1.442390138185999926e-01,8.803428300097999870e-02,-2.872934830000000161e-01,-3.737791959999999802e-01,2.753360457979999865e+02,2.024000000000000000e+03,1.100000000000000000e+01,1.400000000000000000e+01,1.400000000000000000e+01,4.500000000000000000e+01,3.322002400000000222e+01
4.000651615510999903e+01,-8.303700642626999695e+01,2.762999999999999901e-01,-3.463200000000000056e+00,-2.585067643721200015e-01,-1.787921449752999936e-01,-2.465582280560000075e-02,-2.690244299999999811e-01,-3.037825319999999940e-01,2.751731823920000011e+02,2.024000000000000000e+03,1.100000000000000000e+01,1.400000000000000000e+01,1.400000000000000000e+01,4.500000000000000000e+01,3.328144799999999748e+01
4.000651630613000265e+01,-8.303700886402999970e+01,2.676000000000000045e-01,-3.469899999999999984e+00,-2.564547654467200233e-01,8.630352531160000173e-02,2.581575901489799874e-01,-2.645544209999999841e-01,-2.710198340000000150e-01,2.750761969710000017e+02,2.024000000000000000e+03,1.100000000000000000e+01,1.400000000000000000e+01,1.400000000000000000e+01,4.500000000000000000e+01,3.334157299999999680e+01
4.000651642850999679e+01,-8.303701089854999395e+01,2.621999999999999886e-01,-3.473399999999999821e+00,-2.045081433021600226e-01,5.045279570081999398e-02,2.614983930458399941e-01,-2.665815420000000047e-01,-2.697987530000000023e-01,2.749943116160000045e+02,2.024000000000000000e+03,1.100000000000000000e+01,1.400000000000000000e+01,1.400000000000000000e+01,4.500000000000000000e+01,3.340153200000000311e+01
4.000651657190999799e+01,-8.303701334122999356e+01,2.564000000000000168e-01,-3.474699999999999900e+00,-1.583543236517799824e-01,1.061417996071999971e-02,1.861580988388000096e-02,-2.701023759999999774e-01,-2.769486090000000122e-01,2.748952249889999848e+02,2.024000000000000000e+03,1.100000000000000000e+01,1.400000000000000000e+01,1.400000000000000000e+01,4.500000000000000000e+01,3.346312900000000212e+01
4.000651671122000153e+01,-8.303701578234000635e+01,2.446000000000000119e-01,-3.468999999999999861e+00,-4.626498770049799480e-01,-2.423724304229200044e-01,-1.375242617338600093e-01,-2.681997819999999977e-01,-2.851417820000000103e-01,2.748094868709999901e+02,2.024000000000000000e+03,1.100000000000000000e+01,1.400000000000000000e+01,1.400000000000000000e+01,4.500000000000000000e+01,3.352609199999999845e+01
4.000651684431999655e+01,-8.303701821944000017e+01,2.328000000000000069e-01,-3.464300000000000157e+00,-4.600143522365799931e-01,-1.905554452069400106e-01,5.922159725684000842e-02,-2.911661360000000198e-01,-2.857189920000000050e-01,2.747445310800000016e+02,2.024000000000000000e+03,1.100000000000000000e+01,1.400000000000000000e+01,1.400000000000000000e+01,4.500000000000000000e+01,3.358664399999999972e+01
4.000651699621000290e+01,-8.303702106145000528e+01,2.381999999999999951e-01,-3.463999999999999968e+00,3.705948184456199779e-01,-4.437620832935999793e-02,1.377999882663200060e-01,-3.325069999999999970e-01,-2.958954950000000084e-01,2.746949583240000266e+02,2.024000000000000000e+03,1.100000000000000000e+01,1.400000000000000000e+01,1.400000000000000000e+01,4.500000000000000000e+01,3.364716599999999858e+01
4.000651712897000323e+01,-8.303702349691999984e+01,2.446000000000000119e-01,-3.461899999999999977e+00,4.068706374248399760e-01,-1.317986735602199866e-01,2.480704608249199861e-01,-3.481297059999999832e-01,-3.219356600000000124e-01,2.746604032249999818e+02,2.024000000000000000e+03,1.100000000000000000e+01,1.400000000000000000e+01,1.400000000000000000e+01,4.500000000000000000e+01,3.370700399999999775e+01
4.000651726472000291e+01,-8.303702592823999851e+01,2.444000000000000061e-01,-3.454600000000000115e+00,-2.975602575066000136e-02,-2.546746759092199941e-01,2.716862002203800364e-01,-3.442141360000000039e-01,-3.531863849999999916e-01,2.746203262070000051e+02,2.024000000000000000e+03,1.100000000000000000e+01,1.400000000000000000e+01,1.400000000000000000e+01,4.500000000000000000e+01,3.376802200000000198e+01
4.000651739796000328e+01,-8.303702835526000570e+01,2.358000000000000096e-01,-3.449500000000000011e+00,-3.128452543828599830e-01,-1.965229390345800131e-01,-2.752704453279999908e-02,-3.561443759999999847e-01,-3.786801550000000183e-01,2.745730949370000076e+02,2.024000000000000000e+03,1.100000000000000000e+01,1.400000000000000000e+01,1.400000000000000000e+01,4.500000000000000000e+01,3.382819800000000043e+01
4.000651753279999667e+01,-8.303703077913999664e+01,2.467999999999999916e-01,-3.444199999999999928e+00,2.716889755269800144e-01,-2.279035647575199941e-01,-1.283203630595599887e-01,-3.586787229999999771e-01,-4.083546579999999815e-01,2.745247738180000283e+02,2.024000000000000000e+03,1.100000000000000000e+01,1.400000000000000000e+01,1.400000000000000000e+01,4.500000000000000000e+01,3.388875500000000329e+01
4.000651766728000069e+01,-8.303703319537000027e+01,2.384999999999999898e-01,-3.430699999999999861e+00,-2.578176230765799604e-01,-4.565249262684799580e-01,-2.986060487565999830e-02,-3.395714069999999918e-01,-4.223556589999999944e-01,2.744875981839999781e+02,2.024000000000000000e+03,1.100000000000000000e+01,1.400000000000000000e+01,1.400000000000000000e+01,4.500000000000000000e+01,3.394886400000000037e+01
4.000651779569999889e+01,-8.303703560499999980e+01,2.278999999999999915e-01,-3.425199999999999800e+00,-1.678946791650199888e-01,-1.628606670807800083e-01,-1.867336667706000208e-02,-3.525986429999999894e-01,-3.964846089999999879e-01,2.744568598650000126e+02,2.024000000000000000e+03,1.100000000000000000e+01,1.400000000000000000e+01,1.400000000000000000e+01,4.500000000000000000e+01,3.401097299999999990e+01
4.000651781692000242e+01,-8.303703600647000371e+01,2.285000000000000087e-01,-3.425899999999999945e+00,-5.576153670586000283e-02,-6.344264253053999436e-02,-2.507791904045999706e-02,-3.593795229999999785e-01,-3.900165509999999891e-01,2.744515236980000168e+02,2.024000000000000000e+03,1.100000000000000000e+01,1.400000000000000000e+01,1.400000000000000000e+01,4.500000000000000000e+01,3.407169799999999782e+01
4.000651802880999952e+01,-8.303704002464999689e+01,2.263999999999999901e-01,-3.428100000000000147e+00,-1.955535278270800204e-01,-1.141624444815999978e-01,8.414005113137999758e-02,-3.744493239999999723e-01,-3.558368820000000210e-01,2.744005774459999998e+02,2.024000000000000000e+03,1.100000000000000000e+01,1.400000000000000000e+01,1.400000000000000000e+01,4.500000000000000000e+01,3.413148400000000038e+01
4.000651815541999667e+01,-8.303704243225000425e+01,2.240000000000000047e-01,-3.422400000000000109e+00,9.466811245035999800e-02,-1.482027097619600109e-01,-1.840552111573399985e-01,-3.958724109999999796e-01,-3.243723130000000232e-01,2.743747083279999970e+02,2.024000000000000000e+03,1.100000000000000000e+01,1.400000000000000000e+01,1.400000000000000000e+01,4.500000000000000000e+01,3.419168899999999667e+01
4.000651833017000314e+01,-8.303704564259000165e+01,2.346000000000000030e-01,-3.427500000000000213e+00,1.341634934433200144e-01,2.010540492720200023e-01,-1.526848829115199924e-01,-3.871622710000000023e-01,-2.778182929999999939e-01,2.743506154300000048e+02,2.024000000000000000e+03,1.100000000000000000e+01,1.400000000000000000e+01,1.400000000000000000e+01,4.500000000000000000e+01,3.425187199999999876e+01
4.000651844016999803e+01,-8.303704765128999554e+01,2.305999999999999994e-01,-3.429699999999999971e+00,-1.725229135020600046e-01,9.005157383707999841e-02,1.249001031166000093e-02,-3.853697759999999972e-01,-2.586448140000000007e-01,2.743352439270000218e+02,2.024000000000000000e+03,1.100000000000000000e+01,1.400000000000000000e+01,1.400000000000000000e+01,4.500000000000000000e+01,3.431327600000000189e+01
4.000651857273000189e+01,-8.303705006260000232e+01,2.361999999999999933e-01,-3.430000000000000160e+00,1.916900486793400027e-01,3.623801456749999733e-02,6.856684661834000494e-02,-3.906079510000000088e-01,-2.372503830000000091e-01,2.743132638029999839e+02,2.024000000000000000e+03,1.100000000000000000e+01,1.400000000000000000e+01,1.400000000000000000e+01,4.500000000000000000e+01,3.437329499999999882e+01
4.000651870653999964e+01,-8.303705247377999399e+01,2.343999999999999972e-01,-3.431000000000000050e+00,-1.430446023360799901e-01,8.729891433608000240e-02,5.504224175542000302e-02,-3.777653200000000155e-01,-2.081362770000000084e-01,2.742928049320000241e+02,2.024000000000000000e+03,1.100000000000000000e+01,1.400000000000000000e+01,1.400000000000000000e+01,4.500000000000000000e+01,3.443082900000000279e+01
4.000651883703000067e+01,-8.303705488936999757e+01,2.257000000000000117e-01,-3.439799999999999969e+00,-3.312590160884399948e-01,2.391797543262400016e-01,5.806400016802000519e-02,-3.797553029999999885e-01,-1.921488269999999943e-01,2.742768493390000231e+02,2.024000000000000000e+03,1.100000000000000000e+01,1.400000000000000000e+01,1.400000000000000000e+01,4.500000000000000000e+01,3.449141300000000143e+01
4.000651898590999878e+01,-8.303705771207999931e+01,2.235000000000000042e-01,-3.443299999999999805e+00,-9.101235186792000498e-02,1.026956736815599902e-01,3.911117597982000094e-02,-3.944141569999999875e-01,-1.901007859999999938e-01,2.742653219059999969e+02,2.024000000000000000e+03,1.100000000000000000e+01,1.400000000000000000e+01,1.400000000000000000e+01,4.500000000000000000e+01,3.455207099999999798e+01
4.000651909172000131e+01,-8.303705973069999402e+01,2.243999999999999884e-01,-3.447000000000000064e+00,2.024669808670000182e-02,1.223611275840799928e-01,-2.054011744303800013e-01,-4.002474309999999869e-01,-1.894247079999999972e-01,2.742598695990000124e+02,2.024000000000000000e+03,1.100000000000000000e+01,1.400000000000000000e+01,1.400000000000000000e+01,4.500000000000000000e+01,3.461290600000000239e+01
4.000651924262999870e+01,-8.303706256067999902e+01,2.346999999999999920e-01,-3.455099999999999838e+00,3.522024204252600099e-01,3.310115914534600412e-01,1.590951880975999960e-02,-3.985133719999999768e-01,-1.976561010000000007e-01,2.742469949700000029e+02,2.024000000000000000e+03,1.100000000000000000e+01,1.400000000000000000e+01,1.400000000000000000e+01,4.500000000000000000e+01,3.467380399999999696e+01
4.000651937629000088e+01,-8.303706499089000204e+01,2.346999999999999920e-01,-3.456599999999999895e+00,-1.992012581825199913e-01,-4.358248875704000269e-02,1.470064256595199903e-01,-3.798757420000000162e-01,-2.298166929999999886e-01,2.742323314280000091e+02,2.024000000000000000e+03,1.100000000000000000e+01,1.400000000000000000e+01,1.400000000000000000e+01,4.500000000000000000e+01,3.473353600000000085e+01
4.000651950486000175e+01,-8.303706741819000570e+01,2.225000000000000033e-01,-3.449699999999999989e+00,-3.510884439792399947e-01,-2.369219073981200241e-01,1.572688005313200021e-01,-3.910238930000000113e-01,-2.395948529999999965e-01,2.742177669929999979e+02,2.024000000000000000e+03,1.100000000000000000e+01,1.400000000000000000e+01,1.400000000000000000e+01,4.500000000000000000e+01,3.479362199999999916e+01
4.000651963380000353e+01,-8.303706984324000473e+01,2.340000000000000135e-01,-3.448999999999999844e+00,4.343487848276399443e-01,6.352372817960000306e-03,1.570172659133600157e-01,-3.939552880000000146e-01,-2.329173850000000046e-01,2.741992856100000040e+02,2.024000000000000000e+03,1.100000000000000000e+01,1.400000000000000000e+01,1.400000000000000000e+01,4.500000000000000000e+01,3.485419900000000126e+01
4.000651974544000211e+01,-8.303707186700999898e+01,2.401000000000000079e-01,-3.459600000000000009e+00,1.362618516018599957e-01,4.336554560941800474e-01,3.232323109092600233e-01,-3.594166910000000104e-01,-2.424341899999999939e-01,2.741852101289999837e+02,2.024000000000000000e+03,1.100000000000000000e+01,1.400000000000000000e+01,1.400000000000000000e+01,4.500000000000000000e+01,3.491506799999999799e+01
4.000651989981999890e+01,-8.303707470480999575e+01,2.273000000000000020e-01,-3.462299999999999933e+00,-5.924788451229399122e-01,1.184998894419399956e-01,-4.113675785635999976e-02,-3.330956310000000031e-01,-2.841453150000000094e-01,2.741657933419999722e+02,2.024000000000000000e+03,1.100000000000000000e+01,1.400000000000000000e+01,1.400000000000000000e+01,4.500000000000000000e+01,3.497627500000000111e+01
4.000651996396000243e+01,-8.303707592154999872e+01,2.258999999999999897e-01,-3.462299999999999933e+00,-2.421483934877400324e-01,4.477852064073999799e-02,-5.921041790319999699e-03,-3.327985419999999750e-01,-2.993467610000000168e-01,2.741594451290000052e+02,2.024000000000000000e+03,1.100000000000000000e+01,1.400000000000000000e+01,1.400000000000000000e+01,4.500000000000000000e+01,3.503763699999999659e+01
4.000652010892999755e+01,-8.303707876112000008e+01,2.157999999999999918e-01,-3.462699999999999889e+00,-1.559936407014199944e-01,7.626543876964000934e-02,-5.596430841214000002e-02,-3.668894309999999881e-01,-3.327974510000000219e-01,2.741449587930000007e+02,2.024000000000000000e+03,1.100000000000000000e+01,1.400000000000000000e+01,1.400000000000000000e+01,4.500000000000000000e+01,3.509878499999999946e+01
4.000652027526999888e+01,-8.303708200498999759e+01,2.235999999999999932e-01,-3.454099999999999948e+00,2.214268307966399951e-01,-2.504228388109800418e-01,-2.586779701507800344e-01,-3.632168479999999811e-01,-3.575250030000000079e-01,2.741367551480000202e+02,2.024000000000000000e+03,1.100000000000000000e+01,1.400000000000000000e+01,1.400000000000000000e+01,4.500000000000000000e+01,3.515981200000000229e+01
4.000652033720000134e+01,-8.303708322039000223e+01,2.172999999999999932e-01,-3.452199999999999935e+00,-3.307261987827199712e-01,-2.068421364719000288e-01,-2.315757061200399980e-01,-3.640460870000000182e-01,-3.574974590000000174e-01,2.741339714779999781e+02,2.024000000000000000e+03,1.100000000000000000e+01,1.400000000000000000e+01,1.400000000000000000e+01,4.500000000000000000e+01,3.522079000000000093e+01
4.000652051982000046e+01,-8.303708686833999764e+01,2.195000000000000007e-01,-3.458699999999999886e+00,3.366389162031999671e-01,1.628949125761599837e-01,-6.631658017708000341e-02,-3.953608410000000184e-01,-3.505140259999999786e-01,2.741172276450000140e+02,2.024000000000000000e+03,1.100000000000000000e+01,1.400000000000000000e+01,1.400000000000000000e+01,4.500000000000000000e+01,3.528142499999999870e+01
4.000652064628999938e+01,-8.303708930352999573e+01,2.310000000000000109e-01,-3.459900000000000198e+00,3.931256629729200647e-01,1.760364200415999794e-02,-8.359491586610000302e-02,-3.955972680000000019e-01,-3.621276660000000147e-01,2.741031984680000164e+02,2.024000000000000000e+03,1.100000000000000000e+01,1.400000000000000000e+01,1.400000000000000000e+01,4.500000000000000000e+01,3.534160800000000080e+01
4.000652079955000318e+01,-8.303709214270999439e+01,2.328000000000000069e-01,-3.457199999999999829e+00,-2.149851856912800285e-01,-2.749921231477999925e-02,-1.226770316467799965e-01,-3.494570710000000080e-01,-3.567373200000000244e-01,2.740848486119999734e+02,2.024000000000000000e+03,1.100000000000000000e+01,1.400000000000000000e+01,1.400000000000000000e+01,4.500000000000000000e+01,3.540258699999999692e+01
4.000652090940000249e+01,-8.303709416940999688e+01,2.349999999999999867e-01,-3.454899999999999860e+00,4.600721668619999968e-03,-8.427897201891999812e-02,-2.536632806492399861e-01,-3.245780149999999975e-01,-3.338759889999999841e-01,2.740675694130000011e+02,2.024000000000000000e+03,1.100000000000000000e+01,1.400000000000000000e+01,1.400000000000000000e+01,4.500000000000000000e+01,3.546329099999999812e+01
4.000652104131999920e+01,-8.303709660367999845e+01,2.320000000000000118e-01,-3.464599999999999902e+00,-2.517324252402600160e-01,3.686249877287799959e-01,3.795866028181999613e-02,-2.975212159999999773e-01,-2.964618079999999933e-01,2.740460721189999731e+02,2.024000000000000000e+03,1.100000000000000000e+01,1.400000000000000000e+01,1.400000000000000000e+01,4.500000000000000000e+01,3.552394499999999766e+01
4.000652116975999917e+01,-8.303709904881999648e+01,2.273000000000000020e-01,-3.483600000000000030e+00,-3.153329542609399905e-01,5.972805402824199472e-01,1.046271287427999880e-01,-2.873229079999999880e-01,-2.860331480000000148e-01,2.740324121560000208e+02,2.024000000000000000e+03,1.100000000000000000e+01,1.400000000000000000e+01,1.400000000000000000e+01,4.500000000000000000e+01,3.558367199999999997e+01
4.000652131615999707e+01,-8.303710191352999459e+01,2.222999999999999976e-01,-3.494299999999999962e+00,-9.255119552193999399e-02,2.458190795883199997e-01,1.762069906956000021e-01,-2.813728979999999824e-01,-3.061626729999999963e-01,2.740230650839999953e+02,2.024000000000000000e+03,1.100000000000000000e+01,1.400000000000000000e+01,1.400000000000000000e+01,4.500000000000000000e+01,3.564556100000000072e+01
4.000652143965000107e+01,-8.303710437242000353e+01,2.182000000000000051e-01,-3.495499999999999829e+00,-1.933485702769600079e-01,5.902279233037999867e-02,5.555639506056000293e-02,-2.787830250000000176e-01,-3.109835970000000005e-01,2.740114138409999782e+02,2.024000000000000000e+03,1.100000000000000000e+01,1.400000000000000000e+01,1.400000000000000000e+01,4.500000000000000000e+01,3.570648800000000023e+01
4.000652156326999886e+01,-8.303710683612000309e+01,2.187999999999999945e-01,-3.506299999999999972e+00,-1.654206804102599793e-01,3.102575400284799945e-01,-3.478104998441999829e-02,-2.713609069999999845e-01,-3.144127400000000239e-01,2.740001300979999996e+02,2.024000000000000000e+03,1.100000000000000000e+01,1.400000000000000000e+01,1.400000000000000000e+01,4.500000000000000000e+01,3.576821999999999946e+01
4.000652168471000181e+01,-8.303710930668999879e+01,2.144999999999999962e-01,-3.516300000000000203e+00,-1.670090707723199952e-01,3.178725124194000107e-01,-9.642298995666000183e-02,-2.790454479999999737e-01,-3.278648670000000043e-01,2.739937243589999980e+02,2.024000000000000000e+03,1.100000000000000000e+01,1.400000000000000000e+01,1.400000000000000000e+01,4.500000000000000000e+01,3.582878800000000297e+01
4.000652180558999760e+01,-8.303711178273999849e+01,2.212000000000000077e-01,-3.522800000000000153e+00,4.281316309729800151e-01,2.551026236686199655e-01,9.762293828651999461e-02,-2.956581690000000262e-01,-3.450323699999999771e-01,2.739865395639999974e+02,2.024000000000000000e+03,1.100000000000000000e+01,1.400000000000000000e+01,1.400000000000000000e+01,4.500000000000000000e+01,3.588944699999999699e+01
4.000652193071000085e+01,-8.303711426462000134e+01,2.295000000000000095e-01,-3.531899999999999817e+00,3.712987045018800170e-01,2.943995385787800401e-01,5.402863976649999178e-02,-2.859502850000000262e-01,-3.651015029999999939e-01,2.739719472439999777e+02,2.024000000000000000e+03,1.100000000000000000e+01,1.400000000000000000e+01,1.400000000000000000e+01,4.500000000000000000e+01,3.595042000000000115e+01
4.000652205608000145e+01,-8.303711675156999661e+01,2.230000000000000038e-01,-3.536700000000000177e+00,-1.363536388633400098e-01,9.590036544890000181e-02,-6.148271940269999652e-02,-2.742738800000000254e-01,-3.844578510000000171e-01,2.739540141969999922e+02,2.024000000000000000e+03,1.100000000000000000e+01,1.400000000000000000e+01,1.400000000000000000e+01,4.500000000000000000e+01,3.601192199999999843e+01
4.000652207664000315e+01,-8.303711716607000426e+01,2.210000000000000020e-01,-3.535800000000000054e+00,-2.880598527749999582e-01,-1.100335549818000011e-02,1.566636635077999981e-02,-2.725829229999999770e-01,-3.869340869999999821e-01,2.739511883700000112e+02,2.024000000000000000e+03,1.100000000000000000e+01,1.400000000000000000e+01,1.400000000000000000e+01,4.500000000000000000e+01,3.607345999999999719e+01
4.000652228549999734e+01,-8.303712130863999619e+01,2.255000000000000060e-01,-3.533500000000000085e+00,-3.969664221656000330e-02,5.364403934766000248e-02,-8.664284171432000414e-02,-2.620308040000000060e-01,-3.603367679999999740e-01,2.739256723259999831e+02,2.024000000000000000e+03,1.100000000000000000e+01,1.400000000000000000e+01,1.400000000000000000e+01,4.500000000000000000e+01,3.613530599999999993e+01
4.000652243284999798e+01,-8.303712421647000497e+01,2.247999999999999998e-01,-3.550800000000000178e+00,-2.228719528701799957e-01,5.136115908521999840e-01,-8.255857766589999591e-02,-2.325973759999999946e-01,-3.420943730000000071e-01,2.739156598949999761e+02,2.024000000000000000e+03,1.100000000000000000e+01,1.400000000000000000e+01,1.400000000000000000e+01,4.500000000000000000e+01,3.619623899999999850e+01
4.000652257525000266e+01,-8.303712713391000477e+01,2.182000000000000051e-01,-3.556000000000000050e+00,-5.520679479754000279e-02,7.345286542515999662e-02,7.420274594000000044e-05,-2.434278049999999971e-01,-3.525682580000000232e-01,2.739091168489999859e+02,2.024000000000000000e+03,1.100000000000000000e+01,1.400000000000000000e+01,1.400000000000000000e+01,4.500000000000000000e+01,3.625778300000000343e+01
4.000652269657000204e+01,-8.303712963332999664e+01,2.207000000000000073e-01,-3.550600000000000200e+00,9.626796176461999144e-02,-1.356040560773000003e-01,-8.165754429983999862e-02,-2.466784900000000003e-01,-3.341311009999999859e-01,2.739029453780000267e+02,2.024000000000000000e+03,1.100000000000000000e+01,1.400000000000000000e+01,1.400000000000000000e+01,4.500000000000000000e+01,3.631869900000000229e+01
4.000652279924999988e+01,-8.303713171549000549e+01,2.227999999999999980e-01,-3.552299999999999791e+00,1.685111109262000043e-02,5.622259013455999793e-02,1.141181707531599976e-01,-2.342889850000000052e-01,-3.062645440000000274e-01,2.738983740069999726e+02,2.024000000000000000e+03,1.100000000000000000e+01,1.400000000000000000e+01,1.400000000000000000e+01,4.500000000000000000e+01,3.637915100000000024e+01
4.000652294119999652e+01,-8.303713463876999867e+01,2.167999999999999927e-01,-3.569900000000000073e+00,-2.724146221159999826e-01,4.618032859179200256e-01,-9.108097166821998991e-02,-2.285671790000000092e-01,-2.782150930000000244e-01,2.738900125829999865e+02,2.024000000000000000e+03,1.100000000000000000e+01,1.400000000000000000e+01,1.400000000000000000e+01,4.500000000000000000e+01,3.643982400000000155e+01
4.000652306271999947e+01,-8.303713715204000323e+01,2.205000000000000016e-01,-3.574899999999999967e+00,7.128861854557999589e-02,1.318377432884600131e-01,-2.242289587746399970e-01,-2.304127209999999870e-01,-2.717532020000000270e-01,2.738811340999999970e+02,2.024000000000000000e+03,1.100000000000000000e+01,1.400000000000000000e+01,1.400000000000000000e+01,4.500000000000000000e+01,3.650117099999999937e+01
4.000652318112999950e+01,-8.303713966715000083e+01,2.111999999999999988e-01,-3.576799999999999979e+00,-1.728890155931400163e-01,8.013963551975999966e-02,-7.682144108565999718e-02,-2.450692819999999994e-01,-2.493698299999999868e-01,2.738644474430000173e+02,2.024000000000000000e+03,1.100000000000000000e+01,1.400000000000000000e+01,1.400000000000000000e+01,4.500000000000000000e+01,3.656190999999999747e+01
4.000652329687999753e+01,-8.303714218409000125e+01,2.096999999999999975e-01,-3.578899999999999970e+00,5.074907450842000567e-02,4.437063806489999901e-02,1.149435858010399991e-01,-2.678107559999999832e-01,-2.189477710000000132e-01,2.738458607769999844e+02,2.024000000000000000e+03,1.100000000000000000e+01,1.400000000000000000e+01,1.400000000000000000e+01,4.500000000000000000e+01,3.662243500000000296e+01
4.000652343469000272e+01,-8.303714512141999649e+01,2.162000000000000033e-01,-3.583099999999999952e+00,8.605924641639998984e-02,2.612736618819599954e-01,-8.486704345841999952e-02,-2.635561020000000143e-01,-1.618479019999999879e-01,2.738294541640000261e+02,2.024000000000000000e+03,1.100000000000000000e+01,1.400000000000000000e+01,1.400000000000000000e+01,4.500000000000000000e+01,3.668251099999999809e+01
4.000652353430000119e+01,-8.303714722696000194e+01,2.137000000000000011e-01,-3.600200000000000067e+00,-2.610387965120800069e-01,6.459897526519799982e-01,-1.237602380579599926e-01,-2.630040299999999998e-01,-1.330287139999999924e-01,2.738241600470000208e+02,2.024000000000000000e+03,1.100000000000000000e+01,1.400000000000000000e+01,1.400000000000000000e+01,4.500000000000000000e+01,3.673935500000000332e+01
4.000652364978000008e+01,-8.303714976644999979e+01,2.076000000000000068e-01,-3.617900000000000116e+00,-8.950526688660000174e-02,4.723361364240399873e-01,3.118038421683599903e-01,-2.960406680000000068e-01,-1.400154560000000104e-01,2.738281096000000048e+02,2.024000000000000000e+03,1.100000000000000000e+01,1.400000000000000000e+01,1.400000000000000000e+01,4.500000000000000000e+01,3.680105300000000312e+01
4.000652376837000190e+01,-8.303715231305000088e+01,2.222999999999999976e-01,-3.622199999999999864e+00,5.244112339119800792e-01,1.267919442582000067e-01,2.393874985502599806e-01,-3.179536430000000080e-01,-1.593729620000000069e-01,2.738328679830000283e+02,2.024000000000000000e+03,1.100000000000000000e+01,1.400000000000000000e+01,1.400000000000000000e+01,4.500000000000000000e+01,3.686211099999999874e+01
4.000652391023999854e+01,-8.303715528805000190e+01,2.182999999999999940e-01,-3.629300000000000193e+00,-1.994867833885799746e-01,2.281538475782599884e-01,-2.353167397587999782e-02,-3.127148140000000076e-01,-1.680645590000000023e-01,2.738378247399999736e+02,2.024000000000000000e+03,1.100000000000000000e+01,1.400000000000000000e+01,1.400000000000000000e+01,4.500000000000000000e+01,3.692412900000000064e+01
4.000652402963000043e+01,-8.303715784790000498e+01,2.147999999999999909e-01,-3.650999999999999801e+00,-1.636825462709599888e-01,7.795944944931400000e-01,3.082652841484000150e-02,-3.307938910000000066e-01,-1.891762869999999985e-01,2.738396028949999845e+02,2.024000000000000000e+03,1.100000000000000000e+01,1.400000000000000000e+01,1.400000000000000000e+01,4.500000000000000000e+01,3.698609600000000341e+01
4.000652406916000103e+01,-8.303715870410999855e+01,2.144000000000000072e-01,-3.655400000000000205e+00,-1.186102661963200078e-01,5.853818970224400342e-01,6.275100712056000396e-02,-3.384279040000000016e-01,-2.066539360000000103e-01,2.738422580179999954e+02,2.024000000000000000e+03,1.100000000000000000e+01,1.400000000000000000e+01,1.400000000000000000e+01,4.500000000000000000e+01,3.704698599999999686e+01
4.000652420713999646e+01,-8.303716170596999291e+01,2.164999999999999980e-01,-3.661700000000000177e+00,1.194632718141400013e-01,1.721930299402200104e-01,4.691600491558000491e-02,-3.734505719999999807e-01,-2.703317599999999765e-01,2.738560597829999779e+02,2.024000000000000000e+03,1.100000000000000000e+01,1.400000000000000000e+01,1.400000000000000000e+01,4.500000000000000000e+01,3.710508399999999796e+01
4.000652439411999950e+01,-8.303716557158999478e+01,2.398000000000000131e-01,-3.665399999999999991e+00,5.462895897377800791e-01,1.115613381709799901e-01,-1.636797135032000070e-02,-3.643955779999999978e-01,-3.345123959999999896e-01,2.738837197220000235e+02,2.024000000000000000e+03,1.100000000000000000e+01,1.400000000000000000e+01,1.400000000000000000e+01,4.500000000000000000e+01,3.716720200000000318e+01
4.000652450369000235e+01,-8.303716771877999747e+01,2.461000000000000132e-01,-3.663699999999999957e+00,3.003353925014000114e-01,-2.357931342712000014e-02,1.444830494570000130e-02,-3.412084659999999880e-01,-3.504514870000000060e-01,2.738980707449999841e+02,2.024000000000000000e+03,1.100000000000000000e+01,1.400000000000000000e+01,1.400000000000000000e+01,4.500000000000000000e+01,3.722861900000000190e+01
4.000652465585999806e+01,-8.303717072928000675e+01,2.344999999999999862e-01,-3.675300000000000011e+00,-4.088666021624199898e-01,3.380190234848199915e-01,2.613618060100000168e-02,-3.361390870000000031e-01,-3.676507139999999896e-01,2.739206068479999772e+02,2.024000000000000000e+03,1.100000000000000000e+01,1.400000000000000000e+01,1.400000000000000000e+01,4.500000000000000000e+01,3.728933099999999712e+01
4.000652478253999789e+01,-8.303717331689999526e+01,2.323000000000000065e-01,-3.684800000000000075e+00,-4.244118308799999656e-02,3.290083482892199873e-01,1.106687828223400089e-01,-3.508492340000000098e-01,-3.943761639999999735e-01,2.739452059939999913e+02,2.024000000000000000e+03,1.100000000000000000e+01,1.400000000000000000e+01,1.400000000000000000e+01,4.500000000000000000e+01,3.734926699999999755e+01
4.000652491027000224e+01,-8.303717590888000188e+01,2.391999999999999960e-01,-3.685799999999999965e+00,3.259721971166399945e-01,-1.431443102552000003e-02,1.385732559091200078e-01,-3.470209719999999831e-01,-4.262714109999999890e-01,2.739701769690000219e+02,2.024000000000000000e+03,1.100000000000000000e+01,1.400000000000000000e+01,1.400000000000000000e+01,4.500000000000000000e+01,3.741088100000000338e+01
4.000652506002000308e+01,-8.303717892823000568e+01,2.335000000000000131e-01,-3.676299999999999901e+00,-2.460610172482400049e-01,-2.462233285208199896e-01,-3.543753026148599994e-01,-3.342063399999999906e-01,-4.175175159999999774e-01,2.739966152650000026e+02,2.024000000000000000e+03,1.100000000000000000e+01,1.400000000000000000e+01,1.400000000000000000e+01,4.500000000000000000e+01,3.747194300000000311e+01
4.000652518530999657e+01,-8.303718151219999299e+01,2.283000000000000029e-01,-3.674100000000000144e+00,-1.775208879340000045e-01,-4.189320114347999668e-02,-8.995612284171999873e-02,-3.543013569999999834e-01,-3.730254680000000267e-01,2.740174282410000046e+02,2.024000000000000000e+03,1.100000000000000000e+01,1.400000000000000000e+01,1.400000000000000000e+01,4.500000000000000000e+01,3.753339900000000284e+01
4.000652531275999735e+01,-8.303718409773999554e+01,2.384000000000000008e-01,-3.680200000000000138e+00,2.726397947799599764e-01,2.428915569971800137e-01,-1.462991455903999913e-02,-3.707191459999999994e-01,-3.224205849999999818e-01,2.740353984149999746e+02,2.024000000000000000e+03,1.100000000000000000e+01,1.400000000000000000e+01,1.400000000000000000e+01,4.500000000000000000e+01,3.759451399999999666e+01
4.000652544340000105e+01,-8.303718668970999772e+01,2.434000000000000052e-01,-3.691399999999999793e+00,1.929372362577599920e-01,3.748171596440599829e-01,-5.809477473386000235e-02,-3.665246420000000116e-01,-2.868645510000000232e-01,2.740490767499999833e+02,2.024000000000000000e+03,1.100000000000000000e+01,1.400000000000000000e+01,1.400000000000000000e+01,4.500000000000000000e+01,3.765737299999999976e+01
4.000652557568000134e+01,-8.303718928713000480e+01,2.480999999999999872e-01,-3.694900000000000073e+00,3.133746200579999863e-01,6.405859814259999563e-02,-3.395845432078600235e-01,-3.616547700000000143e-01,-2.595876790000000156e-01,2.740584404850000055e+02,2.024000000000000000e+03,1.100000000000000000e+01,1.400000000000000000e+01,1.400000000000000000e+01,4.500000000000000000e+01,3.771954699999999860e+01
4.000652570876999903e+01,-8.303719188361999670e+01,2.444000000000000061e-01,-3.690399999999999903e+00,-5.558979809747999212e-02,-1.745329353711399800e-01,1.767486476321999955e-02,-3.558477890000000254e-01,-2.175649759999999933e-01,2.740693704870000147e+02,2.024000000000000000e+03,1.100000000000000000e+01,1.400000000000000000e+01,1.400000000000000000e+01,4.500000000000000000e+01,3.778123300000000029e+01
4.000652586523000309e+01,-8.303719490995000285e+01,2.484999999999999987e-01,-3.688000000000000167e+00,2.167104309010000132e-02,-6.400527927030000286e-02,-7.095338894781999528e-02,-3.511128210000000194e-01,-1.454307860000000063e-01,2.740908412129999761e+02,2.024000000000000000e+03,1.100000000000000000e+01,1.400000000000000000e+01,1.400000000000000000e+01,4.500000000000000000e+01,3.784196299999999979e+01
4.000652600288999849e+01,-8.303719750388999898e+01,2.560999999999999943e-01,-3.691800000000000193e+00,1.411027145137200012e-01,1.822374590935399996e-01,1.251261725018600057e-01,-3.340708039999999990e-01,-7.895091899999999441e-02,2.741132555109999771e+02,2.024000000000000000e+03,1.100000000000000000e+01,1.400000000000000000e+01,1.400000000000000000e+01,4.500000000000000000e+01,3.790304900000000288e+01
4.000652611873000097e+01,-8.303719967025999438e+01,2.545000000000000040e-01,-3.701600000000000001e+00,-1.726347051169999924e-01,3.390264448362400040e-01,1.732102967422199935e-01,-3.198860270000000172e-01,-4.296261199999999725e-02,2.741286134999999717e+02,2.024000000000000000e+03,1.100000000000000000e+01,1.400000000000000000e+01,1.400000000000000000e+01,4.500000000000000000e+01,3.796525100000000208e+01
4.000652623333999713e+01,-8.303720184178999375e+01,2.540000000000000036e-01,-3.710300000000000153e+00,1.247100634975999850e-02,3.224816109468999770e-01,1.221220388089200026e-01,-3.207666299999999970e-01,-2.824025900000000019e-02,2.741383149019999905e+02,2.024000000000000000e+03,1.100000000000000000e+01,1.400000000000000000e+01,1.400000000000000000e+01,4.500000000000000000e+01,3.802831400000000173e+01
4.000652632602999859e+01,-8.303720358133999468e+01,2.577999999999999736e-01,-3.712899999999999867e+00,1.539055123137999803e-01,1.764456335274200149e-01,-1.810636493275999750e-02,-3.156569410000000242e-01,-2.331753400000000087e-02,2.741449070429999892e+02,2.024000000000000000e+03,1.100000000000000000e+01,1.400000000000000000e+01,1.400000000000000000e+01,4.500000000000000000e+01,3.808991600000000233e+01
4.000652653120000224e+01,-8.303720749110000554e+01,2.482999999999999929e-01,-3.705700000000000216e+00,-9.949103588219999905e-02,-2.413086934827999783e-02,1.811170692451800068e-01,-3.032617539999999945e-01,2.057564000000000008e-03,2.741628778680000096e+02,2.024000000000000000e+03,1.100000000000000000e+01,1.400000000000000000e+01,1.400000000000000000e+01,4.500000000000000000e+01,3.815058400000000205e+01
4.000652669344999879e+01,-8.303721053134999863e+01,2.646999999999999909e-01,-3.710399999999999920e+00,5.568642219643000768e-01,1.745068334380200092e-01,2.557621672247000211e-01,-2.909127690000000155e-01,1.795378799999999830e-02,2.741696490040000072e+02,2.024000000000000000e+03,1.100000000000000000e+01,1.400000000000000000e+01,1.400000000000000000e+01,4.500000000000000000e+01,3.821182699999999954e+01
4.000652683919000197e+01,-8.303721314176000590e+01,2.706000000000000072e-01,-3.719100000000000072e+00,1.313900232308400085e-01,3.534798471860799984e-01,1.881981901786800027e-01,-2.463372930000000127e-01,2.710691999999999789e-03,2.741755484220000199e+02,2.024000000000000000e+03,1.100000000000000000e+01,1.400000000000000000e+01,1.400000000000000000e+01,4.500000000000000000e+01,3.827309000000000339e+01
4.000652700721000343e+01,-8.303721619505999740e+01,2.631999999999999895e-01,-3.725299999999999834e+00,-8.508908249724000949e-02,4.866844297556000010e-02,-1.127712139451400031e-01,-2.270351859999999999e-01,-6.093120600000000164e-02,2.741854944720000162e+02,2.024000000000000000e+03,1.100000000000000000e+01,1.400000000000000000e+01,1.400000000000000000e+01,4.500000000000000000e+01,3.833387199999999950e+01
4.000652714863999648e+01,-8.303721880717999682e+01,2.577999999999999736e-01,-3.708699999999999886e+00,-1.034849477612600072e-01,-5.661390619740199748e-01,-4.647047744108000200e-02,-2.228435729999999892e-01,-1.066039250000000022e-01,2.741955279320000045e+02,2.024000000000000000e+03,1.100000000000000000e+01,1.400000000000000000e+01,1.400000000000000000e+01,4.500000000000000000e+01,3.839513800000000288e+01
4.000652728886999654e+01,-8.303722140936000073e+01,2.565999999999999948e-01,-3.697499999999999787e+00,-4.075591585933999866e-02,-3.144976022431800189e-01,-1.681498500594399981e-01,-2.064372829999999992e-01,-1.157927839999999958e-01,2.742032020569999986e+02,2.024000000000000000e+03,1.100000000000000000e+01,1.400000000000000000e+01,1.400000000000000000e+01,4.500000000000000000e+01,3.845670400000000200e+01
4.000652740313999800e+01,-8.303722357469999338e+01,2.464999999999999969e-01,-3.695100000000000051e+00,-4.420976665952600637e-01,-1.898126499371199927e-01,-3.316783059144000345e-02,-1.971821980000000030e-01,-1.241754429999999965e-01,2.742044153670000242e+02,2.024000000000000000e+03,1.100000000000000000e+01,1.400000000000000000e+01,1.400000000000000000e+01,4.500000000000000000e+01,3.851905800000000113e+01
4.000652757836999740e+01,-8.303722703127999694e+01,2.394000000000000017e-01,-3.682599999999999874e+00,-1.700025892754000040e-02,-2.866516433079400183e-01,-4.207365261576000159e-02,-2.322422779999999964e-01,-1.252775600000000100e-01,2.741980859060000171e+02,2.024000000000000000e+03,1.100000000000000000e+01,1.400000000000000000e+01,1.400000000000000000e+01,4.500000000000000000e+01,3.858317199999999758e+01
4.000652771077000125e+01,-8.303722961900000143e+01,2.434999999999999942e-01,-3.679600000000000204e+00,-1.967683470804000231e-02,-1.514979085692599869e-01,-3.536798752300000098e-02,-2.451340620000000137e-01,-1.250984360000000073e-01,2.741945312550000153e+02,2.024000000000000000e+03,1.100000000000000000e+01,1.400000000000000000e+01,1.400000000000000000e+01,4.500000000000000000e+01,3.864381600000000105e+01
4.000652784321999889e+01,-8.303723220333999677e+01,2.419000000000000039e-01,-3.672200000000000131e+00,-9.353193551793999305e-02,-3.573772623449799624e-01,-2.665454801974599941e-01,-2.458495229999999865e-01,-1.265297280000000080e-01,2.741918080410000016e+02,2.024000000000000000e+03,1.100000000000000000e+01,1.400000000000000000e+01,1.400000000000000000e+01,4.500000000000000000e+01,3.870488600000000190e+01
4.000652795525000016e+01,-8.303723435057000302e+01,2.495999999999999885e-01,-3.661799999999999944e+00,2.195313439412400203e-01,-3.619446279116199650e-01,-5.600224075435999982e-02,-2.435536789999999951e-01,-1.124082450000000039e-01,2.741868025289999764e+02,2.024000000000000000e+03,1.100000000000000000e+01,1.400000000000000000e+01,1.400000000000000000e+01,4.500000000000000000e+01,3.876594500000000210e+01
4.000652811244000162e+01,-8.303723734751000052e+01,2.457999999999999907e-01,-3.649199999999999999e+00,-1.076960087187600057e-01,-3.339980085141999733e-01,2.161489162296800215e-01,-2.419123420000000024e-01,-7.917153200000000279e-02,2.741768477389999816e+02,2.024000000000000000e+03,1.100000000000000000e+01,1.400000000000000000e+01,1.400000000000000000e+01,4.500000000000000000e+01,3.882753300000000252e+01
4.000652824742000035e+01,-8.303723991053000475e+01,2.518000000000000238e-01,-3.645300000000000207e+00,2.362310275964999706e-01,-6.781272938598000011e-02,2.870236791010000177e-02,-2.453793029999999931e-01,-4.411875900000000045e-02,2.741712967779999985e+02,2.024000000000000000e+03,1.100000000000000000e+01,1.400000000000000000e+01,1.400000000000000000e+01,4.500000000000000000e+01,3.888951399999999836e+01
4.000652838466000105e+01,-8.303724247246999823e+01,2.530999999999999917e-01,-3.644600000000000062e+00,1.161164530310000026e-02,-4.752242520755999705e-02,2.319323631562000138e-02,-2.295055370000000095e-01,-2.909932200000000038e-02,2.741733460190000073e+02,2.024000000000000000e+03,1.100000000000000000e+01,1.400000000000000000e+01,1.400000000000000000e+01,4.500000000000000000e+01,3.895089500000000271e+01
4.000652851966999890e+01,-8.303724503194999329e+01,2.462000000000000022e-01,-3.639400000000000190e+00,-1.461682635671200103e-01,-1.805940376576599948e-01,-2.299384017943200131e-01,-2.309815070000000026e-01,-1.725043600000000094e-02,2.741750232840000194e+02,2.024000000000000000e+03,1.100000000000000000e+01,1.400000000000000000e+01,1.400000000000000000e+01,4.500000000000000000e+01,3.901174000000000319e+01
4.000652854178999718e+01,-8.303724545800000101e+01,2.444000000000000061e-01,-3.637700000000000156e+00,-1.827757850987799804e-01,-2.411702153031000107e-01,-2.528850658302999599e-01,-2.334993949999999985e-01,-1.357496700000000028e-02,2.741749489489999974e+02,2.024000000000000000e+03,1.100000000000000000e+01,1.400000000000000000e+01,1.400000000000000000e+01,4.500000000000000000e+01,3.906881599999999821e+01
4.000652874056000030e+01,-8.303724928463999788e+01,2.427999999999999881e-01,-3.624899999999999789e+00,-3.500406578430000082e-02,-1.970279145039399993e-01,1.103155699068399942e-01,-2.436460679999999934e-01,3.069609800000000152e-02,2.741754053610000028e+02,2.024000000000000000e+03,1.100000000000000000e+01,1.400000000000000000e+01,1.400000000000000000e+01,4.500000000000000000e+01,3.913338300000000203e+01
4.000652891389999866e+01,-8.303725267890000339e+01,2.379000000000000004e-01,-3.620000000000000107e+00,-1.851125545823199825e-01,-1.633571094868999929e-01,-7.707981898021999678e-02,-2.481521909999999942e-01,6.505703999999999654e-02,2.741712096030000225e+02,2.024000000000000000e+03,1.100000000000000000e+01,1.400000000000000000e+01,1.400000000000000000e+01,4.500000000000000000e+01,3.919562499999999972e+01
4.000652906409000309e+01,-8.303725564580000196e+01,2.426999999999999991e-01,-3.620699999999999807e+00,1.744881910701999994e-01,1.046327950014999952e-01,6.592210126600000705e-03,-2.559428850000000089e-01,8.667576300000000289e-02,2.741610936679999782e+02,2.024000000000000000e+03,1.100000000000000000e+01,1.400000000000000000e+01,1.400000000000000000e+01,4.500000000000000000e+01,3.925824399999999770e+01
4.000652919611000158e+01,-8.303725819132000652e+01,2.454999999999999960e-01,-3.623299999999999965e+00,5.931656435551999756e-02,9.430226918227999078e-02,1.730776896474000015e-01,-2.426292399999999960e-01,7.010463899999999637e-02,2.741539399669999852e+02,2.024000000000000000e+03,1.100000000000000000e+01,1.400000000000000000e+01,1.400000000000000000e+01,4.500000000000000000e+01,3.931944699999999671e+01
4.000652932479999890e+01,-8.303726073295000276e+01,2.358000000000000096e-01,-3.611600000000000144e+00,-2.578869375756600024e-01,-4.350289641566000287e-01,-6.218183604658000102e-02,-2.530777770000000038e-01,5.599173300000000186e-02,2.741472696960000235e+02,2.024000000000000000e+03,1.100000000000000000e+01,1.400000000000000000e+01,1.400000000000000000e+01,4.500000000000000000e+01,3.937972700000000259e+01
4.000652945368999980e+01,-8.303726326700000016e+01,2.431999999999999995e-01,-3.601599999999999913e+00,2.145181924714000266e-01,-3.085608872739799557e-01,1.179576969483000087e-01,-2.602204839999999741e-01,6.266646800000000295e-02,2.741455044209999983e+02,2.024000000000000000e+03,1.100000000000000000e+01,1.400000000000000000e+01,1.400000000000000000e+01,4.500000000000000000e+01,3.943768699999999683e+01
4.000652958610000098e+01,-8.303726579762999904e+01,2.479000000000000092e-01,-3.601900000000000102e+00,4.402363667085999743e-02,3.039535498748000344e-02,1.471163355808000062e-01,-2.406405970000000116e-01,6.423868000000000633e-02,2.741474643939999964e+02,2.024000000000000000e+03,1.100000000000000000e+01,1.400000000000000000e+01,1.400000000000000000e+01,4.500000000000000000e+01,3.949875099999999861e+01
4.000652971630999843e+01,-8.303726832984999362e+01,2.398000000000000131e-01,-3.606100000000000083e+00,-1.882023767534599934e-01,1.453794808563599883e-01,3.124114829724600195e-01,-2.378089100000000122e-01,3.749414300000000061e-02,2.741502686960000119e+02,2.024000000000000000e+03,1.100000000000000000e+01,1.400000000000000000e+01,1.400000000000000000e+01,4.500000000000000000e+01,3.956082099999999713e+01
4.000652984397000012e+01,-8.303727086173999794e+01,2.369999999999999885e-01,-3.599600000000000133e+00,-1.786621401411999863e-02,-2.841474419058999668e-01,-2.360112421489999820e-02,-2.575446259999999987e-01,-1.092778500000000062e-02,2.741492677530000037e+02,2.024000000000000000e+03,1.100000000000000000e+01,1.400000000000000000e+01,1.400000000000000000e+01,4.500000000000000000e+01,3.962280799999999914e+01
4.000652999246999997e+01,-8.303727380543999459e+01,2.376000000000000056e-01,-3.582699999999999996e+00,5.087813385770000030e-02,-4.864008180604399989e-01,-1.499532074723599895e-01,-2.716446189999999761e-01,-4.557261199999999846e-02,2.741475356469999838e+02,2.024000000000000000e+03,1.100000000000000000e+01,1.400000000000000000e+01,1.400000000000000000e+01,4.500000000000000000e+01,3.968425400000000280e+01
4.000653011794999969e+01,-8.303727632010999571e+01,2.275000000000000078e-01,-3.576499999999999790e+00,-4.600039198055200229e-01,-1.850444311731999913e-01,-1.449403764842600029e-01,-2.722136909999999799e-01,-5.200451899999999905e-02,2.741495617260000017e+02,2.024000000000000000e+03,1.100000000000000000e+01,1.400000000000000000e+01,1.400000000000000000e+01,4.500000000000000000e+01,3.974610799999999955e+01
4.000653023987000267e+01,-8.303727883007999822e+01,2.253999999999999893e-01,-3.566699999999999982e+00,-6.094546605644000220e-02,-4.134235628853999978e-01,-1.233753783862199943e-01,-2.945505500000000221e-01,-6.381028699999999332e-02,2.741473310939999806e+02,2.024000000000000000e+03,1.100000000000000000e+01,1.400000000000000000e+01,1.400000000000000000e+01,4.500000000000000000e+01,3.980766500000000008e+01
4.000653036261999773e+01,-8.303728133088000618e+01,2.308000000000000052e-01,-3.551499999999999879e+00,2.223388001426000182e-01,-5.270079832041799639e-01,1.592280555929399821e-01,-3.143167559999999749e-01,-5.726255300000000076e-02,2.741400358779999920e+02,2.024000000000000000e+03,1.100000000000000000e+01,1.400000000000000000e+01,1.400000000000000000e+01,4.500000000000000000e+01,3.986896999999999736e+01
4.000653050930999655e+01,-8.303728423921999990e+01,2.376999999999999946e-01,-3.543499999999999872e+00,2.851690270597200261e-01,-2.370888028178599893e-01,-8.453063957882001045e-02,-3.198677879999999862e-01,-3.547597000000000250e-02,2.741355305229999999e+02,2.024000000000000000e+03,1.100000000000000000e+01,1.400000000000000000e+01,1.400000000000000000e+01,4.500000000000000000e+01,3.993136400000000208e+01
4.000653063742999649e+01,-8.303728672555999424e+01,2.411999999999999977e-01,-3.533599999999999852e+00,1.589780265930999803e-01,-3.313867368746999942e-01,-1.751895493724600072e-01,-3.145328119999999950e-01,-1.713868099999999936e-02,2.741400720870000214e+02,2.024000000000000000e+03,1.100000000000000000e+01,1.400000000000000000e+01,1.400000000000000000e+01,4.500000000000000000e+01,3.999350100000000197e+01
4.000653065897999738e+01,-8.303728713930999561e+01,2.411999999999999977e-01,-3.532000000000000028e+00,1.305988708463599879e-01,-3.319799893456200079e-01,-2.880698542985000166e-01,-3.103674490000000175e-01,-1.432699100000000073e-02,2.741412340429999972e+02,2.024000000000000000e+03,1.100000000000000000e+01,1.400000000000000000e+01,1.400000000000000000e+01,4.500000000000000000e+01,4.005561800000000261e+01
4.000653111703999798e+01,-8.303729580502999852e+01,2.378000000000000114e-01,-3.524399999999999977e+00,-1.447006676773799905e-01,8.458023765159999874e-03,-1.475941663743599863e-01,-2.817323689999999825e-01,3.236293500000000239e-02,2.741765527489999954e+02,2.024000000000000000e+03,1.100000000000000000e+01,1.400000000000000000e+01,1.400000000000000000e+01,4.500000000000000000e+01,4.023292599999999908e+01
4.000653130802999868e+01,-8.303729950685000460e+01,2.300999999999999990e-01,-3.505999999999999783e+00,-2.002454755911600159e-01,-3.284348048885799565e-01,-3.080533989574000056e-02,-2.916093779999999747e-01,4.075342900000000074e-02,2.741797249200000124e+02,2.024000000000000000e+03,1.100000000000000000e+01,1.400000000000000000e+01,1.400000000000000000e+01,4.500000000000000000e+01,4.030526499999999857e+01
4.000653140979999733e+01,-8.303730155913000033e+01,2.180999999999999883e-01,-3.506200000000000205e+00,-5.412200845018000361e-01,-4.974147117329999479e-02,-1.647355616440000087e-02,-3.101712620000000031e-01,5.160273600000000321e-02,2.741848097029999849e+02,2.024000000000000000e+03,1.100000000000000000e+01,1.400000000000000000e+01,1.400000000000000000e+01,4.500000000000000000e+01,4.036750299999999925e+01
4.000653155300999941e+01,-8.303730442885999707e+01,2.340000000000000135e-01,-3.497799999999999798e+00,5.203087343550799604e-01,-2.400581697093400191e-01,1.853203316180400129e-01,-3.367535349999999927e-01,5.640259499999999981e-02,2.741892768609999962e+02,2.024000000000000000e+03,1.100000000000000000e+01,1.400000000000000000e+01,1.400000000000000000e+01,4.500000000000000000e+01,4.043063000000000073e+01
4.000653170508999779e+01,-8.303730729059999760e+01,2.403000000000000136e-01,-3.487499999999999822e+00,-7.756549585131999880e-02,-2.901691383072400043e-01,5.032602818600000237e-04,-3.146802750000000093e-01,6.504601299999999975e-02,2.741906346580000218e+02,2.024000000000000000e+03,1.100000000000000000e+01,1.400000000000000000e+01,1.400000000000000000e+01,4.500000000000000000e+01,4.049260900000000163e+01
4.000653183429999871e+01,-8.303730973864999498e+01,2.359999999999999876e-01,-3.484399999999999942e+00,-1.411746215858399878e-01,-6.695488643171999821e-02,1.009635352813799958e-01,-3.166028880000000267e-01,7.354878600000000488e-02,2.741932693470000117e+02,2.024000000000000000e+03,1.100000000000000000e+01,1.400000000000000000e+01,1.400000000000000000e+01,4.500000000000000000e+01,4.055390599999999779e+01
4.000653194134999779e+01,-8.303731177609999747e+01,2.366000000000000048e-01,-3.477399999999999824e+00,2.458580979998000252e-02,-3.008960938655599882e-01,2.308423378968799955e-01,-3.232542869999999735e-01,6.625327799999999878e-02,2.741956424260000063e+02,2.024000000000000000e+03,1.100000000000000000e+01,1.400000000000000000e+01,1.400000000000000000e+01,4.500000000000000000e+01,4.061603199999999703e+01
4.000653209279000322e+01,-8.303731462106999572e+01,2.424000000000000044e-01,-3.467099999999999849e+00,2.717438502991399996e-01,-2.432003038101399894e-01,-8.966047449679999393e-03,-3.118570680000000150e-01,5.821092800000000206e-02,2.741928904200000261e+02,2.024000000000000000e+03,1.100000000000000000e+01,1.400000000000000000e+01,1.400000000000000000e+01,4.500000000000000000e+01,4.067955700000000263e+01
4.000653221969000128e+01,-8.303731705530999818e+01,2.288999999999999924e-01,-3.462800000000000100e+00,-3.443976513567399977e-01,-2.237215877075000026e-01,2.014494596211399979e-01,-3.063329570000000168e-01,3.839997600000000233e-02,2.741860965590000205e+02,2.024000000000000000e+03,1.100000000000000000e+01,1.400000000000000000e+01,1.400000000000000000e+01,4.500000000000000000e+01,4.074164199999999880e+01
4.000653236443999816e+01,-8.303731988959999910e+01,2.316000000000000003e-01,-3.453800000000000203e+00,2.035153646100199831e-01,-2.716907101006399983e-01,-1.047753844365799936e-01,-3.214698249999999868e-01,3.542577999999999786e-03,2.741741791929999863e+02,2.024000000000000000e+03,1.100000000000000000e+01,1.400000000000000000e+01,1.400000000000000000e+01,4.500000000000000000e+01,4.080503300000000166e+01
4.000653247107999988e+01,-8.303732191039000554e+01,2.363000000000000100e-01,-3.450099999999999945e+00,3.778173583724000334e-02,-1.646284475029199945e-01,-1.697173211299199957e-01,-3.062051339999999899e-01,-2.828826799999999836e-02,2.741680539569999837e+02,2.024000000000000000e+03,1.100000000000000000e+01,1.400000000000000000e+01,1.400000000000000000e+01,4.500000000000000000e+01,4.086732500000000101e+01
4.000653261838999697e+01,-8.303732473400999936e+01,2.272000000000000131e-01,-3.439200000000000035e+00,-3.095729505254800062e-01,-4.411839546924999911e-01,-3.000097764131000044e-01,-2.937242310000000023e-01,-7.775322899999999315e-02,2.741584407860000283e+02,2.024000000000000000e+03,1.100000000000000000e+01,1.400000000000000000e+01,1.400000000000000000e+01,4.500000000000000000e+01,4.092833999999999861e+01
4.000653268031999943e+01,-8.303732594017999702e+01,2.273000000000000020e-01,-3.430499999999999883e+00,-6.830478533103999383e-02,-5.449500893962799797e-01,-3.524548149331800384e-01,-3.020421480000000103e-01,-8.971400799999999787e-02,2.741523815329999820e+02,2.024000000000000000e+03,1.100000000000000000e+01,1.400000000000000000e+01,1.400000000000000000e+01,4.500000000000000000e+01,4.098790499999999781e+01
4.000653276338999831e+01,-8.303732754390000537e+01,2.310999999999999999e-01,-3.418899999999999828e+00,1.993414799911399915e-01,-5.733490609202199773e-01,9.426616050753999776e-02,-3.009865099999999849e-01,-9.872388899999999523e-02,2.741442013519999819e+02,2.024000000000000000e+03,1.100000000000000000e+01,1.400000000000000000e+01,1.400000000000000000e+01,4.500000000000000000e+01,4.104972899999999925e+01
4.000653278416000092e+01,-8.303732794392000471e+01,2.306999999999999884e-01,-3.415700000000000180e+00,1.314839052507799921e-01,-5.994754971813400779e-01,-2.745152330197999854e-02,-2.992700569999999782e-01,-9.831845899999999694e-02,2.741425881289999893e+02,2.024000000000000000e+03,1.100000000000000000e+01,1.400000000000000000e+01,1.400000000000000000e+01,4.500000000000000000e+01,4.111173999999999751e+01
4.000653293023000145e+01,-8.303733073767000405e+01,2.280999999999999972e-01,-3.403599999999999959e+00,-1.840534549709599843e-01,-3.041048488193600075e-01,-3.169857165205999805e-02,-2.767811880000000113e-01,-8.561001799999999606e-02,2.741293889890000059e+02,2.024000000000000000e+03,1.100000000000000000e+01,1.400000000000000000e+01,1.400000000000000000e+01,4.500000000000000000e+01,4.117366400000000226e+01
4.000653307134999892e+01,-8.303733352660999856e+01,2.184000000000000108e-01,-3.401600000000000179e+00,-2.126157251599400111e-01,-1.155528909630200024e-01,-1.326530856740000021e-02,-2.894748140000000247e-01,-8.145210899999999477e-02,2.741196519530000160e+02,2.024000000000000000e+03,1.100000000000000000e+01,1.400000000000000000e+01,1.400000000000000000e+01,4.500000000000000000e+01,4.123701599999999701e+01
4.000653325017000128e+01,-8.303733710368000231e+01,2.250999999999999945e-01,-3.384599999999999831e+00,1.789276815912800023e-01,-4.424334533430400174e-01,1.025997151750199926e-01,-3.024517910000000254e-01,-9.934191100000000496e-02,2.741111620949999974e+02,2.024000000000000000e+03,1.100000000000000000e+01,1.400000000000000000e+01,1.400000000000000000e+01,4.500000000000000000e+01,4.129893899999999718e+01
4.000653348891000149e+01,-8.303734183618999509e+01,2.184999999999999998e-01,-3.357000000000000206e+00,4.978875699476000005e-02,-2.938348433501000168e-01,1.446678403910599819e-01,-3.084009919999999849e-01,-6.004215999999999720e-02,2.741042830399999843e+02,2.024000000000000000e+03,1.100000000000000000e+01,1.400000000000000000e+01,1.400000000000000000e+01,4.500000000000000000e+01,4.136045500000000175e+01
4.000653360716000151e+01,-8.303734419465000371e+01,2.182000000000000051e-01,-3.355900000000000105e+00,-3.941944015255999939e-02,-1.019092699871799873e-01,5.946322899389999694e-02,-3.131677880000000025e-01,-5.462504499999999708e-02,2.741009718799999746e+02,2.024000000000000000e+03,1.100000000000000000e+01,1.400000000000000000e+01,1.400000000000000000e+01,4.500000000000000000e+01,4.142355599999999782e+01
4.000653374561999698e+01,-8.303734693783999887e+01,2.184000000000000108e-01,-3.339599999999999902e+00,-4.928919567219999798e-02,-4.441674300591400559e-01,-1.357224669047999988e-01,-3.048513099999999865e-01,-5.404435700000000120e-02,2.740921868909999830e+02,2.024000000000000000e+03,1.100000000000000000e+01,1.400000000000000000e+01,1.400000000000000000e+01,4.500000000000000000e+01,4.148463799999999679e+01
4.000653386204999862e+01,-8.303734927790999620e+01,2.132000000000000006e-01,-3.322299999999999809e+00,-7.740611625727999989e-02,-6.045407999843600555e-01,1.025215804050000068e-01,-3.085102350000000215e-01,-3.925688499999999831e-02,2.740799980429999891e+02,2.024000000000000000e+03,1.100000000000000000e+01,1.400000000000000000e+01,1.400000000000000000e+01,4.500000000000000000e+01,4.154250199999999893e+01
4.000653397813000112e+01,-8.303735160463999421e+01,2.157999999999999918e-01,-3.303799999999999848e+00,1.645152681616000034e-01,-5.513906665786999506e-01,1.841583789386000078e-02,-3.142645290000000147e-01,1.931050000000000019e-04,2.740624038459999952e+02,2.024000000000000000e+03,1.100000000000000000e+01,1.400000000000000000e+01,1.400000000000000000e+01,4.500000000000000000e+01,4.160332100000000111e+01
4.000653407390999661e+01,-8.303735353582999323e+01,2.111000000000000099e-01,-3.294000000000000039e+00,-9.777645877796001250e-02,-4.103586587176600298e-01,-2.542749532513199906e-01,-3.169866230000000229e-01,4.490798800000000285e-02,2.740490128129999903e+02,2.024000000000000000e+03,1.100000000000000000e+01,1.400000000000000000e+01,1.400000000000000000e+01,4.500000000000000000e+01,4.166123499999999780e+01
4.000653418745000067e+01,-8.303735584743999709e+01,2.094999999999999918e-01,-3.287100000000000133e+00,1.582024737910000048e-02,-2.290989979629599882e-01,-2.038250127351199925e-01,-3.290950810000000115e-01,9.658986499999999698e-02,2.740408423439999979e+02,2.024000000000000000e+03,1.100000000000000000e+01,1.400000000000000000e+01,1.400000000000000000e+01,4.500000000000000000e+01,4.171891699999999759e+01
4.000653430125999677e+01,-8.303735815342000137e+01,2.106999999999999984e-01,-3.278599999999999959e+00,1.224828360938000071e-01,-2.943153536842399998e-01,1.152657432780999913e-01,-3.312983660000000108e-01,1.379068499999999975e-01,2.740421822870000028e+02,2.024000000000000000e+03,1.100000000000000000e+01,1.400000000000000000e+01,1.400000000000000000e+01,4.500000000000000000e+01,4.178085899999999953e+01
4.000653443462999803e+01,-8.303736083667999424e+01,2.126000000000000112e-01,-3.270399999999999974e+00,1.055999532025599930e-01,-1.706632261759200020e-01,9.552079040640000518e-02,-3.317167460000000068e-01,1.777122519999999872e-01,2.740415341309999917e+02,2.024000000000000000e+03,1.100000000000000000e+01,1.400000000000000000e+01,1.400000000000000000e+01,4.500000000000000000e+01,4.184251799999999832e+01
4.000653454938999687e+01,-8.303736312968999300e+01,2.134999999999999953e-01,-3.257400000000000073e+00,1.236678611258800048e-01,-4.478279930842199996e-01,-4.983973524988000170e-02,-3.339910170000000011e-01,2.047094299999999978e-01,2.740349408120000021e+02,2.024000000000000000e+03,1.100000000000000000e+01,1.400000000000000000e+01,1.400000000000000000e+01,4.500000000000000000e+01,4.190555200000000013e+01
4.000653466536000025e+01,-8.303736541444999375e+01,2.154999999999999971e-01,-3.247599999999999820e+00,8.455518927673999485e-02,-2.983733280249600273e-01,3.992257867156000228e-02,-3.246552990000000083e-01,2.384316720000000112e-01,2.740274571420000029e+02,2.024000000000000000e+03,1.100000000000000000e+01,1.400000000000000000e+01,1.400000000000000000e+01,4.500000000000000000e+01,4.196782400000000024e+01
4.000653474183999947e+01,-8.303736693474999697e+01,2.109000000000000041e-01,-3.243399999999999839e+00,-1.504387189200800112e-01,-2.527722110595000404e-01,-1.027913394762999949e-01,-3.167330039999999847e-01,2.568683749999999821e-01,2.740242604970000002e+02,2.024000000000000000e+03,1.100000000000000000e+01,1.400000000000000000e+01,1.400000000000000000e+01,4.500000000000000000e+01,4.203022500000000150e+01
4.000653477949000347e+01,-8.303736769395999318e+01,2.076000000000000068e-01,-3.240899999999999892e+00,-2.469188141196800024e-01,-2.764122165728800096e-01,7.394957895454000452e-02,-3.190108970000000155e-01,2.641067129999999930e-01,2.740221493359999840e+02,2.024000000000000000e+03,1.100000000000000000e+01,1.400000000000000000e+01,1.400000000000000000e+01,4.500000000000000000e+01,4.209117599999999726e+01
4.000653494422000023e+01,-8.303737110484999562e+01,2.003000000000000058e-01,-3.231300000000000061e+00,-3.536657147798000222e-02,-2.942754384317199934e-01,2.534622210429599565e-01,-3.395533179999999929e-01,2.783596179999999753e-01,2.740089411550000023e+02,2.024000000000000000e+03,1.100000000000000000e+01,1.400000000000000000e+01,1.400000000000000000e+01,4.500000000000000000e+01,4.215058100000000252e+01
4.000653507348999938e+01,-8.303737375094999607e+01,2.104999999999999927e-01,-3.222100000000000186e+00,3.673597009450599860e-01,-2.419313875285800108e-01,1.739105200159200004e-01,-3.324453920000000062e-01,2.719002660000000016e-01,2.739935484860000088e+02,2.024000000000000000e+03,1.100000000000000000e+01,1.400000000000000000e+01,1.400000000000000000e+01,4.500000000000000000e+01,4.221289699999999812e+01
4.000653522230999926e+01,-8.303737676629999953e+01,2.083000000000000129e-01,-3.213400000000000034e+00,6.067142260839999968e-03,-1.949947788113000069e-01,5.524617333679999326e-03,-3.132498060000000195e-01,2.519824239999999826e-01,2.739805134040000212e+02,2.024000000000000000e+03,1.100000000000000000e+01,1.400000000000000000e+01,1.400000000000000000e+01,4.500000000000000000e+01,4.227506799999999743e+01
4.000653535499999691e+01,-8.303737939885999708e+01,2.154000000000000081e-01,-3.206599999999999895e+00,2.079803126540000213e-01,-1.991164786019000155e-01,-3.874820684783999991e-02,-3.055918590000000212e-01,2.137711939999999977e-01,2.739727413900000101e+02,2.024000000000000000e+03,1.100000000000000000e+01,1.400000000000000000e+01,1.400000000000000000e+01,4.500000000000000000e+01,4.233709799999999746e+01
4.000653546731999910e+01,-8.303738165062000576e+01,2.073000000000000120e-01,-3.201099999999999834e+00,-1.496938147663999796e-01,-1.797952353934400005e-01,2.233169854139000210e-01,-2.936421069999999856e-01,1.666849519999999973e-01,2.739756537790000266e+02,2.024000000000000000e+03,1.100000000000000000e+01,1.400000000000000000e+01,1.400000000000000000e+01,4.500000000000000000e+01,4.239901799999999810e+01
4.000653557564999829e+01,-8.303738389762999361e+01,2.008000000000000063e-01,-3.192499999999999893e+00,-8.045204747169999726e-02,-2.854015037794400134e-01,2.575504137999999881e-05,-2.980339670000000107e-01,1.135024649999999968e-01,2.739807758530000115e+02,2.024000000000000000e+03,1.100000000000000000e+01,1.400000000000000000e+01,1.400000000000000000e+01,4.500000000000000000e+01,4.246140499999999918e+01
4.000653568127000170e+01,-8.303738613657999679e+01,1.935999999999999943e-01,-3.179499999999999993e+00,-2.280262135003399970e-01,-4.191897479198399834e-01,-7.034225669272001213e-02,-3.069501579999999730e-01,6.513318299999999728e-02,2.739816892200000211e+02,2.024000000000000000e+03,1.100000000000000000e+01,1.400000000000000000e+01,1.400000000000000000e+01,4.500000000000000000e+01,4.252499000000000251e+01
4.000653583638000299e+01,-8.303738947882000332e+01,1.975000000000000089e-01,-3.160899999999999821e+00,3.052445141257399963e-01,-3.817652625237799580e-01,1.268323623655999953e-02,-3.392945330000000093e-01,8.645898000000000819e-03,2.739660174719999759e+02,2.024000000000000000e+03,1.100000000000000000e+01,1.400000000000000000e+01,1.400000000000000000e+01,4.500000000000000000e+01,4.260270400000000279e+01
4.000653594416999681e+01,-8.303739169652000385e+01,2.033000000000000085e-01,-3.150999999999999801e+00,1.375133325311199972e-01,-2.661326207852999781e-01,-1.371933291111199771e-01,-3.282721789999999973e-01,-2.142946299999999929e-02,2.739548462600000107e+02,2.024000000000000000e+03,1.100000000000000000e+01,1.400000000000000000e+01,1.400000000000000000e+01,4.500000000000000000e+01,4.266613900000000115e+01
4.000653605117000211e+01,-8.303739391013000670e+01,1.943999999999999895e-01,-3.146700000000000053e+00,-3.786254729814000353e-01,-2.229020951215399671e-01,-1.372625921253600167e-01,-3.204758160000000244e-01,-6.168463300000000260e-02,2.739490347149999820e+02,2.024000000000000000e+03,1.100000000000000000e+01,1.400000000000000000e+01,1.400000000000000000e+01,4.500000000000000000e+01,4.272742999999999824e+01
4.000653615563000187e+01,-8.303739611420000699e+01,1.960999999999999965e-01,-3.126100000000000101e+00,1.590850482734799953e-01,-6.678933586653599264e-01,2.759155408494000025e-02,-3.354604600000000159e-01,-9.487067899999999943e-02,2.739422572429999718e+02,2.024000000000000000e+03,1.100000000000000000e+01,1.400000000000000000e+01,1.400000000000000000e+01,4.500000000000000000e+01,4.278990600000000200e+01
4.000653628073000334e+01,-8.303739866850999363e+01,2.016999999999999904e-01,-3.105100000000000193e+00,2.373291828407000092e-01,-5.494715657300399680e-01,1.497182462448599927e-01,-3.228746230000000272e-01,-9.764859900000000259e-02,2.739323071100000107e+02,2.024000000000000000e+03,1.100000000000000000e+01,1.400000000000000000e+01,1.400000000000000000e+01,4.500000000000000000e+01,4.285198900000000322e+01
4.000653638463000306e+01,-8.303740084797000520e+01,1.890999999999999903e-01,-3.096999999999999975e+00,-3.224085491748999721e-01,-2.706383606445800227e-01,1.017099130508399979e-01,-3.214917319999999745e-01,-9.055983400000000572e-02,2.739230231170000138e+02,2.024000000000000000e+03,1.100000000000000000e+01,1.400000000000000000e+01,1.400000000000000000e+01,4.500000000000000000e+01,4.291449200000000275e+01
4.000653648402000329e+01,-8.303740302296000664e+01,1.816000000000000114e-01,-3.090899999999999981e+00,-2.602717066089799691e-01,-2.611683165115999961e-01,-1.332141830799999926e-01,-3.434774130000000092e-01,-9.762742500000000379e-02,2.739162770230000206e+02,2.024000000000000000e+03,1.100000000000000000e+01,1.400000000000000000e+01,1.400000000000000000e+01,4.500000000000000000e+01,4.297904499999999928e+01
4.000653653364999940e+01,-8.303740410830999963e+01,1.859999999999999987e-01,-3.086500000000000021e+00,1.798797883424200217e-01,-2.588774005685399726e-01,-1.764252014316400052e-01,-3.526248530000000159e-01,-1.026144030000000068e-01,2.739149755419999792e+02,2.024000000000000000e+03,1.100000000000000000e+01,1.400000000000000000e+01,1.400000000000000000e+01,4.500000000000000000e+01,4.304288400000000081e+01
4.000653663506000157e+01,-8.303740627249999307e+01,1.943000000000000005e-01,-3.070500000000000007e+00,3.247174791515999859e-01,-4.909359832257999545e-01,-2.151515760519800147e-01,-3.545135879999999906e-01,-1.102462230000000043e-01,2.739151462599999718e+02,2.024000000000000000e+03,1.100000000000000000e+01,1.400000000000000000e+01,1.400000000000000000e+01,4.500000000000000000e+01,4.310490500000000225e+01
4.000653679514999794e+01,-8.303740949772999613e+01,1.985000000000000098e-01,-3.049799999999999844e+00,-1.106651794715799997e-01,-3.490328305007400211e-01,-1.938305892342800096e-01,-3.117361650000000095e-01,-8.746531400000000234e-02,2.739079912189999959e+02,2.024000000000000000e+03,1.100000000000000000e+01,1.400000000000000000e+01,1.400000000000000000e+01,4.500000000000000000e+01,4.316747000000000156e+01
4.000653684702000135e+01,-8.303741056913999330e+01,1.940000000000000058e-01,-3.045100000000000140e+00,-2.302164986071600083e-01,-3.410003145215999565e-01,-1.460082191862399903e-01,-3.114714479999999841e-01,-7.420271000000000505e-02,2.739037901799999872e+02,2.024000000000000000e+03,1.100000000000000000e+01,1.400000000000000000e+01,1.400000000000000000e+01,4.500000000000000000e+01,4.322965099999999694e+01
4.000653702302000170e+01,-8.303741412879000450e+01,2.074000000000000010e-01,-3.027600000000000069e+00,4.438080008412599864e-01,-4.094188433534200477e-01,-2.152478235317200062e-01,-2.948580740000000255e-01,-3.442867299999999992e-02,2.738941164409999942e+02,2.024000000000000000e+03,1.100000000000000000e+01,1.400000000000000000e+01,1.400000000000000000e+01,4.500000000000000000e+01,4.329144200000000353e+01
4.000653713359999841e+01,-8.303741625281000438e+01,2.094000000000000028e-01,-3.015699999999999825e+00,1.096813186300400061e-01,-3.471034321707600068e-01,4.276495876602000312e-02,-2.369245929999999889e-01,7.851742000000000096e-03,2.738928582130000109e+02,2.024000000000000000e+03,1.100000000000000000e+01,1.400000000000000000e+01,1.400000000000000000e+01,4.500000000000000000e+01,4.334973300000000052e+01
4.000653723986999921e+01,-8.303741837012999838e+01,1.943000000000000005e-01,-3.007899999999999796e+00,-3.708996398198800004e-01,-2.706083608699599852e-01,9.496510609277999948e-02,-2.075485089999999921e-01,5.338651199999999708e-02,2.738916576170000212e+02,2.024000000000000000e+03,1.100000000000000000e+01,1.400000000000000000e+01,1.400000000000000000e+01,4.500000000000000000e+01,4.341272000000000020e+01
4.000653735681000001e+01,-8.303742083714999467e+01,1.839999999999999969e-01,-3.007299999999999862e+00,-2.634991533847000356e-01,-2.976932464208000353e-02,2.265153942259399977e-01,-2.131010700000000035e-01,8.994300600000000590e-02,2.738900504920000003e+02,2.024000000000000000e+03,1.100000000000000000e+01,1.400000000000000000e+01,1.400000000000000000e+01,4.500000000000000000e+01,4.347579199999999844e+01
4.000653745601999844e+01,-8.303742294855000239e+01,1.869000000000000106e-01,-2.998499999999999943e+00,6.910172108999999840e-02,-3.357436640015999951e-01,3.325808587627999968e-02,-2.122145530000000002e-01,1.025347669999999989e-01,2.738852495790000035e+02,2.024000000000000000e+03,1.100000000000000000e+01,1.400000000000000000e+01,1.400000000000000000e+01,4.500000000000000000e+01,4.353800900000000240e+01
4.000653755657000232e+01,-8.303742505277000419e+01,1.889000000000000123e-01,-2.987699999999999800e+00,1.415107005366000002e-02,-3.736902720849799575e-01,1.138639399799999848e-03,-1.962817099999999981e-01,1.240535799999999966e-01,2.738776489009999864e+02,2.024000000000000000e+03,1.100000000000000000e+01,1.400000000000000000e+01,1.400000000000000000e+01,4.500000000000000000e+01,4.360087599999999952e+01
4.000653765010999763e+01,-8.303742715148999309e+01,1.678000000000000047e-01,-2.981399999999999828e+00,-5.490915577350800048e-01,-2.869180195293800084e-01,3.824478754718600437e-01,-2.130905250000000029e-01,1.409933770000000031e-01,2.738760963600000196e+02,2.024000000000000000e+03,1.100000000000000000e+01,1.400000000000000000e+01,1.400000000000000000e+01,4.500000000000000000e+01,4.366387300000000238e+01
4.000653775290000169e+01,-8.303742959132000578e+01,1.680000000000000104e-01,-2.967699999999999783e+00,1.723684488280399774e-01,-4.119599543985000278e-01,1.534070936321200174e-01,-2.693236680000000161e-01,1.595655199999999885e-01,2.738788075410000147e+02,2.024000000000000000e+03,1.100000000000000000e+01,1.400000000000000000e+01,1.400000000000000000e+01,4.500000000000000000e+01,4.372767300000000290e+01
4.000653784679000324e+01,-8.303743167448999429e+01,1.807999999999999885e-01,-2.959200000000000053e+00,2.935579596234800248e-01,-2.509927696345800041e-01,7.307858976418001029e-02,-2.679394039999999921e-01,1.723847440000000064e-01,2.738833469450000280e+02,2.024000000000000000e+03,1.100000000000000000e+01,1.400000000000000000e+01,1.400000000000000000e+01,4.500000000000000000e+01,4.379020500000000027e+01
4.000653794232999871e+01,-8.303743375233000279e+01,1.782999999999999863e-01,-2.952500000000000124e+00,-7.636556555564000259e-02,-2.026209320439600059e-01,-4.479103925347999865e-02,-2.605588640000000011e-01,1.756646309999999878e-01,2.738849382779999928e+02,2.024000000000000000e+03,1.100000000000000000e+01,1.400000000000000000e+01,1.400000000000000000e+01,4.500000000000000000e+01,4.385107299999999952e+01
4.000653803621000293e+01,-8.303743582568999670e+01,1.761999999999999955e-01,-2.946000000000000174e+00,5.106147431199999434e-04,-2.177911523505399738e-01,-1.618816373461600122e-01,-2.841287570000000096e-01,1.657186910000000013e-01,2.738813502410000069e+02,2.024000000000000000e+03,1.100000000000000000e+01,1.400000000000000000e+01,1.400000000000000000e+01,4.500000000000000000e+01,4.391045499999999890e+01
4.000653815014000259e+01,-8.303743823800999735e+01,1.933999999999999886e-01,-2.938099999999999934e+00,5.556907496398200141e-01,-1.159474361847599999e-01,-3.214964473459999781e-03,-2.860550099999999984e-01,1.460497430000000096e-01,2.738726692160000198e+02,2.024000000000000000e+03,1.100000000000000000e+01,1.400000000000000000e+01,1.400000000000000000e+01,4.500000000000000000e+01,4.397235799999999983e+01
4.000653820320000165e+01,-8.303743926973000100e+01,2.031999999999999917e-01,-2.933100000000000041e+00,6.175265636377399447e-01,-2.512035520779999920e-01,-1.058802149009199917e-01,-2.611913820000000275e-01,1.316408289999999870e-01,2.738683617059999733e+02,2.024000000000000000e+03,1.100000000000000000e+01,1.400000000000000000e+01,1.400000000000000000e+01,4.500000000000000000e+01,4.402923400000000242e+01
4.000653825658999807e+01,-8.303744029972000362e+01,2.018000000000000071e-01,-2.928100000000000147e+00,1.464338303665400076e-01,-3.139225585317600431e-01,-1.754768993749599992e-01,-2.269759000000000082e-01,1.205443949999999986e-01,2.738665006599999856e+02,2.024000000000000000e+03,1.100000000000000000e+01,1.400000000000000000e+01,1.400000000000000000e+01,4.500000000000000000e+01,4.408626499999999737e+01
4.000653842706999797e+01,-8.303744371998000418e+01,1.806000000000000105e-01,-2.911999999999999922e+00,-4.625563869881399448e-01,-3.001139327989200134e-01,1.142308947872000026e-02,-1.866948410000000003e-01,9.348165799999999526e-02,2.738647487769999884e+02,2.024000000000000000e+03,1.100000000000000000e+01,1.400000000000000000e+01,1.400000000000000000e+01,4.500000000000000000e+01,4.414938500000000232e+01
4.000653852736000005e+01,-8.303744576261999555e+01,1.832000000000000017e-01,-2.902499999999999858e+00,-1.137281611208000066e-02,-3.256545300636599638e-01,-4.552735919654000291e-02,-1.877266019999999924e-01,7.936421300000000290e-02,2.738596874369999910e+02,2.024000000000000000e+03,1.100000000000000000e+01,1.400000000000000000e+01,1.400000000000000000e+01,4.500000000000000000e+01,4.421255500000000183e+01
4.000653864406000082e+01,-8.303744813612000542e+01,1.849000000000000088e-01,-2.887500000000000178e+00,1.549155765302800136e-01,-4.642040400886999763e-01,9.148529317673999295e-02,-1.726039259999999909e-01,6.596386899999999442e-02,2.738480424009999865e+02,2.024000000000000000e+03,1.100000000000000000e+01,1.400000000000000000e+01,1.400000000000000000e+01,4.500000000000000000e+01,4.427610200000000162e+01
4.000653875930999703e+01,-8.303745049805000633e+01,1.776999999999999968e-01,-2.877200000000000202e+00,-2.269914247949600117e-01,-2.312563348318199818e-01,1.328980203621799860e-01,-1.592470569999999974e-01,6.330779100000000215e-02,2.738391053209999768e+02,2.024000000000000000e+03,1.100000000000000000e+01,1.400000000000000000e+01,1.400000000000000000e+01,4.500000000000000000e+01,4.433819900000000302e+01
4.000653885322000036e+01,-8.303745251786000381e+01,1.668000000000000038e-01,-2.870999999999999996e+00,-3.647551788772200321e-01,-2.603155187100399948e-01,-1.315422206373799974e-01,-1.722269499999999898e-01,4.987590399999999868e-02,2.738391617440000232e+02,2.024000000000000000e+03,1.100000000000000000e+01,1.400000000000000000e+01,1.400000000000000000e+01,4.500000000000000000e+01,4.440091300000000274e+01
4.000653894610000094e+01,-8.303745453241999996e+01,1.708000000000000074e-01,-2.864100000000000090e+00,8.894634748032000104e-02,-2.095392809146800206e-01,-1.194830883731999860e-01,-1.848788150000000019e-01,3.007679099999999855e-02,2.738445084630000110e+02,2.024000000000000000e+03,1.100000000000000000e+01,1.400000000000000000e+01,1.400000000000000000e+01,4.500000000000000000e+01,4.446408499999999719e+01
4.000653902434000031e+01,-8.303745620652000525e+01,1.713999999999999968e-01,-2.854000000000000092e+00,-2.320307454731999897e-02,-4.302526231821399705e-01,-1.818274235396399874e-01,-1.836548990000000103e-01,9.738283999999999829e-03,2.738479356579999831e+02,2.024000000000000000e+03,1.100000000000000000e+01,1.400000000000000000e+01,1.400000000000000000e+01,4.500000000000000000e+01,4.452381199999999950e+01
4.000653911671000174e+01,-8.303745820588000015e+01,1.688999999999999946e-01,-2.838099999999999845e+00,4.274603838939999845e-02,-5.121758408677999919e-01,1.367688301573400100e-01,-1.946170379999999922e-01,4.119829999999999890e-04,2.738451563500000248e+02,2.024000000000000000e+03,1.100000000000000000e+01,1.400000000000000000e+01,1.400000000000000000e+01,4.500000000000000000e+01,4.458713399999999893e+01
4.000653923990999772e+01,-8.303746085768999308e+01,1.675999999999999990e-01,-2.821899999999999853e+00,-1.316255584921000032e-01,-4.462112912753800620e-01,9.524655666489999228e-02,-2.028310859999999938e-01,1.152044999999999979e-03,2.738412744720000092e+02,2.024000000000000000e+03,1.100000000000000000e+01,1.400000000000000000e+01,1.400000000000000000e+01,4.500000000000000000e+01,4.465033600000000291e+01
4.000653934969000147e+01,-8.303746316763999857e+01,1.764000000000000012e-01,-2.813299999999999912e+00,2.395939028679400229e-01,-2.423494502963400021e-01,1.523069453615999991e-01,-1.938408929999999863e-01,-1.733006000000000043e-03,2.738340821880000249e+02,2.024000000000000000e+03,1.100000000000000000e+01,1.400000000000000000e+01,1.400000000000000000e+01,4.500000000000000000e+01,4.471454299999999904e+01
4.000653944780000160e+01,-8.303746514021999303e+01,1.817000000000000004e-01,-2.801499999999999879e+00,1.859354979213399817e-01,-3.730960951070599885e-01,-6.818647821095999428e-02,-1.663236959999999931e-01,-1.307668399999999988e-02,2.738243070809999722e+02,2.024000000000000000e+03,1.100000000000000000e+01,1.400000000000000000e+01,1.400000000000000000e+01,4.500000000000000000e+01,4.477864600000000195e+01
4.000653955648999727e+01,-8.303746743079000225e+01,1.622000000000000108e-01,-2.786799999999999944e+00,-4.965127466219200203e-01,-4.817000715889199758e-01,-8.835804285541999648e-02,-1.659426350000000050e-01,-1.785045799999999960e-02,2.738112686979999921e+02,2.024000000000000000e+03,1.100000000000000000e+01,1.400000000000000000e+01,1.400000000000000000e+01,4.500000000000000000e+01,4.485110699999999895e+01
4.000653965723000027e+01,-8.303746970857000065e+01,1.580000000000000016e-01,-2.769899999999999807e+00,5.508676483542000041e-02,-5.076964224320200669e-01,-1.708795745563599922e-01,-1.975546999999999997e-01,-4.640934000000000205e-03,2.737951201530000276e+02,2.024000000000000000e+03,1.100000000000000000e+01,1.400000000000000000e+01,1.400000000000000000e+01,4.500000000000000000e+01,4.491696799999999712e+01
4.000653973395999685e+01,-8.303747132581000301e+01,1.766999999999999960e-01,-2.754300000000000193e+00,6.949482081776999776e-01,-5.897370649995800074e-01,-1.384820342824799877e-01,-1.804369799999999968e-01,1.698625800000000061e-02,2.737802686759999915e+02,2.024000000000000000e+03,1.100000000000000000e+01,1.400000000000000000e+01,1.400000000000000000e+01,4.500000000000000000e+01,4.497893899999999689e+01
4.000653979681000294e+01,-8.303747261361999676e+01,1.698000000000000065e-01,-2.744000000000000217e+00,-2.717305849899999681e-01,-5.488447692130199451e-01,-1.334722724099799973e-01,-1.539736680000000080e-01,4.638026299999999796e-02,2.737686075679999931e+02,2.024000000000000000e+03,1.100000000000000000e+01,1.400000000000000000e+01,1.400000000000000000e+01,4.500000000000000000e+01,4.504518300000000153e+01
4.000653988236999936e+01,-8.303747453943999801e+01,1.461999999999999966e-01,-2.737999999999999989e+00,-7.329153448984799812e-01,-2.209355153543199890e-01,-2.466587130179999712e-03,-1.757293099999999997e-01,9.323286499999999810e-02,2.737557469359999800e+02,2.024000000000000000e+03,1.100000000000000000e+01,1.400000000000000000e+01,1.400000000000000000e+01,4.500000000000000000e+01,4.511455399999999827e+01
4.000654003257000113e+01,-8.303747806238999374e+01,1.540999999999999870e-01,-2.729299999999999837e+00,6.664328613313999505e-02,-2.121990969109799896e-01,1.042702685569400073e-01,-2.273819780000000124e-01,1.322306930000000103e-01,2.737484692940000173e+02,2.024000000000000000e+03,1.100000000000000000e+01,1.400000000000000000e+01,1.400000000000000000e+01,4.500000000000000000e+01,4.518064199999999886e+01
4.000654010008999961e+01,-8.303747965892999616e+01,1.507000000000000006e-01,-2.723199999999999843e+00,-4.934415690453999165e-02,-2.243477250906200093e-01,1.340176947022199971e-01,-2.337545289999999887e-01,1.392049240000000077e-01,2.737413603640000019e+02,2.024000000000000000e+03,1.100000000000000000e+01,1.400000000000000000e+01,1.400000000000000000e+01,4.500000000000000000e+01,4.524454000000000065e+01
4.000654020609999861e+01,-8.303748220376000688e+01,1.479999999999999927e-01,-2.707500000000000018e+00,-2.363312826689999840e-02,-4.141182718337400037e-01,-2.152070748954799939e-01,-2.688979679999999872e-01,1.460940830000000135e-01,2.737164541160000226e+02,2.024000000000000000e+03,1.100000000000000000e+01,1.400000000000000000e+01,1.400000000000000000e+01,4.500000000000000000e+01,4.531012199999999979e+01
4.000654028630000170e+01,-8.303748410155999693e+01,1.486999999999999988e-01,-2.694199999999999928e+00,-9.654922880501999594e-02,-3.920744694199599922e-01,-1.015051035850999955e-01,-2.872029649999999767e-01,1.655414420000000109e-01,2.737005301560000134e+02,2.024000000000000000e+03,1.100000000000000000e+01,1.400000000000000000e+01,1.400000000000000000e+01,4.500000000000000000e+01,4.537340700000000027e+01
4.000654038092999798e+01,-8.303748630766000360e+01,1.522999999999999909e-01,-2.687399999999999789e+00,8.492767824307999314e-02,-1.564362963887399871e-01,-2.139966212209599705e-01,-2.954199009999999848e-01,1.865291980000000072e-01,2.736873508400000219e+02,2.024000000000000000e+03,1.100000000000000000e+01,1.400000000000000000e+01,1.400000000000000000e+01,4.500000000000000000e+01,4.543559900000000340e+01
4.000654046321000123e+01,-8.303748819323999442e+01,1.587999999999999967e-01,-2.678500000000000103e+00,4.090623180197199837e-01,-2.750239146284400027e-01,1.256378837716999874e-01,-2.975748719999999903e-01,1.930997610000000086e-01,2.736744773479999822e+02,2.024000000000000000e+03,1.100000000000000000e+01,1.400000000000000000e+01,1.400000000000000000e+01,4.500000000000000000e+01,4.549960699999999747e+01
4.000654054761000111e+01,-8.303749007062999965e+01,1.595000000000000029e-01,-2.664299999999999891e+00,1.480756975862400071e-01,-4.627979921086999848e-01,1.744420831751399836e-01,-2.864451639999999744e-01,2.017344799999999938e-01,2.736574606969999763e+02,2.024000000000000000e+03,1.100000000000000000e+01,1.400000000000000000e+01,1.400000000000000000e+01,4.500000000000000000e+01,4.556371200000000243e+01
4.000654064378999664e+01,-8.303749225231000253e+01,1.497999999999999887e-01,-2.658500000000000085e+00,-2.801753369841000207e-01,-9.942929760575998366e-02,1.401655620071800001e-01,-2.899554870000000117e-01,2.158747179999999932e-01,2.736344104450000145e+02,2.024000000000000000e+03,1.100000000000000000e+01,1.400000000000000000e+01,1.400000000000000000e+01,4.500000000000000000e+01,4.562706000000000017e+01
4.000654072762999647e+01,-8.303749411991999807e+01,1.590999999999999914e-01,-2.654900000000000038e+00,1.763170239921999782e-01,-1.527428560033000093e-01,-2.156652674373999920e-02,-2.826690689999999950e-01,2.020406680000000066e-01,2.736196043730000156e+02,2.024000000000000000e+03,1.100000000000000000e+01,1.400000000000000000e+01,1.400000000000000000e+01,4.500000000000000000e+01,4.568881100000000117e+01
4.000654081281000174e+01,-8.303749598317999414e+01,1.567000000000000060e-01,-2.646700000000000053e+00,-1.526734703913400215e-01,-3.163883087663800220e-01,7.193574650800000150e-04,-2.585559089999999727e-01,1.756174309999999905e-01,2.736116204809999886e+02,2.024000000000000000e+03,1.100000000000000000e+01,1.400000000000000000e+01,1.400000000000000000e+01,4.500000000000000000e+01,4.574701300000000259e+01
4.000654089521999879e+01,-8.303749783842999932e+01,1.512000000000000011e-01,-2.632099999999999884e+00,-1.240266274902000060e-01,-5.311235537382600347e-01,9.473904446872000173e-02,-2.543015960000000186e-01,1.536854249999999866e-01,2.736048478609999961e+02,2.024000000000000000e+03,1.100000000000000000e+01,1.400000000000000000e+01,1.400000000000000000e+01,4.500000000000000000e+01,4.581085900000000066e+01
4.000654098687000015e+01,-8.303749998893999873e+01,1.434999999999999887e-01,-2.614300000000000068e+00,-1.811326199041800034e-01,-4.763437154882400049e-01,1.107934626132600076e-01,-2.675549010000000116e-01,1.550129759999999968e-01,2.735969164229999819e+02,2.024000000000000000e+03,1.100000000000000000e+01,1.400000000000000000e+01,1.400000000000000000e+01,4.500000000000000000e+01,4.587453000000000003e+01
4.000654106313999847e+01,-8.303750182352999332e+01,1.413000000000000089e-01,-2.606599999999999806e+00,-7.503493302293999523e-02,-2.548198612357600035e-01,3.211032705923999586e-02,-2.729604800000000053e-01,1.584400780000000120e-01,2.735852353099999732e+02,2.024000000000000000e+03,1.100000000000000000e+01,1.400000000000000000e+01,1.400000000000000000e+01,4.500000000000000000e+01,4.593710300000000046e+01
4.000654113793999755e+01,-8.303750365115000420e+01,1.348999999999999921e-01,-2.593700000000000117e+00,-2.833767659649200077e-01,-4.845755437727199966e-01,1.801285561722199835e-01,-2.842438230000000066e-01,1.472636109999999887e-01,2.735697288449999860e+02,2.024000000000000000e+03,1.100000000000000000e+01,1.400000000000000000e+01,1.400000000000000000e+01,4.500000000000000000e+01,4.600115999999999872e+01
4.000654115014000212e+01,-8.303750395452999555e+01,1.350999999999999979e-01,-2.589399999999999924e+00,-2.146226493397200008e-01,-6.036889559588199949e-01,1.539004547520400057e-01,-2.876054860000000213e-01,1.461502100000000026e-01,2.735679146360000118e+02,2.024000000000000000e+03,1.100000000000000000e+01,1.400000000000000000e+01,1.400000000000000000e+01,4.500000000000000000e+01,4.606826099999999968e+01
4.000654126274999811e+01,-8.303750697438999850e+01,1.213999999999999940e-01,-2.569700000000000095e+00,-2.008169822903800028e-01,-3.672636826916599873e-01,-2.766446874202599937e-01,-3.578538529999999995e-01,1.570201139999999884e-01,2.735502557730000035e+02,2.024000000000000000e+03,1.100000000000000000e+01,1.400000000000000000e+01,1.400000000000000000e+01,4.500000000000000000e+01,4.613253300000000223e+01
4.000654132625000159e+01,-8.303750877689999754e+01,1.200999999999999984e-01,-2.560599999999999987e+00,7.632113590669999115e-02,-2.959584650577399834e-01,-1.555651641043000188e-01,-4.018460360000000176e-01,1.456337789999999910e-01,2.735414280420000068e+02,2.024000000000000000e+03,1.100000000000000000e+01,1.400000000000000000e+01,1.400000000000000000e+01,4.500000000000000000e+01,4.619583599999999990e+01
4.000654142087999787e+01,-8.303751145943999745e+01,1.215999999999999998e-01,-2.526499999999999968e+00,8.447348676159999181e-02,-8.683296448357599173e-01,-1.152462182110400024e-01,-4.551273089999999799e-01,1.222161600000000042e-01,2.735179869849999932e+02,2.024000000000000000e+03,1.100000000000000000e+01,1.400000000000000000e+01,1.400000000000000000e+01,4.500000000000000000e+01,4.625791000000000253e+01
4.000654147397000315e+01,-8.303751293214999407e+01,1.199999999999999956e-01,-2.504900000000000126e+00,-9.730252582419999380e-03,-8.464746494900600160e-01,1.218301765505799966e-01,-4.831438000000000121e-01,1.354687280000000105e-01,2.735033612639999774e+02,2.024000000000000000e+03,1.100000000000000000e+01,1.400000000000000000e+01,1.400000000000000000e+01,4.500000000000000000e+01,4.631601700000000221e+01
4.000654155109000243e+01,-8.303751497724999808e+01,1.297999999999999987e-01,-2.486400000000000166e+00,3.906321991603600163e-01,-4.448821924804199912e-01,1.096526647922200087e-01,-5.181022379999999927e-01,1.561323420000000073e-01,2.734834611269999982e+02,2.024000000000000000e+03,1.100000000000000000e+01,1.400000000000000000e+01,1.400000000000000000e+01,4.500000000000000000e+01,4.637816500000000275e+01
4.000654161991000279e+01,-8.303751672020000285e+01,1.337000000000000133e-01,-2.473100000000000076e+00,2.742001411928000065e-01,-5.000415100500600341e-01,-1.411483787329999989e-02,-5.308262839999999816e-01,1.423968929999999966e-01,2.734691599249999854e+02,2.024000000000000000e+03,1.100000000000000000e+01,1.400000000000000000e+01,1.400000000000000000e+01,4.500000000000000000e+01,4.643539400000000228e+01
4.000654169021999707e+01,-8.303751844778000191e+01,1.322000000000000119e-01,-2.445699999999999985e+00,-1.927263114620000146e-03,-9.029817701773799055e-01,-2.084945919420599925e-01,-5.282717209999999719e-01,1.194457899999999961e-01,2.734572598479999783e+02,2.024000000000000000e+03,1.100000000000000000e+01,1.400000000000000000e+01,1.400000000000000000e+01,4.500000000000000000e+01,4.649450600000000122e+01
4.000654176039000021e+01,-8.303752015380000273e+01,1.295999999999999930e-01,-2.411700000000000177e+00,-1.540768757882600148e-01,-1.125334629998779867e+00,1.170370351600400066e-01,-5.223328680000000057e-01,1.053494140000000023e-01,2.734478532219999920e+02,2.024000000000000000e+03,1.100000000000000000e+01,1.400000000000000000e+01,1.400000000000000000e+01,4.500000000000000000e+01,4.656555999999999784e+01
4.000654185215999803e+01,-8.303752239188000317e+01,1.300999999999999934e-01,-2.367700000000000138e+00,2.025255056263000064e-01,-1.053368063379259922e+00,4.811592288959999977e-03,-5.235852629999999674e-01,9.798969200000000324e-02,2.734372155020000150e+02,2.024000000000000000e+03,1.100000000000000000e+01,1.400000000000000000e+01,1.400000000000000000e+01,4.500000000000000000e+01,4.663351999999999720e+01
4.000654192044000013e+01,-8.303752404421000222e+01,1.305999999999999939e-01,-2.335599999999999898e+00,2.170272558148599873e-01,-1.070376593466499937e+00,-1.556932628573400035e-01,-5.170272280000000054e-01,8.344334200000000368e-02,2.734284769129999972e+02,2.024000000000000000e+03,1.100000000000000000e+01,1.400000000000000000e+01,1.400000000000000000e+01,4.500000000000000000e+01,4.669922199999999890e+01
4.000654199694999846e+01,-8.303752594044000546e+01,1.169000000000000039e-01,-2.290099999999999802e+00,-3.032946163984400201e-01,-1.317730386726679859e+00,-2.832932892753400322e-01,-5.121536770000000294e-01,5.266008999999999968e-02,2.734154659740000284e+02,2.024000000000000000e+03,1.100000000000000000e+01,1.400000000000000000e+01,1.400000000000000000e+01,4.500000000000000000e+01,4.676561800000000346e+01
4.000654205832999821e+01,-8.303752753198999415e+01,1.136999999999999955e-01,-2.241299999999999848e+00,-2.687679128427999942e-02,-1.622591241073860102e+00,-1.756198814388399976e-01,-5.269595630000000197e-01,4.111121200000000114e-02,2.734037369000000126e+02,2.024000000000000000e+03,1.100000000000000000e+01,1.400000000000000000e+01,1.400000000000000000e+01,4.500000000000000000e+01,4.683051400000000086e+01
4.000654212866000137e+01,-8.303752934585999412e+01,1.132999999999999979e-01,-2.185700000000000198e+00,1.192342185308399999e-01,-1.546722374056840099e+00,1.614345157577800061e-01,-5.361508200000000279e-01,4.735968699999999754e-02,2.733915920960000108e+02,2.024000000000000000e+03,1.100000000000000000e+01,1.400000000000000000e+01,1.400000000000000000e+01,4.500000000000000000e+01,4.689313299999999884e+01
4.000654218529000161e+01,-8.303753086564999819e+01,1.043000000000000038e-01,-2.140699999999999825e+00,-3.768549972370000001e-02,-1.517764240589359881e+00,2.726911946114000118e-01,-5.472474229999999551e-01,5.194917500000000021e-02,2.733807487959999776e+02,2.024000000000000000e+03,1.100000000000000000e+01,1.400000000000000000e+01,1.400000000000000000e+01,4.500000000000000000e+01,4.695194299999999998e+01
4.000654223037999913e+01,-8.303753210784999794e+01,1.005000000000000060e-01,-2.102399999999999824e+00,-7.335635992741999789e-02,-1.555018012191679899e+00,1.923636308259199790e-01,-5.617336429999999492e-01,4.449773600000000301e-02,2.733705753360000017e+02,2.024000000000000000e+03,1.100000000000000000e+01,1.400000000000000000e+01,1.400000000000000000e+01,4.500000000000000000e+01,4.701583200000000318e+01
4.000654224774000056e+01,-8.303753259828999944e+01,9.810000000000000664e-02,-2.086599999999999788e+00,-1.410592002024199931e-01,-1.577742972351979800e+00,6.149006930046000546e-02,-5.650439959999999928e-01,4.031833499999999681e-02,2.733665061240000114e+02,2.024000000000000000e+03,1.100000000000000000e+01,1.400000000000000000e+01,1.400000000000000000e+01,4.500000000000000000e+01,4.707900099999999810e+01
4.000654232694999735e+01,-8.303753475300999298e+01,9.760000000000000620e-02,-2.004100000000000215e+00,7.019791089202000178e-02,-1.810784278885579912e+00,1.140986813724599869e-01,-5.825020800000000332e-01,2.154393199999999828e-02,2.733498064789999944e+02,2.024000000000000000e+03,1.100000000000000000e+01,1.400000000000000000e+01,1.400000000000000000e+01,4.500000000000000000e+01,4.714190700000000334e+01
4.000654236908999906e+01,-8.303753591442000470e+01,9.400000000000000022e-02,-1.961500000000000021e+00,-1.304235497176599867e-01,-1.722272311197919903e+00,7.235215515250000007e-02,-5.931304670000000501e-01,7.239456000000000016e-03,2.733399474770000097e+02,2.024000000000000000e+03,1.100000000000000000e+01,1.400000000000000000e+01,1.400000000000000000e+01,4.500000000000000000e+01,4.720573999999999870e+01
4.000654245222000327e+01,-8.303753815922000570e+01,9.289999999999999647e-02,-1.870600000000000041e+00,-5.801742337784000086e-02,-1.816572530303800059e+00,-1.721628476488000214e-01,-6.063910970000000455e-01,-3.343057800000000246e-02,2.733241159099999891e+02,2.024000000000000000e+03,1.100000000000000000e+01,1.400000000000000000e+01,1.400000000000000000e+01,4.500000000000000000e+01,4.726916899999999799e+01
4.000654250731000161e+01,-8.303753966453000146e+01,8.870000000000000107e-02,-1.799600000000000088e+00,5.504689994995999591e-02,-2.074214127200320057e+00,-2.036682065852400136e-01,-6.134903900000000521e-01,-5.671428900000000106e-02,2.733163103059999912e+02,2.024000000000000000e+03,1.100000000000000000e+01,1.400000000000000000e+01,1.400000000000000000e+01,4.500000000000000000e+01,4.733378900000000300e+01
4.000654255268000270e+01,-8.303754090706000568e+01,8.640000000000000457e-02,-1.736299999999999955e+00,1.157820620184400046e-01,-2.079212642238479791e+00,-4.722997706860000006e-02,-6.211552830000000025e-01,-5.497646800000000056e-02,2.733080579130000274e+02,2.024000000000000000e+03,1.100000000000000000e+01,1.400000000000000000e+01,1.400000000000000000e+01,4.500000000000000000e+01,4.739824999999999733e+01
4.000654259617999742e+01,-8.303754210840999406e+01,8.309999999999999332e-02,-1.681400000000000006e+00,1.000057762751000168e-01,-1.824160036348760228e+00,1.446763840321199923e-01,-6.299321140000000430e-01,-4.639656799999999914e-02,2.732999575719999825e+02,2.024000000000000000e+03,1.100000000000000000e+01,1.400000000000000000e+01,1.400000000000000000e+01,4.500000000000000000e+01,4.746179500000000218e+01
4.000654264431999962e+01,-8.303754346222000038e+01,7.699999999999999900e-02,-1.619899999999999896e+00,-5.421449056274000450e-02,-1.762187637116700234e+00,1.305973674895599956e-01,-6.391669429999999874e-01,-5.542425100000000077e-02,2.732948471380000228e+02,2.024000000000000000e+03,1.100000000000000000e+01,1.400000000000000000e+01,1.400000000000000000e+01,4.500000000000000000e+01,4.752881800000000112e+01
4.000654269033999810e+01,-8.303754476356000680e+01,7.539999999999999480e-02,-1.553500000000000103e+00,1.323406952093199862e-01,-1.899068110810520071e+00,-3.708672214094000524e-02,-6.504347750000000206e-01,-8.217838600000000604e-02,2.732899149419999958e+02,2.024000000000000000e+03,1.100000000000000000e+01,1.400000000000000000e+01,1.400000000000000000e+01,4.500000000000000000e+01,4.759282999999999930e+01
4.000654272938000133e+01,-8.303754583305999404e+01,7.539999999999999480e-02,-1.489700000000000024e+00,1.643390870842199869e-01,-2.120136777901199920e+00,-1.151580813017600013e-01,-6.538005359999999877e-01,-1.095503129999999964e-01,2.732838932899999804e+02,2.024000000000000000e+03,1.100000000000000000e+01,1.400000000000000000e+01,1.400000000000000000e+01,4.500000000000000000e+01,4.765706999999999738e+01
4.000654276566000078e+01,-8.303754685495999865e+01,6.600000000000000311e-02,-1.418099999999999916e+00,-1.319719958495200185e-01,-2.392738321920440114e+00,-1.774654991759599953e-01,-6.622029769999999704e-01,-1.271076889999999959e-01,2.732783238700000084e+02,2.024000000000000000e+03,1.100000000000000000e+01,1.400000000000000000e+01,1.400000000000000000e+01,4.500000000000000000e+01,4.772083099999999689e+01
4.000654279836000171e+01,-8.303754782619000707e+01,6.079999999999999988e-02,-1.345499999999999918e+00,-1.397523881595999842e-02,-2.397964686753240038e+00,-2.202490463058000281e-02,-6.802802359999999826e-01,-1.299931789999999865e-01,2.732770609660000218e+02,2.024000000000000000e+03,1.100000000000000000e+01,1.400000000000000000e+01,1.400000000000000000e+01,4.500000000000000000e+01,4.778416699999999651e+01
4.000654284125000260e+01,-8.303754904417999683e+01,6.289999999999999758e-02,-1.253200000000000092e+00,1.957408972599999908e-01,-2.304661053282540006e+00,3.381867400427999992e-02,-6.865675180000000433e-01,-1.350383340000000099e-01,2.732772684959999765e+02,2.024000000000000000e+03,1.100000000000000000e+01,1.400000000000000000e+01,1.400000000000000000e+01,4.500000000000000000e+01,4.785210800000000120e+01
4.000654287310000257e+01,-8.303754990058000374e+01,6.119999999999999746e-02,-1.183200000000000029e+00,1.088678210928800127e-01,-2.335719728067240375e+00,-1.111535464211799995e-01,-6.838579359999999996e-01,-1.455511750000000049e-01,2.732710038920000102e+02,2.024000000000000000e+03,1.100000000000000000e+01,1.400000000000000000e+01,1.400000000000000000e+01,4.500000000000000000e+01,4.791525200000000240e+01
4.000654290373000066e+01,-8.303755070677000560e+01,5.739999999999999963e-02,-1.110600000000000032e+00,-7.897539300200000570e-03,-2.411460095161499950e+00,-1.882144612389999999e-02,-6.841134169999999459e-01,-1.615149700000000077e-01,2.732610864150000225e+02,2.024000000000000000e+03,1.100000000000000000e+01,1.400000000000000000e+01,1.400000000000000000e+01,4.500000000000000000e+01,4.798104500000000172e+01
4.000654291891999748e+01,-8.303755109079999386e+01,5.850000000000000339e-02,-1.074300000000000033e+00,1.573405507809199910e-01,-2.418473961640680070e+00,-5.503000810231999801e-02,-6.822003899999999899e-01,-1.697249379999999919e-01,2.732573496879999766e+02,2.024000000000000000e+03,1.100000000000000000e+01,1.400000000000000000e+01,1.400000000000000000e+01,4.500000000000000000e+01,4.804566899999999663e+01
4.000654295678000238e+01,-8.303755205295000508e+01,5.099999999999999672e-02,-9.788000000000000034e-01,-1.107662341052800120e-01,-2.391955571506759970e+00,-1.086423284230199904e-01,-6.731643520000000214e-01,-1.818376200000000054e-01,2.732529523150000159e+02,2.024000000000000000e+03,1.100000000000000000e+01,1.400000000000000000e+01,1.400000000000000000e+01,4.500000000000000000e+01,4.810875200000000262e+01
4.000654298221999738e+01,-8.303755271657000492e+01,4.700000000000000011e-02,-9.094999999999999751e-01,-3.813286203716000078e-02,-2.314265525980200078e+00,7.016051501179999990e-03,-6.659235150000000214e-01,-1.858578989999999931e-01,2.732531542030000082e+02,2.024000000000000000e+03,1.100000000000000000e+01,1.400000000000000000e+01,1.400000000000000000e+01,4.500000000000000000e+01,4.816797700000000049e+01
4.000654300757999948e+01,-8.303755342835999897e+01,4.089999999999999886e-02,-8.283000000000000362e-01,4.658158625891999777e-02,-2.310781101973439888e+00,6.940774630731999517e-02,-6.695162719999999679e-01,-1.863374409999999926e-01,2.732503628449999837e+02,2.024000000000000000e+03,1.100000000000000000e+01,1.400000000000000000e+01,1.400000000000000000e+01,4.500000000000000000e+01,4.823160800000000137e+01
4.000654303273000068e+01,-8.303755416159999925e+01,3.450000000000000289e-02,-7.380999999999999783e-01,-7.007654358789999760e-02,-2.257401680419739876e+00,-3.545700145519999850e-03,-6.687422389999999606e-01,-1.852023740000000029e-01,2.732422411059999945e+02,2.024000000000000000e+03,1.100000000000000000e+01,1.400000000000000000e+01,1.400000000000000000e+01,4.500000000000000000e+01,4.829468899999999820e+01
4.000654304860000110e+01,-8.303755465671000024e+01,3.009999999999999828e-02,-6.724999999999999867e-01,4.462370329159999829e-03,-2.174291588435919742e+00,-2.867429423052000187e-02,-6.773945099999999497e-01,-1.816138860000000022e-01,2.732360539169999925e+02,2.024000000000000000e+03,1.100000000000000000e+01,1.400000000000000000e+01,1.400000000000000000e+01,4.500000000000000000e+01,4.835817600000000027e+01
4.000654306306000052e+01,-8.303755510672000639e+01,2.949999999999999845e-02,-6.095000000000000417e-01,1.376227423097000080e-01,-2.078726748656100298e+00,1.962973363256000081e-02,-6.854352009999999940e-01,-1.785054899999999889e-01,2.732334868899999947e+02,2.024000000000000000e+03,1.100000000000000000e+01,1.400000000000000000e+01,1.400000000000000000e+01,4.500000000000000000e+01,4.842200100000000162e+01
4.000654307877000093e+01,-8.303755557610999460e+01,2.529999999999999957e-02,-5.368000000000000549e-01,-5.231553263611999488e-02,-2.074436161691100011e+00,-4.250948245602000075e-02,-6.858559450000000224e-01,-1.772996039999999995e-01,2.732353246819999981e+02,2.024000000000000000e+03,1.100000000000000000e+01,1.400000000000000000e+01,1.400000000000000000e+01,4.500000000000000000e+01,4.848504799999999904e+01
4.000654309035000011e+01,-8.303755593142000180e+01,2.230000000000000038e-02,-4.758999999999999897e-01,-1.368300052799999861e-02,-2.012295356949540093e+00,-5.305128534367999776e-02,-6.904404370000000180e-01,-1.705883280000000113e-01,2.732353738329999828e+02,2.024000000000000000e+03,1.100000000000000000e+01,1.400000000000000000e+01,1.400000000000000000e+01,4.500000000000000000e+01,4.854919999999999902e+01
4.000654310131999836e+01,-8.303755624634000299e+01,2.270000000000000143e-02,-4.220999999999999752e-01,1.035113080033400051e-01,-1.757027999191420164e+00,-6.370423325960000369e-03,-6.934895159999999725e-01,-1.564899670000000076e-01,2.732329268230000139e+02,2.024000000000000000e+03,1.100000000000000000e+01,1.400000000000000000e+01,1.400000000000000000e+01,4.500000000000000000e+01,4.861433699999999902e+01
4.000654311275999930e+01,-8.303755657038999516e+01,1.899999999999999953e-02,-3.694999999999999951e-01,-1.464636222482000073e-02,-1.478921621295760103e+00,-2.434055655613999794e-02,-6.956136990000000297e-01,-1.447674079999999863e-01,2.732261854359999802e+02,2.024000000000000000e+03,1.100000000000000000e+01,1.400000000000000000e+01,1.400000000000000000e+01,4.500000000000000000e+01,4.867941799999999830e+01
4.000654312044999728e+01,-8.303755681600999594e+01,1.490000000000000005e-02,-3.306000000000000050e-01,-6.336280724571999312e-02,-1.286730868412460094e+00,-1.940279423377999982e-02,-6.986410720000000296e-01,-1.404721680000000084e-01,2.732208800010000118e+02,2.024000000000000000e+03,1.100000000000000000e+01,1.400000000000000000e+01,1.400000000000000000e+01,4.500000000000000000e+01,4.873879699999999815e+01
4.000654312745000141e+01,-8.303755707000000541e+01,1.220000000000000077e-02,-2.907000000000000139e-01,-5.395784087950000057e-02,-1.147503840756679994e+00,-1.289539140290000066e-02,-7.031372799999999756e-01,-1.338609970000000093e-01,2.732193338170000061e+02,2.024000000000000000e+03,1.100000000000000000e+01,1.400000000000000000e+01,1.400000000000000000e+01,4.500000000000000000e+01,4.880111800000000244e+01
4.000654313202999646e+01,-8.303755723336000472e+01,1.239999999999999956e-02,-2.677999999999999825e-01,4.650898417749999708e-02,-9.234452588530799311e-01,5.711658675752000203e-02,-7.053308729999999693e-01,-1.265290799999999882e-01,2.732192979399999899e+02,2.024000000000000000e+03,1.100000000000000000e+01,1.400000000000000000e+01,1.400000000000000000e+01,4.500000000000000000e+01,4.885989699999999658e+01
4.000654313732999867e+01,-8.303755741393000278e+01,1.230000000000000017e-02,-2.467999999999999916e-01,5.559736215527999459e-02,-6.959541646137800130e-01,1.009923115616000004e-02,-7.095325139999999475e-01,-1.187912500000000010e-01,2.732175780769999847e+02,2.024000000000000000e+03,1.100000000000000000e+01,1.400000000000000000e+01,1.400000000000000000e+01,4.500000000000000000e+01,4.891805399999999793e+01
4.000654314158000346e+01,-8.303755755355000190e+01,1.159999999999999920e-02,-2.308000000000000052e-01,2.267389286492000125e-02,-6.392612750310400216e-01,4.042441808801999770e-02,-7.125307339999999989e-01,-1.149507399999999957e-01,2.732149695969999925e+02,2.024000000000000000e+03,1.100000000000000000e+01,1.400000000000000000e+01,1.400000000000000000e+01,4.500000000000000000e+01,4.898272200000000254e+01
4.000654314479000107e+01,-8.303755765836000080e+01,1.119999999999999989e-02,-2.175999999999999879e-01,3.053492358363999945e-02,-6.580424171122799537e-01,2.287499241277999792e-02,-7.140782319999999794e-01,-1.151255149999999977e-01,2.732126313910000022e+02,2.024000000000000000e+03,1.100000000000000000e+01,1.400000000000000000e+01,1.400000000000000000e+01,4.500000000000000000e+01,4.904814300000000316e+01
4.000654314938999789e+01,-8.303755780334999770e+01,1.060000000000000005e-02,-1.953999999999999904e-01,3.506527742697999883e-02,-7.626548842947200590e-01,1.462117960298000077e-02,-7.142364930000000278e-01,-1.201153610000000038e-01,2.732099076800000148e+02,2.024000000000000000e+03,1.100000000000000000e+01,1.400000000000000000e+01,1.400000000000000000e+01,4.500000000000000000e+01,4.911493200000000314e+01
4.000654315466000099e+01,-8.303755798889000062e+01,7.599999999999999985e-03,-1.552999999999999936e-01,-5.543198339099999865e-03,-9.300720835060199976e-01,-2.226367146172000128e-02,-7.162756879999999660e-01,-1.264761070000000043e-01,2.732061700529999939e+02,2.024000000000000000e+03,1.100000000000000000e+01,1.400000000000000000e+01,1.400000000000000000e+01,4.500000000000000000e+01,4.918264700000000289e+01
4.000654315874999867e+01,-8.303755813082000259e+01,6.700000000000000226e-03,-1.102999999999999953e-01,2.071936547220000133e-02,-1.020236677286119997e+00,-3.614846680139999560e-03,-7.150860759999999594e-01,-1.300802729999999963e-01,2.732065681820000123e+02,2.024000000000000000e+03,1.100000000000000000e+01,1.400000000000000000e+01,1.400000000000000000e+01,4.500000000000000000e+01,4.924660599999999988e+01
4.000654316068000327e+01,-8.303755819773999747e+01,4.799999999999999580e-03,-7.699999999999999900e-02,-5.376552759379999574e-03,-1.120216751303400038e+00,-2.499411688632000028e-02,-7.128178269999999594e-01,-1.344523220000000130e-01,2.732073728440000195e+02,2.024000000000000000e+03,1.100000000000000000e+01,1.400000000000000000e+01,1.400000000000000000e+01,4.500000000000000000e+01,4.930912299999999959e+01
