4.000658813569000216e+01,-8.303708986770999445e+01,-4.089999999999999886e-02,-6.999999999999999929e-04,1.881147323939999939e-03,5.724225957860999969e-01,-1.057388143450800067e-01,3.111445669999999830e-01,-8.743595480000000419e-01,1.835560109769999997e+02,2.024000000000000000e+03,1.100000000000000000e+01,2.400000000000000000e+01,1.200000000000000000e+01,1.100000000000000000e+01,3.695167099999999749e+01
4.000658813078999998e+01,-8.303708985750999716e+01,-4.309999999999999942e-02,-1.299999999999999940e-03,3.399011734751999914e-02,9.204667289476999859e-01,-1.157668055425799952e-01,3.116064410000000118e-01,-8.724955399999999583e-01,1.835558951419999971e+02,2.024000000000000000e+03,1.100000000000000000e+01,2.400000000000000000e+01,1.200000000000000000e+01,1.100000000000000000e+01,3.700571099999999802e+01
4.000658810161999668e+01,-8.303708980675999385e+01,-6.019999999999999657e-02,-2.399999999999999790e-03,1.425870792618000142e-02,3.367319950562400188e-01,-5.746819244641999946e-02,3.106752039999999826e-01,-8.604984850000000351e-01,1.835553499259999910e+02,2.024000000000000000e+03,1.100000000000000000e+01,2.400000000000000000e+01,1.200000000000000000e+01,1.100000000000000000e+01,3.705827899999999886e+01
4.000658806353000330e+01,-8.303708975185999464e+01,-8.079999999999999682e-02,-3.700000000000000164e-03,2.175786073989999930e-02,1.240373172790159906e+00,-9.949864412367999400e-02,3.111523039999999907e-01,-8.442270459999999810e-01,1.835546559400000035e+02,2.024000000000000000e+03,1.100000000000000000e+01,2.400000000000000000e+01,1.200000000000000000e+01,1.100000000000000000e+01,3.711148500000000183e+01
4.000658801624999938e+01,-8.303708970815999635e+01,-1.062000000000000027e-01,-5.499999999999999681e-03,1.035778863566000005e-02,1.008247580848220082e+00,-6.114466482829999244e-02,3.117570700000000250e-01,-8.229889710000000136e-01,1.835536886799999934e+02,2.024000000000000000e+03,1.100000000000000000e+01,2.400000000000000000e+01,1.200000000000000000e+01,1.100000000000000000e+01,3.716412799999999805e+01
4.000658794171999944e+01,-8.303708964582000362e+01,-1.429999999999999882e-01,-6.799999999999999621e-03,-3.167609649277999817e-02,1.282545408046920077e+00,-3.690203408920000264e-03,3.137185860000000215e-01,-7.919670229999999922e-01,1.835519337529999859e+02,2.024000000000000000e+03,1.100000000000000000e+01,2.400000000000000000e+01,1.200000000000000000e+01,1.100000000000000000e+01,3.721724499999999836e+01
4.000658786382000187e+01,-8.303708960388999571e+01,-1.799999999999999933e-01,-7.799999999999999642e-03,-2.938777435546000016e-02,7.442190233800399790e-01,9.807944277080000300e-03,3.135369439999999841e-01,-7.637250380000000227e-01,1.835497037789999979e+02,2.024000000000000000e+03,1.100000000000000000e+01,2.400000000000000000e+01,1.200000000000000000e+01,1.100000000000000000e+01,3.727075399999999661e+01
4.000658776750000101e+01,-8.303708955780000167e+01,-2.227000000000000091e-01,-9.299999999999999239e-03,-4.244206026603999926e-02,1.734107314002999889e+00,2.268183319389999869e-02,3.116129530000000258e-01,-7.342111359999999864e-01,1.835478339400000038e+02,2.024000000000000000e+03,1.100000000000000000e+01,2.400000000000000000e+01,1.200000000000000000e+01,1.100000000000000000e+01,3.732372699999999810e+01
4.000658762404999891e+01,-8.303708949923000660e+01,-2.813999999999999835e-01,-1.280000000000000061e-02,-5.360161473640000056e-03,9.579631100231800200e-01,5.137078548380000220e-02,3.091143439999999853e-01,-6.997784400000000016e-01,1.835460105470000087e+02,2.024000000000000000e+03,1.100000000000000000e+01,2.400000000000000000e+01,1.200000000000000000e+01,1.100000000000000000e+01,3.737690700000000277e+01
4.000658747992000031e+01,-8.303708946138000613e+01,-3.356999999999999984e-01,-1.559999999999999928e-02,-1.684633228959999882e-02,2.178631096504499709e+00,9.786882481893999230e-02,3.078375449999999902e-01,-6.718979130000000133e-01,1.835446443859999874e+02,2.024000000000000000e+03,1.100000000000000000e+01,2.400000000000000000e+01,1.200000000000000000e+01,1.100000000000000000e+01,3.743098499999999973e+01
4.000658730903000304e+01,-8.303708942051000008e+01,-3.966999999999999971e-01,-1.909999999999999892e-02,-1.517153906167999916e-02,2.414066725145100012e+00,8.464807078779999772e-02,3.069365059999999978e-01,-6.476321950000000216e-01,1.835431364990000134e+02,2.024000000000000000e+03,1.100000000000000000e+01,2.400000000000000000e+01,1.200000000000000000e+01,1.100000000000000000e+01,3.748402000000000100e+01
4.000658706536000153e+01,-8.303708936904000382e+01,-4.771000000000000241e-01,-2.259999999999999856e-02,-5.560927193317999340e-02,3.945927289581840025e+00,1.030975718568599986e-01,3.036982329999999841e-01,-6.180087050000000470e-01,1.835408874640000079e+02,2.024000000000000000e+03,1.100000000000000000e+01,2.400000000000000000e+01,1.200000000000000000e+01,1.100000000000000000e+01,3.753688400000000058e+01
4.000658682942000155e+01,-8.303708933263999370e+01,-5.459000000000000519e-01,-2.630000000000000046e-02,-5.618354242717999575e-02,4.113560674764119796e+00,1.463474289052799915e-01,3.009369290000000197e-01,-5.982871210000000328e-01,1.835402390739999987e+02,2.024000000000000000e+03,1.100000000000000000e+01,2.400000000000000000e+01,1.200000000000000000e+01,1.100000000000000000e+01,3.759032599999999746e+01
4.000658656261000345e+01,-8.303708930339999483e+01,-6.163999999999999480e-01,-3.009999999999999828e-02,-1.752254556288000004e-02,2.797337417881539778e+00,1.346926282245599904e-01,2.985165240000000053e-01,-5.864783940000000140e-01,1.835407103889999973e+02,2.024000000000000000e+03,1.100000000000000000e+01,2.400000000000000000e+01,1.200000000000000000e+01,1.100000000000000000e+01,3.764331399999999661e+01
4.000658626311999910e+01,-8.303708926573000326e+01,-6.857999999999999652e-01,-3.209999999999999659e-02,-1.163047980368999978e-01,4.145427088126020010e+00,1.093173614304000091e-01,2.950236829999999810e-01,-5.856394289999999891e-01,1.835414501479999956e+02,2.024000000000000000e+03,1.100000000000000000e+01,2.400000000000000000e+01,1.200000000000000000e+01,1.100000000000000000e+01,3.769727600000000223e+01
4.000658620014999656e+01,-8.303708926451000139e+01,-6.996999999999999886e-01,-3.300000000000000155e-02,-1.703872732473999882e-02,1.378245742787340022e+00,3.848203439099999977e-03,2.935268100000000269e-01,-5.854999379999999976e-01,1.835416216239999869e+02,2.024000000000000000e+03,1.100000000000000000e+01,2.400000000000000000e+01,1.200000000000000000e+01,1.100000000000000000e+01,3.775066000000000344e+01
4.000658564951000074e+01,-8.303708921564999912e+01,-8.032000000000000250e-01,-3.719999999999999696e-02,-2.193154965739999799e-03,2.602059662349919922e+00,4.850033961108000252e-02,2.801393870000000175e-01,-5.909332330000000022e-01,1.835390981120000049e+02,2.024000000000000000e+03,1.100000000000000000e+01,2.400000000000000000e+01,1.200000000000000000e+01,1.100000000000000000e+01,3.780358700000000027e+01
4.000658510849000038e+01,-8.303708920098999613e+01,-8.895999999999999464e-01,-4.290000000000000063e-02,1.815293606999999955e-04,2.451135264768039779e+00,3.012723212306000001e-02,2.757866070000000169e-01,-5.870965980000000251e-01,1.835342342810000105e+02,2.024000000000000000e+03,1.100000000000000000e+01,2.400000000000000000e+01,1.200000000000000000e+01,1.100000000000000000e+01,3.785744199999999893e+01
4.000658468963000303e+01,-8.303708921602999737e+01,-9.516999999999999904e-01,-4.789999999999999813e-02,3.615106302869999788e-02,2.507372164577360341e+00,5.906998113748000018e-02,2.742002849999999881e-01,-5.851473329999999917e-01,1.835323733660000016e+02,2.024000000000000000e+03,1.100000000000000000e+01,2.400000000000000000e+01,1.200000000000000000e+01,1.100000000000000000e+01,3.791055500000000222e+01
4.000658415046999750e+01,-8.303708923803999653e+01,-1.024299999999999988e+00,-5.399999999999999939e-02,4.712608182079999763e-02,2.413640525983919982e+00,2.370467733842000074e-02,2.739727820000000258e-01,-5.846954450000000358e-01,1.835327680229999885e+02,2.024000000000000000e+03,1.100000000000000000e+01,2.400000000000000000e+01,1.200000000000000000e+01,1.100000000000000000e+01,3.796448300000000131e+01
4.000658357316000036e+01,-8.303708926282000391e+01,-1.092899999999999983e+00,-5.850000000000000339e-02,-2.905035674989999914e-02,3.466742392282560203e+00,-3.244889379022000003e-02,2.755765550000000008e-01,-5.785323789999999855e-01,1.835337471219999941e+02,2.024000000000000000e+03,1.100000000000000000e+01,2.400000000000000000e+01,1.200000000000000000e+01,1.100000000000000000e+01,3.801845900000000000e+01
4.000658306398999997e+01,-8.303708928830999980e+01,-1.151200000000000001e+00,-6.360000000000000375e-02,2.123234838587999967e-02,1.159168749960040046e+00,-2.320911103001999792e-02,2.761563579999999907e-01,-5.691575290000000509e-01,1.835329355069999906e+02,2.024000000000000000e+03,1.100000000000000000e+01,2.400000000000000000e+01,1.200000000000000000e+01,1.100000000000000000e+01,3.807204399999999822e+01
4.000658252744000265e+01,-8.303708931433000373e+01,-1.212699999999999889e+00,-6.479999999999999649e-02,-8.731306459253999896e-02,2.450447547934159864e+00,3.995880252600000210e-03,2.775747530000000074e-01,-5.590887140000000421e-01,1.835312873450000097e+02,2.024000000000000000e+03,1.100000000000000000e+01,2.400000000000000000e+01,1.200000000000000000e+01,1.100000000000000000e+01,3.812566600000000250e+01
4.000658184641999782e+01,-8.303708934715000112e+01,-1.288300000000000001e+00,-6.769999999999999629e-02,-5.787440920096000030e-02,2.512006989414219849e+00,-1.002366932413399914e-01,2.798716439999999750e-01,-5.544219670000000155e-01,1.835290518689999999e+02,2.024000000000000000e+03,1.100000000000000000e+01,2.400000000000000000e+01,1.200000000000000000e+01,1.100000000000000000e+01,3.817927799999999650e+01
4.000658124790000159e+01,-8.303708937617000174e+01,-1.350500000000000034e+00,-7.009999999999999565e-02,-6.133502523744000651e-02,2.459120968973119936e+00,-6.379299611182000229e-02,2.824501019999999807e-01,-5.553183689999999784e-01,1.835266292930000134e+02,2.024000000000000000e+03,1.100000000000000000e+01,2.400000000000000000e+01,1.200000000000000000e+01,1.100000000000000000e+01,3.823363899999999660e+01
4.000658049399999783e+01,-8.303708941239000296e+01,-1.421399999999999997e+00,-7.190000000000000557e-02,-9.563637684213999179e-02,2.358010924064020131e+00,-4.605758993668000040e-02,2.810655060000000205e-01,-5.544723089999999965e-01,1.835245556430000136e+02,2.024000000000000000e+03,1.100000000000000000e+01,2.400000000000000000e+01,1.200000000000000000e+01,1.100000000000000000e+01,3.828712500000000318e+01
4.000657983640999760e+01,-8.303708944365999400e+01,-1.479700000000000015e+00,-7.620000000000000384e-02,7.562908740720000224e-03,2.336148794301879938e+00,6.957163193019999525e-02,2.793815800000000182e-01,-5.477752649999999557e-01,1.835240285790000030e+02,2.024000000000000000e+03,1.100000000000000000e+01,2.400000000000000000e+01,1.200000000000000000e+01,1.100000000000000000e+01,3.834074300000000335e+01
4.000657915315999702e+01,-8.303708948048000593e+01,-1.539600000000000080e+00,-8.260000000000000675e-02,4.304900450911999799e-02,2.410531049658120040e+00,3.192138034535999674e-02,2.819662210000000169e-01,-5.361746440000000336e-01,1.835242126900000130e+02,2.024000000000000000e+03,1.100000000000000000e+01,2.400000000000000000e+01,1.200000000000000000e+01,1.100000000000000000e+01,3.839392300000000091e+01
4.000657844242000039e+01,-8.303708951855999487e+01,-1.600300000000000056e+00,-8.530000000000000082e-02,-4.122797665562000224e-02,1.232915100746579951e+00,-3.546065770362000213e-02,2.862293610000000155e-01,-5.266912190000000438e-01,1.835234978850000118e+02,2.024000000000000000e+03,1.100000000000000000e+01,2.400000000000000000e+01,1.200000000000000000e+01,1.100000000000000000e+01,3.844804100000000346e+01
4.000657755350999878e+01,-8.303708956715000511e+01,-1.672800000000000065e+00,-9.080000000000000571e-02,5.705287330226000569e-02,2.415674095335639926e+00,8.800610227076000047e-02,2.875666430000000107e-01,-5.206896749999999630e-01,1.835187139269999932e+02,2.024000000000000000e+03,1.100000000000000000e+01,2.400000000000000000e+01,1.200000000000000000e+01,1.100000000000000000e+01,3.850221100000000263e+01
4.000657678465999822e+01,-8.303708960865000677e+01,-1.725899999999999990e+00,-8.980000000000000482e-02,-1.311993361132000047e-01,2.141274259635320032e+00,-8.844430139383999134e-02,2.847898340000000195e-01,-5.147484890000000313e-01,1.835138957629999936e+02,2.024000000000000000e+03,1.100000000000000000e+01,2.400000000000000000e+01,1.200000000000000000e+01,1.100000000000000000e+01,3.855577900000000113e+01
4.000657583017999741e+01,-8.303708965914999851e+01,-1.791299999999999892e+00,-9.149999999999999800e-02,-5.065821936060000558e-02,2.233631492775599803e+00,-9.631239744847999718e-02,2.769160489999999974e-01,-4.850612919999999773e-01,1.835099734339999884e+02,2.024000000000000000e+03,1.100000000000000000e+01,2.400000000000000000e+01,1.200000000000000000e+01,1.100000000000000000e+01,3.860928499999999985e+01
4.000657500631999852e+01,-8.303708970332000661e+01,-1.851099999999999968e+00,-9.600000000000000200e-02,6.278629064660000425e-03,2.408871442721180145e+00,-6.623305658734000845e-02,2.759281029999999801e-01,-4.567018840000000024e-01,1.835086917389999996e+02,2.024000000000000000e+03,1.100000000000000000e+01,2.400000000000000000e+01,1.200000000000000000e+01,1.100000000000000000e+01,3.866262199999999893e+01
4.000657449895999918e+01,-8.303708973112000535e+01,-1.887599999999999945e+00,-9.909999999999999365e-02,3.725315244723999969e-02,2.418578949767919983e+00,-1.898813030186199957e-01,2.774391909999999739e-01,-4.442340459999999935e-01,1.835073142239999981e+02,2.024000000000000000e+03,1.100000000000000000e+01,2.400000000000000000e+01,1.200000000000000000e+01,1.100000000000000000e+01,3.871650000000000347e+01
4.000657415533999739e+01,-8.303708974978999890e+01,-1.911200000000000010e+00,-9.929999999999999938e-02,-3.744379777828000383e-02,2.411902972048639793e+00,-1.698986346415199966e-01,2.792012320000000214e-01,-4.359742280000000192e-01,1.835060629900000038e+02,2.024000000000000000e+03,1.100000000000000000e+01,2.400000000000000000e+01,1.200000000000000000e+01,1.100000000000000000e+01,3.877040800000000331e+01
4.000657255598000006e+01,-8.303708983734999549e+01,-2.020199999999999996e+00,-1.045999999999999985e-01,-2.097794764606000090e-02,2.485239182506939759e+00,-1.063085022787199907e-01,2.673453769999999952e-01,-3.960332739999999907e-01,1.834967632770000137e+02,2.024000000000000000e+03,1.100000000000000000e+01,2.400000000000000000e+01,1.200000000000000000e+01,1.100000000000000000e+01,3.882387200000000149e+01
4.000657105741999686e+01,-8.303708993296000074e+01,-2.122399999999999842e+00,-1.152999999999999997e-01,1.285094624616200110e-01,2.572112680101080073e+00,1.121310972081199925e-01,2.706880099999999789e-01,-3.848640260000000257e-01,1.834933401700000104e+02,2.024000000000000000e+03,1.100000000000000000e+01,2.400000000000000000e+01,1.200000000000000000e+01,1.100000000000000000e+01,3.887703100000000234e+01
4.000657008470000164e+01,-8.303708999663000156e+01,-2.181500000000000217e+00,-1.150000000000000050e-01,-8.664662305732000191e-02,2.333911189807779785e+00,7.072463797658000428e-02,2.745688729999999911e-01,-3.881272769999999928e-01,1.834961504149999882e+02,2.024000000000000000e+03,1.100000000000000000e+01,2.400000000000000000e+01,1.200000000000000000e+01,1.100000000000000000e+01,3.893052800000000246e+01
4.000656908727999905e+01,-8.303709006171000340e+01,-2.233400000000000052e+00,-1.190999999999999975e-01,8.468976897176000440e-02,2.090415627356379868e+00,2.981455788814599828e-01,2.741118160000000081e-01,-3.877646419999999927e-01,1.834971932050000021e+02,2.024000000000000000e+03,1.100000000000000000e+01,2.400000000000000000e+01,1.200000000000000000e+01,1.100000000000000000e+01,3.898449200000000303e+01
4.000656785982999963e+01,-8.303709014272000388e+01,-2.294200000000000017e+00,-1.218000000000000055e-01,-5.953246758625999752e-02,2.014858966000399931e+00,3.301435916925000158e-01,2.734564999999999912e-01,-3.728553019999999996e-01,1.834951628029999995e+02,2.024000000000000000e+03,1.100000000000000000e+01,2.400000000000000000e+01,1.200000000000000000e+01,1.100000000000000000e+01,3.903924099999999697e+01
4.000656681112000257e+01,-8.303709021167999538e+01,-2.346799999999999997e+00,-1.257999999999999952e-01,8.470352037700000503e-02,3.141015426381899900e+00,9.003586880152000815e-02,2.719384149999999889e-01,-3.520687739999999732e-01,1.834937652540000101e+02,2.024000000000000000e+03,1.100000000000000000e+01,2.400000000000000000e+01,1.200000000000000000e+01,1.100000000000000000e+01,3.909346899999999891e+01
4.000656573860000265e+01,-8.303709028362999334e+01,-2.402899999999999814e+00,-1.305000000000000049e-01,1.120268268152000007e-01,2.242511533773839716e+00,-1.316415274023400028e-01,2.755944710000000075e-01,-3.361702069999999987e-01,1.834962521530000004e+02,2.024000000000000000e+03,1.100000000000000000e+01,2.400000000000000000e+01,1.200000000000000000e+01,1.100000000000000000e+01,3.914710600000000085e+01
4.000656464034999971e+01,-8.303709035798000571e+01,-2.460100000000000176e+00,-1.353000000000000036e-01,1.296030116217399830e-01,2.304139730156539834e+00,-2.239048163627600230e-01,2.823711529999999859e-01,-3.428027040000000136e-01,1.835033790770000053e+02,2.024000000000000000e+03,1.100000000000000000e+01,2.400000000000000000e+01,1.200000000000000000e+01,1.100000000000000000e+01,3.920016900000000248e+01
4.000656329013000345e+01,-8.303709044868000433e+01,-2.521300000000000097e+00,-1.360000000000000098e-01,-1.869314857762000015e-02,3.040679369143819866e+00,-1.242755036178599948e-01,2.810841649999999969e-01,-3.802071960000000250e-01,1.835130411170000002e+02,2.024000000000000000e+03,1.100000000000000000e+01,2.400000000000000000e+01,1.200000000000000000e+01,1.100000000000000000e+01,3.925440799999999797e+01
4.000656190992999939e+01,-8.303709054217000585e+01,-2.572999999999999954e+00,-1.383999999999999952e-01,-4.936712974671999404e-02,1.673529168014920021e+00,1.877991763002400116e-01,2.776262420000000231e-01,-4.301515879999999736e-01,1.835195378079999955e+02,2.024000000000000000e+03,1.100000000000000000e+01,2.400000000000000000e+01,1.200000000000000000e+01,1.100000000000000000e+01,3.930754600000000210e+01
4.000656074009999941e+01,-8.303709061998000607e+01,-2.611000000000000210e+00,-1.370000000000000107e-01,-1.826763255572800004e-01,1.600728599263619767e+00,2.892904517294400124e-01,2.770057380000000014e-01,-4.596408390000000233e-01,1.835251082610000140e+02,2.024000000000000000e+03,1.100000000000000000e+01,2.400000000000000000e+01,1.200000000000000000e+01,1.100000000000000000e+01,3.936138100000000151e+01
4.000655955202999792e+01,-8.303709069827000633e+01,-2.652499999999999858e+00,-1.381000000000000005e-01,-1.530974397136800058e-01,1.706538475574840064e+00,4.181014362172199572e-01,2.756238160000000215e-01,-4.865086699999999764e-01,1.835307440100000065e+02,2.024000000000000000e+03,1.100000000000000000e+01,2.400000000000000000e+01,1.200000000000000000e+01,1.100000000000000000e+01,3.941532699999999778e+01
4.000655810039999949e+01,-8.303709079088000067e+01,-2.705999999999999961e+00,-1.340000000000000080e-01,-3.116416434366799937e-01,1.800676488940959885e+00,2.599364636310400045e-01,2.590021800000000263e-01,-5.301617309999999694e-01,1.835350993140000071e+02,2.024000000000000000e+03,1.100000000000000000e+01,2.400000000000000000e+01,1.200000000000000000e+01,1.100000000000000000e+01,3.946917799999999943e+01
4.000655686811000322e+01,-8.303709087011999657e+01,-2.751700000000000035e+00,-1.438000000000000111e-01,1.551664595504000099e-01,1.835132185857400122e+00,-1.797879621238800130e-01,2.380646250000000019e-01,-5.784847760000000338e-01,1.835371092190000013e+02,2.024000000000000000e+03,1.100000000000000000e+01,2.400000000000000000e+01,1.200000000000000000e+01,1.100000000000000000e+01,3.952308800000000133e+01
4.000655536456000050e+01,-8.303709097239000414e+01,-2.799399999999999888e+00,-1.559000000000000108e-01,3.810828539773200019e-01,2.388392717882199978e+00,-4.301373021463200108e-01,2.401234590000000113e-01,-6.482365380000000288e-01,1.835421668879999970e+02,2.024000000000000000e+03,1.100000000000000000e+01,2.400000000000000000e+01,1.200000000000000000e+01,1.100000000000000000e+01,3.957682700000000153e+01
4.000655409441999666e+01,-8.303709106034999365e+01,-2.830700000000000216e+00,-1.537999999999999923e-01,-1.830286447154799989e-01,1.298481988528120024e+00,-3.424792333107199993e-01,2.448349350000000035e-01,-7.003909259999999692e-01,1.835479833139999926e+02,2.024000000000000000e+03,1.100000000000000000e+01,2.400000000000000000e+01,1.200000000000000000e+01,1.100000000000000000e+01,3.963141900000000106e+01
4.000655281022000054e+01,-8.303709114708000527e+01,-2.858699999999999797e+00,-1.539999999999999980e-01,1.119474925280000048e-03,1.133310801060040118e+00,-2.780454125027199686e-01,2.328266780000000091e-01,-7.326478899999999683e-01,1.835574699029999977e+02,2.024000000000000000e+03,1.100000000000000000e+01,2.400000000000000000e+01,1.200000000000000000e+01,1.100000000000000000e+01,3.968507000000000318e+01
4.000655255184000225e+01,-8.303709116483000230e+01,-2.865099999999999980e+00,-1.562999999999999945e-01,1.476893208577600147e-01,1.190213162746200037e+00,-2.102589713311799891e-01,2.291550729999999869e-01,-7.366661349999999997e-01,1.835598559530000102e+02,2.024000000000000000e+03,1.100000000000000000e+01,2.400000000000000000e+01,1.200000000000000000e+01,1.100000000000000000e+01,3.973890000000000100e+01
4.000655098957000178e+01,-8.303709127378000687e+01,-2.904500000000000082e+00,-1.638000000000000012e-01,9.846700619570000756e-02,6.529414691298800477e-01,9.391490826246000345e-02,2.282268779999999941e-01,-7.597978269999999812e-01,1.835761932439999953e+02,2.024000000000000000e+03,1.100000000000000000e+01,2.400000000000000000e+01,1.200000000000000000e+01,1.100000000000000000e+01,3.979276399999999825e+01
4.000654860408999980e+01,-8.303709143893999567e+01,-2.967200000000000060e+00,-1.587000000000000077e-01,-1.089153202056000053e-01,1.428549849489459955e+00,1.426338732907800055e-01,2.280960569999999910e-01,-7.832162679999999932e-01,1.836001240649999886e+02,2.024000000000000000e+03,1.100000000000000000e+01,2.400000000000000000e+01,1.200000000000000000e+01,1.100000000000000000e+01,3.984667199999999809e+01
4.000654779724000321e+01,-8.303709149649999688e+01,-2.987800000000000011e+00,-1.613999999999999879e-01,1.527788320497999904e-02,1.431029291386319846e+00,-3.136486691545999766e-02,2.209713550000000082e-01,-7.924061110000000241e-01,1.836057249689999935e+02,2.024000000000000000e+03,1.100000000000000000e+01,2.400000000000000000e+01,1.200000000000000000e+01,1.100000000000000000e+01,3.989961000000000269e+01
4.000654561366000195e+01,-8.303709165434999306e+01,-3.053300000000000125e+00,-1.675999999999999990e-01,7.176992134859999997e-03,1.561595864424939917e+00,-2.117703789557600080e-01,2.128632669999999949e-01,-8.308065999999999507e-01,1.836176500839999903e+02,2.024000000000000000e+03,1.100000000000000000e+01,2.400000000000000000e+01,1.200000000000000000e+01,1.100000000000000000e+01,3.995360399999999856e+01
4.000654394966999661e+01,-8.303709177458999591e+01,-3.087099999999999955e+00,-1.706000000000000016e-01,1.042651758013800056e-01,1.063687280194700158e+00,-1.317346719092799823e-01,2.025773100000000104e-01,-8.649108140000000278e-01,1.836291746029999956e+02,2.024000000000000000e+03,1.100000000000000000e+01,2.400000000000000000e+01,1.200000000000000000e+01,1.100000000000000000e+01,4.000877799999999951e+01
4.000654254897000328e+01,-8.303709187705000261e+01,-3.116099999999999870e+00,-1.743000000000000105e-01,1.003337892102999923e-01,1.145775411475399963e+00,1.704896643211999963e-01,1.990871349999999984e-01,-8.723989939999999832e-01,1.836387812140000051e+02,2.024000000000000000e+03,1.100000000000000000e+01,2.400000000000000000e+01,1.200000000000000000e+01,1.100000000000000000e+01,4.006256499999999932e+01
4.000654085048000042e+01,-8.303709200110999689e+01,-3.151600000000000179e+00,-1.756000000000000061e-01,-6.507081566960000278e-03,1.185427272897580098e+00,3.087245295264799960e-01,1.942090619999999879e-01,-8.742298429999999509e-01,1.836488751999999920e+02,2.024000000000000000e+03,1.100000000000000000e+01,2.400000000000000000e+01,1.200000000000000000e+01,1.100000000000000000e+01,4.011661099999999891e+01
4.000653942166000121e+01,-8.303709210530999485e+01,-3.178100000000000147e+00,-1.764999999999999902e-01,-2.131417155511999839e-02,1.101737163063480018e+00,-2.072378157873199789e-01,1.860371480000000133e-01,-8.579658570000000539e-01,1.836571402669999884e+02,2.024000000000000000e+03,1.100000000000000000e+01,2.400000000000000000e+01,1.200000000000000000e+01,1.100000000000000000e+01,4.017208300000000065e+01
4.000653797887999730e+01,-8.303709221191999745e+01,-3.212099999999999955e+00,-1.809999999999999942e-01,6.763923642784000489e-02,1.372534651831740060e+00,-2.404975013260399752e-01,1.804665129999999951e-01,-8.305934860000000475e-01,1.836656967309999970e+02,2.024000000000000000e+03,1.100000000000000000e+01,2.400000000000000000e+01,1.200000000000000000e+01,1.100000000000000000e+01,4.022510900000000333e+01
4.000653622662999709e+01,-8.303709234119999394e+01,-3.256400000000000183e+00,-1.834000000000000075e-01,4.300533583679999779e-03,1.503312899776179989e+00,-2.634616026751600004e-01,1.718789739999999899e-01,-8.048699999999999743e-01,1.836770613070000024e+02,2.024000000000000000e+03,1.100000000000000000e+01,2.400000000000000000e+01,1.200000000000000000e+01,1.100000000000000000e+01,4.027868899999999996e+01
4.000653474843999646e+01,-8.303709245314000498e+01,-3.291199999999999903e+00,-1.948999999999999899e-01,4.012805579352200502e-01,1.399899114279979928e+00,-2.307659493159799902e-01,1.706882730000000015e-01,-7.919371060000000018e-01,1.836852559659999997e+02,2.024000000000000000e+03,1.100000000000000000e+01,2.400000000000000000e+01,1.200000000000000000e+01,1.100000000000000000e+01,4.033264599999999689e+01
4.000653325689999917e+01,-8.303709257023000134e+01,-3.317400000000000126e+00,-2.013000000000000067e-01,1.941439555534600070e-01,1.080666964115200024e+00,8.534412926229999197e-02,1.919193020000000138e-01,-7.764609169999999727e-01,1.836963874820000058e+02,2.024000000000000000e+03,1.100000000000000000e+01,2.400000000000000000e+01,1.200000000000000000e+01,1.100000000000000000e+01,4.038618199999999803e+01
4.000653145028999802e+01,-8.303709271185999796e+01,-3.353400000000000158e+00,-1.983999999999999930e-01,-2.044849960630200081e-01,1.196894933421840168e+00,1.814775849477200109e-01,2.118264539999999974e-01,-7.323129309999999448e-01,1.837104763559999867e+02,2.024000000000000000e+03,1.100000000000000000e+01,2.400000000000000000e+01,1.200000000000000000e+01,1.100000000000000000e+01,4.043966400000000050e+01
4.000652992617000336e+01,-8.303709282965999705e+01,-3.397600000000000176e+00,-1.985000000000000098e-01,-2.130813078843400155e-01,2.560116048385480347e+00,-4.751997781040000028e-03,2.123202369999999950e-01,-6.995376340000000193e-01,1.837212227210000037e+02,2.024000000000000000e+03,1.100000000000000000e+01,2.400000000000000000e+01,1.200000000000000000e+01,1.100000000000000000e+01,4.049344500000000124e+01
4.000652838250999821e+01,-8.303709294668000496e+01,-3.443900000000000183e+00,-1.973999999999999921e-01,-1.656757617419399864e-01,1.821935121749560071e+00,6.561332447506000587e-02,2.054379679999999986e-01,-6.971137509999999482e-01,1.837299298519999979e+02,2.024000000000000000e+03,1.100000000000000000e+01,2.400000000000000000e+01,1.200000000000000000e+01,1.100000000000000000e+01,4.054815399999999670e+01
4.000652650703000290e+01,-8.303709308815000156e+01,-3.482299999999999951e+00,-1.985999999999999988e-01,-1.360968756342199881e-01,1.214808155333300110e+00,-4.862454308621999566e-02,2.022468169999999954e-01,-7.319158650000000543e-01,1.837383997190000002e+02,2.024000000000000000e+03,1.100000000000000000e+01,2.400000000000000000e+01,1.200000000000000000e+01,1.100000000000000000e+01,4.060239399999999677e+01
4.000652461384999725e+01,-8.303709323072000359e+01,-3.509500000000000064e+00,-1.993999999999999939e-01,-1.670839928907200123e-01,8.921356764143800744e-01,2.356854694094000224e-02,2.090925740000000033e-01,-7.562130350000000334e-01,1.837472195679999913e+02,2.024000000000000000e+03,1.100000000000000000e+01,2.400000000000000000e+01,1.200000000000000000e+01,1.100000000000000000e+01,4.065691000000000344e+01
4.000652366146999839e+01,-8.303709330096999963e+01,-3.526600000000000179e+00,-1.973000000000000032e-01,-2.255876498124199936e-01,1.074971193228860145e+00,-4.013103430558000173e-02,2.051700549999999901e-01,-7.610092139999999894e-01,1.837514770070000054e+02,2.024000000000000000e+03,1.100000000000000000e+01,2.400000000000000000e+01,1.200000000000000000e+01,1.100000000000000000e+01,4.071158499999999947e+01
4.000652334291999779e+01,-8.303709332430000245e+01,-3.532300000000000217e+00,-1.968000000000000027e-01,-1.862723060277799991e-01,1.087527556742339918e+00,-4.839394078478000127e-02,2.030595239999999913e-01,-7.628194430000000414e-01,1.837528384109999990e+02,2.024000000000000000e+03,1.100000000000000000e+01,2.400000000000000000e+01,1.200000000000000000e+01,1.100000000000000000e+01,4.076639000000000124e+01
4.000652302392000337e+01,-8.303709334748999993e+01,-3.537599999999999856e+00,-1.958000000000000018e-01,-2.024410649838000176e-01,1.057955851263000069e+00,3.037802831005999987e-02,1.996031849999999885e-01,-7.650512849999999698e-01,1.837535634930000015e+02,2.024000000000000000e+03,1.100000000000000000e+01,2.400000000000000000e+01,1.200000000000000000e+01,1.100000000000000000e+01,4.082105500000000120e+01
4.000652270453999648e+01,-8.303709337083999742e+01,-3.542199999999999793e+00,-1.963999999999999913e-01,-1.472503476233600062e-01,1.023226881393820120e+00,-8.209332216397999260e-02,1.932719559999999948e-01,-7.647427270000000110e-01,1.837545640540000136e+02,2.024000000000000000e+03,1.100000000000000000e+01,2.400000000000000000e+01,1.200000000000000000e+01,1.100000000000000000e+01,4.087555900000000264e+01
4.000652238467999666e+01,-8.303709339345999751e+01,-3.547099999999999920e+00,-1.927999999999999992e-01,-3.217803075200800222e-01,1.002101132761340052e+00,-1.547003041563599912e-01,1.865665410000000024e-01,-7.639391290000000501e-01,1.837554738320000070e+02,2.024000000000000000e+03,1.100000000000000000e+01,2.400000000000000000e+01,1.200000000000000000e+01,1.100000000000000000e+01,4.092932900000000274e+01
4.000652109994999961e+01,-8.303709348501000420e+01,-3.572200000000000042e+00,-1.942000000000000115e-01,-9.860750972459999403e-03,1.261444167594459875e+00,-1.714436848865800167e-01,1.582761530000000028e-01,-7.597967049999999611e-01,1.837589820089999932e+02,2.024000000000000000e+03,1.100000000000000000e+01,2.400000000000000000e+01,1.200000000000000000e+01,1.100000000000000000e+01,4.098333600000000132e+01
4.000651751382999777e+01,-8.303709375358999978e+01,-3.648000000000000131e+00,-2.084000000000000019e-01,1.428299213060399975e-01,1.359399975606480071e+00,1.868990423496600106e-01,1.201305579999999984e-01,-8.068675779999999742e-01,1.837741510980000044e+02,2.024000000000000000e+03,1.100000000000000000e+01,2.400000000000000000e+01,1.200000000000000000e+01,1.100000000000000000e+01,4.103805599999999743e+01
4.000651519675999879e+01,-8.303709393766999369e+01,-3.683899999999999952e+00,-2.180999999999999883e-01,1.308220048410800029e-01,1.013167512657340064e+00,1.951911647033000019e-01,1.307197149999999863e-01,-8.603334980000000298e-01,1.837861451649999935e+02,2.024000000000000000e+03,1.100000000000000000e+01,2.400000000000000000e+01,1.200000000000000000e+01,1.100000000000000000e+01,4.109200200000000081e+01
4.000651015735000016e+01,-8.303709434552999369e+01,-3.768899999999999917e+00,-2.340000000000000135e-01,2.699885193391600158e-01,1.425170868606139951e+00,1.238960847663999991e-02,1.321176809999999868e-01,-9.543297160000000501e-01,1.838173826759999940e+02,2.024000000000000000e+03,1.100000000000000000e+01,2.400000000000000000e+01,1.200000000000000000e+01,1.100000000000000000e+01,4.114739200000000352e+01
4.000650707428000175e+01,-8.303709460179000246e+01,-3.815700000000000092e+00,-2.376999999999999946e-01,1.740867200449600083e-01,8.913552858518000166e-01,-1.085670294788200069e-01,1.549132360000000097e-01,-1.069845729999999939e+00,1.838184872820000066e+02,2.024000000000000000e+03,1.100000000000000000e+01,2.400000000000000000e+01,1.200000000000000000e+01,1.100000000000000000e+01,4.120200200000000024e+01
4.000650500409999921e+01,-8.303709477460999722e+01,-3.830200000000000049e+00,-2.343000000000000083e-01,-2.538320734052600391e-01,5.006599188645599607e-01,-2.911787078271799722e-01,1.776703279999999885e-01,-1.113464859999999890e+00,1.838138059810000016e+02,2.024000000000000000e+03,1.100000000000000000e+01,2.400000000000000000e+01,1.200000000000000000e+01,1.100000000000000000e+01,4.125580000000000069e+01
4.000650292350000115e+01,-8.303709494215000575e+01,-3.856199999999999850e+00,-2.255999999999999950e-01,-3.641881906827599824e-01,9.662861536158600106e-01,-2.516110127891000303e-01,1.756210629999999939e-01,-1.107429318999999968e+00,1.838098563499999898e+02,2.024000000000000000e+03,1.100000000000000000e+01,2.400000000000000000e+01,1.200000000000000000e+01,1.100000000000000000e+01,4.131066500000000019e+01
4.000650082618000170e+01,-8.303709510407999517e+01,-3.888399999999999856e+00,-2.192000000000000060e-01,-4.531102495755200410e-01,1.104515092257819964e+00,-1.360259708454200078e-01,1.516592449999999981e-01,-1.106944748999999950e+00,1.838063980519999916e+02,2.024000000000000000e+03,1.100000000000000000e+01,2.400000000000000000e+01,1.200000000000000000e+01,1.100000000000000000e+01,4.136689200000000000e+01
4.000649906780000009e+01,-8.303709523681999372e+01,-3.903999999999999915e+00,-2.187999999999999945e-01,4.004525258782000441e-02,2.650176114631200286e-01,-2.785711807621999922e-02,1.302038169999999995e-01,-1.100211867999999926e+00,1.838016698259999941e+02,2.024000000000000000e+03,1.100000000000000000e+01,2.400000000000000000e+01,1.200000000000000000e+01,1.100000000000000000e+01,4.142223500000000058e+01
4.000649695007000162e+01,-8.303709539657999983e+01,-3.918400000000000105e+00,-2.169999999999999984e-01,-1.338836099656200151e-01,4.677220963385400054e-01,2.093298221465600129e-01,1.147482900000000028e-01,-1.056075558000000081e+00,1.837967645950000133e+02,2.024000000000000000e+03,1.100000000000000000e+01,2.400000000000000000e+01,1.200000000000000000e+01,1.100000000000000000e+01,4.147717899999999958e+01
4.000649517744000150e+01,-8.303709552910000014e+01,-3.937699999999999978e+00,-2.195999999999999897e-01,7.542842326446000389e-02,7.125028043197400018e-01,2.278963096292799806e-01,9.463602599999999809e-02,-9.975631280000000212e-01,1.837932411639999941e+02,2.024000000000000000e+03,1.100000000000000000e+01,2.400000000000000000e+01,1.200000000000000000e+01,1.100000000000000000e+01,4.153266099999999739e+01
4.000649303648000199e+01,-8.303709569087000375e+01,-3.968999999999999861e+00,-2.260000000000000064e-01,2.190608523027400278e-01,9.805657212577599813e-01,1.157953873100199954e-01,7.882611600000000163e-02,-9.396666620000000414e-01,1.837850090160000036e+02,2.024000000000000000e+03,1.100000000000000000e+01,2.400000000000000000e+01,1.200000000000000000e+01,1.100000000000000000e+01,4.158787900000000093e+01
4.000649124017999725e+01,-8.303709582966000369e+01,-3.994000000000000217e+00,-2.341999999999999915e-01,3.365835253522599935e-01,1.002650197515019936e+00,1.015292715980000010e-01,7.587354899999999847e-02,-9.145465219999999729e-01,1.837700493559999870e+02,2.024000000000000000e+03,1.100000000000000000e+01,2.400000000000000000e+01,1.200000000000000000e+01,1.100000000000000000e+01,4.164193800000000323e+01
4.000648943376999966e+01,-8.303709597607999626e+01,-4.014199999999999768e+00,-2.477999999999999925e-01,4.468181774878000057e-01,9.020555819786200136e-01,1.801402721606200075e-01,1.009409309999999976e-01,-9.100445679999999982e-01,1.837444728870000006e+02,2.024000000000000000e+03,1.100000000000000000e+01,2.400000000000000000e+01,1.200000000000000000e+01,1.100000000000000000e+01,4.169581600000000066e+01
4.000648907152999811e+01,-8.303709600562000048e+01,-4.019999999999999574e+00,-2.497000000000000053e-01,1.903587556887600118e-01,4.950122688189000364e-01,1.089617099386000071e-01,1.058291150000000014e-01,-9.097119449999999663e-01,1.837388828949999890e+02,2.024000000000000000e+03,1.100000000000000000e+01,2.400000000000000000e+01,1.200000000000000000e+01,1.100000000000000000e+01,4.175160600000000244e+01
4.000648616328999907e+01,-8.303709624102999953e+01,-4.035000000000000142e+00,-2.381999999999999951e-01,-4.209207167600000354e-01,1.896714199021999891e-01,-2.906940383318999954e-01,1.538899230000000118e-01,-9.204883790000000232e-01,1.836816141250000101e+02,2.024000000000000000e+03,1.100000000000000000e+01,2.400000000000000000e+01,1.200000000000000000e+01,1.100000000000000000e+01,4.180665700000000129e+01
4.000648360988000007e+01,-8.303709643928000617e+01,-4.046599999999999753e+00,-2.240000000000000047e-01,-3.563851486703399907e-01,2.117857474484599878e-01,-1.423761524220999997e-01,1.557725490000000101e-01,-8.986950350000000309e-01,1.836223767019999968e+02,2.024000000000000000e+03,1.100000000000000000e+01,2.400000000000000000e+01,1.200000000000000000e+01,1.100000000000000000e+01,4.186077199999999721e+01
4.000648178128999888e+01,-8.303709657742000161e+01,-4.058099999999999596e+00,-2.192999999999999949e-01,-1.881358885389600166e-01,3.511345778225800074e-01,-1.461974810333800112e-01,1.570613710000000052e-01,-8.732746289999999689e-01,1.835741175329999919e+02,2.024000000000000000e+03,1.100000000000000000e+01,2.400000000000000000e+01,1.200000000000000000e+01,1.100000000000000000e+01,4.191651900000000097e+01
4.000647921456000233e+01,-8.303709676667999418e+01,-4.069200000000000372e+00,-2.119999999999999940e-01,-3.083747308318199876e-01,2.449884729486799806e-01,-2.538002989682000207e-02,1.753528069999999994e-01,-8.342743419999999466e-01,1.835043056860000092e+02,2.024000000000000000e+03,1.100000000000000000e+01,2.400000000000000000e+01,1.200000000000000000e+01,1.100000000000000000e+01,4.197076299999999804e+01
4.000647737469000020e+01,-8.303709689442999320e+01,-4.089000000000000412e+00,-1.952000000000000124e-01,-7.973769857164599850e-01,7.519532822464599642e-01,1.540763371687000061e-01,1.697673600000000060e-01,-8.020859580000000433e-01,1.834592684289999909e+02,2.024000000000000000e+03,1.100000000000000000e+01,2.400000000000000000e+01,1.200000000000000000e+01,1.100000000000000000e+01,4.202561500000000194e+01
4.000647515067999649e+01,-8.303709704042999817e+01,-4.124399999999999622e+00,-1.902000000000000079e-01,-3.108870438497000066e-01,9.766544336855599306e-01,1.832010476576600155e-01,1.328565140000000089e-01,-8.209009189999999512e-01,1.834097541460000116e+02,2.024000000000000000e+03,1.100000000000000000e+01,2.400000000000000000e+01,1.200000000000000000e+01,1.100000000000000000e+01,4.208048500000000303e+01
4.000647328336000186e+01,-8.303709716202999402e+01,-4.150100000000000122e+00,-1.955000000000000071e-01,1.330744284965600099e-01,1.216840604651719948e+00,5.201822153403999893e-01,1.066078450000000066e-01,-8.900239899999999871e-01,1.833689927920000002e+02,2.024000000000000000e+03,1.100000000000000000e+01,2.400000000000000000e+01,1.200000000000000000e+01,1.100000000000000000e+01,4.213481099999999913e+01
4.000647103317999864e+01,-8.303709731570999963e+01,-4.163299999999999557e+00,-2.126000000000000112e-01,3.895796264035800149e-01,3.319017391490400315e-01,2.497563496187199805e-01,1.247183500000000056e-01,-9.996815209999999619e-01,1.833206584840000062e+02,2.024000000000000000e+03,1.100000000000000000e+01,2.400000000000000000e+01,1.200000000000000000e+01,1.100000000000000000e+01,4.218988099999999974e+01
4.000646915600999876e+01,-8.303709744460999786e+01,-4.162700000000000067e+00,-2.058000000000000107e-01,-5.861809580498000133e-02,-2.435160375776000002e-02,4.150287373807999558e-02,1.418605340000000103e-01,-1.070644039999999908e+00,1.832809801760000141e+02,2.024000000000000000e+03,1.100000000000000000e+01,2.400000000000000000e+01,1.200000000000000000e+01,1.100000000000000000e+01,4.224528800000000217e+01
4.000646727824000237e+01,-8.303709757299999694e+01,-4.165799999999999947e+00,-2.096999999999999975e-01,4.386364258530199844e-01,2.489133582013000057e-01,3.538230046106199955e-01,1.363794200000000012e-01,-1.117883176999999950e+00,1.832373741229999951e+02,2.024000000000000000e+03,1.100000000000000000e+01,2.400000000000000000e+01,1.200000000000000000e+01,1.100000000000000000e+01,4.230007799999999918e+01
4.000646502514999980e+01,-8.303709772997000016e+01,-4.163599999999999746e+00,-2.132999999999999896e-01,1.082722260507600065e-01,-5.872323869030000171e-02,4.497675405616000099e-02,1.538854420000000112e-01,-1.155375424999999900e+00,1.831819852470000001e+02,2.024000000000000000e+03,1.100000000000000000e+01,2.400000000000000000e+01,1.200000000000000000e+01,1.100000000000000000e+01,4.235520000000000351e+01
4.000646276962999792e+01,-8.303709788285000570e+01,-4.170399999999999885e+00,-1.998000000000000054e-01,-4.098113341315000047e-01,9.221743993625999836e-02,-2.321702726221399893e-01,1.667348130000000095e-01,-1.163015589000000016e+00,1.831271012980000137e+02,2.024000000000000000e+03,1.100000000000000000e+01,2.400000000000000000e+01,1.200000000000000000e+01,1.100000000000000000e+01,4.241042999999999807e+01
4.000646088924000310e+01,-8.303709800219000670e+01,-4.170799999999999841e+00,-1.862000000000000044e-01,-4.146627925335999443e-01,6.571169854868000315e-02,-2.133116949123600170e-01,1.580954139999999897e-01,-1.145403050999999950e+00,1.830882360550000101e+02,2.024000000000000000e+03,1.100000000000000000e+01,2.400000000000000000e+01,1.200000000000000000e+01,1.100000000000000000e+01,4.246540300000000201e+01
4.000645862699000332e+01,-8.303709813221999525e+01,-4.188399999999999679e+00,-1.600000000000000033e-01,-9.644313624061601198e-01,4.738293103926999872e-01,-1.833049227213800203e-01,1.290449929999999967e-01,-1.123978158999999977e+00,1.830470270430000141e+02,2.024000000000000000e+03,1.100000000000000000e+01,2.400000000000000000e+01,1.200000000000000000e+01,1.100000000000000000e+01,4.252220799999999912e+01
4.000645636062999699e+01,-8.303709825372000353e+01,-4.192599999999999660e+00,-1.607000000000000095e-01,-1.446819861151800168e-01,1.912203657674799995e-01,1.680971022897400080e-01,8.402770599999999368e-02,-1.101267541999999988e+00,1.829975436590000015e+02,2.024000000000000000e+03,1.100000000000000000e+01,2.400000000000000000e+01,1.200000000000000000e+01,1.100000000000000000e+01,4.257795399999999830e+01
4.000645446539999739e+01,-8.303709835973999986e+01,-4.212299999999999933e+00,-1.715000000000000135e-01,1.540757565236000048e-01,7.173125437559599860e-01,-6.795184483543999232e-02,7.245147899999999919e-02,-1.089556768000000009e+00,1.829511528259999977e+02,2.024000000000000000e+03,1.100000000000000000e+01,2.400000000000000000e+01,1.200000000000000000e+01,1.100000000000000000e+01,4.263322500000000304e+01
4.000645218729999897e+01,-8.303709849310000379e+01,-4.210200000000000387e+00,-1.797999999999999876e-01,3.822387597669999609e-02,-8.852110976150000254e-02,-3.605866915952000151e-01,8.604169300000000242e-02,-1.081720379000000065e+00,1.828974636670000109e+02,2.024000000000000000e+03,1.100000000000000000e+01,2.400000000000000000e+01,1.200000000000000000e+01,1.100000000000000000e+01,4.268792400000000242e+01
4.000645180776999865e+01,-8.303709851566000566e+01,-4.209399999999999586e+00,-1.814000000000000057e-01,6.946654419332000396e-02,-1.152126101732200009e-01,-2.201473139426599890e-01,8.737253200000000275e-02,-1.071112204000000068e+00,1.828886784359999922e+02,2.024000000000000000e+03,1.100000000000000000e+01,2.400000000000000000e+01,1.200000000000000000e+01,1.100000000000000000e+01,4.274387500000000273e+01
4.000645104915999895e+01,-8.303709856161999880e+01,-4.206299999999999706e+00,-1.857000000000000040e-01,2.819540763804599948e-01,-1.715217527091199845e-01,-5.478683588940799210e-01,8.825856899999999505e-02,-1.051010057999999914e+00,1.828725763109999889e+02,2.024000000000000000e+03,1.100000000000000000e+01,2.400000000000000000e+01,1.200000000000000000e+01,1.100000000000000000e+01,4.279875299999999783e+01
4.000644801680999763e+01,-8.303709874887999831e+01,-4.205000000000000071e+00,-1.952000000000000124e-01,1.373708237553599998e-01,8.330828556409999863e-02,-2.577016170739799827e-01,1.269082830000000106e-01,-9.201925480000000546e-01,1.828062704390000022e+02,2.024000000000000000e+03,1.100000000000000000e+01,2.400000000000000000e+01,1.200000000000000000e+01,1.100000000000000000e+01,4.285388900000000234e+01
4.000644649728999980e+01,-8.303709884254000428e+01,-4.217800000000000438e+00,-1.862999999999999934e-01,-3.378920901572600166e-01,4.570862332556599461e-01,-5.048637128030000060e-02,1.472583199999999981e-01,-8.470049619999999724e-01,1.827708211560000109e+02,2.024000000000000000e+03,1.100000000000000000e+01,2.400000000000000000e+01,1.200000000000000000e+01,1.100000000000000000e+01,4.290747499999999803e+01
4.000644344471000124e+01,-8.303709902727000269e+01,-4.241399999999999615e+00,-1.844000000000000083e-01,-2.291657748512799797e-01,4.075578049893799903e-01,2.658455950353600383e-01,1.956572269999999891e-01,-7.421995980000000159e-01,1.826965441049999868e+02,2.024000000000000000e+03,1.100000000000000000e+01,2.400000000000000000e+01,1.200000000000000000e+01,1.100000000000000000e+01,4.296493699999999905e+01
4.000643960603999716e+01,-8.303709923433000029e+01,-4.276900000000000368e+00,-1.549000000000000099e-01,-5.498236218492399408e-01,8.091739530202800568e-01,2.511375402846600102e-01,2.113866640000000019e-01,-6.576874529999999774e-01,1.826175046799999961e+02,2.024000000000000000e+03,1.100000000000000000e+01,2.400000000000000000e+01,1.200000000000000000e+01,1.100000000000000000e+01,4.302028200000000169e+01
4.000643767252000060e+01,-8.303709932726999909e+01,-4.301800000000000068e+00,-1.482999999999999874e-01,-2.710880092147600062e-01,1.023470505587759982e+00,5.410634604362999367e-01,1.935338610000000015e-01,-6.569434219999999991e-01,1.825843530779999924e+02,2.024000000000000000e+03,1.100000000000000000e+01,2.400000000000000000e+01,1.200000000000000000e+01,1.100000000000000000e+01,4.307623199999999741e+01
4.000643534153000047e+01,-8.303709943506000002e+01,-4.313100000000000378e+00,-1.391000000000000014e-01,-5.650383036474400100e-01,3.746373888870599966e-01,9.049278928612000672e-02,1.696361969999999886e-01,-6.975805370000000005e-01,1.825432465549999961e+02,2.024000000000000000e+03,1.100000000000000000e+01,2.400000000000000000e+01,1.200000000000000000e+01,1.100000000000000000e+01,4.313093599999999839e+01
4.000643300680999914e+01,-8.303709953377000375e+01,-4.318900000000000183e+00,-1.317000000000000115e-01,-7.092632060288001083e-02,1.525441433343800168e-01,4.414001104664999620e-01,1.328949480000000127e-01,-7.278009420000000063e-01,1.825028089349999902e+02,2.024000000000000000e+03,1.100000000000000000e+01,2.400000000000000000e+01,1.200000000000000000e+01,1.100000000000000000e+01,4.318672099999999858e+01
4.000643105718000214e+01,-8.303709961856000632e+01,-4.328800000000000203e+00,-1.443000000000000116e-01,9.197554431803000030e-01,5.218495907336599959e-01,-4.438143328248599362e-01,1.047866290000000061e-01,-7.448551159999999838e-01,1.824626537400000075e+02,2.024000000000000000e+03,1.100000000000000000e+01,2.400000000000000000e+01,1.200000000000000000e+01,1.100000000000000000e+01,4.324170500000000317e+01
4.000642910250999762e+01,-8.303709971106999888e+01,-4.346300000000000274e+00,-1.572000000000000064e-01,6.725131678542799474e-01,1.190071484502740029e+00,-3.563328739301400150e-01,1.091304689999999938e-01,-7.653665099999999999e-01,1.824179405280000026e+02,2.024000000000000000e+03,1.100000000000000000e+01,2.400000000000000000e+01,1.200000000000000000e+01,1.100000000000000000e+01,4.329555599999999771e+01
4.000642674501000329e+01,-8.303709983118000082e+01,-4.367700000000000138e+00,-1.713999999999999968e-01,4.618360412330199671e-01,7.694860326150400054e-01,-2.915543156893000143e-01,1.354422600000000088e-01,-8.306164710000000229e-01,1.823603750380000008e+02,2.024000000000000000e+03,1.100000000000000000e+01,2.400000000000000000e+01,1.200000000000000000e+01,1.100000000000000000e+01,4.334993899999999911e+01
4.000642477512000283e+01,-8.303709993798000255e+01,-4.371699999999999697e+00,-1.778000000000000136e-01,7.344981095722000197e-02,4.802307709853999990e-02,1.259552933252399975e-01,1.890490220000000110e-01,-9.029161930000000336e-01,1.823186483560000113e+02,2.024000000000000000e+03,1.100000000000000000e+01,2.400000000000000000e+01,1.200000000000000000e+01,1.100000000000000000e+01,4.340546400000000204e+01
4.000642280496000325e+01,-8.303710004075000484e+01,-4.370899999999999785e+00,-1.633999999999999897e-01,-2.281236052882600063e-01,1.381293123919999930e-03,-1.384443156219999915e-02,2.336509959999999997e-01,-9.474191939999999645e-01,1.822859277169999928e+02,2.024000000000000000e+03,1.100000000000000000e+01,2.400000000000000000e+01,1.200000000000000000e+01,1.100000000000000000e+01,4.346081399999999917e+01
4.000642043762000100e+01,-8.303710015622999663e+01,-4.381800000000000139e+00,-1.506000000000000116e-01,-4.728851150385999791e-01,3.189229409156600359e-01,1.620819689962000043e-01,2.603040110000000018e-01,-9.842168559999999733e-01,1.822489392139999893e+02,2.024000000000000000e+03,1.100000000000000000e+01,2.400000000000000000e+01,1.200000000000000000e+01,1.100000000000000000e+01,4.351624199999999831e+01
4.000641806720999938e+01,-8.303710026430999847e+01,-4.388300000000000090e+00,-1.469999999999999918e-01,1.512035152440000148e-02,3.544733200365999815e-01,1.517366089839000121e-01,2.791695350000000242e-01,-1.012359661999999938e+00,1.822081266090000042e+02,2.024000000000000000e+03,1.100000000000000000e+01,2.400000000000000000e+01,1.200000000000000000e+01,1.100000000000000000e+01,4.357226299999999952e+01
4.000641569537000208e+01,-8.303710036923999382e+01,-4.383799999999999919e+00,-1.388000000000000067e-01,-1.210296594702199996e-01,-5.661536670428000267e-02,8.387730584312000359e-02,3.119848650000000001e-01,-1.031830137999999897e+00,1.821637786050000045e+02,2.024000000000000000e+03,1.100000000000000000e+01,2.400000000000000000e+01,1.200000000000000000e+01,1.100000000000000000e+01,4.362979899999999844e+01
4.000641332880000078e+01,-8.303710046481999996e+01,-4.369500000000000384e+00,-1.199999999999999956e-01,-6.292465791427799271e-01,-4.591935555349199727e-01,-3.932302947078000072e-02,3.072056240000000105e-01,-9.971846659999999973e-01,1.821191961389999960e+02,2.024000000000000000e+03,1.100000000000000000e+01,2.400000000000000000e+01,1.200000000000000000e+01,1.100000000000000000e+01,4.368681300000000078e+01
4.000641293481000105e+01,-8.303710047932999316e+01,-4.369200000000000195e+00,-1.161999999999999977e-01,-6.742841590304000654e-01,-4.855152452281400466e-01,1.006336297777599975e-01,2.974442970000000241e-01,-9.821744500000000322e-01,1.821121699279999859e+02,2.024000000000000000e+03,1.100000000000000000e+01,2.400000000000000000e+01,1.200000000000000000e+01,1.100000000000000000e+01,4.374122299999999797e+01
4.000641017278999811e+01,-8.303710057921999521e+01,-4.385600000000000165e+00,-1.142999999999999988e-01,-1.093256976095999949e-02,2.801549867907600078e-01,-2.135946061100000171e-03,2.541262180000000148e-01,-8.959770660000000442e-01,1.820686408679999886e+02,2.024000000000000000e+03,1.100000000000000000e+01,2.400000000000000000e+01,1.200000000000000000e+01,1.100000000000000000e+01,4.379762900000000059e+01
4.000640700587999987e+01,-8.303710070353000106e+01,-4.402199999999999669e+00,-1.328000000000000014e-01,3.430721615975800276e-01,3.466969344355200211e-01,-1.396146799157799989e-01,2.689378250000000192e-01,-8.373948150000000146e-01,1.820297027249999928e+02,2.024000000000000000e+03,1.100000000000000000e+01,2.400000000000000000e+01,1.200000000000000000e+01,1.100000000000000000e+01,4.385409200000000141e+01
4.000640581692000097e+01,-8.303710075322000250e+01,-4.406399999999999650e+00,-1.368000000000000049e-01,2.894022788337800023e-01,3.660177500397399641e-01,-5.091147268108400237e-01,2.915605700000000189e-01,-8.241125889999999510e-01,1.820144910809999885e+02,2.024000000000000000e+03,1.100000000000000000e+01,2.400000000000000000e+01,1.200000000000000000e+01,1.100000000000000000e+01,4.390874900000000025e+01
4.000640264050999662e+01,-8.303710088942999334e+01,-4.419500000000000206e+00,-1.400000000000000133e-01,8.000864132910000259e-02,3.531904692589600270e-01,-4.807323491222000311e-01,3.366494070000000116e-01,-7.772572349999999908e-01,1.819665101349999929e+02,2.024000000000000000e+03,1.100000000000000000e+01,2.400000000000000000e+01,1.200000000000000000e+01,1.100000000000000000e+01,4.396376800000000173e+01
4.000640025215000151e+01,-8.303710099632000663e+01,-4.429199999999999804e+00,-1.479999999999999927e-01,1.608992231010400176e-01,3.912597452525800046e-01,-1.484932355574800078e-01,3.839188020000000034e-01,-7.456058960000000457e-01,1.819275361589999989e+02,2.024000000000000000e+03,1.100000000000000000e+01,2.400000000000000000e+01,1.200000000000000000e+01,1.100000000000000000e+01,4.401967599999999692e+01
4.000639825860999821e+01,-8.303710108715999638e+01,-4.434099999999999930e+00,-1.454999999999999905e-01,-2.150736283495000012e-01,2.364099067727199743e-01,-4.866624065239999984e-03,4.386775490000000000e-01,-7.200639349999999883e-01,1.818977345680000042e+02,2.024000000000000000e+03,1.100000000000000000e+01,2.400000000000000000e+01,1.200000000000000000e+01,1.100000000000000000e+01,4.407524200000000292e+01
4.000639586122999702e+01,-8.303710118722999312e+01,-4.445199999999999818e+00,-1.260000000000000009e-01,-7.389702548613800159e-01,3.115360947926800184e-01,4.247608701179400037e-01,4.819377420000000023e-01,-6.975505069999999863e-01,1.818646925689999989e+02,2.024000000000000000e+03,1.100000000000000000e+01,2.400000000000000000e+01,1.200000000000000000e+01,1.100000000000000000e+01,4.413060099999999863e+01
4.000639345338999675e+01,-8.303710128058999373e+01,-4.467100000000000293e+00,-1.184999999999999942e-01,-2.411865564036000109e-01,2.574955313359599818e-01,5.722987384414000150e-02,4.998981829999999960e-01,-7.104679670000000336e-01,1.818311546909999947e+02,2.024000000000000000e+03,1.100000000000000000e+01,2.400000000000000000e+01,1.200000000000000000e+01,1.100000000000000000e+01,4.418689899999999682e+01
4.000639143792999874e+01,-8.303710135407000337e+01,-4.488400000000000389e+00,-1.184999999999999942e-01,-1.264042426608000085e-02,1.161462802164999975e+00,6.776241687529999114e-01,5.038729130000000334e-01,-7.518476570000000025e-01,1.818044158449999941e+02,2.024000000000000000e+03,1.100000000000000000e+01,2.400000000000000000e+01,1.200000000000000000e+01,1.100000000000000000e+01,4.424402099999999649e+01
4.000638901087999955e+01,-8.303710143857999526e+01,-4.501299999999999635e+00,-1.103999999999999981e-01,-2.922090383795800106e-01,4.659367031545000315e-01,6.572628557140400840e-01,5.139124569999999892e-01,-8.352697810000000445e-01,1.817822541010000066e+02,2.024000000000000000e+03,1.100000000000000000e+01,2.400000000000000000e+01,1.200000000000000000e+01,1.100000000000000000e+01,4.430208400000000069e+01
4.000638658087999744e+01,-8.303710151664000705e+01,-4.501500000000000057e+00,-1.029000000000000054e-01,-1.008247803615399951e-01,1.135379962249200014e-01,2.421836174569800271e-01,5.010240900000000330e-01,-9.184924220000000306e-01,1.817754729309999959e+02,2.024000000000000000e+03,1.100000000000000000e+01,2.400000000000000000e+01,1.200000000000000000e+01,1.100000000000000000e+01,4.435797900000000027e+01
4.000638455586999953e+01,-8.303710158302999389e+01,-4.501900000000000013e+00,-1.136000000000000065e-01,5.145664919517799474e-01,1.644902733861400013e-01,2.039380290393600081e-01,4.903896979999999850e-01,-9.775885180000000174e-01,1.817734741749999898e+02,2.024000000000000000e+03,1.100000000000000000e+01,2.400000000000000000e+01,1.200000000000000000e+01,1.100000000000000000e+01,4.441252699999999720e+01
4.000638212538999738e+01,-8.303710166813000626e+01,-4.496500000000000163e+00,-1.190999999999999975e-01,4.540035462938799560e-01,-4.214224279750000135e-01,7.054418954579999568e-02,4.930003410000000086e-01,-1.054215686999999901e+00,1.817738834460000135e+02,2.024000000000000000e+03,1.100000000000000000e+01,2.400000000000000000e+01,1.200000000000000000e+01,1.100000000000000000e+01,4.446970499999999760e+01
4.000637969934999916e+01,-8.303710175930000048e+01,-4.488100000000000200e+00,-1.303999999999999881e-01,2.867600702946400126e-01,-1.425692008254199894e-01,-2.494111113541200020e-01,5.082974359999999914e-01,-1.094220914000000100e+00,1.817752119319999906e+02,2.024000000000000000e+03,1.100000000000000000e+01,2.400000000000000000e+01,1.200000000000000000e+01,1.100000000000000000e+01,4.452610700000000321e+01
4.000637768423000296e+01,-8.303710183601999972e+01,-4.467299999999999827e+00,-1.247000000000000053e-01,-9.975823274004000374e-02,-8.084571985892999857e-01,-4.637102992554599790e-01,5.203569869999999931e-01,-1.094816479999999981e+00,1.817775836490000074e+02,2.024000000000000000e+03,1.100000000000000000e+01,2.400000000000000000e+01,1.200000000000000000e+01,1.100000000000000000e+01,4.458431600000000117e+01
4.000637527730000187e+01,-8.303710193102000403e+01,-4.447199999999999598e+00,-1.310000000000000053e-01,1.476528851086199856e-01,-6.022350330091399417e-01,-5.602489028306200103e-01,5.370336319999999830e-01,-1.025057859999999987e+00,1.817767789030000074e+02,2.024000000000000000e+03,1.100000000000000000e+01,2.400000000000000000e+01,1.200000000000000000e+01,1.100000000000000000e+01,4.463767200000000201e+01
4.000637327684000155e+01,-8.303710201264999569e+01,-4.440299999999999692e+00,-1.353999999999999926e-01,6.912401937838000276e-02,-1.672120653545799973e-01,-1.341266053798799984e-01,5.635844309999999968e-01,-9.392489760000000132e-01,1.817764424019999865e+02,2.024000000000000000e+03,1.100000000000000000e+01,2.400000000000000000e+01,1.200000000000000000e+01,1.100000000000000000e+01,4.469258500000000112e+01
4.000637287701999867e+01,-8.303710202896000681e+01,-4.439799999999999969e+00,-1.345000000000000084e-01,6.180127703017999907e-02,-2.521351392937599689e-01,-2.554654016366200153e-01,5.696152580000000132e-01,-9.217129590000000539e-01,1.817771657849999940e+02,2.024000000000000000e+03,1.100000000000000000e+01,2.400000000000000000e+01,1.200000000000000000e+01,1.100000000000000000e+01,4.474890800000000013e+01
4.000637008038999909e+01,-8.303710214327999495e+01,-4.436399999999999899e+00,-1.302999999999999992e-01,-2.910502904194799956e-01,-1.661840927758400088e-01,-3.497179849704999954e-01,6.150201090000000370e-01,-7.909124749999999482e-01,1.817880692550000106e+02,2.024000000000000000e+03,1.100000000000000000e+01,2.400000000000000000e+01,1.200000000000000000e+01,1.100000000000000000e+01,4.480416300000000263e+01
4.000636688481999670e+01,-8.303710226997000632e+01,-4.433200000000000252e+00,-1.308999999999999886e-01,2.166482537836399991e-01,-4.820942950847999925e-02,-2.132869155107999792e-02,6.400589810000000268e-01,-6.333096550000000269e-01,1.818061860969999941e+02,2.024000000000000000e+03,1.100000000000000000e+01,2.400000000000000000e+01,1.200000000000000000e+01,1.100000000000000000e+01,4.486037600000000225e+01
4.000636568464999954e+01,-8.303710231994000424e+01,-4.437700000000000422e+00,-1.348999999999999921e-01,2.707650439342000337e-01,2.125178858878799815e-01,7.397143982397999529e-02,6.603571510000000311e-01,-5.775308479999999856e-01,1.818121463269999936e+02,2.024000000000000000e+03,1.100000000000000000e+01,2.400000000000000000e+01,1.200000000000000000e+01,1.100000000000000000e+01,4.491922199999999776e+01
4.000636287937000191e+01,-8.303710243694999349e+01,-4.451100000000000279e+00,-1.322000000000000119e-01,-1.254176763732199884e-01,3.445042970031799712e-01,3.173418735098400001e-01,7.024214779999999880e-01,-4.802313380000000076e-01,1.818249812210000016e+02,2.024000000000000000e+03,1.100000000000000000e+01,2.400000000000000000e+01,1.200000000000000000e+01,1.100000000000000000e+01,4.497435300000000069e+01
4.000635966392000142e+01,-8.303710256921999644e+01,-4.459500000000000242e+00,-1.293999999999999873e-01,-1.814880672045000032e-01,-5.195298693200000109e-04,-1.581236473256000113e-02,7.220430989999999660e-01,-4.272557610000000117e-01,1.818330514879999953e+02,2.024000000000000000e+03,1.100000000000000000e+01,2.400000000000000000e+01,1.200000000000000000e+01,1.100000000000000000e+01,4.502895600000000087e+01
4.000635765121000276e+01,-8.303710264933999952e+01,-4.468300000000000161e+00,-1.280000000000000027e-01,-1.171062930525999975e-02,2.999176225554800457e-01,3.089743911435400281e-01,7.233965089999999654e-01,-4.126551119999999906e-01,1.818379184160000079e+02,2.024000000000000000e+03,1.100000000000000000e+01,2.400000000000000000e+01,1.200000000000000000e+01,1.100000000000000000e+01,4.508615799999999751e+01
4.000635523316999809e+01,-8.303710274969999716e+01,-4.469199999999999839e+00,-1.355999999999999983e-01,1.141688870436600028e-01,-6.234826488346000700e-02,-5.293086948011999776e-02,7.407385199999999559e-01,-4.128253510000000071e-01,1.818454234369999938e+02,2.024000000000000000e+03,1.100000000000000000e+01,2.400000000000000000e+01,1.200000000000000000e+01,1.100000000000000000e+01,4.514550599999999747e+01
4.000635321861999927e+01,-8.303710282986000379e+01,-4.469999999999999751e+00,-1.265999999999999903e-01,-1.982897724491000102e-01,4.890774735187999878e-02,7.447394641003799443e-01,7.603700209999999515e-01,-4.193485359999999940e-01,1.818575197110000090e+02,2.024000000000000000e+03,1.100000000000000000e+01,2.400000000000000000e+01,1.200000000000000000e+01,1.100000000000000000e+01,4.520330299999999824e+01
4.000635039747999855e+01,-8.303710293752000382e+01,-4.472800000000000331e+00,-1.214999999999999969e-01,-3.226880930193999630e-02,1.538815692395200108e-01,5.246680670935599533e-01,7.499517970000000311e-01,-4.375937619999999972e-01,1.818786901299999954e+02,2.024000000000000000e+03,1.100000000000000000e+01,2.400000000000000000e+01,1.200000000000000000e+01,1.100000000000000000e+01,4.525960599999999801e+01
4.000634797448999791e+01,-8.303710303345999932e+01,-4.483999999999999986e+00,-1.338000000000000023e-01,3.418967705388600287e-01,3.468089305885999618e-01,3.855353267046199850e-01,7.542823199999999506e-01,-4.925777749999999955e-01,1.818911099949999937e+02,2.024000000000000000e+03,1.100000000000000000e+01,2.400000000000000000e+01,1.200000000000000000e+01,1.100000000000000000e+01,4.531756800000000140e+01
4.000634595132000015e+01,-8.303710312127999771e+01,-4.492499999999999716e+00,-1.456000000000000072e-01,3.242356460863999867e-01,3.258189044492200148e-01,4.036765066246000150e-02,7.848489739999999770e-01,-5.671230990000000194e-01,1.818966506319999894e+02,2.024000000000000000e+03,1.100000000000000000e+01,2.400000000000000000e+01,1.200000000000000000e+01,1.100000000000000000e+01,4.537212799999999646e+01
4.000634351794000310e+01,-8.303710322860999327e+01,-4.501199999999999868e+00,-1.406999999999999917e-01,-3.707632785337600101e-01,2.905286885141399877e-01,-5.339671497715999665e-02,8.122931559999999607e-01,-7.005654159999999964e-01,1.819018512270000087e+02,2.024000000000000000e+03,1.100000000000000000e+01,2.400000000000000000e+01,1.200000000000000000e+01,1.100000000000000000e+01,4.542995899999999665e+01
4.000634149228999803e+01,-8.303710331284999313e+01,-4.487099999999999866e+00,-1.340000000000000080e-01,-1.996414447512800117e-01,-6.170088499299200002e-01,-2.441387685037399724e-01,8.032555770000000539e-01,-8.107534960000000179e-01,1.819068947929999922e+02,2.024000000000000000e+03,1.100000000000000000e+01,2.400000000000000000e+01,1.200000000000000000e+01,1.100000000000000000e+01,4.548586600000000146e+01
4.000633906867000178e+01,-8.303710341669000172e+01,-4.473300000000000054e+00,-1.459999999999999909e-01,4.800489333162400452e-01,-4.825832156707799969e-01,-3.660346232407800104e-01,8.031638629999999779e-01,-8.967041279999999892e-01,1.819144105670000044e+02,2.024000000000000000e+03,1.100000000000000000e+01,2.400000000000000000e+01,1.200000000000000000e+01,1.100000000000000000e+01,4.554513599999999940e+01
4.000633665475999834e+01,-8.303710353313999804e+01,-4.451699999999999768e+00,-1.630999999999999950e-01,3.797239919416600107e-01,-7.666859263699399296e-01,-7.249453321423600105e-01,8.712663999999999964e-01,-9.383554539999999777e-01,1.819256495200000074e+02,2.024000000000000000e+03,1.100000000000000000e+01,2.400000000000000000e+01,1.200000000000000000e+01,1.100000000000000000e+01,4.560202000000000311e+01
4.000633345053999790e+01,-8.303710367805000203e+01,-4.436099999999999710e+00,-1.340000000000000080e-01,-6.575875199675199623e-01,-3.477764219086399988e-01,-5.531025180164199639e-01,9.139741369999999643e-01,-9.156869659999999911e-01,1.819455376120000096e+02,2.024000000000000000e+03,1.100000000000000000e+01,2.400000000000000000e+01,1.200000000000000000e+01,1.100000000000000000e+01,4.568109799999999865e+01
4.000633305094000036e+01,-8.303710369462000074e+01,-4.432699999999999640e+00,-1.317000000000000115e-01,-6.332306396021799566e-01,-4.736576994017600017e-01,-4.246705582745399776e-01,9.118815110000000335e-01,-9.118370089999999761e-01,1.819476963200000057e+02,2.024000000000000000e+03,1.100000000000000000e+01,2.400000000000000000e+01,1.200000000000000000e+01,1.100000000000000000e+01,4.574040899999999965e+01
4.000632985888000093e+01,-8.303710382663000189e+01,-4.419500000000000206e+00,-1.365999999999999992e-01,1.587346960477800106e-01,-1.460787951106599925e-01,8.552852875564000146e-02,8.905158810000000091e-01,-8.394192839999999878e-01,1.819675210590000063e+02,2.024000000000000000e+03,1.100000000000000000e+01,2.400000000000000000e+01,1.200000000000000000e+01,1.100000000000000000e+01,4.579663500000000198e+01
4.000632667240000018e+01,-8.303710396363000257e+01,-4.413899999999999935e+00,-1.371999999999999886e-01,-5.970543434787999731e-02,-1.994783521957799732e-01,1.637957555475400007e-01,9.246616300000000122e-01,-7.565089830000000237e-01,1.819901601219999918e+02,2.024000000000000000e+03,1.100000000000000000e+01,2.400000000000000000e+01,1.200000000000000000e+01,1.100000000000000000e+01,4.585293399999999764e+01
4.000632587676999918e+01,-8.303710399716999291e+01,-4.411699999999999733e+00,-1.360999999999999988e-01,-1.565559797205799963e-01,-2.247995746610800261e-01,2.876384572744600243e-01,9.263109569999999904e-01,-7.313965780000000194e-01,1.819953485039999919e+02,2.024000000000000000e+03,1.100000000000000000e+01,2.400000000000000000e+01,1.200000000000000000e+01,1.100000000000000000e+01,4.590817799999999949e+01
4.000632269583000067e+01,-8.303710412977000033e+01,-4.410300000000000331e+00,-1.386000000000000010e-01,1.537460974088400156e-01,2.336931493427999926e-02,-6.359908233469999117e-02,9.005384849999999997e-01,-6.443820369999999631e-01,1.820145347890000096e+02,2.024000000000000000e+03,1.100000000000000000e+01,2.400000000000000000e+01,1.200000000000000000e+01,1.100000000000000000e+01,4.596590199999999982e+01
4.000631991173000301e+01,-8.303710425193999356e+01,-4.413299999999999557e+00,-1.494999999999999940e-01,4.048142582366400233e-01,1.392489586997399942e-01,-5.043249517951799987e-01,8.967230099999999871e-01,-5.817276799999999692e-01,1.820268920149999872e+02,2.024000000000000000e+03,1.100000000000000000e+01,2.400000000000000000e+01,1.200000000000000000e+01,1.100000000000000000e+01,4.602567899999999668e+01
4.000631752364999727e+01,-8.303710435825000502e+01,-4.415700000000000180e+00,-1.441000000000000059e-01,-1.326616893375599793e-01,6.182332444105999997e-02,1.598231381589999833e-02,9.088175320000000390e-01,-5.506695870000000159e-01,1.820452348919999963e+02,2.024000000000000000e+03,1.100000000000000000e+01,2.400000000000000000e+01,1.200000000000000000e+01,1.100000000000000000e+01,4.608194900000000160e+01
4.000631513606000311e+01,-8.303710446012000546e+01,-4.409600000000000186e+00,-1.360000000000000098e-01,-2.099181680190599919e-01,-2.990654946089599808e-01,-1.576318324288999984e-01,9.023874849999999892e-01,-5.233356289999999689e-01,1.820676268679999907e+02,2.024000000000000000e+03,1.100000000000000000e+01,2.400000000000000000e+01,1.200000000000000000e+01,1.100000000000000000e+01,4.614144399999999990e+01
4.000631314857000120e+01,-8.303710454596999568e+01,-4.407799999999999940e+00,-1.436000000000000054e-01,2.058614390726200005e-01,-8.555144318523999480e-02,1.189889447455999977e-01,8.909106589999999937e-01,-4.877709709999999976e-01,1.820808562880000068e+02,2.024000000000000000e+03,1.100000000000000000e+01,2.400000000000000000e+01,1.200000000000000000e+01,1.100000000000000000e+01,4.619791299999999978e+01
4.000631076545000298e+01,-8.303710465087999637e+01,-4.404799999999999827e+00,-1.454000000000000015e-01,2.194049344399399970e-01,-1.325458667097199894e-01,4.614851887225999705e-01,8.872243079999999615e-01,-4.499517049999999796e-01,1.820931868250000036e+02,2.024000000000000000e+03,1.100000000000000000e+01,2.400000000000000000e+01,1.200000000000000000e+01,1.100000000000000000e+01,4.625515399999999744e+01
4.000630838264000033e+01,-8.303710475420000137e+01,-4.407799999999999940e+00,-1.401999999999999913e-01,-1.512677481945000069e-01,1.523741011263599898e-01,7.495792623064200244e-01,8.826958000000000304e-01,-4.253315790000000152e-01,1.821082137690000025e+02,2.024000000000000000e+03,1.100000000000000000e+01,2.400000000000000000e+01,1.200000000000000000e+01,1.100000000000000000e+01,4.631572899999999748e+01
4.000630599403999810e+01,-8.303710485239000150e+01,-4.422200000000000131e+00,-1.353000000000000036e-01,3.875059062936000304e-02,4.184320652211400149e-01,4.401102137149799920e-01,8.445745519999999784e-01,-4.413963399999999981e-01,1.821267220020000082e+02,2.024000000000000000e+03,1.100000000000000000e+01,2.400000000000000000e+01,1.200000000000000000e+01,1.100000000000000000e+01,4.637405700000000053e+01
4.000630360014999809e+01,-8.303710495647000300e+01,-4.429999999999999716e+00,-1.479000000000000037e-01,3.144476253763799911e-01,2.784034680488000069e-01,1.844804802209400185e-01,8.288076629999999723e-01,-5.041496770000000183e-01,1.821416043490000050e+02,2.024000000000000000e+03,1.100000000000000000e+01,2.400000000000000000e+01,1.200000000000000000e+01,1.100000000000000000e+01,4.643416700000000219e+01
4.000630120414000146e+01,-8.303710507065000002e+01,-4.427999999999999936e+00,-1.660999999999999976e-01,6.593273119050000464e-01,-1.602671302757399940e-01,1.181055387929799971e-01,8.429737370000000007e-01,-5.937415459999999534e-01,1.821518314690000011e+02,2.024000000000000000e+03,1.100000000000000000e+01,2.400000000000000000e+01,1.200000000000000000e+01,1.100000000000000000e+01,4.649050900000000297e+01
4.000629921227999830e+01,-8.303710517324999785e+01,-4.413800000000000168e+00,-1.731000000000000039e-01,2.549583353443199973e-01,-4.884242958456399553e-01,9.584133433834000904e-02,8.771894999999999554e-01,-6.562672389999999467e-01,1.821634673030000044e+02,2.024000000000000000e+03,1.100000000000000000e+01,2.400000000000000000e+01,1.200000000000000000e+01,1.100000000000000000e+01,4.654543900000000178e+01
4.000629682974000190e+01,-8.303710529747000635e+01,-4.398500000000000298e+00,-1.711999999999999911e-01,-5.074578832198000516e-02,-4.668400480253600549e-01,-1.440465565104200041e-01,9.134001710000000385e-01,-7.014912709999999718e-01,1.821870360039999923e+02,2.024000000000000000e+03,1.100000000000000000e+01,2.400000000000000000e+01,1.200000000000000000e+01,1.100000000000000000e+01,4.660482700000000023e+01
4.000629484862000140e+01,-8.303710539888000142e+01,-4.393900000000000361e+00,-1.676999999999999880e-01,-5.495951019468000437e-02,-1.481022665139200001e-01,-4.826658523598199579e-01,9.276098849999999674e-01,-7.152731509999999959e-01,1.822103022400000043e+02,2.024000000000000000e+03,1.100000000000000000e+01,2.400000000000000000e+01,1.200000000000000000e+01,1.100000000000000000e+01,4.666358499999999765e+01
4.000629326552000009e+01,-8.303710548028000460e+01,-4.387100000000000222e+00,-1.708000000000000074e-01,3.458177529989399646e-01,-4.664758772899200157e-01,-5.830708928791400458e-01,9.444435580000000163e-01,-7.267020720000000322e-01,1.822259382919999950e+02,2.024000000000000000e+03,1.100000000000000000e+01,2.400000000000000000e+01,1.200000000000000000e+01,1.100000000000000000e+01,4.672094799999999992e+01
4.000629089414000106e+01,-8.303710560003000296e+01,-4.380700000000000038e+00,-1.562000000000000055e-01,-6.352518843097999524e-01,-3.439841315538400002e-01,-3.616422200695399991e-01,9.695393289999999498e-01,-7.401016700000000448e-01,1.822440018629999940e+02,2.024000000000000000e+03,1.100000000000000000e+01,2.400000000000000000e+01,1.200000000000000000e+01,1.100000000000000000e+01,4.678101600000000104e+01
4.000628734912000084e+01,-8.303710575731000176e+01,-4.359899999999999665e+00,-1.365000000000000102e-01,-1.195668161479799957e-01,-2.318744163768200195e-01,6.916431068090000966e-02,9.002252160000000503e-01,-7.115694000000000186e-01,1.822674667219999947e+02,2.024000000000000000e+03,1.100000000000000000e+01,2.400000000000000000e+01,1.200000000000000000e+01,1.100000000000000000e+01,4.684000900000000200e+01
4.000628538432999903e+01,-8.303710584083999890e+01,-4.355199999999999960e+00,-1.375000000000000111e-01,8.847075951388000403e-02,-3.088344799197599855e-01,3.503432284084000148e-02,8.544338460000000524e-01,-6.789736389999999622e-01,1.822870622579999917e+02,2.024000000000000000e+03,1.100000000000000000e+01,2.400000000000000000e+01,1.200000000000000000e+01,1.100000000000000000e+01,4.689985200000000276e+01
4.000628302946999781e+01,-8.303710594673999879e+01,-4.350900000000000212e+00,-1.474000000000000032e-01,4.434909153634200019e-01,-2.836401537297800202e-01,-2.719122609186200301e-01,8.255571649999999817e-01,-6.390056920000000140e-01,1.823152001910000024e+02,2.024000000000000000e+03,1.100000000000000000e+01,2.400000000000000000e+01,1.200000000000000000e+01,1.100000000000000000e+01,4.695712799999999731e+01
4.000628067987000236e+01,-8.303710605633000341e+01,-4.342100000000000293e+00,-1.531000000000000139e-01,2.286257779415999947e-01,-1.415664558613599910e-01,2.278695862463200050e-01,8.084641000000000188e-01,-5.870744430000000014e-01,1.823504906720000065e+02,2.024000000000000000e+03,1.100000000000000000e+01,2.400000000000000000e+01,1.200000000000000000e+01,1.100000000000000000e+01,4.701362900000000167e+01
4.000627872263000029e+01,-8.303710615130999884e+01,-4.342500000000000249e+00,-1.600999999999999923e-01,3.281215404599200358e-01,8.454291643839999607e-03,-1.034569149384000075e-02,7.932315519999999509e-01,-5.541011989999999887e-01,1.823817258459999948e+02,2.024000000000000000e+03,1.100000000000000000e+01,2.400000000000000000e+01,1.200000000000000000e+01,1.100000000000000000e+01,4.706913000000000125e+01
4.000627637203999853e+01,-8.303710627470999839e+01,-4.348700000000000010e+00,-1.796000000000000096e-01,6.894462947491200033e-01,2.000649292433999971e-01,-9.145583587258000746e-02,7.869017270000000508e-01,-5.309156520000000157e-01,1.824113945359999889e+02,2.024000000000000000e+03,1.100000000000000000e+01,2.400000000000000000e+01,1.200000000000000000e+01,1.100000000000000000e+01,4.712474499999999722e+01
4.000627402056999671e+01,-8.303710640962999889e+01,-4.348099999999999632e+00,-1.925000000000000044e-01,4.025635675646200284e-01,1.042719900864000002e-02,-6.485500436160000770e-02,8.171101320000000445e-01,-5.299126060000000082e-01,1.824335959670000022e+02,2.024000000000000000e+03,1.100000000000000000e+01,2.400000000000000000e+01,1.200000000000000000e+01,1.100000000000000000e+01,4.718182699999999841e+01
4.000627167099000303e+01,-8.303710654398000202e+01,-4.345299999999999940e+00,-1.839999999999999969e-01,-1.239980912518399980e-01,9.381454927283999767e-02,7.828970567400000231e-04,8.296524910000000474e-01,-5.257555520000000149e-01,1.824562098879999894e+02,2.024000000000000000e+03,1.100000000000000000e+01,2.400000000000000000e+01,1.200000000000000000e+01,1.100000000000000000e+01,4.723923400000000328e+01
4.000626971490999750e+01,-8.303710665597999707e+01,-4.338199999999999612e+00,-1.842000000000000026e-01,-1.035698015538400046e-01,-3.401298031391800092e-01,1.773005257193400186e-01,8.346822860000000510e-01,-5.282839379999999530e-01,1.824742248279999899e+02,2.024000000000000000e+03,1.100000000000000000e+01,2.400000000000000000e+01,1.200000000000000000e+01,1.100000000000000000e+01,4.729871800000000093e+01
4.000626697920999675e+01,-8.303710681168000463e+01,-4.332900000000000418e+00,-1.807999999999999885e-01,-2.781792657755600140e-01,-2.171633874338199932e-01,3.825167874376000227e-02,8.481517549999999517e-01,-5.233469640000000256e-01,1.825030026290000080e+02,2.024000000000000000e+03,1.100000000000000000e+01,2.400000000000000000e+01,1.200000000000000000e+01,1.100000000000000000e+01,4.735567100000000096e+01
4.000626502464999845e+01,-8.303710691918000464e+01,-4.336599999999999788e+00,-1.758000000000000118e-01,-1.898815911503800025e-01,-2.275080819473999927e-02,2.903945834794999792e-01,8.434350769999999775e-01,-5.312289770000000466e-01,1.825290362869999967e+02,2.024000000000000000e+03,1.100000000000000000e+01,2.400000000000000000e+01,1.200000000000000000e+01,1.100000000000000000e+01,4.741454199999999730e+01
4.000626267874000064e+01,-8.303710704149000321e+01,-4.339999999999999858e+00,-1.663000000000000034e-01,-5.778642880910000307e-02,5.244902534866000693e-02,-1.084203322171999918e-02,8.131695439999999664e-01,-5.462941500000000339e-01,1.825655615549999879e+02,2.024000000000000000e+03,1.100000000000000000e+01,2.400000000000000000e+01,1.200000000000000000e+01,1.100000000000000000e+01,4.747461100000000300e+01
4.000626033100999734e+01,-8.303710716346999732e+01,-4.344699999999999562e+00,-1.733000000000000096e-01,3.362058635037399879e-01,2.356539180019399937e-01,2.021568584932000034e-01,7.769963290000000411e-01,-5.861084890000000103e-01,1.826012073550000139e+02,2.024000000000000000e+03,1.100000000000000000e+01,2.400000000000000000e+01,1.200000000000000000e+01,1.100000000000000000e+01,4.753497300000000081e+01
4.000625798184000104e+01,-8.303710729437999305e+01,-4.341899999999999871e+00,-1.897000000000000075e-01,8.883985729239599616e-01,-2.142057309853599989e-01,1.295724656359600047e-01,7.782868280000000416e-01,-6.570514699999999708e-01,1.826311095279999961e+02,2.024000000000000000e+03,1.100000000000000000e+01,2.400000000000000000e+01,1.200000000000000000e+01,1.100000000000000000e+01,4.759611400000000003e+01
4.000625524600000205e+01,-8.303710746035000057e+01,-4.330300000000000260e+00,-1.976999999999999869e-01,-8.759741907373999603e-02,-3.713288018887399566e-01,2.929646917139999696e-02,8.101236189999999615e-01,-7.314576940000000471e-01,1.826600558650000039e+02,2.024000000000000000e+03,1.100000000000000000e+01,2.400000000000000000e+01,1.200000000000000000e+01,1.100000000000000000e+01,4.765805799999999692e+01
4.000625407538999667e+01,-8.303710753069999839e+01,-4.327499999999999680e+00,-1.927999999999999992e-01,-2.390161421141200060e-01,-2.912490851881199827e-01,-1.893246098416200007e-01,8.067846570000000161e-01,-7.572510099999999467e-01,1.826708021370000097e+02,2.024000000000000000e+03,1.100000000000000000e+01,2.400000000000000000e+01,1.200000000000000000e+01,1.100000000000000000e+01,4.771532599999999746e+01
4.000625329555000320e+01,-8.303710757633000128e+01,-4.325000000000000178e+00,-1.887000000000000066e-01,-3.885336152240200236e-01,-2.969256890645399771e-01,-3.044372812325800148e-01,7.984263200000000227e-01,-7.701739499999999961e-01,1.826784383009999999e+02,2.024000000000000000e+03,1.100000000000000000e+01,2.400000000000000000e+01,1.200000000000000000e+01,1.100000000000000000e+01,4.777168000000000347e+01
4.000624979271000115e+01,-8.303710778177000407e+01,-4.308300000000000018e+00,-1.904000000000000137e-01,3.527443047961999895e-02,-5.266553924095199735e-01,-3.318286678131400214e-01,7.563540469999999738e-01,-8.053268770000000520e-01,1.827161713630000008e+02,2.024000000000000000e+03,1.100000000000000000e+01,2.400000000000000000e+01,1.200000000000000000e+01,1.100000000000000000e+01,4.782907300000000106e+01
4.000624785162000308e+01,-8.303710789119000424e+01,-4.304499999999999993e+00,-1.756000000000000061e-01,-6.819472063083800162e-01,-1.639406567510000023e-01,-2.024574278855799936e-01,7.405034950000000116e-01,-8.048380619999999652e-01,1.827400747560000127e+02,2.024000000000000000e+03,1.100000000000000000e+01,2.400000000000000000e+01,1.200000000000000000e+01,1.100000000000000000e+01,4.788904099999999886e+01
4.000624513737999877e+01,-8.303710804343999996e+01,-4.301999999999999602e+00,-1.794999999999999929e-01,-2.762107568858199746e-01,2.593286492919399944e-01,1.856517677940000208e-02,7.188508959999999615e-01,-7.947781510000000438e-01,1.827788636909999980e+02,2.024000000000000000e+03,1.100000000000000000e+01,2.400000000000000000e+01,1.200000000000000000e+01,1.100000000000000000e+01,4.794419800000000009e+01
4.000624242755999660e+01,-8.303710819092999884e+01,-4.284099999999999575e+00,-1.794000000000000039e-01,1.135127394160000136e-01,-6.753315545328599789e-01,3.211625551451799954e-01,6.670004790000000350e-01,-7.879996019999999657e-01,1.828250337860000059e+02,2.024000000000000000e+03,1.100000000000000000e+01,2.400000000000000000e+01,1.200000000000000000e+01,1.100000000000000000e+01,4.800115499999999713e+01
4.000623973014000256e+01,-8.303710834461999468e+01,-4.263300000000000090e+00,-1.920000000000000040e-01,2.642629983446599939e-01,-6.556034313271399405e-01,2.110471510486000013e-01,6.355516770000000371e-01,-7.320198460000000296e-01,1.828601915330000054e+02,2.024000000000000000e+03,1.100000000000000000e+01,2.400000000000000000e+01,1.200000000000000000e+01,1.100000000000000000e+01,4.806052400000000091e+01
4.000623742410999739e+01,-8.303710848549999923e+01,-4.260600000000000165e+00,-2.016999999999999904e-01,1.068664428793799914e-01,-1.360712298960400080e-01,-1.988614507921999952e-02,6.384957209999999606e-01,-6.651331520000000053e-01,1.828836626760000001e+02,2.024000000000000000e+03,1.100000000000000000e+01,2.400000000000000000e+01,1.200000000000000000e+01,1.100000000000000000e+01,4.812207300000000032e+01
4.000623512029999773e+01,-8.303710863210000070e+01,-4.256099999999999994e+00,-2.112999999999999878e-01,3.304855341608199937e-01,-3.197190549193399955e-01,-3.906075561523399964e-01,6.407190200000000280e-01,-6.025602289999999472e-01,1.829070393679999995e+02,2.024000000000000000e+03,1.100000000000000000e+01,2.400000000000000000e+01,1.200000000000000000e+01,1.100000000000000000e+01,4.818419600000000003e+01
4.000623281821999910e+01,-8.303710878567000009e+01,-4.257200000000000095e+00,-2.230000000000000038e-01,5.952994706872800634e-01,1.319410577181799882e-01,-3.045085856147600190e-01,6.501183440000000147e-01,-5.456472359999999799e-01,1.829341280499999982e+02,2.024000000000000000e+03,1.100000000000000000e+01,2.400000000000000000e+01,1.200000000000000000e+01,1.100000000000000000e+01,4.824070300000000344e+01
4.000623051808000241e+01,-8.303710894181000413e+01,-4.250000000000000000e+00,-2.230999999999999928e-01,1.240052701091799991e-01,-1.917832482139399941e-01,-2.703240768538400229e-01,6.638459460000000201e-01,-4.946272500000000183e-01,1.829693221610000080e+02,2.024000000000000000e+03,1.100000000000000000e+01,2.400000000000000000e+01,1.200000000000000000e+01,1.100000000000000000e+01,4.830189899999999881e+01
4.000622822407999735e+01,-8.303710909593000622e+01,-4.235199999999999854e+00,-2.157000000000000028e-01,-1.988119229660400000e-01,-4.259493690113600461e-01,3.820067237851999808e-02,6.738815329999999770e-01,-4.248622899999999758e-01,1.830219744720000108e+02,2.024000000000000000e+03,1.100000000000000000e+01,2.400000000000000000e+01,1.200000000000000000e+01,1.100000000000000000e+01,4.836308499999999810e+01
4.000622593210999867e+01,-8.303710924492000345e+01,-4.238699999999999690e+00,-2.084000000000000019e-01,-1.032453791970199958e-01,5.092019532594000558e-02,1.037106362439999957e-01,6.591031189999999595e-01,-3.519254210000000160e-01,1.830841787720000013e+02,2.024000000000000000e+03,1.100000000000000000e+01,2.400000000000000000e+01,1.200000000000000000e+01,1.100000000000000000e+01,4.841989499999999680e+01
4.000622363634000322e+01,-8.303710939130999691e+01,-4.246900000000000119e+00,-2.051000000000000045e-01,-2.107896882726000010e-01,1.097648172576199954e-01,1.348125059635000011e-01,6.292371220000000376e-01,-3.200123509999999727e-01,1.831497067509999965e+02,2.024000000000000000e+03,1.100000000000000000e+01,2.400000000000000000e+01,1.200000000000000000e+01,1.100000000000000000e+01,4.848005400000000265e+01
4.000622133897999788e+01,-8.303710954649000087e+01,-4.245499999999999829e+00,-2.265999999999999959e-01,4.689023727108799777e-01,-1.698265568273200077e-01,-1.366277659711200021e-01,6.110843289999999817e-01,-3.194817079999999754e-01,1.832101441609999881e+02,2.024000000000000000e+03,1.100000000000000000e+01,2.400000000000000000e+01,1.200000000000000000e+01,1.100000000000000000e+01,4.853856799999999794e+01
4.000621942757000227e+01,-8.303710968107000667e+01,-4.237700000000000244e+00,-2.300999999999999990e-01,5.863846704075999922e-02,-2.591939827819599862e-01,1.949988498414599869e-01,6.051104590000000449e-01,-3.206649959999999799e-01,1.832625346369999875e+02,2.024000000000000000e+03,1.100000000000000000e+01,2.400000000000000000e+01,1.200000000000000000e+01,1.100000000000000000e+01,4.859744500000000045e+01
4.000621714065999868e+01,-8.303710984353000413e+01,-4.222100000000000186e+00,-2.346000000000000030e-01,1.955842942822600128e-01,-5.528380838024400390e-01,8.659014002399800791e-01,5.741996889999999576e-01,-3.285810820000000243e-01,1.833301826379999966e+02,2.024000000000000000e+03,1.100000000000000000e+01,2.400000000000000000e+01,1.200000000000000000e+01,1.100000000000000000e+01,4.865426999999999680e+01
4.000621562095000172e+01,-8.303710995634000369e+01,-4.208000000000000185e+00,-2.412999999999999867e-01,2.617681300496599861e-01,-6.925022830927399786e-01,5.541622457300199311e-01,5.662860779999999705e-01,-3.493139909999999904e-01,1.833774153169999863e+02,2.024000000000000000e+03,1.100000000000000000e+01,2.400000000000000000e+01,1.200000000000000000e+01,1.100000000000000000e+01,4.871527499999999833e+01
4.000621373036999984e+01,-8.303711009917999775e+01,-4.182400000000000340e+00,-2.467999999999999916e-01,3.010804805397599981e-01,-1.015415459469859893e+00,1.546845758097399881e-01,5.556739659999999636e-01,-3.595373809999999892e-01,1.834366737210000053e+02,2.024000000000000000e+03,1.100000000000000000e+01,2.400000000000000000e+01,1.200000000000000000e+01,1.100000000000000000e+01,4.877207099999999684e+01
4.000621035316999752e+01,-8.303711036660999412e+01,-4.146499999999999631e+00,-2.535999999999999921e-01,-7.503625394574001128e-02,-6.805355833520799758e-01,-1.267501618209599945e-01,5.744563029999999459e-01,-3.780701220000000085e-01,1.835432536490000075e+02,2.024000000000000000e+03,1.100000000000000000e+01,2.400000000000000000e+01,1.200000000000000000e+01,1.100000000000000000e+01,4.883020100000000241e+01
4.000620848807999863e+01,-8.303711051122999720e+01,-4.124799999999999578e+00,-2.452000000000000013e-01,-2.433904849398000059e-01,-9.000434736733400332e-01,-3.769836756651199772e-01,5.538076330000000214e-01,-3.982323770000000263e-01,1.836008416939999961e+02,2.024000000000000000e+03,1.100000000000000000e+01,2.400000000000000000e+01,1.200000000000000000e+01,1.100000000000000000e+01,4.888846199999999698e+01
4.000620626520999679e+01,-8.303711068331999456e+01,-4.089900000000000091e+00,-2.469000000000000083e-01,1.143751356212599907e-01,-1.207684969167100109e+00,-2.055309715334400211e-01,5.175243259999999790e-01,-4.200963830000000176e-01,1.836689324129999932e+02,2.024000000000000000e+03,1.100000000000000000e+01,2.400000000000000000e+01,1.200000000000000000e+01,1.100000000000000000e+01,4.894747100000000017e+01
4.000620442900000029e+01,-8.303711083046999875e+01,-4.052999999999999936e+00,-2.572999999999999732e-01,6.624469005169200120e-01,-2.225526140242700013e+00,2.773461070819999846e-02,5.061755239999999878e-01,-4.184959569999999740e-01,1.837247655349999889e+02,2.024000000000000000e+03,1.100000000000000000e+01,2.400000000000000000e+01,1.200000000000000000e+01,1.100000000000000000e+01,4.900536699999999968e+01
4.000620224651999735e+01,-8.303711101199999689e+01,-4.014400000000000190e+00,-2.607999999999999763e-01,1.052725846793399894e-01,-1.276205959637539911e+00,-4.360433660586000154e-02,5.135681589999999686e-01,-3.833977170000000267e-01,1.837895893040000033e+02,2.024000000000000000e+03,1.100000000000000000e+01,2.400000000000000000e+01,1.200000000000000000e+01,1.100000000000000000e+01,4.906190099999999887e+01
4.000619972143000069e+01,-8.303711122199000272e+01,-3.983200000000000074e+00,-2.562999999999999723e-01,-2.251084110760000114e-03,-4.841618784711599899e-01,-1.327223685319600111e-01,4.871384369999999797e-01,-3.340025919999999870e-01,1.838628806140000052e+02,2.024000000000000000e+03,1.100000000000000000e+01,2.400000000000000000e+01,1.200000000000000000e+01,1.100000000000000000e+01,4.911866599999999750e+01
4.000619792985000345e+01,-8.303711137464000558e+01,-3.962899999999999867e+00,-2.641000000000000014e-01,2.712172970058999710e-01,-7.910760301565799013e-01,-3.495088074554599800e-01,4.626320660000000085e-01,-3.061864180000000157e-01,1.839143509040000026e+02,2.024000000000000000e+03,1.100000000000000000e+01,2.400000000000000000e+01,1.200000000000000000e+01,1.100000000000000000e+01,4.917541299999999893e+01
4.000619579317000074e+01,-8.303711156098999879e+01,-3.933800000000000185e+00,-2.703999999999999737e-01,3.135536478282199835e-01,-9.953411797935599603e-01,-3.008503328454599779e-01,4.481104559999999903e-01,-2.871001429999999743e-01,1.839753470800000059e+02,2.024000000000000000e+03,1.100000000000000000e+01,2.400000000000000000e+01,1.200000000000000000e+01,1.100000000000000000e+01,4.923203099999999921e+01
4.000619367256000203e+01,-8.303711175089000562e+01,-3.902600000000000069e+00,-2.732999999999999874e-01,1.993967603509600173e-01,-1.082799934197159919e+00,1.912351477650000020e-01,4.486270760000000135e-01,-2.681197220000000048e-01,1.840370804380000038e+02,2.024000000000000000e+03,1.100000000000000000e+01,2.400000000000000000e+01,1.200000000000000000e+01,1.100000000000000000e+01,4.928915299999999888e+01
4.000619156951000122e+01,-8.303711194049999733e+01,-3.872300000000000075e+00,-2.671999999999999931e-01,-1.579903384466400107e-01,-1.012633173097819972e+00,2.600077964496599892e-01,4.448609820000000159e-01,-2.391524580000000122e-01,1.841028867489999925e+02,2.024000000000000000e+03,1.100000000000000000e+01,2.400000000000000000e+01,1.200000000000000000e+01,1.100000000000000000e+01,4.935121199999999675e+01
4.000618948038000156e+01,-8.303711212643999318e+01,-3.849499999999999922e+00,-2.662999999999999812e-01,1.132823417913000064e-01,-1.130978511287139998e+00,7.768604874074600541e-01,4.133861600000000025e-01,-2.257046090000000005e-01,1.841688953729999980e+02,2.024000000000000000e+03,1.100000000000000000e+01,2.400000000000000000e+01,1.200000000000000000e+01,1.100000000000000000e+01,4.940895499999999885e+01
4.000618774878999773e+01,-8.303711228461999383e+01,-3.831799999999999873e+00,-2.771000000000000130e-01,5.330726395146599961e-01,-6.714202984474400004e-01,1.580634269514200052e-01,3.987421910000000236e-01,-2.320576709999999931e-01,1.842200313390000019e+02,2.024000000000000000e+03,1.100000000000000000e+01,2.400000000000000000e+01,1.200000000000000000e+01,1.100000000000000000e+01,4.946564099999999797e+01
4.000618568178000345e+01,-8.303711248019000379e+01,-3.808699999999999974e+00,-2.813999999999999835e-01,1.850257941341999779e-01,-7.739707835637399391e-01,-1.014094713683800081e-01,4.065002249999999928e-01,-2.622943360000000168e-01,1.842794511360000058e+02,2.024000000000000000e+03,1.100000000000000000e+01,2.400000000000000000e+01,1.200000000000000000e+01,1.100000000000000000e+01,4.952821300000000093e+01
4.000618328832000259e+01,-8.303711270764000574e+01,-3.771399999999999864e+00,-2.792000000000000037e-01,1.979534392452399760e-01,-1.207936293796880056e+00,-1.211113774122199865e-01,3.908548929999999810e-01,-3.109602779999999789e-01,1.843478318290000004e+02,2.024000000000000000e+03,1.100000000000000000e+01,2.400000000000000000e+01,1.200000000000000000e+01,1.100000000000000000e+01,4.958912899999999979e+01
4.000618159601000201e+01,-8.303711287352000170e+01,-3.737600000000000033e+00,-2.893999999999999906e-01,5.028797128966400187e-01,-1.280968959143579999e+00,1.876615876878799938e-01,3.828191759999999833e-01,-3.266286649999999847e-01,1.843960766280000030e+02,2.024000000000000000e+03,1.100000000000000000e+01,2.400000000000000000e+01,1.200000000000000000e+01,1.100000000000000000e+01,4.964752099999999757e+01
4.000617991693999898e+01,-8.303711304656999914e+01,-3.710700000000000109e+00,-3.012000000000000233e-01,4.599904909596199687e-01,-1.022507756849160065e+00,3.171287222689200269e-01,4.034639899999999946e-01,-3.336174829999999925e-01,1.844460964559999923e+02,2.024000000000000000e+03,1.100000000000000000e+01,2.400000000000000000e+01,1.200000000000000000e+01,1.100000000000000000e+01,4.970483399999999818e+01
4.000617958251999795e+01,-8.303711308181000561e+01,-3.705900000000000194e+00,-3.029000000000000026e-01,4.473799562153999987e-01,-1.005824156295800131e+00,1.828319705502199910e-01,4.089413809999999927e-01,-3.364092249999999784e-01,1.844570106600000088e+02,2.024000000000000000e+03,1.100000000000000000e+01,2.400000000000000000e+01,1.200000000000000000e+01,1.100000000000000000e+01,4.976201600000000269e+01
4.000617924881999699e+01,-8.303711311719000321e+01,-3.698999999999999844e+00,-3.040999999999999814e-01,4.349423423117400045e-01,-1.125258150731999862e+00,1.372714272221400023e-01,4.158342580000000122e-01,-3.377787749999999756e-01,1.844680038829999944e+02,2.024000000000000000e+03,1.100000000000000000e+01,2.400000000000000000e+01,1.200000000000000000e+01,1.100000000000000000e+01,4.981898499999999785e+01
4.000617891601000053e+01,-8.303711315223999634e+01,-3.690300000000000136e+00,-3.025999999999999801e-01,2.601368526445200224e-01,-1.316999904756400053e+00,1.823316706602200188e-01,4.211247909999999983e-01,-3.386344139999999947e-01,1.844783858080000130e+02,2.024000000000000000e+03,1.100000000000000000e+01,2.400000000000000000e+01,1.200000000000000000e+01,1.100000000000000000e+01,4.987587899999999763e+01
4.000617792042999810e+01,-8.303711325593999959e+01,-3.671699999999999964e+00,-2.936000000000000276e-01,-2.905514659607599803e-01,-1.253170857998979981e+00,1.180754919432800143e-01,4.298095789999999972e-01,-3.357392590000000121e-01,1.845082683789999862e+02,2.024000000000000000e+03,1.100000000000000000e+01,2.400000000000000000e+01,1.200000000000000000e+01,1.100000000000000000e+01,4.993285800000000307e+01
4.000617204232000290e+01,-8.303711382192000201e+01,-3.573999999999999844e+00,-2.543000000000000260e-01,-4.603072671316000425e-02,-1.058205750792619915e+00,-1.813565073768000080e-01,2.684024700000000041e-01,-2.551028880000000276e-01,1.846841046940000126e+02,2.024000000000000000e+03,1.100000000000000000e+01,2.400000000000000000e+01,1.200000000000000000e+01,1.100000000000000000e+01,4.999044800000000066e+01
4.000616852787999989e+01,-8.303711416314000360e+01,-3.514400000000000190e+00,-2.747999999999999887e-01,5.432999876244000159e-01,-1.124461268261840008e+00,5.657323433385999523e-02,1.884594519999999995e-01,-2.048966779999999988e-01,1.847837321099999883e+02,2.024000000000000000e+03,1.100000000000000000e+01,2.400000000000000000e+01,1.200000000000000000e+01,1.100000000000000000e+01,5.004705799999999982e+01
4.000616663692999708e+01,-8.303711436480000430e+01,-3.477899999999999991e+00,-2.923000000000000043e-01,5.535747896310999616e-01,-1.231215948892820045e+00,9.364002860377999837e-02,1.777965740000000128e-01,-1.755230760000000001e-01,1.848366244290000111e+02,2.024000000000000000e+03,1.100000000000000000e+01,2.400000000000000000e+01,1.200000000000000000e+01,1.100000000000000000e+01,5.010407800000000123e+01
4.000616476442999669e+01,-8.303711457398999585e+01,-3.447999999999999954e+00,-2.989999999999999880e-01,2.663449999423799786e-01,-9.673307640963000331e-01,-9.845069730200001201e-02,1.749070550000000057e-01,-1.347758689999999926e-01,1.848906054459999950e+02,2.024000000000000000e+03,1.100000000000000000e+01,2.400000000000000000e+01,1.200000000000000000e+01,1.100000000000000000e+01,5.016573799999999750e+01
4.000616290573000100e+01,-8.303711478956999770e+01,-3.425499999999999989e+00,-3.110999999999999877e-01,4.514306734608400373e-01,-7.615314580786599619e-01,-3.351637594578800172e-01,1.838827789999999962e-01,-1.082535629999999971e-01,1.849427768760000106e+02,2.024000000000000000e+03,1.100000000000000000e+01,2.400000000000000000e+01,1.200000000000000000e+01,1.100000000000000000e+01,5.022274600000000078e+01
4.000616106105999847e+01,-8.303711500801000511e+01,-3.398400000000000087e+00,-3.088000000000000189e-01,5.893646533480000407e-03,-8.905130017207600890e-01,-3.836264038494799911e-01,2.087154679999999873e-01,-9.415558000000000261e-02,1.849940094750000128e+02,2.024000000000000000e+03,1.100000000000000000e+01,2.400000000000000000e+01,1.200000000000000000e+01,1.100000000000000000e+01,5.028424400000000105e+01
4.000615923165999988e+01,-8.303711522605000539e+01,-3.365699999999999914e+00,-3.084999999999999964e-01,1.244961133206199944e-01,-1.752811510907939851e+00,-2.355311618654200023e-01,2.303006690000000134e-01,-8.479649200000000109e-02,1.850433148280000069e+02,2.024000000000000000e+03,1.100000000000000000e+01,2.400000000000000000e+01,1.200000000000000000e+01,1.100000000000000000e+01,5.034210999999999814e+01
4.000615742245999940e+01,-8.303711544232000108e+01,-3.325800000000000090e+00,-3.035999999999999810e-01,-6.510299264279999221e-02,-1.289581380095100149e+00,2.344099964905400069e-01,2.514918780000000020e-01,-5.746527299999999727e-02,1.850951008399999864e+02,2.024000000000000000e+03,1.100000000000000000e+01,2.400000000000000000e+01,1.200000000000000000e+01,1.100000000000000000e+01,5.039888400000000246e+01
4.000615563318000056e+01,-8.303711565528999472e+01,-3.293299999999999894e+00,-2.987000000000000210e-01,-7.503037409536000846e-02,-1.068173399981339866e+00,3.513307334101800072e-01,2.542179090000000197e-01,-6.389663000000000287e-03,1.851454464939999980e+02,2.024000000000000000e+03,1.100000000000000000e+01,2.400000000000000000e+01,1.200000000000000000e+01,1.100000000000000000e+01,5.046026599999999718e+01
4.000615385838000293e+01,-8.303711586221000118e+01,-3.271599999999999842e+00,-2.852999999999999980e-01,-4.953932986823800233e-01,-7.530062746530200579e-01,4.302022999067399711e-01,2.364533460000000087e-01,2.772035999999999945e-02,1.851994982390000075e+02,2.024000000000000000e+03,1.100000000000000000e+01,2.400000000000000000e+01,1.200000000000000000e+01,1.100000000000000000e+01,5.051880799999999994e+01
4.000615209392999816e+01,-8.303711605933000328e+01,-3.254799999999999915e+00,-2.752000000000000002e-01,-1.053413935440000032e-01,-3.126870212574199837e-01,1.701141968686399886e-01,1.970052350000000008e-01,2.561461500000000030e-02,1.852623685899999941e+02,2.024000000000000000e+03,1.100000000000000000e+01,2.400000000000000000e+01,1.200000000000000000e+01,1.100000000000000000e+01,5.057668600000000225e+01
4.000615063255000337e+01,-8.303711622103999446e+01,-3.231100000000000083e+00,-2.751000000000000112e-01,9.962170099579999161e-02,-9.737420977542999845e-01,9.074487989556000167e-02,1.615831349999999889e-01,-2.111781999999999982e-03,1.853154473209999935e+02,2.024000000000000000e+03,1.100000000000000000e+01,2.400000000000000000e+01,1.200000000000000000e+01,1.100000000000000000e+01,5.063143900000000031e+01
4.000614889324000245e+01,-8.303711640665000004e+01,-3.202300000000000146e+00,-2.565999999999999948e-01,-3.434709819836800349e-01,-9.950828226942600718e-01,-7.519595300738000920e-02,8.153987899999999567e-02,-3.712729599999999713e-02,1.853768858360000138e+02,2.024000000000000000e+03,1.100000000000000000e+01,2.400000000000000000e+01,1.200000000000000000e+01,1.100000000000000000e+01,5.068830899999999673e+01
4.000614860486999902e+01,-8.303711643680999543e+01,-3.198399999999999910e+00,-2.555999999999999939e-01,-1.216562072328200156e-01,-4.600984456307199988e-01,-7.990841585829999705e-02,6.562839500000000603e-02,-4.242106799999999928e-02,1.853862809739999875e+02,2.024000000000000000e+03,1.100000000000000000e+01,2.400000000000000000e+01,1.200000000000000000e+01,1.100000000000000000e+01,5.074530000000000030e+01
4.000614659565999887e+01,-8.303711665493999305e+01,-3.169900000000000162e+00,-2.736000000000000099e-01,6.456097353454999244e-01,-8.439269314808199862e-01,-1.778835323685200032e-01,-3.260195199999999655e-02,-1.044122309999999942e-01,1.854483295889999965e+02,2.024000000000000000e+03,1.100000000000000000e+01,2.400000000000000000e+01,1.200000000000000000e+01,1.100000000000000000e+01,5.080290899999999965e+01
4.000614404513999744e+01,-8.303711696147999533e+01,-3.121300000000000185e+00,-3.081999999999999740e-01,2.467348910321600086e-01,-4.596740586404400308e-01,-1.715811515785199970e-01,-4.783700200000000347e-02,-1.708718640000000122e-01,1.855328534790000106e+02,2.024000000000000000e+03,1.100000000000000000e+01,2.400000000000000000e+01,1.200000000000000000e+01,1.100000000000000000e+01,5.086109799999999836e+01
4.000614236220999942e+01,-8.303711717568999973e+01,-3.101399999999999935e+00,-3.179000000000000159e-01,3.147143721023599738e-01,-5.746932879467600008e-01,-1.067694318609999950e-02,-3.620591100000000034e-02,-1.992309009999999880e-01,1.855971903399999974e+02,2.024000000000000000e+03,1.100000000000000000e+01,2.400000000000000000e+01,1.200000000000000000e+01,1.100000000000000000e+01,5.091899899999999946e+01
4.000614068918999777e+01,-8.303711739675000558e+01,-3.083899999999999864e+00,-3.296999999999999931e-01,4.844431258854199895e-01,-5.203435230909999598e-01,-2.125756729288200142e-01,-2.718125000000000055e-02,-2.320032629999999874e-01,1.856715956529999971e+02,2.024000000000000000e+03,1.100000000000000000e+01,2.400000000000000000e+01,1.200000000000000000e+01,1.100000000000000000e+01,5.098155200000000065e+01
4.000613902450999859e+01,-8.303711762254999940e+01,-3.071600000000000108e+00,-3.306999999999999940e-01,7.229978136018000434e-02,-3.605199341964199777e-01,-8.985480551589999920e-02,3.885129999999999985e-04,-2.601020929999999787e-01,1.857616951869999866e+02,2.024000000000000000e+03,1.100000000000000000e+01,2.400000000000000000e+01,1.200000000000000000e+01,1.100000000000000000e+01,5.103839700000000335e+01
4.000613764060999955e+01,-8.303711780701000578e+01,-3.066399999999999793e+00,-3.206999999999999851e-01,-2.349457710845599956e-01,-2.642919436138399525e-01,-4.616180121041999623e-02,5.698654000000000046e-03,-2.887593569999999943e-01,1.858458128299999998e+02,2.024000000000000000e+03,1.100000000000000000e+01,2.400000000000000000e+01,1.200000000000000000e+01,1.100000000000000000e+01,5.110001299999999702e+01
4.000613570776999950e+01,-8.303711806049000188e+01,-3.058199999999999807e+00,-3.163000000000000256e-01,-4.295923096878000169e-02,-2.690969034967800044e-01,-1.384808520394600062e-01,-2.228083900000000020e-02,-3.411855509999999758e-01,1.859762258549999956e+02,2.024000000000000000e+03,1.100000000000000000e+01,2.400000000000000000e+01,1.200000000000000000e+01,1.100000000000000000e+01,5.115842500000000115e+01
4.000613433117000284e+01,-8.303711824114000706e+01,-3.049900000000000055e+00,-3.170999999999999930e-01,7.577350855176000211e-02,-3.228282062988400147e-01,1.621740807946799867e-01,-5.509661600000000103e-02,-3.872158589999999956e-01,1.860803106040000046e+02,2.024000000000000000e+03,1.100000000000000000e+01,2.400000000000000000e+01,1.200000000000000000e+01,1.100000000000000000e+01,5.121550700000000234e+01
4.000613268423000335e+01,-8.303711846692000620e+01,-3.037300000000000111e+00,-3.406000000000000139e-01,1.181822783471599969e+00,-5.840371993953400453e-01,3.824930683268800147e-01,-7.706265599999999327e-02,-4.566651760000000060e-01,1.862162343409999892e+02,2.024000000000000000e+03,1.100000000000000000e+01,2.400000000000000000e+01,1.200000000000000000e+01,1.100000000000000000e+01,5.127576799999999935e+01
4.000613104515999652e+01,-8.303711870309000176e+01,-3.022499999999999964e+00,-3.479999999999999760e-01,4.627876479625200323e-01,-6.994727547421799585e-01,3.346729874195200072e-01,-8.369866199999999312e-02,-5.362640309999999744e-01,1.863709533370000031e+02,2.024000000000000000e+03,1.100000000000000000e+01,2.400000000000000000e+01,1.200000000000000000e+01,1.100000000000000000e+01,5.133368999999999716e+01
4.000612941584999760e+01,-8.303711894575999963e+01,-3.000900000000000123e+00,-3.567000000000000171e-01,3.536121450959400225e-01,-7.547829598168800391e-01,-3.291277661981999864e-02,-1.102844949999999963e-01,-6.208794760000000412e-01,1.865393116729999861e+02,2.024000000000000000e+03,1.100000000000000000e+01,2.400000000000000000e+01,1.200000000000000000e+01,1.100000000000000000e+01,5.139144999999999897e+01
4.000612807035000174e+01,-8.303711915494000095e+01,-2.970699999999999896e+00,-3.723000000000000198e-01,7.404459866811600177e-01,-1.076106259690919886e+00,-1.211944853675199912e-01,-1.250821020000000006e-01,-6.741441230000000395e-01,1.866878176269999869e+02,2.024000000000000000e+03,1.100000000000000000e+01,2.400000000000000000e+01,1.200000000000000000e+01,1.100000000000000000e+01,5.144927500000000009e+01
4.000612620764000127e+01,-8.303711946023000223e+01,-2.934899999999999842e+00,-3.825000000000000067e-01,2.145487189063799982e-01,-9.268449044904200074e-01,4.082959002179999825e-03,-1.142180909999999938e-01,-7.120327459999999942e-01,1.869052684890000080e+02,2.024000000000000000e+03,1.100000000000000000e+01,2.400000000000000000e+01,1.200000000000000000e+01,1.100000000000000000e+01,5.151168899999999695e+01
4.000612462704999928e+01,-8.303711972230000526e+01,-2.911000000000000032e+00,-3.806999999999999829e-01,1.196174944698600029e-01,-7.334595393128999774e-01,-1.731066003164599965e-01,-1.308921110000000054e-01,-7.276422150000000366e-01,1.871071787470000061e+02,2.024000000000000000e+03,1.100000000000000000e+01,2.400000000000000000e+01,1.200000000000000000e+01,1.100000000000000000e+01,5.157009200000000249e+01
4.000612306021000109e+01,-8.303711999150000622e+01,-2.884199999999999875e+00,-3.966000000000000081e-01,5.586401675475600737e-01,-8.101507064164600314e-01,-5.212356379492799618e-01,-1.379391289999999937e-01,-7.304361129999999980e-01,1.873292305589999955e+02,2.024000000000000000e+03,1.100000000000000000e+01,2.400000000000000000e+01,1.200000000000000000e+01,1.100000000000000000e+01,5.162879900000000077e+01
4.000612150535999945e+01,-8.303712027089000003e+01,-2.865699999999999914e+00,-4.099999999999999756e-01,4.372239655004800385e-01,-5.673244987140000362e-01,-1.607507553770599895e-01,-1.316437530000000022e-01,-7.256284849999999897e-01,1.875700766479999970e+02,2.024000000000000000e+03,1.100000000000000000e+01,2.400000000000000000e+01,1.200000000000000000e+01,1.100000000000000000e+01,5.168705200000000133e+01
4.000612124722000118e+01,-8.303712031880000666e+01,-2.862600000000000033e+00,-4.152000000000000135e-01,6.141930708808199801e-01,-5.340739422915199430e-01,-2.398925643792799989e-01,-1.309386909999999959e-01,-7.231712900000000221e-01,1.876111246129999870e+02,2.024000000000000000e+03,1.100000000000000000e+01,2.400000000000000000e+01,1.200000000000000000e+01,1.100000000000000000e+01,5.174411899999999775e+01
4.000611944957000077e+01,-8.303712066845000095e+01,-2.835599999999999898e+00,-4.505000000000000115e-01,1.675071021569820129e+00,-9.517509534800199233e-01,2.072891296331000055e-01,-1.070610310000000009e-01,-6.975700470000000264e-01,1.879118360250000137e+02,2.024000000000000000e+03,1.100000000000000000e+01,2.400000000000000000e+01,1.200000000000000000e+01,1.100000000000000000e+01,5.180581600000000009e+01
4.000611715918999778e+01,-8.303712114258000554e+01,-2.818400000000000016e+00,-4.668999999999999817e-01,3.640692344354600207e-01,-2.205119678770399994e-01,4.696823592124000496e-02,-6.594283400000000572e-02,-6.230707960000000378e-01,1.883419372660000022e+02,2.024000000000000000e+03,1.100000000000000000e+01,2.400000000000000000e+01,1.200000000000000000e+01,1.100000000000000000e+01,5.187137100000000345e+01
4.000611614433999819e+01,-8.303712136049000492e+01,-2.815700000000000092e+00,-4.801000000000000267e-01,6.633565266805599991e-01,-3.278807285680000044e-02,1.621885190822000208e-02,-5.583754099999999748e-02,-6.033820690000000209e-01,1.885504332190000127e+02,2.024000000000000000e+03,1.100000000000000000e+01,2.400000000000000000e+01,1.200000000000000000e+01,1.100000000000000000e+01,5.192847499999999883e+01
4.000611412050000126e+01,-8.303712181298999440e+01,-2.801600000000000090e+00,-4.994000000000000106e-01,4.657796062230000200e-01,-3.602102486214999733e-01,-1.635518828414199988e-01,-2.342856700000000084e-02,-5.819602400000000175e-01,1.890069513280000137e+02,2.024000000000000000e+03,1.100000000000000000e+01,2.400000000000000000e+01,1.200000000000000000e+01,1.100000000000000000e+01,5.198556800000000067e+01
4.000611261241999728e+01,-8.303712216188000639e+01,-2.782200000000000006e+00,-5.100999999999999979e-01,4.724641771041799831e-01,-5.549800722202400394e-01,-2.556081776582599940e-01,-1.794304600000000069e-02,-5.548654149999999730e-01,1.893827271309999958e+02,2.024000000000000000e+03,1.100000000000000000e+01,2.400000000000000000e+01,1.200000000000000000e+01,1.100000000000000000e+01,5.204630000000000223e+01
4.000611111431999944e+01,-8.303712251490999563e+01,-2.764400000000000190e+00,-5.130000000000000115e-01,2.555844226249799900e-01,-5.292342840039000462e-01,-1.674963131748199996e-01,-5.611938500000000080e-02,-5.043910419999999561e-01,1.897800019299999974e+02,2.024000000000000000e+03,1.100000000000000000e+01,2.400000000000000000e+01,1.200000000000000000e+01,1.100000000000000000e+01,5.210536799999999857e+01
4.000610962308000040e+01,-8.303712287596999886e+01,-2.755700000000000038e+00,-5.325999999999999623e-01,7.956094050430598807e-01,-1.576877910690600015e-01,-1.342126811910999973e-01,-1.247712180000000032e-01,-4.485404649999999993e-01,1.902015642270000058e+02,2.024000000000000000e+03,1.100000000000000000e+01,2.400000000000000000e+01,1.200000000000000000e+01,1.100000000000000000e+01,5.216491099999999648e+01
4.000610813776000185e+01,-8.303712325613000189e+01,-2.742199999999999971e+00,-5.629999999999999449e-01,5.092848130050400268e-01,-1.398959176204200017e-01,-7.437357302020000671e-02,-1.675858530000000068e-01,-4.067806420000000256e-01,1.906495447259999878e+02,2.024000000000000000e+03,1.100000000000000000e+01,2.400000000000000000e+01,1.200000000000000000e+01,1.100000000000000000e+01,5.222346799999999689e+01
4.000610666029999862e+01,-8.303712365430999398e+01,-2.725999999999999979e+00,-5.901999999999999469e-01,1.181968054067239926e+00,-3.816566217111999615e-01,-9.684882528399999663e-03,-2.043154879999999896e-01,-3.628447710000000104e-01,1.911228955329999906e+02,2.024000000000000000e+03,1.100000000000000000e+01,2.400000000000000000e+01,1.200000000000000000e+01,1.100000000000000000e+01,5.228561899999999696e+01
4.000610519132000320e+01,-8.303712407572000131e+01,-2.711500000000000021e+00,-6.260000000000000009e-01,1.323357918232499930e+00,-2.339066957935400093e-01,1.425773830209600135e-01,-2.327110259999999875e-01,-3.169902090000000228e-01,1.916140874330000088e+02,2.024000000000000000e+03,1.100000000000000000e+01,2.400000000000000000e+01,1.200000000000000000e+01,1.100000000000000000e+01,5.234381199999999978e+01
4.000610397188000178e+01,-8.303712444466999898e+01,-2.704000000000000181e+00,-6.498000000000000442e-01,1.547755800169319906e+00,-1.477700043037399880e-01,5.164441696472599208e-01,-2.485164920000000055e-01,-2.950790050000000053e-01,1.920399593639999978e+02,2.024000000000000000e+03,1.100000000000000000e+01,2.400000000000000000e+01,1.200000000000000000e+01,1.100000000000000000e+01,5.239952000000000254e+01
4.000610227140000319e+01,-8.303712498369999651e+01,-2.690999999999999837e+00,-6.788999999999999480e-01,9.044942365142999430e-01,-1.858052769997599885e-01,4.537508849153400470e-01,-2.777064360000000010e-01,-2.867663819999999864e-01,1.926570096940000099e+02,2.024000000000000000e+03,1.100000000000000000e+01,2.400000000000000000e+01,1.200000000000000000e+01,1.100000000000000000e+01,5.245686700000000258e+01
4.000610082213999874e+01,-8.303712546820000284e+01,-2.673999999999999932e+00,-7.117999999999999883e-01,1.144040778125559932e+00,-3.162350964242799933e-01,3.080278285570199892e-01,-2.845788389999999723e-01,-2.944451690000000066e-01,1.932083090890000108e+02,2.024000000000000000e+03,1.100000000000000000e+01,2.400000000000000000e+01,1.200000000000000000e+01,1.100000000000000000e+01,5.251793500000000137e+01
4.000609938185999681e+01,-8.303712597287000108e+01,-2.656099999999999905e+00,-7.381999999999999673e-01,9.290703146437200299e-01,-4.014430415066200242e-01,5.743584515628000209e-02,-2.815146479999999785e-01,-3.039365709999999887e-01,1.937759900920000007e+02,2.024000000000000000e+03,1.100000000000000000e+01,2.400000000000000000e+01,1.200000000000000000e+01,1.100000000000000000e+01,5.257638200000000239e+01
4.000609818833999753e+01,-8.303712640557000668e+01,-2.643899999999999917e+00,-7.562999999999999723e-01,9.319591847306799570e-01,-3.179914089287400047e-01,2.429756814562000072e-02,-2.942329960000000244e-01,-3.128810390000000274e-01,1.942612035109999908e+02,2.024000000000000000e+03,1.100000000000000000e+01,2.400000000000000000e+01,1.200000000000000000e+01,1.100000000000000000e+01,5.263388400000000189e+01
4.000609676541999704e+01,-8.303712694886000634e+01,-2.623899999999999899e+00,-8.031000000000000361e-01,2.573706369166879782e+00,-3.569511554418799970e-01,1.603782275260400014e-01,-3.027651590000000059e-01,-3.397049269999999899e-01,1.948562965469999995e+02,2.024000000000000000e+03,1.100000000000000000e+01,2.400000000000000000e+01,1.200000000000000000e+01,1.100000000000000000e+01,5.269311299999999676e+01
4.000609652931999705e+01,-8.303712704302000702e+01,-2.620099999999999874e+00,-8.114000000000000101e-01,8.888772674413599750e-01,-1.273857942156799983e-01,8.884113955380000538e-02,-3.021262020000000104e-01,-3.459235800000000083e-01,1.949567072529999905e+02,2.024000000000000000e+03,1.100000000000000000e+01,2.400000000000000000e+01,1.200000000000000000e+01,1.100000000000000000e+01,5.275060100000000318e+01
4.000609488661999791e+01,-8.303712771591000319e+01,-2.590500000000000025e+00,-8.460999999999999632e-01,1.282838753676879939e+00,-5.381104492830000030e-01,-2.255302241200000013e-04,-2.758679070000000233e-01,-3.878256589999999893e-01,1.956851932559999909e+02,2.024000000000000000e+03,1.100000000000000000e+01,2.400000000000000000e+01,1.200000000000000000e+01,1.100000000000000000e+01,5.280854300000000023e+01
4.000609326296000035e+01,-8.303712841758999730e+01,-2.559000000000000163e+00,-8.764999999999999458e-01,1.127563909744299986e+00,-6.103586136401200068e-01,-1.054019355865799951e-01,-2.492178419999999950e-01,-4.131504480000000035e-01,1.964554537539999899e+02,2.024000000000000000e+03,1.100000000000000000e+01,2.400000000000000000e+01,1.200000000000000000e+01,1.100000000000000000e+01,5.286657799999999696e+01
4.000609143034999704e+01,-8.303712925643999654e+01,-2.524500000000000188e+00,-9.153999999999999915e-01,1.218141902504120022e+00,-5.316616406176800647e-01,-1.188232991820999951e-01,-2.167908080000000015e-01,-4.263262879999999977e-01,1.973650564110000118e+02,2.024000000000000000e+03,1.100000000000000000e+01,2.400000000000000000e+01,1.200000000000000000e+01,1.100000000000000000e+01,5.292402400000000284e+01
4.000609007223999924e+01,-8.303712990481000134e+01,-2.498499999999999943e+00,-9.382000000000000339e-01,1.127031762311079932e+00,-5.851563050817999434e-01,-1.605470033096000060e-02,-2.088463600000000087e-01,-4.241452549999999988e-01,1.980648562499999912e+02,2.024000000000000000e+03,1.100000000000000000e+01,2.400000000000000000e+01,1.200000000000000000e+01,1.100000000000000000e+01,5.298601399999999728e+01
4.000608872883000089e+01,-8.303713057644000628e+01,-2.470899999999999874e+00,-9.766000000000000236e-01,7.325559766739400125e-01,-2.171050993951600117e-01,-6.819315543913999356e-02,-1.904851730000000076e-01,-4.134615790000000235e-01,1.987822686209999858e+02,2.024000000000000000e+03,1.100000000000000000e+01,2.400000000000000000e+01,1.200000000000000000e+01,1.100000000000000000e+01,5.304745100000000235e+01
4.000608717728000130e+01,-8.303713138662000404e+01,-2.446200000000000152e+00,-1.002899999999999903e+00,8.603631541863600019e-01,-4.681510594876200360e-01,-1.584910782512000127e-02,-1.624739639999999985e-01,-4.098917400000000044e-01,1.996518978059999938e+02,2.024000000000000000e+03,1.100000000000000000e+01,2.400000000000000000e+01,1.200000000000000000e+01,1.100000000000000000e+01,5.311048699999999911e+01
4.000608586060999983e+01,-8.303713209855999366e+01,-2.421800000000000175e+00,-1.026799999999999935e+00,1.027258398855499966e+00,-5.387411733341199715e-01,2.079300274587999806e-02,-1.680872569999999899e-01,-4.092740659999999919e-01,2.004192229159999954e+02,2.024000000000000000e+03,1.100000000000000000e+01,2.400000000000000000e+01,1.200000000000000000e+01,1.100000000000000000e+01,5.316864100000000093e+01
4.000608477435000054e+01,-8.303713270363999754e+01,-2.398699999999999832e+00,-1.043700000000000072e+00,9.336841880183799347e-01,-6.394195586859399150e-01,2.438714891452000225e-02,-1.836573950000000011e-01,-3.982399850000000185e-01,2.010666745240000068e+02,2.024000000000000000e+03,1.100000000000000000e+01,2.400000000000000000e+01,1.200000000000000000e+01,1.100000000000000000e+01,5.322608100000000064e+01
4.000608348202000286e+01,-8.303713344562000032e+01,-2.379700000000000149e+00,-1.072200000000000042e+00,1.162965192700060157e+00,-2.621727655237000021e-01,-6.781956658165999574e-02,-2.090585480000000107e-01,-3.786074070000000069e-01,2.018454151869999862e+02,2.024000000000000000e+03,1.100000000000000000e+01,2.400000000000000000e+01,1.200000000000000000e+01,1.100000000000000000e+01,5.328488999999999720e+01
4.000608220090000344e+01,-8.303713420712000470e+01,-2.359700000000000131e+00,-1.100100000000000078e+00,1.137652395146339979e+00,-2.375244937772000020e-01,3.033187004270000015e-02,-2.316177640000000038e-01,-3.714371009999999917e-01,2.026248666040000046e+02,2.024000000000000000e+03,1.100000000000000000e+01,2.400000000000000000e+01,1.200000000000000000e+01,1.100000000000000000e+01,5.334337299999999971e+01
4.000608114224999667e+01,-8.303713485743999456e+01,-2.339999999999999858e+00,-1.126100000000000101e+00,1.310774533664700092e+00,-2.930237466026999749e-01,8.372976526622000204e-02,-2.513922599999999785e-01,-3.726875060000000017e-01,2.032713637749999975e+02,2.024000000000000000e+03,1.100000000000000000e+01,2.400000000000000000e+01,1.200000000000000000e+01,1.100000000000000000e+01,5.339974399999999832e+01
4.000608009278000310e+01,-8.303713552412000354e+01,-2.317299999999999915e+00,-1.153799999999999937e+00,1.345618025864979916e+00,-4.000119856229399917e-01,-7.143544865959999823e-02,-2.640133760000000218e-01,-3.799272510000000214e-01,2.039142180689999861e+02,2.024000000000000000e+03,1.100000000000000000e+01,2.400000000000000000e+01,1.200000000000000000e+01,1.100000000000000000e+01,5.346214299999999753e+01
4.000607843649999751e+01,-8.303713662252999939e+01,-2.277400000000000091e+00,-1.193200000000000038e+00,1.254713289209840044e+00,-5.069404753439600286e-01,5.071230894820000570e-03,-2.753905529999999824e-01,-3.809727829999999815e-01,2.049390457389999938e+02,2.024000000000000000e+03,1.100000000000000000e+01,2.400000000000000000e+01,1.200000000000000000e+01,1.100000000000000000e+01,5.352056900000000184e+01
4.000607721179999743e+01,-8.303713746651999372e+01,-2.250300000000000189e+00,-1.212900000000000089e+00,1.069148707821260036e+00,-5.705635949968600462e-01,4.629797122114000241e-02,-2.960425079999999820e-01,-3.734668349999999970e-01,2.057152129609999918e+02,2.024000000000000000e+03,1.100000000000000000e+01,2.400000000000000000e+01,1.200000000000000000e+01,1.100000000000000000e+01,5.357790500000000122e+01
4.000607600125999852e+01,-8.303713832289000152e+01,-2.225200000000000067e+00,-1.233000000000000096e+00,5.763744265259600486e-01,-2.418372281097199983e-01,9.391874869564000028e-02,-3.387754789999999905e-01,-3.535014810000000063e-01,2.065034767569999872e+02,2.024000000000000000e+03,1.100000000000000000e+01,2.400000000000000000e+01,1.200000000000000000e+01,1.100000000000000000e+01,5.363664099999999735e+01
4.000607500345999767e+01,-8.303713905217000502e+01,-2.201999999999999957e+00,-1.263500000000000068e+00,1.650759592740320025e+00,-2.796616384380800069e-01,-5.369516912154000815e-02,-3.602903940000000138e-01,-3.381290690000000043e-01,2.071699967410000056e+02,2.024000000000000000e+03,1.100000000000000000e+01,2.400000000000000000e+01,1.200000000000000000e+01,1.100000000000000000e+01,5.369977599999999995e+01
4.000607460645999680e+01,-8.303713934788000017e+01,-2.197799999999999976e+00,-1.270100000000000007e+00,1.209485048621139924e+00,-1.687338130301399841e-01,-6.259795322376000837e-02,-3.653211769999999969e-01,-3.363667889999999994e-01,2.074404155899999864e+02,2.024000000000000000e+03,1.100000000000000000e+01,2.400000000000000000e+01,1.200000000000000000e+01,1.100000000000000000e+01,5.375841400000000192e+01
4.000607284019000076e+01,-8.303714071580999700e+01,-2.155299999999999994e+00,-1.326899999999999968e+00,8.271883217583800851e-01,-1.812383332239000111e-01,-1.281525077586000150e-02,-3.748485979999999773e-01,-3.481756120000000232e-01,2.086750654520000126e+02,2.024000000000000000e+03,1.100000000000000000e+01,2.400000000000000000e+01,1.200000000000000000e+01,1.100000000000000000e+01,5.381665900000000136e+01
4.000607149433000131e+01,-8.303714181818000384e+01,-2.112099999999999866e+00,-1.368999999999999995e+00,1.653693317395900086e+00,-4.925026152777600141e-01,-3.396418284120000103e-02,-3.718392759999999964e-01,-3.564756809999999887e-01,2.096395268009999882e+02,2.024000000000000000e+03,1.100000000000000000e+01,2.400000000000000000e+01,1.200000000000000000e+01,1.100000000000000000e+01,5.387672899999999743e+01
4.000607017661999976e+01,-8.303714295681000124e+01,-2.070300000000000029e+00,-1.412300000000000111e+00,8.305777806805000330e-01,-1.820847321744200054e-01,8.178008337344000456e-02,-3.331024200000000102e-01,-3.443661100000000030e-01,2.106033928520000131e+02,2.024000000000000000e+03,1.100000000000000000e+01,2.400000000000000000e+01,1.200000000000000000e+01,1.100000000000000000e+01,5.393694399999999689e+01
4.000606924779999929e+01,-8.303714378713999622e+01,-2.052299999999999791e+00,-1.431499999999999995e+00,1.136433473203239952e+00,-2.334905423110799905e-01,3.407171375654999834e-01,-2.977217340000000156e-01,-3.423633500000000107e-01,2.112932335030000104e+02,2.024000000000000000e+03,1.100000000000000000e+01,2.400000000000000000e+01,1.200000000000000000e+01,1.100000000000000000e+01,5.399673299999999898e+01
4.000606814275000289e+01,-8.303714479695000250e+01,-2.034699999999999953e+00,-1.450700000000000101e+00,1.046292056550820027e+00,-1.853091121083400017e-01,2.111938626478600256e-01,-2.725318369999999990e-01,-3.491477080000000011e-01,2.121237393989999873e+02,2.024000000000000000e+03,1.100000000000000000e+01,2.400000000000000000e+01,1.200000000000000000e+01,1.100000000000000000e+01,5.405525999999999698e+01
4.000606686537999934e+01,-8.303714599194999835e+01,-2.016700000000000159e+00,-1.470900000000000096e+00,3.630634716116200034e-01,-6.569955198415999842e-02,7.234439469121999033e-02,-2.594868009999999892e-01,-3.750939300000000198e-01,2.130896514069999910e+02,2.024000000000000000e+03,1.100000000000000000e+01,2.400000000000000000e+01,1.200000000000000000e+01,1.100000000000000000e+01,5.411774299999999727e+01
4.000606578243999678e+01,-8.303714703113999462e+01,-1.993400000000000061e+00,-1.489800000000000013e+00,8.363147441011400396e-01,-3.215590256713199979e-01,-2.362177660434000015e-01,-2.592175800000000030e-01,-4.048529719999999776e-01,2.139084228060000044e+02,2.024000000000000000e+03,1.100000000000000000e+01,2.400000000000000000e+01,1.200000000000000000e+01,1.100000000000000000e+01,5.418122100000000074e+01
4.000606471406000253e+01,-8.303714808665000646e+01,-1.965500000000000025e+00,-1.516699999999999937e+00,5.915866616675399259e-01,-9.377110698702000036e-02,-3.512651526829999732e-02,-2.651209800000000061e-01,-4.326207309999999806e-01,2.147214120859999866e+02,2.024000000000000000e+03,1.100000000000000000e+01,2.400000000000000000e+01,1.200000000000000000e+01,1.100000000000000000e+01,5.423909600000000353e+01
4.000606383406000077e+01,-8.303714897801999939e+01,-1.942900000000000071e+00,-1.533800000000000052e+00,1.128153567625320042e+00,-3.236711418616000091e-01,-1.571662258090600062e-01,-2.759686740000000249e-01,-4.621768509999999996e-01,2.154010552819999873e+02,2.024000000000000000e+03,1.100000000000000000e+01,2.400000000000000000e+01,1.200000000000000000e+01,1.100000000000000000e+01,5.430078499999999764e+01
4.000606262432999927e+01,-8.303715024726000138e+01,-1.896600000000000064e+00,-1.566000000000000059e+00,1.568056891223440052e+00,-5.406965401433400098e-01,3.785049075059999935e-02,-2.818360500000000046e-01,-4.958227049999999747e-01,2.163547754290000000e+02,2.024000000000000000e+03,1.100000000000000000e+01,2.400000000000000000e+01,1.200000000000000000e+01,1.100000000000000000e+01,5.435916799999999682e+01
4.000606160897999786e+01,-8.303715135307000139e+01,-1.861900000000000110e+00,-1.586600000000000010e+00,1.897025390643700238e+00,-7.454009452670399272e-01,-2.187890614253799881e-01,-2.697743930000000012e-01,-5.044002010000000480e-01,2.171708224589999929e+02,2.024000000000000000e+03,1.100000000000000000e+01,2.400000000000000000e+01,1.200000000000000000e+01,1.100000000000000000e+01,5.442151599999999689e+01
4.000606061036000227e+01,-8.303715247382000086e+01,-1.836400000000000032e+00,-1.605499999999999927e+00,9.202304111362400452e-01,-2.756675274853599977e-01,-1.460752542669999932e-01,-2.590283990000000203e-01,-5.028786229999999691e-01,2.179860100530000011e+02,2.024000000000000000e+03,1.100000000000000000e+01,2.400000000000000000e+01,1.200000000000000000e+01,1.100000000000000000e+01,5.448489699999999658e+01
4.000605962445000330e+01,-8.303715361138999640e+01,-1.815199999999999925e+00,-1.632900000000000018e+00,1.514765207716499917e+00,2.124294413477999938e-02,-8.681753781267999293e-02,-2.539256710000000195e-01,-5.141873550000000126e-01,2.188003378740000073e+02,2.024000000000000000e+03,1.100000000000000000e+01,2.400000000000000000e+01,1.200000000000000000e+01,1.100000000000000000e+01,5.454314999999999714e+01
4.000605865066999911e+01,-8.303715476643999693e+01,-1.790200000000000014e+00,-1.656400000000000095e+00,4.838341129380799854e-01,-6.369510986785999196e-02,-6.328141425601999104e-02,-2.419172250000000135e-01,-5.430086410000000141e-01,2.196175631469999985e+02,2.024000000000000000e+03,1.100000000000000000e+01,2.400000000000000000e+01,1.200000000000000000e+01,1.100000000000000000e+01,5.459936299999999676e+01
4.000605769181999705e+01,-8.303715593513000215e+01,-1.760199999999999987e+00,-1.674500000000000099e+00,1.151948444404500060e+00,-3.771156820175600166e-01,7.385096486245999736e-02,-2.338253939999999920e-01,-5.622472360000000391e-01,2.204292000680000001e+02,2.024000000000000000e+03,1.100000000000000000e+01,2.400000000000000000e+01,1.200000000000000000e+01,1.100000000000000000e+01,5.466288999999999731e+01
4.000605721763999867e+01,-8.303715652312000373e+01,-1.748799999999999910e+00,-1.679000000000000048e+00,8.381589917816398838e-01,-3.384565261195199848e-01,-4.024608715984000218e-02,-2.365472080000000088e-01,-5.641277559999999802e-01,2.208307065760000114e+02,2.024000000000000000e+03,1.100000000000000000e+01,2.400000000000000000e+01,1.200000000000000000e+01,1.100000000000000000e+01,5.472598299999999938e+01
4.000605612324000049e+01,-8.303715790878999314e+01,-1.724599999999999911e+00,-1.704399999999999915e+00,8.189296909021799298e-01,-3.059635074018000195e-02,6.555054527872000714e-02,-2.580804899999999957e-01,-5.702306670000000244e-01,2.217608188629999972e+02,2.024000000000000000e+03,1.100000000000000000e+01,2.400000000000000000e+01,1.200000000000000000e+01,1.100000000000000000e+01,5.478497399999999828e+01
4.000605489163999806e+01,-8.303715952006000123e+01,-1.695500000000000007e+00,-1.736399999999999944e+00,1.044355407010320036e+00,-9.749388959270000043e-02,1.553597582227999978e-02,-2.845632240000000035e-01,-6.167998460000000405e-01,2.228231853409999985e+02,2.024000000000000000e+03,1.100000000000000000e+01,2.400000000000000000e+01,1.200000000000000000e+01,1.100000000000000000e+01,5.484437299999999738e+01
4.000605428624000126e+01,-8.303716033607000213e+01,-1.675100000000000033e+00,-1.747500000000000053e+00,1.041141632013999896e+00,-3.104128920451200147e-01,3.144816260239999967e-02,-2.886683589999999855e-01,-6.438821009999999845e-01,2.233566320589999918e+02,2.024000000000000000e+03,1.100000000000000000e+01,2.400000000000000000e+01,1.200000000000000000e+01,1.100000000000000000e+01,5.490341899999999953e+01
4.000605309665999698e+01,-8.303716198089000500e+01,-1.635699999999999932e+00,-1.764999999999999902e+00,8.918946952256399108e-01,-3.675721967127800194e-01,-1.929269186599999811e-02,-3.127689200000000058e-01,-6.630980490000000227e-01,2.244195702080000103e+02,2.024000000000000000e+03,1.100000000000000000e+01,2.400000000000000000e+01,1.200000000000000000e+01,1.100000000000000000e+01,5.496183700000000272e+01
4.000605222165000185e+01,-8.303716323128999477e+01,-1.609199999999999964e+00,-1.793500000000000094e+00,1.314120504241560017e+00,2.686957343177999794e-02,-5.899940709311999459e-02,-3.477919289999999997e-01,-6.748535159999999866e-01,2.252088179799999921e+02,2.024000000000000000e+03,1.100000000000000000e+01,2.400000000000000000e+01,1.200000000000000000e+01,1.100000000000000000e+01,5.502029999999999887e+01
4.000605136408000106e+01,-8.303716450384000325e+01,-1.571199999999999930e+00,-1.828400000000000025e+00,1.750809598717439908e+00,-7.126353617821999664e-02,-2.467062049772000137e-02,-3.535369749999999756e-01,-7.068001189999999490e-01,2.259952608689999920e+02,2.024000000000000000e+03,1.100000000000000000e+01,2.400000000000000000e+01,1.200000000000000000e+01,1.100000000000000000e+01,5.507845999999999975e+01
4.000605052569999742e+01,-8.303716579467000258e+01,-1.537600000000000078e+00,-1.848400000000000043e+00,1.318996232649940037e+00,-2.916178738029800432e-01,-1.036053541945000100e-01,-3.222026669999999982e-01,-7.370210000000000372e-01,2.267845165079999958e+02,2.024000000000000000e+03,1.100000000000000000e+01,2.400000000000000000e+01,1.200000000000000000e+01,1.100000000000000000e+01,5.513766900000000248e+01
4.000604984067000203e+01,-8.303716688059999740e+01,-1.510899999999999910e+00,-1.862600000000000033e+00,1.829403858001340089e+00,-4.290196315482400213e-01,-3.276941934154000563e-02,-2.972084090000000067e-01,-7.505724999999999758e-01,2.274439553219999937e+02,2.024000000000000000e+03,1.100000000000000000e+01,2.400000000000000000e+01,1.200000000000000000e+01,1.100000000000000000e+01,5.519667700000000110e+01
4.000604903341999830e+01,-8.303716819538999516e+01,-1.483800000000000008e+00,-1.879999999999999893e+00,9.955208759127599505e-01,-1.591940774011000037e-01,-5.601427739151999818e-02,-2.706755029999999840e-01,-7.608523249999999960e-01,2.282360267470000110e+02,2.024000000000000000e+03,1.100000000000000000e+01,2.400000000000000000e+01,1.200000000000000000e+01,1.100000000000000000e+01,5.525559299999999752e+01
4.000604810856999904e+01,-8.303716974668999740e+01,-1.456599999999999895e+00,-1.902800000000000047e+00,9.169419444444200096e-01,-5.513811960141999646e-02,-4.451879634380000519e-03,-2.425689659999999970e-01,-7.832652989999999704e-01,2.291592352739999967e+02,2.024000000000000000e+03,1.100000000000000000e+01,2.400000000000000000e+01,1.200000000000000000e+01,1.100000000000000000e+01,5.531937599999999833e+01
4.000604732856999846e+01,-8.303717108928999835e+01,-1.433999999999999941e+00,-1.918700000000000072e+00,9.454520263572999683e-01,-1.133475520855800056e-01,4.076087282186000027e-02,-2.274747769999999891e-01,-8.100460240000000312e-01,2.299476368580000099e+02,2.024000000000000000e+03,1.100000000000000000e+01,2.400000000000000000e+01,1.200000000000000000e+01,1.100000000000000000e+01,5.537991800000000353e+01
4.000604656256999903e+01,-8.303717244287000199e+01,-1.406400000000000095e+00,-1.934299999999999908e+00,1.580554689017379832e+00,-3.449644318785599628e-01,2.279143921493800018e-01,-2.106674839999999882e-01,-8.339471269999999548e-01,2.307309328089999951e+02,2.024000000000000000e+03,1.100000000000000000e+01,2.400000000000000000e+01,1.200000000000000000e+01,1.100000000000000000e+01,5.543851500000000243e+01
4.000604593549999777e+01,-8.303717357797999910e+01,-1.383499999999999952e+00,-1.944600000000000106e+00,1.003602189003300005e+00,-2.251813344855599919e-01,4.372407172093999844e-02,-2.026931419999999928e-01,-8.437978609999999824e-01,2.313798761749999926e+02,2.024000000000000000e+03,1.100000000000000000e+01,2.400000000000000000e+01,1.200000000000000000e+01,1.100000000000000000e+01,5.549982500000000130e+01
4.000604507413999755e+01,-8.303717518153000299e+01,-1.352800000000000002e+00,-1.971600000000000019e+00,1.287589039813799907e+00,1.669235930909000187e-01,-1.639365055934999815e-01,-2.035050599999999876e-01,-8.584753069999999653e-01,2.322862585459999991e+02,2.024000000000000000e+03,1.100000000000000000e+01,2.400000000000000000e+01,1.200000000000000000e+01,1.100000000000000000e+01,5.556448199999999815e+01
4.000604423587000014e+01,-8.303717681710999443e+01,-1.312899999999999956e+00,-2.019899999999999807e+00,8.701338933769598993e-01,2.399806409674399843e-01,-1.882280097536400132e-01,-1.614739209999999925e-01,-9.113032410000000416e-01,2.331992053870000063e+02,2.024000000000000000e+03,1.100000000000000000e+01,2.400000000000000000e+01,1.200000000000000000e+01,1.100000000000000000e+01,5.562785199999999719e+01
4.000604353810999925e+01,-8.303717825060999758e+01,-1.277099999999999902e+00,-2.054199999999999804e+00,1.399210235557019955e+00,6.044172272338000501e-02,-1.316849082673000049e-01,-6.688194299999999926e-02,-1.001719000000000026e+00,2.339824521559999937e+02,2.024000000000000000e+03,1.100000000000000000e+01,2.400000000000000000e+01,1.200000000000000000e+01,1.100000000000000000e+01,5.569336899999999702e+01
4.000604342345000219e+01,-8.303717849068000589e+01,-1.272599999999999953e+00,-2.054300000000000015e+00,1.196981401102259923e+00,-1.428943270743399940e-01,-1.593942328431599831e-01,-4.875472000000000139e-02,-1.018787451999999982e+00,2.341111993780000091e+02,2.024000000000000000e+03,1.100000000000000000e+01,2.400000000000000000e+01,1.200000000000000000e+01,1.100000000000000000e+01,5.575213699999999761e+01
4.000604240063000105e+01,-8.303718064454000114e+01,-1.257900000000000018e+00,-2.039299999999999891e+00,2.032253406106599991e-01,-4.442843963851600408e-01,-2.405557129081200285e-01,-2.425678200000000104e-02,-1.091692950999999967e+00,2.352496600130000104e+02,2.024000000000000000e+03,1.100000000000000000e+01,2.400000000000000000e+01,1.200000000000000000e+01,1.100000000000000000e+01,5.581104599999999749e+01
4.000604150224999955e+01,-8.303718256361000272e+01,-1.243900000000000006e+00,-2.054499999999999993e+00,4.067409206954999967e-01,1.419290714589000191e-01,3.930700111599999829e-04,-8.052630800000000477e-02,-1.121883959000000042e+00,2.362636455630000114e+02,2.024000000000000000e+03,1.100000000000000000e+01,2.400000000000000000e+01,1.200000000000000000e+01,1.100000000000000000e+01,5.587476699999999852e+01
4.000604072424999913e+01,-8.303718425758999899e+01,-1.231600000000000028e+00,-2.074800000000000200e+00,6.513462637805399469e-01,3.236550822440799613e-01,-5.608968304116000031e-02,-1.432150160000000005e-01,-1.168899746999999989e+00,2.371774981389999937e+02,2.024000000000000000e+03,1.100000000000000000e+01,2.400000000000000000e+01,1.200000000000000000e+01,1.100000000000000000e+01,5.593964299999999668e+01
4.000604006545000146e+01,-8.303718572198999937e+01,-1.215300000000000047e+00,-2.089900000000000091e+00,7.691216254605399705e-01,1.886916328979799939e-01,-6.842517299788000718e-02,-2.380099189999999865e-01,-1.227165378000000029e+00,2.379767069000000106e+02,2.024000000000000000e+03,1.100000000000000000e+01,2.400000000000000000e+01,1.200000000000000000e+01,1.100000000000000000e+01,5.599885299999999688e+01
4.000603942077000141e+01,-8.303718719949999638e+01,-1.178399999999999892e+00,-2.111699999999999910e+00,2.147252206017019827e+00,5.992510260100000069e-03,-1.524328504834200071e-01,-3.595098039999999884e-01,-1.291801712000000046e+00,2.387860960950000049e+02,2.024000000000000000e+03,1.100000000000000000e+01,2.400000000000000000e+01,1.200000000000000000e+01,1.100000000000000000e+01,5.605797799999999853e+01
4.000603880474999841e+01,-8.303718869450999307e+01,-1.110899999999999999e+00,-2.138100000000000112e+00,3.484810692069079785e+00,-6.057632921648199442e-01,6.726631774498000038e-02,-4.267624660000000070e-01,-1.342353877000000084e+00,2.395935527919999970e+02,2.024000000000000000e+03,1.100000000000000000e+01,2.400000000000000000e+01,1.200000000000000000e+01,1.100000000000000000e+01,5.611686199999999758e+01
4.000603831718999714e+01,-8.303718995417999338e+01,-1.063199999999999923e+00,-2.158999999999999808e+00,1.999749196237040172e+00,-2.557842239552199914e-01,7.016453214416000506e-02,-4.222356449999999928e-01,-1.367189704000000061e+00,2.402703366990000120e+02,2.024000000000000000e+03,1.100000000000000000e+01,2.400000000000000000e+01,1.200000000000000000e+01,1.100000000000000000e+01,5.617548899999999890e+01
4.000603766377999904e+01,-8.303719173653000496e+01,-1.017500000000000071e+00,-2.185400000000000009e+00,2.314630019966239960e+00,5.340741890947999643e-02,7.582483448429999662e-02,-4.020914329999999981e-01,-1.398728742999999941e+00,2.412273252990000003e+02,2.024000000000000000e+03,1.100000000000000000e+01,2.400000000000000000e+01,1.200000000000000000e+01,1.100000000000000000e+01,5.623921699999999646e+01
4.000603712432000236e+01,-8.303719327931999317e+01,-9.837000000000000188e-01,-2.203100000000000058e+00,1.327925793254620013e+00,-2.391820753119999754e-03,-1.022653684343999975e-01,-3.885552469999999925e-01,-1.432683570000000017e+00,2.420542985570000099e+02,2.024000000000000000e+03,1.100000000000000000e+01,2.400000000000000000e+01,1.200000000000000000e+01,1.100000000000000000e+01,5.630477499999999935e+01
4.000603660227000091e+01,-8.303719483369999921e+01,-9.542000000000000481e-01,-2.217400000000000038e+00,1.082305402666019933e+00,-2.084996739182000056e-02,-1.734399702957999945e-01,-3.569803550000000270e-01,-1.464534648999999966e+00,2.428764654160000021e+02,2.024000000000000000e+03,1.100000000000000000e+01,2.400000000000000000e+01,1.200000000000000000e+01,1.100000000000000000e+01,5.636370800000000258e+01
4.000603601041999724e+01,-8.303719665805999739e+01,-9.298999999999999488e-01,-2.229600000000000026e+00,1.087660798287779951e+00,2.217627835261999983e-02,-2.895769664613199734e-01,-3.228072009999999881e-01,-1.491872295000000070e+00,2.438174775139999895e+02,2.024000000000000000e+03,1.100000000000000000e+01,2.400000000000000000e+01,1.200000000000000000e+01,1.100000000000000000e+01,5.642843599999999782e+01
4.000603551342000230e+01,-8.303719822962000308e+01,-9.153000000000000025e-01,-2.240099999999999980e+00,5.628212443828399802e-01,1.268949386080200081e-01,8.056014818670000077e-02,-3.320008480000000151e-01,-1.515646703000000040e+00,2.446150467189999915e+02,2.024000000000000000e+03,1.100000000000000000e+01,2.400000000000000000e+01,1.200000000000000000e+01,1.100000000000000000e+01,5.649307100000000048e+01
4.000603502496999653e+01,-8.303719980783000665e+01,-8.951999999999999957e-01,-2.248400000000000176e+00,4.288276461217799818e-01,-6.535781851638000628e-02,9.442851619935999086e-02,-3.817850850000000240e-01,-1.548348918000000074e+00,2.454189492900000005e+02,2.024000000000000000e+03,1.100000000000000000e+01,2.400000000000000000e+01,1.200000000000000000e+01,1.100000000000000000e+01,5.655246600000000257e+01
4.000603447633000087e+01,-8.303720165724999447e+01,-8.528999999999999915e-01,-2.259700000000000042e+00,1.189453960945060063e+00,-2.190356254841199779e-01,9.066768797943999814e-02,-4.238665710000000253e-01,-1.570033537999999895e+00,2.463713337439999975e+02,2.024000000000000000e+03,1.100000000000000000e+01,2.400000000000000000e+01,1.200000000000000000e+01,1.100000000000000000e+01,5.661921600000000154e+01
4.000603402720999924e+01,-8.303720324913000184e+01,-8.185000000000000053e-01,-2.268100000000000005e+00,1.039548672191640044e+00,-1.461640511713999946e-01,-9.347501723076000191e-02,-4.522603419999999819e-01,-1.565167020000000075e+00,2.471898979370000120e+02,2.024000000000000000e+03,1.100000000000000000e+01,2.400000000000000000e+01,1.200000000000000000e+01,1.100000000000000000e+01,5.667792299999999983e+01
4.000603395395999939e+01,-8.303720351521999987e+01,-8.132000000000000339e-01,-2.270700000000000163e+00,1.090911721510300136e+00,-6.892054269979999703e-02,-6.504606806620000237e-02,-4.599675109999999956e-01,-1.562580537000000103e+00,2.473257264309999925e+02,2.024000000000000000e+03,1.100000000000000000e+01,2.400000000000000000e+01,1.200000000000000000e+01,1.100000000000000000e+01,5.673652100000000331e+01
4.000603325353999651e+01,-8.303720619646999523e+01,-7.455000000000000515e-01,-2.304399999999999782e+00,1.498492802906200128e+00,9.102380492717999927e-02,-5.261249651374200198e-01,-5.294369730000000329e-01,-1.540062972999999946e+00,2.486648468239999943e+02,2.024000000000000000e+03,1.100000000000000000e+01,2.400000000000000000e+01,1.200000000000000000e+01,1.100000000000000000e+01,5.679564899999999739e+01
4.000603285729000191e+01,-8.303720781551000130e+01,-7.200999999999999623e-01,-2.317200000000000149e+00,1.027597087357359884e+00,7.644784237497999346e-02,-4.345513321812000118e-02,-5.448710350000000036e-01,-1.533669589999999916e+00,2.494819824280000091e+02,2.024000000000000000e+03,1.100000000000000000e+01,2.400000000000000000e+01,1.200000000000000000e+01,1.100000000000000000e+01,5.685467400000000282e+01
4.000603241246000152e+01,-8.303720970691000502e+01,-6.866999999999999771e-01,-2.321000000000000174e+00,8.893023792455200249e-01,-2.348893612023600086e-01,-8.431786873061999921e-02,-5.658244519999999778e-01,-1.514486194000000063e+00,2.504493427110000141e+02,2.024000000000000000e+03,1.100000000000000000e+01,2.400000000000000000e+01,1.200000000000000000e+01,1.100000000000000000e+01,5.691846000000000316e+01
4.000603204477999952e+01,-8.303721132795000415e+01,-6.695999999999999730e-01,-2.318000000000000060e+00,4.580557782989799764e-01,-2.301807333871400130e-01,2.688659251560000102e-02,-6.182311099999999726e-01,-1.461814254000000091e+00,2.512658806880000100e+02,2.024000000000000000e+03,1.100000000000000000e+01,2.400000000000000000e+01,1.200000000000000000e+01,1.100000000000000000e+01,5.698338799999999793e+01
4.000603168525000086e+01,-8.303721294876000059e+01,-6.569000000000000394e-01,-2.319100000000000161e+00,1.919219704625600154e-01,-5.426430535520000188e-03,-5.043383250205999563e-02,-7.233838200000000107e-01,-1.382989589999999991e+00,2.520691574999999887e+02,2.024000000000000000e+03,1.100000000000000000e+01,2.400000000000000000e+01,1.200000000000000000e+01,1.100000000000000000e+01,5.704255400000000265e+01
4.000603128160999944e+01,-8.303721484928000507e+01,-6.205000000000000515e-01,-2.339599999999999902e+00,1.153957591149439965e+00,2.605032173012800101e-01,3.900224159537200030e-01,-8.506007690000000343e-01,-1.298629585999999891e+00,2.530146679370000129e+02,2.024000000000000000e+03,1.100000000000000000e+01,2.400000000000000000e+01,1.200000000000000000e+01,1.100000000000000000e+01,5.710775000000000290e+01
4.000603100781000165e+01,-8.303721621648000450e+01,-5.894000000000000350e-01,-2.352100000000000080e+00,2.004039042495679990e+00,1.125243789436400077e-01,3.586256054292999984e-01,-9.264307859999999506e-01,-1.265332711999999971e+00,2.536948917370000061e+02,2.024000000000000000e+03,1.100000000000000000e+01,2.400000000000000000e+01,1.200000000000000000e+01,1.100000000000000000e+01,5.716621399999999653e+01
4.000603065306000161e+01,-8.303721814035000648e+01,-5.312000000000000055e-01,-2.363100000000000200e+00,1.718884548517799926e+00,-1.125227136976999914e-01,2.646833448616999762e-01,-1.013500223000000089e+00,-1.208553986999999941e+00,2.546436196950000124e+02,2.024000000000000000e+03,1.100000000000000000e+01,2.400000000000000000e+01,1.200000000000000000e+01,1.100000000000000000e+01,5.723056600000000316e+01
4.000603038132000222e+01,-8.303721979469000303e+01,-4.697000000000000064e-01,-2.369000000000000217e+00,3.048011681660120153e+00,-4.851050988969999866e-01,-7.582508102964000130e-02,-1.045726026999999947e+00,-1.147802991999999911e+00,2.554471527359999925e+02,2.024000000000000000e+03,1.100000000000000000e+01,2.400000000000000000e+01,1.200000000000000000e+01,1.100000000000000000e+01,5.729456600000000321e+01
4.000603010527999714e+01,-8.303722172703000126e+01,-4.056000000000000161e-01,-2.366299999999999848e+00,2.456049152356260201e+00,-7.074817049748999276e-01,-5.101294186980000200e-02,-1.022284884999999921e+00,-1.050686320999999923e+00,2.563818583469999908e+02,2.024000000000000000e+03,1.100000000000000000e+01,2.400000000000000000e+01,1.200000000000000000e+01,1.100000000000000000e+01,5.735886299999999949e+01
4.000602989216999816e+01,-8.303722338161999517e+01,-3.760000000000000009e-01,-2.363799999999999901e+00,1.053040358241440044e+00,-2.261500406822999909e-01,-1.591708359808999829e-01,-1.001520744000000018e+00,-9.450461500000000292e-01,2.571886423569999920e+02,2.024000000000000000e+03,1.100000000000000000e+01,2.400000000000000000e+01,1.200000000000000000e+01,1.100000000000000000e+01,5.741788400000000081e+01
4.000602969452000224e+01,-8.303722503567000501e+01,-3.473999999999999866e-01,-2.363999999999999879e+00,1.121698543204100007e+00,-1.821915062185399947e-01,4.532213120000000574e-05,-9.966047999999999574e-01,-8.398161619999999772e-01,2.580021438109999963e+02,2.024000000000000000e+03,1.100000000000000000e+01,2.400000000000000000e+01,1.200000000000000000e+01,1.100000000000000000e+01,5.747635900000000220e+01
4.000602954219999674e+01,-8.303722641366999824e+01,-3.235000000000000098e-01,-2.361800000000000122e+00,4.755969423535399976e-01,-1.585507787287799841e-01,1.730106918568000141e-02,-9.856806179999999529e-01,-7.495885930000000252e-01,2.586796116549999738e+02,2.024000000000000000e+03,1.100000000000000000e+01,2.400000000000000000e+01,1.200000000000000000e+01,1.100000000000000000e+01,5.753298300000000154e+01
4.000602937059999675e+01,-8.303722806608999463e+01,-3.064999999999999947e-01,-2.359500000000000153e+00,5.268805677475000282e-01,-1.848550341947600151e-01,2.554766858553199627e-01,-9.831067100000000503e-01,-6.394657959999999752e-01,2.594878214099999809e+02,2.024000000000000000e+03,1.100000000000000000e+01,2.400000000000000000e+01,1.200000000000000000e+01,1.100000000000000000e+01,5.759110700000000094e+01
4.000602921074000307e+01,-8.303722971758000426e+01,-2.819999999999999729e-01,-2.357600000000000140e+00,3.935031237808199744e-01,-1.501117842549199999e-01,6.145668084640000528e-02,-1.009054357999999985e+00,-5.347514020000000423e-01,2.602902135780000208e+02,2.024000000000000000e+03,1.100000000000000000e+01,2.400000000000000000e+01,1.200000000000000000e+01,1.100000000000000000e+01,5.764982400000000240e+01
4.000602911307999676e+01,-8.303723081680999485e+01,-2.591999999999999860e-01,-2.354600000000000026e+00,4.951927735383799822e-01,-1.471202149414599925e-01,4.719742603253999913e-02,-1.033207082999999971e+00,-4.597220929999999983e-01,2.608246660369999859e+02,2.024000000000000000e+03,1.100000000000000000e+01,2.400000000000000000e+01,1.200000000000000000e+01,1.100000000000000000e+01,5.770873499999999723e+01
4.000602904557000272e+01,-8.303723164055999462e+01,-2.379999999999999893e-01,-2.353099999999999969e+00,1.293260033768800055e+00,-3.183285397005600204e-01,2.057050754161799666e-01,-1.040674035999999969e+00,-4.079046009999999778e-01,2.612269478669999785e+02,2.024000000000000000e+03,1.100000000000000000e+01,2.400000000000000000e+01,1.200000000000000000e+01,1.100000000000000000e+01,5.776785600000000187e+01
4.000602889048000321e+01,-8.303723383361999311e+01,-1.905000000000000027e-01,-2.346900000000000208e+00,5.278594756681399547e-01,-1.506320311542199974e-01,2.966980128397999836e-02,-1.055742251999999937e+00,-2.571857730000000064e-01,2.622997621459999777e+02,2.024000000000000000e+03,1.100000000000000000e+01,2.400000000000000000e+01,1.200000000000000000e+01,1.100000000000000000e+01,5.782952900000000085e+01
4.000602879421000324e+01,-8.303723547216000611e+01,-1.565000000000000002e-01,-2.340800000000000214e+00,1.159047103865719963e+00,-3.384908288666400034e-01,3.462431665820000018e-03,-1.080289550000000043e+00,-1.481586390000000086e-01,2.631078608170000166e+02,2.024000000000000000e+03,1.100000000000000000e+01,2.400000000000000000e+01,1.200000000000000000e+01,1.100000000000000000e+01,5.789520000000000266e+01
4.000602868973000170e+01,-8.303723792009999727e+01,-9.389999999999999736e-02,-2.326700000000000212e+00,1.359068047722080008e+00,-4.505505525029799840e-01,2.799003130562000355e-02,-1.097028813999999963e+00,2.522517200000000057e-02,2.643181390589999751e+02,2.024000000000000000e+03,1.100000000000000000e+01,2.400000000000000000e+01,1.200000000000000000e+01,1.100000000000000000e+01,5.795360999999999763e+01
4.000602864678000259e+01,-8.303723954525000295e+01,-6.049999999999999822e-02,-2.319799999999999862e+00,1.005202931624640028e+00,-3.135981343425000012e-01,1.674748017267600197e-01,-1.081603920000000052e+00,1.412117300000000075e-01,2.651283715270000130e+02,2.024000000000000000e+03,1.100000000000000000e+01,2.400000000000000000e+01,1.200000000000000000e+01,1.100000000000000000e+01,5.801172300000000348e+01
4.000602861960999945e+01,-8.303724116396000454e+01,-3.209999999999999659e-02,-2.309899999999999842e+00,1.483724744785960059e+00,-6.093102173808999655e-01,2.413560706720599969e-01,-1.089752725999999949e+00,2.458834890000000106e-01,2.659480389949999903e+02,2.024000000000000000e+03,1.100000000000000000e+01,2.400000000000000000e+01,1.200000000000000000e+01,1.100000000000000000e+01,5.807053799999999910e+01
4.000602860869999944e+01,-8.303724277640000651e+01,1.000000000000000048e-04,-2.299999999999999822e+00,1.734377085680740116e+00,-5.625952646841000382e-01,3.171758601592000182e-01,-1.103213906999999994e+00,3.452111079999999887e-01,2.667750720839999872e+02,2.024000000000000000e+03,1.100000000000000000e+01,2.400000000000000000e+01,1.200000000000000000e+01,1.100000000000000000e+01,5.812885099999999738e+01
4.000602861632000184e+01,-8.303724438238999994e+01,3.570000000000000256e-02,-2.289499999999999869e+00,1.256969169289199995e+00,-4.275131972225799659e-01,1.422741089159000050e-01,-1.106649162000000075e+00,4.398815799999999943e-01,2.676036335709999889e+02,2.024000000000000000e+03,1.100000000000000000e+01,2.400000000000000000e+01,1.200000000000000000e+01,1.100000000000000000e+01,5.818731600000000270e+01
4.000602863787000274e+01,-8.303724571445999914e+01,6.669999999999999540e-02,-2.281800000000000050e+00,1.222985169290740082e+00,-3.451146802510200451e-01,3.030719716369599803e-01,-1.096415641999999968e+00,5.121102640000000372e-01,2.682877630230000250e+02,2.024000000000000000e+03,1.100000000000000000e+01,2.400000000000000000e+01,1.200000000000000000e+01,1.100000000000000000e+01,5.824516299999999802e+01
4.000602868147999658e+01,-8.303724730748000127e+01,9.990000000000000269e-02,-2.270999999999999908e+00,5.055154565178600068e-01,-1.729065750895399933e-01,5.016313949462000016e-02,-1.089696181999999958e+00,5.845979369999999564e-01,2.690974109780000276e+02,2.024000000000000000e+03,1.100000000000000000e+01,2.400000000000000000e+01,1.200000000000000000e+01,1.100000000000000000e+01,5.830409999999999826e+01
4.000602874143000065e+01,-8.303724889141000176e+01,1.264000000000000123e-01,-2.257699999999999818e+00,7.834745017935599298e-01,-4.059188184944400035e-01,1.966264327983200111e-01,-1.094651038999999937e+00,6.454016230000000354e-01,2.699009828800000150e+02,2.024000000000000000e+03,1.100000000000000000e+01,2.400000000000000000e+01,1.200000000000000000e+01,1.100000000000000000e+01,5.836168800000000090e+01
4.000602881875000350e+01,-8.303725046651000241e+01,1.600999999999999923e-01,-2.244099999999999984e+00,4.746591961190999576e-01,-2.286813964355199902e-01,2.272286189885999730e-02,-1.091742216999999959e+00,6.924126459999999650e-01,2.707155390739999916e+02,2.024000000000000000e+03,1.100000000000000000e+01,2.400000000000000000e+01,1.200000000000000000e+01,1.100000000000000000e+01,5.842037100000000294e+01
4.000602891166000319e+01,-8.303725203019999412e+01,1.864999999999999991e-01,-2.226300000000000168e+00,8.312346147670799379e-01,-5.420722194270800598e-01,-1.193394924870400109e-01,-1.084293785999999926e+00,7.409691510000000481e-01,2.715419202609999729e+02,2.024000000000000000e+03,1.100000000000000000e+01,2.400000000000000000e+01,1.200000000000000000e+01,1.100000000000000000e+01,5.847914899999999960e+01
4.000602899988000161e+01,-8.303725332460000175e+01,2.109000000000000041e-01,-2.215199999999999836e+00,1.453958850333000097e+00,-5.571057416588600653e-01,2.396481010495200015e-01,-1.090790356000000072e+00,7.780712789999999490e-01,2.722330337409999856e+02,2.024000000000000000e+03,1.100000000000000000e+01,2.400000000000000000e+01,1.200000000000000000e+01,1.100000000000000000e+01,5.853807199999999966e+01
4.000602912133000189e+01,-8.303725487015999818e+01,2.469999999999999973e-01,-2.200499999999999901e+00,2.064927106321659878e+00,-6.819528209727799828e-01,4.075615630304000314e-01,-1.103717405000000040e+00,7.988827309999999571e-01,2.730612025909999829e+02,2.024000000000000000e+03,1.100000000000000000e+01,2.400000000000000000e+01,1.200000000000000000e+01,1.100000000000000000e+01,5.859686599999999856e+01
4.000602926335999854e+01,-8.303725640263000685e+01,2.846000000000000196e-01,-2.177200000000000024e+00,1.374928919315539844e+00,-6.933819163512600081e-01,9.109750212678000003e-02,-1.101941634999999975e+00,8.149331220000000098e-01,2.738846053039999902e+02,2.024000000000000000e+03,1.100000000000000000e+01,2.400000000000000000e+01,1.200000000000000000e+01,1.100000000000000000e+01,5.865578099999999750e+01
4.000602936914000196e+01,-8.303725741412000616e+01,3.098000000000000198e-01,-2.161000000000000032e+00,2.055917854597479888e+00,-1.047183038208040040e+00,7.774790740099999688e-03,-1.090023747999999904e+00,8.317485079999999975e-01,2.744322532470000056e+02,2.024000000000000000e+03,1.100000000000000000e+01,2.400000000000000000e+01,1.200000000000000000e+01,1.100000000000000000e+01,5.871486500000000319e+01
4.000602945464000015e+01,-8.303725816895000378e+01,3.276999999999999913e-01,-2.150599999999999845e+00,1.289389060081340022e+00,-6.310949256045399469e-01,9.019056136113999533e-02,-1.079180589999999995e+00,8.448767419999999584e-01,2.748437368109999852e+02,2.024000000000000000e+03,1.100000000000000000e+01,2.400000000000000000e+01,1.200000000000000000e+01,1.100000000000000000e+01,5.877612799999999993e+01
4.000602976857999948e+01,-8.303726065811000012e+01,3.734999999999999987e-01,-2.117799999999999905e+00,9.056743059317400313e-01,-5.608846956422800512e-01,-2.041819647362000043e-02,-1.046341447000000091e+00,8.684147749999999721e-01,2.762179753109999751e+02,2.024000000000000000e+03,1.100000000000000000e+01,2.400000000000000000e+01,1.200000000000000000e+01,1.100000000000000000e+01,5.883472900000000294e+01
4.000603001438000206e+01,-8.303726237323000703e+01,4.108999999999999875e-01,-2.085999999999999854e+00,1.094017148398540140e+00,-7.675401798070400350e-01,8.631732757660000310e-03,-1.026782899999999943e+00,8.833187759999999722e-01,2.771732022909999955e+02,2.024000000000000000e+03,1.100000000000000000e+01,2.400000000000000000e+01,1.200000000000000000e+01,1.100000000000000000e+01,5.889327200000000317e+01
4.000603024091000037e+01,-8.303726382415000273e+01,4.360999999999999877e-01,-2.061999999999999833e+00,1.124381288544780144e+00,-6.686394293103000708e-01,1.885036577460399987e-01,-9.973514110000000210e-01,9.024963539999999451e-01,2.779858318779999991e+02,2.024000000000000000e+03,1.100000000000000000e+01,2.400000000000000000e+01,1.200000000000000000e+01,1.100000000000000000e+01,5.894956400000000230e+01
4.000603051945999766e+01,-8.303726549657000078e+01,4.544000000000000261e-01,-2.036300000000000221e+00,6.056970298979600376e-01,-6.263127030308199839e-01,4.353388568120000399e-03,-9.715402180000000110e-01,9.223268890000000386e-01,2.789338127600000234e+02,2.024000000000000000e+03,1.100000000000000000e+01,2.400000000000000000e+01,1.200000000000000000e+01,1.100000000000000000e+01,5.901746800000000093e+01
4.000603077064000246e+01,-8.303726691298000162e+01,4.796000000000000263e-01,-2.013500000000000068e+00,4.785140383121999630e-01,-2.887282988507199888e-01,-1.654668318999999790e-02,-9.715716189999999974e-01,9.296549640000000281e-01,2.797440826519999746e+02,2.024000000000000000e+03,1.100000000000000000e+01,2.400000000000000000e+01,1.200000000000000000e+01,1.100000000000000000e+01,5.908541000000000309e+01
4.000603103878999889e+01,-8.303726831257999663e+01,5.149000000000000243e-01,-1.987400000000000055e+00,1.231876531929940066e+00,-6.687756844291999903e-01,-4.644595009754000359e-02,-9.548351320000000308e-01,9.257775879999999846e-01,2.805561690270000099e+02,2.024000000000000000e+03,1.100000000000000000e+01,2.400000000000000000e+01,1.200000000000000000e+01,1.100000000000000000e+01,5.914540699999999873e+01
4.000603127382999702e+01,-8.303726946369999951e+01,5.341000000000000192e-01,-1.962900000000000089e+00,1.432355085333139932e+00,-1.205767984208160115e+00,-4.409623281587999460e-02,-9.302309730000000165e-01,9.222792909999999456e-01,2.812361295719999816e+02,2.024000000000000000e+03,1.100000000000000000e+01,2.400000000000000000e+01,1.200000000000000000e+01,1.100000000000000000e+01,5.920357899999999773e+01
4.000603161549000220e+01,-8.303727105218000304e+01,5.554000000000000048e-01,-1.927300000000000013e+00,8.269719779930999604e-01,-8.947975319187000398e-01,4.388254700692000021e-02,-9.214258389999999688e-01,9.263194150000000349e-01,2.821930939299999750e+02,2.024000000000000000e+03,1.100000000000000000e+01,2.400000000000000000e+01,1.200000000000000000e+01,1.100000000000000000e+01,5.926274099999999834e+01
4.000603269556000186e+01,-8.303727543072000117e+01,6.417000000000000481e-01,-1.828000000000000069e+00,1.366352274060860017e+00,-1.219737202016680122e+00,8.432805707068000145e-02,-8.471339119999999889e-01,9.528136950000000160e-01,2.849487622739999892e+02,2.024000000000000000e+03,1.100000000000000000e+01,2.400000000000000000e+01,1.200000000000000000e+01,1.100000000000000000e+01,5.946629000000000076e+01
4.000603316541999988e+01,-8.303727711831000136e+01,6.676999999999999602e-01,-1.788200000000000012e+00,4.728747641384200007e-01,-3.929331389958599652e-01,-6.843541508004000185e-02,-8.232960689999999637e-01,9.590573390000000087e-01,2.860596001100000194e+02,2.024000000000000000e+03,1.100000000000000000e+01,2.400000000000000000e+01,1.200000000000000000e+01,1.100000000000000000e+01,5.953934000000000282e+01
4.000603353206000179e+01,-8.303727835898999388e+01,6.918999999999999595e-01,-1.758599999999999941e+00,9.888140037360600987e-01,-7.307061705951799491e-01,1.429478567122000054e-02,-7.930660099999999879e-01,9.618811189999999511e-01,2.868973697609999931e+02,2.024000000000000000e+03,1.100000000000000000e+01,2.400000000000000000e+01,1.200000000000000000e+01,1.100000000000000000e+01,5.960334799999999689e+01
4.000603397337000189e+01,-8.303727978032000578e+01,7.104000000000000314e-01,-1.725300000000000056e+00,1.095252002859760099e+00,-1.126025374859820127e+00,1.391498200773599869e-01,-7.571662329999999663e-01,9.595305370000000167e-01,2.878738034990000187e+02,2.024000000000000000e+03,1.100000000000000000e+01,2.400000000000000000e+01,1.200000000000000000e+01,1.100000000000000000e+01,5.967470000000000141e+01
4.000603410134999649e+01,-8.303728018143999634e+01,7.146000000000000130e-01,-1.715000000000000080e+00,6.771154303881399272e-01,-8.109123813217800070e-01,2.410844413161999933e-02,-7.514336209999999960e-01,9.593258230000000220e-01,2.881519001529999855e+02,2.024000000000000000e+03,1.100000000000000000e+01,2.400000000000000000e+01,1.200000000000000000e+01,1.100000000000000000e+01,5.973617099999999880e+01
4.000603475887999849e+01,-8.303728214999999580e+01,7.475000000000000533e-01,-1.661200000000000010e+00,8.896530622024400037e-01,-8.242209908282999153e-01,-1.701348590896400170e-01,-7.137624959999999685e-01,9.641294639999999916e-01,2.895376955450000196e+02,2.024000000000000000e+03,1.100000000000000000e+01,2.400000000000000000e+01,1.200000000000000000e+01,1.100000000000000000e+01,5.979843000000000330e+01
4.000603516449000097e+01,-8.303728329915999495e+01,7.631999999999999895e-01,-1.629699999999999926e+00,7.634849774842600301e-01,-7.941437825692599928e-01,-1.361947399268600145e-01,-6.840826020000000396e-01,9.747152810000000445e-01,2.903672641649999946e+02,2.024000000000000000e+03,1.100000000000000000e+01,2.400000000000000000e+01,1.200000000000000000e+01,1.100000000000000000e+01,5.985858400000000046e+01
4.000603550686999910e+01,-8.303728423956999904e+01,7.714999999999999636e-01,-1.605499999999999927e+00,5.963291439113199699e-01,-7.989276590836400516e-01,-8.121269034170000567e-02,-6.682980269999999612e-01,9.837619499999999961e-01,2.910594043099999908e+02,2.024000000000000000e+03,1.100000000000000000e+01,2.400000000000000000e+01,1.200000000000000000e+01,1.100000000000000000e+01,5.991797600000000301e+01
4.000603606546999913e+01,-8.303728571496000654e+01,7.934999999999999831e-01,-1.567199999999999926e+00,4.389246693097599294e-01,-3.344381291400800316e-01,4.384177499153999596e-02,-6.562579680000000248e-01,9.966235500000000247e-01,2.921678011199999787e+02,2.024000000000000000e+03,1.100000000000000000e+01,2.400000000000000000e+01,1.200000000000000000e+01,1.100000000000000000e+01,5.997739099999999723e+01
4.000603649464999734e+01,-8.303728679735999663e+01,8.080000000000000515e-01,-1.536699999999999955e+00,7.808442621240400117e-01,-7.317878969308999615e-01,-3.399959827994000067e-02,-6.327443219999999702e-01,1.001073461999999914e+00,2.929966609699999935e+02,2.024000000000000000e+03,1.100000000000000000e+01,2.400000000000000000e+01,1.200000000000000000e+01,1.200000000000000000e+01,3.684599999999999681e-02
4.000603685699999801e+01,-8.303728768288000595e+01,8.164000000000000146e-01,-1.512299999999999978e+00,1.024079656607139954e+00,-1.138351516830860000e+00,-1.360506460292600084e-01,-6.155376809999999477e-01,1.009591700000000092e+00,2.936792749300000196e+02,2.024000000000000000e+03,1.100000000000000000e+01,2.400000000000000000e+01,1.200000000000000000e+01,1.200000000000000000e+01,9.606900000000000162e-02
4.000603729745999715e+01,-8.303728872822000540e+01,8.266999999999999904e-01,-1.483500000000000041e+00,3.446741023177800067e-01,-3.718741538987599959e-01,1.154933439200000068e-03,-6.052525300000000108e-01,1.023739101000000096e+00,2.944859064159999775e+02,2.024000000000000000e+03,1.100000000000000000e+01,2.400000000000000000e+01,1.200000000000000000e+01,1.200000000000000000e+01,1.542050000000000087e-01
4.000603774409999858e+01,-8.303728975375000232e+01,8.400999999999999579e-01,-1.456399999999999917e+00,7.844151202665600175e-01,-6.061657033295200225e-01,-3.779620807715999842e-02,-5.952788209999999580e-01,1.036254036000000101e+00,2.952842096570000194e+02,2.024000000000000000e+03,1.100000000000000000e+01,2.400000000000000000e+01,1.200000000000000000e+01,1.200000000000000000e+01,2.128210000000000102e-01
4.000603819943999895e+01,-8.303729075920999492e+01,8.578000000000000069e-01,-1.425999999999999934e+00,9.443682842444799386e-01,-6.596109575316000395e-01,1.195967693367999858e-02,-5.719090390000000079e-01,1.039204170000000094e+00,2.960821692360000270e+02,2.024000000000000000e+03,1.100000000000000000e+01,2.400000000000000000e+01,1.200000000000000000e+01,1.200000000000000000e+01,2.710199999999999831e-01
4.000603874037000196e+01,-8.303729190532999382e+01,8.712999999999999634e-01,-1.390500000000000069e+00,8.304238480853000093e-01,-7.552739340932399514e-01,1.278989333448000108e-02,-5.349914040000000037e-01,1.035218806000000047e+00,2.970140821480000000e+02,2.024000000000000000e+03,1.100000000000000000e+01,2.400000000000000000e+01,1.200000000000000000e+01,1.200000000000000000e+01,3.370759999999999867e-01
4.000603913055000049e+01,-8.303729270454999778e+01,8.783999999999999586e-01,-1.362200000000000077e+00,1.268072261880500040e+00,-1.217177835608959979e+00,2.930590136975999918e-02,-5.151874050000000427e-01,1.036954968000000088e+00,2.976788034869999819e+02,2.024000000000000000e+03,1.100000000000000000e+01,2.400000000000000000e+01,1.200000000000000000e+01,1.200000000000000000e+01,3.977589999999999737e-01
4.000603960443000062e+01,-8.303729364359999465e+01,8.881000000000000005e-01,-1.330600000000000005e+00,7.868429905017000348e-01,-7.748370257945199624e-01,3.580642215192000183e-02,-4.856681930000000258e-01,1.042177528000000075e+00,2.984716934780000201e+02,2.024000000000000000e+03,1.100000000000000000e+01,2.400000000000000000e+01,1.200000000000000000e+01,1.200000000000000000e+01,4.572430000000000105e-01
4.000604048408000324e+01,-8.303729531425000232e+01,8.982999999999999874e-01,-1.282499999999999973e+00,5.509110934581400443e-01,-6.534118079122600564e-01,-1.093493053160599915e-01,-4.326958009999999910e-01,1.045998784000000015e+00,2.999008261500000003e+02,2.024000000000000000e+03,1.100000000000000000e+01,2.400000000000000000e+01,1.200000000000000000e+01,1.200000000000000000e+01,5.638600000000000279e-01
4.000604104802000194e+01,-8.303729634587999442e+01,9.026999999999999469e-01,-1.252899999999999903e+00,5.900446941149799507e-01,-6.694394990452600114e-01,-2.158622333690400075e-01,-4.094139940000000033e-01,1.047972278999999896e+00,3.007945121829999948e+02,2.024000000000000000e+03,1.100000000000000000e+01,2.400000000000000000e+01,1.200000000000000000e+01,1.200000000000000000e+01,6.292389999999999928e-01
4.000604145338999729e+01,-8.303729706801999555e+01,9.079000000000000403e-01,-1.233600000000000030e+00,5.500711642284999980e-01,-5.424457332244799757e-01,-1.637962138237200049e-01,-3.950334999999999819e-01,1.050322315000000062e+00,3.014277669520000131e+02,2.024000000000000000e+03,1.100000000000000000e+01,2.400000000000000000e+01,1.200000000000000000e+01,1.200000000000000000e+01,6.891399999999999748e-01
4.000604153489999959e+01,-8.303729721116999940e+01,9.102000000000000091e-01,-1.230099999999999971e+00,5.857288992996400045e-01,-4.979928447859800489e-01,-1.056331177125799936e-01,-3.918666319999999925e-01,1.050700782000000055e+00,3.015544527810000091e+02,2.024000000000000000e+03,1.100000000000000000e+01,2.400000000000000000e+01,1.200000000000000000e+01,1.200000000000000000e+01,7.486099999999999977e-01
4.000604161647000012e+01,-8.303729735397000411e+01,9.118000000000000549e-01,-1.227000000000000091e+00,6.093118116405999984e-01,-4.513917280379599606e-01,-6.769714275902000145e-02,-3.905510660000000023e-01,1.050340049999999970e+00,3.016811695449999888e+02,2.024000000000000000e+03,1.100000000000000000e+01,2.400000000000000000e+01,1.200000000000000000e+01,1.200000000000000000e+01,8.089570000000000372e-01
4.000604169801999888e+01,-8.303729749551000339e+01,9.142000000000000126e-01,-1.221899999999999986e+00,1.028818442781679998e+00,-7.233538139549600121e-01,-1.222142865338399914e-01,-3.888080850000000255e-01,1.051269728000000070e+00,3.018085454139999797e+02,2.024000000000000000e+03,1.100000000000000000e+01,2.400000000000000000e+01,1.200000000000000000e+01,1.200000000000000000e+01,8.675239999999999618e-01
4.000604219368999992e+01,-8.303729833936999682e+01,9.310000000000000497e-01,-1.197300000000000031e+00,9.244356438287800737e-01,-3.683858921909000106e-01,1.634091550725999889e-02,-3.647067429999999999e-01,1.055720256999999940e+00,3.025701442839999800e+02,2.024000000000000000e+03,1.100000000000000000e+01,2.400000000000000000e+01,1.200000000000000000e+01,1.200000000000000000e+01,9.275670000000000304e-01
4.000604363446999656e+01,-8.303730064066000693e+01,9.736000000000000210e-01,-1.148500000000000076e+00,6.014859513079799935e-01,-3.068318535116000209e-02,-7.561418035640000805e-03,-2.439270090000000002e-01,1.062046354000000026e+00,3.047184466369999996e+02,2.024000000000000000e+03,1.100000000000000000e+01,2.400000000000000000e+01,1.200000000000000000e+01,1.200000000000000000e+01,9.858440000000000536e-01
4.000604451419999918e+01,-8.303730196329000535e+01,1.004299999999999971e+00,-1.138700000000000045e+00,5.234146769213400274e-01,2.280264291960000245e-01,2.622458287199999931e-04,-1.745930499999999996e-01,1.070987466000000055e+00,3.059906322749999958e+02,2.024000000000000000e+03,1.100000000000000000e+01,2.400000000000000000e+01,1.200000000000000000e+01,1.200000000000000000e+01,1.045274999999999954e+00
4.000604505402999678e+01,-8.303730275338000411e+01,1.018100000000000005e+00,-1.137499999999999956e+00,3.705760875798799758e-01,2.451016299225799722e-01,3.040789386688000362e-02,-1.388085380000000091e-01,1.067181837999999994e+00,3.067533913500000153e+02,2.024000000000000000e+03,1.100000000000000000e+01,2.400000000000000000e+01,1.200000000000000000e+01,1.200000000000000000e+01,1.105547999999999975e+00
4.000604560071000293e+01,-8.303730354287999660e+01,1.029900000000000038e+00,-1.136100000000000110e+00,3.462901534311800256e-01,2.049900506154400115e-01,8.693957390471999946e-02,-1.282199830000000096e-01,1.060065013000000000e+00,3.075144109020000087e+02,2.024000000000000000e+03,1.100000000000000000e+01,2.400000000000000000e+01,1.200000000000000000e+01,1.200000000000000000e+01,1.164817999999999909e+00
4.000604615446000167e+01,-8.303730432964999864e+01,1.046200000000000019e+00,-1.130500000000000060e+00,6.070719453338400129e-01,2.405313578232199934e-01,-3.534635707180000530e-02,-1.389698510000000053e-01,1.057681757999999972e+00,3.082766839349999941e+02,2.024000000000000000e+03,1.100000000000000000e+01,2.400000000000000000e+01,1.200000000000000000e+01,1.200000000000000000e+01,1.223209999999999908e+00
4.000604672091999703e+01,-8.303730511365999689e+01,1.072200000000000042e+00,-1.125099999999999989e+00,7.849517710673600268e-01,4.240478942907199844e-01,-4.615434136420000499e-02,-1.405391810000000130e-01,1.062244734000000079e+00,3.090480135829999995e+02,2.024000000000000000e+03,1.100000000000000000e+01,2.400000000000000000e+01,1.200000000000000000e+01,1.200000000000000000e+01,1.282502999999999949e+00
4.000604730225000338e+01,-8.303730589436000287e+01,1.104000000000000092e+00,-1.122600000000000042e+00,8.897919078025399164e-01,6.563532267417599986e-01,-5.130409108440000393e-02,-1.319054440000000106e-01,1.070788442000000007e+00,3.098304528549999759e+02,2.024000000000000000e+03,1.100000000000000000e+01,2.400000000000000000e+01,1.200000000000000000e+01,1.200000000000000000e+01,1.341747000000000023e+00
4.000604790273000333e+01,-8.303730667325000070e+01,1.141899999999999915e+00,-1.119499999999999940e+00,1.024934935058900098e+00,7.644260649932599350e-01,-6.946767163064000716e-02,-1.114489349999999990e-01,1.077303305000000044e+00,3.106100171969999906e+02,2.024000000000000000e+03,1.100000000000000000e+01,2.400000000000000000e+01,1.200000000000000000e+01,1.200000000000000000e+01,1.401542999999999983e+00
4.000604841882000073e+01,-8.303730732209000109e+01,1.172600000000000087e+00,-1.121099999999999985e+00,9.141297186048200629e-01,8.625682797752399766e-01,7.091926423514000044e-02,-8.473399800000000481e-02,1.079660614000000018e+00,3.112540981820000070e+02,2.024000000000000000e+03,1.100000000000000000e+01,2.400000000000000000e+01,1.200000000000000000e+01,1.200000000000000000e+01,1.461160000000000014e+00
4.000604916353000107e+01,-8.303730823405000194e+01,1.211200000000000054e+00,-1.127699999999999925e+00,3.383601158464399905e-01,4.474009074791600038e-01,5.074152804894000585e-02,-4.785906300000000030e-02,1.074608022999999912e+00,3.121484042860000159e+02,2.024000000000000000e+03,1.100000000000000000e+01,2.400000000000000000e+01,1.200000000000000000e+01,1.200000000000000000e+01,1.519592999999999972e+00
4.000604981994000298e+01,-8.303730902130000402e+01,1.239999999999999991e+00,-1.136100000000000110e+00,5.452954121036399648e-01,8.576266417604000436e-01,8.421493407841999790e-02,-2.351430399999999976e-02,1.060141674999999895e+00,3.129190377780000176e+02,2.024000000000000000e+03,1.100000000000000000e+01,2.400000000000000000e+01,1.200000000000000000e+01,1.200000000000000000e+01,1.578908999999999896e+00
4.000605049197999818e+01,-8.303730981379000298e+01,1.268499999999999961e+00,-1.142200000000000104e+00,5.831532220979800396e-01,8.215858752596000292e-01,4.485858076405999789e-02,-1.424886900000000081e-02,1.040741397999999984e+00,3.137011004999999955e+02,2.024000000000000000e+03,1.100000000000000000e+01,2.400000000000000000e+01,1.200000000000000000e+01,1.200000000000000000e+01,1.638673999999999964e+00
4.000605106394999666e+01,-8.303731047524000530e+01,1.294000000000000039e+00,-1.142400000000000082e+00,7.122919093158800452e-01,7.676994382589600319e-01,-5.300839347604000690e-02,-1.337245400000000063e-02,1.026052783999999996e+00,3.143616291409999803e+02,2.024000000000000000e+03,1.100000000000000000e+01,2.400000000000000000e+01,1.200000000000000000e+01,1.200000000000000000e+01,1.697737999999999969e+00
4.000605129657999726e+01,-8.303731074089999709e+01,1.304100000000000037e+00,-1.142800000000000038e+00,6.927881684361200110e-01,7.579977722153600217e-01,-4.397536111558000144e-02,-1.308009100000000029e-02,1.019321139000000098e+00,3.146273263909999969e+02,2.024000000000000000e+03,1.100000000000000000e+01,2.400000000000000000e+01,1.200000000000000000e+01,1.200000000000000000e+01,1.756415999999999977e+00
4.000605261044000116e+01,-8.303731219789000306e+01,1.370400000000000063e+00,-1.139899999999999913e+00,9.759523032142999321e-01,8.387677584309199963e-01,-1.067976522470199946e-01,-2.654562300000000083e-02,9.856989910000000243e-01,3.161107640280000055e+02,2.024000000000000000e+03,1.100000000000000000e+01,2.400000000000000000e+01,1.200000000000000000e+01,1.200000000000000000e+01,1.823085999999999984e+00
4.000605322978999823e+01,-8.303731285682999896e+01,1.403499999999999970e+00,-1.133999999999999897e+00,1.066935384464380077e+00,7.908922190125400320e-01,-1.276302657340200042e-01,-2.679252600000000054e-02,9.665597879999999753e-01,3.167983976489999804e+02,2.024000000000000000e+03,1.100000000000000000e+01,2.400000000000000000e+01,1.200000000000000000e+01,1.200000000000000000e+01,1.889529999999999932e+00
4.000605425175000107e+01,-8.303731390234000287e+01,1.457899999999999974e+00,-1.120400000000000063e+00,1.216554766436539925e+00,8.369370148241199736e-01,-2.044405930419999906e-02,-9.403521999999999229e-03,9.434575099999999992e-01,3.179206669929999975e+02,2.024000000000000000e+03,1.100000000000000000e+01,2.400000000000000000e+01,1.200000000000000000e+01,1.200000000000000000e+01,1.954212999999999978e+00
4.000605504549000102e+01,-8.303731468021000239e+01,1.502199999999999980e+00,-1.115099999999999980e+00,1.101603272110160070e+00,1.022125433999240052e+00,5.081540153886000138e-02,1.413004799999999922e-02,9.321519969999999544e-01,3.187766214860000105e+02,2.024000000000000000e+03,1.100000000000000000e+01,2.400000000000000000e+01,1.200000000000000000e+01,1.200000000000000000e+01,2.014123000000000108e+00
4.000605600451000043e+01,-8.303731558533999646e+01,1.562300000000000022e+00,-1.114400000000000057e+00,5.731600929231600583e-01,6.673004885779799666e-01,1.549319447957999904e-02,4.299233000000000221e-02,9.156963019999999620e-01,3.197882587679999915e+02,2.024000000000000000e+03,1.100000000000000000e+01,2.400000000000000000e+01,1.200000000000000000e+01,1.200000000000000000e+01,2.084439000000000153e+00
4.000605685589999894e+01,-8.303731635952000545e+01,1.612800000000000011e+00,-1.111799999999999899e+00,1.192695271847520111e+00,1.280564669636780062e+00,9.611299322350000396e-02,7.798449400000000142e-02,8.927621159999999945e-01,3.206636034819999850e+02,2.024000000000000000e+03,1.100000000000000000e+01,2.400000000000000000e+01,1.200000000000000000e+01,1.200000000000000000e+01,2.146348999999999840e+00
4.000605758654999988e+01,-8.303731700621999323e+01,1.652800000000000047e+00,-1.113899999999999890e+00,1.011422756390260025e+00,1.291735041239260084e+00,1.333012019425999957e-02,1.145944579999999963e-01,8.676945499999999534e-01,3.213945502340000075e+02,2.024000000000000000e+03,1.100000000000000000e+01,2.400000000000000000e+01,1.200000000000000000e+01,1.200000000000000000e+01,2.206827999999999790e+00
4.000605863913000348e+01,-8.303731791319999900e+01,1.708399999999999919e+00,-1.118200000000000083e+00,9.688392421171799773e-01,1.313447712161019965e+00,-4.717403274697999638e-02,1.545376850000000080e-01,8.315296749999999681e-01,3.224234759130000043e+02,2.024000000000000000e+03,1.100000000000000000e+01,2.400000000000000000e+01,1.200000000000000000e+01,1.200000000000000000e+01,2.265505999999999798e+00
4.000605972779000297e+01,-8.303731882051999946e+01,1.765099999999999891e+00,-1.116000000000000103e+00,1.000596338206300118e+00,1.210989728718520064e+00,-7.726379336639999963e-03,1.912353629999999916e-01,7.877467550000000207e-01,3.234633505799999966e+02,2.024000000000000000e+03,1.100000000000000000e+01,2.400000000000000000e+01,1.200000000000000000e+01,1.200000000000000000e+01,2.329463000000000061e+00
4.000606068748999888e+01,-8.303731959636000681e+01,1.810200000000000031e+00,-1.113499999999999934e+00,1.528778969955399969e+00,1.833724667658519936e+00,7.027285464249999336e-02,2.118210179999999998e-01,7.569141560000000046e-01,3.243678661980000015e+02,2.024000000000000000e+03,1.100000000000000000e+01,2.400000000000000000e+01,1.200000000000000000e+01,1.200000000000000000e+01,2.389864000000000210e+00
4.000606167483999798e+01,-8.303732037158999901e+01,1.863799999999999901e+00,-1.109599999999999920e+00,1.232522979794780094e+00,1.390001013957580023e+00,1.007667854218400050e-01,2.264438629999999952e-01,7.228589109999999929e-01,3.252790898380000044e+02,2.024000000000000000e+03,1.100000000000000000e+01,2.400000000000000000e+01,1.200000000000000000e+01,1.200000000000000000e+01,2.455201000000000189e+00
4.000606286154999935e+01,-8.303732126792999679e+01,1.917799999999999949e+00,-1.097800000000000109e+00,1.008216083517259998e+00,1.031932804847540019e+00,-3.424227205348000236e-02,2.567599500000000146e-01,6.632852879999999729e-01,3.263379214249999904e+02,2.024000000000000000e+03,1.100000000000000000e+01,2.400000000000000000e+01,1.200000000000000000e+01,1.200000000000000000e+01,2.517723999999999851e+00
4.000606496153999814e+01,-8.303732278287000668e+01,1.993200000000000083e+00,-1.075199999999999934e+00,5.586108639399600673e-01,5.132113340832199500e-01,-3.840417805205999929e-02,2.437485849999999898e-01,5.876993339999999622e-01,3.281249730310000245e+02,2.024000000000000000e+03,1.100000000000000000e+01,2.400000000000000000e+01,1.200000000000000000e+01,1.200000000000000000e+01,2.635689999999999866e+00
4.000606586482000182e+01,-8.303732340227999487e+01,2.034699999999999953e+00,-1.060200000000000031e+00,1.311218316104300063e+00,1.088268851159519990e+00,-8.511539130141999865e-02,2.438604269999999907e-01,5.520140140000000528e-01,3.288778505989999985e+02,2.024000000000000000e+03,1.100000000000000000e+01,2.400000000000000000e+01,1.200000000000000000e+01,1.200000000000000000e+01,2.700792999999999999e+00
4.000606604752000095e+01,-8.303732352515000059e+01,2.041700000000000070e+00,-1.056799999999999962e+00,1.322990495559480006e+00,1.028918863208659884e+00,-1.489282314824399989e-01,2.451399340000000038e-01,5.444736199999999915e-01,3.290299350359999835e+02,2.024000000000000000e+03,1.100000000000000000e+01,2.400000000000000000e+01,1.200000000000000000e+01,1.200000000000000000e+01,2.760800000000000143e+00
4.000606791127999884e+01,-8.303732473414000026e+01,2.111000000000000210e+00,-1.021099999999999897e+00,1.386183948146380018e+00,6.391663165601200181e-01,-1.287021169009600063e-01,2.574083320000000175e-01,4.537940520000000033e-01,3.305739170040000090e+02,2.024000000000000000e+03,1.100000000000000000e+01,2.400000000000000000e+01,1.200000000000000000e+01,1.200000000000000000e+01,2.832564000000000082e+00
4.000606924588999647e+01,-8.303732555265999338e+01,2.149099999999999788e+00,-9.928000000000000158e-01,1.234338229887399940e+00,5.682802797738399914e-01,-7.500226573479999194e-03,2.364681560000000127e-01,4.162288880000000191e-01,3.316798165380000114e+02,2.024000000000000000e+03,1.100000000000000000e+01,2.400000000000000000e+01,1.200000000000000000e+01,1.200000000000000000e+01,2.893564000000000025e+00
4.000607099940999944e+01,-8.303732657038999321e+01,2.204600000000000115e+00,-9.553000000000000380e-01,1.320617263564880073e+00,7.729335078422199246e-01,8.986985372929999494e-02,1.981259989999999971e-01,3.973387190000000069e-01,3.331518714090000230e+02,2.024000000000000000e+03,1.100000000000000000e+01,2.400000000000000000e+01,1.200000000000000000e+01,1.200000000000000000e+01,2.963496000000000130e+00
4.000607239687000316e+01,-8.303732733690999623e+01,2.258399999999999963e+00,-9.266999999999999682e-01,2.325879575034280222e+00,1.544601141709700087e+00,-2.621866959790000035e-02,1.501794740000000072e-01,3.708590399999999732e-01,3.343320866569999907e+02,2.024000000000000000e+03,1.100000000000000000e+01,2.400000000000000000e+01,1.200000000000000000e+01,1.200000000000000000e+01,3.028277999999999803e+00
4.000608687105999905e+01,-8.303733277476000296e+01,2.697200000000000042e+00,-5.175999999999999490e-01,1.595593538420660096e+00,9.656811085727199373e-01,-8.574919941354000597e-02,3.026591479999999890e-01,1.476533580000000123e-01,3.456355507949999719e+02,2.024000000000000000e+03,1.100000000000000000e+01,2.400000000000000000e+01,1.200000000000000000e+01,1.200000000000000000e+01,3.678193999999999964e+00
4.000608907497999667e+01,-8.303733327848999579e+01,2.761299999999999866e+00,-4.510000000000000120e-01,1.745605517317839972e+00,1.064110606456900143e+00,-2.394883763509000063e-01,3.245845439999999749e-01,9.773194600000000010e-02,3.472290684050000209e+02,2.024000000000000000e+03,1.100000000000000000e+01,2.400000000000000000e+01,1.200000000000000000e+01,1.200000000000000000e+01,3.791399999999999881e+00
4.000609132865999840e+01,-8.303733371517999728e+01,2.821899999999999853e+00,-3.942999999999999838e-01,6.317058698144399909e-01,5.088169342171999787e-01,-1.040990421429399959e-01,3.649242979999999803e-01,4.269272000000000344e-02,3.487585291529999836e+02,2.024000000000000000e+03,1.100000000000000000e+01,2.400000000000000000e+01,1.200000000000000000e+01,1.200000000000000000e+01,3.864726000000000106e+00
4.000609311494999787e+01,-8.303733401709000361e+01,2.869099999999999984e+00,-3.491000000000000214e-01,1.477215946089259990e+00,1.093254187285279899e+00,-2.106950897657400013e-01,3.782209000000000265e-01,-1.093570000000000089e-03,3.499106848779999837e+02,2.024000000000000000e+03,1.100000000000000000e+01,2.400000000000000000e+01,1.200000000000000000e+01,1.200000000000000000e+01,3.926969999999999850e+00
4.000609466921000035e+01,-8.303733424605999858e+01,2.907900000000000151e+00,-3.091999999999999749e-01,1.531230389202439923e+00,1.064160939155160079e+00,2.377234504460000106e-02,3.970288619999999824e-01,-3.797887800000000064e-02,3.508768246579999754e+02,2.024000000000000000e+03,1.100000000000000000e+01,2.400000000000000000e+01,1.200000000000000000e+01,1.200000000000000000e+01,3.987945999999999991e+00
4.000609598010999690e+01,-8.303733441545999483e+01,2.939200000000000035e+00,-2.780000000000000249e-01,1.360655722698659975e+00,1.101724722965980119e+00,-1.348807027945999985e-02,4.193202030000000025e-01,-6.378728200000000070e-02,3.516625656859999935e+02,2.024000000000000000e+03,1.100000000000000000e+01,2.400000000000000000e+01,1.200000000000000000e+01,1.200000000000000000e+01,4.050902999999999921e+00
4.000609784053000340e+01,-8.303733462857999825e+01,2.988599999999999923e+00,-2.477000000000000035e-01,1.659002292141360080e+00,1.977676966734559949e+00,1.791349197712600039e-01,4.171143370000000017e-01,-1.063860660000000014e-01,3.527283375220000039e+02,2.024000000000000000e+03,1.100000000000000000e+01,2.400000000000000000e+01,1.200000000000000000e+01,1.200000000000000000e+01,4.111202999999999719e+00
4.000609973118000084e+01,-8.303733481173999564e+01,3.030800000000000161e+00,-2.053999999999999992e-01,1.313910003815920158e+00,1.009851064968380063e+00,1.594606358803999924e-01,3.976148939999999965e-01,-1.625561379999999889e-01,3.537502713950000270e+02,2.024000000000000000e+03,1.100000000000000000e+01,2.400000000000000000e+01,1.200000000000000000e+01,1.200000000000000000e+01,4.177303000000000210e+00
4.000610137134000155e+01,-8.303733493772999452e+01,3.065100000000000158e+00,-1.620000000000000051e-01,2.214883934161639978e+00,1.538911860784140107e+00,2.254208590612399865e-01,4.028261859999999750e-01,-2.038794039999999863e-01,3.545986191590000089e+02,2.024000000000000000e+03,1.100000000000000000e+01,2.400000000000000000e+01,1.200000000000000000e+01,1.200000000000000000e+01,4.238949999999999996e+00
4.000610275335999688e+01,-8.303733502036000402e+01,3.095800000000000107e+00,-1.264000000000000123e-01,2.318848063218259981e+00,1.650654469753860099e+00,-5.189632700177999880e-02,4.131931580000000048e-01,-2.400969049999999994e-01,3.552948530549999759e+02,2.024000000000000000e+03,1.100000000000000000e+01,2.400000000000000000e+01,1.200000000000000000e+01,1.200000000000000000e+01,4.298517000000000365e+00
4.000610499596000125e+01,-8.303733511065999551e+01,3.149300000000000210e+00,-7.409999999999999920e-02,1.355377065385320101e+00,1.225672118184939929e+00,-1.307746521705600018e-01,4.225274019999999964e-01,-3.210426109999999778e-01,3.563900629949999939e+02,2.024000000000000000e+03,1.100000000000000000e+01,2.400000000000000000e+01,1.200000000000000000e+01,1.200000000000000000e+01,4.367483000000000004e+00
4.000610669878999914e+01,-8.303733514879000666e+01,3.175899999999999945e+00,-3.640000000000000180e-02,7.479620474764600013e-01,4.073562918290200008e-01,-6.837247702324000809e-02,4.098285440000000168e-01,-3.847083399999999820e-01,3.571905472849999796e+02,2.024000000000000000e+03,1.100000000000000000e+01,2.400000000000000000e+01,1.200000000000000000e+01,1.200000000000000000e+01,4.428632000000000346e+00
4.000610841571999998e+01,-8.303733515192000425e+01,3.201400000000000023e+00,1.600000000000000033e-02,1.649101375805420044e+00,8.194609759037599916e-01,-1.928046295556599954e-01,4.334858990000000079e-01,-4.186251799999999856e-01,3.579675691479999955e+02,2.024000000000000000e+03,1.100000000000000000e+01,2.400000000000000000e+01,1.200000000000000000e+01,1.200000000000000000e+01,4.488760000000000083e+00
4.000611014833999945e+01,-8.303733512418000373e+01,3.232800000000000118e+00,5.539999999999999786e-02,1.384842859916100011e+00,1.007975255489580002e+00,-1.454387412395800050e-01,4.770003669999999807e-01,-4.350235150000000273e-01,3.587210162599999990e+02,2.024000000000000000e+03,1.100000000000000000e+01,2.400000000000000000e+01,1.200000000000000000e+01,1.200000000000000000e+01,4.548839000000000077e+00
4.000611189874999951e+01,-8.303733507130999669e+01,3.266199999999999992e+00,8.790000000000000591e-02,1.035203254713320087e+00,1.105789099288859934e+00,-1.092875875771199962e-01,5.080343619999999616e-01,-4.516472899999999790e-01,3.594426010839999890e+02,2.024000000000000000e+03,1.100000000000000000e+01,2.400000000000000000e+01,1.200000000000000000e+01,1.200000000000000000e+01,4.608431999999999640e+00
4.000611366692999837e+01,-8.303733499167999810e+01,3.298900000000000166e+00,1.320000000000000062e-01,1.495538021753620050e+00,1.139342334232559928e+00,-4.497269870213999737e-02,5.484888599999999670e-01,-4.643199980000000116e-01,1.180336159999999940e-01,2.024000000000000000e+03,1.100000000000000000e+01,2.400000000000000000e+01,1.200000000000000000e+01,1.200000000000000000e+01,4.669289000000000023e+00
4.000611426028999773e+01,-8.303733495918000074e+01,3.309099999999999930e+00,1.416999999999999926e-01,1.219104946563119851e+00,1.096493388935460001e+00,-2.114257166434000204e-02,5.688449319999999698e-01,-4.688463609999999893e-01,3.312692440000000182e-01,2.024000000000000000e+03,1.100000000000000000e+01,2.400000000000000000e+01,1.200000000000000000e+01,1.200000000000000000e+01,4.739645999999999582e+00
4.000611665291000207e+01,-8.303733480987999371e+01,3.352799999999999780e+00,1.703000000000000069e-01,9.538641311329799644e-01,1.702593949590040179e+00,-3.882749382298000124e-02,6.551426830000000034e-01,-4.714752759999999987e-01,1.105156830999999951e+00,2.024000000000000000e+03,1.100000000000000000e+01,2.400000000000000000e+01,1.200000000000000000e+01,1.200000000000000000e+01,4.801904000000000394e+00
4.000611907855999760e+01,-8.303733463599000686e+01,3.397800000000000153e+00,1.841000000000000136e-01,1.669222678957599793e-01,1.127480093161099983e+00,-8.907263499746000124e-02,7.159128319999999990e-01,-4.671458150000000198e-01,1.757627379999999961e+00,2.024000000000000000e+03,1.100000000000000000e+01,2.400000000000000000e+01,1.200000000000000000e+01,1.200000000000000000e+01,4.862817999999999863e+00
4.000612122764999867e+01,-8.303733447791999822e+01,3.437899999999999956e+00,1.852000000000000035e-01,2.684414796773999801e-02,1.169275643687559985e+00,-1.993744787537800045e-01,7.155924460000000487e-01,-4.523259090000000260e-01,2.246776136999999895e+00,2.024000000000000000e+03,1.100000000000000000e+01,2.400000000000000000e+01,1.200000000000000000e+01,1.200000000000000000e+01,4.924241999999999564e+00
4.000612309129000010e+01,-8.303733433838000622e+01,3.474200000000000177e+00,1.910000000000000031e-01,6.806349233779999952e-02,1.134364430077140051e+00,1.181524250689200140e-01,6.961720700000000317e-01,-4.527548069999999814e-01,2.636649416000000024e+00,2.024000000000000000e+03,1.100000000000000000e+01,2.400000000000000000e+01,1.200000000000000000e+01,1.200000000000000000e+01,4.984208999999999889e+00
4.000612497139999846e+01,-8.303733419291999951e+01,3.504399999999999959e+00,2.033000000000000085e-01,3.527008733769599891e-01,1.101971515444099881e+00,3.771499353547400069e-01,6.555791450000000298e-01,-4.448423899999999764e-01,3.005750174000000108e+00,2.024000000000000000e+03,1.100000000000000000e+01,2.400000000000000000e+01,1.200000000000000000e+01,1.200000000000000000e+01,5.044702000000000019e+00
4.000616608802000229e+01,-8.303732936920999919e+01,3.957399999999999807e+00,3.929000000000000270e-01,1.255059611827999966e-01,-3.835289001144000232e-02,-8.057728744173801028e-01,5.948428350000000142e-01,-8.950309690000000096e-01,5.855246032000000156e+00,2.024000000000000000e+03,1.100000000000000000e+01,2.400000000000000000e+01,1.200000000000000000e+01,1.200000000000000000e+01,6.239988000000000312e+00
4.000616893323000056e+01,-8.303732900551000284e+01,3.962299999999999933e+00,3.976000000000000090e-01,2.188525500870000251e-01,3.002127751035000292e-01,2.076646669160000114e-03,5.674815130000000485e-01,-8.090979430000000416e-01,5.924419108000000378e+00,2.024000000000000000e+03,1.100000000000000000e+01,2.400000000000000000e+01,1.200000000000000000e+01,1.200000000000000000e+01,6.331261999999999723e+00
4.000617143086999761e+01,-8.303732867578000310e+01,3.979000000000000092e+00,4.177000000000000157e-01,5.240189961608600067e-01,5.103101614223000126e-01,1.898814074479799885e-01,5.622062020000000437e-01,-7.549929699999999855e-01,5.969922050000000091e+00,2.024000000000000000e+03,1.100000000000000000e+01,2.400000000000000000e+01,1.200000000000000000e+01,1.200000000000000000e+01,6.391123999999999583e+00
4.000618083943999892e+01,-8.303732741404999729e+01,4.081699999999999662e+00,4.126000000000000223e-01,-2.286172214041400086e-01,6.783495935102399343e-01,2.866482558644800060e-01,5.591277500000000344e-01,-8.554902180000000245e-01,6.094466708999999760e+00,2.024000000000000000e+03,1.100000000000000000e+01,2.400000000000000000e+01,1.200000000000000000e+01,1.200000000000000000e+01,6.649551999999999907e+00
4.000618230872999703e+01,-8.303732722473999672e+01,4.092699999999999783e+00,4.082000000000000073e-01,-2.064336318827600103e-01,4.790732496515600070e-01,1.055294322834599979e-01,5.431146949999999807e-01,-9.275954360000000509e-01,6.108251597999999838e+00,2.024000000000000000e+03,1.100000000000000000e+01,2.400000000000000000e+01,1.200000000000000000e+01,1.200000000000000000e+01,6.730949999999999989e+00
4.000618746085999788e+01,-8.303732655679000629e+01,4.094999999999999751e+00,4.188999999999999946e-01,1.396883489828600056e-01,-5.870064624923999885e-02,-1.650935536920599966e-01,4.823623960000000266e-01,-1.096488799000000069e+00,6.117108434999999567e+00,2.024000000000000000e+03,1.100000000000000000e+01,2.400000000000000000e+01,1.200000000000000000e+01,1.200000000000000000e+01,6.834417000000000186e+00
4.000619667709000282e+01,-8.303732532380999487e+01,4.125499999999999723e+00,4.129999999999999782e-01,-4.132439667999200372e-01,2.212242500391000122e-01,-1.291131542898399931e-01,5.620362429999999909e-01,-1.025293741999999897e+00,6.012998729999999625e+00,2.024000000000000000e+03,1.100000000000000000e+01,2.400000000000000000e+01,1.200000000000000000e+01,1.200000000000000000e+01,7.085243000000000180e+00
4.000619964716000254e+01,-8.303732494946000031e+01,4.146099999999999675e+00,4.000000000000000222e-01,-4.354789254700400236e-01,5.611729041377199190e-01,1.771630233955799882e-01,5.423146580000000050e-01,-9.728866900000000539e-01,5.962263189999999824e+00,2.024000000000000000e+03,1.100000000000000000e+01,2.400000000000000000e+01,1.200000000000000000e+01,1.200000000000000000e+01,7.159500999999999671e+00
4.000620225488999893e+01,-8.303732463058000235e+01,4.151200000000000223e+00,3.945000000000000173e-01,-7.469595275745999352e-02,1.797929443133199912e-01,-1.015055478953000023e-01,5.248615009999999526e-01,-9.331251710000000310e-01,5.926472605999999921e+00,2.024000000000000000e+03,1.100000000000000000e+01,2.400000000000000000e+01,1.200000000000000000e+01,1.200000000000000000e+01,7.224874999999999936e+00
4.000623516081000020e+01,-8.303732074599000157e+01,4.116500000000000270e+00,3.521000000000000241e-01,4.609895724561999947e-02,-4.145503953965000155e-01,-3.654596148987599991e-01,4.534697599999999995e-01,-5.290991379999999689e-01,5.206120612000000314e+00,2.024000000000000000e+03,1.100000000000000000e+01,2.400000000000000000e+01,1.200000000000000000e+01,1.200000000000000000e+01,8.115287000000000361e+00
4.000623995510999720e+01,-8.303732022367999832e+01,4.105800000000000338e+00,3.438999999999999835e-01,-1.005836055992199995e-01,1.122804575032200075e-01,-1.605726876124400071e-01,4.867904209999999732e-01,-2.433405319999999983e-01,5.069156357999999862e+00,2.024000000000000000e+03,1.100000000000000000e+01,2.400000000000000000e+01,1.200000000000000000e+01,1.200000000000000000e+01,8.240256000000000469e+00
4.000624180076000158e+01,-8.303732002796000700e+01,4.113400000000000389e+00,3.387000000000000011e-01,-1.864569370691199768e-01,1.903092660478800102e-01,2.919829069062000390e-02,4.838805130000000121e-01,-1.632443299999999931e-01,5.019637841999999850e+00,2.024000000000000000e+03,1.100000000000000000e+01,2.400000000000000000e+01,1.200000000000000000e+01,1.200000000000000000e+01,8.299953000000000358e+00
4.000624624208000313e+01,-8.303731956747000709e+01,4.122200000000000308e+00,3.171999999999999820e-01,-7.469899886806600220e-01,-2.252884482500000160e-03,3.137794596810000031e-02,4.957332760000000005e-01,-5.989637800000000012e-02,4.899352099999999766e+00,2.024000000000000000e+03,1.100000000000000000e+01,2.400000000000000000e+01,1.200000000000000000e+01,1.200000000000000000e+01,8.408675999999999817e+00
4.000627025671000325e+01,-8.303731737801000179e+01,4.038599999999999746e+00,2.489000000000000101e-01,-4.364297258479999941e-01,-1.270578945209760002e+00,-1.458588092227799948e-01,4.406596629999999792e-01,-4.634048649999999991e-01,4.138723182999999750e+00,2.024000000000000000e+03,1.100000000000000000e+01,2.400000000000000000e+01,1.200000000000000000e+01,1.200000000000000000e+01,9.086057999999999524e+00
4.000627315119000116e+01,-8.303731716055999357e+01,4.008799999999999919e+00,2.374999999999999889e-01,-9.509274556280000734e-02,-9.405356123667000245e-01,1.800518427246599884e-01,4.034910939999999946e-01,-3.361827139999999936e-01,4.053916616000000417e+00,2.024000000000000000e+03,1.100000000000000000e+01,2.400000000000000000e+01,1.200000000000000000e+01,1.200000000000000000e+01,9.147823000000000704e+00
4.000627530909000029e+01,-8.303731699668999511e+01,3.996500000000000163e+00,2.376000000000000056e-01,-2.209358452345799861e-01,-5.679636870884600119e-01,-5.253940472868000311e-02,3.896710640000000114e-01,-1.997073900000000124e-01,3.986815145000000005e+00,2.024000000000000000e+03,1.100000000000000000e+01,2.400000000000000000e+01,1.200000000000000000e+01,1.200000000000000000e+01,9.207705999999999946e+00
4.000627962174999652e+01,-8.303731668329000115e+01,3.997500000000000053e+00,2.348999999999999977e-01,3.812417127321400256e-01,4.476709503979999817e-03,1.955058023342000004e-02,3.014615230000000090e-01,2.104312000000000109e-03,3.861696402999999833e+00,2.024000000000000000e+03,1.100000000000000000e+01,2.400000000000000000e+01,1.200000000000000000e+01,1.200000000000000000e+01,9.323252000000000095e+00
4.000630242990000340e+01,-8.303731510756000489e+01,3.954800000000000093e+00,1.827999999999999903e-01,-2.491239738592599950e-01,-9.397891385033999012e-02,-2.253604352379999856e-02,3.027571960000000062e-01,2.517412620000000212e-01,3.220491816000000007e+00,2.024000000000000000e+03,1.100000000000000000e+01,2.400000000000000000e+01,1.200000000000000000e+01,1.200000000000000000e+01,9.980857999999999564e+00
4.000630703080000217e+01,-8.303731485001999602e+01,3.907500000000000195e+00,1.640999999999999959e-01,-4.129990477939800009e-01,-9.809750768991200021e-01,-6.993288418980200261e-01,2.652655429999999925e-01,4.453688100000000039e-02,3.099107944000000003e+00,2.024000000000000000e+03,1.100000000000000000e+01,2.400000000000000000e+01,1.200000000000000000e+01,1.200000000000000000e+01,1.009581999999999979e+01
4.000630947861999687e+01,-8.303731472264999525e+01,3.867300000000000182e+00,1.612000000000000099e-01,7.982815601817999651e-02,-1.216293654388459933e+00,-4.716408193503799917e-01,2.111395970000000122e-01,3.924174700000000043e-02,3.036261897999999793e+00,2.024000000000000000e+03,1.100000000000000000e+01,2.400000000000000000e+01,1.200000000000000000e+01,1.200000000000000000e+01,1.015593600000000052e+01
4.000631120917000061e+01,-8.303731462730000601e+01,3.835500000000000131e+00,1.741999999999999937e-01,4.762735260681600358e-01,-1.046340128433020045e+00,-1.019648988675199985e-01,1.983406470000000088e-01,9.782907799999999987e-02,2.992370138000000068e+00,2.024000000000000000e+03,1.100000000000000000e+01,2.400000000000000000e+01,1.200000000000000000e+01,1.200000000000000000e+01,1.021570299999999953e+01
4.000631362149999859e+01,-8.303731448666999881e+01,3.827199999999999935e+00,1.819000000000000061e-01,1.416542084289999781e-01,-1.193422856348999861e-01,1.564913220146000039e-01,2.289462640000000104e-01,2.031193410000000088e-01,2.937677630000000040e+00,2.024000000000000000e+03,1.100000000000000000e+01,2.400000000000000000e+01,1.200000000000000000e+01,1.200000000000000000e+01,1.027907699999999913e+01
4.000631568560000062e+01,-8.303731436517999498e+01,3.820800000000000196e+00,1.759999999999999898e-01,-2.459681859884799981e-01,-2.860480037834399747e-01,3.805086793997000116e-01,2.454211289999999879e-01,2.612108040000000186e-01,2.893219424000000206e+00,2.024000000000000000e+03,1.100000000000000000e+01,2.400000000000000000e+01,1.200000000000000000e+01,1.200000000000000000e+01,1.033935100000000062e+01
4.000634530778000197e+01,-8.303731284260000223e+01,3.678500000000000103e+00,1.534000000000000086e-01,-1.629237073793000090e-01,-3.566700470842200099e-01,-2.987053342424599855e-01,2.973854100000000167e-01,3.935905120000000035e-01,2.573097791999999995e+00,2.024000000000000000e+03,1.100000000000000000e+01,2.400000000000000000e+01,1.200000000000000000e+01,1.200000000000000000e+01,1.121631799999999934e+01
4.000634958271000130e+01,-8.303731261948000508e+01,3.634300000000000086e+00,1.466000000000000081e-01,1.796882898685799868e-01,-6.233131827630199462e-01,-1.812541203274999901e-01,2.986851469999999842e-01,2.756058140000000045e-01,2.593326111000000100e+00,2.024000000000000000e+03,1.100000000000000000e+01,2.400000000000000000e+01,1.200000000000000000e+01,1.200000000000000000e+01,1.135754200000000047e+01
4.000635251682999893e+01,-8.303731246835999968e+01,3.615600000000000147e+00,1.438000000000000111e-01,-4.231334310800000109e-02,-1.732221182344000077e-01,7.686471720120000364e-03,2.881144990000000239e-01,2.436927000000000121e-01,2.608610667999999855e+00,2.024000000000000000e+03,1.100000000000000000e+01,2.400000000000000000e+01,1.200000000000000000e+01,1.200000000000000000e+01,1.144375699999999973e+01
4.000635478702999848e+01,-8.303731234750000567e+01,3.596799999999999997e+00,1.512000000000000011e-01,1.186674035990799986e-01,-7.454491778754599451e-01,5.009326883656000512e-02,2.941729430000000201e-01,2.235480159999999883e-01,2.610640951000000154e+00,2.024000000000000000e+03,1.100000000000000000e+01,2.400000000000000000e+01,1.200000000000000000e+01,1.200000000000000000e+01,1.150729699999999944e+01
4.000635672229999784e+01,-8.303731224707999559e+01,3.575499999999999901e+00,1.433000000000000107e-01,-1.510586114796799995e-01,-9.881879031652400780e-01,3.138650420112599759e-01,2.880909380000000186e-01,2.256809720000000075e-01,2.610402807999999908e+00,2.024000000000000000e+03,1.100000000000000000e+01,2.400000000000000000e+01,1.200000000000000000e+01,1.200000000000000000e+01,1.156678899999999999e+01
4.000635864734000080e+01,-8.303731214770999713e+01,3.559400000000000119e+00,1.434999999999999887e-01,1.405958552718000049e-02,-4.776533851341600023e-01,2.587131018819999705e-03,2.846670989999999790e-01,2.517210570000000258e-01,2.612529556999999780e+00,2.024000000000000000e+03,1.100000000000000000e+01,2.400000000000000000e+01,1.200000000000000000e+01,1.200000000000000000e+01,1.162696500000000022e+01
4.000636056582000322e+01,-8.303731204839000668e+01,3.549300000000000122e+00,1.428999999999999992e-01,-3.580763666090000519e-02,-1.542699906374999930e-01,3.947488207857999948e-02,2.913235820000000253e-01,2.691818500000000003e-01,2.619969691000000100e+00,2.024000000000000000e+03,1.100000000000000000e+01,2.400000000000000000e+01,1.200000000000000000e+01,1.200000000000000000e+01,1.168673700000000082e+01
4.000636088499000209e+01,-8.303731203172999642e+01,3.547000000000000153e+00,1.439000000000000001e-01,-6.080724333859999567e-03,-3.315202958080200046e-01,-4.226451304894000144e-02,2.944746670000000233e-01,2.720606859999999960e-01,2.621378781999999852e+00,2.024000000000000000e+03,1.100000000000000000e+01,2.400000000000000000e+01,1.200000000000000000e+01,1.200000000000000000e+01,1.174663199999999996e+01
4.000636120379000005e+01,-8.303731201546999330e+01,3.545300000000000118e+00,1.429999999999999882e-01,-3.183468508178000089e-02,-5.356885380843400268e-01,-1.427982277003199962e-01,2.923244280000000250e-01,2.731633010000000250e-01,2.623110900999999995e+00,2.024000000000000000e+03,1.100000000000000000e+01,2.400000000000000000e+01,1.200000000000000000e+01,1.200000000000000000e+01,1.180706099999999914e+01
4.000636152266999801e+01,-8.303731199886999548e+01,3.541999999999999815e+00,1.428000000000000103e-01,-1.457478417097999961e-02,-2.329204199130400221e-01,3.860681921240000092e-02,2.921309209999999879e-01,2.739672899999999744e-01,2.624231238000000133e+00,2.024000000000000000e+03,1.100000000000000000e+01,2.400000000000000000e+01,1.200000000000000000e+01,1.200000000000000000e+01,1.186751499999999915e+01
4.000636184086000213e+01,-8.303731198296999594e+01,3.538100000000000023e+00,1.401000000000000023e-01,-2.108469426423999760e-01,-8.135427197994999915e-01,4.285021187388000224e-02,2.905690020000000207e-01,2.732931869999999930e-01,2.625381482999999960e+00,2.024000000000000000e+03,1.100000000000000000e+01,2.400000000000000000e+01,1.200000000000000000e+01,1.200000000000000000e+01,1.192851600000000012e+01
4.000636406214999852e+01,-8.303731186721999791e+01,3.516099999999999781e+00,1.466000000000000081e-01,2.454575806328000154e-01,-6.405010029642800307e-01,-7.922862006193999440e-02,2.778077560000000168e-01,3.017836529999999851e-01,2.628004570999999956e+00,2.024000000000000000e+03,1.100000000000000000e+01,2.400000000000000000e+01,1.200000000000000000e+01,1.200000000000000000e+01,1.198969600000000035e+01
4.000636721611000013e+01,-8.303731168746000435e+01,3.499000000000000110e+00,1.560999999999999888e-01,2.679704384663999725e-02,-2.739487276175800456e-01,-2.799954220093999607e-02,3.166981079999999782e-01,3.517973899999999876e-01,2.633172405999999910e+00,2.024000000000000000e+03,1.100000000000000000e+01,2.400000000000000000e+01,1.200000000000000000e+01,1.200000000000000000e+01,1.204995899999999942e+01
4.000636910144999803e+01,-8.303731157846999622e+01,3.486299999999999955e+00,1.522999999999999909e-01,-1.829856641479000179e-01,-4.892035728962200181e-01,-2.730431685728400004e-01,3.385824459999999814e-01,3.667172639999999872e-01,2.640521704000000192e+00,2.024000000000000000e+03,1.100000000000000000e+01,2.400000000000000000e+01,1.200000000000000000e+01,1.200000000000000000e+01,1.211034300000000030e+01
4.000637377166999897e+01,-8.303731132621000199e+01,3.439299999999999802e+00,1.342000000000000137e-01,-2.667711201574999857e-01,-4.845228964335200339e-01,5.177704275243999454e-02,3.341654099999999961e-01,4.977990420000000249e-01,2.645557995999999967e+00,2.024000000000000000e+03,1.100000000000000000e+01,2.400000000000000000e+01,1.200000000000000000e+01,1.200000000000000000e+01,1.217108200000000018e+01
4.000637748108000125e+01,-8.303731114097000443e+01,3.431500000000000217e+00,1.351999999999999869e-01,1.714159657769200040e-01,-1.348161317251199975e-01,1.001743247412400090e-01,3.123137610000000230e-01,5.874845380000000006e-01,2.642692101999999821e+00,2.024000000000000000e+03,1.100000000000000000e+01,2.400000000000000000e+01,1.200000000000000000e+01,1.200000000000000000e+01,1.223087600000000030e+01
4.000637933197000251e+01,-8.303731104794999851e+01,3.424500000000000099e+00,1.330000000000000071e-01,1.299882976392000011e-02,-4.495141143971400077e-01,3.035426040245199908e-01,3.016232360000000168e-01,5.973265890000000189e-01,2.643573391999999966e+00,2.024000000000000000e+03,1.100000000000000000e+01,2.400000000000000000e+01,1.200000000000000000e+01,1.200000000000000000e+01,1.229222299999999990e+01
4.000638117644000147e+01,-8.303731095167999854e+01,3.409400000000000208e+00,1.398000000000000076e-01,1.681105845624000228e-01,-5.589192928741599786e-01,2.558140235909999727e-01,2.949141069999999809e-01,6.025312080000000403e-01,2.640820543999999881e+00,2.024000000000000000e+03,1.100000000000000000e+01,2.400000000000000000e+01,1.200000000000000000e+01,1.200000000000000000e+01,1.235225699999999982e+01
4.000639665634000153e+01,-8.303731017047999785e+01,3.307100000000000151e+00,1.205999999999999989e-01,9.892027226299998643e-02,-6.527744482576399720e-01,8.195775245653999508e-02,2.607860839999999736e-01,2.738329310000000016e-01,2.476674814999999974e+00,2.024000000000000000e+03,1.100000000000000000e+01,2.400000000000000000e+01,1.200000000000000000e+01,1.200000000000000000e+01,1.287195999999999962e+01
4.000639991901000059e+01,-8.303731001843999593e+01,3.284499999999999975e+00,1.160999999999999949e-01,2.804076110131999838e-02,-2.685822645620600246e-01,-2.682136905820000066e-03,2.687559729999999814e-01,2.797942930000000272e-01,2.373746124000000179e+00,2.024000000000000000e+03,1.100000000000000000e+01,2.400000000000000000e+01,1.200000000000000000e+01,1.200000000000000000e+01,1.296784800000000004e+01
4.000640169127999712e+01,-8.303730993563999618e+01,3.274599999999999955e+00,1.173000000000000015e-01,4.658154747984000199e-02,-4.348572473866400556e-01,7.124092323699999368e-03,2.828996710000000192e-01,2.589362760000000208e-01,2.308198594999999909e+00,2.024000000000000000e+03,1.100000000000000000e+01,2.400000000000000000e+01,1.200000000000000000e+01,1.200000000000000000e+01,1.302793899999999994e+01
4.000642721007999825e+01,-8.303730944547000092e+01,3.105399999999999938e+00,-5.310000000000000137e-02,-1.036272815065739872e+00,-5.755524756084799964e-01,-3.417370107237199806e-01,4.604449950000000236e-01,2.301759989999999922e-01,1.702907500000000116e-02,2.024000000000000000e+03,1.100000000000000000e+01,2.400000000000000000e+01,1.200000000000000000e+01,1.200000000000000000e+01,1.393856099999999998e+01
4.000643165105000065e+01,-8.303730961358000684e+01,3.059400000000000119e+00,-1.087000000000000050e-01,-3.417241722362799883e-01,-6.038984081230799328e-01,8.206129682816000470e-02,4.329562169999999766e-01,2.097202549999999943e-01,3.592154859880000117e+02,2.024000000000000000e+03,1.100000000000000000e+01,2.400000000000000000e+01,1.200000000000000000e+01,1.200000000000000000e+01,1.408394599999999919e+01
4.000643329927999758e+01,-8.303730969919000415e+01,3.042499999999999982e+00,-1.385000000000000120e-01,-1.089911799975160189e+00,-5.955018389265799295e-01,3.891483632679999805e-02,4.418372669999999780e-01,2.208536419999999889e-01,3.588767153090000193e+02,2.024000000000000000e+03,1.100000000000000000e+01,2.400000000000000000e+01,1.200000000000000000e+01,1.200000000000000000e+01,1.414425600000000038e+01
4.000643466249000113e+01,-8.303730978791000439e+01,3.018800000000000150e+00,-1.615999999999999936e-01,-3.397849202689200432e-01,-4.088611004039200414e-01,-2.343931061773999944e-02,3.940787629999999986e-01,2.514045109999999972e-01,3.585784970970000245e+02,2.024000000000000000e+03,1.100000000000000000e+01,2.400000000000000000e+01,1.200000000000000000e+01,1.200000000000000000e+01,1.420452399999999926e+01
4.000644276871000216e+01,-8.303731047344000160e+01,2.960999999999999854e+00,-2.624000000000000221e-01,-7.534183224987399674e-01,-7.741532755743000260e-01,-1.787736534261600008e-01,4.620001730000000140e-01,2.399854630000000100e-01,3.565390325370000255e+02,2.024000000000000000e+03,1.100000000000000000e+01,2.400000000000000000e+01,1.200000000000000000e+01,1.200000000000000000e+01,1.448548100000000005e+01
4.000644462471999674e+01,-8.303731070541999770e+01,2.930499999999999883e+00,-3.028000000000000136e-01,-1.142137474957500176e+00,-7.780855795040599876e-01,-5.323022985484000130e-02,4.607513770000000175e-01,2.699877310000000086e-01,3.560012280590000273e+02,2.024000000000000000e+03,1.100000000000000000e+01,2.400000000000000000e+01,1.200000000000000000e+01,1.200000000000000000e+01,1.456451599999999935e+01
4.000644620341999769e+01,-8.303731092446000162e+01,2.915200000000000014e+00,-3.230999999999999983e-01,-7.453183883544999278e-01,-4.862124230014600035e-01,-2.193809747856000081e-02,4.488420329999999736e-01,3.174602959999999752e-01,3.555275253649999740e+02,2.024000000000000000e+03,1.100000000000000000e+01,2.400000000000000000e+01,1.200000000000000000e+01,1.200000000000000000e+01,1.462484399999999951e+01
4.000644777443999800e+01,-8.303731115704999866e+01,2.902800000000000047e+00,-3.390000000000000235e-01,-2.348308214487799805e-01,-1.726882536344599983e-01,-1.082931995616399912e-01,4.454160209999999953e-01,3.620322240000000136e-01,3.550447282540000060e+02,2.024000000000000000e+03,1.100000000000000000e+01,2.400000000000000000e+01,1.200000000000000000e+01,1.200000000000000000e+01,1.468488100000000074e+01
4.000644829680000214e+01,-8.303731123683000703e+01,2.899700000000000166e+00,-3.435000000000000275e-01,-5.156159986201600542e-01,-2.943919809357399830e-01,-1.606296566630399936e-01,4.522631260000000153e-01,3.742743599999999726e-01,3.548809710720000226e+02,2.024000000000000000e+03,1.100000000000000000e+01,2.400000000000000000e+01,1.200000000000000000e+01,1.200000000000000000e+01,1.474530599999999936e+01
4.000645063588999761e+01,-8.303731161122999538e+01,2.877699999999999925e+00,-3.765000000000000013e-01,-1.082144825460439996e+00,-3.467679129778800107e-01,1.470570284429999902e-02,5.033327220000000102e-01,4.331684109999999754e-01,3.541223898349999786e+02,2.024000000000000000e+03,1.100000000000000000e+01,2.400000000000000000e+01,1.200000000000000000e+01,1.200000000000000000e+01,1.480616299999999974e+01
4.000645269809999860e+01,-8.303731198876999997e+01,2.854000000000000092e+00,-4.233999999999999986e-01,-1.085111322259280087e+00,-4.899361502784200240e-01,2.960315352868799765e-01,4.975285689999999761e-01,4.729566230000000204e-01,3.534290760470000237e+02,2.024000000000000000e+03,1.100000000000000000e+01,2.400000000000000000e+01,1.200000000000000000e+01,1.200000000000000000e+01,1.486744900000000058e+01
4.000645879755000323e+01,-8.303731332709000412e+01,2.799500000000000099e+00,-5.404999999999999805e-01,-1.611663441952279952e+00,-5.828359235133999672e-01,-1.258928979746800070e-01,5.473821949999999603e-01,4.537500620000000096e-01,3.512520484039999928e+02,2.024000000000000000e+03,1.100000000000000000e+01,2.400000000000000000e+01,1.200000000000000000e+01,1.200000000000000000e+01,1.511388999999999960e+01
4.000646079895999918e+01,-8.303731384686000183e+01,2.764200000000000212e+00,-5.627999999999999670e-01,-7.078265938724199735e-01,-8.312567510859800723e-01,-3.823374983946600247e-01,5.317478719999999548e-01,4.102730860000000090e-01,3.504820638410000129e+02,2.024000000000000000e+03,1.100000000000000000e+01,2.400000000000000000e+01,1.200000000000000000e+01,1.200000000000000000e+01,1.519386100000000006e+01
4.000646326292999788e+01,-8.303731454123999356e+01,2.718599999999999905e+00,-6.259000000000000119e-01,-1.697278369827240008e+00,-5.242811073219599827e-01,-3.187834787455199881e-01,5.384751490000000418e-01,4.350136800000000137e-01,3.495076801440000054e+02,2.024000000000000000e+03,1.100000000000000000e+01,2.400000000000000000e+01,1.200000000000000000e+01,1.200000000000000000e+01,1.529126199999999969e+01
4.000648411377000002e+01,-8.303732326952000165e+01,2.430099999999999927e+00,-1.029700000000000060e+00,-1.590945004405240004e+00,-5.092488756880000217e-02,-2.075411176788000134e-02,2.473502539999999916e-01,4.389544590000000190e-01,3.397422094730000026e+02,2.024000000000000000e+03,1.100000000000000000e+01,2.400000000000000000e+01,1.200000000000000000e+01,1.200000000000000000e+01,1.619218100000000149e+01
4.000648693584999904e+01,-8.303732489694999686e+01,2.388399999999999856e+00,-1.108500000000000041e+00,-1.760779123538199986e+00,-2.395253464941000110e-01,-1.264175227259999902e-02,2.857479239999999865e-01,4.465089250000000010e-01,3.380777193519999742e+02,2.024000000000000000e+03,1.100000000000000000e+01,2.400000000000000000e+01,1.200000000000000000e+01,1.200000000000000000e+01,1.631885899999999978e+01
4.000650513328999835e+01,-8.303733957248999786e+01,2.111299999999999955e+00,-1.648200000000000109e+00,-4.789725950041200386e-01,8.244360658839999800e-02,2.645505164056399794e-01,1.518153499999999947e-02,5.456502479999999489e-01,3.252074683879999952e+02,2.024000000000000000e+03,1.100000000000000000e+01,2.400000000000000000e+01,1.200000000000000000e+01,1.200000000000000000e+01,1.721877100000000027e+01
4.000650682911000189e+01,-8.303734133861999567e+01,2.079200000000000159e+00,-1.691100000000000048e+00,-1.184460960758920045e+00,-4.297065577632000477e-02,2.756958871259000410e-01,6.802948300000000170e-02,5.108958980000000150e-01,3.238672725870000022e+02,2.024000000000000000e+03,1.100000000000000000e+01,2.400000000000000000e+01,1.200000000000000000e+01,1.200000000000000000e+01,1.732123100000000093e+01
4.000650812864999750e+01,-8.303734274475999655e+01,2.048000000000000043e+00,-1.726699999999999902e+00,-2.018797516572819806e+00,-2.575866565455000035e-01,-1.165511719916599992e-01,1.020440829999999938e-01,4.535812779999999766e-01,3.228358905229999891e+02,2.024000000000000000e+03,1.100000000000000000e+01,2.400000000000000000e+01,1.200000000000000000e+01,1.200000000000000000e+01,1.738198300000000174e+01
4.000650922471999849e+01,-8.303734397092000563e+01,2.014400000000000190e+00,-1.750399999999999956e+00,-1.898460213500120064e+00,-6.828603606414199723e-01,-2.411691837184000153e-01,1.399370920000000129e-01,3.940410340000000122e-01,3.219567317720000119e+02,2.024000000000000000e+03,1.100000000000000000e+01,2.400000000000000000e+01,1.200000000000000000e+01,1.200000000000000000e+01,1.744418500000000094e+01
4.000651030030000044e+01,-8.303734521162999727e+01,1.970900000000000096e+00,-1.771900000000000031e+00,-1.553359924577540019e+00,-7.212465896707399571e-01,-3.443521443704400387e-01,1.865064859999999991e-01,3.522781770000000257e-01,3.210753663300000085e+02,2.024000000000000000e+03,1.100000000000000000e+01,2.400000000000000000e+01,1.200000000000000000e+01,1.200000000000000000e+01,1.750482099999999974e+01
4.000651135140000036e+01,-8.303734646840000266e+01,1.925300000000000011e+00,-1.796499999999999986e+00,-1.703662561852419932e+00,-6.288533949641400556e-01,-3.432238647086199856e-01,2.200320900000000135e-01,3.429261379999999915e-01,3.201890586470000244e+02,2.024000000000000000e+03,1.100000000000000000e+01,2.400000000000000000e+01,1.200000000000000000e+01,1.200000000000000000e+01,1.756543999999999883e+01
4.000651254982999916e+01,-8.303734795908999899e+01,1.881799999999999917e+00,-1.829099999999999948e+00,-1.520441718772419959e+00,-3.389293471122800105e-01,-4.015457164019999893e-03,2.273731180000000129e-01,3.419010719999999726e-01,3.191519499999999994e+02,2.024000000000000000e+03,1.100000000000000000e+01,2.400000000000000000e+01,1.200000000000000000e+01,1.200000000000000000e+01,1.762648000000000081e+01
4.000651355469999970e+01,-8.303734925736000605e+01,1.845499999999999918e+00,-1.852400000000000047e+00,-1.304219868326319975e+00,-3.917544065458999358e-01,1.128991080619599907e-01,2.206020860000000028e-01,3.312763519999999962e-01,3.182692451060000280e+02,2.024000000000000000e+03,1.100000000000000000e+01,2.400000000000000000e+01,1.200000000000000000e+01,1.200000000000000000e+01,1.768828099999999992e+01
4.000651372019999741e+01,-8.303734947534999833e+01,1.838300000000000045e+00,-1.856800000000000006e+00,-1.387213107972359971e+00,-4.078129764721800665e-01,-1.589950322457999929e-02,2.234391619999999967e-01,3.294118489999999788e-01,3.181232914430000278e+02,2.024000000000000000e+03,1.100000000000000000e+01,2.400000000000000000e+01,1.200000000000000000e+01,1.200000000000000000e+01,1.774969700000000117e+01
4.000651518835999809e+01,-8.303735145228999670e+01,1.786100000000000021e+00,-1.885599999999999943e+00,-1.369889852506219974e+00,-4.936319434868399747e-01,1.142769210410399944e-01,2.483614560000000082e-01,3.074157370000000222e-01,3.168244915180000021e+02,2.024000000000000000e+03,1.100000000000000000e+01,2.400000000000000000e+01,1.200000000000000000e+01,1.200000000000000000e+01,1.780956600000000023e+01
4.000652731060999656e+01,-8.303737251456999502e+01,1.235700000000000021e+00,-2.067400000000000126e+00,-9.890713735446799992e-01,-1.525419098881800051e-01,-3.180935686992000105e-02,7.694476799999999672e-02,3.874447500000000044e-01,3.043572973440000169e+02,2.024000000000000000e+03,1.100000000000000000e+01,2.400000000000000000e+01,1.200000000000000000e+01,1.200000000000000000e+01,1.869917399999999930e+01
4.000652891322000215e+01,-8.303737619471000642e+01,1.148800000000000043e+00,-2.102300000000000058e+00,-1.028670135401879904e+00,-4.114060663494000236e-01,1.205227261408799849e-01,1.520637000000000030e-02,3.934908089999999969e-01,3.024016096469999866e+02,2.024000000000000000e+03,1.100000000000000000e+01,2.400000000000000000e+01,1.200000000000000000e+01,1.200000000000000000e+01,1.884805199999999914e+01
4.000652952186000277e+01,-8.303737767559999838e+01,1.116400000000000059e+00,-2.103699999999999903e+00,-9.366081187136798825e-01,-5.076411084824999920e-01,3.002370051187999711e-02,-1.363735999999999941e-02,3.936029079999999736e-01,3.016267961479999826e+02,2.024000000000000000e+03,1.100000000000000000e+01,2.400000000000000000e+01,1.200000000000000000e+01,1.200000000000000000e+01,1.890861900000000162e+01
4.000653020954000283e+01,-8.303737941027000602e+01,1.077499999999999902e+00,-2.117900000000000116e+00,-1.171899486492359976e+00,-1.864469133898999931e-01,-6.191327690662000449e-02,-4.647709600000000246e-02,3.988647490000000184e-01,3.007330552910000279e+02,2.024000000000000000e+03,1.100000000000000000e+01,2.400000000000000000e+01,1.200000000000000000e+01,1.200000000000000000e+01,1.896877200000000130e+01
4.000653078194000045e+01,-8.303738090653999393e+01,1.052100000000000035e+00,-2.129199999999999982e+00,-9.244344243677199424e-01,-1.186221272728400083e-01,1.615563239296000098e-02,-8.489494699999999838e-02,3.829639859999999785e-01,2.999687821659999827e+02,2.024000000000000000e+03,1.100000000000000000e+01,2.400000000000000000e+01,1.200000000000000000e+01,1.200000000000000000e+01,1.902961499999999972e+01
4.000653134267999889e+01,-8.303738240824000627e+01,1.032599999999999962e+00,-2.134100000000000108e+00,-1.074954979746019834e+00,-3.413464297157399741e-01,1.812162905257999959e-02,-1.040135999999999977e-01,3.498641350000000205e-01,2.992033186439999781e+02,2.024000000000000000e+03,1.100000000000000000e+01,2.400000000000000000e+01,1.200000000000000000e+01,1.200000000000000000e+01,1.908920699999999826e+01
4.000653180033999945e+01,-8.303738366160000339e+01,1.010000000000000009e+00,-2.138700000000000045e+00,-9.290923409343999628e-01,-2.410473492946599849e-01,5.212585712290000034e-02,-1.080692089999999994e-01,3.211990860000000225e-01,2.985697021780000000e+02,2.024000000000000000e+03,1.100000000000000000e+01,2.400000000000000000e+01,1.200000000000000000e+01,1.200000000000000000e+01,1.914703799999999845e+01
4.000653233461000013e+01,-8.303738517258000229e+01,9.786000000000000254e-01,-2.150599999999999845e+00,-1.121521195489539879e+00,-1.506817705560399845e-01,-5.884695558775999980e-02,-1.177995659999999944e-01,2.864237079999999991e-01,2.978261919990000024e+02,2.024000000000000000e+03,1.100000000000000000e+01,2.400000000000000000e+01,1.200000000000000000e+01,1.200000000000000000e+01,1.920747799999999827e+01
4.000653294031999962e+01,-8.303738694298999690e+01,9.532000000000000473e-01,-2.158100000000000129e+00,-7.412362394265400445e-01,-1.926313471764599938e-01,-7.250061823099999969e-02,-1.160285689999999981e-01,2.511176199999999858e-01,2.969874506580000002e+02,2.024000000000000000e+03,1.100000000000000000e+01,2.400000000000000000e+01,1.200000000000000000e+01,1.200000000000000000e+01,1.926849500000000148e+01
4.000653344540000234e+01,-8.303738846576999322e+01,9.274999999999999911e-01,-2.166799999999999837e+00,-8.448096104399199779e-01,-8.403205006694000612e-02,6.744813637245999915e-02,-1.073443459999999933e-01,2.263044379999999967e-01,2.962817932400000132e+02,2.024000000000000000e+03,1.100000000000000000e+01,2.400000000000000000e+01,1.200000000000000000e+01,1.200000000000000000e+01,1.932906200000000041e+01
4.000653393499000288e+01,-8.303738999777999652e+01,8.971000000000000085e-01,-2.182199999999999918e+00,-1.024281876947640058e+00,4.763849499653999980e-02,1.345814739606799870e-01,-1.146760379999999940e-01,1.997071310000000099e-01,2.955779360839999867e+02,2.024000000000000000e+03,1.100000000000000000e+01,2.400000000000000000e+01,1.200000000000000000e+01,1.200000000000000000e+01,1.939029700000000034e+01
4.000653433011000004e+01,-8.303739128277000248e+01,8.699999999999999956e-01,-2.195600000000000218e+00,-5.531963459957000007e-01,-7.710522851919999858e-03,5.554273735459999695e-02,-1.373934099999999936e-01,1.749025029999999870e-01,2.949917744289999746e+02,2.024000000000000000e+03,1.100000000000000000e+01,2.400000000000000000e+01,1.200000000000000000e+01,1.200000000000000000e+01,1.945126099999999880e+01
4.000653486401999714e+01,-8.303739309435999871e+01,8.347999999999999865e-01,-2.213299999999999823e+00,-1.108843947059680035e+00,5.466853842265999297e-02,2.224410664854000255e-02,-1.811501150000000004e-01,1.475079910000000050e-01,2.941940548759999956e+02,2.024000000000000000e+03,1.100000000000000000e+01,2.400000000000000000e+01,1.200000000000000000e+01,1.200000000000000000e+01,1.951235300000000095e+01
4.000653530630000176e+01,-8.303739465901000472e+01,8.105999999999999872e-01,-2.231799999999999784e+00,-1.034366549085359965e+00,2.632883866366599879e-01,-1.526481025708399941e-01,-2.087792209999999871e-01,1.310567659999999912e-01,2.935523467799999935e+02,2.024000000000000000e+03,1.100000000000000000e+01,2.400000000000000000e+01,1.200000000000000000e+01,1.200000000000000000e+01,1.957305200000000056e+01
4.000653573798999929e+01,-8.303739623615000198e+01,7.967999999999999527e-01,-2.248099999999999987e+00,-2.957739097315200127e-01,1.656316682395400086e-01,-5.099066174179999605e-03,-2.501824799999999849e-01,1.106228959999999983e-01,2.929440562429999773e+02,2.024000000000000000e+03,1.100000000000000000e+01,2.400000000000000000e+01,1.200000000000000000e+01,1.200000000000000000e+01,1.963454099999999869e+01
4.000654127888000033e+01,-8.303742081359999361e+01,5.657999999999999696e-01,-2.419299999999999784e+00,-5.453060436488800233e-01,2.426044131824399985e-01,2.229545082004000256e-02,-4.531090700000000027e-01,2.133229719999999996e-01,2.853433101840000177e+02,2.024000000000000000e+03,1.100000000000000000e+01,2.400000000000000000e+01,1.200000000000000000e+01,1.200000000000000000e+01,2.053455100000000044e+01
4.000654181846999791e+01,-8.303742394869000520e+01,5.326999999999999513e-01,-2.439000000000000057e+00,-2.691198287098399700e-01,1.365399049191799996e-01,1.692658550846000073e-02,-4.565459029999999752e-01,2.504341729999999822e-01,2.844998418160000142e+02,2.024000000000000000e+03,1.100000000000000000e+01,2.400000000000000000e+01,1.200000000000000000e+01,1.200000000000000000e+01,2.065331899999999976e+01
4.000654250713999716e+01,-8.303742827407999982e+01,4.884000000000000008e-01,-2.474499999999999922e+00,-8.530005032817599142e-01,2.923195684931199634e-01,2.829735084968399983e-01,-4.783535910000000224e-01,2.695532050000000179e-01,2.834004283979999741e+02,2.024000000000000000e+03,1.100000000000000000e+01,2.400000000000000000e+01,1.200000000000000000e+01,1.200000000000000000e+01,2.080269699999999844e+01
4.000654477460000180e+01,-8.303744522495999547e+01,4.037000000000000033e-01,-2.617999999999999883e+00,-7.376082273590199856e-01,7.701884936465199782e-01,9.576253139000001028e-04,-6.532111840000000003e-01,1.934361749999999880e-01,2.803765976320000277e+02,2.024000000000000000e+03,1.100000000000000000e+01,2.400000000000000000e+01,1.200000000000000000e+01,1.200000000000000000e+01,2.136195899999999881e+01
4.000654524214999697e+01,-8.303744924240000103e+01,3.938999999999999724e-01,-2.652200000000000113e+00,-1.145577858038600016e-01,2.152188274825999892e-01,9.319533246420000361e-02,-6.884139289999999800e-01,1.892484269999999968e-01,2.798545316060000232e+02,2.024000000000000000e+03,1.100000000000000000e+01,2.400000000000000000e+01,1.200000000000000000e+01,1.200000000000000000e+01,2.148613100000000031e+01
4.000654761231000123e+01,-8.303747213306000674e+01,3.407000000000000028e-01,-2.910200000000000120e+00,-1.192544898624999933e-01,6.717762787746199837e-01,-3.328075595803999670e-02,-7.513551560000000240e-01,1.465896479999999891e-01,2.778049633719999747e+02,2.024000000000000000e+03,1.100000000000000000e+01,2.400000000000000000e+01,1.200000000000000000e+01,1.200000000000000000e+01,2.219068800000000152e+01
4.000654807763000065e+01,-8.303747729530999777e+01,3.135000000000000009e-01,-2.967299999999999827e+00,-1.553563158041820103e+00,1.122002142689699999e+00,3.246282856530000038e-02,-7.513918790000000403e-01,2.433110490000000015e-01,2.774042360610000060e+02,2.024000000000000000e+03,1.100000000000000000e+01,2.400000000000000000e+01,1.200000000000000000e+01,1.200000000000000000e+01,2.233883499999999955e+01
4.000654822184999659e+01,-8.303747904118999656e+01,3.119000000000000106e-01,-2.991999999999999993e+00,-3.441476760260600010e-01,1.444598051060040023e+00,4.817087351670399920e-01,-7.855285920000000255e-01,2.643381140000000129e-01,2.772636363139999958e+02,2.024000000000000000e+03,1.100000000000000000e+01,2.400000000000000000e+01,1.200000000000000000e+01,1.200000000000000000e+01,2.239965499999999921e+01
4.000654842336000172e+01,-8.303748150955999563e+01,3.093000000000000194e-01,-3.025700000000000056e+00,-4.160263947249400185e-01,8.981505556605200447e-01,1.925683127323800092e-01,-8.037938759999999627e-01,2.585716739999999736e-01,2.770522948920000204e+02,2.024000000000000000e+03,1.100000000000000000e+01,2.400000000000000000e+01,1.200000000000000000e+01,1.200000000000000000e+01,2.245998300000000114e+01
4.000654858869000208e+01,-8.303748364439999818e+01,2.923999999999999932e-01,-3.046699999999999964e+00,-5.887587479884599517e-01,6.461694593538800380e-01,6.996179458361999337e-02,-8.338095979999999852e-01,2.449280500000000083e-01,2.768737400050000019e+02,2.024000000000000000e+03,1.100000000000000000e+01,2.400000000000000000e+01,1.200000000000000000e+01,1.200000000000000000e+01,2.252094800000000063e+01
4.000654875117999865e+01,-8.303748579416999576e+01,2.973000000000000087e-01,-3.065500000000000114e+00,1.469807001975000083e-01,5.621263869799800750e-01,-2.172978254707400025e-01,-8.615039839999999449e-01,2.360970540000000006e-01,2.767024767419999876e+02,2.024000000000000000e+03,1.100000000000000000e+01,2.400000000000000000e+01,1.200000000000000000e+01,1.200000000000000000e+01,2.258250200000000163e+01
4.000655004352999811e+01,-8.303750463986000341e+01,2.475999999999999868e-01,-3.233600000000000030e+00,4.004740042155199853e-01,1.909225432665800082e-01,4.109210149775799903e-01,-8.267511889999999974e-01,2.811508589999999752e-01,2.752145042050000256e+02,2.024000000000000000e+03,1.100000000000000000e+01,2.400000000000000000e+01,1.200000000000000000e+01,1.200000000000000000e+01,2.309541899999999970e+01
4.000655025006000187e+01,-8.303750806684000452e+01,2.434999999999999942e-01,-3.267199999999999882e+00,-2.666588027667199934e-01,5.706052500423999252e-01,-5.316843342459999511e-02,-7.622299860000000260e-01,2.589591489999999996e-01,2.749334492439999735e+02,2.024000000000000000e+03,1.100000000000000000e+01,2.400000000000000000e+01,1.200000000000000000e+01,1.200000000000000000e+01,2.319199800000000167e+01
4.000655064082999957e+01,-8.303751492115000588e+01,2.041999999999999926e-01,-3.221400000000000041e+00,-8.539970441551000269e-01,-7.927175726373199005e-01,-5.892723405814599413e-01,-5.630206509999999831e-01,8.061633099999999941e-02,2.743504121180000084e+02,2.024000000000000000e+03,1.100000000000000000e+01,2.400000000000000000e+01,1.200000000000000000e+01,1.200000000000000000e+01,2.336132500000000078e+01
4.000655077492000089e+01,-8.303751793240999746e+01,1.552999999999999936e-01,-3.213299999999999823e+00,-1.848622342172940192e+00,-3.493357250545600090e-01,-5.704265748056200902e-01,-5.540719870000000435e-01,1.025491520000000045e-01,2.740727559339999857e+02,2.024000000000000000e+03,1.100000000000000000e+01,2.400000000000000000e+01,1.200000000000000000e+01,1.200000000000000000e+01,2.343639999999999901e+01
4.000655084305999765e+01,-8.303751981242000113e+01,1.335999999999999965e-01,-3.211399999999999810e+00,-4.428968038796999851e-01,-5.038315929292000450e-02,-7.715398946457999174e-02,-5.876079320000000550e-01,1.013302650000000027e-01,2.738891749000000004e+02,2.024000000000000000e+03,1.100000000000000000e+01,2.400000000000000000e+01,1.200000000000000000e+01,1.200000000000000000e+01,2.349671499999999824e+01
4.000655092716999661e+01,-8.303752243629999441e+01,1.189000000000000057e-01,-3.195800000000000196e+00,-4.092026694003599863e-01,-4.044530319019999931e-01,1.007210660469800012e-01,-6.203033679999999661e-01,9.247072800000000203e-02,2.736234399470000085e+02,2.024000000000000000e+03,1.100000000000000000e+01,2.400000000000000000e+01,1.200000000000000000e+01,1.200000000000000000e+01,2.355915099999999995e+01
4.000655099096000100e+01,-8.303752467798000225e+01,1.071000000000000008e-01,-3.188400000000000123e+00,-2.384699142942000027e-01,-1.821539827965400205e-01,1.497551363085199982e-01,-6.513271889999999731e-01,8.950999299999999603e-02,2.733873384569999985e+02,2.024000000000000000e+03,1.100000000000000000e+01,2.400000000000000000e+01,1.200000000000000000e+01,1.200000000000000000e+01,2.361976599999999848e+01
4.000655105026000058e+01,-8.303752691597000535e+01,1.005000000000000060e-01,-3.182700000000000085e+00,-2.507025947895600293e-01,-2.600531990466199983e-01,-1.146020010062799993e-01,-6.751337299999999875e-01,7.685069799999999507e-02,2.731475950789999843e+02,2.024000000000000000e+03,1.100000000000000000e+01,2.400000000000000000e+01,1.200000000000000000e+01,1.200000000000000000e+01,2.367732099999999917e+01
4.000655106923999682e+01,-8.303752766085000303e+01,9.850000000000000422e-02,-3.179899999999999949e+00,-2.623047542147199929e-01,-2.318466019274199874e-01,-1.019418201205399971e-01,-6.787144870000000330e-01,7.288796499999999901e-02,2.730661737010000252e+02,2.024000000000000000e+03,1.100000000000000000e+01,2.400000000000000000e+01,1.200000000000000000e+01,1.200000000000000000e+01,2.373958500000000171e+01
4.000655113882000080e+01,-8.303753063432000658e+01,8.350000000000000477e-02,-3.167699999999999960e+00,-1.662651602399399797e-01,-1.653470049299599898e-01,-8.702592778485999936e-02,-6.851713590000000353e-01,5.626911700000000044e-02,2.727413215909999735e+02,2.024000000000000000e+03,1.100000000000000000e+01,2.400000000000000000e+01,1.200000000000000000e+01,1.200000000000000000e+01,2.380091399999999879e+01
4.000655077209999888e+01,-8.303756371547000015e+01,-1.842000000000000026e-01,-3.036999999999999922e+00,-4.236246101223200000e-01,-4.700574515862800395e-01,4.032313035669999879e-01,-6.105449440000000338e-01,-2.231694989999999934e-01,2.677332823549999716e+02,2.024000000000000000e+03,1.100000000000000000e+01,2.400000000000000000e+01,1.200000000000000000e+01,1.200000000000000000e+01,2.471014600000000172e+01
4.000655038998999657e+01,-8.303757045547000359e+01,-2.869999999999999774e-01,-3.007899999999999796e+00,-6.136845680829000615e-01,-2.740790694581600184e-01,-6.944490792499999864e-03,-5.821961199999999836e-01,-3.129856260000000168e-01,2.664967784980000260e+02,2.024000000000000000e+03,1.100000000000000000e+01,2.400000000000000000e+01,1.200000000000000000e+01,1.200000000000000000e+01,2.488271800000000056e+01
4.000654706299999930e+01,-8.303759941717000004e+01,-6.490000000000000213e-01,-2.877499999999999947e+00,-1.496624381699519946e+00,-1.469608836969799881e-01,-1.836870647107400056e-01,-5.475494680000000391e-01,-2.313170360000000036e-01,2.596163168589999941e+02,2.024000000000000000e+03,1.100000000000000000e+01,2.400000000000000000e+01,1.200000000000000000e+01,1.200000000000000000e+01,2.576377899999999954e+01
4.000654627154000309e+01,-8.303760377273999893e+01,-7.197000000000000064e-01,-2.846900000000000208e+00,-1.273691757188220031e+00,-4.140452292582200156e-01,2.347183954597999861e-02,-5.909920159999999534e-01,-2.748128240000000111e-01,2.583149270549999983e+02,2.024000000000000000e+03,1.100000000000000000e+01,2.400000000000000000e+01,1.200000000000000000e+01,1.200000000000000000e+01,2.588959300000000141e+01
4.000654560160000273e+01,-8.303760708391999401e+01,-7.868000000000000549e-01,-2.816800000000000193e+00,-2.312346632184979711e+00,-3.160588886424000044e-01,2.062093870913999927e-01,-6.127964219999999518e-01,-2.893415870000000112e-01,2.572581863010000234e+02,2.024000000000000000e+03,1.100000000000000000e+01,2.400000000000000000e+01,1.200000000000000000e+01,1.200000000000000000e+01,2.595289199999999852e+01
4.000654517222999829e+01,-8.303760905951999405e+01,-8.185999999999999943e-01,-2.811500000000000110e+00,-1.124746745843199891e+00,4.649957199299999816e-02,-2.577797123788000064e-02,-6.529519459999999498e-01,-3.078139500000000028e-01,2.565961974670000245e+02,2.024000000000000000e+03,1.100000000000000000e+01,2.400000000000000000e+01,1.200000000000000000e+01,1.200000000000000000e+01,2.601488300000000109e+01
4.000653660977000214e+01,-8.303763780952000673e+01,-1.338500000000000023e+00,-2.644099999999999895e+00,-1.081656031512580052e+00,2.532016559680599910e-01,-4.989482938114000315e-02,-5.543991600000000020e-01,-1.891913809999999918e-01,2.460356546520000052e+02,2.024000000000000000e+03,1.100000000000000000e+01,2.400000000000000000e+01,1.200000000000000000e+01,1.200000000000000000e+01,2.691641800000000018e+01
4.000652277238000210e+01,-8.303766544897999324e+01,-1.994199999999999973e+00,-2.338200000000000056e+00,-2.626090003049259991e+00,2.660435743933199926e-01,-1.602963697368200158e-01,-1.067770319999999939e-01,-1.848894189999999993e-01,2.326658029939999892e+02,2.024000000000000000e+03,1.100000000000000000e+01,2.400000000000000000e+01,1.200000000000000000e+01,1.200000000000000000e+01,2.785797399999999868e+01
4.000650231907000176e+01,-8.303768883216000063e+01,-2.763999999999999790e+00,-1.853199999999999958e+00,-1.738981234245360108e+00,4.583973147868600218e-01,1.632977975202599963e-01,-3.559466800000000153e-01,-1.929389669999999890e-01,2.170086834370000020e+02,2.024000000000000000e+03,1.100000000000000000e+01,2.400000000000000000e+01,1.200000000000000000e+01,1.200000000000000000e+01,2.881268499999999833e+01
4.000649825245999835e+01,-8.303769222299999342e+01,-2.871199999999999974e+00,-1.773099999999999898e+00,-1.441932990205160081e+00,5.665415655746600665e-01,-9.731539126980000287e-03,-3.476447040000000266e-01,-2.093735110000000121e-01,2.144844371640000134e+02,2.024000000000000000e+03,1.100000000000000000e+01,2.400000000000000000e+01,1.200000000000000000e+01,1.200000000000000000e+01,2.895646599999999893e+01
4.000649668580999929e+01,-8.303769345508999322e+01,-2.917899999999999938e+00,-1.735500000000000043e+00,-1.987625912406200124e+00,5.526479111173799863e-01,-7.868536043818000203e-02,-3.260831410000000208e-01,-2.230350939999999893e-01,2.135234118150000029e+02,2.024000000000000000e+03,1.100000000000000000e+01,2.400000000000000000e+01,1.200000000000000000e+01,1.200000000000000000e+01,2.901793400000000034e+01
4.000649509450000352e+01,-8.303769465533000016e+01,-2.962000000000000188e+00,-1.684399999999999897e+00,-2.232451360012159824e+00,2.638301459392399795e-01,-2.963300272708999650e-01,-3.176053660000000001e-01,-2.304081239999999919e-01,2.125569518940000080e+02,2.024000000000000000e+03,1.100000000000000000e+01,2.400000000000000000e+01,1.200000000000000000e+01,1.200000000000000000e+01,2.907890599999999992e+01
4.000649347947999956e+01,-8.303769582149000428e+01,-3.008599999999999941e+00,-1.635799999999999921e+00,-1.139237751157140099e+00,2.167961468580799911e-01,-2.190785247315999926e-02,-3.237593739999999887e-01,-2.172840679999999969e-01,2.115958071899999879e+02,2.024000000000000000e+03,1.100000000000000000e+01,2.400000000000000000e+01,1.200000000000000000e+01,1.200000000000000000e+01,2.914065499999999886e+01
4.000649211367999669e+01,-8.303769677031999663e+01,-3.050300000000000011e+00,-1.604999999999999982e+00,-2.995027782244499726e+00,1.074347897447919920e+00,4.584249804374000009e-02,-3.195936070000000018e-01,-2.123153909999999922e-01,2.108017762929999890e+02,2.024000000000000000e+03,1.100000000000000000e+01,2.400000000000000000e+01,1.200000000000000000e+01,1.200000000000000000e+01,2.920222499999999854e+01
4.000649017138999852e+01,-8.303769805874000554e+01,-3.106300000000000061e+00,-1.540499999999999980e+00,-2.446586403379200192e+00,5.052276555621200149e-01,1.083902967601199918e-01,-3.364847180000000160e-01,-2.127345469999999961e-01,2.097069788999999957e+02,2.024000000000000000e+03,1.100000000000000000e+01,2.400000000000000000e+01,1.200000000000000000e+01,1.200000000000000000e+01,2.926393399999999900e+01
4.000648847904000149e+01,-8.303769912535000230e+01,-3.149500000000000188e+00,-1.498899999999999899e+00,-2.831242618399220312e+00,8.484529514636000025e-01,2.172068328417799954e-01,-3.991410120000000172e-01,-2.055830869999999977e-01,2.087891667250000012e+02,2.024000000000000000e+03,1.100000000000000000e+01,2.400000000000000000e+01,1.200000000000000000e+01,1.200000000000000000e+01,2.932527999999999935e+01
4.000648647805999758e+01,-8.303770033602999945e+01,-3.192000000000000171e+00,-1.459899999999999975e+00,-1.442602500210879990e+00,5.592326669388800742e-01,-4.331659732404000152e-02,-4.595038350000000271e-01,-1.932509639999999973e-01,2.077425374890000001e+02,2.024000000000000000e+03,1.100000000000000000e+01,2.400000000000000000e+01,1.200000000000000000e+01,1.200000000000000000e+01,2.938688199999999995e+01
4.000648503261999878e+01,-8.303770118350999496e+01,-3.221299999999999830e+00,-1.437200000000000033e+00,-2.068488715517780019e+00,9.456760507027600626e-01,-1.638452069812000034e-01,-4.746626310000000015e-01,-1.833725320000000047e-01,2.070135926860000097e+02,2.024000000000000000e+03,1.100000000000000000e+01,2.400000000000000000e+01,1.200000000000000000e+01,1.200000000000000000e+01,2.944820299999999946e+01
4.000648298573000261e+01,-8.303770235071999650e+01,-3.266500000000000181e+00,-1.412600000000000078e+00,-1.269085978973739870e+00,8.575868508134000257e-01,-1.620487462944000118e-02,-4.827456729999999863e-01,-1.803666859999999983e-01,2.060100971089999859e+02,2.024000000000000000e+03,1.100000000000000000e+01,2.400000000000000000e+01,1.200000000000000000e+01,1.200000000000000000e+01,2.950962900000000033e+01
4.000648120814000208e+01,-8.303770333178999863e+01,-3.306099999999999817e+00,-1.381999999999999895e+00,-1.493398263862700137e+00,6.844229851500399642e-01,-1.100405998057599893e-01,-4.913757249999999854e-01,-1.922245509999999935e-01,2.051755986770000106e+02,2.024000000000000000e+03,1.100000000000000000e+01,2.400000000000000000e+01,1.200000000000000000e+01,1.200000000000000000e+01,2.957126399999999933e+01
4.000647941099000349e+01,-8.303770429070999626e+01,-3.341299999999999937e+00,-1.350800000000000001e+00,-1.473688884658959974e+00,7.200122490267000241e-01,2.306849673315400084e-01,-4.931875000000000009e-01,-2.025726479999999941e-01,2.043782336870000051e+02,2.024000000000000000e+03,1.100000000000000000e+01,2.400000000000000000e+01,1.200000000000000000e+01,1.200000000000000000e+01,2.963305099999999825e+01
4.000647759275000226e+01,-8.303770522589999814e+01,-3.383000000000000007e+00,-1.314899999999999958e+00,-1.599767590846579823e+00,7.734158774422199567e-01,2.009295555284000001e-01,-4.900800410000000218e-01,-2.187282570000000093e-01,2.036179070029999991e+02,2.024000000000000000e+03,1.100000000000000000e+01,2.400000000000000000e+01,1.200000000000000000e+01,1.200000000000000000e+01,2.969375099999999890e+01
4.000647728746999832e+01,-8.303770537942999397e+01,-3.390499999999999847e+00,-1.309399999999999897e+00,-1.619096390290980070e+00,8.072087706310200339e-01,2.345671334331799751e-01,-4.910441440000000157e-01,-2.222484419999999905e-01,2.034951198589999990e+02,2.024000000000000000e+03,1.100000000000000000e+01,2.400000000000000000e+01,1.200000000000000000e+01,1.200000000000000000e+01,2.975167499999999876e+01
4.000647482526999710e+01,-8.303770658003999472e+01,-3.439700000000000202e+00,-1.260199999999999987e+00,-7.143756810300599946e-01,3.488880450164399960e-01,-8.189452669477999269e-02,-5.220487160000000237e-01,-2.584480969999999878e-01,2.025455282700000055e+02,2.024000000000000000e+03,1.100000000000000000e+01,2.400000000000000000e+01,1.200000000000000000e+01,1.200000000000000000e+01,2.981333899999999915e+01
4.000647326827999706e+01,-8.303770731010000361e+01,-3.469599999999999795e+00,-1.238199999999999967e+00,-1.196361716286880039e+00,7.573167183476999798e-01,7.079777768624000156e-02,-5.499880259999999632e-01,-2.867250780000000221e-01,2.019857840999999894e+02,2.024000000000000000e+03,1.100000000000000000e+01,2.400000000000000000e+01,1.200000000000000000e+01,1.200000000000000000e+01,2.987533799999999928e+01
4.000647170237999717e+01,-8.303770803170000647e+01,-3.485899999999999999e+00,-1.226900000000000102e+00,-6.925762491658600251e-01,4.100230822747800152e-01,-1.296120752195999981e-01,-5.574049690000000279e-01,-3.153744709999999896e-01,2.014511756539999965e+02,2.024000000000000000e+03,1.100000000000000000e+01,2.400000000000000000e+01,1.200000000000000000e+01,1.200000000000000000e+01,2.993841199999999958e+01
4.000646822038000039e+01,-8.303770958033000227e+01,-3.548900000000000166e+00,-1.179300000000000015e+00,-1.169669570989779972e+00,8.806596994105200249e-01,-3.319140915017999849e-02,-5.670212620000000259e-01,-3.382855129999999821e-01,2.003506357589999993e+02,2.024000000000000000e+03,1.100000000000000000e+01,2.400000000000000000e+01,1.200000000000000000e+01,1.200000000000000000e+01,3.000070699999999846e+01
4.000646629546000099e+01,-8.303771040085000266e+01,-3.576200000000000045e+00,-1.160700000000000065e+00,-7.977253420298799913e-01,6.510707740334999993e-01,-1.730372822883000095e-01,-5.814994789999999858e-01,-3.690262360000000075e-01,1.997832570999999859e+02,2.024000000000000000e+03,1.100000000000000000e+01,2.400000000000000000e+01,1.200000000000000000e+01,1.200000000000000000e+01,3.006246200000000002e+01
4.000646435742999785e+01,-8.303771120813000550e+01,-3.596600000000000019e+00,-1.138700000000000045e+00,-1.434434786233599990e+00,5.756084891845599794e-01,2.937695398341999900e-02,-5.600916809999999524e-01,-3.921405170000000218e-01,1.992283318769999880e+02,2.024000000000000000e+03,1.100000000000000000e+01,2.400000000000000000e+01,1.200000000000000000e+01,1.200000000000000000e+01,3.012428799999999995e+01
4.000643234852000063e+01,-8.303772100015000035e+01,-4.035300000000000331e+00,-6.512000000000000011e-01,-9.796250056497199932e-01,8.571745575817200091e-01,-4.309801660913999827e-02,-2.988533369999999967e-01,-4.639190260000000121e-01,1.906816622860000052e+02,2.024000000000000000e+03,1.100000000000000000e+01,2.400000000000000000e+01,1.200000000000000000e+01,1.200000000000000000e+01,3.104153200000000012e+01
4.000642573737999896e+01,-8.303772227627000291e+01,-4.115000000000000213e+00,-5.595999999999999863e-01,-4.610892434351800406e-01,3.744922615561799839e-01,5.774074991575999655e-02,-3.377442039999999923e-01,-4.901069259999999983e-01,1.892539774949999867e+02,2.024000000000000000e+03,1.100000000000000000e+01,2.400000000000000000e+01,1.200000000000000000e+01,1.200000000000000000e+01,3.122398400000000152e+01
4.000639138921000182e+01,-8.303772706057999642e+01,-4.345500000000000362e+00,-3.523000000000000020e-01,2.272705461268000049e-02,2.371652619157000041e-01,5.764218223695999344e-02,-3.751888800000000024e-01,-5.052886290000000447e-01,1.854988060000000019e+02,2.024000000000000000e+03,1.100000000000000000e+01,2.400000000000000000e+01,1.200000000000000000e+01,1.200000000000000000e+01,3.213488199999999750e+01
4.000638431190999711e+01,-8.303772779207000099e+01,-4.388099999999999667e+00,-3.224000000000000199e-01,-3.223568949215999818e-02,2.636306048880199815e-01,2.747029644928000031e-02,-3.435118110000000002e-01,-4.947303949999999895e-01,1.849674244210000040e+02,2.024000000000000000e+03,1.100000000000000000e+01,2.400000000000000000e+01,1.200000000000000000e+01,1.200000000000000000e+01,3.230402899999999988e+01
4.000638193556000033e+01,-8.303772801869000375e+01,-4.408999999999999808e+00,-3.110999999999999877e-01,-4.084260184938000027e-01,6.479804024170399135e-01,-3.623801863428000036e-02,-3.461652310000000177e-01,-5.065257170000000420e-01,1.848075638329999890e+02,2.024000000000000000e+03,1.100000000000000000e+01,2.400000000000000000e+01,1.200000000000000000e+01,1.200000000000000000e+01,3.236347500000000110e+01
4.000634613526000294e+01,-8.303773076394000441e+01,-4.517299999999999649e+00,-2.325000000000000122e-01,3.823547082393000118e-01,2.942185876107399900e-01,-9.244813071411998873e-02,-3.865453500000000098e-01,-5.698775040000000347e-01,1.833356956229999923e+02,2.024000000000000000e+03,1.100000000000000000e+01,2.400000000000000000e+01,1.200000000000000000e+01,1.200000000000000000e+01,3.325718799999999931e+01
4.000634124076000120e+01,-8.303773108929999580e+01,-4.540600000000000414e+00,-2.054999999999999882e-01,-9.638428507931799949e-01,6.478745751539599640e-01,-9.277149433881999585e-02,-3.503599589999999986e-01,-5.449497779999999958e-01,1.832388980320000087e+02,2.024000000000000000e+03,1.100000000000000000e+01,2.400000000000000000e+01,1.200000000000000000e+01,1.200000000000000000e+01,3.337375099999999861e+01
4.000633878293000123e+01,-8.303773124333000055e+01,-4.553099999999999703e+00,-2.096000000000000085e-01,-1.542416278806000088e-02,3.381137956688800017e-01,-1.195848225980599977e-01,-3.546680859999999935e-01,-5.519992449999999717e-01,1.831922515359999863e+02,2.024000000000000000e+03,1.100000000000000000e+01,2.400000000000000000e+01,1.200000000000000000e+01,1.200000000000000000e+01,3.343055600000000283e+01
4.000633631987999905e+01,-8.303773139724999908e+01,-4.559099999999999930e+00,-2.079999999999999905e-01,-3.791663726958000025e-02,1.989061058203599741e-01,4.121917181588000134e-02,-3.488508240000000038e-01,-5.640463949999999782e-01,1.831414849329999868e+02,2.024000000000000000e+03,1.100000000000000000e+01,2.400000000000000000e+01,1.200000000000000000e+01,1.200000000000000000e+01,3.349245200000000011e+01
4.000629937251000001e+01,-8.303773350781999341e+01,-4.536599999999999966e+00,-1.817999999999999894e-01,6.083239828060000437e-02,-2.306990619452599922e-01,3.808518926166000462e-02,-2.396122049999999948e-01,-5.533754910000000526e-01,1.826332248289999995e+02,2.024000000000000000e+03,1.100000000000000000e+01,2.400000000000000000e+01,1.200000000000000000e+01,1.200000000000000000e+01,3.439947200000000294e+01
4.000629204215999835e+01,-8.303773390527000231e+01,-4.522899999999999920e+00,-1.806000000000000105e-01,8.053799226164000402e-02,2.483838710797999991e-02,3.939228076336000195e-02,-2.457585359999999997e-01,-4.892190339999999971e-01,1.826386695639999971e+02,2.024000000000000000e+03,1.100000000000000000e+01,2.400000000000000000e+01,1.200000000000000000e+01,1.200000000000000000e+01,3.457073400000000163e+01
4.000628959979999877e+01,-8.303773404182000206e+01,-4.522499999999999964e+00,-1.829000000000000070e-01,-9.917475413951999663e-02,-5.388954253800000600e-04,-4.052702265322000175e-02,-2.275966570000000078e-01,-4.901253910000000213e-01,1.826443671209999877e+02,2.024000000000000000e+03,1.100000000000000000e+01,2.400000000000000000e+01,1.200000000000000000e+01,1.200000000000000000e+01,3.463306699999999694e+01
4.000628715996000295e+01,-8.303773417061999851e+01,-4.513300000000000090e+00,-1.681999999999999884e-01,-3.758346217574599635e-01,-3.197550232369600343e-01,-4.311651506283999818e-02,-2.428486850000000086e-01,-4.894268749999999835e-01,1.826517420540000103e+02,2.024000000000000000e+03,1.100000000000000000e+01,2.400000000000000000e+01,1.200000000000000000e+01,1.200000000000000000e+01,3.469438300000000197e+01
4.000628634790000149e+01,-8.303773421361999851e+01,-4.509999999999999787e+00,-1.706000000000000016e-01,-6.364981012431999985e-02,-4.962026742169000082e-01,-1.396797856380000147e-01,-2.505012710000000253e-01,-4.895127409999999735e-01,1.826541377339999883e+02,2.024000000000000000e+03,1.100000000000000000e+01,2.400000000000000000e+01,1.200000000000000000e+01,1.200000000000000000e+01,3.475694200000000222e+01
4.000624847566999875e+01,-8.303773671205000539e+01,-4.270900000000000141e+00,-2.524000000000000132e-01,2.603235087752600041e-01,-1.340587588806460007e+00,-1.241381227567999943e-02,-4.316508669999999936e-01,1.465157529999999986e-01,1.837527743400000020e+02,2.024000000000000000e+03,1.100000000000000000e+01,2.400000000000000000e+01,1.200000000000000000e+01,1.200000000000000000e+01,3.566182200000000080e+01
4.000621495178000231e+01,-8.303773993308999479e+01,-3.427999999999999936e+00,-2.745000000000000218e-01,1.677449096290999919e-01,-1.861940492817860004e+00,-1.446935579406199990e-01,-3.676975359999999915e-01,1.901523420000000020e-01,1.848260453800000107e+02,2.024000000000000000e+03,1.100000000000000000e+01,2.400000000000000000e+01,1.200000000000000000e+01,1.200000000000000000e+01,3.662236800000000159e+01
4.000621221214999679e+01,-8.303774022896999440e+01,-3.341600000000000126e+00,-2.736000000000000099e-01,2.174735931552599921e-01,-2.912973359996399836e+00,6.715572442558000177e-02,-3.515189009999999947e-01,1.941838720000000074e-01,1.848906218150000029e+02,2.024000000000000000e+03,1.100000000000000000e+01,2.400000000000000000e+01,1.200000000000000000e+01,1.200000000000000000e+01,3.675627599999999973e+01
4.000620954090999959e+01,-8.303774051986999893e+01,-3.255300000000000082e+00,-2.657999999999999807e-01,-6.691593613419999365e-02,-1.994759669550520087e+00,4.350342345324000048e-02,-3.532861010000000190e-01,1.871751480000000134e-01,1.849429665220000061e+02,2.024000000000000000e+03,1.100000000000000000e+01,2.400000000000000000e+01,1.200000000000000000e+01,1.200000000000000000e+01,3.681777499999999748e+01
4.000620722941999929e+01,-8.303774077462999514e+01,-3.176200000000000134e+00,-2.646999999999999909e-01,1.935532265481199887e-01,-1.976921040035679811e+00,2.271052010733999940e-02,-3.587276690000000268e-01,1.891586269999999959e-01,1.849968535159999874e+02,2.024000000000000000e+03,1.100000000000000000e+01,2.400000000000000000e+01,1.200000000000000000e+01,1.200000000000000000e+01,3.687904900000000197e+01
4.000620197607000250e+01,-8.303774135390000311e+01,-2.971600000000000019e+00,-2.523000000000000242e-01,1.002571817502800056e-01,-2.284771530231020087e+00,4.157308085237999828e-02,-3.898944650000000234e-01,1.760897899999999960e-01,1.851059301219999895e+02,2.024000000000000000e+03,1.100000000000000000e+01,2.400000000000000000e+01,1.200000000000000000e+01,1.200000000000000000e+01,3.707033200000000051e+01
4.000619016590000143e+01,-8.303774272296000447e+01,-2.572099999999999831e+00,-2.338000000000000078e-01,-7.425628336153999864e-02,-5.240398337404200690e-01,1.220170429046800037e-01,-4.024324429999999730e-01,1.672031969999999979e-01,1.853381460969999921e+02,2.024000000000000000e+03,1.100000000000000000e+01,2.400000000000000000e+01,1.200000000000000000e+01,1.200000000000000000e+01,3.755857100000000059e+01
4.000617106816000046e+01,-8.303774494795000294e+01,-1.799199999999999910e+00,-1.597000000000000086e-01,-9.361928008208000862e-02,-2.781655526670280043e+00,3.985992262160000139e-03,-5.013286240000000005e-01,6.283481999999999956e-03,1.853840780170000073e+02,2.024000000000000000e+03,1.100000000000000000e+01,2.400000000000000000e+01,1.200000000000000000e+01,1.200000000000000000e+01,3.849010899999999680e+01
4.000616922207999693e+01,-8.303774517236999486e+01,-1.622300000000000075e+00,-1.529000000000000081e-01,1.258761419126800118e-01,-3.016726762878759960e+00,-1.401034789910600153e-01,-4.930679119999999971e-01,-2.836858199999999983e-02,1.853868883499999924e+02,2.024000000000000000e+03,1.100000000000000000e+01,2.400000000000000000e+01,1.200000000000000000e+01,1.200000000000000000e+01,3.861046900000000193e+01
4.000616837255000036e+01,-8.303774527971999930e+01,-1.529199999999999893e+00,-1.482999999999999874e-01,1.855413094006199970e-01,-3.090869412224360069e+00,-1.398088186167600055e-01,-4.849056620000000151e-01,-3.706224300000000166e-02,1.853878625689999922e+02,2.024000000000000000e+03,1.100000000000000000e+01,2.400000000000000000e+01,1.200000000000000000e+01,1.200000000000000000e+01,3.867267700000000019e+01
4.000616810046999916e+01,-8.303774531457999331e+01,-1.499100000000000099e+00,-1.451000000000000068e-01,1.198478446167799971e-01,-3.115354840864279939e+00,-2.828437156811999809e-02,-4.813076079999999979e-01,-4.183113200000000004e-02,1.853887650499999893e+02,2.024000000000000000e+03,1.100000000000000000e+01,2.400000000000000000e+01,1.200000000000000000e+01,1.200000000000000000e+01,3.873615800000000320e+01
4.000616221760000002e+01,-8.303774602484000411e+01,-5.007000000000000339e-01,-4.850000000000000144e-02,-5.704217458773999661e-02,-2.845308053680819960e+00,-2.147964464562000103e-02,-4.768731640000000160e-01,-7.251026200000000588e-02,1.854248161319999895e+02,2.024000000000000000e+03,1.100000000000000000e+01,2.400000000000000000e+01,1.200000000000000000e+01,1.200000000000000000e+01,3.935379499999999808e+01
