40.01527063679676,-83.03075304086475,0.1866,-0.0685,0.004007536433939999,2.08753372615404,0.00291802878482,1.80763821,-0.489563581,340.080973949,2024.0,12.0,9.0,13.0,42.0,1.18144
40.01527064442545,-83.0307530625352,0.193,-0.071,0.02124748790568,0.7375464258308798,-0.00137533288124,1.809192793,-0.484695949,340.080844975,2024.0,12.0,9.0,13.0,42.0,1.235214
40.01527068722503,-83.03075318321795,0.2307,-0.08409999999999998,0.016039322025800003,1.57359501923022,-0.08180354719004,1.814559569,-0.460715509,340.080210482,2024.0,12.0,9.0,13.0,42.0,1.287558
40.015270738261115,-83.03075332684566,0.274,-0.1001,-0.01383893367572,1.82829250799912,-0.01183732048018,1.818870757,-0.433116055,340.079470545,2024.0,12.0,9.0,13.0,42.0,1.340618
40.015270798325936,-83.030753496871,0.3226,-0.1197,-0.06042825615696,2.0792199870107,0.0617432256861,1.822848238,-0.407514672,340.078190606,2024.0,12.0,9.0,13.0,42.0,1.393713
40.01527088387015,-83.03075374041332,0.3887,-0.1453,-0.12527288974232,3.52739641466366,0.17308353017716,1.827031743,-0.376823981,340.076398924,2024.0,12.0,9.0,13.0,42.0,1.446845
40.01527096687954,-83.03075397928829,0.4463,-0.1686,-0.09934006546076,2.47530519035732,0.14339501606376,1.831111775,-0.35401869,340.074557267,2024.0,12.0,9.0,13.0,42.0,1.5003
40.01527106062051,-83.03075425251193,0.5052,-0.1937,-0.12648358907162,2.56041106163044,0.182664042923,1.82947401,-0.34052557,340.07206451,2024.0,12.0,9.0,13.0,42.0,1.553925
40.01527118730022,-83.03075462577894,0.5742,-0.2235,-0.14826716995730002,2.4918957875837,0.20148541123254,1.821062476,-0.343150051,340.065790557,2024.0,12.0,9.0,13.0,42.0,1.607049
40.01527130434646,-83.03075497321632,0.6289,-0.2455,-0.08409872960424,2.34383818620878,0.08325329595178,1.811443658,-0.355766834,340.059080685,2024.0,12.0,9.0,13.0,42.0,1.660423
40.01527143182299,-83.03075535203506,0.6818,-0.2676,-0.17254170548916,2.2820182736115,-0.028814056236120003,1.80251574,-0.368764274,340.048522723,2024.0,12.0,9.0,13.0,42.0,1.71317
40.01527159846947,-83.03075584840951,0.7493999999999998,-0.2923,0.03298596489404,2.36023093464994,-0.10462598706668,1.790101126,-0.380218803,340.028080756,2024.0,12.0,9.0,13.0,42.0,1.766109
40.01527175066292,-83.03075629692131,0.8071,-0.31,0.11671961481814,2.3966200962904,-0.13011085628698002,1.786361019,-0.390639084,339.999015208,2024.0,12.0,9.0,13.0,42.0,1.819329
40.01527191503779,-83.03075677696545,0.8635,-0.3296,0.03356385590448,2.3602471845953,-0.09455834233482,1.78846524,-0.404655622,339.960757869,2024.0,12.0,9.0,13.0,42.0,1.872278
40.01527209128744,-83.03075728757585,0.9157,-0.3502,-0.31376225411224,3.29318358662494,0.12180367641758,1.792444748,-0.418559201,339.918405184,2024.0,12.0,9.0,13.0,42.0,1.925113
40.01527227742673,-83.03075782659893,0.9651,-0.3674,-0.09760228420404,2.13345931919322,-0.02669073916,1.795564983,-0.414769712,339.876539938,2024.0,12.0,9.0,13.0,42.0,1.978053
40.01527247055547,-83.03075839483004,1.0085,-0.3959,-0.50346591961614,2.0422809613033,0.14826060311174,1.799851574,-0.40517501,339.835122667,2024.0,12.0,9.0,13.0,42.0,2.031714
40.01527266714309,-83.03075899639903,1.055,-0.4333,-1.0675170729901,3.34198316731388,0.27430904758918,1.773933415,-0.401166679,339.794914811,2024.0,12.0,9.0,13.0,42.0,2.084986
40.01527270692725,-83.03075912066818,1.0642,-0.44,-0.33810369650408,1.0957374762836198,0.13775493718144,1.765435897,-0.399214888,339.787014245,2024.0,12.0,9.0,13.0,42.0,2.137888
40.01527298695923,-83.03076002604095,1.1191,-0.49,-0.8079351318609601,1.9079547903543,0.25440957425646005,1.66646278,-0.400921688,339.740465247,2024.0,12.0,9.0,13.0,42.0,2.191232
40.01527336410986,-83.03076127794807,1.2131,-0.5248,0.07867857459037998,3.36893518564128,0.242062557525,1.494189897,-0.394173729,339.684159443,2024.0,12.0,9.0,13.0,42.0,2.243936
40.015273638783015,-83.03076216594354,1.2796,-0.5431,0.05746371682582,2.2677198210734,-0.06101968475522,1.416258515,-0.412829473,339.638367877,2024.0,12.0,9.0,13.0,42.0,2.297185
40.01527387889759,-83.03076293782227,1.3262,-0.5641,-0.2024370434532,2.0103458903346,-0.23606793044756,1.344058045,-0.427414988,339.597827252,2024.0,12.0,9.0,13.0,42.0,2.350649
40.01527412791218,-83.03076373767007,1.3763,-0.5825,-0.00302467849066,2.15195198812098,-0.29100937183704,1.254555683,-0.427008432,339.557229378,2024.0,12.0,9.0,13.0,42.0,2.405065
40.015274444411645,-83.03076473362233,1.4461,-0.5911,0.52482644882334,2.3542706039573,-0.326022421592,1.175536071,-0.418818774,339.508914299,2024.0,12.0,9.0,13.0,42.0,2.458662
40.01527472323311,-83.0307655948184,1.4969,-0.608,0.06624232595434,2.11085636499742,-0.18370518756828,1.141020873,-0.421156421,339.466445238,2024.0,12.0,9.0,13.0,42.0,2.511893
40.01527501260762,-83.03076648389334,1.5465,-0.6277,-0.11469644120012,2.13840342539016,-0.04751882387694,1.108009753,-0.416734044,339.424692415,2024.0,12.0,9.0,13.0,42.0,2.565823
40.01527537238594,-83.03076758954344,1.609,-0.652,-0.06483581058236,2.27388890620494,-0.04555576721334,1.051555264,-0.402205377,339.365140385,2024.0,12.0,9.0,13.0,42.0,2.618762
40.015275683308936,-83.03076854380667,1.6599,-0.6724,-0.0942758074177,2.2141420261938,-0.04544048513678,1.007006611,-0.390038298,339.313483383,2024.0,12.0,9.0,13.0,42.0,2.672138
40.01527600427499,-83.03076952672538,1.7085,-0.6909,-0.08105737978692,2.08844647760896,-0.04957804085376,0.971266973,-0.377942317,339.263035361,2024.0,12.0,9.0,13.0,42.0,2.725388
40.015276400967565,-83.03077074275744,1.7616,-0.7167,-0.04958655555042,1.93433742921098,0.07224499287855998,0.937035496,-0.350498201,339.206364827,2024.0,12.0,9.0,13.0,42.0,2.778971
40.01527673949971,-83.03077178806872,1.812,-0.741,-0.28425568158918,2.20393178504946,-0.09546609963712,0.8982711599999998,-0.314609021,339.162239305,2024.0,12.0,9.0,13.0,42.0,2.832033
40.01527708602505,-83.03077286594923,1.8656,-0.7675999999999998,-0.2203556471712,2.35688827671372,-0.10757449760112,0.841861021,-0.28163404,339.113204438,2024.0,12.0,9.0,13.0,42.0,2.885343
40.01527752310046,-83.0307742004277,1.9473,-0.7748,0.5720887384601,2.63469454371906,0.04492440142232,0.8107485,-0.269530854,339.047708197,2024.0,12.0,9.0,13.0,42.0,2.939276
40.01527789721341,-83.03077534709668,1.9872,-0.8072,-0.58702282982128,3.05585403706946,0.8433407189856599,0.790071922,-0.281892798,338.99778076,2024.0,12.0,9.0,13.0,42.0,2.99313
40.015278351851144,-83.03077675534732,2.0278,-0.8242,0.28419277390278,1.50661823158174,0.44459175448382,0.7315780859999998,-0.2777175,338.936641379,2024.0,12.0,9.0,13.0,42.0,3.047416
40.015278505141225,-83.03077723350454,2.0456,-0.8427,-0.41828215908264,1.91414785503884,0.2721228934777,0.712113889,-0.266727626,338.916893379,2024.0,12.0,9.0,13.0,42.0,3.101325
40.01527896780632,-83.03077869501644,2.091,-0.8811,-0.7444373437393198,1.83726425812454,0.30923586518814,0.63647982,-0.246807515,338.858368541,2024.0,12.0,9.0,13.0,42.0,3.155421
40.01527962195323,-83.03078068087561,2.1785,-0.8309999999999998,2.13919932204284,1.7334573785786198,-0.23321269523154,0.639952363,-0.155250924,338.757960758,2024.0,12.0,9.0,13.0,42.0,3.20953
40.01527996858075,-83.03078168921122,2.2193,-0.8299999999999998,1.17674358090392,1.91622371465892,-0.23534447565308,0.702752051,-0.095036287,338.691348791,2024.0,12.0,9.0,13.0,42.0,3.263842
40.01528058975394,-83.03078348872845,2.2695,-0.8611999999999999,-0.02061909376422,0.83521799980174,0.07247624183539998,0.775891427,0.024384754,338.599305286,2024.0,12.0,9.0,13.0,42.0,3.31718
40.015281034205074,-83.03078480469456,2.2977,-0.8969,-0.43912876391194006,1.62061080277014,0.26873379560632,0.820819905,0.121873389,338.568653903,2024.0,12.0,9.0,13.0,42.0,3.370852
40.01528147799609,-83.0307861461739,2.3272,-0.932,-0.6614784248063,1.6789786100293795,0.25761473587982,0.8646256479999999,0.233041522,338.55149339,2024.0,12.0,9.0,13.0,42.0,3.425082
40.01528191912221,-83.0307875183693,2.3582,-0.9782,-1.09310240318324,1.77050652630934,0.70382832460736,0.863494669,0.330351403,338.515217811,2024.0,12.0,9.0,13.0,42.0,3.478887
40.015282446351826,-83.03078920068313,2.3933,-1.0196,-1.02749863443558,1.60716174244466,0.95761375505624,0.8247831049999998,0.421605177,338.460946621,2024.0,12.0,9.0,13.0,42.0,3.531702
40.01528288411309,-83.03079063741384,2.4326,-1.0614,-0.9687947222880199,1.88686327547274,0.32148716886868,0.744543521,0.474326539,338.414556798,2024.0,12.0,9.0,13.0,42.0,3.586545
40.01528340660952,-83.03079240231769,2.4711,-1.1086,-0.8930864839655999,1.70268782934324,0.2424176401502,0.564988772,0.508430001,338.358139341,2024.0,12.0,9.0,13.0,42.0,3.640922
40.01528384463391,-83.03079389890206,2.503,-1.1242,-0.28033950002134,1.4228620001733199,-0.42598853088578,0.403938351,0.533146654,338.316911496,2024.0,12.0,9.0,13.0,42.0,3.694968
40.01528437771186,-83.03079571775764,2.5389,-1.1292,0.42589572297672,1.16411938779952,-0.492486203499,0.248284558,0.578424874,338.276750899,2024.0,12.0,9.0,13.0,42.0,3.749193
40.01528483124387,-83.03079724897289,2.5696,-1.1337,0.29935526031382,1.2266574354284,-0.80204875950442,0.153568963,0.639640652,338.247968814,2024.0,12.0,9.0,13.0,42.0,3.802879
40.01528538702494,-83.0307991082058,2.6141,-1.1376,0.41039881996356,1.37255017609862,-0.51160148585718,0.039510266,0.719817269,338.214381715,2024.0,12.0,9.0,13.0,42.0,3.856346
40.015285862966984,-83.03080067624794,2.6541,-1.1421,0.51271974608546,1.59220548055992,0.0161202171114,-0.032062376,0.779399405,338.186666263,2024.0,12.0,9.0,13.0,42.0,3.910796
40.015286348033754,-83.03080226384094,2.6896,-1.153,0.2565867597707,1.4666894363038,-0.24285958824554,-0.093187765,0.834646236,338.160010971,2024.0,12.0,9.0,13.0,42.0,3.965206
40.01528694324968,-83.03080419177503,2.7287,-1.1616,0.02089354768708,1.20265902862538,0.1018633678491,-0.144749617,0.900711298,338.120757998,2024.0,12.0,9.0,13.0,42.0,4.019109
40.0152874466941,-83.03080581985353,2.7649,-1.1794,-0.24352158100146,1.47998637338898,0.50054436501028,-0.168555748,0.943334102,338.092729095,2024.0,12.0,9.0,13.0,42.0,4.07302
40.01528754779038,-83.0308061488409,2.7743,-1.1872,-0.50163925778502,2.6039418291239,0.25853170968452,-0.173590517,0.947826353,338.087511142,2024.0,12.0,9.0,13.0,42.0,4.126624
40.01528805087064,-83.03080780963546,2.8009,-1.2276,-0.97586648680052,1.55004250079196,0.5725714108049199,-0.233670955,0.945201865,338.072949124,2024.0,12.0,9.0,13.0,42.0,4.180712
40.01528909432551,-83.03081116724863,2.8678,-1.1866,0.9416546371258001,0.84446341686886,0.47106622674634,-0.291090219,0.8741588219999998,337.963472527,2024.0,12.0,9.0,13.0,42.0,4.235073
40.015289742735575,-83.03081319579348,2.8959,-1.1894,0.30905962818802,0.85553456834926,0.6662289894165,-0.245929093,0.824803631,337.891116014,2024.0,12.0,9.0,13.0,42.0,4.289512
40.01529028990343,-83.03081490218904,2.9261,-1.2018,0.05729489646292,1.23550819006972,0.54117393478244,-0.20751425,0.757930513,337.849389584,2024.0,12.0,9.0,13.0,42.0,4.343833
40.01529094835096,-83.03081697256255,2.95,-1.2281,-0.1302631645842,0.51035540062558,0.08792666991891998,-0.178299632,0.64846696,337.820850236,2024.0,12.0,9.0,13.0,42.0,4.398943
40.01529149851377,-83.03081871400963,2.968,-1.239,-0.028578864676,0.7882053312651601,0.059485816035600006,-0.149845206,0.540314247,337.797438267,2024.0,12.0,9.0,13.0,42.0,4.453664
40.01529215686739,-83.03082081480747,2.9709,-1.252,-0.11230639579808,0.25795120261352,-0.29526446085364,-0.13009705,0.431001446,337.748041707,2024.0,12.0,9.0,13.0,42.0,4.509307
40.015292703378634,-83.0308225721201,2.9753,-1.2637,-0.18698029405028,0.32443679166462,-0.33863045280824,-0.126897871,0.370075871,337.6916128,2024.0,12.0,9.0,13.0,42.0,4.563088
40.0152933537249,-83.03082468955908,2.9761,-1.2861,-0.58955785504694,0.41080880865452,-0.306558419608,-0.140038882,0.335543643,337.630390254,2024.0,12.0,9.0,13.0,42.0,4.618217
40.01529389363803,-83.03082646820955,2.998,-1.3042,-0.26710468427128,1.03543279231296,-0.52330855115656,-0.170854502,0.317388658,337.584476789,2024.0,12.0,9.0,13.0,42.0,4.673943
40.01529455299767,-83.03082863333836,3.0695,-1.3184,0.54512370516104,2.4730379731714,-1.02030551643968,-0.182719097,0.253399266,337.533065171,2024.0,12.0,9.0,13.0,42.0,4.728638
40.01529511275208,-83.0308304488275,3.0615,-1.3123,-0.25959402754876,-0.14577677862646,-0.11644136797102,-0.138363876,0.131637253,337.487697684,2024.0,12.0,9.0,13.0,42.0,4.782603
40.015295668503235,-83.03083225944312,3.042,-1.3106,-0.35063569867874,-0.65337893464538,-0.47892328961074,-0.124055879,0.109150931,337.43073193,2024.0,12.0,9.0,13.0,42.0,4.837269
40.015296330422835,-83.03083442966808,3.0406,-1.3171,-0.2216614576362,0.034172099776800004,-0.1741323131964,-0.13177773,0.160290636,337.349471243,2024.0,12.0,9.0,13.0,42.0,4.891987
40.01529698997087,-83.03083660649801,3.0578,-1.3284,0.015374620595399999,0.95590635548856,0.03367674114314,-0.158370635,0.247753715,337.245412645,2024.0,12.0,9.0,13.0,42.0,4.947148
40.015297546115214,-83.03083843669062,3.0889,-1.3402,-0.05139784990862,1.29506273919824,0.54268340840092,-0.120101154,0.266689001,337.161696724,2024.0,12.0,9.0,13.0,42.0,5.002415
40.01529810510622,-83.03084028211182,3.1052,-1.3584,-0.5680509800881399,0.9015617329859,-0.06836700866658,-0.066876668,0.268862978,337.08754151,2024.0,12.0,9.0,13.0,42.0,5.056419
40.01529832656274,-83.03084102463653,3.105,-1.3739,-1.06475990550818,0.7393928754551399,0.79950776128798,-0.056810029,0.266761107,337.058499803,2024.0,12.0,9.0,13.0,42.0,5.112213
40.01529899064812,-83.03084326270074,3.121,-1.3808,0.20189629216428,0.54152465247968,0.07886208900163999,-0.065665071,0.253760098,336.95974247,2024.0,12.0,9.0,13.0,42.0,5.167462
40.01529999338129,-83.03084664392118,3.1418,-1.4026,-0.54016921123298,0.5174596825933799,0.40348673711518,-0.046964855,0.235324714,336.780305639,2024.0,12.0,9.0,13.0,42.0,5.223983
40.01530054496519,-83.03084853382116,3.133,-1.4212,-0.7106071218193001,0.04785171049386,0.21290841412276,-0.063922534,0.19073741,336.676790482,2024.0,12.0,9.0,13.0,42.0,5.277812
40.01530119937859,-83.03085080209316,3.1211,-1.4244,-0.08312087829233998,-0.15458247622992,-0.09098673114588,-0.100344372,0.137908483,336.545506221,2024.0,12.0,9.0,13.0,42.0,5.332324
40.015301740500405,-83.03085268729889,3.1083,-1.4214,-0.02688443726148,-0.46666647588658,0.1519968151287,-0.10690062,0.103031424,336.435042497,2024.0,12.0,9.0,13.0,42.0,5.386075
40.01530238508784,-83.03085493859749,3.0871,-1.4152,-0.0099366233349,-0.68982957395768,-0.31837185587196,-0.094909064,0.078199106,336.301954669,2024.0,12.0,9.0,13.0,42.0,5.44034
40.01530292022295,-83.03085680386657,3.0718,-1.4022,0.24640638594118,-0.82546143769614,-0.76438804329776,-0.07161594,0.08428735599999998,336.184746374,2024.0,12.0,9.0,13.0,42.0,5.494835
40.01530355879387,-83.0308590242436,3.0404,-1.4003,-0.8559509680475998,-0.99482882929934,-0.89217879562634,-0.036902976,0.176206251,336.033251932,2024.0,12.0,9.0,13.0,42.0,5.549678
40.015304081869026,-83.03086088025718,3.0453,-1.4248,-0.7478602799184199,0.012250952286359997,0.19849256324802,-0.05051857,0.230658605,335.911243834,2024.0,12.0,9.0,13.0,42.0,5.605442
40.015304706255584,-83.03086310814936,3.0444,-1.4295,-0.44930341235684,0.07909517972771998,0.7737338781785799,-0.04158771,0.237517388,335.771034987,2024.0,12.0,9.0,13.0,42.0,5.662722
40.01530532191295,-83.03086533711712,3.0346,-1.4397,-0.32432424037444,0.03969181489694,1.23866271027576,-0.020510566,0.214240037,335.650773878,2024.0,12.0,9.0,13.0,42.0,5.716802
40.01530583258823,-83.03086719285011,3.0233,-1.4349,-0.08680039016216,-0.58877665450888,0.07117495532978,-0.006884412,0.181808175,335.555392916,2024.0,12.0,9.0,13.0,42.0,5.770427
40.01530633936369,-83.03086904551338,3.0174,-1.4374,-0.04250590271748,-0.28247964067416004,0.21722880033758,-0.020592366,0.1608385,335.45252893,2024.0,12.0,9.0,13.0,42.0,5.824361
40.01530694278695,-83.03087126332954,3.0031,-1.4389,-0.25739242691668,-0.36433896198092,0.46117912952114,-0.049476163,0.108236726,335.336196205,2024.0,12.0,9.0,13.0,42.0,5.880865
40.01530754030812,-83.0308734738212,2.9886,-1.4398,0.01022174658708,-0.48928144120658,0.22353606270566,-0.060930059,0.046991288,335.228809019,2024.0,12.0,9.0,13.0,42.0,5.936201
40.01530803163265,-83.03087530884164,2.9651,-1.4418,-0.32425588018276,-0.77777900220634,-0.37196178220822,-0.066719296,-0.005613209,335.137972449,2024.0,12.0,9.0,13.0,42.0,5.990857
40.01530860799211,-83.030877499028,2.9313,-1.4499,-0.6557168929808,-0.8290247478014399,-0.6241172070754,-0.106043201,-0.03420756,335.020370747,2024.0,12.0,9.0,13.0,42.0,6.047127
40.015308797845634,-83.03087822509393,2.9203,-1.4443,-0.33396326890282,-1.05257107523854,-0.39094426321042,-0.119391566,-0.040549357,334.976643998,2024.0,12.0,9.0,13.0,42.0,6.102371
40.015309371139566,-83.03088039058768,2.9196,-1.4047,0.90480441621254,-0.70428313431778,-0.42920573144434,-0.119425479,-0.045948034,334.850000246,2024.0,12.0,9.0,13.0,42.0,6.157047
40.015309958540094,-83.03088254200183,2.912,-1.3987,-0.67557289811738,-0.45949818427878,-0.3738747525139,0.006401915,-0.093069317,334.721795334,2024.0,12.0,9.0,13.0,42.0,6.211585
40.015310601089645,-83.03088504565056,2.8446,-1.4333,-1.19461210524586,-1.35921665316444,-0.16993717919377999,-0.07136995,-0.156846872,334.585562155,2024.0,12.0,9.0,13.0,42.0,6.265556
40.01531114158569,-83.03088715368295,2.8014,-1.3932,0.5470450600825,-1.71047748943716,0.41209404211232,-0.118078658,-0.137867433,334.454114045,2024.0,12.0,9.0,13.0,42.0,6.320782
40.015311590988745,-83.03088888905104,2.7868,-1.3772,0.46706628982492,-0.8152509590471598,0.4570999905482,-0.07321733499999998,-0.08731968299999998,334.352879334,2024.0,12.0,9.0,13.0,42.0,6.375925
40.0153120354565,-83.03089061815895,2.7723,-1.3878,-0.3450767055683,-0.38790032965308,0.51748233473118,-0.024675345,-0.04212,334.2721302,2024.0,12.0,9.0,13.0,42.0,6.431788
40.01531264911549,-83.03089303885871,2.7656,-1.4005,-0.32703203755972005,-0.04355652626576,0.2715902102771,-0.048938391,-0.004346522,334.17110731,2024.0,12.0,9.0,13.0,42.0,6.488342
40.01531308710179,-83.03089476629195,2.766,-1.3919,0.25207951213972,-0.12797418841038,-0.0309654958574,-0.072130341,-0.000678313,334.103295156,2024.0,12.0,9.0,13.0,42.0,6.545482
40.015313617307825,-83.03089683079425,2.7595,-1.3731,0.31146825523072,-0.49433122050524,-0.14717505567966,-0.044080731,-0.007814723,334.017014495,2024.0,12.0,9.0,13.0,42.0,6.60049
40.01531405807041,-83.03089853923926,2.7368,-1.3661,-0.24888713932882,-0.8821224672805401,-0.29037770824274,0.003565205,-0.019238027,333.936095232,2024.0,12.0,9.0,13.0,42.0,6.654971
40.01531457693292,-83.0309005701919,2.692,-1.3619,-1.10079012861594,-2.09614119866836,-0.3004910732976,0.040549001,-0.046737262,333.841418543,2024.0,12.0,9.0,13.0,42.0,6.710975
40.01531499481985,-83.03090224507704,2.6489,-1.3654,-0.93232528086888,-1.5196696686984,-0.26796180775448,0.034098894,-0.063606201,333.76971602,2024.0,12.0,9.0,13.0,42.0,6.766298
40.015315479979215,-83.03090422831825,2.6045,-1.3473,0.1895297491416,-1.44321779900884,-0.3489976382356,0.00726345,-0.047629268,333.68944922,2024.0,12.0,9.0,13.0,42.0,6.822456
40.015315877782704,-83.03090586047652,2.5713,-1.3389,-0.23990524204486,-1.37404761111752,-0.14805043546974,0.017650409,-0.036297832,333.611343726,2024.0,12.0,9.0,13.0,42.0,6.879374
40.015316340194055,-83.03090780114624,2.5304,-1.3445,-0.50824976094,-1.22975218046484,0.18990593935558,-0.008915546999999998,-0.025441643,333.50839247,2024.0,12.0,9.0,13.0,42.0,6.934057
40.015316790524786,-83.0309097173166,2.4928,-1.3212,0.44865486976336,-1.51329933134448,-0.35039173933478,-0.065734033,-0.014077542,333.394490118,2024.0,12.0,9.0,13.0,42.0,6.989455
40.01531717438439,-83.03091128445783,2.4794,-1.2601,1.76926398824278,-1.5749035561805396,-0.42908789545148,-0.048428437,0.028426114,333.279998265,2024.0,12.0,9.0,13.0,42.0,7.045051
40.01531740427216,-83.03091221342444,2.4558,-1.259,0.11292661744374,-1.4860339100916,0.0641462588382,-0.006370326,0.052672125,333.218676969,2024.0,12.0,9.0,13.0,42.0,7.100828
40.01531784397105,-83.03091406342926,2.4098,-1.2897,-0.96897276399998,-0.97318869842466,0.02676749982826,-0.009805153,0.103824661,333.139160782,2024.0,12.0,9.0,13.0,42.0,7.158031
40.01531835289332,-83.03091619835843,2.3924,-1.2541,0.45010960185432,-1.04636162165424,1.12923494017466,0.004356113,0.073927452,333.053499383,2024.0,12.0,9.0,13.0,42.0,7.21415
40.015318714520916,-83.03091770245949,2.3517,-1.2411,-0.06537293188824,-1.59107915713976,0.95868574770756,0.043241457,0.018601957,332.976074543,2024.0,12.0,9.0,13.0,42.0,7.269795
40.01531920310076,-83.03091977483574,2.2924,-1.2389,-0.71243994219634,-1.55603159866828,0.18027046600384,0.020781906,-0.051516879,332.830241542,2024.0,12.0,9.0,13.0,42.0,7.326615
40.0153196048407,-83.03092152066063,2.2463,-1.2234,-0.201928953439,-1.6782902775835,-0.19500355117846,-0.036241105,-0.121914181,332.702571359,2024.0,12.0,9.0,13.0,42.0,7.382589
40.01531999857653,-83.03092323906394,2.2206,-1.2085,0.02533059415968,-0.7747541347532,-0.37475022605858,-0.045152841,-0.158848454,332.601302939,2024.0,12.0,9.0,13.0,42.0,7.438214999999999
40.01532032062269,-83.03092465955051,2.1973,-1.2105,-0.25460692096362003,-0.38798778881164,-0.17888582679578,-0.034258376,-0.159949097,332.527724534,2024.0,12.0,9.0,13.0,42.0,7.492733
40.015320697605794,-83.03092635624951,2.1787,-1.2143,-0.28635922820252,-0.58064647096512,-0.29077694892332,-0.067925228,-0.145046317,332.430304097,2024.0,12.0,9.0,13.0,42.0,7.547657
40.01532101058219,-83.0309277650351,2.1792,-1.2071,0.20701666396032,-0.17356412589074,-0.14937666894534,-0.104414417,-0.131749976,332.340891013,2024.0,12.0,9.0,13.0,42.0,7.604418
40.01532139026399,-83.0309294530955,2.1884,-1.1991,0.3464467222838,0.22700760106178,-0.07640140963222,-0.115660706,-0.127580033,332.225733944,2024.0,12.0,9.0,13.0,42.0,7.660139
40.01532170969005,-83.03093086239699,2.194,-1.2028,-0.05392227997082,0.28141456967050005,-0.08603163737025998,-0.099325494,-0.152839156,332.135555887,2024.0,12.0,9.0,13.0,42.0,7.714697
40.01532208959582,-83.03093255683096,2.187,-1.2138,-0.43943566250606,-0.03609717168754,-0.01633462106426,-0.09421962,-0.212243411,332.04512614,2024.0,12.0,9.0,13.0,42.0,7.770088
40.01532240266161,-83.03093396649696,2.1783,-1.2069,0.14719029081758,-0.44906636408958,-0.04798362634706,-0.095732059,-0.262485879,331.981913798,2024.0,12.0,9.0,13.0,42.0,7.825790999999999
40.01532272212701,-83.0309353668837,2.1806,-1.1825,0.5903246910891,-0.2896016429881,0.09590567099538001,-0.055528124,-0.300200963,331.906423469,2024.0,12.0,9.0,13.0,42.0,7.880168
40.01532309966514,-83.03093703981318,2.147,-1.2027,-1.47215709182054,-0.72612430105344,-0.19451654103674,0.001100571,-0.324879942,331.813295702,2024.0,12.0,9.0,13.0,42.0,7.93407
40.0153234513958,-83.03093870998879,2.1141,-1.2309,-1.07252567294608,-0.5728552959417,-0.2030143866766,-0.085186778,-0.31372256,331.717876173,2024.0,12.0,9.0,13.0,42.0,7.989682
40.01532373978359,-83.0309400916612,2.1039,-1.2086,0.24964759053962,-0.8119635305715398,0.2581181430658,-0.148167655,-0.285788253,331.628252373,2024.0,12.0,9.0,13.0,42.0,8.0449
40.01532391442373,-83.0309409159215,2.1018,-1.1975,0.5333409153199,-0.56139694344888,0.11232772264492,-0.146846114,-0.272163605,331.57634141,2024.0,12.0,9.0,13.0,42.0,8.101537
40.0153242049614,-83.03094228210107,2.0886,-1.192,-0.0800575597373,-0.52009521952898,0.20350965625234,-0.127514078,-0.225688723,331.490421373,2024.0,12.0,9.0,13.0,42.0,8.157171
40.015324718232385,-83.03094472877247,2.0729,-1.1903,0.04751147805526,-0.2824123073515,-0.43573528984714,-0.169290593,-0.141077701,331.340471543,2024.0,12.0,9.0,13.0,42.0,8.213401
40.01532506169992,-83.03094635170049,2.0679,-1.1803,0.18490158543794,-0.23018662775476,-0.09333074358204,-0.198939462,-0.089212784,331.244584028,2024.0,12.0,9.0,13.0,42.0,8.270894999999998
40.01532534674631,-83.03094770209752,2.0634,-1.1861,-0.25121832539678,-0.03996164191788,0.13904759592788,-0.201119198,-0.062069667,331.175048105,2024.0,12.0,9.0,13.0,42.0,8.326971999999998
40.01532568264981,-83.03094932313945,2.0519,-1.1986,-0.5711475524399999,-0.16472694945653998,-0.25498941044582,-0.210834633,-0.054091165,331.103506751,2024.0,12.0,9.0,13.0,42.0,8.382581
40.01532595705819,-83.03095067139857,2.0402,-1.2003,-0.3800982557605,-0.35845074633254,-0.25868727822814,-0.235051369,-0.047042113,331.049720009,2024.0,12.0,9.0,13.0,42.0,8.43772
40.01532628540938,-83.03095228396539,2.0376,-1.1878,0.35607784359032,-0.32303460559058,-0.07893973711117998,-0.262446018,-0.034907092,330.978913779,2024.0,12.0,9.0,13.0,42.0,8.494295
40.015326620321375,-83.0309538885382,2.0378,-1.1721,0.38405696385696,-0.4875595549834,-0.15556225844112,-0.249754133,-0.021637545,330.904627449,2024.0,12.0,9.0,13.0,42.0,8.551125
40.01532695511802,-83.03095548744503,2.0327,-1.17,0.02301797593338,-0.17280448400056,-0.0976727849565,-0.236402773,-0.008769529,330.835622514,2024.0,12.0,9.0,13.0,42.0,8.607711
40.01532723594696,-83.03095681624156,2.0328,-1.1626,0.1160961022275,-0.1104308684947,0.11486340947484,-0.216868044,-0.003809054,330.78797781,2024.0,12.0,9.0,13.0,42.0,8.663071999999998
40.01532757618997,-83.03095841091766,2.04,-1.1591,0.2394460063302,0.19070830759536,-0.34117515228362,-0.170242614,-0.017538128,330.73940891,2024.0,12.0,9.0,13.0,42.0,8.718180999999998
40.015327857963605,-83.03095973862844,2.0294,-1.163,-0.3488373850108,-0.2736419239836,-0.2564542216023,-0.137982545,-0.039652332,330.700901069,2024.0,12.0,9.0,13.0,42.0,8.77368
40.01532813300516,-83.03096106473326,2.013,-1.1745,-0.6412906810549,-0.38671380097804,-0.47827053323884,-0.14178804,-0.041352836,330.658686014,2024.0,12.0,9.0,13.0,42.0,8.829518999999998
40.015328452685466,-83.03096264971508,1.9925,-1.1774,-0.277440478157,-0.53388029163932,-0.20650434878296,-0.176107163,-0.011870629,330.600019992,2024.0,12.0,9.0,13.0,42.0,8.885804999999998
40.01532876670804,-83.03096422742266,1.9831,-1.1761,-0.01796424442394,-0.23921123847914,0.03436924968142,-0.199736967,0.045291508,330.538000805,2024.0,12.0,9.0,13.0,42.0,8.940607
40.01532907962291,-83.03096580159091,1.9835,-1.1733,0.2610762471345,-0.04891137922138,0.06360890800316,-0.218974887,0.107768058,330.481707887,2024.0,12.0,9.0,13.0,42.0,8.996572
40.01532933742056,-83.03096711667794,1.9812,-1.1913,-0.57592699878504,0.28911968587974,0.63135004290846,-0.246693347,0.132356873,330.459224083,2024.0,12.0,9.0,13.0,42.0,9.051504
40.01532943918596,-83.03096764512286,1.9831,-1.1999,-0.62154069965102,0.4575190366693,0.47602451591546,-0.269085501,0.132070983,330.454844248,2024.0,12.0,9.0,13.0,42.0,9.106613
40.01532979567945,-83.03096949943952,1.9943,-1.1961,0.51704999449628,0.18516400614776,0.3406726096679,-0.346829012,0.09569315,330.447311969,2024.0,12.0,9.0,13.0,42.0,9.161739
40.01533011092739,-83.03097108516762,2.0004,-1.172,0.8324321725403001,-0.17664706143962,0.7033885315773,-0.355388196,0.04250992,330.4111703,2024.0,12.0,9.0,13.0,42.0,9.21554
40.01533032327137,-83.03097213830549,1.9962,-1.1701,0.13988915185788,-0.15551066404454,0.6943146609663,-0.341357942,0.004183068,330.371567709,2024.0,12.0,9.0,13.0,42.0,9.272224
40.01533074143682,-83.03097424981085,1.994,-1.1885,-0.35678048573056004,0.14601035634424,0.12776426218218,-0.387991355,-0.088256334,330.300413543,2024.0,12.0,9.0,13.0,42.0,9.328831
40.01533105585114,-83.03097583524249,1.9984,-1.1757,0.53977979328002,-0.19507791696486,0.0186818512543,-0.399355571,-0.185559427,330.285801948,2024.0,12.0,9.0,13.0,42.0,9.38494
40.01533137518322,-83.03097741063378,1.9927,-1.1563,0.60200263528074,-0.38807617532032,-0.1667885192964,-0.343505015,-0.263080527,330.2843504,2024.0,12.0,9.0,13.0,42.0,9.44079
40.01533168979255,-83.03097897865645,1.9705,-1.1645,-0.21684888768144,-0.4342919837339,-0.42598565797108007,-0.311794087,-0.304586543,330.265144476,2024.0,12.0,9.0,13.0,42.0,9.49643
40.0153319490988,-83.03098027580114,1.961,-1.1508,0.38527730106018,-0.54702339352384,-0.29574607119296004,-0.329450592,-0.300248592,330.225327894,2024.0,12.0,9.0,13.0,42.0,9.5525
40.01533226589969,-83.03098182535902,1.9663,-1.1408,0.23661049537438,0.04232471836042,-0.34279333284452,-0.30136387,-0.272502915,330.179274067,2024.0,12.0,9.0,13.0,42.0,9.607705
40.015332531656526,-83.03098311934379,1.9729,-1.1478,-0.16464103635295999,0.34113094695676,-0.13237614994864,-0.258643436,-0.264225024,330.157401488,2024.0,12.0,9.0,13.0,42.0,9.66365
40.01533284756716,-83.03098468079249,1.975,-1.1659,-0.54913947359168,0.26981965997332,-0.2097553245931,-0.225973669,-0.272627055,330.144751422,2024.0,12.0,9.0,13.0,42.0,9.718519
40.01533311017603,-83.03098598865577,1.9889,-1.1661,0.23396430392958,0.46696607705732,-0.28184025316514,-0.215588593,-0.287072604,330.126223681,2024.0,12.0,9.0,13.0,42.0,9.773722
40.01533342731407,-83.03098756321876,1.9875,-1.1741,-0.3965794400318,0.01769194545838,-0.03011153871326,-0.186076291,-0.327110034,330.089850068,2024.0,12.0,9.0,13.0,42.0,9.831438
40.015333739381674,-83.030989134117,1.9764,-1.1678,0.10041070951449999,-0.34522617263472,-0.18391339865408,-0.19359899,-0.326035649,330.042065857,2024.0,12.0,9.0,13.0,42.0,9.887871
40.01533400085606,-83.03099044155964,1.9823,-1.1637,0.34645242005312,0.0563106862645,0.14589125621652,-0.184495016,-0.307042946,330.000725872,2024.0,12.0,9.0,13.0,42.0,9.943930000000002
40.015334308585985,-83.03099201141863,1.9636,-1.1883,-1.07341067795118,-0.15891364750356,0.15209990156522,-0.163170678,-0.272889402,329.982007591,2024.0,12.0,9.0,13.0,42.0,10.000027
40.015334599766824,-83.03099358942451,1.9604,-1.2164,-0.93351817540592,0.33576716012092,0.23992550157814,-0.22309706,-0.230896392,329.987293731,2024.0,12.0,9.0,13.0,42.0,10.056477
40.015334647906556,-83.03099385366464,1.9632,-1.2185,-0.34579142104748,0.48919317270806,0.34815436931772,-0.239800054,-0.227780539,329.986701625,2024.0,12.0,9.0,13.0,42.0,10.111578
40.01533499002986,-83.0309957108273,1.987,-1.2163,0.34554416669986,0.48027226658614,0.12849586530252,-0.300181463,-0.234502245,329.968397272,2024.0,12.0,9.0,13.0,42.0,10.169111
40.01533539055614,-83.03099783810724,1.9856,-1.2112,-0.00686010993016,-0.1851137058539,0.16203863237754,-0.348300998,-0.260390815,329.909887756,2024.0,12.0,9.0,13.0,42.0,10.226398
40.015335638542346,-83.03099916559886,1.9779,-1.2165,-0.02560630900706,-0.06783517363739999,-0.10489357679032,-0.40661361,-0.247829388,329.877791582,2024.0,12.0,9.0,13.0,42.0,10.28193
40.015335991529746,-83.0310010212066,1.9938,-1.2,0.722489133721,0.33982146013868,0.05875724743728,-0.44937786,-0.208644038,329.845788586,2024.0,12.0,9.0,13.0,42.0,10.338806
40.01533630444175,-83.03100261956828,2.0154,-1.2012,0.35671146398090003,0.57473671696354,0.08040550981119998,-0.421182179,-0.212323571,329.825440813,2024.0,12.0,9.0,13.0,42.0,10.397342
40.01533656929976,-83.03100395725251,2.0219,-1.201,0.17529048874248,0.16985558399426,-0.22614605029878,-0.400360569,-0.237331052,329.802149849,2024.0,12.0,9.0,13.0,42.0,10.453693
40.015336889812595,-83.03100556293647,2.0233,-1.1961,0.1896995074771,-0.07470830293476001,-0.29774249158022,-0.38409787,-0.252243506,329.772657137,2024.0,12.0,9.0,13.0,42.0,10.509857
40.015337213782615,-83.03100716696851,2.0268,-1.1932,0.06743817768348,0.15543667475556,-0.11668510649688,-0.346636706,-0.242794479,329.74270886,2024.0,12.0,9.0,13.0,42.0,10.568004
40.015337482964995,-83.03100850713116,2.0303,-1.2043,-0.3895254253901,0.3505374185436,-0.06814960718971999,-0.313820709,-0.234564241,329.7180412,2024.0,12.0,9.0,13.0,42.0,10.623941
40.01533779994355,-83.0310101238558,2.0294,-1.2239,-0.44650159449006,0.3128483455396,0.4598324915372,-0.302090505,-0.244743012,329.686218892,2024.0,12.0,9.0,13.0,42.0,10.681701
40.015338115024655,-83.0310117479882,2.0374,-1.2276,-0.05823657665284,0.2901481859147,0.2218521172928,-0.300936511,-0.275149425,329.647534903,2024.0,12.0,9.0,13.0,42.0,10.737972
40.0153383787129,-83.03101310435414,2.0401,-1.2307,-0.24831290295074,0.20107875017446,0.02123960235696,-0.290309531,-0.301702519,329.615130747,2024.0,12.0,9.0,13.0,42.0,10.794783
40.015338698179164,-83.03101473228898,2.0438,-1.221,0.06320901870316001,-0.09501120358166,-0.23938821492354,-0.263312149,-0.320113048,329.580561145,2024.0,12.0,9.0,13.0,42.0,10.85102
40.015339020605275,-83.03101635844574,2.0476,-1.2134,0.29286441137464003,-0.04728935471026,-0.45463298034866,-0.206511741,-0.312104291,329.561516355,2024.0,12.0,9.0,13.0,42.0,10.907482
40.01533928765286,-83.0310177153372,2.0443,-1.2276,-0.5310894942216,0.14769063422248,-0.2148142581908,-0.179217153,-0.29277872,329.545260341,2024.0,12.0,9.0,13.0,42.0,10.964561
40.015339601151055,-83.03101935063984,2.0467,-1.2417,-0.082064431942,0.30072381402228,0.06481529624679999,-0.19032381,-0.279322774,329.526375897,2024.0,12.0,9.0,13.0,42.0,11.021832
40.015339866157206,-83.03102071551484,2.059,-1.2265,0.82914204815368,0.1256950283849,0.07412590537992,-0.168593284,-0.270817953,329.499680464,2024.0,12.0,9.0,13.0,42.0,11.076694
40.01533997334673,-83.03102126210119,2.0611,-1.2293,0.63540474040354,0.1750068008636,0.19699689932592,-0.144688441,-0.268429216,329.487632186,2024.0,12.0,9.0,13.0,42.0,11.132986
40.015340441626556,-83.03102373575713,2.0536,-1.2743,-1.23386846985932,0.5851670164919001,0.32175528693992,-0.146952131,-0.278584229,329.441444442,2024.0,12.0,9.0,13.0,42.0,11.188978
40.01534070138488,-83.03102511708623,2.0662,-1.2637,0.43088537710116,0.25025881130524,0.12294679401712,-0.171108134,-0.292870409,329.417335719,2024.0,12.0,9.0,13.0,42.0,11.246904
40.015341074212955,-83.03102705193,2.0772,-1.2534,0.27433938480256,0.14278736401576,-0.08553795969786,-0.129394546,-0.307314489,329.387647685,2024.0,12.0,9.0,13.0,42.0,11.305917
40.01534139278406,-83.03102871731818,2.0796,-1.2722,-0.2861004121318,0.35145696233986,0.23726566424886,-0.120464581,-0.327030486,329.366628037,2024.0,12.0,9.0,13.0,42.0,11.362493
40.01534170582175,-83.03103039133471,2.0818,-1.2817,0.09126840530254,0.16259333224092,-0.07566897158671998,-0.155705939,-0.362393049,329.349627268,2024.0,12.0,9.0,13.0,42.0,11.419846
40.015341966374265,-83.03103179057236,2.0877,-1.2873,0.0706182262328,0.30915723540306,-0.1761089559817,-0.174199492,-0.388236661,329.327973838,2024.0,12.0,9.0,13.0,42.0,11.475688
40.01534227436057,-83.0310334732526,2.079,-1.2986,-0.33063046207226,-0.07062598352742,-0.31497135529772,-0.205665387,-0.406635595,329.295417383,2024.0,12.0,9.0,13.0,42.0,11.53409
40.01534258796911,-83.0310351527097,2.0923,-1.2745,0.8149696518403001,-0.00979736355822,-0.34418952245672,-0.218560454,-0.393583438,329.248273609,2024.0,12.0,9.0,13.0,42.0,11.592115
40.01534290949689,-83.0310368374299,2.1089,-1.2836,0.03566813602378,0.5583417480978801,-0.08676028336324,-0.188336601,-0.381546661,329.208014454,2024.0,12.0,9.0,13.0,42.0,11.647545
40.01534317574688,-83.03103825146069,2.1152,-1.3001,-0.3009892673526,0.51720592688282,-0.0575158511635,-0.197537189,-0.391278892,329.187255328,2024.0,12.0,9.0,13.0,42.0,11.703245
40.01534349728895,-83.0310399537782,2.1236,-1.2965,0.23908224737476,0.15995133012017995,-0.09515984240546,-0.202888582,-0.404093115,329.162368982,2024.0,12.0,9.0,13.0,42.0,11.758779
40.01534376248776,-83.03104137660462,2.12,-1.3107,-0.50110839427588,0.22778612914274,0.32241872974278,-0.200393218,-0.402919023,329.143026232,2024.0,12.0,9.0,13.0,42.0,11.81548
40.01534407713287,-83.03104308874,2.126,-1.316,0.17665449709154,0.3024501338174,0.2210753432931,-0.209409279,-0.393218108,329.118751303,2024.0,12.0,9.0,13.0,42.0,11.884742
40.0153444498168,-83.0310450965811,2.1451,-1.315,0.41846442125858,0.33880881006832003,0.3210428737176,-0.211803335,-0.393994762,329.077943565,2024.0,12.0,9.0,13.0,42.0,11.943635
40.01534477993289,-83.03104682341562,2.1659,-1.3078,0.39020769846676,0.49236638420552,0.1774217705905,-0.168046489,-0.40804134,329.036791992,2024.0,12.0,9.0,13.0,42.0,12.00074
40.01534512302822,-83.03104855847148,2.1908,-1.2988,0.42385105703268,0.46228979059728,0.05098262225932,-0.077275518,-0.443330925,329.00191326,2024.0,12.0,9.0,13.0,42.0,12.057508
40.015345181308945,-83.03104884762003,2.1919,-1.294,0.5159033049774999,0.23198195305272,0.21677918383564,-0.055913444,-0.451779266,328.997375277,2024.0,12.0,9.0,13.0,42.0,12.11542
40.01534558669912,-83.03105087668376,2.1915,-1.306,-0.3422931410423,0.20389910438642,0.1153933241739,0.053616584,-0.486704529,328.970823078,2024.0,12.0,9.0,13.0,42.0,12.172611
40.0153460222912,-83.03105321320399,2.1604,-1.3656,-1.55424452037432,-0.14583849117944,0.06445603337162001,0.038838444,-0.519337456,328.943237029,2024.0,12.0,9.0,13.0,42.0,12.229223
40.015346334989815,-83.03105496470094,2.1571,-1.3542,0.23074191583928,-0.12395014624012,-0.01979244874138,-0.009013741,-0.498860007,328.911099217,2024.0,12.0,9.0,13.0,42.0,12.285857
40.01534664512915,-83.03105672349115,2.1645,-1.3754,-0.39394454980368,0.4738117848892,-0.31065086889468,-0.025970161,-0.46506668,328.875708419,2024.0,12.0,9.0,13.0,42.0,12.342167
40.01534695462346,-83.03105849411048,2.1817,-1.3837,0.11230675992786,0.65938221539258,-0.24671893695,-0.078291765,-0.447056332,328.84092246,2024.0,12.0,9.0,13.0,42.0,12.398724
40.01534721330651,-83.03105997901267,2.1915,-1.3938,-0.05650969819084,0.580859490513,0.00565243327754,-0.136524756,-0.445303946,328.818351384,2024.0,12.0,9.0,13.0,42.0,12.455261
40.0153475282008,-83.03106176922682,2.2077,-1.3909,0.39655069342262,0.39298939725408,0.13696866558964002,-0.192946067,-0.450433765,328.797753351,2024.0,12.0,9.0,13.0,42.0,12.511144
40.015347848210304,-83.03106356910392,2.2196,-1.4013,-0.29825872444658,0.42704678353338,0.12451523991924,-0.208419028,-0.455206312,328.782454402,2024.0,12.0,9.0,13.0,42.0,12.567084
40.01534811265292,-83.03106507798783,2.2301,-1.4145,-0.0648117675722,0.67246657339582,0.0426565735962,-0.241221449,-0.453881991,328.763491619,2024.0,12.0,9.0,13.0,42.0,12.627709
40.015348435422915,-83.03106689737923,2.2499,-1.4114,0.34402416975158,0.58798123848106,-0.35556004174382,-0.267347507,-0.461509232,328.727365662,2024.0,12.0,9.0,13.0,42.0,12.683638
40.01534876410276,-83.03106872646703,2.262,-1.416,-0.06565685270648,0.19848634894494,-0.10187868182118,-0.267121194,-0.470513999,328.689889618,2024.0,12.0,9.0,13.0,42.0,12.740664
40.015349095750096,-83.03107056418123,2.2739,-1.4203,-0.049102203377840006,0.3232989827615,0.09518950094262,-0.251563179,-0.481961881,328.66807363,2024.0,12.0,9.0,13.0,42.0,12.797621
40.01534937588244,-83.03107209879796,2.2839,-1.4128,0.3616320654515,0.17410996522226,0.08927338066107998,-0.223312947,-0.47949817,328.658650846,2024.0,12.0,9.0,13.0,42.0,12.854764
40.01534972296817,-83.03107394569578,2.3117,-1.4087,0.28731794970102,0.80089272420468,-0.07747738126656,-0.159553013,-0.462705657,328.636606666,2024.0,12.0,9.0,13.0,42.0,12.910384
40.01535006933603,-83.03107580793393,2.3188,-1.4364,-0.6341056955185,0.7455541084985399,0.1077888255034,-0.124058099,-0.469789705,328.605722541,2024.0,12.0,9.0,13.0,42.0,12.967048
40.01535035436792,-83.03107737086827,2.3267,-1.4458,-0.08010325300732,0.48753032632564,-0.08483229648106,-0.124589192,-0.484434211,328.573413037,2024.0,12.0,9.0,13.0,42.0,13.022891
40.015350643029414,-83.0310789369297,2.3369,-1.4361,0.5008534296349401,0.20429261171558,-0.1343755479403,-0.096179456,-0.486504887,328.534578714,2024.0,12.0,9.0,13.0,42.0,13.080833
40.0153508169266,-83.03107987878762,2.3393,-1.444,-0.12651962440146,0.33760707036124,-0.04341470115938,-0.065111467,-0.482501977,328.514276987,2024.0,12.0,9.0,13.0,42.0,13.137597
40.015351268647535,-83.03108240948117,2.3375,-1.4937,-1.2319603515817,0.5464046296583,-0.050299761448440006,-0.049898257,-0.48302598,328.482546914,2024.0,12.0,9.0,13.0,42.0,13.195545
40.01535153722572,-83.03108400542156,2.3395,-1.5185,-0.7233681274194799,0.6589360963199,0.09200185540718,-0.108492687,-0.48014787,328.480971064,2024.0,12.0,9.0,13.0,42.0,13.251902
40.01535196437922,-83.0310865783119,2.3554,-1.5295,-0.12603349798038,0.34561251106378,0.07711262445972,-0.204222949,-0.523742318,328.450111623,2024.0,12.0,9.0,13.0,42.0,13.308202
40.01535228655122,-83.03108851727207,2.369,-1.5327,0.07732019946853999,0.49660460942501994,-0.08261671789538,-0.262814522,-0.535846963,328.404633987,2024.0,12.0,9.0,13.0,42.0,13.367584
40.01535255988726,-83.03109013892683,2.3818,-1.5302,0.17183614621258,0.41753124451966,0.06419327967039999,-0.304497567,-0.553537369,328.364182764,2024.0,12.0,9.0,13.0,42.0,13.42462
40.015352893453425,-83.03109209176027,2.4009,-1.5317,0.1689589805607,0.70520351587028,0.04989371759674,-0.32457804,-0.569737131,328.341381677,2024.0,12.0,9.0,13.0,42.0,13.484427
40.01535323665287,-83.03109405864265,2.432,-1.5299,0.52296415941256,0.82073024566924,-0.2490749889858,-0.324510996,-0.608066201,328.331268607,2024.0,12.0,9.0,13.0,42.0,13.542054
40.01535358234194,-83.03109603983492,2.4409,-1.5469,-0.11654953050618,0.52185867981592,-0.2476743931949,-0.325296226,-0.662832344,328.317442526,2024.0,12.0,9.0,13.0,42.0,13.598901
40.01535386728591,-83.03109769703917,2.439,-1.5569,-0.20821196058904,0.21503799584668,-0.2061080162646,-0.354459843,-0.692694517,328.289527745,2024.0,12.0,9.0,13.0,42.0,13.655892
40.015354204575466,-83.03109968853396,2.4334,-1.5651,-0.17129700827434002,0.01410125223446,0.04003841906574,-0.397400393,-0.693585503,328.247290661,2024.0,12.0,9.0,13.0,42.0,13.713117
40.01535454222657,-83.03110168461617,2.4493,-1.5684,0.22673821891248,0.6566882607433601,0.09664140966326,-0.420934391,-0.66433544,328.206444945,2024.0,12.0,9.0,13.0,42.0,13.771111
40.01535482647698,-83.03110335836621,2.4624,-1.5837,-0.37306834016428,0.76187806133752,0.41570047255242,-0.425204633,-0.663760999,328.181002691,2024.0,12.0,9.0,13.0,42.0,13.828401
40.015355160338736,-83.03110538393673,2.4589,-1.6143,-1.07421109372564,0.11520162394728,-0.26294518307044,-0.503113782,-0.681480863,328.146620072,2024.0,12.0,9.0,13.0,42.0,13.885267
40.0153554922285,-83.03110739902704,2.4503,-1.5809,0.6960697056260601,-0.53972609948254,0.0137453944011,-0.572891067,-0.626656949,328.111283086,2024.0,12.0,9.0,13.0,42.0,13.942891
40.01535583597871,-83.03110940860245,2.4695,-1.5649,0.6933797125080999,0.238971800611,0.46459580654278,-0.535426211,-0.53042804,328.085598132,2024.0,12.0,9.0,13.0,42.0,13.999745
40.015356185766954,-83.03111142792847,2.488,-1.5775,0.11649290501418,0.67627899476942,0.2754769369339,-0.501066009,-0.457523461,328.060631922,2024.0,12.0,9.0,13.0,42.0,14.058518
40.015356244819266,-83.03111176587075,2.4936,-1.5772,0.27612815824628,0.7440339038328,0.04064469825952,-0.500176867,-0.445761245,328.056091604,2024.0,12.0,9.0,13.0,42.0,14.116333
40.015356722024656,-83.03111448483716,2.5235,-1.5865,0.19711183315724,0.65314035402722,-0.12335760413612,-0.464483272,-0.403753417,328.01946157,2024.0,12.0,9.0,13.0,42.0,14.176599
40.01535719738344,-83.0311172260281,2.5209,-1.6147,-0.68216166247644,0.21689876642056,0.01560660916228,-0.432619685,-0.413442934,327.98582881,2024.0,12.0,9.0,13.0,42.0,14.235046
40.01535754754345,-83.03111928519715,2.5105,-1.6176,-0.27362768892822004,-0.15106511946509998,-0.07987615948888,-0.422192457,-0.406555056,327.956003804,2024.0,12.0,9.0,13.0,42.0,14.291828
40.01535789541181,-83.03112134034156,2.5053,-1.6136,-0.27676138282012,-0.2511592706324,-0.0260542485287,-0.406893707,-0.365917333,327.925417386,2024.0,12.0,9.0,13.0,42.0,14.348978
40.01535818253407,-83.03112305536047,2.51,-1.6239,-0.32430549216994,0.2547997557933,-0.47615974308936,-0.417285657,-0.312126474,327.899803045,2024.0,12.0,9.0,13.0,42.0,14.405093
40.015358529711875,-83.0311251168723,2.5218,-1.6186,0.20132763946052,0.24854874246892,-0.56692465177302,-0.434504743,-0.248945731,327.859624976,2024.0,12.0,9.0,13.0,42.0,14.462274
40.01535887811641,-83.03112718267285,2.5242,-1.6247,-0.12700312389074,0.18843217654446,0.0079847910502,-0.430897995,-0.189756898,327.826561755,2024.0,12.0,9.0,13.0,42.0,14.518744
40.01535916661313,-83.03112890917377,2.5283,-1.6335,-0.08914620446238,0.28124783556216,0.10719721051848,-0.417847646,-0.146534786,327.813605988,2024.0,12.0,9.0,13.0,42.0,14.57746
40.01535950973072,-83.03113098850658,2.5318,-1.6486,-0.26691278761372,0.36791872757696,0.40908819822814,-0.420303063,-0.102972569,327.800088347,2024.0,12.0,9.0,13.0,42.0,14.634804
40.015359852092274,-83.03113307301817,2.5354,-1.6509,-0.07605783623114,0.14237846576951999,-0.2010680877388,-0.447117773,-0.055393847,327.765981937,2024.0,12.0,9.0,13.0,42.0,14.692038
40.01536018975898,-83.03113516650352,2.5405,-1.6771,-0.63509914609784,0.7481088323210798,-0.40286659988354,-0.488550449,-0.008598971,327.728576937,2024.0,12.0,9.0,13.0,42.0,14.752062
40.01536052180785,-83.03113727491336,2.5555,-1.6926,0.137022460042,0.8913663625860598,1.6979172730952,-0.538572925,-0.029466074,327.709022011,2024.0,12.0,9.0,13.0,42.0,14.814021
40.01536086167317,-83.03113939494337,2.5717,-1.6867,0.23834262726376,0.2423702214937,0.8945606773104399,-0.55430164,-0.123239195,327.684997828,2024.0,12.0,9.0,13.0,42.0,14.873065
40.015361207318044,-83.03114151752757,2.5775,-1.6798,0.10625040976772,-0.02713790044186,0.29697367024914,-0.567399574,-0.219724093,327.643109065,2024.0,12.0,9.0,13.0,42.0,14.930122
40.015361560667415,-83.03114363317268,2.5781,-1.6578,0.34895168922004,-0.3797877397934,-0.35007317318786,-0.563463902,-0.284308868,327.595854529,2024.0,12.0,9.0,13.0,42.0,14.988317
40.015361917237804,-83.0311457409744,2.5766,-1.6482,0.04305425676572,-0.09794483525534,-0.32150674338168,-0.529901368,-0.304494884,327.561911123,2024.0,12.0,9.0,13.0,42.0,15.046965
40.01536203685097,-83.03114644258737,2.5755,-1.646,0.27141846164106004,-0.16386091736672,-0.64777038962724,-0.513123123,-0.317736249,327.554758954,2024.0,12.0,9.0,13.0,42.0,15.104196
40.01536239336359,-83.03114854667913,2.5706,-1.6519,-0.09555289994324,-0.0030893461075,-0.8215226083512999,-0.450804175,-0.31748909,327.54084431,2024.0,12.0,9.0,13.0,42.0,15.161321
40.01536281043196,-83.03115100170707,2.576,-1.6443,0.4601314488079,-0.02381053958518,-0.63800150124634,-0.377614768,-0.318597733,327.510924838,2024.0,12.0,9.0,13.0,42.0,15.218714
40.01536322977154,-83.03115345306784,2.5723,-1.649,-0.3287987075692,0.15562375355257999,-0.31467578212962,-0.313872434,-0.299214491,327.460871896,2024.0,12.0,9.0,13.0,42.0,15.27587
40.01536357006055,-83.03115556392129,2.5505,-1.6966,-1.39567754316388,0.25376332777618,-0.11710485101181999,-0.337300199,-0.286126825,327.427818521,2024.0,12.0,9.0,13.0,42.0,15.333295
40.01536390354303,-83.03115768445605,2.5666,-1.7008,0.08865739922521998,0.58905587924774,0.08983079371037998,-0.378268164,-0.292005902,327.400037011,2024.0,12.0,9.0,13.0,42.0,15.389946
40.01536423886762,-83.03115981829963,2.5779,-1.7181,-0.5078785290481,0.5640221465690001,0.09955953436414,-0.366040833,-0.345645547,327.370820736,2024.0,12.0,9.0,13.0,42.0,15.447538
40.01536451033612,-83.03116160579322,2.5703,-1.7389,-0.63589317425566,0.10864953477784,0.02964809158964,-0.417082308,-0.408585743,327.343239277,2024.0,12.0,9.0,13.0,42.0,15.505114
40.01536483375807,-83.03116374685018,2.566,-1.7208,0.63465693608962,-0.40529100569974,0.039120570113460006,-0.516611292,-0.451806844,327.303237084,2024.0,12.0,9.0,13.0,42.0,15.562602
40.01536516873152,-83.0311658803767,2.5854,-1.6924,1.30524966280438,0.10098161369624,-0.1616989657071,-0.536044938,-0.457758288,327.259234368,2024.0,12.0,9.0,13.0,42.0,15.619831
40.01536546050541,-83.03116765552048,2.5931,-1.677,0.58936120826268,-0.16065946616232,0.22798542384532,-0.461158586,-0.466780719,327.234086856,2024.0,12.0,9.0,13.0,42.0,15.677752
40.01536580380757,-83.03116978378567,2.5696,-1.7071,-1.38345102895808,-0.02882192558492,-0.0581328764347,-0.42324627,-0.449792057,327.198665628,2024.0,12.0,9.0,13.0,42.0,15.735538
40.01536614148948,-83.0311719161393,2.584,-1.6925,0.9584262959466202,0.03051401706364,0.1199421543804,-0.468723321,-0.431188549,327.13974312,2024.0,12.0,9.0,13.0,42.0,15.793051
40.015366488572326,-83.031174046965,2.5873,-1.6901,-0.09133329152774,0.02586240733038,0.33760943391882003,-0.401769471,-0.417297869,327.081458254,2024.0,12.0,9.0,13.0,42.0,15.851372
40.01536682415596,-83.03117618414497,2.5724,-1.7245,-1.08302710136144,0.15002757449502,0.0567820291554,-0.373932757,-0.411058123,327.029745537,2024.0,12.0,9.0,13.0,42.0,15.90807
40.01536709263451,-83.03117796937508,2.5621,-1.7407,-0.6989317120300199,0.03444779028532,0.01789783519872,-0.414035009,-0.410496426,326.986459461,2024.0,12.0,9.0,13.0,42.0,15.964489
40.01536740895432,-83.03118011309472,2.5607,-1.7398,0.18148772211122,-0.05736195941158,-0.0318948588653,-0.483135351,-0.402038625,326.931242746,2024.0,12.0,9.0,13.0,42.0,16.0217
40.01536767763118,-83.0311818987676,2.5717,-1.7328,0.27663571998394,0.2713318008299,-0.15395961904775998,-0.491875983,-0.387543801,326.877918367,2024.0,12.0,9.0,13.0,42.0,16.078722
40.01536778594178,-83.03118261428894,2.5767,-1.7334,0.21500072998276,0.3724308969625,-0.02289531138242,-0.48108564,-0.391809197,326.858622234,2024.0,12.0,9.0,13.0,42.0,16.135885
40.015368271213624,-83.031185843189,2.5746,-1.757,-0.8478106013314198,0.22325936868728,-0.2776623787814,-0.491189767,-0.424638161,326.768388289,2024.0,12.0,9.0,13.0,42.0,16.193429
40.01536865102782,-83.031188357422,2.5865,-1.7301,1.26757515828198,-0.29404685380558,-0.7055383799760401,-0.500678509,-0.439883979,326.711999933,2024.0,12.0,9.0,13.0,42.0,16.250177
40.01536893038407,-83.03119014920422,2.5908,-1.7226,0.16456355659146,-0.00787399026934,-0.53416592184912,-0.445827265,-0.424556877,326.669480928,2024.0,12.0,9.0,13.0,42.0,16.307256
40.01536926143074,-83.03119230083911,2.5818,-1.7386,-0.57253122493074,0.07154551090522,-0.4309572849116,-0.40138403,-0.386796048,326.607050757,2024.0,12.0,9.0,13.0,42.0,16.363684
40.01536958492666,-83.03119445494687,2.5751,-1.7489,-0.34985982073724,-0.00232230754088,0.23908538085402,-0.415875991,-0.346946382,326.535812833,2024.0,12.0,9.0,13.0,42.0,16.421105
40.01536985185395,-83.03119625208149,2.5752,-1.7528,-0.20028797486394,-0.0015285310051,0.39481312700242,-0.420269591,-0.31445856,326.475475934,2024.0,12.0,9.0,13.0,42.0,16.479316
40.01537017247868,-83.03119841228326,2.5777,-1.7615,-0.52993516541308,0.1414124083615,0.43361020757632,-0.41099688,-0.273960843,326.394784195,2024.0,12.0,9.0,13.0,42.0,16.535719
40.01537047884626,-83.03120058351134,2.5679,-1.8029,-1.32532064147188,0.460959945706,0.14138499633612,-0.453927124,-0.259003439,326.329539984,2024.0,12.0,9.0,13.0,42.0,16.593141
40.01537078350034,-83.03120276214706,2.5876,-1.7875,0.7649182242925,0.29447401423684,0.36973838499962,-0.490714533,-0.264874752,326.275856692,2024.0,12.0,9.0,13.0,42.0,16.652635
40.015371098423934,-83.03120494231236,2.5957,-1.7814,0.07789812688184,0.09782462224418,0.26986083328984,-0.451999491,-0.289316324,326.220206787,2024.0,12.0,9.0,13.0,42.0,16.711296
40.0153714100743,-83.0312071299276,2.5958,-1.7998,-0.35102704890224,0.22407622952544,0.1582443153558,-0.463317741,-0.333724476,326.154605812,2024.0,12.0,9.0,13.0,42.0,16.769532
40.01537166508738,-83.03120895554437,2.5922,-1.8069,-0.26210793282658,0.11192227965024,-0.07404044750392,-0.501625387,-0.376207021,326.096250113,2024.0,12.0,9.0,13.0,42.0,16.828616
40.01537202166058,-83.03121150872808,2.5912,-1.7954,0.38701192145564,-0.14729656529746,-0.12136068663156,-0.524816821,-0.419094322,326.010180869,2024.0,12.0,9.0,13.0,42.0,16.886606
40.015372276159916,-83.03121333091634,2.5862,-1.8036,-0.31628997223998,0.05719955927346,-0.36131597936146,-0.504926003,-0.431266607,325.948366463,2024.0,12.0,9.0,13.0,42.0,16.945229
40.01537257113659,-83.03121552261257,2.5722,-1.8308,-0.97744317309748,0.07727175902289998,-0.39633018070306,-0.532646833,-0.450561551,325.878619076,2024.0,12.0,9.0,13.0,42.0,17.002752
40.01537285805645,-83.03121771373088,2.5732,-1.8253,0.39948677143910005,0.15575404562072,-0.4848014882121,-0.616278105,-0.442178482,325.802530217,2024.0,12.0,9.0,13.0,42.0,17.062727
40.0153729072757,-83.03121807902603,2.5791,-1.8196,0.89053225430018,0.23947027025172,-0.37485804941992,-0.622649361,-0.439761376,325.78766802,2024.0,12.0,9.0,13.0,42.0,17.120927
40.01537331261662,-83.03122099946087,2.5977,-1.7921,0.7837960523548199,-0.09642036639096,-0.45101047869930005,-0.577938039,-0.428849433,325.669941655,2024.0,12.0,9.0,13.0,42.0,17.178932
40.015373729845216,-83.03122394261581,2.6379,-1.8166,0.3424333027563,1.0077988865838199,-0.27067090301954,-0.485999233,-0.463887297,325.572542247,2024.0,12.0,9.0,13.0,42.0,17.236758
40.01537404430719,-83.03122616275212,2.622,-1.8315,-1.0644915910228,-0.23331451077896,0.14570565204742,-0.421178138,-0.537382885,325.509640003,2024.0,12.0,9.0,13.0,42.0,17.295778
40.015374330398224,-83.03122839107097,2.5862,-1.8941,-2.22327132948106,0.14589761525524,0.15196979689914,-0.494349588,-0.585854903,325.437974102,2024.0,12.0,9.0,13.0,42.0,17.353281
40.01537458995667,-83.0312306208511,2.5549,-1.8989,-0.28135018462532,-1.00656565725848,0.87089270768186,-0.662046077,-0.640408459,325.351042509,2024.0,12.0,9.0,13.0,42.0,17.410719
40.01537484835682,-83.03123283825765,2.554,-1.8823,0.45777803407998,-0.47013821868606,0.46041842098164,-0.7371369669999999,-0.63344846,325.260669806,2024.0,12.0,9.0,13.0,42.0,17.469545
40.015375075272615,-83.03123467958441,2.5738,-1.853,1.1761800418636,-0.08844405285565998,0.44194676767228,-0.7304789379999999,-0.619029421,325.181880941,2024.0,12.0,9.0,13.0,42.0,17.528772
40.015375362173906,-83.03123688326498,2.5869,-1.8326,0.65037686173118,0.0953593541186,-0.19337441700178,-0.689539818,-0.584970064,325.108181416,2024.0,12.0,9.0,13.0,42.0,17.587831
40.015375656354294,-83.031239088502,2.6008,-1.8291,0.57793455001804,0.42867124872754,-0.21426531482394,-0.675934879,-0.556892861,325.068217831,2024.0,12.0,9.0,13.0,42.0,17.645076
40.015375957679076,-83.03124129717017,2.6117,-1.8213,0.5720037268270399,0.2437155283369,-0.04772660387334,-0.627713384,-0.55976464,325.025664006,2024.0,12.0,9.0,13.0,42.0,17.702857
40.015376263138364,-83.03124350904478,2.6148,-1.8253,-0.08647319239114,0.1576399330168,-0.46453541697502,-0.515899132,-0.582012462,324.952244953,2024.0,12.0,9.0,13.0,42.0,17.761016
40.0153765554927,-83.03124572414458,2.5828,-1.8597,-1.55500084432624,-0.30184379952954,-0.4358709510642,-0.440266037,-0.609033995,324.863024183,2024.0,12.0,9.0,13.0,42.0,17.818711
40.01537677830244,-83.0312475705187,2.5522,-1.8954,-1.87821147057786,-0.16621583961918,-0.32650786985398,-0.474839022,-0.610586381,324.801165269,2024.0,12.0,9.0,13.0,42.0,17.876272
40.01537703707214,-83.0312497823832,2.548,-1.8832,0.04881780911854,-0.30006186046204,-0.60204242779978,-0.533977735,-0.58722938,324.737906713,2024.0,12.0,9.0,13.0,42.0,17.934206
40.015377295900834,-83.03125199156707,2.557,-1.8777,0.62720241018686,0.27341927236024,0.016134232975400002,-0.542558262,-0.553949412,324.679898258,2024.0,12.0,9.0,13.0,42.0,17.99213
40.01537755957102,-83.03125419442938,2.5436,-1.8592,0.34797468615298,-0.76345879264352,-0.65069634763736,-0.536890452,-0.515494946,324.605433975,2024.0,12.0,9.0,13.0,42.0,18.051405
40.015377648275944,-83.03125492592942,2.5425,-1.8544,0.34514431123728,-0.56716658000002,-0.7572314720799799,-0.532139827,-0.489208829,324.575418582,2024.0,12.0,9.0,13.0,42.0,18.108771
40.015377954536824,-83.03125748268836,2.5326,-1.8718,-0.7233735437345599,0.3271074120556,0.3238679661812,-0.56524886,-0.381384226,324.481627671,2024.0,12.0,9.0,13.0,42.0,18.166219
40.01537827721333,-83.03126041771561,2.5124,-1.9173,-0.8834211158598398,0.32250373971388,0.22994289425334,-0.682414801,-0.308052048,324.421794556,2024.0,12.0,9.0,13.0,42.0,18.223627
40.01537848292567,-83.03126225886345,2.5441,-1.9017,0.8569888449457799,0.74668228039228,1.22313749063496,-0.696174835,-0.316140616,324.380889362,2024.0,12.0,9.0,13.0,42.0,18.281484
40.01537878456073,-83.03126484539037,2.5694,-1.8852,1.09783720608444,0.33547947906396,0.78821447978512,-0.657140441,-0.391026988,324.299269407,2024.0,12.0,9.0,13.0,42.0,18.339614
40.015379054425054,-83.03126706793697,2.5821,-1.8811,0.5682758236279599,0.1812715269632,0.35994324991988,-0.637860301,-0.500935391,324.209078094,2024.0,12.0,9.0,13.0,42.0,18.399896
40.015379328591116,-83.031269288209,2.5778,-1.874,0.10600297768382,-0.21032600829292,-0.08127528299816,-0.631457649,-0.616516908,324.115128836,2024.0,12.0,9.0,13.0,42.0,18.45767
40.015379556186566,-83.03127113187979,2.5642,-1.8675,-0.00112963803456,-0.5396359127356201,-0.25426338437516,-0.590694966,-0.68648189,324.059319884,2024.0,12.0,9.0,13.0,42.0,18.514102
40.0153798242525,-83.03127333611175,2.5423,-1.8728,-0.76219438560724,-0.51833768577646,-0.63274819759938,-0.498880387,-0.7375994259999998,324.0182441,2024.0,12.0,9.0,13.0,42.0,18.5722
40.01538008153493,-83.0312755336317,2.5214,-1.8849,-0.79984205725484,-0.38564611427276,-0.8448823500127999,-0.437797059,-0.757168116,323.96343442,2024.0,12.0,9.0,13.0,42.0,18.630149
40.01538032505868,-83.03127772612694,2.5003,-1.8957,-0.6733138301195399,-0.31388474217648,-0.27486693141266,-0.45810995,-0.759198084,323.88076004,2024.0,12.0,9.0,13.0,42.0,18.68877
40.01538055747845,-83.03127991177466,2.4881,-1.8948,-0.1749542076937,-0.31871840365156,-0.181450873856,-0.530403343,-0.729431024,323.785458901,2024.0,12.0,9.0,13.0,42.0,18.747173
40.01538075139856,-83.03128173144421,2.4922,-1.8914,0.44879780374664,0.08730752030489998,0.35233560438076,-0.549267788,-0.708723617,323.722813903,2024.0,12.0,9.0,13.0,42.0,18.80439
40.015380984131205,-83.03128391594478,2.4895,-1.8968,-0.05500886025790001,0.09154381671304,0.25243513601842,-0.55098826,-0.694276569,323.669634655,2024.0,12.0,9.0,13.0,42.0,18.86188
40.01538122026595,-83.03128610187522,2.4981,-1.8904,0.2291467876782,0.10887597459976,0.26233874655185996,-0.548627131,-0.701108276,323.619526597,2024.0,12.0,9.0,13.0,42.0,18.920753
40.0153814628768,-83.03128828658826,2.5007,-1.881,0.08149299760024,-0.07142031079406,0.53459623908258,-0.529286673,-0.725464605,323.56914388,2024.0,12.0,9.0,13.0,42.0,18.978448
40.01538166152951,-83.03129010460249,2.489,-1.8882,-0.4801772245596,-0.17195881430544,0.086712676037,-0.531553087,-0.7366840089999999,323.524542994,2024.0,12.0,9.0,13.0,42.0,19.03654
40.01538181851554,-83.03129155818854,2.4838,-1.8909,-0.42953459594174,-0.1768879850712,-0.16565010358426,-0.533723756,-0.752692251,323.484160653,2024.0,12.0,9.0,13.0,42.0,19.094595
40.01538204489318,-83.03129373615914,2.4636,-1.901,-0.70181444378122,-0.44001350799886,-0.13375032174094,-0.55607882,-0.7637780349999999,323.420302039,2024.0,12.0,9.0,13.0,42.0,19.153885
40.015382341184754,-83.03129662795328,2.4572,-1.8789,0.6155922990474201,-0.4133114784339,-0.57304119218568,-0.590291118,-0.732570916,323.319696715,2024.0,12.0,9.0,13.0,42.0,19.212627
40.015382491401816,-83.03129806893925,2.4517,-1.8748,0.07148302581902,-0.29875600599568,-0.59831202440054,-0.570343357,-0.685697611,323.281482099,2024.0,12.0,9.0,13.0,42.0,19.270458
40.01538279721278,-83.0313009502243,2.4616,-1.8728,0.19871213561956,0.09821856633321999,-0.04164805782756,-0.505204277,-0.620728484,323.222024299,2024.0,12.0,9.0,13.0,42.0,19.328176
40.015382990872936,-83.03130275664273,2.4748,-1.8747,0.38121635606456,0.6170888669101,0.21134271988548,-0.481666835,-0.609743482,323.177057041,2024.0,12.0,9.0,13.0,42.0,19.386496
40.015383225539004,-83.03130492992163,2.481,-1.8771,0.03805648058774,0.12558239567201998,0.0372521640355,-0.443377734,-0.630067783,323.112609422,2024.0,12.0,9.0,13.0,42.0,19.444504
40.01538346021065,-83.0313071029532,2.4704,-1.8826,-0.7119739648563,-0.18023826866084,-0.04486798945574,-0.381453324,-0.647985372,323.050275432,2024.0,12.0,9.0,13.0,42.0,19.501672
40.01538368487861,-83.0313092753822,2.4575,-1.8961,-0.61902479652328,-0.0566603391288,0.17887035773306,-0.352966994,-0.650412209,323.006196085,2024.0,12.0,9.0,13.0,42.0,19.559817
40.01538389874545,-83.0313114448522,2.4403,-1.901,-0.24489799033612,-0.35398796529916,0.41476166093978,-0.35696555,-0.649651226,322.980734573,2024.0,12.0,9.0,13.0,42.0,19.619385
40.01538407133719,-83.03131324940122,2.4318,-1.9022,0.0275957523528,-0.30506385288424,0.23474231592824,-0.388156182,-0.629798575,322.941396665,2024.0,12.0,9.0,13.0,42.0,19.677595
40.015384276354105,-83.03131541851639,2.4367,-1.9137,-0.04909726153944,0.12527383811394,0.12230089649062,-0.425142912,-0.625472688,322.879354732,2024.0,12.0,9.0,13.0,42.0,19.735934
40.015384479393326,-83.03131759122941,2.4445,-1.9157,0.46088628565602,0.355608341027,-0.013272757399119999,-0.466625385,-0.638527041,322.813812128,2024.0,12.0,9.0,13.0,42.0,19.794393
40.015384689748586,-83.03131976713102,2.4516,-1.9118,0.02228362684916,0.09017936846508,0.17599229065004,-0.462561752,-0.679559282,322.759449298,2024.0,12.0,9.0,13.0,42.0,19.852092
40.01538489844499,-83.03132194385063,2.4469,-1.9115,0.06476429447778,-0.21692176962102,-0.06566992589342,-0.46116186,-0.722343747,322.725754803,2024.0,12.0,9.0,13.0,42.0,19.910162
40.015385110011856,-83.03132411924123,2.4517,-1.9076,0.1215472957812,-0.00252541066368,-0.10788662081512,-0.44614671,-0.757412561,322.695929589,2024.0,12.0,9.0,13.0,42.0,19.967736
40.01538528695442,-83.03132593299252,2.4547,-1.9089,0.10566732517244,0.08790044929743998,0.1004608223461,-0.425763806,-0.790783074,322.667109178,2024.0,12.0,9.0,13.0,42.0,20.023889
40.01538546763369,-83.03132774542858,2.4586,-1.8982,0.3021291910662,-0.14232260241308,0.1662879598399,-0.390824308,-0.8315011869999999,322.626721877,2024.0,12.0,9.0,13.0,42.0,20.08277
40.01538554125523,-83.03132847003283,2.4629,-1.8945,0.47831448605846,-0.00720399863508,-0.10491573270336,-0.374430185,-0.8414613119999999,322.604821237,2024.0,12.0,9.0,13.0,42.0,20.141208
40.01538594752513,-83.0313324552258,2.4591,-1.8908,-0.01242584126036,-0.23254853133888,-0.4164169337563,-0.275500744,-0.918979088,322.504604738,2024.0,12.0,9.0,13.0,42.0,20.199659
40.01538616495439,-83.03133462462374,2.4454,-1.9012,-0.55916695381076,-0.1776048594531,-0.4104688986779,-0.224840399,-0.925221661,322.470921527,2024.0,12.0,9.0,13.0,42.0,20.260615
40.01538637527305,-83.03133679261455,2.4372,-1.9101,-0.49306117294048,-0.01584050857016,-0.37688894134058,-0.185184432,-0.905130612,322.437314944,2024.0,12.0,9.0,13.0,42.0,20.319142
40.01538654064389,-83.03133860216023,2.4253,-1.934,-0.91536108571042,0.23261911452628,-0.0122708825897,-0.19647018,-0.887688661,322.39441787,2024.0,12.0,9.0,13.0,42.0,20.376961
40.01538673204146,-83.03134077783122,2.4243,-1.9433,-0.28715493451738,0.19700480768348,0.11842533977552,-0.24421061,-0.874453123,322.332306671,2024.0,12.0,9.0,13.0,42.0,20.435153
40.01538691649875,-83.03134296271189,2.4298,-1.9629,-0.15837652485126,0.5513828021702,0.47578447334182,-0.303347856,-0.88233867,322.277967695,2024.0,12.0,9.0,13.0,42.0,20.495639
40.01538709870923,-83.03134515578883,2.4308,-1.9672,-0.04356898537216,-0.00027043952294000004,0.4218326644171,-0.340384569,-0.917770196,322.247495915,2024.0,12.0,9.0,13.0,42.0,20.554763
40.01538728314873,-83.03134734689709,2.4309,-1.9612,-0.03089976528086,-0.09100202937358,0.2594569672763,-0.364487995,-0.929218151,322.218229385,2024.0,12.0,9.0,13.0,42.0,20.616113
40.01538747702769,-83.03134953746118,2.4501,-1.9395,0.7549051066926599,-0.04371124128994,-0.20634176621246,-0.370552558,-0.929418045,322.17539303,2024.0,12.0,9.0,13.0,42.0,20.6754
40.01538767874108,-83.03135172737936,2.457,-1.9367,0.1080419171834,0.08232706001742,-0.12458505613134,-0.348917649,-0.917520964,322.125939972,2024.0,12.0,9.0,13.0,42.0,20.733762
40.01538788649016,-83.03135391820628,2.465,-1.9307,0.13300681472999995,0.1431709649582,-0.20259765589134,-0.300679811,-0.906077126,322.07778827,2024.0,12.0,9.0,13.0,42.0,20.792454
40.0153880967274,-83.03135611372453,2.4734,-1.9338,0.09269467060418,0.21262118306096,-0.10149948560864,-0.238475544,-0.904170356,322.04098391,2024.0,12.0,9.0,13.0,42.0,20.85051
40.01538830611324,-83.03135831450916,2.4794,-1.9396,0.1669889547714,0.31448510742416,0.02744226943336,-0.172552017,-0.903947109,322.008917882,2024.0,12.0,9.0,13.0,42.0,20.90776
40.015388513239124,-83.03136052112524,2.4759,-1.9538,-0.28241417121986,0.25065939982958,-0.27362068915616,-0.111724332,-0.9066340610000002,321.97339798,2024.0,12.0,9.0,13.0,42.0,20.966856
40.01538867858803,-83.03136236325406,2.4669,-1.9705,-0.66517025913106,0.13861334307554,-0.05929731263908,-0.099909575,-0.900575349,321.931930329,2024.0,12.0,9.0,13.0,42.0,21.027343
40.01538883473407,-83.031364207834,2.4501,-1.9906,-1.06910563132394,-0.06584805065604,0.05914718539758,-0.125568347,-0.897695692,321.890166497,2024.0,12.0,9.0,13.0,42.0,21.085566
40.01538895458707,-83.03136568702608,2.4535,-2.002,-0.58100428342692,0.34159672110104,-0.0960661217931,-0.161369985,-0.884891553,321.85968624,2024.0,12.0,9.0,13.0,42.0,21.145572
40.015389186016755,-83.03136864792567,2.445,-2.0115,-0.28900057143112,0.0500517027556,0.28873923097826,-0.204245033,-0.865614125,321.807886478,2024.0,12.0,9.0,13.0,42.0,21.205864
40.01538932932564,-83.03137050042218,2.4525,-2.008,0.21858506454448,0.15640440844220002,0.43466215902138,-0.226044812,-0.8450772399999998,321.777964606,2024.0,12.0,9.0,13.0,42.0,21.263884
40.01538956526889,-83.03137346983144,2.4699,-2.0018,0.53184577860086,0.16418049628414,0.03643725006058,-0.256438515,-0.8220557979999998,321.721763844,2024.0,12.0,9.0,13.0,42.0,21.322397
40.01538972006052,-83.03137532916101,2.483,-1.9947,0.83553017851556,0.30373239402184,-0.07831451712876,-0.259644862,-0.81076897,321.688225852,2024.0,12.0,9.0,13.0,42.0,21.380856
40.01538994026966,-83.0313779386715,2.4924,-2.0039,0.08787263107152,0.34882538934988,0.13189134072844,-0.23738911,-0.811579764,321.649067551,2024.0,12.0,9.0,13.0,42.0,21.438707
40.01539013025459,-83.03138018112982,2.4935,-2.0074,-0.18629827177834,0.09052009929538,-0.09332033397076,-0.21086646,-0.8250761509999999,321.607684283,2024.0,12.0,9.0,13.0,42.0,21.49848
40.015390284623855,-83.0313820523671,2.4865,-2.0245,-0.8530842574994,0.235229792079,0.05805663135068,-0.201308177,-0.8338887659999998,321.572315386,2024.0,12.0,9.0,13.0,42.0,21.556205
40.01539046756423,-83.0313843072365,2.505,-2.031,0.13121255407754,0.6073774587443,0.029917309971,-0.194743155,-0.8611073839999999,321.526936397,2024.0,12.0,9.0,13.0,42.0,21.614938
40.01539065024017,-83.03138657013277,2.5037,-2.0373,-0.14929965432794,-0.01554432645156,-0.19802951458904,-0.171365439,-0.911024775,321.485544404,2024.0,12.0,9.0,13.0,42.0,21.67373
40.01539079984623,-83.03138845552951,2.4992,-2.0418,-0.24595939888216,0.056727443413180006,-0.39960743244484,-0.167468045,-0.925400552,321.44790299,2024.0,12.0,9.0,13.0,42.0,21.732249
40.01539100535251,-83.03139110224132,2.508,-2.0551,-0.0375046396358,0.5261153061756,-0.21574620000808,-0.19184081,-0.943841953,321.395152154,2024.0,12.0,9.0,13.0,42.0,21.790768
40.01539118700455,-83.0313933756518,2.5165,-2.0483,0.02514297816894,0.16971288566216,-0.05683381194266,-0.164792803,-0.971313567,321.3562848,2024.0,12.0,9.0,13.0,42.0,21.850089
40.01539136670746,-83.03139565155189,2.5127,-2.057,-0.2888926187165,0.1154288096959,0.35197215792038,-0.134540639,-0.989284746,321.327664304,2024.0,12.0,9.0,13.0,42.0,21.910608
40.01539154124979,-83.03139792990615,2.5068,-2.0703,-0.50459847281798,0.19790126162146,0.2945042801128,-0.138695068,-0.992121811,321.296882149,2024.0,12.0,9.0,13.0,42.0,21.970267
40.01539170995009,-83.0314002221851,2.5213,-2.0912,-0.22264315243536,0.7420089006980598,0.15540682230242,-0.174823948,-1.024604996,321.25906235,2024.0,12.0,9.0,13.0,42.0,22.029968
40.015391823673205,-83.03140175275621,2.5258,-2.082,0.47311395382948,0.05999675533534,0.27153794478322,-0.184846195,-1.052386639,321.229381619,2024.0,12.0,9.0,13.0,42.0,22.089805
40.015391909844624,-83.03140289976756,2.5221,-2.0796,0.0689398861285,-0.18124109614328,0.03013718405916,-0.176411177,-1.073074241,321.210122282,2024.0,12.0,9.0,13.0,42.0,22.147818
40.01539218134707,-83.03140672747826,2.5117,-2.1036,-0.19082944192864,0.24603591324866,0.37822955544196,-0.260199802,-1.089295346,321.145041059,2024.0,12.0,9.0,13.0,42.0,22.205443
40.015392315493074,-83.0314086458208,2.5177,-2.107,0.11950887015498,0.29452983998478,0.08686514317918001,-0.306743214,-1.105831826,321.113288395,2024.0,12.0,9.0,13.0,42.0,22.263804
40.015392506829016,-83.03141133594468,2.5308,-2.1001,0.5798909993942001,0.20591195252212,-0.26287856230072,-0.32540939,-1.124556431,321.076263257,2024.0,12.0,9.0,13.0,42.0,22.32212
40.01539267752191,-83.03141364615541,2.5378,-2.1052,-0.1599603452967,0.32224549009794,-0.11056177365589998,-0.298201583,-1.13843967,321.047680816,2024.0,12.0,9.0,13.0,42.0,22.381473
40.01539282115778,-83.03141557103407,2.539,-2.0952,0.27265746418526,-0.05157890866438,-0.44826228700132,-0.297686138,-1.133650401,321.018731649,2024.0,12.0,9.0,13.0,42.0,22.440297
40.015393029955135,-83.0314182646533,2.5509,-2.0867,0.30344076083212,0.21842478411966,-0.15548814556944,-0.266851675,-1.109314465,320.981927355,2024.0,12.0,9.0,13.0,42.0,22.498482
40.01539320476106,-83.03142057918797,2.5403,-2.1125,-1.05419620995466,0.32671751773998,-0.1102727450171,-0.251522965,-1.099100981,320.947960964,2024.0,12.0,9.0,13.0,42.0,22.557547
40.01539338170223,-83.03142290478372,2.5747,-2.1047,0.9182919959181,0.7934846125480198,-0.32523430224342,-0.229689443,-1.105766942,320.907873908,2024.0,12.0,9.0,13.0,42.0,22.616774
40.015393538832456,-83.03142484827191,2.5874,-2.0919,0.79887509800292,0.01420585041998,0.17921556382262002,-0.143570051,-1.140572125,320.87758898,2024.0,12.0,9.0,13.0,42.0,22.676499
40.01539372884202,-83.0314271812155,2.5818,-2.1115,-0.82916882646744,0.49215504638352,-0.20987911133796,-0.044053687,-1.153269122,320.843777476,2024.0,12.0,9.0,13.0,42.0,22.735801
40.01539390656432,-83.03142951855092,2.5711,-2.1242,-0.08883228544636,0.07287183290873998,-0.09171442052498,-0.036473904,-1.169525571,320.811279737,2024.0,12.0,9.0,13.0,42.0,22.795537
40.01539407831674,-83.03143185345138,2.5567,-2.1312,-0.588675534312,0.02315953643284,0.2369340367434,-0.025692229,-1.159315352,320.790077574,2024.0,12.0,9.0,13.0,42.0,22.853976
40.015394235767815,-83.03143419308375,2.5404,-2.1675,-1.37387739343042,0.44646653170624,0.54198072207332,-0.046329182,-1.157035051,320.771534214,2024.0,12.0,9.0,13.0,42.0,22.913175
40.01539437204934,-83.03143654791154,2.5354,-2.2062,-0.7956241553176598,0.64967853003338,0.07480686956004,-0.158578139,-1.193219144,320.734672055,2024.0,12.0,9.0,13.0,42.0,22.971854
40.01539449723854,-83.03143891805355,2.5303,-2.2336,-1.38355096196012,0.39855520293642,0.12858919547374,-0.293686963,-1.280083335,320.702963015,2024.0,12.0,9.0,13.0,42.0,23.031253
40.015394577134444,-83.0314404994774,2.5319,-2.2296,0.04189769798452,-0.00419614941826,-0.04121007618672,-0.404347645,-1.32513022,320.682256639,2024.0,12.0,9.0,13.0,42.0,23.090606
40.01539468295778,-83.03144247165982,2.5393,-2.2037,0.95201688748426,-0.34189857103267995,0.29285155490204,-0.508353649,-1.376678264,320.661893887,2024.0,12.0,9.0,13.0,42.0,23.151252
40.01539491422126,-83.03144600928495,2.589,-2.1426,1.54605724999754,0.26778275625012,-0.08595276865097998,-0.522542025,-1.401818239,320.616333533,2024.0,12.0,9.0,13.0,42.0,23.209566
40.01539500184388,-83.03144718961498,2.6039,-2.1322,1.298452166894,0.30234092740432,0.08491170704582,-0.479462926,-1.425266321,320.598673413,2024.0,12.0,9.0,13.0,42.0,23.268572
40.015395239703686,-83.03145034080656,2.5942,-2.1438,-0.93674656252532,-0.20395259695336,-0.04469965008068,-0.392794167,-1.478625206,320.544126071,2024.0,12.0,9.0,13.0,42.0,23.327553
40.015395431350385,-83.03145309620614,2.5892,-2.1493,0.7947190855978798,0.21589275228264,-0.41285176561828,-0.387611189,-1.481384524,320.51646186,2024.0,12.0,9.0,13.0,42.0,23.388579
40.01539558356933,-83.0314550671945,2.6393,-2.1154,3.89749148353122,1.31530291066128,-0.84603520093686,-0.270015947,-1.478340857,320.482052664,2024.0,12.0,9.0,13.0,42.0,23.446819
40.0153958192552,-83.03145782990565,2.6103,-2.1205,-1.86075265092376,-1.01913864556986,0.10008164236218,0.036385478,-1.532409118,320.422151907,2024.0,12.0,9.0,13.0,42.0,23.507749
40.015395967749974,-83.0314601938072,2.5251,-2.2286,-4.42567318836262,0.23773814015592,-0.37312810017756,-0.030819773,-1.487108287,320.383458664,2024.0,12.0,9.0,13.0,42.0,23.567462
40.01539604602142,-83.03146217583561,2.498,-2.2937,-2.41145297936314,1.00253310257272,0.09537562019654,-0.330128558,-1.462048846,320.357211256,2024.0,12.0,9.0,13.0,42.0,23.626222
40.015396140594476,-83.03146455325094,2.5192,-2.2356,2.10911718335502,-0.57466562888524,0.81903667716532,-0.551934461,-1.468149626,320.296651093,2024.0,12.0,9.0,13.0,42.0,23.686494
40.01539627451743,-83.03146731268862,2.5187,-2.2123,0.00894088363698,-0.64671024564782,0.31415187028272,-0.506456763,-1.416545837,320.242752385,2024.0,12.0,9.0,13.0,42.0,23.746534
40.01539637202357,-83.0314692746618,2.5103,-2.2034,0.17864963836048,-0.48701829526474,0.01613509625812,-0.537773636,-1.337721849,320.237563765,2024.0,12.0,9.0,13.0,42.0,23.805903
40.015396519784055,-83.03147201815531,2.5421,-2.174,1.7082188794040598,0.09465076003102,0.01530095687236,-0.691195323,-1.202459716,320.220762935,2024.0,12.0,9.0,13.0,42.0,23.867754
40.01539664848195,-83.03147397725544,2.572,-2.1428,1.62798070299794,0.09904382263384,0.17733044504768,-0.677426968,-1.124988797,320.177883626,2024.0,12.0,9.0,13.0,42.0,23.928262
40.01539685295176,-83.03147672025123,2.593,-2.1184,0.6334551943983601,-0.21089523600278,-0.14667915743272,-0.484858286,-1.071537982,320.09319574,2024.0,12.0,9.0,13.0,42.0,23.988891
40.01539701442983,-83.03147905333297,2.5168,-2.1332,-1.66344146206816,-1.59973619501284,-0.04631244750658,-0.374485526,-1.070878048,320.039663003,2024.0,12.0,9.0,13.0,42.0,24.048462
40.01539706110475,-83.03147982412683,2.4888,-2.1389,-1.9393337624243,-1.6934669848586599,-0.26611585739926,-0.383759036,-1.069350496,320.026090273,2024.0,12.0,9.0,13.0,42.0,24.1074
40.0153972101469,-83.03148249199293,2.4303,-2.121,-0.79680918171352,-1.4873738058928,-0.13934875708938,-0.426672989,-1.057364816,320.00397,2024.0,12.0,9.0,13.0,42.0,24.168392
40.01539737706117,-83.03148548324835,2.3862,-2.0581,0.440570255796,-1.94466571073378,-0.5353918760861199,-0.400519062,-1.032126985,319.988648295,2024.0,12.0,9.0,13.0,42.0,24.227783
40.01539751935149,-83.03148767816782,2.3663,-2.0028,0.41867887961552,-1.48339128656982,-0.62331609458394,-0.337311673,-0.930914097,319.920697314,2024.0,12.0,9.0,13.0,42.0,24.287444
40.01539764935675,-83.03148985938013,2.344,-2.0323,-0.6100433436392,0.06560496243517999,0.4376989828986,-0.355498182,-0.848020518,319.861797643,2024.0,12.0,9.0,13.0,42.0,24.3457
40.01539776316765,-83.03149204504471,2.3192,-2.0654,-1.31253891557054,-0.08592091658855998,-0.00855779688768,-0.428858772,-0.802086847,319.834036368,2024.0,12.0,9.0,13.0,42.0,24.404888
40.015397858283364,-83.0314942300436,2.2998,-2.078,-0.45054372099304,-0.33797908246974,0.6122213201403399,-0.493482755,-0.75567845,319.844934967,2024.0,12.0,9.0,13.0,42.0,24.46369
40.015397958376624,-83.03149642026885,2.3277,-2.0696,0.59388006874762,0.23029446846158,0.91946587130796,-0.514824297,-0.763934345,319.828303855,2024.0,12.0,9.0,13.0,42.0,24.522957
40.01539805241241,-83.0314982487628,2.3501,-2.0506,1.14938099207984,0.08079300804552,0.71570382559826,-0.547511866,-0.811619123,319.768947676,2024.0,12.0,9.0,13.0,42.0,24.582824
40.01539820949524,-83.03150080361021,2.377,-2.0108,0.5479184228019199,-0.08879366876646,0.2545824437727,-0.543336326,-0.910418684,319.662200027,2024.0,12.0,9.0,13.0,42.0,24.64185
40.015398352702306,-83.03150298689974,2.3636,-2.0104,-0.37322900156184,-0.28907675230772,-0.07964828782384,-0.462956618,-0.999262403,319.612194936,2024.0,12.0,9.0,13.0,42.0,24.700486
40.01539848558371,-83.03150516206695,2.3318,-2.0235,-1.12739235049422,-0.48145944936394,-0.23812754180386,-0.374542047,-1.080701657,319.609031602,2024.0,12.0,9.0,13.0,42.0,24.760782
40.015398603061286,-83.031507326639,2.3006,-2.0282,-0.8517880369328599,-0.7075227505831,-0.64298508233424,-0.345254354,-1.138418599,319.598092065,2024.0,12.0,9.0,13.0,42.0,24.820587
40.015398690262316,-83.03150912044181,2.2765,-2.0307,-0.6666882752303199,-0.6787698608867601,-0.2999259790429,-0.382908049,-1.160515557,319.556500447,2024.0,12.0,9.0,13.0,42.0,24.880565
40.01539880241278,-83.03151161786546,2.2587,-2.0227,0.08033245493018,-0.49590919476268,-0.475972170848,-0.456277024,-1.167252701,319.478278344,2024.0,12.0,9.0,13.0,42.0,24.939525
40.01539890636903,-83.03151374513928,2.2628,-1.9952,0.53567098042872,-0.42668250787456,-0.34889423722952,-0.458279244,-1.149783952,319.409073305,2024.0,12.0,9.0,13.0,42.0,25.000389
40.0153990171574,-83.03151586600367,2.2675,-1.9889,0.12043015771752,0.13099815530712,-0.08322108576388,-0.438848702,-1.133488936,319.355061702,2024.0,12.0,9.0,13.0,42.0,25.060564
40.01539905479826,-83.03151657386383,2.272,-1.9899,0.23723795141366,0.2169467443657,-0.1119760704312,-0.436293329,-1.140370597,319.344227617,2024.0,12.0,9.0,13.0,42.0,25.120984
40.01539919277622,-83.03151905327853,2.2838,-1.983,0.14431596493962,0.11281676426586,-0.14562613341529995,-0.397550267,-1.1771781,319.304140202,2024.0,12.0,9.0,13.0,42.0,25.180144
40.015399359628546,-83.0315218874188,2.2978,-1.9703,0.67426506665616,0.035207440925839995,-0.36163145559486,-0.301714796,-1.222750144,319.250258443,2024.0,12.0,9.0,13.0,42.0,25.240755
40.015399499682964,-83.03152436227575,2.2538,-1.9995,-1.72083951512734,-0.49188316642092,-0.10600133776599999,-0.194605889,-1.240307881,319.202340504,2024.0,12.0,9.0,13.0,42.0,25.300197
40.015399595037124,-83.03152647321245,2.2155,-2.019,-1.42616113132496,-0.3880621261197,-0.07059316081269999,-0.253273736,-1.200632187,319.154216535,2024.0,12.0,9.0,13.0,42.0,25.358596
40.015399667869666,-83.03152858373407,2.195,-2.0463,-0.9529653663988602,0.0197091264996,-0.08514864625599998,-0.398200739,-1.14540403,319.110788412,2024.0,12.0,9.0,13.0,42.0,25.41872
40.015399726872545,-83.03153034211856,2.2026,-2.0345,0.28921166508718,-0.10048465619418,0.24144396404304,-0.48326454,-1.108196277,319.07498234,2024.0,12.0,9.0,13.0,42.0,25.477781
40.01539982027638,-83.03153279717495,2.2082,-2.0119,0.23003128976614,-0.29949791423546,0.14403617494488,-0.508739703,-1.040389997,319.021483947,2024.0,12.0,9.0,13.0,42.0,25.537402
40.015399899804514,-83.03153489982196,2.2044,-2.025,-0.35888336506878,0.27661260535424,0.17433836450408,-0.575288539,-0.985673854,318.995658009,2024.0,12.0,9.0,13.0,42.0,25.598134
40.01539998348223,-83.03153700268281,2.2264,-1.9963,1.00897134501374,-0.07505448988724,0.11877709198654,-0.668312716,-0.9699977930000001,318.974276188,2024.0,12.0,9.0,13.0,42.0,25.657361
40.015400087344695,-83.03153910022051,2.2436,-1.961,1.67445055020808,-0.39614609413858,0.03256873787348,-0.634626276,-0.972609149,318.935676027,2024.0,12.0,9.0,13.0,42.0,25.717657
40.015400180936034,-83.0315408429136,2.237,-1.9598,0.1587519568819,-0.2084856866729,0.1139552452698,-0.561478836,-0.971635176,318.899447133,2024.0,12.0,9.0,13.0,42.0,25.776687
40.01540028816714,-83.03154293001467,2.2206,-1.9645,-0.26811380329016,-0.3501445218589,-0.34604210996444,-0.52407103,-0.977442783,318.859009139,2024.0,12.0,9.0,13.0,42.0,25.835898
40.01540039400382,-83.03154500990685,2.2087,-1.9592,-0.39879313816038,-0.51792995642994,-0.112668192377,-0.489351044,-0.984699745,318.824547301,2024.0,12.0,9.0,13.0,42.0,25.895615
40.01540049764198,-83.03154708306766,2.1999,-1.9581,-0.49788100196926,-0.32419406394358,-0.18293374347156,-0.438629069,-0.98900329,318.790418445,2024.0,12.0,9.0,13.0,42.0,25.956614
40.015400609335266,-83.03154949293439,2.1765,-1.9575,-0.38712662970872,-0.6930266196549401,-0.03049731105814,-0.413623803,-0.978555287,318.744229788,2024.0,12.0,9.0,13.0,42.0,26.017577
40.015400680298264,-83.03155120553006,2.1602,-1.9594,-0.23753633597018,-0.4780284340329,-0.00646097112942,-0.426493481,-0.950866133,318.714799848,2024.0,12.0,9.0,13.0,42.0,26.076894
40.015400708654425,-83.0315518883978,2.1576,-1.9543,0.01849344313664,-0.50198525509894,-0.08330236509149998,-0.434111632,-0.928811647,318.701370667,2024.0,12.0,9.0,13.0,42.0,26.137038
40.015400836756214,-83.03155495987536,2.1569,-1.9619,-0.48980624542144,0.12288490681273997,0.30351764188446,-0.425989172,-0.8302509689999998,318.643291992,2024.0,12.0,9.0,13.0,42.0,26.196918
40.015400924111596,-83.03155735458107,2.1491,-1.9793,-0.55143804755472,0.1260033031035,0.79137071076578,-0.45928968,-0.807955388,318.61187923,2024.0,12.0,9.0,13.0,42.0,26.257768
40.01540100198764,-83.03155975680757,2.1451,-1.9946,-0.37683649043766,0.18001725607379998,0.2145511893322,-0.531229629,-0.81681952,318.593293098,2024.0,12.0,9.0,13.0,42.0,26.317151
40.01540105426965,-83.03156147364928,2.1431,-1.9954,-0.190790706617,-0.03281738974376,0.4116205448188,-0.581619727,-0.8407500369999998,318.578629067,2024.0,12.0,9.0,13.0,42.0,26.37725
40.01540112153115,-83.031563532448,2.1539,-1.9793,0.54778619648052,-0.12450331321394,0.21568293384296,-0.626135468,-0.8765385949999999,318.541771539,2024.0,12.0,9.0,13.0,42.0,26.436947
40.01540120014801,-83.0315655881271,2.164,-1.9643,0.30272104931002,-0.02484226858832,0.02391559554124,-0.633119284,-0.922648106,318.489768212,2024.0,12.0,9.0,13.0,42.0,26.496678
40.01540129562885,-83.0315679806436,2.1615,-1.956,0.14398843189582,-0.1738057419689,-0.34547180819282,-0.619026544,-0.958979028,318.448098409,2024.0,12.0,9.0,13.0,42.0,26.556947
40.015401383792465,-83.03157003242544,2.1764,-1.9486,0.37288905478084,0.19792235615826,-0.54867939997538,-0.572164966,-0.994926468,318.434144097,2024.0,12.0,9.0,13.0,42.0,26.617874
40.01540146564329,-83.03157174273352,2.189,-1.9321,0.6835451690993,-0.0512271506554,-0.53685165590956,-0.50446409,-1.031936362,318.430649831,2024.0,12.0,9.0,13.0,42.0,26.678453
40.0154015959802,-83.03157413675133,2.2089,-1.9102,0.70602276565844,-0.0728629913948,-0.39565055922554,-0.34284668,-1.080702067,318.413347731,2024.0,12.0,9.0,13.0,42.0,26.74038
40.015401717902854,-83.03157618249267,2.2006,-1.8963,-0.17773918965158,-0.64375335226098,-0.14099689258508,-0.155892046,-1.100926798,318.368285114,2024.0,12.0,9.0,13.0,42.0,26.800652
40.015401826398815,-83.0315782227943,2.1661,-1.9281,-1.68692302357254,-0.26638252595758,-0.1626175205715,-0.02264963,-1.08409548,318.319888228,2024.0,12.0,9.0,13.0,42.0,26.859825
40.015401885088366,-83.03158025280783,2.0555,-2.0079,-4.5303535515463,-0.99205769351924,0.43961742130462,-0.111003262,-1.037168913,318.301601385,2024.0,12.0,9.0,13.0,42.0,26.921672
40.01540189109908,-83.03158228078935,2.023,-2.0585,-1.7481943193212799,0.2862102396686,0.36446015209448,-0.441652685,-0.963533801,318.290253097,2024.0,12.0,9.0,13.0,42.0,26.981383
40.015401879056846,-83.0315843231284,2.0304,-2.0876,-0.66298149160188,0.69007916634898,0.29851669998584,-0.7517707569999998,-0.949685704,318.276930755,2024.0,12.0,9.0,13.0,42.0,27.041901
40.015401873697165,-83.03158534613023,2.039,-2.0717,0.68585795463982,0.0147349222339,0.3160536280727,-0.887623939,-0.9575472,318.260191179,2024.0,12.0,9.0,13.0,42.0,27.10181
40.015401887309665,-83.03158737975244,2.0719,-1.9926,2.850730653617,-0.8800248659265199,0.6227002228412201,-1.053786785,-0.956407427,318.216372557,2024.0,12.0,9.0,13.0,42.0,27.161312
40.01540197868073,-83.03159040305846,2.1249,-1.8968,2.43559150556084,-0.63470222639426,-0.07155352955831999,-1.07536535,-0.8688340759999998,318.203525164,2024.0,12.0,9.0,13.0,42.0,27.220211
40.015402062858385,-83.03159207424699,2.1599,-1.8573,1.16266622899764,0.02047891770874,-0.00285755295218,-0.994115356,-0.797103757,318.220134956,2024.0,12.0,9.0,13.0,42.0,27.280084
40.01540221103116,-83.03159441570882,2.184,-1.8386,0.53395443959348,0.0130946490875,-0.01422537471298,-0.740802179,-0.730510995,318.23104522,2024.0,12.0,9.0,13.0,42.0,27.339068
40.01540233955414,-83.0315964249124,2.1796,-1.8544,-0.51316049287832,0.30897516590866,-0.36930436422774,-0.510101253,-0.688517315,318.207558693,2024.0,12.0,9.0,13.0,42.0,27.39945
40.01540244971856,-83.03159843869813,2.1423,-1.8984,-2.0740204255018604,0.06139404180058,-0.4975013260064,-0.340556978,-0.666081529,318.17439406,2024.0,12.0,9.0,13.0,42.0,27.461429
40.01540252464377,-83.03160045198135,2.0917,-1.9409,-1.97517275788926,-0.27742374956402,-0.69603005996444,-0.323764507,-0.630727287,318.159097139,2024.0,12.0,9.0,13.0,42.0,27.523767
40.01540257133345,-83.03160212643455,2.0774,-1.9462,-0.6169863844492,-0.30714566916996,-0.37263325125194,-0.374441662,-0.583404961,318.148114237,2024.0,12.0,9.0,13.0,42.0,27.584939
40.01540263650631,-83.0316044675267,2.0864,-1.9351,0.39073546033076,-0.0436740397905,-0.3226065518682,-0.418497153,-0.503465133,318.122937485,2024.0,12.0,9.0,13.0,42.0,27.645118
40.01540269952277,-83.03160647207721,2.0951,-1.9205,0.64246872197894,-0.15937628198467998,0.03786743195686,-0.405232981,-0.4284248,318.102868487,2024.0,12.0,9.0,13.0,42.0,27.706658
40.01540277915759,-83.03160881424745,2.1063,-1.9252,0.3654055540788,0.2663367751394,0.54362318048684,-0.384073832,-0.356064073,318.10496373,2024.0,12.0,9.0,13.0,42.0,27.768558
40.0154028340111,-83.03161048996981,2.0987,-1.9393,-0.526959057533,0.2671561866548,1.25372209403136,-0.388741457,-0.329617749,318.122936665,2024.0,12.0,9.0,13.0,42.0,27.829053
40.015402889178226,-83.03161284608379,2.0767,-1.9785,-0.43307970962232,0.07085172807342,0.284530627926,-0.465556494,-0.352093688,318.169817509,2024.0,12.0,9.0,13.0,42.0,27.888996
40.01540292633023,-83.03161486568163,2.0618,-1.9844,-0.71289601940682,-0.24642153555732,-0.31905520550534,-0.559825241,-0.367115732,318.172547359,2024.0,12.0,9.0,13.0,42.0,27.94926
40.015402956057784,-83.03161688023818,2.0552,-1.9815,0.14506470045076,-0.15723960722786,0.09388779984578,-0.67775358,-0.361763797,318.152614813,2024.0,12.0,9.0,13.0,42.0,28.011395
40.015402995776384,-83.03161889497063,2.0834,-1.9579,1.39390841633076,0.10956715664626,0.4435245438963401,-0.758827998,-0.391108587,318.128523398,2024.0,12.0,9.0,13.0,42.0,28.071619
40.01540300391016,-83.03161923100146,2.0867,-1.9564,1.21069309444388,0.19676054097952,0.34983566788821996,-0.7692782259999998,-0.400237905,318.123906465,2024.0,12.0,9.0,13.0,42.0,28.132052
40.01540309998304,-83.03162225047649,2.1129,-1.9153,1.14635486571286,-0.26503958608936,0.33726311856592,-0.770518875,-0.494255537,318.10364117,2024.0,12.0,9.0,13.0,42.0,28.192234
40.01540322151529,-83.0316249211723,2.1271,-1.8823,0.7430104087501799,-0.2574434263026,-0.39655048415412,-0.654789787,-0.553676028,318.103991943,2024.0,12.0,9.0,13.0,42.0,28.25229
40.01540332517338,-83.03162691878354,2.1286,-1.8746,0.23254369592072,-0.21772069024296,-0.41486357308612,-0.521080698,-0.599886671,318.095453692,2024.0,12.0,9.0,13.0,42.0,28.312695
40.015403427997676,-83.03162890788147,2.1142,-1.8671,-0.00058483212484,-0.47190518117798,-0.6331839923218,-0.401435895,-0.617418039,318.077138541,2024.0,12.0,9.0,13.0,42.0,28.372855
40.01540352072911,-83.03163088655886,2.0801,-1.881,-1.09632612245824,-0.48271670884372,-0.22716165552064,-0.317380698,-0.60319713,318.058817443,2024.0,12.0,9.0,13.0,42.0,28.432292
40.01540360043885,-83.03163286342243,2.07,-1.8951,-0.5908820414843999,-0.10015819733256,-0.11047067810884,-0.284379001,-0.583606078,318.053577548,2024.0,12.0,9.0,13.0,42.0,28.489837
40.01540367330941,-83.03163484245762,2.0677,-1.9088,-0.4882824071659,0.22340958719354,-0.12339366980182,-0.24444222,-0.578351319,318.053252162,2024.0,12.0,9.0,13.0,42.0,28.550272
40.015403729875594,-83.03163682184167,2.0394,-1.9321,-0.93697440004414,-0.10565032828306,0.20749424704942,-0.281363978,-0.582221563,318.055567837,2024.0,12.0,9.0,13.0,42.0,28.611548
40.015403785174676,-83.03163880264015,2.0588,-1.9183,0.8964755518581,0.15150437077396,0.19668057986376,-0.345146518,-0.587891374,318.046415444,2024.0,12.0,9.0,13.0,42.0,28.671809
40.01540383458366,-83.03164077417806,2.0126,-1.9275,-1.22692884829484,-0.8955128052587998,0.2440311977095,-0.397473424,-0.583780828,318.039754352,2024.0,12.0,9.0,13.0,42.0,28.731688
40.01540387541404,-83.03164273401997,2.0061,-1.9183,0.07892363884768,-0.40107473438074,0.04740493464912,-0.520604182,-0.528392427,318.021522335,2024.0,12.0,9.0,13.0,42.0,28.792733
40.01540391728997,-83.03164469334612,2.0129,-1.9288,-0.27914937032372,0.45278260192052006,0.0022929373863,-0.595427258,-0.483780678,318.016127672,2024.0,12.0,9.0,13.0,42.0,28.854804
40.015403959159784,-83.03164665744433,2.0185,-1.9147,0.74230731426448,-0.4110190789029,0.43174337974812,-0.679198303,-0.491857172,318.012266424,2024.0,12.0,9.0,13.0,42.0,28.914872
40.01540401745062,-83.03164860530883,2.0198,-1.87,0.86846654251472,-0.92411827516718,0.41972807931506,-0.684934063,-0.473273261,317.983082312,2024.0,12.0,9.0,13.0,42.0,28.977655
40.015404094089,-83.03165086717082,2.0176,-1.8675,-0.18875857611442,-0.22923178475672,0.11183908851686,-0.667959519,-0.415620968,317.969998079,2024.0,12.0,9.0,13.0,42.0,29.039416
40.01540412864803,-83.03165183661042,2.0281,-1.8648,0.30968522960474,0.22158391717394,-0.3661625763102,-0.677045424,-0.388679554,317.970200664,2024.0,12.0,9.0,13.0,42.0,29.100523
40.01540419868119,-83.0316537751996,2.031,-1.8614,0.3753408744681,0.00551989253796,0.16041633221792,-0.664301316,-0.371776013,317.97485914,2024.0,12.0,9.0,13.0,42.0,29.160154
40.01540431277344,-83.0316566815895,2.0332,-1.85,0.13222228258718,-0.29365020606194,-0.62233139467484,-0.585792522,-0.382545122,317.96232959,2024.0,12.0,9.0,13.0,42.0,29.222639
40.01540437533965,-83.03165828920459,2.0205,-1.8552,-0.48622890516122,-0.36000610240612,-0.05122419062882,-0.562515421,-0.372965293,317.946192297,2024.0,12.0,9.0,13.0,42.0,29.282907
40.01540446156432,-83.03166052931701,2.0122,-1.834,0.31930709342206,-0.6123500762624601,-0.10906994601051997,-0.53258425,-0.337928156,317.922858227,2024.0,12.0,9.0,13.0,42.0,29.343521
40.01540454058157,-83.03166244240047,2.012,-1.8339,-0.284227415524,-0.04576126794382,0.22612771187954,-0.462494814,-0.297392556,317.917681795,2024.0,12.0,9.0,13.0,42.0,29.403953
40.015404617369164,-83.0316643521908,2.006,-1.831,-0.10303052143542,-0.15059524508167998,0.07809723193828,-0.411350621,-0.256246109,317.913703213,2024.0,12.0,9.0,13.0,42.0,29.464865
40.01540468615019,-83.03166625869707,1.9891,-1.8397,-0.3395731793952,-0.2611301636667,-0.1334709723185,-0.400616211,-0.208905739,317.906794049,2024.0,12.0,9.0,13.0,42.0,29.525417
40.015404737182934,-83.03166784508689,1.9827,-1.8432,0.04247665184816,-0.10912109179144,0.16157866967538,-0.410539485,-0.166825017,317.899296055,2024.0,12.0,9.0,13.0,42.0,29.58611
40.01540482114104,-83.0316700631197,1.9999,-1.8202,0.46264182644904,-0.05098816193208001,-0.17418413211616,-0.350464016,-0.112647969,317.879585771,2024.0,12.0,9.0,13.0,42.0,29.64645
40.015404890073086,-83.03167228871415,1.9735,-1.8796,-1.69877423735862,0.65955347913738,0.66145441544532,-0.34934785,-0.111066425,317.894725656,2024.0,12.0,9.0,13.0,42.0,29.707493
40.01540493507229,-83.03167420583117,1.9732,-1.8829,-0.23310990218598,0.02985436246124,0.41189371829312,-0.439820184,-0.177127267,317.906959,2024.0,12.0,9.0,13.0,42.0,29.768392
40.015404970430446,-83.0316758004632,1.9639,-1.8784,-0.18573216494986,-0.32205386156876004,-0.15724934279,-0.502317121,-0.222363494,317.901749626,2024.0,12.0,9.0,13.0,42.0,29.82978
40.01540501812447,-83.0316780194979,1.9526,-1.8616,0.30671487086178,-0.32370889550376003,0.34399312542098004,-0.575377277,-0.245281543,317.881202809,2024.0,12.0,9.0,13.0,42.0,29.890655
40.01540506389983,-83.03167991623128,1.9579,-1.8538,0.18023749114538,-0.07104012733738,0.37318569355698,-0.614969368,-0.280152284,317.873875567,2024.0,12.0,9.0,13.0,42.0,29.952262
40.015405117230635,-83.03168180745733,1.9593,-1.8355,0.17939973630298,-0.3467494166041,-0.06350252648994001,-0.652630691,-0.321134319,317.87536873,2024.0,12.0,9.0,13.0,42.0,30.013997
40.015405178957586,-83.03168368991791,1.9649,-1.8118,0.57220056266038,-0.36071165304866,-0.3367898587848,-0.661563814,-0.341223009,317.884714179,2024.0,12.0,9.0,13.0,42.0,30.075552
40.01540520151095,-83.03168431588115,1.9662,-1.8059,0.6040027904281801,-0.31619629500594,-0.23255396630054,-0.656321753,-0.344911808,317.887326074,2024.0,12.0,9.0,13.0,42.0,30.136121
40.015405315291034,-83.03168742625977,1.9464,-1.787,0.2276031962508,-0.5630914369342,-0.34729990955792,-0.599812351,-0.324177951,317.867234312,2024.0,12.0,9.0,13.0,42.0,30.197608
40.015405382739324,-83.03168928333854,1.9373,-1.7922,-0.3193779580103,-0.09021949429296,-0.35087409555886,-0.584940085,-0.288931014,317.844317425,2024.0,12.0,9.0,13.0,42.0,30.258513
40.01540546008126,-83.03169144944356,1.944,-1.7886,0.28956610352114,0.12616533389655998,0.11661968140836,-0.558961785,-0.266535582,317.834389648,2024.0,12.0,9.0,13.0,42.0,30.318577
40.01540551680707,-83.03169299682408,1.9424,-1.7867,0.11486547926366,-0.10508855704542,0.1055332662372,-0.528026688,-0.271684516,317.831581926,2024.0,12.0,9.0,13.0,42.0,30.379471
40.01540558593851,-83.03169485139124,1.9414,-1.7807,0.17225984562122,-0.1919796697829,0.39331952048422,-0.49532844,-0.286598249,317.824918795,2024.0,12.0,9.0,13.0,42.0,30.441185
40.01540566872872,-83.03169701570047,1.9465,-1.7894,-0.19964840153986,0.61157124803064,0.46240900277956,-0.443196856,-0.317687471,317.823241637,2024.0,12.0,9.0,13.0,42.0,30.503468
40.01540573695077,-83.03169887786252,1.9511,-1.7911,0.2491594857428,0.0330911621484,0.05996883843028,-0.409681422,-0.393476209,317.824137897,2024.0,12.0,9.0,13.0,42.0,30.564523
40.015405811373604,-83.0317007383911,1.9627,-1.7734,0.8614780410031398,-0.05309674617774,0.0446432968201,-0.364503267,-0.471702063,317.807038945,2024.0,12.0,9.0,13.0,42.0,30.625079
40.01540589133095,-83.0317025919333,1.9355,-1.7718,-1.1465536661735,-0.8789842822329599,-0.6148732028554,-0.284455115,-0.53623057,317.785175678,2024.0,12.0,9.0,13.0,42.0,30.686102
40.01540594360697,-83.03170443248261,1.8824,-1.8082,-1.92432372943534,-0.4087354394812,-0.3714343842416,-0.344293483,-0.529586748,317.792709824,2024.0,12.0,9.0,13.0,42.0,30.746443
40.01540597592786,-83.03170657115669,1.8527,-1.8196,-0.50847002298088,-0.49390774732592,0.04548058413386,-0.518774576,-0.499470969,317.814038089,2024.0,12.0,9.0,13.0,42.0,30.807587
40.01540599457878,-83.03170839079677,1.8352,-1.8058,0.17805079707462,-0.7075449685972399,0.34609522262566,-0.640482566,-0.443064956,317.810512572,2024.0,12.0,9.0,13.0,42.0,30.867702
40.01540601886665,-83.03170989730795,1.849,-1.7757,1.1615827344841199,-0.37336116422038,0.45339736746712,-0.705919229,-0.375205262,317.773421393,2024.0,12.0,9.0,13.0,42.0,30.927744
40.01540607181466,-83.03171200445126,1.8777,-1.7573,0.87912725538792,0.36775888758236,0.30909044797446,-0.7357900779999998,-0.299559838,317.74543875,2024.0,12.0,9.0,13.0,42.0,30.989682
40.015406136464705,-83.03171381464388,1.9092,-1.7291,1.58947199866966,0.12453747505574,0.21522357400344,-0.7334700149999999,-0.283453656,317.750811536,2024.0,12.0,9.0,13.0,42.0,31.05016
40.01540616210312,-83.03171441898144,1.9164,-1.7264,1.1563119592465598,0.24563754372168,0.02679468073112,-0.716519179,-0.292979513,317.756071875,2024.0,12.0,9.0,13.0,42.0,31.110084
40.01540628306776,-83.0317168403598,1.9436,-1.7109,0.45186942470796,0.29044868439736,-0.04378492996492,-0.520308332,-0.349060248,317.77804867,2024.0,12.0,9.0,13.0,42.0,31.172516
40.015406384872634,-83.03171896215171,1.9174,-1.731,-0.83589975936354,-0.2993240176881,-0.06335111816918,-0.396044132,-0.436996494,317.771123379,2024.0,12.0,9.0,13.0,42.0,31.234337
40.01540642330309,-83.03171986848113,1.9043,-1.7325,-1.0018744669683,-0.7187367175875801,-0.2206400709765,-0.375986402,-0.46055385,317.758594507,2024.0,12.0,9.0,13.0,42.0,31.295131
40.01540652784258,-83.03172286683767,1.8577,-1.7376,-0.5865719765885,-0.46389951496032006,-0.34420631501758003,-0.355644671,-0.487760398,317.732349973,2024.0,12.0,9.0,13.0,42.0,31.356547
40.01540658016423,-83.03172495452381,1.8356,-1.7589,-0.7921097050328199,-0.03061490740358,-0.31414658074732,-0.396002739,-0.469800814,317.739440071,2024.0,12.0,9.0,13.0,42.0,31.417971
40.01540661204526,-83.03172644369751,1.8328,-1.7537,0.02054337723402,-0.21401728429106,-0.24298464785696,-0.453125303,-0.45844204,317.742976515,2024.0,12.0,9.0,13.0,42.0,31.478124
40.015406661349665,-83.03172852383778,1.8354,-1.7381,0.31412484779824,-0.34807905987480003,-0.4473680143991,-0.512076092,-0.433368849,317.73075778,2024.0,12.0,9.0,13.0,42.0,31.53944
40.01540670618131,-83.03173029723573,1.8309,-1.7219,0.64220255492752,-0.44835669478756,0.00277694964346,-0.563996733,-0.37504052,317.723318541,2024.0,12.0,9.0,13.0,42.0,31.601749
40.01540676764723,-83.03173207057421,1.8706,-1.6973,1.5805411786304,0.38301344781286,-0.10133453850058,-0.543754746,-0.304216818,317.708111131,2024.0,12.0,9.0,13.0,42.0,31.664342
40.015406841412556,-83.03173385226458,1.8765,-1.712,-0.5507677711208401,0.42456380305642,0.42038175275174,-0.453500289,-0.266471198,317.696617075,2024.0,12.0,9.0,13.0,42.0,31.726615
40.01540691042166,-83.03173594150218,1.8555,-1.749,-1.37492254437818,0.24922619274338,0.18629477015126,-0.461080333,-0.252702291,317.70687224,2024.0,12.0,9.0,13.0,42.0,31.787301
40.01540695106344,-83.0317377373036,1.8387,-1.7706,-0.8647658432162199,0.034741543853739995,0.59735709871818,-0.539908572,-0.244748631,317.725112964,2024.0,12.0,9.0,13.0,42.0,31.84888
40.01540698033298,-83.03173953521265,1.8353,-1.7814,-0.10722843130656,0.22437038679904,0.73028097408256,-0.621652745,-0.243647246,317.736024334,2024.0,12.0,9.0,13.0,42.0,31.911881
40.015407017117305,-83.03174134448946,1.8757,-1.7757,1.07820877673228,0.8956057491128598,0.59689394891198,-0.655243774,-0.280288452,317.718806243,2024.0,12.0,9.0,13.0,42.0,31.972718
40.01540706997011,-83.03174316746367,1.9031,-1.7683,1.03515280529426,0.69277504938698,-0.05288549856936,-0.656986924,-0.370104845,317.678131409,2024.0,12.0,9.0,13.0,42.0,32.036219
40.015407109739876,-83.03174438525464,1.9072,-1.7626,0.33863343592118,0.0487252024006,-0.01586294978994,-0.662276961,-0.432310918,317.65701694,2024.0,12.0,9.0,13.0,42.0,32.096995
40.015407156092046,-83.03174560438532,1.9253,-1.7507,0.8432496414942998,0.24778709389616,-0.29829507692626,-0.648572254,-0.482433556,317.651880052,2024.0,12.0,9.0,13.0,42.0,32.156151
40.015407277813125,-83.03174834954562,1.9418,-1.7315,0.4305850986574,-0.0904943086703,-0.76926786549198,-0.501668952,-0.572619552,317.68266929,2024.0,12.0,9.0,13.0,42.0,32.217051
40.015407377184744,-83.0317504880867,1.9508,-1.7364,0.07769078086889998,0.41907122838932,-0.80670546291274,-0.359430189,-0.584050866,317.692306867,2024.0,12.0,9.0,13.0,42.0,32.278065
40.0154074726511,-83.03175263715569,1.942,-1.7598,-0.82282466716598,0.16430138598152,-0.28417554780922,-0.250102351,-0.599653755,317.669444655,2024.0,12.0,9.0,13.0,42.0,32.339528
40.015407538596946,-83.03175448378747,1.9265,-1.7836,-0.75277866359688,0.17730505596478,-0.03823774105536,-0.235282794,-0.593296841,317.645295089,2024.0,12.0,9.0,13.0,42.0,32.400689
40.015407585266985,-83.03175633176728,1.8931,-1.8168,-1.5938337912456,0.00229658981036,0.42996564801458,-0.266057364,-0.564900493,317.642261709,2024.0,12.0,9.0,13.0,42.0,32.463972
40.015407606374886,-83.03175818671812,1.8711,-1.8648,-1.73615627379818,0.56098756335554,0.44690818209110006,-0.387792529,-0.53099998,317.660296966,2024.0,12.0,9.0,13.0,42.0,32.525441
40.015407605689255,-83.03175973795055,1.8509,-1.8865,-1.13823608419656,-0.01052613764874,0.49086507044378,-0.57080861,-0.517442897,317.670515211,2024.0,12.0,9.0,13.0,42.0,32.586425
40.01540759226964,-83.03176221981056,1.8589,-1.881,0.49104980648942,0.15958869586012,0.6310542298566,-0.909411453,-0.468117131,317.649491746,2024.0,12.0,9.0,13.0,42.0,32.647663
40.01540760152272,-83.03176408848603,1.8986,-1.8623,1.2132281299362,0.5639773339549,-0.10163880337848,-1.060329219,-0.44037021,317.6059353,2024.0,12.0,9.0,13.0,42.0,32.709076
40.015407630110545,-83.03176596605863,1.9354,-1.8409,1.5410314469202,0.46046000765076,-0.0516973680952,-1.138228317,-0.438029098,317.587630549,2024.0,12.0,9.0,13.0,42.0,32.770384
40.015407690125244,-83.03176784663711,1.9833,-1.7881,2.38535728259716,-0.04333382855098,-0.14369715564914,-1.103962524,-0.446684723,317.593391486,2024.0,12.0,9.0,13.0,42.0,32.831162
40.01540777894206,-83.03176972273556,2.0001,-1.762,0.72806081557722,-0.10839273373978,0.05218532944608,-0.947009669,-0.431342997,317.61255657,2024.0,12.0,9.0,13.0,42.0,32.89272
40.015407881383226,-83.03177160011944,2.0214,-1.7495,0.6964237878331601,0.18191494021996,-0.2674750767727,-0.7800022549999999,-0.408770597,317.612279385,2024.0,12.0,9.0,13.0,42.0,32.956722
40.01540799208539,-83.03177347912569,2.0228,-1.7462,-0.08576348262057998,-0.13234836469204,-0.4233820509728,-0.582005102,-0.377237361,317.58657101,2024.0,12.0,9.0,13.0,42.0,33.017558
40.015408086032274,-83.03177536014056,1.9913,-1.791,-1.68269504404296,0.26568144280254,-0.1994515949243,-0.437789436,-0.323694649,317.570897641,2024.0,12.0,9.0,13.0,42.0,33.079566
40.01540811124422,-83.03177598981553,1.9844,-1.8104,-1.80909067937828,0.54823127184544,-0.23387728387862,-0.408760623,-0.305602577,317.570089786,2024.0,12.0,9.0,13.0,42.0,33.14266
40.01540819926483,-83.03177884107772,1.9747,-1.8571,-0.65729468571018,0.45684452691474,-0.2078058348022,-0.379731537,-0.267001661,317.568804717,2024.0,12.0,9.0,13.0,42.0,33.204035
40.015408241448476,-83.03178043279898,1.9783,-1.8629,-0.17072759157574002,0.32134494198218,-0.06607993803184001,-0.379605491,-0.253759174,317.556941723,2024.0,12.0,9.0,13.0,42.0,33.265776
40.015408318188015,-83.0317833075435,1.9873,-1.8724,-0.25284385837004003,0.33539565372968,-0.29428825201588,-0.405305127,-0.198158515,317.516686852,2024.0,12.0,9.0,13.0,42.0,33.327711
40.01540837101687,-83.03178555830019,1.9943,-1.8962,-0.23600065437628,0.61730132984718,0.2323824703661,-0.465711939,-0.158678366,317.50981043,2024.0,12.0,9.0,13.0,42.0,33.388657
40.01540841454106,-83.031787501422,2.0067,-1.9085,-0.04089208436984,0.57541473779834,0.49666521174374,-0.505944002,-0.154676353,317.517378617,2024.0,12.0,9.0,13.0,42.0,33.451128
40.0154084566158,-83.03178945533672,2.0124,-1.9216,-0.24611214492806,0.4161386065937,0.41547410669338,-0.536376924,-0.171380063,317.522762606,2024.0,12.0,9.0,13.0,42.0,33.511906
40.015408491904715,-83.03179141835174,2.0111,-1.9455,-0.60387627549924,0.6098450333005401,1.01164151530662,-0.599102953,-0.204317553,317.525874275,2024.0,12.0,9.0,13.0,42.0,33.573129
40.01540851461237,-83.03179306489977,2.0142,-1.9651,-0.45951495949992,0.57644920760846,0.7514955335140399,-0.680962981,-0.269079568,317.531134594,2024.0,12.0,9.0,13.0,42.0,33.635739
40.01540855525327,-83.03179570839383,2.0317,-1.9558,0.5708465876566801,0.21249045686814,0.2114977813745,-0.795244975,-0.38220086,317.537063555,2024.0,12.0,9.0,13.0,42.0,33.69779
40.01540859369005,-83.03179769340878,2.0431,-1.9446,0.85061931316744,0.11727216899898,-0.47838281968918,-0.8439798189999999,-0.450075285,317.536146739,2024.0,12.0,9.0,13.0,42.0,33.759157
40.015408646514494,-83.03179967629353,2.0588,-1.9172,0.77321275620676,-0.28980563335366,-0.29673693489408,-0.8495813,-0.503557739,317.519409294,2024.0,12.0,9.0,13.0,42.0,33.821012
40.015408700511635,-83.0318013258237,2.0713,-1.9045,0.6125118291579,0.0428802641205,-0.38317658647728,-0.835781638,-0.520876814,317.49684652,2024.0,12.0,9.0,13.0,42.0,33.879119
40.01540879407227,-83.03180364126149,2.1031,-1.8888,0.67255526979306,0.29711704778262,-0.35311344107818,-0.732612767,-0.554316194,317.468197496,2024.0,12.0,9.0,13.0,42.0,33.940414
40.015408875225425,-83.03180563058805,2.0956,-1.9039,-0.37675428580468,0.15393841849202,-0.0746974205491,-0.643632064,-0.58682883,317.453433198,2024.0,12.0,9.0,13.0,42.0,34.001582
40.0154089473649,-83.03180762549785,2.0872,-1.924,-0.61006488448544,0.20348993769668,-0.5671739185458,-0.590139741,-0.611020468,317.450166235,2024.0,12.0,9.0,13.0,42.0,34.064168
40.01540896827909,-83.03180829058756,2.0773,-1.931,-0.8538930966174398,0.07141572304116,-0.49813515802664,-0.577202059,-0.616707951,317.450265591,2024.0,12.0,9.0,13.0,42.0,34.125738
40.015409061394024,-83.03181128866412,2.0819,-1.9393,-0.15686030598236,0.20077781405526,0.0555270211126,-0.521747937,-0.604611694,317.431896417,2024.0,12.0,9.0,13.0,42.0,34.186968
40.015409131154364,-83.03181363283292,2.0926,-1.95,-0.2086114108958,0.26912229629028,0.13369724655866,-0.479946473,-0.610784928,317.405435876,2024.0,12.0,9.0,13.0,42.0,34.247624
40.0154091936769,-83.03181598455018,2.0899,-1.9667,-0.23668954058338,0.354214495666,0.27756516407676,-0.486000266,-0.604197727,317.399485815,2024.0,12.0,9.0,13.0,42.0,34.309869
40.01540924953423,-83.03181801312836,2.1196,-1.9666,0.7907171507558999,0.6377681583306001,0.03646111415014,-0.476562758,-0.611817725,317.40243842,2024.0,12.0,9.0,13.0,42.0,34.371276
40.0154093060242,-83.03181971287945,2.1457,-1.9639,0.76303382295984,0.7590769085554199,-0.16330062417864,-0.407637786,-0.629091801,317.40162265,2024.0,12.0,9.0,13.0,42.0,34.432135
40.015409385637376,-83.03182210853532,2.1402,-1.9938,-1.06113085823418,0.35953280500168,0.04307094541682,-0.323223001,-0.69464755,317.393227916,2024.0,12.0,9.0,13.0,42.0,34.49532
40.01540943194816,-83.03182415991908,2.1009,-2.0116,-1.069121572702,-0.3941956333679,0.07867873384252,-0.394889858,-0.712444071,317.373132459,2024.0,12.0,9.0,13.0,42.0,34.557123
40.01540946540235,-83.03182655221302,2.0822,-2.0441,-1.15930598093186,0.27006600463826,0.17956248107316,-0.523235804,-0.681536981,317.349129128,2024.0,12.0,9.0,13.0,42.0,34.618566
40.01540947233569,-83.03182827089454,2.0714,-2.0796,-1.20398972614302,0.51254942109764,0.04975856449706,-0.663055655,-0.676468047,317.341691526,2024.0,12.0,9.0,13.0,42.0,34.679857
40.0154094885612,-83.03183067678366,2.0962,-2.0415,1.27159457892806,-0.1313769320298,0.15627836209798,-0.804415718,-0.657454238,317.323877569,2024.0,12.0,9.0,13.0,42.0,34.743584
40.01540952363303,-83.03183273793032,2.1251,-2.0158,1.2663807661064799,0.14504448270995998,0.36519137423276,-0.8139255309999999,-0.623495749,317.314217521,2024.0,12.0,9.0,13.0,42.0,34.805196
40.01540958084524,-83.03183480226116,2.1582,-1.9925,1.16573493791266,0.30005970606344,-0.13943220075002,-0.7793956319999998,-0.58575394,317.308276931,2024.0,12.0,9.0,13.0,42.0,34.866091
40.0154096543052,-83.03183687263221,2.1848,-1.9776,1.15474838455448,0.27506296267574,0.09199208757362,-0.714808298,-0.564432209,317.306244696,2024.0,12.0,9.0,13.0,42.0,34.927356
40.01540974223527,-83.03183894440309,2.1959,-1.9653,0.46211407097838,0.04710242063542,-0.12045315940148,-0.590567666,-0.538278411,317.302159903,2024.0,12.0,9.0,13.0,42.0,34.984805
40.015409827172164,-83.03184101877115,2.1859,-1.9854,-0.67120585104088,0.2640670648846,-0.1952563562583,-0.463625559,-0.497660019,317.288427323,2024.0,12.0,9.0,13.0,42.0,35.046769
40.01540986476583,-83.03184205796234,2.1777,-1.9991,-0.91848260363812,0.23306785832092,-0.24442255215238,-0.418572326,-0.480479413,317.278777539,2024.0,12.0,9.0,13.0,42.0,35.109741
40.01540994179077,-83.03184483452294,2.1461,-2.041,-1.07538836158622,0.15423776072648,-0.4171274067387,-0.403976821,-0.41807087,317.251036378,2024.0,12.0,9.0,13.0,42.0,35.170785
40.015409985166606,-83.03184727239751,2.139,-2.0647,-0.4372155240687,0.26733332305656,-0.27683466898178,-0.476761959,-0.360092012,317.231183453,2024.0,12.0,9.0,13.0,42.0,35.23057
40.01541002856129,-83.03184971438372,2.15,-2.0545,0.5573470174598,0.0472994893978,-0.23272034127644,-0.519094535,-0.289732118,317.223653686,2024.0,12.0,9.0,13.0,42.0,35.292047
40.01541007313482,-83.0318518088813,2.1633,-2.046,0.57902673980012,0.19484933312688,-0.4769180678967,-0.539118245,-0.203520787,317.203246579,2024.0,12.0,9.0,13.0,42.0,35.353291
40.01541012310603,-83.03185390766888,2.1693,-2.053,-0.15382992098904,0.37770943454016,0.31926234528038,-0.553972212,-0.115292127,317.1879062,2024.0,12.0,9.0,13.0,42.0,35.415259
40.01541017399265,-83.03185601704212,2.184,-2.063,-0.0018608312058,0.53668539501366,0.61159890814566,-0.53965214,-0.06951338,317.201849459,2024.0,12.0,9.0,13.0,42.0,35.478332
40.01541023618155,-83.0318584925624,2.1995,-2.0715,0.06824417506531999,0.39993961502996,0.4436011719809,-0.498324544,-0.055186095,317.212618306,2024.0,12.0,9.0,13.0,42.0,35.539348
40.01541028369224,-83.03186062486441,2.2,-2.0924,-0.27144650137194,0.5187245137559,0.69757156172318,-0.494899082,-0.066849754,317.206986691,2024.0,12.0,9.0,13.0,42.0,35.599799
40.01541033421314,-83.03186276536776,2.2163,-2.088,0.37349408261202,0.2773882983553,0.2867785639895,-0.504612082,-0.112801477,317.183699079,2024.0,12.0,9.0,13.0,42.0,35.662438
40.015410394462805,-83.03186490890077,2.2294,-2.0774,0.28057741014072,0.12108175224102,0.05330841340432,-0.472497483,-0.163888236,317.153537004,2024.0,12.0,9.0,13.0,42.0,35.724599
40.015410453255036,-83.0318670533027,2.2174,-2.0883,-0.63782103940364,-0.04168992132008,-0.06918306237284,-0.451720369,-0.205167444,317.14210901,2024.0,12.0,9.0,13.0,42.0,35.786398
40.01541051894822,-83.03186955560169,2.2261,-2.0815,0.19243015501524,0.02075842846966,-0.18270446226144,-0.441180133,-0.243543731,317.144056896,2024.0,12.0,9.0,13.0,42.0,35.848009
40.01541057048032,-83.03187134346184,2.231,-2.0768,0.24039778250818,-0.00937807374096,-0.33843640827566,-0.390344619,-0.269568277,317.140488897,2024.0,12.0,9.0,13.0,42.0,35.905488
40.01541063955171,-83.03187384393509,2.2158,-2.0854,-0.5661603294411199,-0.13711319782324,-0.2465066835236,-0.336479631,-0.279138027,317.125578018,2024.0,12.0,9.0,13.0,42.0,35.969838
40.015410681630634,-83.03187563226503,2.2147,-2.1002,-0.3628440596679,0.32272734359418004,-0.32480115567186,-0.342433468,-0.275297926,317.113120401,2024.0,12.0,9.0,13.0,42.0,36.031829
40.01541072216686,-83.03187742563757,2.2216,-2.1059,0.010411682125639999,0.34406286353794,-0.25513454979954003,-0.34408472,-0.285033846,317.109333758,2024.0,12.0,9.0,13.0,42.0,36.093377
40.015410769766596,-83.03187958225307,2.2251,-2.1106,0.01675906344182,0.2334501456181,-0.07891381471179998,-0.332801294,-0.310692511,317.11099008,2024.0,12.0,9.0,13.0,42.0,36.157756
40.015410852251065,-83.03188282072499,2.2507,-2.0954,0.77322428079906,0.49827070192954,0.21534917180086,-0.267958707,-0.380392619,317.099798169,2024.0,12.0,9.0,13.0,42.0,36.22015
40.01541091865153,-83.03188499046175,2.2685,-2.0928,0.40048558507924,0.26077246134126,-0.08031245898529998,-0.187531001,-0.478523217,317.091805812,2024.0,12.0,9.0,13.0,42.0,36.284499
40.015410991246874,-83.03188751682015,2.2358,-2.0988,-0.7342541595012798,-0.6080003112278201,0.12792045501046,-0.132054101,-0.589909989,317.098105211,2024.0,12.0,9.0,13.0,42.0,36.347626
40.015411044975814,-83.03188966958743,2.2165,-2.0947,-0.51694431768682,-0.51520851859028,-0.0044123945021000005,-0.128364896,-0.629550847,317.093449598,2024.0,12.0,9.0,13.0,42.0,36.40847
40.01541107859968,-83.03189181529433,2.1696,-2.1328,-2.16351416281678,-0.32727947643094,-0.21301873831886,-0.185576608,-0.643768534,317.079403864,2024.0,12.0,9.0,13.0,42.0,36.470588
40.01541108986609,-83.03189395102828,2.1385,-2.1254,-0.29486482128024,-1.2167696732301199,0.3229049344253,-0.348001025,-0.642085731,317.048932323,2024.0,12.0,9.0,13.0,42.0,36.532757
40.01541109543712,-83.03189606836558,2.1182,-2.1206,-0.4211161720174,-0.5737650341259201,0.28342164261268,-0.480441339,-0.579860248,317.025224868,2024.0,12.0,9.0,13.0,42.0,36.594922
40.01541110234842,-83.03189817872719,2.1305,-2.1027,0.8728490953375598,-0.1707128832085,0.29814356205854,-0.612779862,-0.512886651,317.020784041,2024.0,12.0,9.0,13.0,42.0,36.656111
40.01541114408901,-83.03190063474642,2.1805,-2.0406,2.21732195231768,-0.15892694226999998,0.09466792670198,-0.617805646,-0.445877411,317.026052341,2024.0,12.0,9.0,13.0,42.0,36.71884
40.01541121503457,-83.0319027375574,2.2174,-2.0062,1.50859614691362,0.15103666481766,0.1234651561329,-0.483582582,-0.412211753,317.019430062,2024.0,12.0,9.0,13.0,42.0,36.783763
40.01541132089434,-83.03190519525864,2.2381,-1.9941,0.7167634550002,0.14361739569239995,-0.0791982164987,-0.295768199,-0.427507984,316.993738219,2024.0,12.0,9.0,13.0,42.0,36.847994
40.01541141795878,-83.03190730497782,2.2438,-1.9909,0.2448009957641,-0.04632674742644,-0.6130607380882199,-0.120082363,-0.463715547,316.980089431,2024.0,12.0,9.0,13.0,42.0,36.910012
40.01541150264369,-83.0319094074284,2.197,-2.0179,-1.80682271471814,-0.36296231205254,-0.6515222141244601,0.032149042,-0.480997875,316.985501485,2024.0,12.0,9.0,13.0,42.0,36.971528
40.01541155958401,-83.0319114989814,2.1421,-2.0428,-2.05760152683106,-0.7648039255922598,-0.57188242716812,0.068931371,-0.464688662,316.989133034,2024.0,12.0,9.0,13.0,42.0,37.032893
40.01541158514235,-83.03191288626448,2.121,-2.0492,-1.29119448848924,-0.6065554128788,-0.3097168774362,0.046967843,-0.441757099,316.990662809,2024.0,12.0,9.0,13.0,42.0,37.095252
40.01541160033713,-83.03191392377238,2.115,-2.0465,-0.43821821974762,-0.44954922725966,-0.5042576563975001,0.023738683,-0.38879667,316.984292687,2024.0,12.0,9.0,13.0,42.0,37.158845
40.01541163623389,-83.03191702678666,2.0968,-2.0523,-0.32074279782986,-0.0866403353803,-0.30134118733256,-0.093093785,-0.236946875,316.937197293,2024.0,12.0,9.0,13.0,42.0,37.223553
40.01541165729312,-83.03191943467382,2.0976,-2.049,0.10073064908088,0.08999584457772,0.1837753669593,-0.184379575,-0.119646813,316.928886258,2024.0,12.0,9.0,13.0,42.0,37.286875
40.015411681440106,-83.03192253474904,2.0866,-2.0637,-0.65251178845016,-0.07348825689299998,0.59153553501962,-0.28541358,-0.031324053,316.968699371,2024.0,12.0,9.0,13.0,42.0,37.349733
40.01541168960307,-83.03192459951022,2.084,-2.0636,0.04343884518686,0.06932995708754,0.73281154870054,-0.392518935,0.024238552,316.987373737,2024.0,12.0,9.0,13.0,42.0,37.411873
40.01541170233288,-83.03192666635937,2.0941,-2.0626,-0.02247580274878,0.1496554908145,0.38910861263606,-0.48375175,0.023736081,316.980176409,2024.0,12.0,9.0,13.0,42.0,37.473654
40.01541172218658,-83.03192873607554,2.1143,-2.044,1.06324470457562,0.13682939632714,0.3071815430601,-0.555059419,-0.019473758,316.9558394,2024.0,12.0,9.0,13.0,42.0,37.535341
40.015411769028006,-83.03193080259129,2.1538,-1.99,2.08793665792214,-0.22463713561814,0.3332938109286,-0.521831146,-0.093604566,316.922015282,2024.0,12.0,9.0,13.0,42.0,37.597099
40.01541185397431,-83.03193320902895,2.1714,-1.965,0.26618864197768,-0.10677835566264,-0.21659891949712,-0.353050103,-0.191117302,316.906365947,2024.0,12.0,9.0,13.0,42.0,37.658876
40.015411933770956,-83.03193526237358,2.1588,-1.95,0.05269071661888,-0.69016632116282,-0.78347634865108,-0.21395298,-0.261902759,316.914555405,2024.0,12.0,9.0,13.0,42.0,37.720428
40.01541199805204,-83.03193696153535,2.1377,-1.9436,-0.55738367695436,-1.11683836263302,-1.3460636667552799,-0.107409532,-0.279333739,316.92607651,2024.0,12.0,9.0,13.0,42.0,37.778413
40.015412077818716,-83.03193932312523,2.1002,-1.9521,-1.21870880268884,-0.50777731097866,-0.62986716227254,0.006697088,-0.2430922,316.922320466,2024.0,12.0,9.0,13.0,42.0,37.841246
40.015412120190874,-83.03194134019108,2.0584,-1.9872,-1.77572509703522,-0.2855229707707,-0.34203267370909995,0.009978514,-0.194801414,316.910873187,2024.0,12.0,9.0,13.0,42.0,37.902581
40.01541214217543,-83.0319433578039,2.0494,-2.0099,-0.75445471471564,0.35438324515354,0.15353525093594,-0.05891712,-0.157993212,316.904621342,2024.0,12.0,9.0,13.0,42.0,37.960448
40.01541215812816,-83.03194538004254,2.0439,-2.0171,-0.56786767031162,-0.02504854942732,0.2327565391445,-0.113805487,-0.162855772,316.905222876,2024.0,12.0,9.0,13.0,42.0,38.023245
40.015412164144884,-83.03194706378409,2.0305,-2.0245,-0.58492019668138,-0.17702357588318,0.38292157236822,-0.19293485,-0.167580661,316.916908222,2024.0,12.0,9.0,13.0,42.0,38.084622
40.01541216809364,-83.03194807250837,2.0338,-2.0157,0.07078771537046,-0.22182908854158,0.35617849878424,-0.249760283,-0.170054865,316.922662109,2024.0,12.0,9.0,13.0,42.0,38.147113
40.015412183003974,-83.03195076981851,2.0593,-2.0234,0.3639752696286,0.8135501667482998,0.17727093943368,-0.385467193,-0.215866736,316.932593112,2024.0,12.0,9.0,13.0,42.0,38.208977
40.01541222937458,-83.03195381458157,2.0857,-1.9771,1.08451342620724,-0.56679427020602,0.14914433468601998,-0.434218755,-0.371170904,316.917130842,2024.0,12.0,9.0,13.0,42.0,38.271724
40.015412274065255,-83.03195583388278,2.0786,-1.9679,0.09838046857318,-0.42577203524752,0.14574186357024,-0.391904648,-0.450291219,316.924259941,2024.0,12.0,9.0,13.0,42.0,38.334609
40.015412330984034,-83.0319581742668,2.0707,-1.943,0.43220155806902,-0.60081556511906,0.2458235903518,-0.36726069,-0.513640004,316.945297555,2024.0,12.0,9.0,13.0,42.0,38.397857
40.01541238283748,-83.03196016619331,2.0606,-1.9298,0.1629802221021,-0.47134719780848,-0.24351972492104,-0.328829969,-0.530300182,316.963458062,2024.0,12.0,9.0,13.0,42.0,38.461118
40.01541243732912,-83.03196215323484,2.062,-1.9267,0.00706748010578,-0.07532348339714,-0.22583596182908,-0.281921917,-0.547849143,316.965217088,2024.0,12.0,9.0,13.0,42.0,38.525351
40.01541249302081,-83.03196413608737,2.0543,-1.9216,-0.09816378239712,-0.14688935688048,-0.35643626432608,-0.226164784,-0.564054101,316.949707384,2024.0,12.0,9.0,13.0,42.0,38.588089
40.0154125490823,-83.03196644326357,2.0353,-1.9338,-0.6119042002770599,-0.1203870588763,-0.15837273818892,-0.19969391,-0.565860332,316.940053456,2024.0,12.0,9.0,13.0,42.0,38.650052
40.0154125862529,-83.0319684195542,2.0238,-1.9454,-0.49970788002494,-0.00769727417822,-0.10809377143814,-0.222442939,-0.574526326,316.946502631,2024.0,12.0,9.0,13.0,42.0,38.712766
40.01541261991163,-83.03197039206546,2.0148,-1.9417,-0.31937911876294,-0.25882989151342,-0.18830423425542,-0.244712699,-0.581198833,316.957881672,2024.0,12.0,9.0,13.0,42.0,38.775463
40.015412648060035,-83.03197236141246,2.0041,-1.9537,-0.72643349546848,0.10095743774782,-0.15901197520448,-0.276860835,-0.574034283,316.964407582,2024.0,12.0,9.0,13.0,42.0,38.838116
40.015412674814094,-83.03197466235378,2.0138,-1.9467,0.4475077530042,-0.00989565117614,-0.02345089241008,-0.368263245,-0.59574728,316.961100068,2024.0,12.0,9.0,13.0,42.0,38.901424
40.01541270771205,-83.03197663172213,2.0204,-1.9316,0.4694723379842,-0.1495546804694,0.12451856773042,-0.386010052,-0.612328693,316.949448713,2024.0,12.0,9.0,13.0,42.0,38.967486
40.01541275131646,-83.03197892325535,2.0154,-1.9262,-0.08340620874134,-0.13608589084364,0.29065903219698,-0.373519723,-0.624173693,316.952662183,2024.0,12.0,9.0,13.0,42.0,39.030445
40.01541277896499,-83.03198023254426,2.0224,-1.9235,0.06558425986772,0.11483263329388,0.10131055395442,-0.377444189,-0.63625668,316.963238247,2024.0,12.0,9.0,13.0,42.0,39.092755
40.01541282141309,-83.0319821964783,2.0201,-1.9201,-0.22241445309022,-0.08719981988522,-0.6071435246924001,-0.371296981,-0.652922078,316.985269424,2024.0,12.0,9.0,13.0,42.0,39.157119
40.01541287050481,-83.03198447778146,2.0115,-1.9055,0.1925127396967,-0.43842576562792,0.04716230594972,-0.362324312,-0.636202183,317.004990954,2024.0,12.0,9.0,13.0,42.0,39.217377
40.015412908787376,-83.03198610423334,2.0159,-1.8975,0.44685133872056,-0.10077348032124,0.19938594639628,-0.3436431,-0.613686378,316.998688395,2024.0,12.0,9.0,13.0,42.0,39.280278
40.0154129809771,-83.03198904048098,2.0283,-1.9136,-0.1033314983396,0.48254924164736,0.23415600137972,-0.302193242,-0.618351032,316.977661478,2024.0,12.0,9.0,13.0,42.0,39.342587
40.015413027213604,-83.03199100868272,2.0279,-1.9248,-0.33184603650076,0.13860985931966,0.34388407067456,-0.298057599,-0.684388829,316.97731666,2024.0,12.0,9.0,13.0,42.0,39.40177
40.01541306701109,-83.03199297236614,2.008,-1.9246,-0.4603801152596,-0.39362486266116,-0.12481407499566,-0.316346842,-0.7384821,316.987853498,2024.0,12.0,9.0,13.0,42.0,39.465277
40.015413099487915,-83.03199493009717,1.9923,-1.9288,-0.48040449648438,-0.33213781522706,-0.01536905708226,-0.340478087,-0.766039275,317.000139091,2024.0,12.0,9.0,13.0,42.0,39.529552
40.015413127815265,-83.03199688314562,1.989,-1.9281,-0.09295727883860001,-0.08639718469189998,-0.03296559304538,-0.38025718,-0.7791642429999999,317.004637404,2024.0,12.0,9.0,13.0,42.0,39.592081
40.01541316308485,-83.0319991604302,1.9935,-1.9206,0.32165640534288,-0.14119059884334,-0.14246259308774,-0.420833887,-0.8010623209999999,316.996471291,2024.0,12.0,9.0,13.0,42.0,39.654153
40.01541320169832,-83.03200111227216,2.0198,-1.9039,1.24770689436298,0.40385596695732007,-0.1127558226393,-0.434710249,-0.8170234189999999,316.988421975,2024.0,12.0,9.0,13.0,42.0,39.71732
40.015413261062704,-83.03200339404827,2.0085,-1.9036,-0.8898939575482,-0.61048147686404,-0.01730235202938,-0.369133423,-0.881313884,316.992342904,2024.0,12.0,9.0,13.0,42.0,39.78261
40.01541329471012,-83.03200565064613,1.9489,-1.9057,-1.19097316620136,-1.1873843263772,0.02866084117222,-0.453453665,-0.850049811,317.011157174,2024.0,12.0,9.0,13.0,42.0,39.84752
40.015413320470266,-83.03200756965414,1.957,-1.8887,0.67057293170476,-0.18085362523384,0.11579903258408,-0.536889148,-0.7626108219999999,317.010990587,2024.0,12.0,9.0,13.0,42.0,39.909676
40.015413343177926,-83.03200949798428,1.9623,-1.9271,-0.71641246818266,0.9637465236847,0.32320239840052,-0.588226536,-0.717917309,317.019972492,2024.0,12.0,9.0,13.0,42.0,39.973512
40.01541336582056,-83.03201143219748,1.969,-1.9008,0.99135468996598,-0.5937265675339399,0.18104610828176,-0.65737632,-0.729941338,317.00818208,2024.0,12.0,9.0,13.0,42.0,40.036342
40.015413391386055,-83.03201271233492,1.9748,-1.8673,1.3746495617789198,-0.82516461761544,0.27402596095724,-0.655736316,-0.705606998,316.988866914,2024.0,12.0,9.0,13.0,42.0,40.099044
40.01541343713524,-83.03201462681078,1.9791,-1.8625,0.27268899215378,0.04151133530612,0.16131696063538,-0.622259236,-0.647090067,316.982988068,2024.0,12.0,9.0,13.0,42.0,40.163047
40.01541351596405,-83.03201750431158,1.9976,-1.8564,0.59501697088622,0.14054909299514,-0.17628025818822,-0.570634368,-0.621970427,317.018826224,2024.0,12.0,9.0,13.0,42.0,40.225671
40.01541357760115,-83.03201942514978,2.0065,-1.8501,0.4049596001367,0.09485429319924,-0.44244876651842,-0.499205491,-0.619867586,317.030437475,2024.0,12.0,9.0,13.0,42.0,40.28759
40.015413650348314,-83.03202166348963,1.9933,-1.8519,-0.34023719016154,-0.2308381044472,-0.5058534463708,-0.402598837,-0.614815867,317.020557349,2024.0,12.0,9.0,13.0,42.0,40.35129
40.01541370218601,-83.03202357607238,1.9705,-1.863,-0.6493669377819801,-0.24819922248978,0.24735456235482,-0.378503204,-0.594869495,317.016173298,2024.0,12.0,9.0,13.0,42.0,40.417396
40.01541374324616,-83.0320254803104,1.9439,-1.8659,-0.7283989216650198,-0.6239462357323999,0.17475035603684,-0.389106991,-0.554933736,317.028458662,2024.0,12.0,9.0,13.0,42.0,40.480802
40.01541377801985,-83.03202770003949,1.9415,-1.8856,-0.38932584153066,0.37713339411186,0.15019142145981995,-0.43774525,-0.491518105,317.050861896,2024.0,12.0,9.0,13.0,42.0,40.543743
40.0154138103805,-83.0320296114448,1.9602,-1.8827,0.35886447181118,0.34284978221696,-0.02360532087938,-0.469703439,-0.484716244,317.055481263,2024.0,12.0,9.0,13.0,42.0,40.605831
40.01541386271478,-83.03203184301539,1.9805,-1.851,1.09670759724756,-0.32499886097014,-0.0071055667449,-0.45345972,-0.495144906,317.04708419,2024.0,12.0,9.0,13.0,42.0,40.669289
40.015413920751286,-83.03203374663646,1.9756,-1.8409,-0.28366475580622,-0.18846818708904,-0.3706869318313,-0.391606781,-0.454152129,317.035497182,2024.0,12.0,9.0,13.0,42.0,40.73237
40.01541395967892,-83.03203565373276,1.948,-1.8869,-1.39700225122392,0.31496262152268,0.56449239520824,-0.435287884,-0.438280796,317.062968708,2024.0,12.0,9.0,13.0,42.0,40.796242
40.01541400235518,-83.03203788013165,1.9647,-1.864,1.38072069839906,-0.05000510308646,0.8030256994760202,-0.465275578,-0.472048359,317.106210201,2024.0,12.0,9.0,13.0,42.0,40.859438
40.0154140484147,-83.03203978709313,1.9661,-1.8627,-0.2967355643914,0.06438021369476,-0.14322363937173999,-0.420091635,-0.497216249,317.105108998,2024.0,12.0,9.0,13.0,42.0,40.921726
40.015414080759626,-83.03204169266544,1.9336,-1.8864,-1.85367829862328,-0.3650570923048,-0.49787706648692,-0.467614758,-0.511145282,317.091458347,2024.0,12.0,9.0,13.0,42.0,40.984899
40.015414109757366,-83.03204391362104,1.9436,-1.8814,0.50221673263694,0.17213413465104,0.47548037769126006,-0.568042067,-0.551112668,317.102997585,2024.0,12.0,9.0,13.0,42.0,41.048096
40.01541412059444,-83.03204454917645,1.9522,-1.8758,0.7857636163488199,0.21735393488996,0.26943117882908,-0.581532354,-0.572868454,317.1098848,2024.0,12.0,9.0,13.0,42.0,41.110818
40.01541415641307,-83.03204613650432,1.9678,-1.8543,0.8320694644937402,-0.058412034562380005,-0.15763102879757998,-0.568559178,-0.626033527,317.12537197,2024.0,12.0,9.0,13.0,42.0,41.173499
40.015414204699276,-83.03204803688381,1.9592,-1.847,-0.23069732208354,-0.39603902815696,-0.1782932648958,-0.540238259,-0.677011942,317.133834928,2024.0,12.0,9.0,13.0,42.0,41.236304
40.015414248172824,-83.03204961521377,1.9603,-1.8309,0.3502843749084,-0.37771911564862,-0.41967134134214,-0.535485726,-0.695736447,317.132384292,2024.0,12.0,9.0,13.0,42.0,41.298794
40.015414376102065,-83.03205338204694,1.9671,-1.8009,0.15742481766129998,-0.08737840172869998,-0.0466575307229,-0.390721185,-0.679411155,317.1469099,2024.0,12.0,9.0,13.0,42.0,41.35748
40.015414450936674,-83.03205557413821,1.9557,-1.8076,-0.42428512287184,-0.17911708074438,0.17684419661186,-0.313528282,-0.669182482,317.158158457,2024.0,12.0,9.0,13.0,42.0,41.419811
40.01541450761975,-83.03205745162523,1.9429,-1.8218,-0.80836656095462,-0.008846218901019998,0.2885608902262,-0.274485208,-0.670810654,317.173113441,2024.0,12.0,9.0,13.0,42.0,41.485256
40.01541455888606,-83.03205964084573,1.9243,-1.8349,-0.61055536179532,-0.08541168889076,-0.19113437122476,-0.294734146,-0.67253946,317.18316391,2024.0,12.0,9.0,13.0,42.0,41.547464
40.01541459121763,-83.0320615157829,1.9133,-1.8482,-0.38952648919424,0.07557309453499998,-0.24981566288172,-0.347946418,-0.663170575,317.19162954,2024.0,12.0,9.0,13.0,42.0,41.611221
40.015414629805015,-83.0320633995954,1.9544,-1.8381,1.27570350536576,0.82039724763674,-0.23555664815258,-0.370835568,-0.680192505,317.191323239,2024.0,12.0,9.0,13.0,42.0,41.674166
40.01541467752675,-83.0320652921809,1.9435,-1.8471,-0.96948378965012,-0.30330673149778,-0.13695413044587995,-0.332188223,-0.7591712929999999,317.196408949,2024.0,12.0,9.0,13.0,42.0,41.737731
40.01541470184092,-83.03206747637518,1.8762,-1.8546,-0.70373162464308,-0.97708253487252,0.24416546164922,-0.477273406,-0.762360579,317.227589473,2024.0,12.0,9.0,13.0,42.0,41.80034
40.01541472389147,-83.0320693309446,1.8903,-1.8179,1.3871455442818,-0.44636020397718,0.57545989107592,-0.607061903,-0.708418244,317.233371868,2024.0,12.0,9.0,13.0,42.0,41.864501
40.01541475463223,-83.03207118351067,1.8942,-1.826,-0.13771463485552,0.27295711180106,0.21020187101944,-0.635211845,-0.663034688,317.243073808,2024.0,12.0,9.0,13.0,42.0,41.928059
40.01541478513558,-83.03207334457441,1.8805,-1.8219,0.01310730844552,-0.5799610207552,0.19164137308812,-0.717726086,-0.631650022,317.257861253,2024.0,12.0,9.0,13.0,42.0,41.991558
40.015414820206516,-83.03207518819974,1.8945,-1.7979,0.77929249706058,-0.16519404909446,-0.08406754994727998,-0.7770338449999998,-0.5876382,317.261998757,2024.0,12.0,9.0,13.0,42.0,42.054895
40.015414834152985,-83.0320758017653,1.8967,-1.7932,0.6442037540404,-0.1587291251391,-0.04031727047364,-0.7906793439999998,-0.568259556,317.262444779,2024.0,12.0,9.0,13.0,42.0,42.113757
40.015414892748076,-83.03207794803112,1.9084,-1.7773,0.29558984345214,-0.15696198441231998,-0.08175964134304,-0.774739151,-0.520744235,317.28317782,2024.0,12.0,9.0,13.0,42.0,42.178064
40.01541497877772,-83.03208069940992,1.9123,-1.7612,0.48646487394364,-0.13128838243996,-0.0049212024871,-0.732502995,-0.453093036,317.323492192,2024.0,12.0,9.0,13.0,42.0,42.244328
40.01541505456859,-83.03208283640747,1.9153,-1.7559,-0.01949998114128,-0.12442528384374,0.02834476024784,-0.669086896,-0.420156579,317.328947302,2024.0,12.0,9.0,13.0,42.0,42.307448
40.01541513268198,-83.03208497090802,1.9129,-1.7532,-0.09032288365806,-0.13738940912906,0.16309214771178,-0.60871768,-0.395269878,317.336777693,2024.0,12.0,9.0,13.0,42.0,42.369873
40.01541519603039,-83.03208679751712,1.9051,-1.7535,-0.10534569399232,-0.23845191104662,0.06671423782666,-0.56742941,-0.379867794,317.359105409,2024.0,12.0,9.0,13.0,42.0,42.434056
40.01541525742644,-83.03208862211447,1.9029,-1.757,-0.16205432524026,0.0278644395009,0.03267630076066,-0.519381512,-0.362845892,317.379861009,2024.0,12.0,9.0,13.0,42.0,42.496816
40.015415316869515,-83.03209044789537,1.8991,-1.7606,-0.38645681857854,-0.12737841149908,-0.0070548907896800005,-0.477858967,-0.364574631,317.400481598,2024.0,12.0,9.0,13.0,42.0,42.555662
40.01541537097022,-83.03209226739365,1.8816,-1.7597,-0.35218831465134,-0.44519859006974,-0.16436647845762,-0.463914941,-0.355037301,317.421669265,2024.0,12.0,9.0,13.0,42.0,42.615375
40.0154154230993,-83.03209407726067,1.878,-1.7418,0.62758902514476,-0.46398623885504,-0.59898098238068,-0.47316058,-0.304393223,317.436042198,2024.0,12.0,9.0,13.0,42.0,42.679519
40.01541549225956,-83.03209617638298,1.8723,-1.7319,-0.26470178944832,-0.17865291029586,-0.1319741665141,-0.440293542,-0.197507597,317.440419996,2024.0,12.0,9.0,13.0,42.0,42.742625
40.01541553608444,-83.03209797731634,1.8471,-1.7725,-1.47963433059906,0.30483148508638,0.6421959835529201,-0.467472522,-0.14492119,317.479174746,2024.0,12.0,9.0,13.0,42.0,42.805725
40.01541557869848,-83.03210008561784,1.8586,-1.7705,0.1837029512579,0.1477897400968,0.4462176630536,-0.532405079,-0.143756621,317.531637246,2024.0,12.0,9.0,13.0,42.0,42.870286
40.0154156124332,-83.03210159177833,1.8577,-1.7667,-0.1953352659159,-0.09768950678496002,0.36088741965832,-0.560057684,-0.164484544,317.552325834,2024.0,12.0,9.0,13.0,42.0,42.928844
40.015415656872335,-83.03210369189867,1.8452,-1.7549,0.28420823210058,-0.45449312136446,0.34991600559594,-0.645746059,-0.169674219,317.56001757,2024.0,12.0,9.0,13.0,42.0,42.993324
40.01541570456639,-83.03210578462995,1.8508,-1.7468,0.26599247622066,-0.0014364155003,0.05902297908572,-0.698123892,-0.18338104,317.578187313,2024.0,12.0,9.0,13.0,42.0,43.058888
40.015415711870105,-83.03210608361353,1.8514,-1.7464,0.16535503184616,-0.00531465404624,-0.00231255485076,-0.699663061,-0.187800865,317.58077612,2024.0,12.0,9.0,13.0,42.0,43.118662
40.01541578466891,-83.03210876636676,1.8527,-1.7233,0.50257036580398,-0.33477094382744,-0.20631770560254,-0.733146203,-0.230337867,317.616612401,2024.0,12.0,9.0,13.0,42.0,43.180593
40.01541585395874,-83.03211083819423,1.8556,-1.6949,0.46923027360248,-0.49031746868888,-0.1592834244709,-0.702358594,-0.239212179,317.637516885,2024.0,12.0,9.0,13.0,42.0,43.244712
40.01541592708921,-83.03211290042755,1.8542,-1.6879,0.27083800674554,-0.20195319355428,-0.33913383976574,-0.657945005,-0.23494665,317.657957806,2024.0,12.0,9.0,13.0,42.0,43.307854
40.015416001286276,-83.03211495595018,1.8461,-1.6827,0.017104292697960002,-0.32044604121868,0.02244889238822,-0.615435697,-0.23619548,317.678533635,2024.0,12.0,9.0,13.0,42.0,43.371473
40.01541605347764,-83.03211641790297,1.834,-1.6791,-0.25808397894592,-0.4540031558772,0.03697847605004,-0.598653237,-0.23137193,317.68528999,2024.0,12.0,9.0,13.0,42.0,43.435159
40.01541612046542,-83.03211845781813,1.8232,-1.6842,-0.34257511321098,-0.05306078221788,0.13544557463094,-0.591594704,-0.208399319,317.700787236,2024.0,12.0,9.0,13.0,42.0,43.495769
40.015416184581724,-83.0321204965154,1.8277,-1.6807,0.37989268541358,0.09660494260478,-0.0655344673211,-0.578586445,-0.200720937,317.726843255,2024.0,12.0,9.0,13.0,42.0,43.559964
40.01541624551499,-83.03212224316515,1.8324,-1.6677,0.44168001223668,-0.23547340998602,-0.06369586329284,-0.54244012,-0.211003475,317.744227313,2024.0,12.0,9.0,13.0,42.0,43.627133
40.01541631524019,-83.03212398826966,1.8511,-1.6543,0.8363937813089398,0.18862182247538,0.14046421835102002,-0.485073301,-0.224445695,317.762070367,2024.0,12.0,9.0,13.0,42.0,43.686127
40.01541640209252,-83.03212601801711,1.8221,-1.6495,-0.84823341432798,-0.92941213217984,0.39992620637188,-0.392660977,-0.255480991,317.790494788,2024.0,12.0,9.0,13.0,42.0,43.749864
40.0154164551348,-83.03212773739303,1.7707,-1.6642,-1.33733905035724,-0.7979788222880398,0.35339357415334,-0.432246861,-0.221100795,317.817584299,2024.0,12.0,9.0,13.0,42.0,43.813112
40.01541649398242,-83.03212944485347,1.7511,-1.6717,-0.86895481987562,-0.20492745838962,0.08822493017063998,-0.520139521,-0.154120644,317.831442797,2024.0,12.0,9.0,13.0,42.0,43.877884
40.01541652099427,-83.03213115408505,1.7405,-1.6964,-1.12909421405568,0.26250419840054,-0.13885373031047998,-0.614139532,-0.114532073,317.844099844,2024.0,12.0,9.0,13.0,42.0,43.941628
40.01541653964375,-83.03213315099491,1.736,-1.6872,0.73458565541632,-0.58159794915402,0.15561131774508,-0.7870577439999998,-0.112919554,317.854173507,2024.0,12.0,9.0,13.0,42.0,44.006658
40.01541658097904,-83.03213512517148,1.75,-1.6277,1.31260317978566,-0.6815769353668599,0.10047788920338,-0.853635653,-0.083102928,317.85717188,2024.0,12.0,9.0,13.0,42.0,44.070132
40.01541659705916,-83.03213568539283,1.7494,-1.6188,0.9520975821755,-0.66563214226722,0.06660579015726,-0.84310472,-0.066165941,317.8643421,2024.0,12.0,9.0,13.0,42.0,44.133663
40.0154166813477,-83.03213818966965,1.743,-1.5961,0.02296400516228,-0.27875249163512,-0.03526384464028,-0.840249521,0.023468276,317.915316961,2024.0,12.0,9.0,13.0,42.0,44.19628
40.015416743398205,-83.03213985001209,1.7419,-1.5835,0.22312635633764,-0.30425484344962,0.02655110958226,-0.850439398,0.07291868,317.935326706,2024.0,12.0,9.0,13.0,42.0,44.2553
40.01541682761239,-83.03214205081468,1.7272,-1.575,-0.13433646758342,-0.3463818495481,-0.034458303602,-0.8354551799999999,0.132278444,317.933725918,2024.0,12.0,9.0,13.0,42.0,44.32045
40.015416888345484,-83.0321436938948,1.717,-1.5755,-0.44623360664592,-0.27210060466624,-0.29349576150488,-0.812550501,0.172803384,317.934594087,2024.0,12.0,9.0,13.0,42.0,44.386341
40.0154169519258,-83.03214560674846,1.7091,-1.5776,0.03474735228108,-0.18762325651274,-0.21941639719866,-0.8308529489999998,0.207256513,317.95969743,2024.0,12.0,9.0,13.0,42.0,44.450664
40.015417011487095,-83.03214723846975,1.7127,-1.5505,0.7942127936852998,-0.52238507943252,0.09953410684092,-0.827693717,0.230424732,317.987882164,2024.0,12.0,9.0,13.0,42.0,44.51465
40.0154170805506,-83.03214885558663,1.7075,-1.5226,0.6518958684909,-0.69954831792346,0.1502377258365,-0.773205396,0.278439496,318.007872093,2024.0,12.0,9.0,13.0,42.0,44.580305
40.015417166767094,-83.0321507251644,1.6949,-1.5106,-0.10465613843434,-0.39435774652538,-0.06506296154090001,-0.698083625,0.363403866,318.017153232,2024.0,12.0,9.0,13.0,42.0,44.644571
40.015417253103465,-83.03215258758726,1.6926,-1.5091,-0.10204766282102,-0.08502304708725998,-0.22226690747794,-0.644620573,0.443643372,318.025479037,2024.0,12.0,9.0,13.0,42.0,44.707661
40.015417322913514,-83.0321541815524,1.6848,-1.5135,-0.11797638299348,-0.02465257986896,0.0074016595227,-0.61129592,0.490754658,318.037109544,2024.0,12.0,9.0,13.0,42.0,44.770877
40.01541739098033,-83.03215577326964,1.6786,-1.5094,-0.02532654668294,-0.31709630643818,-0.37381469303092,-0.578960136,0.534400319,318.041077999,2024.0,12.0,9.0,13.0,42.0,44.835197
40.015417460276694,-83.03215762843396,1.6601,-1.5368,-1.0152696865368,0.18138713291604,0.56260553424728,-0.561839143,0.587761963,318.062726877,2024.0,12.0,9.0,13.0,42.0,44.899125
40.015417506266004,-83.03215922761336,1.6631,-1.5588,-0.32211018032837996,0.57874108663574,0.43192075926288,-0.600392508,0.640121919,318.098193102,2024.0,12.0,9.0,13.0,42.0,44.962881
40.01541755128742,-83.03216084124085,1.6848,-1.5761,-0.11014566660324,1.05458743981264,0.0985691894678,-0.644761703,0.692401192,318.117058855,2024.0,12.0,9.0,13.0,42.0,45.027609
40.015417589975236,-83.03216220331139,1.706,-1.5951,-0.16664263321564,1.1457582958924,0.02092635920264,-0.688736202,0.7285908439999998,318.124447288,2024.0,12.0,9.0,13.0,42.0,45.092715
40.01541761332317,-83.03216302845756,1.7186,-1.6044,0.04623509805298,1.05389068239722,-0.24851351292184,-0.716717705,0.748003693,318.131406239,2024.0,12.0,9.0,13.0,42.0,45.156289
40.015417721081405,-83.03216609499579,1.783,-1.6119,0.85826582835706,1.00993614947958,0.83212634930064,-0.724208281,0.809941739,318.15906128,2024.0,12.0,9.0,13.0,42.0,45.220689
40.01541778780539,-83.0321677993696,1.8064,-1.6391,-0.3391355201583,1.19430632598114,0.2414966343851,-0.7242020289999999,0.8245097209999999,318.167638367,2024.0,12.0,9.0,13.0,42.0,45.283598
40.01541786448024,-83.03216982033966,1.8388,-1.6679,0.18464351855534,1.86471021794566,0.25936753413286,-0.731122224,0.819809772,318.192179581,2024.0,12.0,9.0,13.0,42.0,45.34639
40.015417936796254,-83.03217187654569,1.8563,-1.7092,-0.52272858358872,1.10140883964668,-0.02815727913608,-0.7214607589999998,0.786609466,318.2283766,2024.0,12.0,9.0,13.0,42.0,45.41228
40.015417994967066,-83.03217366340083,1.8786,-1.7272,0.10872812221718,0.9405897887986,-0.37024881977336,-0.741003535,0.752794865,318.248019955,2024.0,12.0,9.0,13.0,42.0,45.476829
40.01541807273346,-83.03217577122876,1.9121,-1.7332,0.25305388644042,0.80236687684962,-0.57651175251716,-0.7484419989999999,0.7393358049999998,318.244182217,2024.0,12.0,9.0,13.0,42.0,45.541718
40.015418145913024,-83.0321775958959,1.9379,-1.7427,0.31497511487097996,0.9033671454336,-0.26781907535008,-0.742354054,0.763744159,318.244487889,2024.0,12.0,9.0,13.0,42.0,45.60559
40.015418236496366,-83.03217975111907,1.9698,-1.7665,0.09653039589816,1.19146033625844,0.0766547236308,-0.716125307,0.788134456,318.257186139,2024.0,12.0,9.0,13.0,42.0,45.671408
40.015418313597685,-83.03218162401214,1.9867,-1.7948,-0.33119025572722,1.0564679555638,0.29796880219782,-0.69665677,0.780069871,318.270052874,2024.0,12.0,9.0,13.0,42.0,45.735507
40.015418396734745,-83.0321838323886,1.9969,-1.8217,-0.26040365333584004,0.7686105252138599,0.05359050065754,-0.712022917,0.754035451,318.267096431,2024.0,12.0,9.0,13.0,42.0,45.800446
40.01541847662018,-83.03218574568643,2.0523,-1.8113,1.80802839735724,1.2410334538761199,-0.03655213771482,-0.668954959,0.719292553,318.268843863,2024.0,12.0,9.0,13.0,42.0,45.865334
40.015418568162914,-83.03218766632804,2.0366,-1.8122,-0.57618372694682,-0.36922265809472,0.15003912539426,-0.539450838,0.665367636,318.281890298,2024.0,12.0,9.0,13.0,42.0,45.929881
40.01541865765499,-83.03218989905358,2.0067,-1.8313,-0.8802145816658,-0.13731241065624,0.00451305197204,-0.559973982,0.696860774,318.284285914,2024.0,12.0,9.0,13.0,42.0,45.99501
40.01541872876001,-83.03219213946369,2.0001,-1.8739,-1.19984913003586,0.63713026815442,-0.02223979914942,-0.664965463,0.7451309739999998,318.293800685,2024.0,12.0,9.0,13.0,42.0,46.058772
40.015418744711425,-83.03219278545872,2.0044,-1.8925,-1.16988263020804,1.2043482295699,-0.27389648899034,-0.713514009,0.7513741729999999,318.298873908,2024.0,12.0,9.0,13.0,42.0,46.121892
40.015418858794256,-83.03219602337039,2.0683,-1.8359,1.68074461213502,0.2652267809105,0.372789107615,-0.692184462,0.7206251409999999,318.285378512,2024.0,12.0,9.0,13.0,42.0,46.186921
40.01541894723869,-83.03219797553399,2.0774,-1.8471,-0.1927286650422,0.47372679019466,0.14823068793928,-0.58294762,0.692999948,318.285332652,2024.0,12.0,9.0,13.0,42.0,46.251059
40.01541904225017,-83.03220026285653,2.0697,-1.8677,-0.42612572676056,0.25327423488904,0.20638814517286,-0.601438228,0.644704461,318.300138154,2024.0,12.0,9.0,13.0,42.0,46.315055
40.015419122794576,-83.03220222607384,2.075,-1.8603,0.27762906673234,-0.04850917540586,-0.03309538879402,-0.604227748,0.613226381,318.316049796,2024.0,12.0,9.0,13.0,42.0,46.378417
40.01541920579857,-83.0322045176445,2.0517,-1.8892,-1.09152734284672,0.03918540941228,-0.30636150323916,-0.577766802,0.606349037,318.319730064,2024.0,12.0,9.0,13.0,42.0,46.442525
40.0154192608248,-83.03220648524561,2.0363,-1.9121,-0.89716470369444,0.08229121659171998,-0.33056817696404,-0.638342212,0.614604243,318.299376987,2024.0,12.0,9.0,13.0,42.0,46.500392
40.01541931262422,-83.03220845561968,2.0487,-1.9006,0.7767022378204999,-0.07779538999957998,-0.10168300173438,-0.7332506039999999,0.630379919,318.282706257,2024.0,12.0,9.0,13.0,42.0,46.564093
40.01541937365408,-83.03221042055215,2.0552,-1.8811,0.78280993415798,-0.1273572653849,0.24114831710476,-0.759037619,0.671988003,318.288654422,2024.0,12.0,9.0,13.0,42.0,46.628136
40.01541944995889,-83.03221271265285,2.0578,-1.8876,-0.17445214237856002,0.24705465584576,-0.05632427998556,-0.771533887,0.735690266,318.312956587,2024.0,12.0,9.0,13.0,42.0,46.694258
40.015419531407765,-83.03221501415723,2.0775,-1.8889,0.32992404467108,0.44751185553922,0.10287916401478,-0.7862065809999998,0.761773354,318.335111854,2024.0,12.0,9.0,13.0,42.0,46.759871
40.01541961511277,-83.03221699176852,2.1072,-1.8572,1.58852712305022,-0.02419823812794,-0.67022308594002,-0.7485368449999998,0.768346152,318.326131663,2024.0,12.0,9.0,13.0,42.0,46.824522
40.015419725818035,-83.03221929429331,2.098,-1.8588,-0.59120100503162,-0.0212636169195,1.13417195381824,-0.652774764,0.77918473,318.297134628,2024.0,12.0,9.0,13.0,42.0,46.888294
40.01541981327764,-83.03222126635596,2.0796,-1.8769,-1.135865933315,-0.01681063634868,0.35472237229934,-0.606289152,0.7681660369999999,318.301961422,2024.0,12.0,9.0,13.0,42.0,46.948969
40.015419881339945,-83.03222324110705,2.0534,-1.9086,-1.47451057043656,-0.01245785661194,-0.19839648314808,-0.64473046,0.7413432399999998,318.332660532,2024.0,12.0,9.0,13.0,42.0,47.013564
40.01541993629847,-83.0322252084642,2.0389,-1.893,0.37814612468368,-0.70155572017724,-0.32361728019072,-0.705647432,0.7252213269999999,318.359698993,2024.0,12.0,9.0,13.0,42.0,47.07816
40.01541995673495,-83.03222586184278,2.044,-1.883,0.85510489928304,-0.47322460722752,-0.05572391895344,-0.714222129,0.718176456,318.359251146,2024.0,12.0,9.0,13.0,42.0,47.142687
40.01542007605767,-83.03222910478596,2.0418,-1.8359,0.7466848713860599,-0.68724944427036,-0.11724893604482,-0.684853503,0.718011278,318.293076738,2024.0,12.0,9.0,13.0,42.0,47.207201
40.01542018783692,-83.0322316741185,2.0369,-1.8154,0.37561379504072,-0.40942676832636,0.21811912515132,-0.649388955,0.745205416,318.283893582,2024.0,12.0,9.0,13.0,42.0,47.273724
40.01542027692632,-83.03223359240535,2.0342,-1.8056,0.06878367073334,-0.18065595807386,0.15715037734518,-0.578114345,0.744078427,318.329004659,2024.0,12.0,9.0,13.0,42.0,47.334836
40.015420374000335,-83.03223582344825,2.0099,-1.8184,-0.7685602486840598,-0.33621177514726,0.12087197397498,-0.509104086,0.725801491,318.36838894,2024.0,12.0,9.0,13.0,42.0,47.39915
40.0154204466705,-83.03223773213337,1.9982,-1.8289,-0.5825196009389599,-0.09855631687559999,-0.24844422284644,-0.522633881,0.711064853,318.360625597,2024.0,12.0,9.0,13.0,42.0,47.459269
40.015420504404396,-83.03223932175752,1.9992,-1.828,-0.10359637250894,0.04146591925172,-0.31888018375062,-0.543428453,0.712752399,318.337098857,2024.0,12.0,9.0,13.0,42.0,47.517987
40.01542057237704,-83.03224123328934,2.0024,-1.8401,-0.35390736235152004,0.39095802912792,0.18569516251654,-0.556374119,0.720461847,318.314732229,2024.0,12.0,9.0,13.0,42.0,47.580824
40.015420649203094,-83.03224347597924,2.0169,-1.8545,-0.04039693751742,0.63035857920472,0.16761666903692,-0.582831201,0.714595447,318.328655622,2024.0,12.0,9.0,13.0,42.0,47.644703
40.015420707408225,-83.03224541804673,2.0232,-1.8944,-0.8474083379038398,1.0153660080093199,0.01373551386262,-0.641558168,0.677277185,318.35417159,2024.0,12.0,9.0,13.0,42.0,47.708887
40.015420770798436,-83.03224770455608,2.0445,-1.9003,0.50185822335078,0.51848913981252,-0.1165284999134,-0.754282175,0.601539646,318.352593771,2024.0,12.0,9.0,13.0,42.0,47.772613
40.01542082539843,-83.0322493481842,2.0707,-1.8937,0.80353845445328,0.51671655092252,-0.2301195244015,-0.778055885,0.544086763,318.339810296,2024.0,12.0,9.0,13.0,42.0,47.831385
40.01542091105964,-83.03225165009745,2.0763,-1.882,0.52075819050858,0.00394810198598,0.14299013034202,-0.764450753,0.493016314,318.332321211,2024.0,12.0,9.0,13.0,42.0,47.889883
40.01542099276219,-83.03225362526382,2.0955,-1.8677,1.1150001582687599,0.09852114847829999,-0.04329963974624,-0.738654286,0.488271258,318.335046905,2024.0,12.0,9.0,13.0,42.0,47.953914
40.015421092462454,-83.03225560365001,2.1266,-1.8501,1.08557161781626,0.44423193234126,0.0417986804201,-0.634367109,0.501328372,318.339860255,2024.0,12.0,9.0,13.0,42.0,48.018124
40.01542120378608,-83.03225759116002,2.139,-1.8586,-0.24472925766132,0.48372302829752,-0.06418072133508,-0.472537109,0.498060768,318.34496734,2024.0,12.0,9.0,13.0,42.0,48.084461
40.015421290692295,-83.0322592559976,2.1298,-1.8868,-0.79188192730356,0.44154904682434,0.01453654894266,-0.385772312,0.483607997,318.348638299,2024.0,12.0,9.0,13.0,42.0,48.149913
40.01542142040459,-83.03226227544187,2.1269,-1.932,-0.48169070839668,0.5717312459557,-0.14454384424421998,-0.391608201,0.437029895,318.334420226,2024.0,12.0,9.0,13.0,42.0,48.214545
40.01542148818248,-83.03226396065742,2.1195,-1.9439,-0.36331226384536,0.0521880960399,-0.057377225046800005,-0.388823662,0.401876061,318.319073213,2024.0,12.0,9.0,13.0,42.0,48.279107
40.01542157828963,-83.03226665886835,2.1029,-1.9653,-0.39580407459672,0.1980049449145,-0.05151579575216,-0.440827523,0.398257265,318.307251627,2024.0,12.0,9.0,13.0,42.0,48.343346
40.015421643287695,-83.03226868806794,2.1192,-1.9582,0.7849332055613002,0.18847383382234,-0.05162601437784001,-0.50632691,0.410232555,318.300705248,2024.0,12.0,9.0,13.0,42.0,48.407613
40.0154217347878,-83.0322710642145,2.151,-1.9518,0.63547981926684,0.62334077308454,0.04944940869126,-0.50590699,0.429104477,318.2925937,2024.0,12.0,9.0,13.0,42.0,48.47087
40.01542182484454,-83.03227311247194,2.1717,-1.9499,0.42711039255748,0.43631902247272,-0.07173063020558,-0.469309844,0.425317709,318.289472852,2024.0,12.0,9.0,13.0,42.0,48.534706
40.015421940711946,-83.03227551548515,2.1975,-1.9514,0.36363016297788,0.58841771436012,0.06933848084388,-0.400362088,0.406191152,318.277122552,2024.0,12.0,9.0,13.0,42.0,48.598671
40.01542202196846,-83.03227723842402,2.1868,-1.967,-0.7466737125724399,0.08769875162522,-0.26587639056398,-0.337385393,0.391069464,318.274973212,2024.0,12.0,9.0,13.0,42.0,48.658006
40.015422124615,-83.03227965777646,2.1827,-1.9857,-0.42706324449673994,0.13604073758048,-0.19319571250934,-0.297314938,0.391633798,318.284028613,2024.0,12.0,9.0,13.0,42.0,48.72373
40.0154222271123,-83.03228208037055,2.1893,-1.9824,0.1330342668906,0.18198105039752,0.11003883192674,-0.27544587,0.417918055,318.278998352,2024.0,12.0,9.0,13.0,42.0,48.788454
40.01542231705689,-83.03228416177213,2.2006,-1.9849,0.05857436418992,0.31267733300198,0.17537413627544,-0.253882522,0.438016236,318.265462664,2024.0,12.0,9.0,13.0,42.0,48.852795
40.01542240960876,-83.03228625060855,2.211,-1.9929,-0.17265258103208,0.45582489749912,0.20340213978382,-0.211007643,0.443617613,318.255469823,2024.0,12.0,9.0,13.0,42.0,48.916902
40.01542251941928,-83.0322886954512,2.2224,-1.9893,0.47335781989038,0.15112133382612,0.33381005871452,-0.176685341,0.424330612,318.236962758,2024.0,12.0,9.0,13.0,42.0,48.986459
40.01542262587841,-83.03229114612853,2.2131,-2.0093,-0.69612355531854,0.19462069651462,0.01715793650334,-0.141878514,0.395549867,318.230306549,2024.0,12.0,9.0,13.0,42.0,49.050478
40.01542265354916,-83.03229184652852,2.2059,-2.0135,-0.761535154886,-0.04830137213972,-0.08815121228378,-0.134945033,0.388512748,318.22989423,2024.0,12.0,9.0,13.0,42.0,49.114281
40.01542275912439,-83.0322946435523,2.1956,-2.0118,-0.00957825164856,-0.17201242175816,-0.13320716433616,-0.154389596,0.378889298,318.2250305,2024.0,12.0,9.0,13.0,42.0,49.179421
40.015422862648435,-83.03229743529573,2.1949,-2.001,0.29334855827374,-0.25402000342334,0.17750972407784,-0.132030459,0.348037072,318.216947878,2024.0,12.0,9.0,13.0,42.0,49.2451
40.01542297185143,-83.03230021229339,2.1926,-1.9713,0.55232161113022,-0.5715899900078,-0.02630512171238,-0.082301312,0.312321502,318.206271417,2024.0,12.0,9.0,13.0,42.0,49.309342
40.01542306316836,-83.03230228093462,2.1879,-1.9481,0.2502627936005,-0.65185176728446,-0.12639458637988,-0.020502611,0.300054406,318.202927143,2024.0,12.0,9.0,13.0,42.0,49.368479
40.01542314299743,-83.03230399476887,2.1841,-1.9339,0.43924671135252,-0.53505742454574,0.19110706687614,0.035009973,0.306286346,318.200918168,2024.0,12.0,9.0,13.0,42.0,49.426662
40.015423257933094,-83.0323063858882,2.1809,-1.9265,0.23661331970586,-0.24897538110512,-0.21107217913338,0.125601269,0.311585397,318.200034695,2024.0,12.0,9.0,13.0,42.0,49.493503
40.015423373562484,-83.0323087744768,2.1797,-1.9315,-0.1617599100469,0.07375826289287998,-0.17330133974519998,0.248361046,0.289595883,318.206113964,2024.0,12.0,9.0,13.0,42.0,49.559035
40.01542347639995,-83.03231082519504,2.1769,-1.9328,-0.85842315279514,-0.37956393466998,-0.25451019459766,0.370547373,0.223052241,318.205092118,2024.0,12.0,9.0,13.0,42.0,49.624939
40.015423564128504,-83.03231319385738,2.0962,-1.9572,-1.9473864406972,-1.0026956648094,-0.0373544688852,0.338229155,0.205756819,318.186591486,2024.0,12.0,9.0,13.0,42.0,49.690622
40.01542359837191,-83.03231521374455,2.0471,-2.0057,-1.81206059566144,-0.16160707426822,0.27205639809424,0.102023193,0.231255837,318.16959147,2024.0,12.0,9.0,13.0,42.0,49.755628
40.01542358381551,-83.0323175856501,1.9925,-2.1193,-3.77075612035124,1.13749373537448,-0.31168610980118,-0.326415697,0.191662784,318.169199151,2024.0,12.0,9.0,13.0,42.0,49.819812
40.01542356015167,-83.03231960662048,1.9935,-2.0284,2.0112462905216,-1.69194744892238,0.38677519456318,-0.691532145,0.104968303,318.137616772,2024.0,12.0,9.0,13.0,42.0,49.885679
40.015423581900976,-83.03232193112161,2.0386,-1.9158,3.7049461751334,-1.59018796083128,1.16168736288342,-0.807462753,0.110871086,318.147186181,2024.0,12.0,9.0,13.0,42.0,49.952391
40.01542365063713,-83.03232389245487,2.0715,-1.8377,2.90468361418208,-1.1225210086201,0.6617141841754399,-0.7788072849999998,0.178485251,318.174622684,2024.0,12.0,9.0,13.0,42.0,50.016412
40.01542375637544,-83.03232584271908,2.108,-1.7974,1.78643166687956,-0.2857445149523,-0.44205161609794,-0.686466519,0.249406488,318.176081187,2024.0,12.0,9.0,13.0,42.0,50.081494
40.015423822825575,-83.03232681496466,2.1334,-1.7677,2.42939793443118,-0.11564453769408,0.55138729126996,-0.589224682,0.275594989,318.168736931,2024.0,12.0,9.0,13.0,42.0,50.146112
40.015424009445596,-83.03232940820915,2.1264,-1.7753,-0.6776787137967,-0.08012031948867998,-0.08320283864147998,-0.267955319,0.300593736,318.143513773,2024.0,12.0,9.0,13.0,42.0,50.210287
40.015424166324784,-83.03233166211471,2.0814,-1.7776,-1.28946878566654,-0.9876768030579,0.01631952687332,-0.005666613,0.297687814,318.117835586,2024.0,12.0,9.0,13.0,42.0,50.274535
40.01542432749801,-83.03233451414009,1.9985,-1.7861,-1.5050603182459399,-1.22551202996416,-0.15708334785694,0.185705687,0.411226202,318.102149573,2024.0,12.0,9.0,13.0,42.0,50.340069
40.01542440896238,-83.03233638669127,1.954,-1.7876,-1.0278072642155,-1.11486385001762,0.59291659342682,0.216118844,0.526358096,318.094294328,2024.0,12.0,9.0,13.0,42.0,50.406663
40.01542448969269,-83.03233855282225,1.9366,-1.7847,-0.22751669926434,-0.44660564399682,0.21651469803830004,0.200523599,0.687303663,318.075635605,2024.0,12.0,9.0,13.0,42.0,50.471837
40.01542456144539,-83.03234040372678,1.9453,-1.7692,0.47209492651796,-0.27486613178242,-0.5674975119742399,0.219152183,0.7985771499999998,318.055562362,2024.0,12.0,9.0,13.0,42.0,50.537294
40.015424653765045,-83.03234255738454,1.9406,-1.7679,-0.59455595387548,-0.10109919237568,0.25766007925516,0.272769425,0.912919631,318.036611117,2024.0,12.0,9.0,13.0,42.0,50.60218
40.01542471770252,-83.03234440386882,1.9228,-1.7875,-0.43310012690954,-0.09197625663334,0.24852335386540003,0.24707611,0.948558967,318.059689972,2024.0,12.0,9.0,13.0,42.0,50.66664
40.015424767388986,-83.03234654974567,1.8743,-1.8126,-1.2518384923888,-0.48770755105006,-0.35150438991657995,0.11143511,0.982620047,318.084657072,2024.0,12.0,9.0,13.0,42.0,50.732523
40.015424775738886,-83.03234867940873,1.7891,-1.8644,-3.27836201102396,-0.7945867038639,-1.68899028713482,-0.14080383,1.07792986,318.111900526,2024.0,12.0,9.0,13.0,42.0,50.799179
40.01542476963515,-83.03235049397851,1.819,-1.8402,0.8001946128303201,0.7336354560284,1.19074325113386,-0.380014139,1.154477945,318.117531872,2024.0,12.0,9.0,13.0,42.0,50.864739
40.015424786826706,-83.03235231138783,1.8612,-1.8033,1.6181422787686,0.56179518827182,0.78844354510334,-0.541146664,1.144307211,318.067516303,2024.0,12.0,9.0,13.0,42.0,50.926282
40.01542484933301,-83.03235443836533,1.9301,-1.733,3.68789943583128,0.16822123338296,1.35329784768052,-0.66563283,1.029800417,318.009674033,2024.0,12.0,9.0,13.0,42.0,50.992254
40.01542494238069,-83.03235625598076,1.968,-1.6821,2.83699545733578,0.0178203954579,0.2011275548508,-0.571866781,0.9168734690000001,318.015255365,2024.0,12.0,9.0,13.0,42.0,51.057104
40.01542499912608,-83.0323571611642,1.9651,-1.6659,1.37989861814122,-0.6082734602682,0.01864248905312,-0.435205917,0.874286629,318.033705226,2024.0,12.0,9.0,13.0,42.0,51.121767
40.01542510538809,-83.03235895367787,1.9059,-1.6695,-1.07725148520288,-1.39452985867136,-0.43166088555374,-0.284866987,0.8579124999999999,318.076401459,2024.0,12.0,9.0,13.0,42.0,51.187466
40.0154252184307,-83.0323616100502,1.8467,-1.6906,-0.56369838091588,-0.59274867527334,-0.05447868168918,-0.345275924,0.981355677,318.032710423,2024.0,12.0,9.0,13.0,42.0,51.252808
40.015425306110906,-83.03236396313545,1.8499,-1.6805,0.41973152268306,-0.44752355904884,0.82765217160988,-0.348614307,1.076258757,317.934296872,2024.0,12.0,9.0,13.0,42.0,51.31779
40.015425399249175,-83.03236600579977,1.8527,-1.6525,0.05652668536854,-0.34976655389408,0.82363753084966,-0.182408204,1.149335121,317.894444896,2024.0,12.0,9.0,13.0,42.0,51.383445
40.01542549325704,-83.03236804983996,1.8635,-1.6627,0.29330613644908,0.43218240854762,0.97131832525224,-0.099203954,1.167030979,317.964959133,2024.0,12.0,9.0,13.0,42.0,51.450243
40.015425581026975,-83.03236980744636,1.8833,-1.6464,0.91272563124558,0.10247659850352,0.21109264704516,-0.045084645,1.117034417,318.01691091,2024.0,12.0,9.0,13.0,42.0,51.514985
40.01542568362117,-83.03237156238946,1.889,-1.6257,0.25118970559682,-0.40314301227482,-0.39226482845716,0.0928657,1.05063221,317.990515367,2024.0,12.0,9.0,13.0,42.0,51.57932
40.015425793082,-83.03237359485755,1.8392,-1.6408,-1.4438030041460599,-0.8042292137777801,-0.5723402074983,0.235346637,1.017963567,317.913183125,2024.0,12.0,9.0,13.0,42.0,51.644178
40.01542586361624,-83.03237561285849,1.7831,-1.6842,-1.9014329155093,-0.28585716351824,-0.75235894577716,0.20897771,1.053992718,317.891822673,2024.0,12.0,9.0,13.0,42.0,51.709662
40.015425895634756,-83.03237734083197,1.7592,-1.71,-1.04639089959122,-0.052700949698,-0.65482806199752,0.095518859,1.096192464,317.935610922,2024.0,12.0,9.0,13.0,42.0,51.775082
40.015425921605726,-83.03237878001805,1.7739,-1.6913,0.79724344828972,-0.08734306953966,-0.57040614010152,0.014965838,1.141574569,317.965251182,2024.0,12.0,9.0,13.0,42.0,51.839792
40.01542597969386,-83.03238108105812,1.7873,-1.6764,0.27126822232102,-0.04799706331598,-0.21375104163326,-0.027247605,1.211292124,317.960508664,2024.0,12.0,9.0,13.0,42.0,51.905311
40.01542603634148,-83.0323830934997,1.7948,-1.6714,0.29274499781178,0.14953405634978,-0.10760928035254,-0.111548443,1.283585219,317.924849453,2024.0,12.0,9.0,13.0,42.0,51.970551
40.015426081815725,-83.03238453170545,1.8046,-1.6601,0.71775960665004,0.00116754748588,0.0297335545648,-0.1589479,1.345861875,317.917949466,2024.0,12.0,9.0,13.0,42.0,52.032782
40.01542613481445,-83.03238597116572,1.819,-1.6511,0.66757900244394,0.15851548342236,0.5307944176448,-0.14244953,1.394926142,317.92874568,2024.0,12.0,9.0,13.0,42.0,52.097318
40.01542620416603,-83.03238770026844,1.8286,-1.6453,0.45579331262146,0.08938265132464,-0.09874522651728,-0.101563269,1.453416278,317.929572502,2024.0,12.0,9.0,13.0,42.0,52.16277
40.015426306808315,-83.03239031528592,1.837,-1.6868,-0.8687104299496998,0.7255261066345,0.95034523346554,-0.049032455,1.460954671,317.922838451,2024.0,12.0,9.0,13.0,42.0,52.227567
40.01542635974876,-83.03239236545487,1.8155,-1.7159,-0.8440476111270598,0.06274209234162,0.5082820116115999,-0.116483225,1.388813098,317.927710802,2024.0,12.0,9.0,13.0,42.0,52.292328
40.01542639881873,-83.03239412560224,1.8184,-1.7175,-0.13328496532926,0.06661348357762,0.08228449157443998,-0.176383468,1.331855595,317.919414149,2024.0,12.0,9.0,13.0,42.0,52.357916
40.01542645633512,-83.03239618296222,1.8509,-1.6975,1.11186516523394,0.36662608525636,0.9044762762753,-0.169241235,1.234591544,317.892630491,2024.0,12.0,9.0,13.0,42.0,52.424622
40.01542652694249,-83.03239824396591,1.8593,-1.6831,0.7318286873806,-0.20878838072672,0.1432403605301,-0.187766752,1.103990953,317.851742392,2024.0,12.0,9.0,13.0,42.0,52.490488
40.01542661474781,-83.03240029699113,1.8714,-1.6535,0.75812520335994,-0.3472144157271,-0.26280649930654,-0.159159779,1.020870394,317.827379739,2024.0,12.0,9.0,13.0,42.0,52.558393
40.01542669766585,-83.03240204952102,1.8652,-1.6467,0.01163294980572,-0.34219896720598,-0.45478486759312,-0.046890672,0.984971711,317.841899482,2024.0,12.0,9.0,13.0,42.0,52.625632
40.015426784335226,-83.03240408894321,1.8391,-1.6672,-1.03243091946328,-0.18355112091534,-0.4349105849257,0.057500206,0.978251479,317.86101201,2024.0,12.0,9.0,13.0,42.0,52.691642
40.01542684396101,-83.03240583558285,1.8232,-1.6826,-0.79854216158264,-0.10764613812114,-0.2576844293621,0.062918377,0.9891197880000001,317.849939304,2024.0,12.0,9.0,13.0,42.0,52.757106
40.01542690007066,-83.0324078754648,1.8147,-1.6993,-0.40477163670718,0.10821688110408,-0.21153062201864,-0.0007305919999999999,1.021227959,317.81990454,2024.0,12.0,9.0,13.0,42.0,52.825886
40.01542695358096,-83.03240991850065,1.8257,-1.6928,0.52386611987724,0.09350791883382,-0.04669451117044,-0.027404302,1.06315081,317.809382395,2024.0,12.0,9.0,13.0,42.0,52.891701
40.015427007642785,-83.0324116733469,1.8346,-1.6932,-0.07616587766481998,0.20205915804276,-0.15294911001014,-0.000592152,1.102588061,317.8085485,2024.0,12.0,9.0,13.0,42.0,52.956916
40.015427072888116,-83.03241372896156,1.853,-1.6969,0.43873922127028,0.53086657981928,0.25508882812538,-0.014152973,1.139220528,317.811095264,2024.0,12.0,9.0,13.0,42.0,53.021926
40.015427127277874,-83.03241520567835,1.8758,-1.6913,0.7420506458232,0.55551333972314,0.27514949437004,0.00093597,1.146992407,317.805124892,2024.0,12.0,9.0,13.0,42.0,53.087004
40.015427200594964,-83.03241698579353,1.8903,-1.6918,0.41452796234996,0.46408058809582,0.36767317768768,0.073587173,1.133509538,317.795133353,2024.0,12.0,9.0,13.0,42.0,53.151395
40.015427294032925,-83.03241936954734,1.8851,-1.7103,-0.29873242711113995,0.23817252496496,-0.03336054043068,0.152840384,1.107589427,317.79493988,2024.0,12.0,9.0,13.0,42.0,53.216946
40.01542736050925,-83.03242116450346,1.8906,-1.7145,0.02079736735294,0.23664272440094,-0.3841382609085,0.180683317,1.113634857,317.79195034,2024.0,12.0,9.0,13.0,42.0,53.28255
40.01542744423719,-83.03242356872808,1.8929,-1.7356,-0.37043096053554,0.4290373517511,-0.31265608673476,0.213840027,1.12947492,317.791545968,2024.0,12.0,9.0,13.0,42.0,53.349497
40.01542750414475,-83.03242538180766,1.8994,-1.7422,-0.04584962521564,0.24577863027114,-0.38096275656158,0.234372331,1.146282779,317.801015917,2024.0,12.0,9.0,13.0,42.0,53.414199
40.0154275640486,-83.03242719980388,1.9033,-1.7468,-0.09814575594408,0.174794929894,-0.15957359300818,0.26021999,1.184046495,317.81077621,2024.0,12.0,9.0,13.0,42.0,53.479779
40.015427637737055,-83.03242932944599,1.9225,-1.7506,0.11645126994816,0.2670948769484,0.09596391478946,0.28961781,1.242750443,317.804229938,2024.0,12.0,9.0,13.0,42.0,53.545421
40.01542770927922,-83.03243117519659,1.9646,-1.7627,0.6719170863273201,1.28136078753072,0.10835553133126,0.337652131,1.255798322,317.793122156,2024.0,12.0,9.0,13.0,42.0,53.607452
40.01542779273533,-83.03243334757363,1.9552,-1.784,-0.74477334161328,0.09540978573418,0.53787440610656,0.390326233,1.214761582,317.79037298,2024.0,12.0,9.0,13.0,42.0,53.673375
40.01542785598604,-83.03243552138609,1.93,-1.8118,-1.0261906406598,0.1681019821643,0.28393446167746,0.349249652,1.227006,317.797467139,2024.0,12.0,9.0,13.0,42.0,53.739842
40.01542790359238,-83.03243739984849,1.9555,-1.8372,-0.35383432350494,1.21065810560386,0.31293290420948,0.302466996,1.223421683,317.796762263,2024.0,12.0,9.0,13.0,42.0,53.804918
40.01542795373052,-83.03243961347606,1.9647,-1.8469,0.32203952789867996,0.14396290367214,0.25072032130702,0.239892274,1.155408183,317.780170832,2024.0,12.0,9.0,13.0,42.0,53.873748
40.0154280223206,-83.03244182446772,1.9875,-1.8052,1.1800245937448,-0.352706357683,0.2694742265655,0.266162486,1.125468776,317.753229182,2024.0,12.0,9.0,13.0,42.0,53.941389
40.01542808984917,-83.032443719425,1.9911,-1.8178,-0.23856997736484,0.38245432633712,0.13280205078488,0.303986659,1.133604894,317.762108113,2024.0,12.0,9.0,13.0,42.0,54.007505
40.01542817075539,-83.0324459429199,2.018,-1.8183,0.8337555756876801,0.56837497746418,-0.15012055532766,0.300731861,1.130350254,317.787931566,2024.0,12.0,9.0,13.0,42.0,54.072701
40.01542819662603,-83.03244658089366,2.0258,-1.8175,0.73329540607318,0.5360165608078,-0.0970640258276,0.313538147,1.128717081,317.79118377,2024.0,12.0,9.0,13.0,42.0,54.138243
40.01542833925078,-83.03245010761873,2.0261,-1.8479,-0.9123453802083401,0.3478042152552,-0.10861623413304,0.445182353,1.095129599,317.767521283,2024.0,12.0,9.0,13.0,42.0,54.204875
40.01542839176948,-83.03245171697819,2.0162,-1.8587,-0.5160464365597399,0.04061630921388,-0.06123090049688,0.432908397,1.095874686,317.754304033,2024.0,12.0,9.0,13.0,42.0,54.270236
40.01542847088676,-83.03245429409482,2.0187,-1.8647,-0.27719140269318,0.14423626903818,-0.14614882523208,0.424962129,1.132591819,317.754167222,2024.0,12.0,9.0,13.0,42.0,54.336917
40.015428540637146,-83.03245656042644,2.0369,-1.8727,0.3777591391594,0.59401049970452,0.15975978124764,0.419036271,1.165265001,317.757311727,2024.0,12.0,9.0,13.0,42.0,54.402258
40.01542860209717,-83.03245851582308,2.0514,-1.8832,0.24543850702882,0.60364045209826,0.10000995666896,0.413606163,1.171327766,317.746520306,2024.0,12.0,9.0,13.0,42.0,54.464968
40.015428674422225,-83.03246081125513,2.0595,-1.9003,-0.25857690047216003,0.51193257313648,-0.009486784727880001,0.416301463,1.159262778,317.729983531,2024.0,12.0,9.0,13.0,42.0,54.531648
40.015428741394786,-83.03246278735526,2.0751,-1.8938,0.31591892711466,0.23062290322684,-0.58997799313892,0.433554145,1.159969842,317.71883811,2024.0,12.0,9.0,13.0,42.0,54.597309
40.0154288202834,-83.0324651007336,2.079,-1.9084,-0.17452292526734,0.4232368916044,0.68821834315454,0.454533549,1.168563272,317.721134801,2024.0,12.0,9.0,13.0,42.0,54.662868
40.015428875344234,-83.03246709319936,2.0706,-1.935,-0.42125158883174,0.39819725716232,0.4094506335363,0.421726182,1.158095549,317.739465422,2024.0,12.0,9.0,13.0,42.0,54.729401
40.01542893783332,-83.03246942235864,2.0697,-1.9338,-0.27786573385412,-0.13100124279906,-0.3743299431619,0.380605926,1.182932944,317.746438986,2024.0,12.0,9.0,13.0,42.0,54.796738
40.01542899626553,-83.03247175578093,2.0765,-1.9445,0.121174778721,0.41175550312726,0.43881689412696,0.335290364,1.235790326,317.745685854,2024.0,12.0,9.0,13.0,42.0,54.865448
40.015429057655815,-83.03247410256908,2.0959,-1.9535,0.11934111067546,0.5624410224006601,0.25984612521994,0.277469175,1.250075164,317.721693176,2024.0,12.0,9.0,13.0,42.0,54.931205
40.015429116952006,-83.03247612375807,2.1116,-1.9499,0.28617313250922,0.29058218341355996,-0.09782500094,0.243926003,1.245674165,317.698990269,2024.0,12.0,9.0,13.0,42.0,54.996981
40.015429192812945,-83.0324784881395,2.1235,-1.945,0.39020470777502,0.09539347677786,-0.12172396266124,0.258830059,1.244850297,317.706717065,2024.0,12.0,9.0,13.0,42.0,55.066734
40.01542922615004,-83.0324795021436,2.1219,-1.9476,0.10896636265818,0.06606567121368,-0.1061200131808,0.275637862,1.250777226,317.715693346,2024.0,12.0,9.0,13.0,42.0,55.132919
40.01542931971364,-83.0324825467396,2.1134,-1.962,-0.2641055134025,-0.01130796017072,-0.0939061125955,0.259540609,1.292928289,317.726375052,2024.0,12.0,9.0,13.0,42.0,55.197866
40.01542940038682,-83.03248526240185,2.1329,-1.9644,0.20120640313596,0.38763935548634,0.16298980177014,0.237108242,1.317405964,317.706028127,2024.0,12.0,9.0,13.0,42.0,55.265507
40.01542947603251,-83.0324876482811,2.1402,-1.9708,-0.1527375560301,0.24514179593748,0.18265351130068,0.264883793,1.312683469,317.69786587,2024.0,12.0,9.0,13.0,42.0,55.332611
40.01542954777808,-83.03249003936352,2.136,-1.9784,-0.18743190071086,0.00156966439866,-0.08806698341393998,0.268399712,1.30415205,317.705241712,2024.0,12.0,9.0,13.0,42.0,55.399761
40.01542960805822,-83.03249208999421,2.1434,-1.974,0.5843097242269,0.09008621792818,-0.12388681044504,0.246038698,1.310410387,317.712693523,2024.0,12.0,9.0,13.0,42.0,55.46531
40.015429687300156,-83.03249448628254,2.1595,-1.968,0.44722695755534,0.20422174410106,-0.39297606956984,0.272439391,1.318522019,317.714115073,2024.0,12.0,9.0,13.0,42.0,55.534332
40.015429771457946,-83.03249688791469,2.1604,-1.9749,-0.20207754044646,0.10001184349348,0.07964213155672,0.318660339,1.318562211,317.71152312,2024.0,12.0,9.0,13.0,42.0,55.600186
40.01542983967025,-83.0324989473185,2.1556,-1.9791,-0.13958311344974,0.0426728202642,0.12991712321806,0.32202707,1.329802274,317.711628113,2024.0,12.0,9.0,13.0,42.0,55.667598
40.01542991016606,-83.0325013543619,2.1454,-2.0052,-0.38460417365686,0.17223484328568,0.0535309891586,0.286898427,1.338440404,317.703755025,2024.0,12.0,9.0,13.0,42.0,55.73308
40.01542996695355,-83.03250377638675,2.1479,-2.0312,-0.61596481627944,0.5336899406725,0.10630891437164,0.209680898,1.299705911,317.699755081,2024.0,12.0,9.0,13.0,42.0,55.798734
40.01543001027502,-83.03250585794991,2.1445,-2.033,-0.05299329364688,-0.06562397024768,-0.049003782899,0.155924856,1.251768207,317.70716581,2024.0,12.0,9.0,13.0,42.0,55.864243
40.015430053216576,-83.03250793498655,2.1364,-2.0258,-0.0465833146328,-0.3588286631667,0.06588240966506,0.105101337,1.229061972,317.712414669,2024.0,12.0,9.0,13.0,42.0,55.929765
40.015430110646165,-83.03251069839241,2.1426,-2.0199,0.45754820708134,0.1659104427744,0.06697457969876,-0.012581087,1.238867231,317.700388417,2024.0,12.0,9.0,13.0,42.0,56.000919
40.015430162355756,-83.03251277419199,2.1621,-2.0123,0.70185335192046,0.41419457827764006,0.18200502474786,-0.072476815,1.230560409,317.690760025,2024.0,12.0,9.0,13.0,42.0,56.066719
40.01543017230281,-83.0325131208918,2.1672,-2.0098,0.8177800129986,0.42794736510304,0.03058440361714,-0.076298421,1.225719984,317.690421686,2024.0,12.0,9.0,13.0,42.0,56.132905
40.01543021351281,-83.03251450925069,2.1768,-2.0065,0.5869863453840201,0.25684066917160003,0.00977263918796,-0.070292891,1.195115316,317.689419927,2024.0,12.0,9.0,13.0,42.0,56.198757
40.01543032086645,-83.03251762779873,2.187,-1.9764,0.7464971744374999,-0.31289657228282,0.0009167510372,-0.006207548,1.152305287,317.683314566,2024.0,12.0,9.0,13.0,42.0,56.264485
40.01543045928421,-83.03252177070486,2.1618,-1.9961,-0.4390129427395,0.09912736568026,0.04951950883144,0.025980876,1.167090227,317.664724394,2024.0,12.0,9.0,13.0,42.0,56.329457
40.01543052964493,-83.03252418813602,2.1582,-2.0002,-0.18708163705458,0.03596386660998,-0.14056305650322,0.024391838,1.171246507,317.657943342,2024.0,12.0,9.0,13.0,42.0,56.395202
40.015430602734625,-83.03252660205935,2.1605,-1.986,0.2281472620248,-0.20703748873902003,-0.14644963090718,0.055122009,1.18763218,317.642085743,2024.0,12.0,9.0,13.0,42.0,56.461282
40.01543066530857,-83.03252866803116,2.1522,-1.9926,-0.45559340122604,-0.0499018876368,-0.02242639170058,0.071840764,1.207545892,317.630538498,2024.0,12.0,9.0,13.0,42.0,56.526392
40.015430745047816,-83.0325310809353,2.1739,-1.9731,0.7873062803895399,-0.14044942665764,0.19425961551482,0.099103885,1.160548745,317.635871084,2024.0,12.0,9.0,13.0,42.0,56.593808
40.01543082293176,-83.03253347460199,2.1255,-1.9646,-0.7074535065253,-1.17245080739814,0.06799676423388,0.151465111,1.104525987,317.652432494,2024.0,12.0,9.0,13.0,42.0,56.660169
40.01543087657926,-83.03253550298183,2.0923,-1.964,-0.71166011960364,-0.6625545868154,-0.38340985902116,0.126479902,1.118721242,317.658168913,2024.0,12.0,9.0,13.0,42.0,56.725959
40.01543091730192,-83.03253752548827,2.0715,-1.9883,-1.27640982493352,0.02905501412368,-0.2912156466242,0.040028624,1.118718695,317.665195463,2024.0,12.0,9.0,13.0,42.0,56.787673
40.015430954369336,-83.03253987840483,2.0593,-1.9667,0.37090336829318,-0.88932874140132,0.21445621346848,-0.10999389,1.060227208,317.663527941,2024.0,12.0,9.0,13.0,42.0,56.852972
40.01543100225019,-83.0325421988846,2.0409,-1.9209,0.45198643400156,-1.17517820187392,0.48901421765972,-0.145514655,1.050579251,317.67030465,2024.0,12.0,9.0,13.0,42.0,56.919933
40.01543105107518,-83.03254416394661,2.0354,-1.8873,0.50710065084006,-0.4577781791508,-0.00556518271378,-0.16544297,1.077123102,317.701621061,2024.0,12.0,9.0,13.0,42.0,56.987574
40.015431130870006,-83.03254643448373,2.0511,-1.8359,1.43164327307338,-0.65636038990636,0.29006897753608,-0.133673034,1.121013354,317.734116881,2024.0,12.0,9.0,13.0,42.0,57.053567
40.015431158539165,-83.03254707984044,2.0546,-1.8255,1.20279870093946,-0.53044877100002,0.1374811622743,-0.102638012,1.130828258,317.739388111,2024.0,12.0,9.0,13.0,42.0,57.120078
40.0154312999944,-83.0325499705374,2.0548,-1.8008,-0.02054229119526,-0.3172605984431,-0.03454567539246,0.091147968,1.131567195,317.752063124,2024.0,12.0,9.0,13.0,42.0,57.186596
40.01543140327025,-83.03255220448793,2.0174,-1.814,-1.05826414063096,-0.52991640267556,-0.15551360186396,0.197566602,1.101574803,317.777847487,2024.0,12.0,9.0,13.0,42.0,57.251999
40.01543151294504,-83.03255505251533,1.979,-1.8179,-0.70692713054896,-0.44996336290596,-0.24104097577936,0.245711355,1.062086621,317.828534778,2024.0,12.0,9.0,13.0,42.0,57.321357
40.015431574096354,-83.03255693703858,1.9556,-1.8118,-0.01593154222032,-0.71205855744222,0.17101464206834,0.252405158,1.023475556,317.847096394,2024.0,12.0,9.0,13.0,42.0,57.388156
40.01543163846361,-83.03255912063861,1.9338,-1.8134,-0.56522785205002,-0.4052045118251,-0.20110802616094,0.208245127,0.984924597,317.845795946,2024.0,12.0,9.0,13.0,42.0,57.454247
40.015431693647535,-83.03256129311065,1.9251,-1.8,0.47661200466994,-0.53040918364508,-0.45110526138566,0.100617444,0.933870234,317.858827123,2024.0,12.0,9.0,13.0,42.0,57.521502
40.01543174294833,-83.03256283218224,1.9231,-1.7685,0.57630810845752,-0.87084128019816,-0.201519416487,0.071222512,0.9161986700000002,317.868034427,2024.0,12.0,9.0,13.0,42.0,57.587638
40.01543183022228,-83.03256526800594,1.9106,-1.7383,0.40483255288332,-0.57480619544782,0.25027817844806,0.109124759,0.9101418590000001,317.91370776,2024.0,12.0,9.0,13.0,42.0,57.65554
40.015431911036316,-83.03256738337699,1.9023,-1.7304,-0.09996840494832,-0.23613671828046,-0.26182355889614,0.127910203,0.958499705,317.940978961,2024.0,12.0,9.0,13.0,42.0,57.722643
40.01543198530421,-83.03256949021483,1.8819,-1.7378,-0.5537673317898001,-0.22787839744396,-0.24725947988136,0.07478904599999998,1.033092384,317.955856408,2024.0,12.0,9.0,13.0,42.0,57.79166
40.015432042861214,-83.03257129101877,1.8756,-1.7361,-0.09000096828103998,-0.15397151075422,0.35231382349886,0.038916755,1.086513511,317.977516894,2024.0,12.0,9.0,13.0,42.0,57.85732
40.01543210833713,-83.03257339160953,1.8776,-1.7358,0.17334279482842,-0.01040877640248,0.4468195602691,0.013404723,1.112707782,318.000652242,2024.0,12.0,9.0,13.0,42.0,57.919836
40.0154321726172,-83.0325751938096,1.8983,-1.719,0.9231184926242,0.0303709203187,0.24337371340624,0.005861664,1.11381136,317.994696723,2024.0,12.0,9.0,13.0,42.0,57.986238
40.015432269420124,-83.03257729871842,1.9266,-1.6987,0.7009307420904599,0.2097085484809,0.31933180984628,0.089326026,1.094748682,317.984373555,2024.0,12.0,9.0,13.0,42.0,58.052883
40.01543229997288,-83.03257790101561,1.9326,-1.6959,0.65590465951168,0.22782287434054,-0.0479969584631,0.117739091,1.088305699,317.986301209,2024.0,12.0,9.0,13.0,42.0,58.119382
40.01543246342811,-83.03258092132802,1.9513,-1.6925,0.09686259566470001,0.15735607030319995,-0.4349818880517,0.311869224,0.979434622,318.023173669,2024.0,12.0,9.0,13.0,42.0,58.185911
40.01543256497983,-83.03258304038519,1.9154,-1.7143,-1.23614928270636,-0.29775867229984,-0.4481440946621,0.393053808,0.910455023,318.054768494,2024.0,12.0,9.0,13.0,42.0,58.253249
40.015432664949785,-83.03258544334521,1.9009,-1.6927,0.3755430188518,-0.45371435109542,-0.09566822826104,0.422194342,0.922509749,318.04702895,2024.0,12.0,9.0,13.0,42.0,58.320135
40.015432734590775,-83.0325872415,1.8879,-1.7173,-0.83476520296758,0.20135369984418,-0.32548863967172004,0.46617784,0.975095878,318.036098284,2024.0,12.0,9.0,13.0,42.0,58.38685
40.015432794223045,-83.03258935020091,1.8732,-1.7562,-0.90189761287886,0.3381385652627,-0.13798427273828,0.412506633,1.016857501,318.060445709,2024.0,12.0,9.0,13.0,42.0,58.452342
40.015432844919935,-83.03259146229624,1.8739,-1.7495,0.20530475109988,-0.04903829463802001,-0.0840773388862,0.320822225,1.080711805,318.089824243,2024.0,12.0,9.0,13.0,42.0,58.522462
40.01543289177532,-83.03259327157063,1.876,-1.751,-0.06062077382892,0.13663288261272,-0.07162710437052,0.264332529,1.164648105,318.095132974,2024.0,12.0,9.0,13.0,42.0,58.589389
40.01543293834837,-83.03259539137711,1.8793,-1.7741,-0.13894985000506,0.59490167931376,0.42957663753596,0.137652376,1.248938669,318.095282902,2024.0,12.0,9.0,13.0,42.0,58.656388
40.01543298704753,-83.03259752716839,1.8992,-1.7791,0.20109507507222,0.45556432079935993,0.34626402868302003,0.019885064,1.274561666,318.09223919,2024.0,12.0,9.0,13.0,42.0,58.723256
40.01543304934323,-83.0325996755084,1.9324,-1.7673,0.8953820563739,0.51011619286476,0.43931211269382,-0.024110009,1.267996761,318.09290056,2024.0,12.0,9.0,13.0,42.0,58.79044
40.01543311227172,-83.03260152262688,1.942,-1.7617,0.53227732713984,0.18236527980182,0.29844193378126,-0.019721125,1.24336212,318.098538962,2024.0,12.0,9.0,13.0,42.0,58.857788
40.01543319698505,-83.03260368123058,1.9586,-1.7534,0.39349245350894,0.26763107189214,0.05533598046818,0.007528939999999999,1.204368308,318.10935181,2024.0,12.0,9.0,13.0,42.0,58.924668
40.015433287381704,-83.03260584325275,1.961,-1.7529,0.08021607540755998,0.03365733880864,-0.29794659651554,0.04929511,1.155297138,318.127904697,2024.0,12.0,9.0,13.0,42.0,58.992396
40.01543336969841,-83.03260769683499,1.974,-1.7425,0.66434226611404,0.14373256165986,-0.37560040145242,0.101849964,1.128633278,318.133350162,2024.0,12.0,9.0,13.0,42.0,59.058225
40.0154334138405,-83.03260862510368,1.9811,-1.7407,0.49260685078802,0.22509532733312,-0.6991157180861001,0.154583337,1.111276607,318.130238188,2024.0,12.0,9.0,13.0,42.0,59.12414
40.01543355716006,-83.0326114231998,2.0118,-1.7451,0.37948493660908,0.65442308227924,-0.77873288472918,0.33110689,1.07048424,318.121253374,2024.0,12.0,9.0,13.0,42.0,59.189679
40.01543370450668,-83.03261392782967,2.0326,-1.7299,0.29052448046566,-0.33964143151334,-0.52983114197636,0.563290239,1.003697065,318.134971822,2024.0,12.0,9.0,13.0,42.0,59.252069
40.01543381428976,-83.032616107231,1.9675,-1.7729,-2.36124664690468,-0.35629756016378,0.39373312091794,0.66122139,0.981304216,318.151691803,2024.0,12.0,9.0,13.0,42.0,59.319626
40.0154338658041,-83.03261797259519,1.914,-1.8338,-2.77819675693714,0.1300368260822,0.35918636112188,0.535568631,0.950393448,318.155485029,2024.0,12.0,9.0,13.0,42.0,59.386617
40.01543388984307,-83.03262015546845,1.8891,-1.8641,-1.13716773054462,-0.13354330207744,0.36010244704676003,0.284240289,0.8513455709999999,318.14556026,2024.0,12.0,9.0,13.0,42.0,59.453432
40.01543389179441,-83.0326223368244,1.868,-1.8645,0.15183827967388,-0.89984918375644,0.39207729452834,0.0321239,0.709501857,318.146196615,2024.0,12.0,9.0,13.0,42.0,59.520027
40.015433903245516,-83.03262387414875,1.8689,-1.8049,1.6794928949371,-1.52210843921668,0.41365892429164,-0.092376157,0.629566648,318.134818125,2024.0,12.0,9.0,13.0,42.0,59.586099
40.01543395888625,-83.03262629037708,1.8769,-1.7198,1.6794192645511,-1.24495440417862,0.30812224715704,-0.180040539,0.606796343,318.152552254,2024.0,12.0,9.0,13.0,42.0,59.654414
40.01543404640062,-83.03262837545036,1.9027,-1.6709,1.39354887882768,-0.36713410880324,0.24961956982998,-0.153846926,0.624014232,318.196244572,2024.0,12.0,9.0,13.0,42.0,59.72183
40.015434157740636,-83.03263044690118,1.9102,-1.6394,0.7735318750869599,-0.4850119599896,-0.16100786710628,-0.032887094,0.603641399,318.221917499,2024.0,12.0,9.0,13.0,42.0,59.788614
40.01543425355357,-83.03263220881509,1.8792,-1.6428,-0.80128751214878,-0.65354972285418,-0.29196735130552,0.085603486,0.584410705,318.202582473,2024.0,12.0,9.0,13.0,42.0,59.855108
40.01543434340331,-83.03263424657747,1.8296,-1.6592,-1.2977384412517798,-0.7043988671474201,-0.41891259111904,0.12026722,0.571548954,318.166400078,2024.0,12.0,9.0,13.0,42.0,59.922733
40.015434405860766,-83.03263626537455,1.7878,-1.6682,-0.9001421465537,-0.68117898765062,-0.31398423116816,0.050934916,0.571037447,318.163696341,2024.0,12.0,9.0,13.0,42.0,59.988581
40.01543445087311,-83.03263798014892,1.7735,-1.654,0.1092561568343,-0.5964824639622,-0.12737894818066,-0.006314216,0.577481395,318.184725889,2024.0,12.0,9.0,13.0,43.0,0.054926
40.01543446587346,-83.0326385489447,1.7696,-1.6501,0.08424533617589998,-0.57134677003922,-0.06987777993412,-0.012284367,0.572135821,318.19222323,2024.0,12.0,9.0,13.0,43.0,0.122425
40.01543447326513,-83.0326388327272,1.7663,-1.6484,0.0271551188799,-0.62430928766592,-0.03099771743652,-0.017848582,0.57296212,318.195413484,2024.0,12.0,9.0,13.0,43.0,0.18952
40.01543448088847,-83.03263911613332,1.7646,-1.6451,0.0577830550679,-0.6420579809728799,0.06760966966248,-0.025026466,0.575572823,318.198050642,2024.0,12.0,9.0,13.0,43.0,0.255853
40.015434527664624,-83.03264081076713,1.7605,-1.6266,0.5601820020857,-0.59288270533862,-0.29854368651662,-0.075311763,0.576193795,318.192821589,2024.0,12.0,9.0,13.0,43.0,0.323244
