4.001481644796000126e+01,-8.303112299194999935e+01,1.865999999999999881e-01,-6.850000000000000533e-02,4.007536433939999296e-03,2.087533726154040092e+00,2.918028784819999815e-03,1.807638209999999912e+00,-4.895635810000000254e-01,3.400809739489999970e+02,2.024000000000000000e+03,1.200000000000000000e+01,9.000000000000000000e+00,1.300000000000000000e+01,4.200000000000000000e+01,1.181440000000000046e+00
4.001481646509000001e+01,-8.303112300022999648e+01,1.930000000000000049e-01,-7.099999999999999367e-02,2.124748790567999868e-02,7.375464258308799259e-01,-1.375332881239999970e-03,1.809192793000000021e+00,-4.846959490000000148e-01,3.400808449749999909e+02,2.024000000000000000e+03,1.200000000000000000e+01,9.000000000000000000e+00,1.300000000000000000e+01,4.200000000000000000e+01,1.235214000000000034e+00
4.001481656071000259e+01,-8.303112304604999849e+01,2.306999999999999884e-01,-8.409999999999999420e-02,1.603932202580000271e-02,1.573595019230220160e+00,-8.180354719004000186e-02,1.814559569000000039e+00,-4.607155090000000230e-01,3.400802104819999840e+02,2.024000000000000000e+03,1.200000000000000000e+01,9.000000000000000000e+00,1.300000000000000000e+01,4.200000000000000000e+01,1.287557999999999980e+00
4.001481667457999691e+01,-8.303112310049000655e+01,2.740000000000000213e-01,-1.000999999999999945e-01,-1.383893367572000023e-02,1.828292507999119909e+00,-1.183732048018000006e-02,1.818870757000000005e+00,-4.331160549999999998e-01,3.400794705449999924e+02,2.024000000000000000e+03,1.200000000000000000e+01,9.000000000000000000e+00,1.300000000000000000e+01,4.200000000000000000e+01,1.340618000000000087e+00
4.001481680912999650e+01,-8.303112316525999859e+01,3.225999999999999979e-01,-1.197000000000000008e-01,-6.042825615696000019e-02,2.079219987010699988e+00,6.174322568610000200e-02,1.822848237999999954e+00,-4.075146720000000222e-01,3.400781906060000210e+02,2.024000000000000000e+03,1.200000000000000000e+01,9.000000000000000000e+00,1.300000000000000000e+01,4.200000000000000000e+01,1.393712999999999980e+00
4.001481700151000354e+01,-8.303112325848999831e+01,3.886999999999999900e-01,-1.453000000000000125e-01,-1.252728897423200094e-01,3.527396414663659829e+00,1.730835301771599943e-01,1.827031743000000041e+00,-3.768239809999999745e-01,3.400763989239999887e+02,2.024000000000000000e+03,1.200000000000000000e+01,9.000000000000000000e+00,1.300000000000000000e+01,4.200000000000000000e+01,1.446844999999999937e+00
4.001481718957000311e+01,-8.303112335075999795e+01,4.462999999999999745e-01,-1.685999999999999999e-01,-9.934006546076000477e-02,2.475305190357320217e+00,1.433950160637600113e-01,1.831111775000000108e+00,-3.540186900000000247e-01,3.400745572669999888e+02,2.024000000000000000e+03,1.200000000000000000e+01,9.000000000000000000e+00,1.300000000000000000e+01,4.200000000000000000e+01,1.500299999999999967e+00
4.001481740381999685e+01,-8.303112345741000411e+01,5.051999999999999824e-01,-1.937000000000000111e-01,-1.264835890716199951e-01,2.560411061630440077e+00,1.826640429230000084e-01,1.829474009999999984e+00,-3.405255699999999996e-01,3.400720645100000183e+02,2.024000000000000000e+03,1.200000000000000000e+01,9.000000000000000000e+00,1.300000000000000000e+01,4.200000000000000000e+01,1.553925000000000001e+00
4.001481769554000323e+01,-8.303112360439000383e+01,5.742000000000000437e-01,-2.235000000000000042e-01,-1.482671699573000212e-01,2.491895787583700006e+00,2.014854112325399904e-01,1.821062476000000041e+00,-3.431500510000000115e-01,3.400657905570000139e+02,2.024000000000000000e+03,1.200000000000000000e+01,9.000000000000000000e+00,1.300000000000000000e+01,4.200000000000000000e+01,1.607048999999999950e+00
4.001481796646000078e+01,-8.303112374200000545e+01,6.289000000000000146e-01,-2.454999999999999960e-01,-8.409872960424000232e-02,2.343838186208780261e+00,8.325329595178000697e-02,1.811443657999999957e+00,-3.557668339999999763e-01,3.400590806850000263e+02,2.024000000000000000e+03,1.200000000000000000e+01,9.000000000000000000e+00,1.300000000000000000e+01,4.200000000000000000e+01,1.660422999999999982e+00
4.001481826175000123e+01,-8.303112389217000100e+01,6.817999999999999616e-01,-2.676000000000000045e-01,-1.725417054891600077e-01,2.282018273611500003e+00,-2.881405623612000311e-02,1.802515740000000033e+00,-3.687642740000000030e-01,3.400485227230000191e+02,2.024000000000000000e+03,1.200000000000000000e+01,9.000000000000000000e+00,1.300000000000000000e+01,4.200000000000000000e+01,1.713170000000000082e+00
4.001481864840000213e+01,-8.303112408929999333e+01,7.493999999999999551e-01,-2.923000000000000043e-01,3.298596489404000132e-02,2.360230934649940160e+00,-1.046259870666800124e-01,1.790101125999999931e+00,-3.802188029999999941e-01,3.400280807560000085e+02,2.024000000000000000e+03,1.200000000000000000e+01,9.000000000000000000e+00,1.300000000000000000e+01,4.200000000000000000e+01,1.766108999999999929e+00
4.001481899891000182e+01,-8.303112426593000350e+01,8.071000000000000396e-01,-3.099999999999999978e-01,1.167196148181399995e-01,2.396620096290400070e+00,-1.301108562869800200e-01,1.786361019000000105e+00,-3.906390840000000253e-01,3.399990152080000030e+02,2.024000000000000000e+03,1.200000000000000000e+01,9.000000000000000000e+00,1.300000000000000000e+01,4.200000000000000000e+01,1.819328999999999974e+00
4.001481937511000098e+01,-8.303112445361000482e+01,8.635000000000000453e-01,-3.296000000000000041e-01,3.356385590448000139e-02,2.360247184595299696e+00,-9.455834233481999473e-02,1.788465240000000067e+00,-4.046556219999999926e-01,3.399607578690000196e+02,2.024000000000000000e+03,1.200000000000000000e+01,9.000000000000000000e+00,1.300000000000000000e+01,4.200000000000000000e+01,1.872278000000000109e+00
4.001481977625999775e+01,-8.303112465194000436e+01,9.156999999999999584e-01,-3.502000000000000113e-01,-3.137622541122400133e-01,3.293183586624939707e+00,1.218036764175799980e-01,1.792444748000000088e+00,-4.185592009999999918e-01,3.399184051839999938e+02,2.024000000000000000e+03,1.200000000000000000e+01,9.000000000000000000e+00,1.300000000000000000e+01,4.200000000000000000e+01,1.925113000000000074e+00
4.001482019979000171e+01,-8.303112486122999769e+01,9.650999999999999579e-01,-3.674000000000000044e-01,-9.760228420403999072e-02,2.133459319193220072e+00,-2.669073916000000088e-02,1.795564983000000003e+00,-4.147697120000000126e-01,3.398765399380000076e+02,2.024000000000000000e+03,1.200000000000000000e+01,9.000000000000000000e+00,1.300000000000000000e+01,4.200000000000000000e+01,1.978053000000000061e+00
4.001482064407999673e+01,-8.303112508472000286e+01,1.008499999999999952e+00,-3.958999999999999742e-01,-5.034659196161399564e-01,2.042280961303299947e+00,1.482606031117399970e-01,1.799851574000000065e+00,-4.051750100000000021e-01,3.398351226670000074e+02,2.024000000000000000e+03,1.200000000000000000e+01,9.000000000000000000e+00,1.300000000000000000e+01,4.200000000000000000e+01,2.031714000000000020e+00
4.001482110887000232e+01,-8.303112532858999373e+01,1.054999999999999938e+00,-4.333000000000000185e-01,-1.067517072990100013e+00,3.341983167313880010e+00,2.743090475891800106e-01,1.773933414999999902e+00,-4.011666790000000260e-01,3.397949148110000124e+02,2.024000000000000000e+03,1.200000000000000000e+01,9.000000000000000000e+00,1.300000000000000000e+01,4.200000000000000000e+01,2.084985999999999784e+00
4.001482120429999867e+01,-8.303112537972999974e+01,1.064200000000000035e+00,-4.400000000000000022e-01,-3.381036965040800091e-01,1.095737476283619838e+00,1.377549371814399959e-01,1.765435896999999921e+00,-3.992148879999999900e-01,3.397870142450000230e+02,2.024000000000000000e+03,1.200000000000000000e+01,9.000000000000000000e+00,1.300000000000000000e+01,4.200000000000000000e+01,2.137887999999999789e+00
4.001482189261999878e+01,-8.303112576137999667e+01,1.119099999999999984e+00,-4.899999999999999911e-01,-8.079351318609601096e-01,1.907954790354299934e+00,2.544095742564600471e-01,1.666462780000000032e+00,-4.009216879999999983e-01,3.397404652469999746e+02,2.024000000000000000e+03,1.200000000000000000e+01,9.000000000000000000e+00,1.300000000000000000e+01,4.200000000000000000e+01,2.191231999999999847e+00
4.001482283728000056e+01,-8.303112629839999670e+01,1.213100000000000067e+00,-5.248000000000000442e-01,7.867857459037999601e-02,3.368935185641280139e+00,2.420625575249999994e-01,1.494189897000000045e+00,-3.941737289999999727e-01,3.396841594429999986e+02,2.024000000000000000e+03,1.200000000000000000e+01,9.000000000000000000e+00,1.300000000000000000e+01,4.200000000000000000e+01,2.243936000000000153e+00
4.001482351239999957e+01,-8.303112667271000191e+01,1.279600000000000071e+00,-5.431000000000000272e-01,5.746371682582000068e-02,2.267719821073399977e+00,-6.101968475522000224e-02,1.416258514999999996e+00,-4.128294730000000023e-01,3.396383678770000074e+02,2.024000000000000000e+03,1.200000000000000000e+01,9.000000000000000000e+00,1.300000000000000000e+01,4.200000000000000000e+01,2.297184999999999810e+00
4.001482410020000202e+01,-8.303112699682000653e+01,1.326200000000000045e+00,-5.641000000000000458e-01,-2.024370434531999885e-01,2.010345890334599872e+00,-2.360679304475600260e-01,1.344058044999999924e+00,-4.274149879999999957e-01,3.395978272520000019e+02,2.024000000000000000e+03,1.200000000000000000e+01,9.000000000000000000e+00,1.300000000000000000e+01,4.200000000000000000e+01,2.350649000000000211e+00
4.001482470943999914e+01,-8.303112733249000144e+01,1.376300000000000079e+00,-5.825000000000000178e-01,-3.024678490659999872e-03,2.151951988120980097e+00,-2.910093718370400095e-01,1.254555682999999977e+00,-4.270084319999999933e-01,3.395572293779999882e+02,2.024000000000000000e+03,1.200000000000000000e+01,9.000000000000000000e+00,1.300000000000000000e+01,4.200000000000000000e+01,2.405065000000000008e+00
4.001482547260000189e+01,-8.303112774452000622e+01,1.446099999999999941e+00,-5.910999999999999588e-01,5.248264488233399527e-01,2.354270603957300256e+00,-3.260224215920000113e-01,1.175536071000000016e+00,-4.188187740000000048e-01,3.395089142990000255e+02,2.024000000000000000e+03,1.200000000000000000e+01,9.000000000000000000e+00,1.300000000000000000e+01,4.200000000000000000e+01,2.458661999999999903e+00
4.001482613614000172e+01,-8.303112809604999711e+01,1.496899999999999897e+00,-6.079999999999999849e-01,6.624232595434000059e-02,2.110856364997419909e+00,-1.837051875682799984e-01,1.141020872999999991e+00,-4.211564210000000030e-01,3.394664452380000057e+02,2.024000000000000000e+03,1.200000000000000000e+01,9.000000000000000000e+00,1.300000000000000000e+01,4.200000000000000000e+01,2.511893000000000153e+00
4.001482682224000342e+01,-8.303112845754999682e+01,1.546499999999999986e+00,-6.277000000000000357e-01,-1.146964412001200001e-01,2.138403425390160262e+00,-4.751882387694000148e-02,1.108009752999999931e+00,-4.167340440000000257e-01,3.394246924149999813e+02,2.024000000000000000e+03,1.200000000000000000e+01,9.000000000000000000e+00,1.300000000000000000e+01,4.200000000000000000e+01,2.565822999999999965e+00
4.001482767540999674e+01,-8.303112890718999495e+01,1.608999999999999986e+00,-6.520000000000000240e-01,-6.483581058236000116e-02,2.273888906204939886e+00,-4.555576721333999546e-02,1.051555264000000101e+00,-4.022053769999999751e-01,3.393651403850000179e+02,2.024000000000000000e+03,1.200000000000000000e+01,9.000000000000000000e+00,1.300000000000000000e+01,4.200000000000000000e+01,2.618761999999999812e+00
4.001482841205000085e+01,-8.303112929488999328e+01,1.659899999999999931e+00,-6.723999999999999977e-01,-9.427580741770000272e-02,2.214142026193800294e+00,-4.544048513677999973e-02,1.007006610999999996e+00,-3.900382980000000055e-01,3.393134833830000048e+02,2.024000000000000000e+03,1.200000000000000000e+01,9.000000000000000000e+00,1.300000000000000000e+01,4.200000000000000000e+01,2.672137999999999902e+00
4.001482917130999795e+01,-8.303112969357999873e+01,1.708499999999999908e+00,-6.908999999999999586e-01,-8.105737978692000023e-02,2.088446477608960183e+00,-4.957804085376000397e-02,9.712669729999999779e-01,-3.779423170000000276e-01,3.392630353609999929e+02,2.024000000000000000e+03,1.200000000000000000e+01,9.000000000000000000e+00,1.300000000000000000e+01,4.200000000000000000e+01,2.725388000000000144e+00
4.001483011036000192e+01,-8.303113018719000138e+01,1.761600000000000055e+00,-7.167000000000000037e-01,-4.958655555041999868e-02,1.934337429210980064e+00,7.224499287855999652e-02,9.370354960000000233e-01,-3.504982010000000092e-01,3.392063648270000158e+02,2.024000000000000000e+03,1.200000000000000000e+01,9.000000000000000000e+00,1.300000000000000000e+01,4.200000000000000000e+01,2.778970999999999858e+00
4.001483091582999663e+01,-8.303113061377999315e+01,1.812000000000000055e+00,-7.409999999999999920e-01,-2.842556815891799649e-01,2.203931785049459968e+00,-9.546609963712000824e-02,8.982711599999999574e-01,-3.146090209999999887e-01,3.391622393050000142e+02,2.024000000000000000e+03,1.200000000000000000e+01,9.000000000000000000e+00,1.300000000000000000e+01,4.200000000000000000e+01,2.832033000000000023e+00
4.001483174458999770e+01,-8.303113105602000132e+01,1.865599999999999925e+00,-7.675999999999999490e-01,-2.203556471711999865e-01,2.356888276713720032e+00,-1.075744976011200060e-01,8.418610210000000427e-01,-2.816340399999999744e-01,3.391132044380000252e+02,2.024000000000000000e+03,1.200000000000000000e+01,9.000000000000000000e+00,1.300000000000000000e+01,4.200000000000000000e+01,2.885343000000000213e+00
4.001483277634000046e+01,-8.303113159609999627e+01,1.947300000000000031e+00,-7.748000000000000442e-01,5.720887384600999992e-01,2.634694543719060089e+00,4.492440142232000111e-02,8.107484999999999831e-01,-2.695308539999999864e-01,3.390477081970000199e+02,2.024000000000000000e+03,1.200000000000000000e+01,9.000000000000000000e+00,1.300000000000000000e+01,4.200000000000000000e+01,2.939276000000000000e+00
4.001483366186000268e+01,-8.303113206150999304e+01,1.987200000000000077e+00,-8.072000000000000286e-01,-5.870228298212799567e-01,3.055854037069460016e+00,8.433407189856599873e-01,7.900719219999999821e-01,-2.818927980000000000e-01,3.389977807600000119e+02,2.024000000000000000e+03,1.200000000000000000e+01,9.000000000000000000e+00,1.300000000000000000e+01,4.200000000000000000e+01,2.993129999999999846e+00
4.001483474597999646e+01,-8.303113263753999718e+01,2.027800000000000047e+00,-8.242000000000000437e-01,2.841927739027800270e-01,1.506618231581740019e+00,4.445917544838200453e-01,7.315780859999999608e-01,-2.777175000000000060e-01,3.389366413789999797e+02,2.024000000000000000e+03,1.200000000000000000e+01,9.000000000000000000e+00,1.300000000000000000e+01,4.200000000000000000e+01,3.047416000000000125e+00
4.001483511331999665e+01,-8.303113283412000101e+01,2.045599999999999863e+00,-8.427000000000000046e-01,-4.182821590826399927e-01,1.914147855038840218e+00,2.721228934777000230e-01,7.121138890000000554e-01,-2.667276259999999954e-01,3.389168933789999869e+02,2.024000000000000000e+03,1.200000000000000000e+01,9.000000000000000000e+00,1.300000000000000000e+01,4.200000000000000000e+01,3.101325000000000109e+00
4.001483623195999684e+01,-8.303113344039999788e+01,2.091000000000000192e+00,-8.810999999999999943e-01,-7.444373437393199122e-01,1.837264258124539973e+00,3.092358651881400022e-01,6.364798200000000294e-01,-2.468075150000000051e-01,3.388583685410000044e+02,2.024000000000000000e+03,1.200000000000000000e+01,9.000000000000000000e+00,1.300000000000000000e+01,4.200000000000000000e+01,3.155421000000000031e+00
4.001483776996000330e+01,-8.303113424065999482e+01,2.178500000000000103e+00,-8.309999999999999609e-01,2.139199322042840024e+00,1.733457378578619812e+00,-2.332126952315400070e-01,6.399523630000000241e-01,-1.552509240000000124e-01,3.387579607580000243e+02,2.024000000000000000e+03,1.200000000000000000e+01,9.000000000000000000e+00,1.300000000000000000e+01,4.200000000000000000e+01,3.209529999999999994e+00
4.001483856112999860e+01,-8.303113463363000335e+01,2.219300000000000050e+00,-8.299999999999999600e-01,1.176743580903919950e+00,1.916223714658920052e+00,-2.353444756530800042e-01,7.027520510000000442e-01,-9.503628699999999707e-02,3.386913487909999958e+02,2.024000000000000000e+03,1.200000000000000000e+01,9.000000000000000000e+00,1.300000000000000000e+01,4.200000000000000000e+01,3.263841999999999910e+00
4.001483997489999922e+01,-8.303113533257000256e+01,2.269499999999999851e+00,-8.611999999999999655e-01,-2.061909376422000131e-02,8.352179998017400520e-01,7.247624183539999598e-02,7.758914270000000224e-01,2.438475400000000154e-02,3.385993052860000034e+02,2.024000000000000000e+03,1.200000000000000000e+01,9.000000000000000000e+00,1.300000000000000000e+01,4.200000000000000000e+01,3.317180000000000017e+00
4.001484100183999715e+01,-8.303113585274999764e+01,2.297699999999999854e+00,-8.969000000000000306e-01,-4.391287639119400565e-01,1.620610802770140024e+00,2.687337956063199917e-01,8.208199050000000163e-01,1.218733889999999986e-01,3.385686539029999835e+02,2.024000000000000000e+03,1.200000000000000000e+01,9.000000000000000000e+00,1.300000000000000000e+01,4.200000000000000000e+01,3.370852000000000182e+00
4.001484204212999884e+01,-8.303113639158000581e+01,2.327199999999999935e+00,-9.320000000000000506e-01,-6.614784248063000360e-01,1.678978610029379759e+00,2.576147358798199782e-01,8.646256479999999689e-01,2.330415220000000009e-01,3.385514933900000187e+02,2.024000000000000000e+03,1.200000000000000000e+01,9.000000000000000000e+00,1.300000000000000000e+01,4.200000000000000000e+01,3.425082000000000182e+00
4.001484309717000087e+01,-8.303113695458999644e+01,2.358200000000000074e+00,-9.781999999999999584e-01,-1.093102403183240146e+00,1.770506526309340023e+00,7.038283246073600008e-01,8.634946690000000480e-01,3.303514029999999879e-01,3.385152178110000136e+02,2.024000000000000000e+03,1.200000000000000000e+01,9.000000000000000000e+00,1.300000000000000000e+01,4.200000000000000000e+01,3.478886999999999841e+00
4.001484438103999963e+01,-8.303113765739000485e+01,2.393299999999999983e+00,-1.019600000000000062e+00,-1.027498634435580094e+00,1.607161742444660035e+00,9.576137550562400236e-01,8.247831049999999609e-01,4.216051769999999976e-01,3.384609466210000051e+02,2.024000000000000000e+03,1.200000000000000000e+01,9.000000000000000000e+00,1.300000000000000000e+01,4.200000000000000000e+01,3.531702000000000119e+00
4.001484546865000169e+01,-8.303113826914000128e+01,2.432599999999999874e+00,-1.061399999999999899e+00,-9.687947222880198828e-01,1.886863275472739909e+00,3.214871688686800066e-01,7.445435209999999859e-01,4.743265389999999915e-01,3.384145567979999782e+02,2.024000000000000000e+03,1.200000000000000000e+01,9.000000000000000000e+00,1.300000000000000000e+01,4.200000000000000000e+01,3.586545000000000094e+00
4.001484679389999854e+01,-8.303113903470999446e+01,2.471099999999999852e+00,-1.108600000000000030e+00,-8.930864839655999754e-01,1.702687829343239923e+00,2.424176401502000089e-01,5.649887719999999725e-01,5.084300010000000203e-01,3.383581393410000260e+02,2.024000000000000000e+03,1.200000000000000000e+01,9.000000000000000000e+00,1.300000000000000000e+01,4.200000000000000000e+01,3.640922000000000214e+00
4.001484791410999975e+01,-8.303113968853999438e+01,2.503000000000000114e+00,-1.124200000000000088e+00,-2.803395000213400046e-01,1.422862000173319874e+00,-4.259885308857800368e-01,4.039383509999999733e-01,5.331466540000000531e-01,3.383169114959999888e+02,2.024000000000000000e+03,1.200000000000000000e+01,9.000000000000000000e+00,1.300000000000000000e+01,4.200000000000000000e+01,3.694967999999999808e+00
4.001484927605999786e+01,-8.303114048249000234e+01,2.538899999999999935e+00,-1.129199999999999982e+00,4.258957229767200148e-01,1.164119387799519956e+00,-4.924862034990000192e-01,2.482845579999999885e-01,5.784248739999999778e-01,3.382767508989999783e+02,2.024000000000000000e+03,1.200000000000000000e+01,9.000000000000000000e+00,1.300000000000000000e+01,4.200000000000000000e+01,3.749192999999999998e+00
4.001485042598999797e+01,-8.303114114649000044e+01,2.569599999999999884e+00,-1.133699999999999930e+00,2.993552603138199819e-01,1.226657435428400111e+00,-8.020487595044198947e-01,1.535689630000000028e-01,6.396406519999999762e-01,3.382479688139999894e+02,2.024000000000000000e+03,1.200000000000000000e+01,9.000000000000000000e+00,1.300000000000000000e+01,4.200000000000000000e+01,3.802878999999999898e+00
4.001485182585999922e+01,-8.303114194802999748e+01,2.614100000000000090e+00,-1.137599999999999945e+00,4.103988199635599798e-01,1.372550176098620067e+00,-5.116014858571800161e-01,3.951026600000000222e-02,7.198172689999999818e-01,3.382143817150000018e+02,2.024000000000000000e+03,1.200000000000000000e+01,9.000000000000000000e+00,1.300000000000000000e+01,4.200000000000000000e+01,3.856345999999999830e+00
4.001485301158000141e+01,-8.303114261737999868e+01,2.654100000000000126e+00,-1.142099999999999893e+00,5.127197460854600042e-01,1.592205480559919950e+00,1.612021711139999952e-02,-3.206237599999999660e-02,7.793994050000000451e-01,3.381866662630000064e+02,2.024000000000000000e+03,1.200000000000000000e+01,9.000000000000000000e+00,1.300000000000000000e+01,4.200000000000000000e+01,3.910795999999999939e+00
4.001485421433999790e+01,-8.303114329212999678e+01,2.689599999999999991e+00,-1.153000000000000025e+00,2.565867597707000014e-01,1.466689436303800109e+00,-2.428595882455399924e-01,-9.318776500000000573e-02,8.346462359999999858e-01,3.381600109710000197e+02,2.024000000000000000e+03,1.200000000000000000e+01,9.000000000000000000e+00,1.300000000000000000e+01,4.200000000000000000e+01,3.965205999999999786e+00
4.001485567929999831e+01,-8.303114410583999927e+01,2.728699999999999903e+00,-1.161599999999999966e+00,2.089354768707999896e-02,1.202659028625379989e+00,1.018633678491000089e-01,-1.447496169999999971e-01,9.007112980000000491e-01,3.381207579979999878e+02,2.024000000000000000e+03,1.200000000000000000e+01,9.000000000000000000e+00,1.300000000000000000e+01,4.200000000000000000e+01,4.019109000000000265e+00
4.001485691698000124e+01,-8.303114479225000366e+01,2.764899999999999913e+00,-1.179400000000000004e+00,-2.435215810014599858e-01,1.479986373388979981e+00,5.005443650102799902e-01,-1.685557480000000052e-01,9.433341020000000077e-01,3.380927290949999815e+02,2.024000000000000000e+03,1.200000000000000000e+01,9.000000000000000000e+00,1.300000000000000000e+01,4.200000000000000000e+01,4.073019999999999641e+00
4.001485716663000147e+01,-8.303114493153999831e+01,2.774300000000000210e+00,-1.187200000000000033e+00,-5.016392577850199430e-01,2.603941829123900042e+00,2.585317096845199947e-01,-1.735905169999999997e-01,9.478263529999999548e-01,3.380875111419999826e+02,2.024000000000000000e+03,1.200000000000000000e+01,9.000000000000000000e+00,1.300000000000000000e+01,4.200000000000000000e+01,4.126623999999999626e+00
4.001485842177000052e+01,-8.303114564141999665e+01,2.800899999999999945e+00,-1.227600000000000025e+00,-9.758664868005199056e-01,1.550042500791960043e+00,5.725714108049199114e-01,-2.336709550000000135e-01,9.452018650000000299e-01,3.380729491239999902e+02,2.024000000000000000e+03,1.200000000000000000e+01,9.000000000000000000e+00,1.300000000000000000e+01,4.200000000000000000e+01,4.180711999999999762e+00
4.001486097792999885e+01,-8.303114705222000680e+01,2.867799999999999905e+00,-1.186600000000000099e+00,9.416546371257999981e-01,8.444634168688600617e-01,4.710662267463400221e-01,-2.910902189999999834e-01,8.741588219999999465e-01,3.379634725270000217e+02,2.024000000000000000e+03,1.200000000000000000e+01,9.000000000000000000e+00,1.300000000000000000e+01,4.200000000000000000e+01,4.235072999999999865e+00
4.001486253499000156e+01,-8.303114788796000312e+01,2.895900000000000141e+00,-1.189400000000000013e+00,3.090596281880199636e-01,8.555345683492600051e-01,6.662289894164999948e-01,-2.459290929999999875e-01,8.248036309999999816e-01,3.378911160139999765e+02,2.024000000000000000e+03,1.200000000000000000e+01,9.000000000000000000e+00,1.300000000000000000e+01,4.200000000000000000e+01,4.289512000000000214e+00
4.001486384599999724e+01,-8.303114858937999543e+01,2.926099999999999923e+00,-1.201799999999999979e+00,5.729489646291999888e-02,1.235508190069720014e+00,5.411739347824400248e-01,-2.075142500000000112e-01,7.579305130000000279e-01,3.378493895839999936e+02,2.024000000000000000e+03,1.200000000000000000e+01,9.000000000000000000e+00,1.300000000000000000e+01,4.200000000000000000e+01,4.343833000000000055e+00
4.001486543280999797e+01,-8.303114944543000320e+01,2.950000000000000178e+00,-1.228099999999999969e+00,-1.302631645842000085e-01,5.103554006255800468e-01,8.792666991891999462e-02,-1.782996320000000134e-01,6.484669600000000367e-01,3.378208502360000125e+02,2.024000000000000000e+03,1.200000000000000000e+01,9.000000000000000000e+00,1.300000000000000000e+01,4.200000000000000000e+01,4.398943000000000048e+00
4.001486676492000072e+01,-8.303115016886999911e+01,2.967999999999999972e+00,-1.239000000000000101e+00,-2.857886467599999800e-02,7.882053312651601251e-01,5.948581603560000597e-02,-1.498452060000000086e-01,5.403142469999999697e-01,3.377974382670000182e+02,2.024000000000000000e+03,1.200000000000000000e+01,9.000000000000000000e+00,1.300000000000000000e+01,4.200000000000000000e+01,4.453663999999999845e+00
4.001486836814000014e+01,-8.303115104651999445e+01,2.970899999999999874e+00,-1.252000000000000002e+00,-1.123063957980800082e-01,2.579512026135200031e-01,-2.952644608536399984e-01,-1.300970499999999919e-01,4.310014460000000103e-01,3.377480417070000271e+02,2.024000000000000000e+03,1.200000000000000000e+01,9.000000000000000000e+00,1.300000000000000000e+01,4.200000000000000000e+01,4.509306999999999732e+00
4.001486970626000073e+01,-8.303115178455000489e+01,2.975299999999999834e+00,-1.263700000000000045e+00,-1.869802940502799937e-01,3.244367916646200278e-01,-3.386304528082400012e-01,-1.268978709999999954e-01,3.700758710000000007e-01,3.376916127999999730e+02,2.024000000000000000e+03,1.200000000000000000e+01,9.000000000000000000e+00,1.300000000000000000e+01,4.200000000000000000e+01,4.563087999999999589e+00
4.001487131283000309e+01,-8.303115268135999827e+01,2.976100000000000190e+00,-1.286100000000000021e+00,-5.895578550469400270e-01,4.108088086545200190e-01,-3.065584196080000101e-01,-1.400388820000000034e-01,3.355436430000000025e-01,3.376303902540000195e+02,2.024000000000000000e+03,1.200000000000000000e+01,9.000000000000000000e+00,1.300000000000000000e+01,4.200000000000000000e+01,4.618216999999999572e+00
4.001487265784000158e+01,-8.303115344056999447e+01,2.998000000000000220e+00,-1.304200000000000026e+00,-2.671046842712799796e-01,1.035432792312960038e+00,-5.233085511565599424e-01,-1.708545019999999914e-01,3.173886579999999902e-01,3.375844767890000071e+02,2.024000000000000000e+03,1.200000000000000000e+01,9.000000000000000000e+00,1.300000000000000000e+01,4.200000000000000000e+01,4.673943000000000403e+00
4.001487429661000306e+01,-8.303115436278000061e+01,3.069500000000000117e+00,-1.318400000000000016e+00,5.451237051610400286e-01,2.473037973171400061e+00,-1.020305516439680149e+00,-1.827190969999999970e-01,2.533992660000000119e-01,3.375330651709999756e+02,2.024000000000000000e+03,1.200000000000000000e+01,9.000000000000000000e+00,1.300000000000000000e+01,4.200000000000000000e+01,4.728638000000000119e+00
4.001487567560000258e+01,-8.303115512972000545e+01,3.061500000000000110e+00,-1.312300000000000022e+00,-2.595940275487599869e-01,-1.457767786264600185e-01,-1.164413679710200045e-01,-1.383638759999999968e-01,1.316372530000000096e-01,3.374876976840000111e+02,2.024000000000000000e+03,1.200000000000000000e+01,9.000000000000000000e+00,1.300000000000000000e+01,4.200000000000000000e+01,4.782602999999999938e+00
4.001487704912000254e+01,-8.303115589690999343e+01,3.041999999999999815e+00,-1.310599999999999987e+00,-3.506356986787400043e-01,-6.533789346453799940e-01,-4.789232896107399884e-01,-1.240558789999999939e-01,1.091509310000000066e-01,3.374307319299999790e+02,2.024000000000000000e+03,1.200000000000000000e+01,9.000000000000000000e+00,1.300000000000000000e+01,4.200000000000000000e+01,4.837269000000000041e+00
4.001487869246000173e+01,-8.303115682035999612e+01,3.040599999999999969e+00,-1.317099999999999937e+00,-2.216614576361999878e-01,3.417209977680000371e-02,-1.741323131963999904e-01,-1.317777300000000096e-01,1.602906359999999863e-01,3.373494712429999822e+02,2.024000000000000000e+03,1.200000000000000000e+01,9.000000000000000000e+00,1.300000000000000000e+01,4.200000000000000000e+01,4.891987000000000307e+00
4.001488033769999930e+01,-8.303115775067000470e+01,3.057799999999999851e+00,-1.328400000000000025e+00,1.537462059539999870e-02,9.559063554885600666e-01,3.367674114313999600e-02,-1.583706350000000096e-01,2.477537150000000132e-01,3.372454126449999876e+02,2.024000000000000000e+03,1.200000000000000000e+01,9.000000000000000000e+00,1.300000000000000000e+01,4.200000000000000000e+01,4.947148000000000323e+00
4.001488172210000016e+01,-8.303115853133999735e+01,3.088900000000000201e+00,-1.340200000000000058e+00,-5.139784990862000108e-02,1.295062739198240109e+00,5.426834084009199977e-01,-1.201011540000000016e-01,2.666890009999999811e-01,3.371616967240000236e+02,2.024000000000000000e+03,1.200000000000000000e+01,9.000000000000000000e+00,1.300000000000000000e+01,4.200000000000000000e+01,5.002415000000000056e+00
4.001488311675999654e+01,-8.303115932014999601e+01,3.105199999999999960e+00,-1.358400000000000052e+00,-5.680509800881399229e-01,9.015617329858999218e-01,-6.836700866658000642e-02,-6.687666800000000022e-02,2.688629779999999747e-01,3.370875415099999941e+02,2.024000000000000000e+03,1.200000000000000000e+01,9.000000000000000000e+00,1.300000000000000000e+01,4.200000000000000000e+01,5.056418999999999997e+00
4.001488367547000280e+01,-8.303115964072999589e+01,3.104999999999999982e+00,-1.373899999999999899e+00,-1.064759905508180005e+00,7.393928754551399862e-01,7.995077612879800677e-01,-5.681002899999999800e-02,2.667611069999999973e-01,3.370584998030000179e+02,2.024000000000000000e+03,1.200000000000000000e+01,9.000000000000000000e+00,1.300000000000000000e+01,4.200000000000000000e+01,5.112212999999999674e+00
4.001488535707999716e+01,-8.303116061014999616e+01,3.120999999999999996e+00,-1.380800000000000027e+00,2.018962921642799835e-01,5.415246524796799577e-01,7.886208900163999003e-02,-6.566507100000000541e-02,2.537600979999999895e-01,3.369597424699999806e+02,2.024000000000000000e+03,1.200000000000000000e+01,9.000000000000000000e+00,1.300000000000000000e+01,4.200000000000000000e+01,5.167462000000000444e+00
4.001488789722999684e+01,-8.303116207524000458e+01,3.141799999999999926e+00,-1.402600000000000069e+00,-5.401692112329800066e-01,5.174596825933799327e-01,4.034867371151800164e-01,-4.696485499999999980e-02,2.353247139999999904e-01,3.367803056390000052e+02,2.024000000000000000e+03,1.200000000000000000e+01,9.000000000000000000e+00,1.300000000000000000e+01,4.200000000000000000e+01,5.223982999999999599e+00
4.001488931074000277e+01,-8.303116290234000019e+01,3.133000000000000007e+00,-1.421200000000000019e+00,-7.106071218193000805e-01,4.785171049386000020e-02,2.129084141227600147e-01,-6.392253400000000307e-02,1.907374099999999961e-01,3.366767904820000012e+02,2.024000000000000000e+03,1.200000000000000000e+01,9.000000000000000000e+00,1.300000000000000000e+01,4.200000000000000000e+01,5.277811999999999948e+00
4.001489100186999792e+01,-8.303116390204999675e+01,3.121100000000000207e+00,-1.424400000000000110e+00,-8.312087829233999470e-02,-1.545824762299199961e-01,-9.098673114588000377e-02,-1.003443720000000011e-01,1.379084829999999984e-01,3.365455062209999824e+02,2.024000000000000000e+03,1.200000000000000000e+01,9.000000000000000000e+00,1.300000000000000000e+01,4.200000000000000000e+01,5.332323999999999842e+00
4.001489240544000126e+01,-8.303116473548999465e+01,3.108299999999999841e+00,-1.421399999999999997e+00,-2.688443726147999799e-02,-4.666664758865800011e-01,1.519968151287000024e-01,-1.069006200000000018e-01,1.030314239999999965e-01,3.364350424969999835e+02,2.024000000000000000e+03,1.200000000000000000e+01,9.000000000000000000e+00,1.300000000000000000e+01,4.200000000000000000e+01,5.386074999999999946e+00
4.001489408042999685e+01,-8.303116573226999719e+01,3.087099999999999955e+00,-1.415200000000000014e+00,-9.936623334900000423e-03,-6.898295739576799646e-01,-3.183718558719599856e-01,-9.490906400000000132e-02,7.819910600000000434e-02,3.363019546689999970e+02,2.024000000000000000e+03,1.200000000000000000e+01,9.000000000000000000e+00,1.300000000000000000e+01,4.200000000000000000e+01,5.440339999999999954e+00
4.001489546897000338e+01,-8.303116655713999705e+01,3.071800000000000086e+00,-1.402199999999999891e+00,2.464063859411799728e-01,-8.254614376961399991e-01,-7.643880432977600003e-01,-7.161594000000000293e-02,8.428735599999999384e-02,3.361847463739999853e+02,2.024000000000000000e+03,1.200000000000000000e+01,9.000000000000000000e+00,1.300000000000000000e+01,4.200000000000000000e+01,5.494835000000000136e+00
4.001489712296000079e+01,-8.303116753761000268e+01,3.040399999999999991e+00,-1.400300000000000100e+00,-8.559509680475999582e-01,-9.948288292993400228e-01,-8.921787956263400599e-01,-3.690297599999999706e-02,1.762062510000000082e-01,3.360332519319999847e+02,2.024000000000000000e+03,1.200000000000000000e+01,9.000000000000000000e+00,1.300000000000000000e+01,4.200000000000000000e+01,5.549678000000000111e+00
4.001489849795999731e+01,-8.303116836706999493e+01,3.045300000000000118e+00,-1.424800000000000066e+00,-7.478602799184199679e-01,1.225095228635999893e-02,1.984925632480200042e-01,-5.051856999999999875e-02,2.306586049999999888e-01,3.359112438340000040e+02,2.024000000000000000e+03,1.200000000000000000e+01,9.000000000000000000e+00,1.300000000000000000e+01,4.200000000000000000e+01,5.605442000000000036e+00
4.001490014598999778e+01,-8.303116936595000652e+01,3.044399999999999995e+00,-1.429499999999999993e+00,-4.493034123568400151e-01,7.909517972771999694e-02,7.737338781785799702e-01,-4.158770999999999995e-02,2.375173879999999960e-01,3.357710349870000073e+02,2.024000000000000000e+03,1.200000000000000000e+01,9.000000000000000000e+00,1.300000000000000000e+01,4.200000000000000000e+01,5.662721999999999589e+00
4.001490178843000223e+01,-8.303117037364999931e+01,3.034600000000000186e+00,-1.439699999999999980e+00,-3.243242403744399649e-01,3.969181489694000031e-02,1.238662710275759915e+00,-2.051056600000000091e-02,2.142400369999999943e-01,3.356507738779999954e+02,2.024000000000000000e+03,1.200000000000000000e+01,9.000000000000000000e+00,1.300000000000000000e+01,4.200000000000000000e+01,5.716802000000000383e+00
4.001490315451000157e+01,-8.303117121436000048e+01,3.023299999999999876e+00,-1.434900000000000064e+00,-8.680039016215999881e-02,-5.887766545088799486e-01,7.117495532977999306e-02,-6.884412000000000344e-03,1.818081749999999885e-01,3.355553929160000166e+02,2.024000000000000000e+03,1.200000000000000000e+01,9.000000000000000000e+00,1.300000000000000000e+01,4.200000000000000000e+01,5.770426999999999751e+00
4.001490451616999877e+01,-8.303117205649999732e+01,3.017399999999999860e+00,-1.437400000000000011e+00,-4.250590271747999721e-02,-2.824796406741600374e-01,2.172288003375800192e-01,-2.059236600000000084e-02,1.608384999999999954e-01,3.354525289300000281e+02,2.024000000000000000e+03,1.200000000000000000e+01,9.000000000000000000e+00,1.300000000000000000e+01,4.200000000000000000e+01,5.824360999999999677e+00
4.001490614392000111e+01,-8.303117306760999838e+01,3.003099999999999881e+00,-1.438900000000000068e+00,-2.573924269166800172e-01,-3.643389619809199731e-01,4.611791295211399855e-01,-4.947616299999999662e-02,1.082367260000000053e-01,3.353361962050000216e+02,2.024000000000000000e+03,1.200000000000000000e+01,9.000000000000000000e+00,1.300000000000000000e+01,4.200000000000000000e+01,5.880865000000000009e+00
4.001490776352999745e+01,-8.303117407899000568e+01,2.988599999999999923e+00,-1.439799999999999969e+00,1.022174658707999950e-02,-4.892814412065800145e-01,2.235360627056599825e-01,-6.093005900000000169e-02,4.699128799999999911e-02,3.352288090189999821e+02,2.024000000000000000e+03,1.200000000000000000e+01,9.000000000000000000e+00,1.300000000000000000e+01,4.200000000000000000e+01,5.936200999999999617e+00
4.001490910471000007e+01,-8.303117492292000179e+01,2.965100000000000069e+00,-1.441799999999999971e+00,-3.242558801827599702e-01,-7.777790022063399977e-01,-3.719617822082200154e-01,-6.671929599999999738e-02,-5.613209000000000080e-03,3.351379724490000171e+02,2.024000000000000000e+03,1.200000000000000000e+01,9.000000000000000000e+00,1.300000000000000000e+01,4.200000000000000000e+01,5.990857000000000099e+00
4.001491069835999781e+01,-8.303117593947999353e+01,2.931299999999999795e+00,-1.449899999999999967e+00,-6.557168929808000479e-01,-8.290247478014399762e-01,-6.241172070753999712e-01,-1.060432010000000036e-01,-3.420755999999999797e-02,3.350203707470000154e+02,2.024000000000000000e+03,1.200000000000000000e+01,9.000000000000000000e+00,1.300000000000000000e+01,4.200000000000000000e+01,6.047126999999999697e+00
4.001491122581000326e+01,-8.303117627759999664e+01,2.920300000000000118e+00,-1.444299999999999917e+00,-3.339632689028199652e-01,-1.052571075238539988e+00,-3.909442632104199733e-01,-1.193915660000000045e-01,-4.054935700000000115e-02,3.349766439979999859e+02,2.024000000000000000e+03,1.200000000000000000e+01,9.000000000000000000e+00,1.300000000000000000e+01,4.200000000000000000e+01,6.102370999999999768e+00
4.001491280391999794e+01,-8.303117727952999871e+01,2.919599999999999973e+00,-1.404700000000000060e+00,9.048044162125399303e-01,-7.042831343177800019e-01,-4.292057314443400440e-01,-1.194254790000000011e-01,-4.594803399999999871e-02,3.348500002459999791e+02,2.024000000000000000e+03,1.200000000000000000e+01,9.000000000000000000e+00,1.300000000000000000e+01,4.200000000000000000e+01,6.157047000000000381e+00
4.001491438437999903e+01,-8.303117825847999711e+01,2.911999999999999922e+00,-1.398700000000000054e+00,-6.755728981173799719e-01,-4.594981842787800308e-01,-3.738747525139000105e-01,6.401915000000000210e-03,-9.306931699999999863e-02,3.347217953339999781e+02,2.024000000000000000e+03,1.200000000000000000e+01,9.000000000000000000e+00,1.300000000000000000e+01,4.200000000000000000e+01,6.211585000000000356e+00
4.001491619459000049e+01,-8.303117943558000036e+01,2.844599999999999795e+00,-1.433300000000000018e+00,-1.194612105245860034e+00,-1.359216653164440070e+00,-1.699371791937799858e-01,-7.136995000000000144e-02,-1.568468719999999983e-01,3.345855621549999910e+02,2.024000000000000000e+03,1.200000000000000000e+01,9.000000000000000000e+00,1.300000000000000000e+01,4.200000000000000000e+01,6.265556000000000125e+00
4.001491771839000222e+01,-8.303118042715999536e+01,2.801400000000000112e+00,-1.393199999999999994e+00,5.470450600824999787e-01,-1.710477489437160159e+00,4.120940421123199804e-01,-1.180786580000000030e-01,-1.378674330000000114e-01,3.344541140449999830e+02,2.024000000000000000e+03,1.200000000000000000e+01,9.000000000000000000e+00,1.300000000000000000e+01,4.200000000000000000e+01,6.320782000000000345e+00
4.001491897596000058e+01,-8.303118123932999595e+01,2.786799999999999944e+00,-1.377199999999999980e+00,4.670662898249199890e-01,-8.152509590471599399e-01,4.570999905481999970e-01,-7.321733499999999450e-02,-8.731968299999999517e-02,3.343528793340000220e+02,2.024000000000000000e+03,1.200000000000000000e+01,9.000000000000000000e+00,1.300000000000000000e+01,4.200000000000000000e+01,6.375924999999999621e+00
4.001492022664999837e+01,-8.303118205162999743e+01,2.772299999999999986e+00,-1.387799999999999923e+00,-3.450767055683000017e-01,-3.879003296530800227e-01,5.174823347311799937e-01,-2.467534500000000131e-02,-4.211999999999999772e-02,3.342721301999999923e+02,2.024000000000000000e+03,1.200000000000000000e+01,9.000000000000000000e+00,1.300000000000000000e+01,4.200000000000000000e+01,6.431788000000000061e+00
4.001492197150999885e+01,-8.303118319675000691e+01,2.765600000000000058e+00,-1.400500000000000078e+00,-3.270320375597200457e-01,-4.355652626576000247e-02,2.715902102771000082e-01,-4.893839099999999775e-02,-4.346522000000000233e-03,3.341711073100000249e+02,2.024000000000000000e+03,1.200000000000000000e+01,9.000000000000000000e+00,1.300000000000000000e+01,4.200000000000000000e+01,6.488342000000000276e+00
4.001492321671000241e+01,-8.303118401384999459e+01,2.766000000000000014e+00,-1.391899999999999915e+00,2.520795121397200189e-01,-1.279741884103799965e-01,-3.096549585739999735e-02,-7.213034100000000060e-02,-6.783130000000000496e-04,3.341032951560000015e+02,2.024000000000000000e+03,1.200000000000000000e+01,9.000000000000000000e+00,1.300000000000000000e+01,4.200000000000000000e+01,6.545481999999999800e+00
4.001492470966000070e+01,-8.303118498415000204e+01,2.759500000000000064e+00,-1.373099999999999987e+00,3.114682552307200258e-01,-4.943312205052399766e-01,-1.471750556796599940e-01,-4.408073099999999800e-02,-7.814723000000000849e-03,3.340170144950000122e+02,2.024000000000000000e+03,1.200000000000000000e+01,9.000000000000000000e+00,1.300000000000000000e+01,4.200000000000000000e+01,6.600489999999999746e+00
4.001492594653999646e+01,-8.303118578526000704e+01,2.736800000000000122e+00,-1.366100000000000092e+00,-2.488871393288199785e-01,-8.821224672805401124e-01,-2.903777082427400069e-01,3.565205000000000110e-03,-1.923802700000000129e-02,3.339360952320000138e+02,2.024000000000000000e+03,1.200000000000000000e+01,9.000000000000000000e+00,1.300000000000000000e+01,4.200000000000000000e+01,6.654970999999999748e+00
4.001492741330000058e+01,-8.303118674230999829e+01,2.692000000000000171e+00,-1.361900000000000110e+00,-1.100790128615940056e+00,-2.096141198668359795e+00,-3.004910732975999976e-01,4.054900100000000118e-02,-4.673726200000000164e-02,3.338414185429999748e+02,2.024000000000000000e+03,1.200000000000000000e+01,9.000000000000000000e+00,1.300000000000000000e+01,4.200000000000000000e+01,6.710975000000000357e+00
4.001492861583000149e+01,-8.303118754080999508e+01,2.648899999999999810e+00,-1.365399999999999947e+00,-9.323252808688800020e-01,-1.519669668698399922e+00,-2.679618077544799748e-01,3.409889399999999765e-02,-6.360620100000000110e-02,3.337697160199999757e+02,2.024000000000000000e+03,1.200000000000000000e+01,9.000000000000000000e+00,1.300000000000000000e+01,4.200000000000000000e+01,6.766297999999999924e+00
4.001493003291999884e+01,-8.303118849524000211e+01,2.604499999999999815e+00,-1.347299999999999942e+00,1.895297491415999791e-01,-1.443217799008839952e+00,-3.489976382355999829e-01,7.263450000000000288e-03,-4.762926800000000238e-02,3.336894492199999718e+02,2.024000000000000000e+03,1.200000000000000000e+01,9.000000000000000000e+00,1.300000000000000000e+01,4.200000000000000000e+01,6.822455999999999854e+00
4.001493119810999843e+01,-8.303118928207000238e+01,2.571299999999999919e+00,-1.338899999999999979e+00,-2.399052420448599954e-01,-1.374047611117520162e+00,-1.480504354697400049e-01,1.765040899999999885e-02,-3.629783200000000210e-02,3.336113437259999728e+02,2.024000000000000000e+03,1.200000000000000000e+01,9.000000000000000000e+00,1.300000000000000000e+01,4.200000000000000000e+01,6.879374000000000322e+00
4.001493257605999787e+01,-8.303119022740000332e+01,2.530400000000000205e+00,-1.344500000000000028e+00,-5.082497609399999616e-01,-1.229752180464840139e+00,1.899059393555800057e-01,-8.915546999999999361e-03,-2.544164299999999990e-02,3.335083924699999898e+02,2.024000000000000000e+03,1.200000000000000000e+01,9.000000000000000000e+00,1.300000000000000000e+01,4.200000000000000000e+01,6.934057000000000137e+00
4.001493393220000172e+01,-8.303119116656000642e+01,2.492799999999999905e+00,-1.321199999999999930e+00,4.486548697633599980e-01,-1.513299331344480025e+00,-3.503917393347800169e-01,-6.573403299999999727e-02,-1.407754200000000018e-02,3.333944901180000215e+02,2.024000000000000000e+03,1.200000000000000000e+01,9.000000000000000000e+00,1.300000000000000000e+01,4.200000000000000000e+01,6.989455000000000418e+00
4.001493505231999848e+01,-8.303119192028999862e+01,2.479400000000000048e+00,-1.260099999999999998e+00,1.769263988242780083e+00,-1.574903556180539788e+00,-4.290878954514800170e-01,-4.842843699999999779e-02,2.842611399999999885e-02,3.332799982650000175e+02,2.024000000000000000e+03,1.200000000000000000e+01,9.000000000000000000e+00,1.300000000000000000e+01,4.200000000000000000e+01,7.045050999999999952e+00
4.001493571796000026e+01,-8.303119236492000255e+01,2.455799999999999983e+00,-1.258999999999999897e+00,1.129266174437399961e-01,-1.486033910091600019e+00,6.414625883819999319e-02,-6.370325999999999940e-03,5.267212500000000019e-02,3.332186769690000006e+02,2.024000000000000000e+03,1.200000000000000000e+01,9.000000000000000000e+00,1.300000000000000000e+01,4.200000000000000000e+01,7.100827999999999918e+00
4.001493703074999786e+01,-8.303119326710999815e+01,2.409800000000000164e+00,-1.289700000000000069e+00,-9.689727639999800024e-01,-9.731886984246599370e-01,2.676749982825999893e-02,-9.805153000000000479e-03,1.038246609999999986e-01,3.331391607819999763e+02,2.024000000000000000e+03,1.200000000000000000e+01,9.000000000000000000e+00,1.300000000000000000e+01,4.200000000000000000e+01,7.158031000000000255e+00
4.001493854678999895e+01,-8.303119430686000157e+01,2.392399999999999860e+00,-1.254099999999999993e+00,4.501096018543200294e-01,-1.046361621654239960e+00,1.129234940174659974e+00,4.356112999999999999e-03,7.392745200000000461e-02,3.330534993829999735e+02,2.024000000000000000e+03,1.200000000000000000e+01,9.000000000000000000e+00,1.300000000000000000e+01,4.200000000000000000e+01,7.214150000000000063e+00
4.001493961704999691e+01,-8.303119503653999800e+01,2.351700000000000124e+00,-1.241100000000000092e+00,-6.537293188824000456e-02,-1.591079157139760003e+00,9.586857477075599876e-01,4.324145699999999704e-02,1.860195699999999883e-02,3.329760745429999815e+02,2.024000000000000000e+03,1.200000000000000000e+01,9.000000000000000000e+00,1.300000000000000000e+01,4.200000000000000000e+01,7.269795000000000229e+00
4.001494108482999934e+01,-8.303119605083999488e+01,2.292400000000000215e+00,-1.238899999999999890e+00,-7.124399421963399925e-01,-1.556031598668280003e+00,1.802704660038400020e-01,2.078190599999999930e-02,-5.151687900000000153e-02,3.328302415420000102e+02,2.024000000000000000e+03,1.200000000000000000e+01,9.000000000000000000e+00,1.300000000000000000e+01,4.200000000000000000e+01,7.326615000000000322e+00
4.001494231435999893e+01,-8.303119691441000327e+01,2.246300000000000185e+00,-1.223400000000000043e+00,-2.019289534390000251e-01,-1.678290277583500023e+00,-1.950035511784600217e-01,-3.624110500000000262e-02,-1.219141809999999965e-01,3.327025713589999896e+02,2.024000000000000000e+03,1.200000000000000000e+01,9.000000000000000000e+00,1.300000000000000000e+01,4.200000000000000000e+01,7.382589000000000290e+00
4.001494352337999771e+01,-8.303119776597999646e+01,2.220600000000000129e+00,-1.208499999999999908e+00,2.533059415967999981e-02,-7.747541347531999856e-01,-3.747502260585799938e-01,-4.515284099999999912e-02,-1.588484540000000000e-01,3.326013029389999929e+02,2.024000000000000000e+03,1.200000000000000000e+01,9.000000000000000000e+00,1.300000000000000000e+01,4.200000000000000000e+01,7.438214999999999577e+00
4.001494452037000116e+01,-8.303119847307999635e+01,2.197299999999999809e+00,-1.210499999999999909e+00,-2.546069209636200315e-01,-3.879877888116400331e-01,-1.788858267957799952e-01,-3.425837600000000011e-02,-1.599490970000000123e-01,3.325277245340000150e+02,2.024000000000000000e+03,1.200000000000000000e+01,9.000000000000000000e+00,1.300000000000000000e+01,4.200000000000000000e+01,7.492733000000000310e+00
4.001494570578999799e+01,-8.303119932477000020e+01,2.178700000000000081e+00,-1.214299999999999935e+00,-2.863592282025200220e-01,-5.806464709651200096e-01,-2.907769489233200111e-01,-6.792522800000000416e-02,-1.450463170000000079e-01,3.324303040969999756e+02,2.024000000000000000e+03,1.200000000000000000e+01,9.000000000000000000e+00,1.300000000000000000e+01,4.200000000000000000e+01,7.547657000000000060e+00
4.001494669003000126e+01,-8.303120003197000187e+01,2.179199999999999804e+00,-1.207100000000000062e+00,2.070166639603199799e-01,-1.735641258907399953e-01,-1.493766689453400187e-01,-1.044144169999999955e-01,-1.317499759999999909e-01,3.323408910129999754e+02,2.024000000000000000e+03,1.200000000000000000e+01,9.000000000000000000e+00,1.300000000000000000e+01,4.200000000000000000e+01,7.604417999999999900e+00
4.001494787267999698e+01,-8.303120087505999436e+01,2.188400000000000123e+00,-1.199100000000000055e+00,3.464467222837999683e-01,2.270076010617799733e-01,-7.640140963222000203e-02,-1.156607060000000020e-01,-1.275800330000000093e-01,3.322257339440000123e+02,2.024000000000000000e+03,1.200000000000000000e+01,9.000000000000000000e+00,1.300000000000000000e+01,4.200000000000000000e+01,7.660139000000000031e+00
4.001494886175999710e+01,-8.303120157667000001e+01,2.193999999999999950e+00,-1.202800000000000091e+00,-5.392227997081999735e-02,2.814145696705000477e-01,-8.603163737025999735e-02,-9.932549400000000028e-02,-1.528391560000000038e-01,3.321355558870000095e+02,2.024000000000000000e+03,1.200000000000000000e+01,9.000000000000000000e+00,1.300000000000000000e+01,4.200000000000000000e+01,7.714697000000000138e+00
4.001495004801999755e+01,-8.303120242405999818e+01,2.186999999999999833e+00,-1.213799999999999990e+00,-4.394356625060599764e-01,-3.609717168754000144e-02,-1.633462106426000066e-02,-9.421962000000000392e-02,-2.122434109999999929e-01,3.320451261399999794e+02,2.024000000000000000e+03,1.200000000000000000e+01,9.000000000000000000e+00,1.300000000000000000e+01,4.200000000000000000e+01,7.770088000000000328e+00
4.001495103279999910e+01,-8.303120313179999812e+01,2.178300000000000125e+00,-1.206900000000000084e+00,1.471902908175800051e-01,-4.490663640895799502e-01,-4.798362634706000024e-02,-9.573205899999999435e-02,-2.624858789999999775e-01,3.319819137979999937e+02,2.024000000000000000e+03,1.200000000000000000e+01,9.000000000000000000e+00,1.300000000000000000e+01,4.200000000000000000e+01,7.825790999999999720e+00
4.001495201707999883e+01,-8.303120382707000147e+01,2.180600000000000094e+00,-1.182500000000000107e+00,5.903246910891000176e-01,-2.896016429880999832e-01,9.590567099537999907e-02,-5.552812399999999815e-02,-3.002009629999999873e-01,3.319064234690000035e+02,2.024000000000000000e+03,1.200000000000000000e+01,9.000000000000000000e+00,1.300000000000000000e+01,4.200000000000000000e+01,7.880168000000000283e+00
4.001495319002000173e+01,-8.303120466144000034e+01,2.146999999999999797e+00,-1.202700000000000102e+00,-1.472157091820539998e+00,-7.261243010534400577e-01,-1.945165410367399872e-01,1.100571000000000058e-03,-3.248799419999999771e-01,3.318132957020000049e+02,2.024000000000000000e+03,1.200000000000000000e+01,9.000000000000000000e+00,1.300000000000000000e+01,4.200000000000000000e+01,7.934070000000000178e+00
4.001495434321999767e+01,-8.303120551768999746e+01,2.114100000000000090e+00,-1.230900000000000105e+00,-1.072525672946079922e+00,-5.728552959417000379e-01,-2.030143866765999894e-01,-8.518677800000000466e-02,-3.137225599999999837e-01,3.317178761729999792e+02,2.024000000000000000e+03,1.200000000000000000e+01,9.000000000000000000e+00,1.300000000000000000e+01,4.200000000000000000e+01,7.989682000000000173e+00
4.001495529539000273e+01,-8.303120622842000387e+01,2.103899999999999881e+00,-1.208599999999999897e+00,2.496475905396199901e-01,-8.119635305715399154e-01,2.581181430657999987e-01,-1.481676550000000092e-01,-2.857882529999999921e-01,3.316282523730000094e+02,2.024000000000000000e+03,1.200000000000000000e+01,9.000000000000000000e+00,1.300000000000000000e+01,4.200000000000000000e+01,8.044900000000000162e+00
4.001495586525999926e+01,-8.303120665001999612e+01,2.101799999999999891e+00,-1.197500000000000009e+00,5.333409153199000219e-01,-5.613969434488800259e-01,1.123277226449200111e-01,-1.468461139999999998e-01,-2.721636049999999751e-01,3.315763414099999977e+02,2.024000000000000000e+03,1.200000000000000000e+01,9.000000000000000000e+00,1.300000000000000000e+01,4.200000000000000000e+01,8.101537000000000432e+00
4.001495681056000109e+01,-8.303120734780999612e+01,2.088600000000000012e+00,-1.191999999999999948e+00,-8.005755973729999919e-02,-5.200952195289799684e-01,2.035096562523399932e-01,-1.275140780000000029e-01,-2.256887230000000077e-01,3.314904213730000038e+02,2.024000000000000000e+03,1.200000000000000000e+01,9.000000000000000000e+00,1.300000000000000000e+01,4.200000000000000000e+01,8.157170999999999950e+00
4.001495849850000042e+01,-8.303120860398000502e+01,2.072900000000000187e+00,-1.190299999999999914e+00,4.751147805526000079e-02,-2.824123073515000248e-01,-4.357352898471399949e-01,-1.692905929999999892e-01,-1.410777009999999998e-01,3.313404715429999783e+02,2.024000000000000000e+03,1.200000000000000000e+01,9.000000000000000000e+00,1.300000000000000000e+01,4.200000000000000000e+01,8.213400999999999286e+00
4.001495962026999820e+01,-8.303120943445000535e+01,2.067899999999999849e+00,-1.180299999999999905e+00,1.849015854379399970e-01,-2.301866277547600093e-01,-9.333074358204000720e-02,-1.989394620000000113e-01,-8.921278400000000330e-02,3.312445840280000198e+02,2.024000000000000000e+03,1.200000000000000000e+01,9.000000000000000000e+00,1.300000000000000000e+01,4.200000000000000000e+01,8.270894999999999442e+00
4.001496055313999989e+01,-8.303121012615000041e+01,2.063400000000000123e+00,-1.186099999999999932e+00,-2.512183253967800178e-01,-3.996164191788000031e-02,1.390475959278799911e-01,-2.011191979999999990e-01,-6.206966700000000198e-02,3.311750481049999735e+02,2.024000000000000000e+03,1.200000000000000000e+01,9.000000000000000000e+00,1.300000000000000000e+01,4.200000000000000000e+01,8.326971999999999596e+00
4.001496166854000336e+01,-8.303121096226999498e+01,2.051899999999999835e+00,-1.198600000000000110e+00,-5.711475524399999282e-01,-1.647269494565399839e-01,-2.549894104458200195e-01,-2.108346329999999935e-01,-5.409116499999999661e-02,3.311035067509999976e+02,2.024000000000000000e+03,1.200000000000000000e+01,9.000000000000000000e+00,1.300000000000000000e+01,4.200000000000000000e+01,8.382581000000000060e+00
4.001496259273000078e+01,-8.303121166228000050e+01,2.040200000000000014e+00,-1.200299999999999923e+00,-3.800982557604999923e-01,-3.584507463325399823e-01,-2.586872782281399719e-01,-2.350513690000000100e-01,-4.704211300000000345e-02,3.310497200089999978e+02,2.024000000000000000e+03,1.200000000000000000e+01,9.000000000000000000e+00,1.300000000000000000e+01,4.200000000000000000e+01,8.437720000000000553e+00
4.001496369819999899e+01,-8.303121249938000403e+01,2.037599999999999856e+00,-1.187799999999999967e+00,3.560778435903200201e-01,-3.230346055905800040e-01,-7.893973711117999170e-02,-2.624460180000000031e-01,-3.490709200000000068e-02,3.309789137789999813e+02,2.024000000000000000e+03,1.200000000000000000e+01,9.000000000000000000e+00,1.300000000000000000e+01,4.200000000000000000e+01,8.494294999999999263e+00
4.001496480397999989e+01,-8.303121332476999328e+01,2.037799999999999834e+00,-1.172099999999999920e+00,3.840569638569599764e-01,-4.875595549834000342e-01,-1.555622584411200104e-01,-2.497541329999999893e-01,-2.163754500000000108e-02,3.309046274489999746e+02,2.024000000000000000e+03,1.200000000000000000e+01,9.000000000000000000e+00,1.300000000000000000e+01,4.200000000000000000e+01,8.551125000000000753e+00
4.001496590661000141e+01,-8.303121414625999819e+01,2.032700000000000173e+00,-1.169999999999999929e+00,2.301797593338000131e-02,-1.728044840005600047e-01,-9.767278495650000281e-02,-2.364027730000000105e-01,-8.769528999999999866e-03,3.308356225140000220e+02,2.024000000000000000e+03,1.200000000000000000e+01,9.000000000000000000e+00,1.300000000000000000e+01,4.200000000000000000e+01,8.607711000000000112e+00
4.001496682479999834e+01,-8.303121482657999763e+01,2.032799999999999940e+00,-1.162600000000000078e+00,1.160961022275000115e-01,-1.104308684946999908e-01,1.148634094748400003e-01,-2.168680440000000098e-01,-3.809054000000000086e-03,3.307879778099999726e+02,2.024000000000000000e+03,1.200000000000000000e+01,9.000000000000000000e+00,1.300000000000000000e+01,4.200000000000000000e+01,8.663071999999999662e+00
4.001496792899000354e+01,-8.303121564004999300e+01,2.040000000000000036e+00,-1.159100000000000019e+00,2.394460063302000230e-01,1.907083075953600049e-01,-3.411751522836199979e-01,-1.702426139999999866e-01,-1.753812800000000005e-02,3.307394089100000087e+02,2.024000000000000000e+03,1.200000000000000000e+01,9.000000000000000000e+00,1.300000000000000000e+01,4.200000000000000000e+01,8.718180999999999514e+00
4.001496884726000047e+01,-8.303121631873000297e+01,2.029399999999999871e+00,-1.163000000000000034e+00,-3.488373850107999719e-01,-2.736419239835999884e-01,-2.564542216022999699e-01,-1.379825450000000120e-01,-3.965233199999999847e-02,3.307009010689999968e+02,2.024000000000000000e+03,1.200000000000000000e+01,9.000000000000000000e+00,1.300000000000000000e+01,4.200000000000000000e+01,8.773680000000000589e+00
4.001496975989999783e+01,-8.303121700248999559e+01,2.012999999999999901e+00,-1.174500000000000099e+00,-6.412906810548999470e-01,-3.867138009780399788e-01,-4.782705332388399455e-01,-1.417880400000000041e-01,-4.135283599999999699e-02,3.306586860140000113e+02,2.024000000000000000e+03,1.200000000000000000e+01,9.000000000000000000e+00,1.300000000000000000e+01,4.200000000000000000e+01,8.829518999999999451e+00
4.001497084430000228e+01,-8.303121782809000706e+01,1.992499999999999938e+00,-1.177400000000000002e+00,-2.774404781570000145e-01,-5.338802916393200482e-01,-2.065043487829600066e-01,-1.761071630000000110e-01,-1.187062900000000060e-02,3.306000199920000000e+02,2.024000000000000000e+03,1.200000000000000000e+01,9.000000000000000000e+00,1.300000000000000000e+01,4.200000000000000000e+01,8.885804999999999509e+00
4.001497192075999720e+01,-8.303121865376999722e+01,1.983100000000000085e+00,-1.176099999999999923e+00,-1.796424442393999843e-02,-2.392112384791400259e-01,3.436924968142000131e-02,-1.997369669999999875e-01,4.529150800000000116e-02,3.305380008050000242e+02,2.024000000000000000e+03,1.200000000000000000e+01,9.000000000000000000e+00,1.300000000000000000e+01,4.200000000000000000e+01,8.940606999999999971e+00
4.001497299452000078e+01,-8.303121947796999791e+01,1.983500000000000041e+00,-1.173300000000000010e+00,2.610762471345000058e-01,-4.891137922138000249e-02,6.360890800316000571e-02,-2.189748870000000069e-01,1.077680579999999999e-01,3.304817078870000273e+02,2.024000000000000000e+03,1.200000000000000000e+01,9.000000000000000000e+00,1.300000000000000000e+01,4.200000000000000000e+01,8.996572000000000457e+00
4.001497388899999663e+01,-8.303122016986000631e+01,1.981200000000000072e+00,-1.191300000000000026e+00,-5.759269987850399453e-01,2.891196858797400182e-01,6.313500429084599741e-01,-2.466933470000000073e-01,1.323568730000000138e-01,3.304592240829999810e+02,2.024000000000000000e+03,1.200000000000000000e+01,9.000000000000000000e+00,1.300000000000000000e+01,4.200000000000000000e+01,9.051503999999999550e+00
4.001497424714000317e+01,-8.303122044957000014e+01,1.983100000000000085e+00,-1.199899999999999967e+00,-6.215406996510199900e-01,4.575190366693000499e-01,4.760245159154599670e-01,-2.690855010000000047e-01,1.320709830000000029e-01,3.304548442479999721e+02,2.024000000000000000e+03,1.200000000000000000e+01,9.000000000000000000e+00,1.300000000000000000e+01,4.200000000000000000e+01,9.106612999999999403e+00
4.001497550343000142e+01,-8.303122143163000146e+01,1.994299999999999962e+00,-1.196099999999999941e+00,5.170499944962799743e-01,1.851640061477599908e-01,3.406726096678999727e-01,-3.468290119999999921e-01,9.569315000000000460e-02,3.304473119689999976e+02,2.024000000000000000e+03,1.200000000000000000e+01,9.000000000000000000e+00,1.300000000000000000e+01,4.200000000000000000e+01,9.161739000000000743e+00
4.001497658510000122e+01,-8.303122226185000443e+01,2.000399999999999956e+00,-1.171999999999999931e+00,8.324321725403001082e-01,-1.766470614396200012e-01,7.033885315772999691e-01,-3.553881959999999895e-01,4.250991999999999965e-02,3.304111702999999807e+02,2.024000000000000000e+03,1.200000000000000000e+01,9.000000000000000000e+00,1.300000000000000000e+01,4.200000000000000000e+01,9.215540000000000731e+00
4.001497730557999688e+01,-8.303122281048000275e+01,1.996199999999999974e+00,-1.170099999999999918e+00,1.398891518578800064e-01,-1.555106640445400035e-01,6.943146609663000124e-01,-3.413579420000000253e-01,4.183067999999999856e-03,3.303715677089999758e+02,2.024000000000000000e+03,1.200000000000000000e+01,9.000000000000000000e+00,1.300000000000000000e+01,4.200000000000000000e+01,9.272223999999999577e+00
4.001497874476000050e+01,-8.303122391745999664e+01,1.993999999999999995e+00,-1.188499999999999890e+00,-3.567804857305600374e-01,1.460103563442400054e-01,1.277642621821800106e-01,-3.879913549999999822e-01,-8.825633400000000572e-02,3.303004135429999906e+02,2.024000000000000000e+03,1.200000000000000000e+01,9.000000000000000000e+00,1.300000000000000000e+01,4.200000000000000000e+01,9.328830999999999207e+00
4.001497982568000111e+01,-8.303122474824000676e+01,1.998399999999999954e+00,-1.175699999999999967e+00,5.397797932800200149e-01,-1.950779169648599876e-01,1.868185125430000051e-02,-3.993555710000000203e-01,-1.855594269999999990e-01,3.302858019480000280e+02,2.024000000000000000e+03,1.200000000000000000e+01,9.000000000000000000e+00,1.300000000000000000e+01,4.200000000000000000e+01,9.384940000000000282e+00
4.001498090463999802e+01,-8.303122556738000526e+01,1.992699999999999916e+00,-1.156300000000000106e+00,6.020026352807400505e-01,-3.880761753203199604e-01,-1.667885192964000118e-01,-3.435050150000000246e-01,-2.630805270000000085e-01,3.302843503999999939e+02,2.024000000000000000e+03,1.200000000000000000e+01,9.000000000000000000e+00,1.300000000000000000e+01,4.200000000000000000e+01,9.440789999999999793e+00
4.001498197627000053e+01,-8.303122638566999569e+01,1.970499999999999918e+00,-1.164500000000000091e+00,-2.168488876814399779e-01,-4.342919837338999889e-01,-4.259856579710800673e-01,-3.117940869999999975e-01,-3.045865429999999874e-01,3.302651444759999890e+02,2.024000000000000000e+03,1.200000000000000000e+01,9.000000000000000000e+00,1.300000000000000000e+01,4.200000000000000000e+01,9.496430000000000149e+00
4.001498286209999833e+01,-8.303122706348000293e+01,1.961000000000000076e+00,-1.150800000000000045e+00,3.852773010601799886e-01,-5.470233935238399958e-01,-2.957460711929600361e-01,-3.294505919999999866e-01,-3.002485919999999808e-01,3.302253278939999745e+02,2.024000000000000000e+03,1.200000000000000000e+01,9.000000000000000000e+00,1.300000000000000000e+01,4.200000000000000000e+01,9.552500000000000213e+00
4.001498392527999926e+01,-8.303122786669000277e+01,1.966299999999999937e+00,-1.140800000000000036e+00,2.366104953743800032e-01,4.232471836042000363e-02,-3.427933328445200156e-01,-3.013638699999999782e-01,-2.725029150000000122e-01,3.301792740669999944e+02,2.024000000000000000e+03,1.200000000000000000e+01,9.000000000000000000e+00,1.300000000000000000e+01,4.200000000000000000e+01,9.607704999999999274e+00
4.001498481395999818e+01,-8.303122853630999600e+01,1.972900000000000098e+00,-1.147799999999999931e+00,-1.646410363529599852e-01,3.411309469567599950e-01,-1.323761499486399984e-01,-2.586434360000000043e-01,-2.642250239999999750e-01,3.301574014880000050e+02,2.024000000000000000e+03,1.200000000000000000e+01,9.000000000000000000e+00,1.300000000000000000e+01,4.200000000000000000e+01,9.663650000000000517e+00
4.001498588295000047e+01,-8.303122934875000283e+01,1.975000000000000089e+00,-1.165899999999999936e+00,-5.491394735916800274e-01,2.698196599733200252e-01,-2.097553245930999788e-01,-2.259736689999999881e-01,-2.726270550000000070e-01,3.301447514220000130e+02,2.024000000000000000e+03,1.200000000000000000e+01,9.000000000000000000e+00,1.300000000000000000e+01,4.200000000000000000e+01,9.718519000000000574e+00
4.001498677691999717e+01,-8.303123003109000422e+01,1.988899999999999890e+00,-1.166099999999999914e+00,2.339643039295799809e-01,4.669660770573199615e-01,-2.818402531651399978e-01,-2.155885929999999950e-01,-2.870726040000000090e-01,3.301262236809999990e+02,2.024000000000000000e+03,1.200000000000000000e+01,9.000000000000000000e+00,1.300000000000000000e+01,4.200000000000000000e+01,9.773721999999999355e+00
4.001498785388000101e+01,-8.303123085167000283e+01,1.987500000000000044e+00,-1.174099999999999921e+00,-3.965794400318000124e-01,1.769194545838000121e-02,-3.011153871325999640e-02,-1.860762910000000048e-01,-3.271100339999999940e-01,3.300898500679999756e+02,2.024000000000000000e+03,1.200000000000000000e+01,9.000000000000000000e+00,1.300000000000000000e+01,4.200000000000000000e+01,9.831438000000000343e+00
4.001498892527000351e+01,-8.303123167434000607e+01,1.976399999999999935e+00,-1.167799999999999949e+00,1.004107095144999851e-01,-3.452261726347199966e-01,-1.839133986540799903e-01,-1.935989899999999986e-01,-3.260356489999999829e-01,3.300420658570000114e+02,2.024000000000000000e+03,1.200000000000000000e+01,9.000000000000000000e+00,1.300000000000000000e+01,4.200000000000000000e+01,9.887871000000000521e+00
4.001498981820999745e+01,-8.303123235742999952e+01,1.982299999999999951e+00,-1.163699999999999957e+00,3.464524200531199916e-01,5.631068626449999698e-02,1.458912562165199933e-01,-1.844950160000000117e-01,-3.070429459999999833e-01,3.300007258719999754e+02,2.024000000000000000e+03,1.200000000000000000e+01,9.000000000000000000e+00,1.300000000000000000e+01,4.200000000000000000e+01,9.943929999999999936e+00
4.001499088597000053e+01,-8.303123318337000569e+01,1.963600000000000012e+00,-1.188299999999999912e+00,-1.073410677951180059e+00,-1.589136475035599905e-01,1.520999015652199915e-01,-1.631706780000000134e-01,-2.728894020000000031e-01,3.299820075910000128e+02,2.024000000000000000e+03,1.200000000000000000e+01,9.000000000000000000e+00,1.300000000000000000e+01,4.200000000000000000e+01,1.000002699999999933e+01
4.001499194643999857e+01,-8.303123403035000649e+01,1.960399999999999920e+00,-1.216399999999999926e+00,-9.335181754059199699e-01,3.357671601209200052e-01,2.399255015781399936e-01,-2.230970600000000137e-01,-2.308963920000000059e-01,3.299872937310000225e+02,2.024000000000000000e+03,1.200000000000000000e+01,9.000000000000000000e+00,1.300000000000000000e+01,4.200000000000000000e+01,1.005647699999999922e+01
4.001499212358000079e+01,-8.303123417275000406e+01,1.963200000000000056e+00,-1.218499999999999917e+00,-3.457914210474800076e-01,4.891931727080600090e-01,3.481543693177199805e-01,-2.398000540000000125e-01,-2.277805390000000041e-01,3.299867016250000233e+02,2.024000000000000000e+03,1.200000000000000000e+01,9.000000000000000000e+00,1.300000000000000000e+01,4.200000000000000000e+01,1.011157799999999973e+01
4.001499337125000011e+01,-8.303123517008999954e+01,1.987000000000000099e+00,-1.216299999999999937e+00,3.455441666998599892e-01,4.802722665861399731e-01,1.284958653025199959e-01,-3.001814629999999817e-01,-2.345022449999999981e-01,3.299683972720000043e+02,2.024000000000000000e+03,1.200000000000000000e+01,9.000000000000000000e+00,1.300000000000000000e+01,4.200000000000000000e+01,1.016911099999999912e+01
4.001499480649999896e+01,-8.303123630451000281e+01,1.985600000000000032e+00,-1.211200000000000054e+00,-6.860109930159999890e-03,-1.851137058538999958e-01,1.620386323775400150e-01,-3.483009979999999728e-01,-2.603908149999999977e-01,3.299098877559999892e+02,2.024000000000000000e+03,1.200000000000000000e+01,9.000000000000000000e+00,1.300000000000000000e+01,4.200000000000000000e+01,1.022639799999999966e+01
4.001499570075999657e+01,-8.303123701423000114e+01,1.977899999999999991e+00,-1.216499999999999915e+00,-2.560630900706000260e-02,-6.783517363739999251e-02,-1.048935767903199923e-01,-4.066136100000000142e-01,-2.478293880000000116e-01,3.298777915819999862e+02,2.024000000000000000e+03,1.200000000000000000e+01,9.000000000000000000e+00,1.300000000000000000e+01,4.200000000000000000e+01,1.028192999999999913e+01
4.001499695527000000e+01,-8.303123800043999836e+01,1.993800000000000017e+00,-1.199999999999999956e+00,7.224891337209999875e-01,3.398214601386799760e-01,5.875724743728000243e-02,-4.493778600000000178e-01,-2.086440380000000039e-01,3.298457885860000260e+02,2.024000000000000000e+03,1.200000000000000000e+01,9.000000000000000000e+00,1.300000000000000000e+01,4.200000000000000000e+01,1.033880599999999994e+01
4.001499804213000289e+01,-8.303123884174999603e+01,2.015400000000000080e+00,-1.201200000000000045e+00,3.567114639809000343e-01,5.747367169635400064e-01,8.040550981119999607e-02,-4.211821789999999899e-01,-2.123235709999999887e-01,3.298254408130000002e+02,2.024000000000000000e+03,1.200000000000000000e+01,9.000000000000000000e+00,1.300000000000000000e+01,4.200000000000000000e+01,1.039734200000000008e+01
4.001499895383999927e+01,-8.303123954309999988e+01,2.021900000000000031e+00,-1.201000000000000068e+00,1.752904887424800162e-01,1.698555839942600121e-01,-2.261460502987800159e-01,-4.003605689999999995e-01,-2.373310519999999868e-01,3.298021498489999885e+02,2.024000000000000000e+03,1.200000000000000000e+01,9.000000000000000000e+00,1.300000000000000000e+01,4.200000000000000000e+01,1.045369299999999946e+01
4.001500005004000116e+01,-8.303124038257000450e+01,2.023299999999999876e+00,-1.196099999999999941e+00,1.896995074770999878e-01,-7.470830293476000972e-02,-2.977424915802199812e-01,-3.840978700000000079e-01,-2.522435060000000062e-01,3.297726571370000102e+02,2.024000000000000000e+03,1.200000000000000000e+01,9.000000000000000000e+00,1.300000000000000000e+01,4.200000000000000000e+01,1.050985700000000023e+01
4.001500114779000228e+01,-8.303124121768000521e+01,2.026800000000000157e+00,-1.193200000000000038e+00,6.743817768347999675e-02,1.554366747555600003e-01,-1.166851064968800061e-01,-3.466367060000000166e-01,-2.427944790000000075e-01,3.297427088599999934e+02,2.024000000000000000e+03,1.200000000000000000e+01,9.000000000000000000e+00,1.300000000000000000e+01,4.200000000000000000e+01,1.056800400000000018e+01
4.001500206389999903e+01,-8.303124191678999466e+01,2.030299999999999994e+00,-1.204299999999999926e+00,-3.895254253900999886e-01,3.505374185435999879e-01,-6.814960718971999065e-02,-3.138207089999999755e-01,-2.345642410000000067e-01,3.297180412000000160e+02,2.024000000000000000e+03,1.200000000000000000e+01,9.000000000000000000e+00,1.300000000000000000e+01,4.200000000000000000e+01,1.062394100000000030e+01
4.001500316357999765e+01,-8.303124276732999931e+01,2.029399999999999871e+00,-1.223899999999999988e+00,-4.465015944900599942e-01,3.128483455396000035e-01,4.598324915372000166e-01,-3.020905050000000092e-01,-2.447430120000000098e-01,3.296862188919999994e+02,2.024000000000000000e+03,1.200000000000000000e+01,9.000000000000000000e+00,1.300000000000000000e+01,4.200000000000000000e+01,1.068170100000000033e+01
4.001500426593000270e+01,-8.303124362485999654e+01,2.037399999999999878e+00,-1.227600000000000025e+00,-5.823657665284000251e-02,2.901481859146999853e-01,2.218521172927999940e-01,-3.009365110000000176e-01,-2.751494250000000030e-01,3.296475349030000075e+02,2.024000000000000000e+03,1.200000000000000000e+01,9.000000000000000000e+00,1.300000000000000000e+01,4.200000000000000000e+01,1.073797199999999918e+01
4.001500518692999719e+01,-8.303124434049999536e+01,2.040099999999999802e+00,-1.230699999999999905e+00,-2.483129029507400165e-01,2.010787501744599748e-01,2.123960235695999954e-02,-2.903095310000000095e-01,-3.017025190000000023e-01,3.296151307470000233e+02,2.024000000000000000e+03,1.200000000000000000e+01,9.000000000000000000e+00,1.300000000000000000e+01,4.200000000000000000e+01,1.079478300000000068e+01
4.001500629443999912e+01,-8.303124519666999959e+01,2.043800000000000061e+00,-1.221000000000000085e+00,6.320901870316000815e-02,-9.501120358166000035e-02,-2.393882149235400103e-01,-2.633121489999999953e-01,-3.201130480000000111e-01,3.295805611449999901e+02,2.024000000000000000e+03,1.200000000000000000e+01,9.000000000000000000e+00,1.300000000000000000e+01,4.200000000000000000e+01,1.085102000000000011e+01
4.001500740307999848e+01,-8.303124604884999371e+01,2.047600000000000087e+00,-1.213400000000000034e+00,2.928644113746400324e-01,-4.728935471025999537e-02,-4.546329803486600096e-01,-2.065117409999999987e-01,-3.121042909999999782e-01,3.295615163549999806e+02,2.024000000000000000e+03,1.200000000000000000e+01,9.000000000000000000e+00,1.300000000000000000e+01,4.200000000000000000e+01,1.090748199999999990e+01
4.001500832674000208e+01,-8.303124676176000207e+01,2.044299999999999784e+00,-1.227600000000000025e+00,-5.310894942216000114e-01,1.476906342224799940e-01,-2.148142581908000226e-01,-1.792171529999999902e-01,-2.927787199999999923e-01,3.295452603410000165e+02,2.024000000000000000e+03,1.200000000000000000e+01,9.000000000000000000e+00,1.300000000000000000e+01,4.200000000000000000e+01,1.096456099999999978e+01
4.001500943402000132e+01,-8.303124762864999298e+01,2.046699999999999964e+00,-1.241700000000000026e+00,-8.206443194199999902e-02,3.007238140222799894e-01,6.481529624679999158e-02,-1.903238100000000099e-01,-2.793227739999999959e-01,3.295263758969999799e+02,2.024000000000000000e+03,1.200000000000000000e+01,9.000000000000000000e+00,1.300000000000000000e+01,4.200000000000000000e+01,1.102183199999999985e+01
4.001501036055999805e+01,-8.303124834909000640e+01,2.059000000000000163e+00,-1.226499999999999924e+00,8.291420481536800891e-01,1.256950283849000150e-01,7.412590537992000406e-02,-1.685932840000000099e-01,-2.708179530000000002e-01,3.294996804639999937e+02,2.024000000000000000e+03,1.200000000000000000e+01,9.000000000000000000e+00,1.300000000000000000e+01,4.200000000000000000e+01,1.107669399999999982e+01
4.001501073235999684e+01,-8.303124863662000621e+01,2.061100000000000154e+00,-1.229300000000000059e+00,6.354047404035400026e-01,1.750068008635999872e-01,1.969968993259200163e-01,-1.446884410000000010e-01,-2.684292160000000260e-01,3.294876321859999848e+02,2.024000000000000000e+03,1.200000000000000000e+01,9.000000000000000000e+00,1.300000000000000000e+01,4.200000000000000000e+01,1.113298600000000071e+01
4.001501240310000185e+01,-8.303124995340999703e+01,2.053599999999999870e+00,-1.274299999999999988e+00,-1.233868469859320083e+00,5.851670164919000605e-01,3.217552869399200044e-01,-1.469521310000000136e-01,-2.785842290000000165e-01,3.294414444419999768e+02,2.024000000000000000e+03,1.200000000000000000e+01,9.000000000000000000e+00,1.300000000000000000e+01,4.200000000000000000e+01,1.118897800000000053e+01
4.001501333483999900e+01,-8.303125069032999761e+01,2.066199999999999815e+00,-1.263700000000000045e+00,4.308853771011599831e-01,2.502588113052399699e-01,1.229467940171199980e-01,-1.711081339999999951e-01,-2.928704089999999982e-01,3.294173357189999933e+02,2.024000000000000000e+03,1.200000000000000000e+01,9.000000000000000000e+00,1.300000000000000000e+01,4.200000000000000000e+01,1.124690400000000068e+01
4.001501464628999827e+01,-8.303125171425000417e+01,2.077199999999999935e+00,-1.253400000000000070e+00,2.743393848025599824e-01,1.427873640157600044e-01,-8.553795969786000264e-02,-1.293945459999999992e-01,-3.073144890000000240e-01,3.293876476849999904e+02,2.024000000000000000e+03,1.200000000000000000e+01,9.000000000000000000e+00,1.300000000000000000e+01,4.200000000000000000e+01,1.130591700000000088e+01
4.001501577345000271e+01,-8.303125259773000266e+01,2.079600000000000115e+00,-1.272199999999999998e+00,-2.861004121317999860e-01,3.514569623398600129e-01,2.372656642488600032e-01,-1.204645810000000011e-01,-3.270304860000000091e-01,3.293666280369999981e+02,2.024000000000000000e+03,1.200000000000000000e+01,9.000000000000000000e+00,1.300000000000000000e+01,4.200000000000000000e+01,1.136249300000000062e+01
4.001501690136999656e+01,-8.303125349242000652e+01,2.081799999999999873e+00,-1.281700000000000061e+00,9.126840530254000383e-02,1.625933322409200132e-01,-7.566897158671999357e-02,-1.557059389999999877e-01,-3.623930490000000226e-01,3.293496272680000061e+02,2.024000000000000000e+03,1.200000000000000000e+01,9.000000000000000000e+00,1.300000000000000000e+01,4.200000000000000000e+01,1.141984599999999972e+01
4.001501784337000345e+01,-8.303125424127000542e+01,2.087699999999999889e+00,-1.287300000000000111e+00,7.061822623279999378e-02,3.091572354030600045e-01,-1.761089559817000105e-01,-1.741994920000000113e-01,-3.882366609999999829e-01,3.293279738379999912e+02,2.024000000000000000e+03,1.200000000000000000e+01,9.000000000000000000e+00,1.300000000000000000e+01,4.200000000000000000e+01,1.147568799999999989e+01
4.001501897240999739e+01,-8.303125514674999863e+01,2.079000000000000181e+00,-1.298599999999999977e+00,-3.306304620722599896e-01,-7.062598352741999985e-02,-3.149713552977199682e-01,-2.056653870000000051e-01,-4.066355950000000163e-01,3.292954173829999718e+02,2.024000000000000000e+03,1.200000000000000000e+01,9.000000000000000000e+00,1.300000000000000000e+01,4.200000000000000000e+01,1.153409000000000084e+01
4.001502010368000128e+01,-8.303125604475999921e+01,2.092299999999999827e+00,-1.274499999999999966e+00,8.149696518403001244e-01,-9.797363558219999644e-03,-3.441895224567199651e-01,-2.185604539999999874e-01,-3.935834380000000077e-01,3.292482736090000230e+02,2.024000000000000000e+03,1.200000000000000000e+01,9.000000000000000000e+00,1.300000000000000000e+01,4.200000000000000000e+01,1.159211499999999972e+01
4.001502124339999966e+01,-8.303125693917999683e+01,2.108900000000000219e+00,-1.283600000000000074e+00,3.566813602378000186e-02,5.583417480978800640e-01,-8.676028336324000112e-02,-1.883366009999999924e-01,-3.815466610000000092e-01,3.292080144540000219e+02,2.024000000000000000e+03,1.200000000000000000e+01,9.000000000000000000e+00,1.300000000000000000e+01,4.200000000000000000e+01,1.164754499999999915e+01
4.001502219743999689e+01,-8.303125769323000327e+01,2.115200000000000191e+00,-1.300100000000000033e+00,-3.009892673526000095e-01,5.172059268828199663e-01,-5.751585116349999804e-02,-1.975371890000000019e-01,-3.912788919999999893e-01,3.291872553279999920e+02,2.024000000000000000e+03,1.200000000000000000e+01,9.000000000000000000e+00,1.300000000000000000e+01,4.200000000000000000e+01,1.170324500000000079e+01
4.001502334669999783e+01,-8.303125860007999393e+01,2.123600000000000154e+00,-1.296499999999999986e+00,2.390822473747599985e-01,1.599513301201799798e-01,-9.515984240546000728e-02,-2.028885820000000118e-01,-4.040931150000000027e-01,3.291623689819999754e+02,2.024000000000000000e+03,1.200000000000000000e+01,9.000000000000000000e+00,1.300000000000000000e+01,4.200000000000000000e+01,1.175877900000000054e+01
4.001502430475999716e+01,-8.303125936131999651e+01,2.120000000000000107e+00,-1.310699999999999976e+00,-5.011083942758800536e-01,2.277861291427399903e-01,3.224187297427800192e-01,-2.003932180000000118e-01,-4.029190229999999873e-01,3.291430262320000111e+02,2.024000000000000000e+03,1.200000000000000000e+01,9.000000000000000000e+00,1.300000000000000000e+01,4.200000000000000000e+01,1.181548000000000087e+01
4.001502545446000170e+01,-8.303126028148000159e+01,2.125999999999999890e+00,-1.316000000000000059e+00,1.766544970915399915e-01,3.024501338173999909e-01,2.210753432930999962e-01,-2.094092790000000037e-01,-3.932181080000000106e-01,3.291187513030000105e+02,2.024000000000000000e+03,1.200000000000000000e+01,9.000000000000000000e+00,1.300000000000000000e+01,4.200000000000000000e+01,1.188474199999999925e+01
4.001502680533999978e+01,-8.303126135715000089e+01,2.145099999999999785e+00,-1.314999999999999947e+00,4.184644212585800216e-01,3.388088100683200321e-01,3.210428737175999858e-01,-2.118033350000000092e-01,-3.939947619999999984e-01,3.290779435649999982e+02,2.024000000000000000e+03,1.200000000000000000e+01,9.000000000000000000e+00,1.300000000000000000e+01,4.200000000000000000e+01,1.194363500000000045e+01
4.001502797394000055e+01,-8.303126227341999765e+01,2.165900000000000158e+00,-1.307800000000000074e+00,3.902076984667600112e-01,4.923663842055199802e-01,1.774217705905000164e-01,-1.680464889999999933e-01,-4.080413399999999746e-01,3.290367919920000190e+02,2.024000000000000000e+03,1.200000000000000000e+01,9.000000000000000000e+00,1.300000000000000000e+01,4.200000000000000000e+01,1.200074000000000041e+01
4.001502915617000156e+01,-8.303126318351999657e+01,2.190799999999999859e+00,-1.298799999999999955e+00,4.238510570326799454e-01,4.622897905972800370e-01,5.098262225931999431e-02,-7.727551800000000137e-02,-4.433309249999999868e-01,3.290019132599999807e+02,2.024000000000000000e+03,1.200000000000000000e+01,9.000000000000000000e+00,1.300000000000000000e+01,4.200000000000000000e+01,1.205750800000000034e+01
4.001502935397000016e+01,-8.303126333417000637e+01,2.191899999999999959e+00,-1.294000000000000039e+00,5.159033049774999213e-01,2.319819530527200135e-01,2.167791838356399881e-01,-5.591344399999999965e-02,-4.517792660000000127e-01,3.289973752770000033e+02,2.024000000000000000e+03,1.200000000000000000e+01,9.000000000000000000e+00,1.300000000000000000e+01,4.200000000000000000e+01,1.211542000000000030e+01
4.001503073946999933e+01,-8.303126439464999464e+01,2.191500000000000004e+00,-1.306000000000000050e+00,-3.422931410423000198e-01,2.038991043864200048e-01,1.153933241738999971e-01,5.361658400000000185e-02,-4.867045289999999969e-01,3.289708230780000235e+02,2.024000000000000000e+03,1.200000000000000000e+01,9.000000000000000000e+00,1.300000000000000000e+01,4.200000000000000000e+01,1.217261099999999985e+01
4.001503231283000162e+01,-8.303126564465000570e+01,2.160400000000000098e+00,-1.365599999999999925e+00,-1.554244520374320038e+00,-1.458384911794400052e-01,6.445603337162000845e-02,3.883844399999999975e-02,-5.193374560000000306e-01,3.289432370289999881e+02,2.024000000000000000e+03,1.200000000000000000e+01,9.000000000000000000e+00,1.300000000000000000e+01,4.200000000000000000e+01,1.222922299999999929e+01
4.001503348247000247e+01,-8.303126659443999813e+01,2.157099999999999795e+00,-1.354200000000000070e+00,2.307419158392799985e-01,-1.239501462401200044e-01,-1.979244874137999974e-02,-9.013741000000000461e-03,-4.988600069999999942e-01,3.289110992170000145e+02,2.024000000000000000e+03,1.200000000000000000e+01,9.000000000000000000e+00,1.300000000000000000e+01,4.200000000000000000e+01,1.228585700000000003e+01
4.001503465425000172e+01,-8.303126755175000540e+01,2.164499999999999869e+00,-1.375399999999999956e+00,-3.939445498036799886e-01,4.738117848892000050e-01,-3.106508688946799657e-01,-2.597016099999999855e-02,-4.650666800000000101e-01,3.288757084189999773e+02,2.024000000000000000e+03,1.200000000000000000e+01,9.000000000000000000e+00,1.300000000000000000e+01,4.200000000000000000e+01,1.234216699999999989e+01
4.001503583198000058e+01,-8.303126851801999919e+01,2.181700000000000195e+00,-1.383699999999999930e+00,1.123067599278600032e-01,6.593822153925800178e-01,-2.467189369499999951e-01,-7.829176499999999927e-02,-4.470563320000000007e-01,3.288409224600000016e+02,2.024000000000000000e+03,1.200000000000000000e+01,9.000000000000000000e+00,1.300000000000000000e+01,4.200000000000000000e+01,1.239872399999999963e+01
4.001503681905000320e+01,-8.303126932917000147e+01,2.191500000000000004e+00,-1.393799999999999928e+00,-5.650969819084000062e-02,5.808594905130000097e-01,5.652433277539999773e-03,-1.365247559999999971e-01,-4.453039460000000060e-01,3.288183513839999819e+02,2.024000000000000000e+03,1.200000000000000000e+01,9.000000000000000000e+00,1.300000000000000000e+01,4.200000000000000000e+01,1.245526100000000014e+01
4.001503801121000237e+01,-8.303127030430999866e+01,2.207699999999999996e+00,-1.390900000000000025e+00,3.965506934226199487e-01,3.929893972540799973e-01,1.369686655896400207e-01,-1.929460669999999989e-01,-4.504337649999999860e-01,3.287977533509999830e+02,2.024000000000000000e+03,1.200000000000000000e+01,9.000000000000000000e+00,1.300000000000000000e+01,4.200000000000000000e+01,1.251114399999999982e+01
4.001503921222000315e+01,-8.303127128155999515e+01,2.219599999999999795e+00,-1.401299999999999990e+00,-2.982587244465800258e-01,4.270467835333800477e-01,1.245152399192400033e-01,-2.084190280000000062e-01,-4.552063120000000018e-01,3.287824544019999848e+02,2.024000000000000000e+03,1.200000000000000000e+01,9.000000000000000000e+00,1.300000000000000000e+01,4.200000000000000000e+01,1.256708399999999948e+01
4.001504021635000186e+01,-8.303127210434999483e+01,2.230100000000000193e+00,-1.414500000000000091e+00,-6.481176757220000195e-02,6.724665733958200553e-01,4.265657359620000227e-02,-2.412214490000000044e-01,-4.538819909999999846e-01,3.287634916189999785e+02,2.024000000000000000e+03,1.200000000000000000e+01,9.000000000000000000e+00,1.300000000000000000e+01,4.200000000000000000e+01,1.262770899999999941e+01
4.001504142988000012e+01,-8.303127309285000024e+01,2.249899999999999789e+00,-1.411399999999999988e+00,3.440241697515800112e-01,5.879812384810599868e-01,-3.555600417438199989e-01,-2.673475069999999842e-01,-4.615092319999999915e-01,3.287273656620000111e+02,2.024000000000000000e+03,1.200000000000000000e+01,9.000000000000000000e+00,1.300000000000000000e+01,4.200000000000000000e+01,1.268363800000000019e+01
4.001504265284000184e+01,-8.303127408275000221e+01,2.262000000000000011e+00,-1.415999999999999925e+00,-6.565685270648000116e-02,1.984863489449400220e-01,-1.018786818211799977e-01,-2.671211940000000062e-01,-4.705139990000000161e-01,3.286898896179999952e+02,2.024000000000000000e+03,1.200000000000000000e+01,9.000000000000000000e+00,1.300000000000000000e+01,4.200000000000000000e+01,1.274066400000000066e+01
4.001504388256999789e+01,-8.303127507601000445e+01,2.273899999999999810e+00,-1.420299999999999896e+00,-4.910220337784000633e-02,3.232989827614999867e-01,9.518950094261999229e-02,-2.515631790000000256e-01,-4.819618809999999809e-01,3.286680736299999808e+02,2.024000000000000000e+03,1.200000000000000000e+01,9.000000000000000000e+00,1.300000000000000000e+01,4.200000000000000000e+01,1.279762099999999947e+01
4.001504491173000133e+01,-8.303127590251000356e+01,2.283900000000000041e+00,-1.412800000000000056e+00,3.616320654515000066e-01,1.741099652222599936e-01,8.927338066107999570e-02,-2.233129470000000116e-01,-4.794981700000000013e-01,3.286586508460000005e+02,2.024000000000000000e+03,1.200000000000000000e+01,9.000000000000000000e+00,1.300000000000000000e+01,4.200000000000000000e+01,1.285476399999999941e+01
4.001504615734999959e+01,-8.303127688800999806e+01,2.311700000000000088e+00,-1.408700000000000063e+00,2.873179497010199812e-01,8.008927242046800510e-01,-7.747738126656000812e-02,-1.595530129999999935e-01,-4.627056569999999924e-01,3.286366066659999774e+02,2.024000000000000000e+03,1.200000000000000000e+01,9.000000000000000000e+00,1.300000000000000000e+01,4.200000000000000000e+01,1.291038400000000053e+01
4.001504741077000205e+01,-8.303127788502000328e+01,2.318799999999999972e+00,-1.436399999999999899e+00,-6.341056955185000454e-01,7.455541084985399802e-01,1.077888255033999931e-01,-1.240580990000000050e-01,-4.697897050000000019e-01,3.286057225409999774e+02,2.024000000000000000e+03,1.200000000000000000e+01,9.000000000000000000e+00,1.300000000000000000e+01,4.200000000000000000e+01,1.296704800000000013e+01
4.001504845872999994e+01,-8.303127872701999479e+01,2.326700000000000212e+00,-1.445799999999999974e+00,-8.010325300732000497e-02,4.875303263256400288e-01,-8.483229648105999887e-02,-1.245891920000000014e-01,-4.844342110000000035e-01,3.285734130370000230e+02,2.024000000000000000e+03,1.200000000000000000e+01,9.000000000000000000e+00,1.300000000000000000e+01,4.200000000000000000e+01,1.302289099999999955e+01
4.001504951094999996e+01,-8.303127956788000574e+01,2.336899999999999977e+00,-1.436099999999999932e+00,5.008534296349400616e-01,2.042926117155799970e-01,-1.343755479402999886e-01,-9.617945599999999651e-02,-4.865048869999999970e-01,3.285345787140000198e+02,2.024000000000000000e+03,1.200000000000000000e+01,9.000000000000000000e+00,1.300000000000000000e+01,4.200000000000000000e+01,1.308083300000000015e+01
4.001505014397999815e+01,-8.303128007332000493e+01,2.339300000000000157e+00,-1.443999999999999950e+00,-1.265196244014600013e-01,3.376070703612399915e-01,-4.341470115938000224e-02,-6.511146700000000620e-02,-4.825019770000000263e-01,3.285142769870000166e+02,2.024000000000000000e+03,1.200000000000000000e+01,9.000000000000000000e+00,1.300000000000000000e+01,4.200000000000000000e+01,1.313759699999999953e+01
4.001505183390000298e+01,-8.303128144573000213e+01,2.337499999999999911e+00,-1.493700000000000028e+00,-1.231960351581700142e+00,5.464046296582999451e-01,-5.029976144844000574e-02,-4.989825700000000142e-02,-4.830259800000000214e-01,3.284825469140000109e+02,2.024000000000000000e+03,1.200000000000000000e+01,9.000000000000000000e+00,1.300000000000000000e+01,4.200000000000000000e+01,1.319554499999999919e+01
4.001505288810000138e+01,-8.303128232625999772e+01,2.339500000000000135e+00,-1.518499999999999961e+00,-7.233681274194799782e-01,6.589360963199000221e-01,9.200185540718000543e-02,-1.084926870000000043e-01,-4.801478699999999766e-01,3.284809710640000162e+02,2.024000000000000000e+03,1.200000000000000000e+01,9.000000000000000000e+00,1.300000000000000000e+01,4.200000000000000000e+01,1.325190199999999940e+01
4.001505458350000310e+01,-8.303128375119000282e+01,2.355399999999999938e+00,-1.529500000000000082e+00,-1.260334979803799937e-01,3.456125110637799924e-01,7.711262445972000279e-02,-2.042229489999999870e-01,-5.237423180000000400e-01,3.284501116229999980e+02,2.024000000000000000e+03,1.200000000000000000e+01,9.000000000000000000e+00,1.300000000000000000e+01,4.200000000000000000e+01,1.330820199999999964e+01
4.001505586135999692e+01,-8.303128482479000638e+01,2.369000000000000217e+00,-1.532699999999999951e+00,7.732019946853999071e-02,4.966046094250199383e-01,-8.261671789537999855e-02,-2.628145219999999949e-01,-5.358469630000000095e-01,3.284046339870000111e+02,2.024000000000000000e+03,1.200000000000000000e+01,9.000000000000000000e+00,1.300000000000000000e+01,4.200000000000000000e+01,1.336758400000000080e+01
4.001505693285000120e+01,-8.303128571911000222e+01,2.381800000000000139e+00,-1.530200000000000005e+00,1.718361462125800043e-01,4.175312445196599498e-01,6.419327967039999139e-02,-3.044975670000000245e-01,-5.535373689999999458e-01,3.283641827640000201e+02,2.024000000000000000e+03,1.200000000000000000e+01,9.000000000000000000e+00,1.300000000000000000e+01,4.200000000000000000e+01,1.342462000000000089e+01
4.001505822627999720e+01,-8.303128679200000306e+01,2.400900000000000034e+00,-1.531700000000000061e+00,1.689589805606999950e-01,7.052035158702799622e-01,4.989371759674000179e-02,-3.245780400000000121e-01,-5.697371310000000078e-01,3.283413816770000153e+02,2.024000000000000000e+03,1.200000000000000000e+01,9.000000000000000000e+00,1.300000000000000000e+01,4.200000000000000000e+01,1.348442700000000016e+01
4.001505953413000327e+01,-8.303128786592999688e+01,2.431999999999999940e+00,-1.529900000000000038e+00,5.229641594125600257e-01,8.207302456692400217e-01,-2.490749889857999666e-01,-3.245109959999999960e-01,-6.080662009999999729e-01,3.283312686070000268e+02,2.024000000000000000e+03,1.200000000000000000e+01,9.000000000000000000e+00,1.300000000000000000e+01,4.200000000000000000e+01,1.354205400000000026e+01
4.001506085148999858e+01,-8.303128894767999668e+01,2.440900000000000070e+00,-1.546899999999999942e+00,-1.165495305061799991e-01,5.218586798159200457e-01,-2.476743931949000055e-01,-3.252962260000000216e-01,-6.628323440000000177e-01,3.283174425259999794e+02,2.024000000000000000e+03,1.200000000000000000e+01,9.000000000000000000e+00,1.300000000000000000e+01,4.200000000000000000e+01,1.359890099999999968e+01
4.001506195043999980e+01,-8.303128985642000259e+01,2.439000000000000057e+00,-1.556899999999999951e+00,-2.082119605890399849e-01,2.150379958466799857e-01,-2.061080162645999858e-01,-3.544598429999999967e-01,-6.926945169999999541e-01,3.282895277449999867e+02,2.024000000000000000e+03,1.200000000000000000e+01,9.000000000000000000e+00,1.300000000000000000e+01,4.200000000000000000e+01,1.365589199999999970e+01
4.001506326743999864e+01,-8.303129095321000364e+01,2.433399999999999785e+00,-1.565099999999999936e+00,-1.712970082743400235e-01,1.410125223446000164e-02,4.003841906574000242e-02,-3.974003930000000184e-01,-6.935855029999999921e-01,3.282472906610000223e+02,2.024000000000000000e+03,1.200000000000000000e+01,9.000000000000000000e+00,1.300000000000000000e+01,4.200000000000000000e+01,1.371311700000000044e+01
4.001506458717999948e+01,-8.303129205291000403e+01,2.449300000000000033e+00,-1.568400000000000016e+00,2.267382189124799996e-01,6.566882607433600638e-01,9.664140966326000004e-02,-4.209343910000000188e-01,-6.643354399999999993e-01,3.282064449449999870e+02,2.024000000000000000e+03,1.200000000000000000e+01,9.000000000000000000e+00,1.300000000000000000e+01,4.200000000000000000e+01,1.377111099999999944e+01
4.001506569459999696e+01,-8.303129297399000563e+01,2.462400000000000144e+00,-1.583700000000000108e+00,-3.730683401642799768e-01,7.618780613375200073e-01,4.157004725524200417e-01,-4.252046329999999985e-01,-6.637609989999999627e-01,3.281810026910000033e+02,2.024000000000000000e+03,1.200000000000000000e+01,9.000000000000000000e+00,1.300000000000000000e+01,4.200000000000000000e+01,1.382840099999999950e+01
4.001506702763000334e+01,-8.303129409803999295e+01,2.458899999999999864e+00,-1.614300000000000068e+00,-1.074211093725639943e+00,1.152016239472799936e-01,-2.629451830704400139e-01,-5.031137820000000094e-01,-6.814808629999999923e-01,3.281466200720000188e+02,2.024000000000000000e+03,1.200000000000000000e+01,9.000000000000000000e+00,1.300000000000000000e+01,4.200000000000000000e+01,1.388526700000000069e+01
4.001506835359000291e+01,-8.303129521649999845e+01,2.450299999999999923e+00,-1.580899999999999972e+00,6.960697056260600757e-01,-5.397260994825400227e-01,1.374539440110000149e-02,-5.728910670000000316e-01,-6.266569490000000187e-01,3.281112830860000145e+02,2.024000000000000000e+03,1.200000000000000000e+01,9.000000000000000000e+00,1.300000000000000000e+01,4.200000000000000000e+01,1.394289099999999948e+01
4.001506968494999938e+01,-8.303129632011000183e+01,2.469500000000000028e+00,-1.564899999999999958e+00,6.933797125080999324e-01,2.389718006109999848e-01,4.645958065427799877e-01,-5.354262109999999852e-01,-5.304280399999999895e-01,3.280855981319999728e+02,2.024000000000000000e+03,1.200000000000000000e+01,9.000000000000000000e+00,1.300000000000000000e+01,4.200000000000000000e+01,1.399974500000000077e+01
4.001507102586000286e+01,-8.303129742503999466e+01,2.487999999999999989e+00,-1.577499999999999902e+00,1.164929050141800121e-01,6.762789947694199943e-01,2.754769369339000185e-01,-5.010660089999999789e-01,-4.575234610000000202e-01,3.280606319220000273e+02,2.024000000000000000e+03,1.200000000000000000e+01,9.000000000000000000e+00,1.300000000000000000e+01,4.200000000000000000e+01,1.405851799999999940e+01
4.001507125063000103e+01,-8.303129760948000637e+01,2.493599999999999817e+00,-1.577199999999999935e+00,2.761281582462800088e-01,7.440339038327999921e-01,4.064469825952000265e-02,-5.001768669999999695e-01,-4.457612449999999726e-01,3.280560916040000166e+02,2.024000000000000000e+03,1.200000000000000000e+01,9.000000000000000000e+00,1.300000000000000000e+01,4.200000000000000000e+01,1.411633299999999913e+01
4.001507306052999979e+01,-8.303129909148999843e+01,2.523499999999999854e+00,-1.586500000000000021e+00,1.971118331572400129e-01,6.531403540272200381e-01,-1.233576041361199999e-01,-4.644832720000000026e-01,-4.037534170000000033e-01,3.280194615699999758e+02,2.024000000000000000e+03,1.200000000000000000e+01,9.000000000000000000e+00,1.300000000000000000e+01,4.200000000000000000e+01,1.417659899999999951e+01
4.001507488115999678e+01,-8.303130059091999726e+01,2.520900000000000141e+00,-1.614700000000000024e+00,-6.821616624764399450e-01,2.168987664205599963e-01,1.560660916228000065e-02,-4.326196849999999761e-01,-4.134429339999999842e-01,3.279858288099999868e+02,2.024000000000000000e+03,1.200000000000000000e+01,9.000000000000000000e+00,1.300000000000000000e+01,4.200000000000000000e+01,1.423504600000000053e+01
4.001507624391000206e+01,-8.303130172368000217e+01,2.510499999999999954e+00,-1.617599999999999927e+00,-2.736276889282200364e-01,-1.510651194650999840e-01,-7.987615948888000805e-02,-4.221924570000000210e-01,-4.065550560000000258e-01,3.279560038039999768e+02,2.024000000000000000e+03,1.200000000000000000e+01,9.000000000000000000e+00,1.300000000000000000e+01,4.200000000000000000e+01,1.429182800000000064e+01
4.001507760286000348e+01,-8.303130285570999547e+01,2.505300000000000082e+00,-1.613599999999999923e+00,-2.767613828201199722e-01,-2.511592706324000113e-01,-2.605424852869999905e-02,-4.068937069999999934e-01,-3.659173330000000113e-01,3.279254173859999923e+02,2.024000000000000000e+03,1.200000000000000000e+01,9.000000000000000000e+00,1.300000000000000000e+01,4.200000000000000000e+01,1.434897800000000068e+01
4.001507873466000120e+01,-8.303130380332000016e+01,2.509999999999999787e+00,-1.623899999999999899e+00,-3.243054921699399795e-01,2.547997557932999979e-01,-4.761597430893599880e-01,-4.172856569999999765e-01,-3.121264739999999871e-01,3.278998030449999987e+02,2.024000000000000000e+03,1.200000000000000000e+01,9.000000000000000000e+00,1.300000000000000000e+01,4.200000000000000000e+01,1.440509300000000081e+01
4.001508009657000287e+01,-8.303130494049000276e+01,2.521799999999999820e+00,-1.618600000000000039e+00,2.013276394605200137e-01,2.485487424689199754e-01,-5.669246517730199830e-01,-4.345047430000000266e-01,-2.489457310000000034e-01,3.278596249760000205e+02,2.024000000000000000e+03,1.200000000000000000e+01,9.000000000000000000e+00,1.300000000000000000e+01,4.200000000000000000e+01,1.446227400000000074e+01
4.001508146167000035e+01,-8.303130607955999665e+01,2.524199999999999999e+00,-1.624700000000000033e+00,-1.270031238907400051e-01,1.884321765444600116e-01,7.984791050200000170e-03,-4.308979949999999781e-01,-1.897568980000000072e-01,3.278265617550000002e+02,2.024000000000000000e+03,1.200000000000000000e+01,9.000000000000000000e+00,1.300000000000000000e+01,4.200000000000000000e+01,1.451874399999999987e+01
4.001508260066000133e+01,-8.303130703402000279e+01,2.528300000000000214e+00,-1.633499999999999952e+00,-8.914620446238000206e-02,2.812478355621599868e-01,1.071972105184799962e-01,-4.178476460000000170e-01,-1.465347860000000002e-01,3.278136059880000062e+02,2.024000000000000000e+03,1.200000000000000000e+01,9.000000000000000000e+00,1.300000000000000000e+01,4.200000000000000000e+01,1.457746000000000031e+01
4.001508396935000178e+01,-8.303130818754000586e+01,2.531800000000000050e+00,-1.648600000000000065e+00,-2.669127876137200039e-01,3.679187275769599808e-01,4.090881982281399654e-01,-4.203030629999999768e-01,-1.029725689999999999e-01,3.278000883469999849e+02,2.024000000000000000e+03,1.200000000000000000e+01,9.000000000000000000e+00,1.300000000000000000e+01,4.200000000000000000e+01,1.463480400000000081e+01
4.001508534031000153e+01,-8.303130934541999864e+01,2.535400000000000098e+00,-1.650900000000000034e+00,-7.605783623113999969e-02,1.423784657695199851e-01,-2.010680877387999721e-01,-4.471177729999999961e-01,-5.539384700000000300e-02,3.277659819369999923e+02,2.024000000000000000e+03,1.200000000000000000e+01,9.000000000000000000e+00,1.300000000000000000e+01,4.200000000000000000e+01,1.469203800000000015e+01
4.001508671281000318e+01,-8.303131051398000295e+01,2.540500000000000203e+00,-1.677100000000000035e+00,-6.350991460978400172e-01,7.481088323210799418e-01,-4.028665998835399553e-01,-4.885504489999999977e-01,-8.598971000000000392e-03,3.277285769370000139e+02,2.024000000000000000e+03,1.200000000000000000e+01,9.000000000000000000e+00,1.300000000000000000e+01,4.200000000000000000e+01,1.475206200000000045e+01
4.001508808941999717e+01,-8.303131169828000679e+01,2.555499999999999883e+00,-1.692600000000000104e+00,1.370224600419999994e-01,8.913663625860599460e-01,1.697917273095200130e+00,-5.385729249999999801e-01,-2.946607399999999835e-02,3.277090220110000018e+02,2.024000000000000000e+03,1.200000000000000000e+01,9.000000000000000000e+00,1.300000000000000000e+01,4.200000000000000000e+01,1.481402100000000033e+01
4.001508947784999748e+01,-8.303131288358000006e+01,2.571699999999999875e+00,-1.686700000000000088e+00,2.383426272637600152e-01,2.423702214936999944e-01,8.945606773104399778e-01,-5.543016400000000399e-01,-1.232391949999999958e-01,3.276849978280000073e+02,2.024000000000000000e+03,1.200000000000000000e+01,9.000000000000000000e+00,1.300000000000000000e+01,4.200000000000000000e+01,1.487306500000000042e+01
4.001509087174999735e+01,-8.303131406535000281e+01,2.577500000000000124e+00,-1.679799999999999960e+00,1.062504097677200027e-01,-2.713790044185999950e-02,2.969736702491400093e-01,-5.673995739999999621e-01,-2.197240930000000092e-01,3.276431090649999760e+02,2.024000000000000000e+03,1.200000000000000000e+01,9.000000000000000000e+00,1.300000000000000000e+01,4.200000000000000000e+01,1.493012200000000078e+01
4.001509226734000180e+01,-8.303131523509999568e+01,2.578100000000000058e+00,-1.657799999999999940e+00,3.489516892200399956e-01,-3.797877397933999699e-01,-3.500731731878599651e-01,-5.634639019999999610e-01,-2.843088679999999924e-01,3.275958545290000075e+02,2.024000000000000000e+03,1.200000000000000000e+01,9.000000000000000000e+00,1.300000000000000000e+01,4.200000000000000000e+01,1.498831700000000033e+01
4.001509366095999809e+01,-8.303131639632999850e+01,2.576600000000000001e+00,-1.648200000000000109e+00,4.305425676572000038e-02,-9.794483525534000701e-02,-3.215067433816800047e-01,-5.299013679999999837e-01,-3.044948840000000212e-01,3.275619111230000158e+02,2.024000000000000000e+03,1.200000000000000000e+01,9.000000000000000000e+00,1.300000000000000000e+01,4.200000000000000000e+01,1.504696500000000015e+01
4.001509412549999922e+01,-8.303131678200999488e+01,2.575499999999999901e+00,-1.645999999999999908e+00,2.714184616410600381e-01,-1.638609173667200103e-01,-6.477703896272399842e-01,-5.131231229999999588e-01,-3.177362490000000261e-01,3.275547589540000217e+02,2.024000000000000000e+03,1.200000000000000000e+01,9.000000000000000000e+00,1.300000000000000000e+01,4.200000000000000000e+01,1.510419599999999996e+01
4.001509551707000156e+01,-8.303131794066999305e+01,2.570600000000000218e+00,-1.651899999999999924e+00,-9.555289994323999669e-02,-3.089346107499999980e-03,-8.215226083512999766e-01,-4.508041749999999737e-01,-3.174890899999999738e-01,3.275408443100000113e+02,2.024000000000000000e+03,1.200000000000000000e+01,9.000000000000000000e+00,1.300000000000000000e+01,4.200000000000000000e+01,1.516132099999999916e+01
4.001509714150999741e+01,-8.303131929157000002e+01,2.576000000000000068e+00,-1.644300000000000095e+00,4.601314488079000231e-01,-2.381053958518000030e-02,-6.380015012463400303e-01,-3.776147679999999895e-01,-3.185977329999999941e-01,3.275109248379999940e+02,2.024000000000000000e+03,1.200000000000000000e+01,9.000000000000000000e+00,1.300000000000000000e+01,4.200000000000000000e+01,1.521871400000000030e+01
4.001509876557000212e+01,-8.303132063777999861e+01,2.572299999999999809e+00,-1.649000000000000021e+00,-3.287987075691999883e-01,1.556237535525799853e-01,-3.146757821296199964e-01,-3.138724339999999779e-01,-2.992144910000000269e-01,3.274608718960000147e+02,2.024000000000000000e+03,1.200000000000000000e+01,9.000000000000000000e+00,1.300000000000000000e+01,4.200000000000000000e+01,1.527586999999999939e+01
4.001510014933000292e+01,-8.303132181620000551e+01,2.550499999999999989e+00,-1.696600000000000108e+00,-1.395677543163880152e+00,2.537633277761799921e-01,-1.171048510118199854e-01,-3.373001990000000228e-01,-2.861268249999999735e-01,3.274278185210000061e+02,2.024000000000000000e+03,1.200000000000000000e+01,9.000000000000000000e+00,1.300000000000000000e+01,4.200000000000000000e+01,1.533329499999999967e+01
4.001510153352000287e+01,-8.303132300775000374e+01,2.566600000000000215e+00,-1.700800000000000090e+00,8.865739922521999328e-02,5.890558792477400551e-01,8.983079371037999694e-02,-3.782681640000000178e-01,-2.920059019999999839e-01,3.274000370109999949e+02,2.024000000000000000e+03,1.200000000000000000e+01,9.000000000000000000e+00,1.300000000000000000e+01,4.200000000000000000e+01,1.538994600000000013e+01
4.001510292622000264e+01,-8.303132420701000171e+01,2.577900000000000080e+00,-1.718099999999999961e+00,-5.078785290481000469e-01,5.640221465690000713e-01,9.955953436414000102e-02,-3.660408330000000099e-01,-3.456455469999999974e-01,3.273708207359999847e+02,2.024000000000000000e+03,1.200000000000000000e+01,9.000000000000000000e+00,1.300000000000000000e+01,4.200000000000000000e+01,1.544753799999999977e+01
4.001510408619999737e+01,-8.303132522031999940e+01,2.570300000000000029e+00,-1.738899999999999890e+00,-6.358931742556600542e-01,1.086495347778400067e-01,2.964809158964000144e-02,-4.170823080000000127e-01,-4.085857430000000012e-01,3.273432392770000092e+02,2.024000000000000000e+03,1.200000000000000000e+01,9.000000000000000000e+00,1.300000000000000000e+01,4.200000000000000000e+01,1.550511400000000073e+01
4.001510547438999765e+01,-8.303132643566999604e+01,2.565999999999999837e+00,-1.720800000000000107e+00,6.346569360896200385e-01,-4.052910056997399701e-01,3.912057011346000562e-02,-5.166112919999999997e-01,-4.518068439999999852e-01,3.273032370839999885e+02,2.024000000000000000e+03,1.200000000000000000e+01,9.000000000000000000e+00,1.300000000000000000e+01,4.200000000000000000e+01,1.556260200000000005e+01
4.001510686667000272e+01,-8.303132763502999580e+01,2.585399999999999920e+00,-1.692399999999999904e+00,1.305249662804379929e+00,1.009816136962399941e-01,-1.616989657070999897e-01,-5.360449379999999708e-01,-4.577582880000000132e-01,3.272592343680000226e+02,2.024000000000000000e+03,1.200000000000000000e+01,9.000000000000000000e+00,1.300000000000000000e+01,4.200000000000000000e+01,1.561983099999999958e+01
4.001510803432000074e+01,-8.303132862085999477e+01,2.593100000000000183e+00,-1.677000000000000046e+00,5.893612082626800142e-01,-1.606594661623200193e-01,2.279854238453200010e-01,-4.611585859999999815e-01,-4.667807190000000106e-01,3.272340868559999763e+02,2.024000000000000000e+03,1.200000000000000000e+01,9.000000000000000000e+00,1.300000000000000000e+01,4.200000000000000000e+01,1.567775199999999991e+01
4.001510942963999895e+01,-8.303132980880999980e+01,2.569599999999999884e+00,-1.707100000000000062e+00,-1.383451028958079920e+00,-2.882192558491999956e-02,-5.813287643469999821e-02,-4.232462699999999800e-01,-4.497920570000000229e-01,3.271986656280000147e+02,2.024000000000000000e+03,1.200000000000000000e+01,9.000000000000000000e+00,1.300000000000000000e+01,4.200000000000000000e+01,1.573553800000000003e+01
4.001511082319999701e+01,-8.303133100483999840e+01,2.584000000000000075e+00,-1.692499999999999893e+00,9.584262959466200993e-01,3.051401706364000044e-02,1.199421543804000123e-01,-4.687233210000000261e-01,-4.311885489999999765e-01,3.271397431199999914e+02,2.024000000000000000e+03,1.200000000000000000e+01,9.000000000000000000e+00,1.300000000000000000e+01,4.200000000000000000e+01,1.579305100000000017e+01
4.001511222258000089e+01,-8.303133219110999619e+01,2.587299999999999933e+00,-1.690099999999999936e+00,-9.133329152774000148e-02,2.586240733037999812e-02,3.376094339188200344e-01,-4.017694709999999891e-01,-4.172978689999999879e-01,3.270814582539999833e+02,2.024000000000000000e+03,1.200000000000000000e+01,9.000000000000000000e+00,1.300000000000000000e+01,4.200000000000000000e+01,1.585137199999999957e+01
4.001511361727000349e+01,-8.303133339248999789e+01,2.572400000000000020e+00,-1.724499999999999922e+00,-1.083027101361440092e+00,1.500275744950199941e-01,5.678202915540000312e-02,-3.739327570000000045e-01,-4.110581229999999975e-01,3.270297455369999966e+02,2.024000000000000000e+03,1.200000000000000000e+01,9.000000000000000000e+00,1.300000000000000000e+01,4.200000000000000000e+01,1.590807000000000038e+01
4.001511477390999971e+01,-8.303133440695999923e+01,2.562100000000000044e+00,-1.740699999999999914e+00,-6.989317120300199138e-01,3.444779028532000270e-02,1.789783519871999962e-02,-4.140350090000000094e-01,-4.104964260000000253e-01,3.269864594609999813e+02,2.024000000000000000e+03,1.200000000000000000e+01,9.000000000000000000e+00,1.300000000000000000e+01,4.200000000000000000e+01,1.596448900000000037e+01
4.001511615852000148e+01,-8.303133563074999302e+01,2.560700000000000198e+00,-1.739800000000000013e+00,1.814877221112199956e-01,-5.736195941157999634e-02,-3.189485886529999648e-02,-4.831353509999999907e-01,-4.020386249999999828e-01,3.269312427460000094e+02,2.024000000000000000e+03,1.200000000000000000e+01,9.000000000000000000e+00,1.300000000000000000e+01,4.200000000000000000e+01,1.602169999999999916e+01
4.001511731554000306e+01,-8.303133664534999525e+01,2.571699999999999875e+00,-1.732799999999999896e+00,2.766357199839399872e-01,2.713318008298999939e-01,-1.539596190477599824e-01,-4.918759830000000166e-01,-3.875438010000000211e-01,3.268779183670000066e+02,2.024000000000000000e+03,1.200000000000000000e+01,9.000000000000000000e+00,1.300000000000000000e+01,4.200000000000000000e+01,1.607872199999999907e+01
4.001511777961999883e+01,-8.303133705129999953e+01,2.576700000000000212e+00,-1.733400000000000052e+00,2.150007299827600138e-01,3.724308969624999799e-01,-2.289531138241999997e-02,-4.810856399999999811e-01,-3.918091969999999979e-01,3.268586222339999949e+02,2.024000000000000000e+03,1.200000000000000000e+01,9.000000000000000000e+00,1.300000000000000000e+01,4.200000000000000000e+01,1.613588499999999826e+01
4.001511987138000137e+01,-8.303133888643999683e+01,2.574600000000000222e+00,-1.756999999999999895e+00,-8.478106013314199441e-01,2.232593686872800243e-01,-2.776623787813999877e-01,-4.911897669999999994e-01,-4.246381610000000140e-01,3.267683882889999722e+02,2.024000000000000000e+03,1.200000000000000000e+01,9.000000000000000000e+00,1.300000000000000000e+01,4.200000000000000000e+01,1.619342899999999830e+01
4.001512150154000125e+01,-8.303134031359999767e+01,2.586500000000000021e+00,-1.730099999999999971e+00,1.267575158281980086e+00,-2.940468538055799885e-01,-7.055383799760400754e-01,-5.006785089999999938e-01,-4.398839789999999805e-01,3.267119999330000155e+02,2.024000000000000000e+03,1.200000000000000000e+01,9.000000000000000000e+00,1.300000000000000000e+01,4.200000000000000000e+01,1.625017700000000076e+01
4.001512266942000196e+01,-8.303134132265999767e+01,2.590800000000000214e+00,-1.722599999999999909e+00,1.645635565914599918e-01,-7.873990269340000805e-03,-5.341659218491200400e-01,-4.458272649999999726e-01,-4.245568769999999992e-01,3.266694809279999845e+02,2.024000000000000000e+03,1.200000000000000000e+01,9.000000000000000000e+00,1.300000000000000000e+01,4.200000000000000000e+01,1.630725599999999886e+01
4.001512406873000316e+01,-8.303134253845000501e+01,2.581799999999999873e+00,-1.738599999999999923e+00,-5.725312249307400458e-01,7.154551090522000278e-02,-4.309572849116000137e-01,-4.013840300000000028e-01,-3.867960480000000034e-01,3.266070507570000245e+02,2.024000000000000000e+03,1.200000000000000000e+01,9.000000000000000000e+00,1.300000000000000000e+01,4.200000000000000000e+01,1.636368399999999923e+01
4.001512546403999693e+01,-8.303134376296000596e+01,2.575099999999999945e+00,-1.748899999999999899e+00,-3.498598207372399793e-01,-2.322307540880000094e-03,2.390853808540200076e-01,-4.158759910000000004e-01,-3.469463819999999976e-01,3.265358128330000227e+02,2.024000000000000000e+03,1.200000000000000000e+01,9.000000000000000000e+00,1.300000000000000000e+01,4.200000000000000000e+01,1.642110500000000073e+01
4.001512662603000337e+01,-8.303134478728000545e+01,2.575200000000000156e+00,-1.752799999999999914e+00,-2.002879748639400104e-01,-1.528531005100000140e-03,3.948131270024199946e-01,-4.202695909999999979e-01,-3.144585599999999981e-01,3.264754759339999737e+02,2.024000000000000000e+03,1.200000000000000000e+01,9.000000000000000000e+00,1.300000000000000000e+01,4.200000000000000000e+01,1.647931600000000074e+01
4.001512802260999990e+01,-8.303134601874999987e+01,2.577700000000000102e+00,-1.761500000000000066e+00,-5.299351654130799449e-01,1.414124083615000138e-01,4.336102075763200170e-01,-4.109968800000000089e-01,-2.739608430000000094e-01,3.263947841949999997e+02,2.024000000000000000e+03,1.200000000000000000e+01,9.000000000000000000e+00,1.300000000000000000e+01,4.200000000000000000e+01,1.653571900000000028e+01
4.001512941507999699e+01,-8.303134727117999603e+01,2.567899999999999849e+00,-1.802899999999999947e+00,-1.325320641471879890e+00,4.609599457059999628e-01,1.413849963361200057e-01,-4.539271240000000152e-01,-2.590034390000000020e-01,3.263295399840000073e+02,2.024000000000000000e+03,1.200000000000000000e+01,9.000000000000000000e+00,1.300000000000000000e+01,4.200000000000000000e+01,1.659314099999999925e+01
4.001513081035000141e+01,-8.303134853042999453e+01,2.587600000000000122e+00,-1.787500000000000089e+00,7.649182242925000041e-01,2.944740142368399982e-01,3.697383849996199734e-01,-4.907145330000000083e-01,-2.648747519999999911e-01,3.262758566919999907e+02,2.024000000000000000e+03,1.200000000000000000e+01,9.000000000000000000e+00,1.300000000000000000e+01,4.200000000000000000e+01,1.665263500000000008e+01
4.001513221370999673e+01,-8.303134978127999943e+01,2.595699999999999896e+00,-1.781400000000000095e+00,7.789812688184000189e-02,9.782462224417999563e-02,2.698608332898400075e-01,-4.519994909999999755e-01,-2.893163240000000136e-01,3.262202067869999951e+02,2.024000000000000000e+03,1.200000000000000000e+01,9.000000000000000000e+00,1.300000000000000000e+01,4.200000000000000000e+01,1.671129600000000082e+01
4.001513361879000286e+01,-8.303135104042000592e+01,2.595800000000000107e+00,-1.799800000000000066e+00,-3.510270489022400131e-01,2.240762295254399850e-01,1.582443153557999971e-01,-4.633177410000000052e-01,-3.337244759999999921e-01,3.261546058119999998e+02,2.024000000000000000e+03,1.200000000000000000e+01,9.000000000000000000e+00,1.300000000000000000e+01,4.200000000000000000e+01,1.676953200000000166e+01
4.001513478777999921e+01,-8.303135209587999555e+01,2.592200000000000060e+00,-1.806899999999999951e+00,-2.621079328265800146e-01,1.119222796502400141e-01,-7.404044750391999830e-02,-5.016253870000000337e-01,-3.762070209999999748e-01,3.260962501129999964e+02,2.024000000000000000e+03,1.200000000000000000e+01,9.000000000000000000e+00,1.300000000000000000e+01,4.200000000000000000e+01,1.682861600000000024e+01
4.001513642260000125e+01,-8.303135357204000400e+01,2.591200000000000170e+00,-1.795400000000000107e+00,3.870119214556400067e-01,-1.472965652974600193e-01,-1.213606866315600080e-01,-5.248168210000000444e-01,-4.190943220000000191e-01,3.260101808690000098e+02,2.024000000000000000e+03,1.200000000000000000e+01,9.000000000000000000e+00,1.300000000000000000e+01,4.200000000000000000e+01,1.688660600000000045e+01
4.001513758936999920e+01,-8.303135462554999435e+01,2.586199999999999832e+00,-1.803600000000000092e+00,-3.162899722399800106e-01,5.719955927345999475e-02,-3.613159793614600379e-01,-5.049260030000000121e-01,-4.312666070000000240e-01,3.259483664630000135e+02,2.024000000000000000e+03,1.200000000000000000e+01,9.000000000000000000e+00,1.300000000000000000e+01,4.200000000000000000e+01,1.694522900000000121e+01
4.001513898486999921e+01,-8.303135590297000590e+01,2.572200000000000042e+00,-1.830799999999999983e+00,-9.774431730974799670e-01,7.727175902289999676e-02,-3.963301807030600310e-01,-5.326468330000000417e-01,-4.505615510000000046e-01,3.258786190760000068e+02,2.024000000000000000e+03,1.200000000000000000e+01,9.000000000000000000e+00,1.300000000000000000e+01,4.200000000000000000e+01,1.700275200000000098e+01
4.001514037436000137e+01,-8.303135718741999938e+01,2.573199999999999932e+00,-1.825299999999999923e+00,3.994867714391000524e-01,1.557540456207200108e-01,-4.848014882121000069e-01,-6.162781050000000205e-01,-4.421784819999999838e-01,3.258025302170000259e+02,2.024000000000000000e+03,1.200000000000000000e+01,9.000000000000000000e+00,1.300000000000000000e+01,4.200000000000000000e+01,1.706272699999999887e+01
4.001514060699000197e+01,-8.303135740028000100e+01,2.579099999999999948e+00,-1.819600000000000106e+00,8.905322543001800151e-01,2.394702702517200188e-01,-3.748580494199199586e-01,-6.226493610000000123e-01,-4.397613759999999816e-01,3.257876680200000123e+02,2.024000000000000000e+03,1.200000000000000000e+01,9.000000000000000000e+00,1.300000000000000000e+01,4.200000000000000000e+01,1.712092699999999823e+01
4.001514247517999934e+01,-8.303135909110000057e+01,2.597700000000000120e+00,-1.792100000000000026e+00,7.837960523548199721e-01,-9.642036639095999395e-02,-4.510104786993000547e-01,-5.779380389999999590e-01,-4.288494330000000021e-01,3.256699416550000024e+02,2.024000000000000000e+03,1.200000000000000000e+01,9.000000000000000000e+00,1.300000000000000000e+01,4.200000000000000000e+01,1.717893199999999965e+01
4.001514436408000108e+01,-8.303136078701000145e+01,2.637900000000000134e+00,-1.816599999999999993e+00,3.424333027563000176e-01,1.007798886583819886e+00,-2.706709030195399990e-01,-4.859992329999999749e-01,-4.638872969999999762e-01,3.255725422470000012e+02,2.024000000000000000e+03,1.200000000000000000e+01,9.000000000000000000e+00,1.300000000000000000e+01,4.200000000000000000e+01,1.723675799999999825e+01
4.001514578876000172e+01,-8.303136206655000251e+01,2.621999999999999886e+00,-1.831499999999999906e+00,-1.064491591022800110e+00,-2.333145107789600103e-01,1.457056520474200034e-01,-4.211781379999999797e-01,-5.373828849999999768e-01,3.255096400030000154e+02,2.024000000000000000e+03,1.200000000000000000e+01,9.000000000000000000e+00,1.300000000000000000e+01,4.200000000000000000e+01,1.729577799999999854e+01
4.001514719781000196e+01,-8.303136337806999734e+01,2.586199999999999832e+00,-1.894099999999999895e+00,-2.223271329481060210e+00,1.458976152552400041e-01,1.519697968991400028e-01,-4.943495880000000064e-01,-5.858549029999999824e-01,3.254379741019999983e+02,2.024000000000000000e+03,1.200000000000000000e+01,9.000000000000000000e+00,1.300000000000000000e+01,4.200000000000000000e+01,1.735328099999999907e+01
4.001514858888999981e+01,-8.303136471512000583e+01,2.554899999999999949e+00,-1.898900000000000032e+00,-2.813501846253199656e-01,-1.006565657258480018e+00,8.708927076818600010e-01,-6.620460769999999551e-01,-6.404084589999999855e-01,3.253510425090000240e+02,2.024000000000000000e+03,1.200000000000000000e+01,9.000000000000000000e+00,1.300000000000000000e+01,4.200000000000000000e+01,1.741071900000000028e+01
4.001514997244999705e+01,-8.303136604448999947e+01,2.553999999999999826e+00,-1.882300000000000084e+00,4.577780340799799674e-01,-4.701382186860600387e-01,4.604184209816400419e-01,-7.371369669999999763e-01,-6.334484599999999910e-01,3.252606698060000099e+02,2.024000000000000000e+03,1.200000000000000000e+01,9.000000000000000000e+00,1.300000000000000000e+01,4.200000000000000000e+01,1.746954500000000010e+01
4.001515113007999958e+01,-8.303136713700000371e+01,2.573799999999999866e+00,-1.852999999999999980e+00,1.176180041863599923e+00,-8.844405285565999641e-02,4.419467676722800276e-01,-7.304789379999999666e-01,-6.190294210000000241e-01,3.251818809409999744e+02,2.024000000000000000e+03,1.200000000000000000e+01,9.000000000000000000e+00,1.300000000000000000e+01,4.200000000000000000e+01,1.752877200000000002e+01
4.001515252635999786e+01,-8.303136843034999970e+01,2.586899999999999977e+00,-1.832600000000000007e+00,6.503768617311800337e-01,9.535935411859999822e-02,-1.933744170017800135e-01,-6.895398179999999710e-01,-5.849700639999999563e-01,3.251081814159999794e+02,2.024000000000000000e+03,1.200000000000000000e+01,9.000000000000000000e+00,1.300000000000000000e+01,4.200000000000000000e+01,1.758783100000000132e+01
4.001515392862999931e+01,-8.303136971808000055e+01,2.600800000000000001e+00,-1.829099999999999948e+00,5.779345500180399497e-01,4.286712487275400330e-01,-2.142653148239399841e-01,-6.759348790000000440e-01,-5.568928610000000168e-01,3.250682178310000268e+02,2.024000000000000000e+03,1.200000000000000000e+01,9.000000000000000000e+00,1.300000000000000000e+01,4.200000000000000000e+01,1.764507599999999954e+01
4.001515533781000045e+01,-8.303137100163999662e+01,2.611699999999999910e+00,-1.821299999999999919e+00,5.720037268270399267e-01,2.437155283368999947e-01,-4.772660387334000387e-02,-6.277133839999999854e-01,-5.597646400000000355e-01,3.250256640059999995e+02,2.024000000000000000e+03,1.200000000000000000e+01,9.000000000000000000e+00,1.300000000000000000e+01,4.200000000000000000e+01,1.770285700000000162e+01
4.001515675164999664e+01,-8.303137228365000055e+01,2.614799999999999791e+00,-1.825299999999999923e+00,-8.647319239113999967e-02,1.576399330167999879e-01,-4.645354169750199880e-01,-5.158991320000000380e-01,-5.820124620000000082e-01,3.249522449529999903e+02,2.024000000000000000e+03,1.200000000000000000e+01,9.000000000000000000e+00,1.300000000000000000e+01,4.200000000000000000e+01,1.776101600000000147e+01
4.001515815796999931e+01,-8.303137358003999680e+01,2.582800000000000207e+00,-1.859699999999999909e+00,-1.555000844326239973e+00,-3.018437995295399912e-01,-4.358709510641999851e-01,-4.402660369999999990e-01,-6.090339949999999947e-01,3.248630241829999932e+02,2.024000000000000000e+03,1.200000000000000000e+01,9.000000000000000000e+00,1.300000000000000000e+01,4.200000000000000000e+01,1.781871100000000041e+01
4.001515931542999738e+01,-8.303137467991000165e+01,2.552200000000000024e+00,-1.895399999999999974e+00,-1.878211470577860087e+00,-1.662158396191799892e-01,-3.265078698539800039e-01,-4.748390219999999995e-01,-6.105863809999999559e-01,3.248011652690000233e+02,2.024000000000000000e+03,1.200000000000000000e+01,9.000000000000000000e+00,1.300000000000000000e+01,4.200000000000000000e+01,1.787627200000000016e+01
4.001516069624999972e+01,-8.303137600501999316e+01,2.548000000000000043e+00,-1.883199999999999985e+00,4.881780911854000093e-02,-3.000618604620399754e-01,-6.020424277997800111e-01,-5.339777350000000089e-01,-5.872293800000000230e-01,3.247379067129999726e+02,2.024000000000000000e+03,1.200000000000000000e+01,9.000000000000000000e+00,1.300000000000000000e+01,4.200000000000000000e+01,1.793420599999999965e+01
4.001516207566000105e+01,-8.303137732817999961e+01,2.556999999999999940e+00,-1.877699999999999925e+00,6.272024101868599599e-01,2.734192723602399955e-01,1.613423297540000217e-02,-5.425582620000000134e-01,-5.539494120000000299e-01,3.246798982579999802e+02,2.024000000000000000e+03,1.200000000000000000e+01,9.000000000000000000e+00,1.300000000000000000e+01,4.200000000000000000e+01,1.799212999999999951e+01
4.001516345507000239e+01,-8.303137864239999999e+01,2.543600000000000083e+00,-1.859199999999999964e+00,3.479746861529799951e-01,-7.634587926435200123e-01,-6.506963476373599509e-01,-5.368904519999999625e-01,-5.154949460000000094e-01,3.246054339749999826e+02,2.024000000000000000e+03,1.200000000000000000e+01,9.000000000000000000e+00,1.300000000000000000e+01,4.200000000000000000e+01,1.805140499999999903e+01
4.001516391394000038e+01,-8.303137907775000315e+01,2.542499999999999982e+00,-1.854400000000000048e+00,3.451443112372800104e-01,-5.671665800000199598e-01,-7.572314720799799836e-01,-5.321398269999999542e-01,-4.892088290000000117e-01,3.245754185819999975e+02,2.024000000000000000e+03,1.200000000000000000e+01,9.000000000000000000e+00,1.300000000000000000e+01,4.200000000000000000e+01,1.810877100000000084e+01
4.001516551512000319e+01,-8.303138060288999611e+01,2.532599999999999962e+00,-1.871799999999999908e+00,-7.233735437345599761e-01,3.271074120556000109e-01,3.238679661812000066e-01,-5.652488599999999641e-01,-3.813842259999999929e-01,3.244816276710000125e+02,2.024000000000000000e+03,1.200000000000000000e+01,9.000000000000000000e+00,1.300000000000000000e+01,4.200000000000000000e+01,1.816621900000000167e+01
4.001516733276000082e+01,-8.303138238034999574e+01,2.512399999999999967e+00,-1.917300000000000004e+00,-8.834211158598399560e-01,3.225037397138800221e-01,2.299428942533399967e-01,-6.824148009999999598e-01,-3.080520480000000227e-01,3.244217945560000089e+02,2.024000000000000000e+03,1.200000000000000000e+01,9.000000000000000000e+00,1.300000000000000000e+01,4.200000000000000000e+01,1.822362700000000046e+01
4.001516847530000121e+01,-8.303138349230999893e+01,2.544099999999999806e+00,-1.901699999999999946e+00,8.569888449457799817e-01,7.466822803922800178e-01,1.223137490634959912e+00,-6.961748349999999919e-01,-3.161406159999999854e-01,3.243808893620000049e+02,2.024000000000000000e+03,1.200000000000000000e+01,9.000000000000000000e+00,1.300000000000000000e+01,4.200000000000000000e+01,1.828148399999999896e+01
4.001517008932999886e+01,-8.303138504276999754e+01,2.569399999999999906e+00,-1.885199999999999987e+00,1.097837206084440131e+00,3.354794790639600288e-01,7.882144797851200479e-01,-6.571404410000000196e-01,-3.910269880000000198e-01,3.242992694069999970e+02,2.024000000000000000e+03,1.200000000000000000e+01,9.000000000000000000e+00,1.300000000000000000e+01,4.200000000000000000e+01,1.833961400000000097e+01
4.001517148378000144e+01,-8.303138636519000215e+01,2.582100000000000062e+00,-1.881099999999999994e+00,5.682758236279599195e-01,1.812715269632000081e-01,3.599432499198800262e-01,-6.378603010000000184e-01,-5.009353909999999521e-01,3.242090780940000059e+02,2.024000000000000000e+03,1.200000000000000000e+01,9.000000000000000000e+00,1.300000000000000000e+01,4.200000000000000000e+01,1.839989599999999825e+01
4.001517288003999795e+01,-8.303138768203000097e+01,2.577799999999999869e+00,-1.874000000000000110e+00,1.060029776838199989e-01,-2.103260082929200026e-01,-8.127528299816000334e-02,-6.314576490000000097e-01,-6.165169080000000301e-01,3.241151288359999967e+02,2.024000000000000000e+03,1.200000000000000000e+01,9.000000000000000000e+00,1.300000000000000000e+01,4.200000000000000000e+01,1.845767000000000024e+01
4.001517403942000328e+01,-8.303138877556999375e+01,2.564200000000000035e+00,-1.867499999999999938e+00,-1.129638034559999910e-03,-5.396359127356200602e-01,-2.542633843751599954e-01,-5.906949660000000435e-01,-6.864818900000000390e-01,3.240593198839999900e+02,2.024000000000000000e+03,1.200000000000000000e+01,9.000000000000000000e+00,1.300000000000000000e+01,4.200000000000000000e+01,1.851410200000000117e+01
4.001517542268000227e+01,-8.303139008670000010e+01,2.542300000000000004e+00,-1.872800000000000020e+00,-7.621943856072400658e-01,-5.183376857764599999e-01,-6.327481975993799468e-01,-4.988803869999999807e-01,-7.375994259999999469e-01,3.240182441000000040e+02,2.024000000000000000e+03,1.200000000000000000e+01,9.000000000000000000e+00,1.300000000000000000e+01,4.200000000000000000e+01,1.857219999999999871e+01
4.001517679468000210e+01,-8.303139140304000421e+01,2.521399999999999864e+00,-1.884900000000000020e+00,-7.998420572548400331e-01,-3.856461142727600211e-01,-8.448823500127998765e-01,-4.377970589999999884e-01,-7.571681160000000022e-01,3.239634344199999987e+02,2.024000000000000000e+03,1.200000000000000000e+01,9.000000000000000000e+00,1.300000000000000000e+01,4.200000000000000000e+01,1.863014899999999940e+01
4.001517815423000002e+01,-8.303139272852999397e+01,2.500300000000000189e+00,-1.895699999999999941e+00,-6.733138301195399356e-01,-3.138847421764799916e-01,-2.748669314126599983e-01,-4.581099499999999880e-01,-7.591980839999999953e-01,3.238807600399999842e+02,2.024000000000000000e+03,1.200000000000000000e+01,9.000000000000000000e+00,1.300000000000000000e+01,4.200000000000000000e+01,1.868877000000000166e+01
4.001517950222000053e+01,-8.303139405942999929e+01,2.488100000000000200e+00,-1.894800000000000040e+00,-1.749542076936999868e-01,-3.187184036515600116e-01,-1.814508738560000056e-01,-5.304033430000000271e-01,-7.294310240000000389e-01,3.237854589010000268e+02,2.024000000000000000e+03,1.200000000000000000e+01,9.000000000000000000e+00,1.300000000000000000e+01,4.200000000000000000e+01,1.874717300000000009e+01
4.001518062478999838e+01,-8.303139516708999679e+01,2.492199999999999971e+00,-1.891399999999999970e+00,4.487978037466399672e-01,8.730752030489999371e-02,3.523356043807600035e-01,-5.492677879999999790e-01,-7.087236169999999724e-01,3.237228139029999738e+02,2.024000000000000000e+03,1.200000000000000000e+01,9.000000000000000000e+00,1.300000000000000000e+01,4.200000000000000000e+01,1.880439000000000149e+01
4.001518197237999885e+01,-8.303139649688999668e+01,2.489500000000000046e+00,-1.896800000000000042e+00,-5.500886025790000661e-02,9.154381671304000212e-02,2.524351360184199922e-01,-5.509882600000000075e-01,-6.942765690000000101e-01,3.236696346549999816e+02,2.024000000000000000e+03,1.200000000000000000e+01,9.000000000000000000e+00,1.300000000000000000e+01,4.200000000000000000e+01,1.886187999999999931e+01
4.001518332314999782e+01,-8.303139782456000262e+01,2.498099999999999987e+00,-1.890400000000000080e+00,2.291467876782000146e-01,1.088759745997599920e-01,2.623387465518599582e-01,-5.486271310000000456e-01,-7.011082760000000302e-01,3.236195265970000037e+02,2.024000000000000000e+03,1.200000000000000000e+01,9.000000000000000000e+00,1.300000000000000000e+01,4.200000000000000000e+01,1.892075300000000126e+01
4.001518467783999711e+01,-8.303139914538999733e+01,2.500700000000000145e+00,-1.881000000000000005e+00,8.149299760024000805e-02,-7.142031079405999905e-02,5.345962390825800270e-01,-5.292866729999999853e-01,-7.254646049999999846e-01,3.235691438800000128e+02,2.024000000000000000e+03,1.200000000000000000e+01,9.000000000000000000e+00,1.300000000000000000e+01,4.200000000000000000e+01,1.897844800000000021e+01
4.001518580286000315e+01,-8.303140024751000681e+01,2.488999999999999879e+00,-1.888200000000000101e+00,-4.801772245596000466e-01,-1.719588143054399942e-01,8.671267603700000270e-02,-5.315530870000000352e-01,-7.366840089999999730e-01,3.235245429940000008e+02,2.024000000000000000e+03,1.200000000000000000e+01,9.000000000000000000e+00,1.300000000000000000e+01,4.200000000000000000e+01,1.903653999999999868e+01
4.001518670106000286e+01,-8.303140113041000347e+01,2.483800000000000008e+00,-1.890900000000000025e+00,-4.295345959417399828e-01,-1.768879850712000157e-01,-1.656501035842599945e-01,-5.337237559999999936e-01,-7.526922510000000344e-01,3.234841606530000035e+02,2.024000000000000000e+03,1.200000000000000000e+01,9.000000000000000000e+00,1.300000000000000000e+01,4.200000000000000000e+01,1.909459500000000176e+01
4.001518804061999646e+01,-8.303140246146000436e+01,2.463600000000000012e+00,-1.901000000000000023e+00,-7.018144437812200431e-01,-4.400135079988600206e-01,-1.337503217409400091e-01,-5.560788199999999737e-01,-7.637780349999999663e-01,3.234203020389999779e+02,2.024000000000000000e+03,1.200000000000000000e+01,9.000000000000000000e+00,1.300000000000000000e+01,4.200000000000000000e+01,1.915388499999999894e+01
4.001518981619000215e+01,-8.303140423271000259e+01,2.457199999999999829e+00,-1.878900000000000015e+00,6.155922990474200773e-01,-4.133114784339000369e-01,-5.730411921856799484e-01,-5.902911180000000035e-01,-7.325709160000000164e-01,3.233196967150000205e+02,2.024000000000000000e+03,1.200000000000000000e+01,9.000000000000000000e+00,1.300000000000000000e+01,4.200000000000000000e+01,1.921262700000000123e+01
4.001519070277999646e+01,-8.303140511294999726e+01,2.451700000000000212e+00,-1.874800000000000022e+00,7.148302581901999631e-02,-2.987560059956800296e-01,-5.983120244005399879e-01,-5.703433570000000508e-01,-6.856976110000000402e-01,3.232814820990000158e+02,2.024000000000000000e+03,1.200000000000000000e+01,9.000000000000000000e+00,1.300000000000000000e+01,4.200000000000000000e+01,1.927045800000000142e+01
4.001519247939000223e+01,-8.303140686797999592e+01,2.461599999999999788e+00,-1.872800000000000020e+00,1.987121356195599986e-01,9.821856633321998653e-02,-4.164805782755999497e-02,-5.052042770000000349e-01,-6.207284840000000248e-01,3.232220242989999974e+02,2.024000000000000000e+03,1.200000000000000000e+01,9.000000000000000000e+00,1.300000000000000000e+01,4.200000000000000000e+01,1.932817599999999914e+01
4.001519359459999947e+01,-8.303140796651000244e+01,2.474800000000000111e+00,-1.874700000000000033e+00,3.812163560645600024e-01,6.170888669101000090e-01,2.113427198854800071e-01,-4.816668350000000154e-01,-6.097434819999999478e-01,3.231770570410000118e+02,2.024000000000000000e+03,1.200000000000000000e+01,9.000000000000000000e+00,1.300000000000000000e+01,4.200000000000000000e+01,1.938649600000000106e+01
4.001519493747999690e+01,-8.303140928659000508e+01,2.480999999999999872e+00,-1.877099999999999991e+00,3.805648058773999920e-02,1.255823956720199808e-01,3.725216403549999611e-02,-4.433777340000000233e-01,-6.300677829999999924e-01,3.231126094219999914e+02,2.024000000000000000e+03,1.200000000000000000e+01,9.000000000000000000e+00,1.300000000000000000e+01,4.200000000000000000e+01,1.944450399999999846e+01
4.001519628023000053e+01,-8.303141060648999883e+01,2.470400000000000151e+00,-1.882600000000000051e+00,-7.119739648563000456e-01,-1.802382686608400009e-01,-4.486798945573999831e-02,-3.814533239999999825e-01,-6.479853719999999484e-01,3.230502754319999781e+02,2.024000000000000000e+03,1.200000000000000000e+01,9.000000000000000000e+00,1.300000000000000000e+01,4.200000000000000000e+01,1.950167199999999923e+01
4.001519761557999999e+01,-8.303141193519999774e+01,2.457500000000000018e+00,-1.896099999999999897e+00,-6.190247965232800187e-01,-5.666033912880000245e-02,1.788703577330600092e-01,-3.529669939999999784e-01,-6.504122089999999634e-01,3.230061960849999991e+02,2.024000000000000000e+03,1.200000000000000000e+01,9.000000000000000000e+00,1.300000000000000000e+01,4.200000000000000000e+01,1.955981699999999890e+01
4.001519894169000224e+01,-8.303141327179000086e+01,2.440300000000000136e+00,-1.901000000000000023e+00,-2.448979903361200028e-01,-3.539879652991599901e-01,4.147616609397800080e-01,-3.569655500000000203e-01,-6.496512260000000261e-01,3.229807345730000065e+02,2.024000000000000000e+03,1.200000000000000000e+01,9.000000000000000000e+00,1.300000000000000000e+01,4.200000000000000000e+01,1.961938500000000118e+01
4.001520004099000261e+01,-8.303141438845000266e+01,2.431799999999999962e+00,-1.902199999999999891e+00,2.759575235279999872e-02,-3.050638528842399833e-01,2.347423159282400196e-01,-3.881561820000000163e-01,-6.297985750000000271e-01,3.229413966650000134e+02,2.024000000000000000e+03,1.200000000000000000e+01,9.000000000000000000e+00,1.300000000000000000e+01,4.200000000000000000e+01,1.967759500000000017e+01
4.001520136065000344e+01,-8.303141573295999933e+01,2.436700000000000088e+00,-1.913699999999999957e+00,-4.909726153944000276e-02,1.252738381139399948e-01,1.223008964906199952e-01,-4.251429119999999839e-01,-6.254726879999999989e-01,3.228793547320000243e+02,2.024000000000000000e+03,1.200000000000000000e+01,9.000000000000000000e+00,1.300000000000000000e+01,4.200000000000000000e+01,1.973593400000000031e+01
4.001520268085999987e+01,-8.303141708184000436e+01,2.444500000000000117e+00,-1.915699999999999958e+00,4.608862856560200227e-01,3.556083410270000078e-01,-1.327275739911999881e-02,-4.666253850000000036e-01,-6.385270410000000174e-01,3.228138121279999950e+02,2.024000000000000000e+03,1.200000000000000000e+01,9.000000000000000000e+00,1.300000000000000000e+01,4.200000000000000000e+01,1.979439299999999946e+01
4.001520400796999866e+01,-8.303141842622000013e+01,2.451600000000000001e+00,-1.911799999999999944e+00,2.228362684916000008e-02,9.017936846507999815e-02,1.759922906500400175e-01,-4.625617519999999927e-01,-6.795592820000000422e-01,3.227594492979999927e+02,2.024000000000000000e+03,1.200000000000000000e+01,9.000000000000000000e+00,1.300000000000000000e+01,4.200000000000000000e+01,1.985209199999999896e+01
4.001520533435000004e+01,-8.303141977270999519e+01,2.446899999999999853e+00,-1.911499999999999977e+00,6.476429447777999615e-02,-2.169217696210199997e-01,-6.566992589341999476e-02,-4.611618599999999790e-01,-7.223437470000000360e-01,3.227257548029999725e+02,2.024000000000000000e+03,1.200000000000000000e+01,9.000000000000000000e+00,1.300000000000000000e+01,4.200000000000000000e+01,1.991016199999999969e+01
4.001520666204000065e+01,-8.303142111561000149e+01,2.451700000000000212e+00,-1.907599999999999962e+00,1.215472957812000071e-01,-2.525410663679999914e-03,-1.078866208151200018e-01,-4.461467100000000019e-01,-7.574125609999999842e-01,3.226959295890000021e+02,2.024000000000000000e+03,1.200000000000000000e+01,9.000000000000000000e+00,1.300000000000000000e+01,4.200000000000000000e+01,1.996773599999999860e+01
4.001520776939999990e+01,-8.303142223476000083e+01,2.454699999999999882e+00,-1.908900000000000041e+00,1.056673251724399992e-01,8.790044929743999480e-02,1.004608223461000011e-01,-4.257638060000000224e-01,-7.907830740000000302e-01,3.226671091779999756e+02,2.024000000000000000e+03,1.200000000000000000e+01,9.000000000000000000e+00,1.300000000000000000e+01,4.200000000000000000e+01,2.002388900000000049e+01
4.001520887868999665e+01,-8.303142334953000159e+01,2.458600000000000119e+00,-1.898200000000000109e+00,3.021291910662000091e-01,-1.423226024130800071e-01,1.662879598398999959e-01,-3.908243080000000091e-01,-8.315011869999999750e-01,3.226267218770000227e+02,2.024000000000000000e+03,1.200000000000000000e+01,9.000000000000000000e+00,1.300000000000000000e+01,4.200000000000000000e+01,2.008277000000000001e+01
4.001520932316000057e+01,-8.303142379393000283e+01,2.462899999999999867e+00,-1.894500000000000073e+00,4.783144860584599423e-01,-7.203998635080000393e-03,-1.049157327033600068e-01,-3.744301850000000265e-01,-8.414613119999999613e-01,3.226048212370000101e+02,2.024000000000000000e+03,1.200000000000000000e+01,9.000000000000000000e+00,1.300000000000000000e+01,4.200000000000000000e+01,2.014120799999999889e+01
4.001521176863000306e+01,-8.303142623678999712e+01,2.459099999999999842e+00,-1.890800000000000036e+00,-1.242584126035999915e-02,-2.325485313388800102e-01,-4.164169337562999562e-01,-2.755007440000000196e-01,-9.189790880000000550e-01,3.225046047380000118e+02,2.024000000000000000e+03,1.200000000000000000e+01,9.000000000000000000e+00,1.300000000000000000e+01,4.200000000000000000e+01,2.019965900000000047e+01
4.001521309721999842e+01,-8.303142757003999463e+01,2.445399999999999796e+00,-1.901200000000000001e+00,-5.591669538107599813e-01,-1.776048594531000058e-01,-4.104688986778999849e-01,-2.248403989999999963e-01,-9.252216610000000285e-01,3.224709215269999731e+02,2.024000000000000000e+03,1.200000000000000000e+01,9.000000000000000000e+00,1.300000000000000000e+01,4.200000000000000000e+01,2.026061500000000137e+01
4.001521442002000128e+01,-8.303142890885999350e+01,2.437199999999999811e+00,-1.910099999999999909e+00,-4.930611729404800192e-01,-1.584050857015999875e-02,-3.768889413405800415e-01,-1.851844320000000099e-01,-9.051306120000000011e-01,3.224373149439999793e+02,2.024000000000000000e+03,1.200000000000000000e+01,9.000000000000000000e+00,1.300000000000000000e+01,4.200000000000000000e+01,2.031914199999999937e+01
4.001521551692000145e+01,-8.303143003572000680e+01,2.425300000000000011e+00,-1.933999999999999941e+00,-9.153610857104199638e-01,2.326191145262800075e-01,-1.227088258970000095e-02,-1.964701799999999943e-01,-8.876886609999999900e-01,3.223944178699999838e+02,2.024000000000000000e+03,1.200000000000000000e+01,9.000000000000000000e+00,1.300000000000000000e+01,4.200000000000000000e+01,2.037696100000000143e+01
4.001521683050000178e+01,-8.303143139744000223e+01,2.424300000000000122e+00,-1.943300000000000027e+00,-2.871549345173800005e-01,1.970048076834799988e-01,1.184253397755199999e-01,-2.442106099999999946e-01,-8.744531229999999988e-01,3.223323066710000262e+02,2.024000000000000000e+03,1.200000000000000000e+01,9.000000000000000000e+00,1.300000000000000000e+01,4.200000000000000000e+01,2.043515299999999968e+01
4.001521814416000211e+01,-8.303143277207999517e+01,2.429800000000000182e+00,-1.962900000000000089e+00,-1.583765248512599977e-01,5.513828021701999704e-01,4.757844733418200023e-01,-3.033478560000000268e-01,-8.823386699999999916e-01,3.222779676949999725e+02,2.024000000000000000e+03,1.200000000000000000e+01,9.000000000000000000e+00,1.300000000000000000e+01,4.200000000000000000e+01,2.049563900000000061e+01
4.001521946066999647e+01,-8.303143415459000209e+01,2.430800000000000072e+00,-1.967200000000000060e+00,-4.356898537216000178e-02,-2.704395229400000360e-04,4.218326644170999895e-01,-3.403845690000000257e-01,-9.177701959999999826e-01,3.222474959150000018e+02,2.024000000000000000e+03,1.200000000000000000e+01,9.000000000000000000e+00,1.300000000000000000e+01,4.200000000000000000e+01,2.055476300000000123e+01
4.001522077768999708e+01,-8.303143553364999718e+01,2.430899999999999839e+00,-1.961200000000000054e+00,-3.089976528086000110e-02,-9.100202937357999844e-02,2.594569672763000212e-01,-3.644879950000000091e-01,-9.292181510000000477e-01,3.222182293849999724e+02,2.024000000000000000e+03,1.200000000000000000e+01,9.000000000000000000e+00,1.300000000000000000e+01,4.200000000000000000e+01,2.061611299999999858e+01
4.001522210109000355e+01,-8.303143690361000040e+01,2.450099999999999945e+00,-1.939500000000000002e+00,7.549051066926599773e-01,-4.371124128994000047e-02,-2.063417662124600038e-01,-3.705525579999999763e-01,-9.294180450000000260e-01,3.221753930300000093e+02,2.024000000000000000e+03,1.200000000000000000e+01,9.000000000000000000e+00,1.300000000000000000e+01,4.200000000000000000e+01,2.067539999999999978e+01
4.001522342967999890e+01,-8.303143826587999854e+01,2.456999999999999851e+00,-1.936700000000000088e+00,1.080419171833999908e-01,8.232706001742000346e-02,-1.245850561313399940e-01,-3.489176489999999964e-01,-9.175209640000000499e-01,3.221259399720000260e+02,2.024000000000000000e+03,1.200000000000000000e+01,9.000000000000000000e+00,1.300000000000000000e+01,4.200000000000000000e+01,2.073376199999999869e+01
4.001522476302999820e+01,-8.303143962321999538e+01,2.464999999999999858e+00,-1.930700000000000083e+00,1.330068147299999781e-01,1.431709649582000032e-01,-2.025976558913399894e-01,-3.006798110000000190e-01,-9.060771260000000105e-01,3.220777882699999850e+02,2.024000000000000000e+03,1.200000000000000000e+01,9.000000000000000000e+00,1.300000000000000000e+01,4.200000000000000000e+01,2.079245399999999933e+01
4.001522610068000319e+01,-8.303144098158000475e+01,2.473399999999999821e+00,-1.933799999999999963e+00,9.269467060418000448e-02,2.126211830609600062e-01,-1.014994856086400138e-01,-2.384755440000000115e-01,-9.041703559999999529e-01,3.220409839100000227e+02,2.024000000000000000e+03,1.200000000000000000e+01,9.000000000000000000e+00,1.300000000000000000e+01,4.200000000000000000e+01,2.085050999999999988e+01
4.001522744057999859e+01,-8.303144234444999938e+01,2.479400000000000048e+00,-1.939599999999999991e+00,1.669889547713999944e-01,3.144851074241600264e-01,2.744226943336000243e-02,-1.725520170000000020e-01,-9.039471089999999709e-01,3.220089178819999916e+02,2.024000000000000000e+03,1.200000000000000000e+01,9.000000000000000000e+00,1.300000000000000000e+01,4.200000000000000000e+01,2.090775999999999968e+01
4.001522878203999767e+01,-8.303144371352999542e+01,2.475900000000000212e+00,-1.953799999999999981e+00,-2.824141712198600107e-01,2.506593998295799652e-01,-2.736206891561600019e-01,-1.117243319999999956e-01,-9.066340609999999911e-01,3.219733979800000157e+02,2.024000000000000000e+03,1.200000000000000000e+01,9.000000000000000000e+00,1.300000000000000000e+01,4.200000000000000000e+01,2.096685599999999994e+01
4.001522989656999840e+01,-8.303144486345000530e+01,2.466899999999999871e+00,-1.970499999999999918e+00,-6.651702591310599821e-01,1.386133430755399909e-01,-5.929731263907999511e-02,-9.990957500000000047e-02,-9.005753490000000250e-01,3.219319303290000107e+02,2.024000000000000000e+03,1.200000000000000000e+01,9.000000000000000000e+00,1.300000000000000000e+01,4.200000000000000000e+01,2.102734299999999834e+01
4.001523100592000048e+01,-8.303144602359999737e+01,2.450099999999999945e+00,-1.990599999999999925e+00,-1.069105631323939987e+00,-6.584805065604000529e-02,5.914718539758000160e-02,-1.255683469999999968e-01,-8.976956919999999895e-01,3.218901664969999956e+02,2.024000000000000000e+03,1.200000000000000000e+01,9.000000000000000000e+00,1.300000000000000000e+01,4.200000000000000000e+01,2.108556600000000003e+01
4.001523189172999651e+01,-8.303144695889000104e+01,2.453500000000000014e+00,-2.001999999999999780e+00,-5.810042834269200096e-01,3.415967211010400018e-01,-9.606612179309999278e-02,-1.613699849999999936e-01,-8.848915529999999974e-01,3.218596862399999736e+02,2.024000000000000000e+03,1.200000000000000000e+01,9.000000000000000000e+00,1.300000000000000000e+01,4.200000000000000000e+01,2.114557200000000137e+01
4.001523365885999795e+01,-8.303144883889000027e+01,2.444999999999999840e+00,-2.011499999999999844e+00,-2.890005714311200125e-01,5.005170275560000270e-02,2.887392309782599864e-01,-2.042450329999999925e-01,-8.656141250000000120e-01,3.218078864780000004e+02,2.024000000000000000e+03,1.200000000000000000e+01,9.000000000000000000e+00,1.300000000000000000e+01,4.200000000000000000e+01,2.120586399999999827e+01
4.001523476341999697e+01,-8.303145001648999823e+01,2.452500000000000124e+00,-2.008000000000000007e+00,2.185850645444800122e-01,1.564044084422000214e-01,4.346621590213800013e-01,-2.260448120000000116e-01,-8.450772399999999518e-01,3.217779646060000118e+02,2.024000000000000000e+03,1.200000000000000000e+01,9.000000000000000000e+00,1.300000000000000000e+01,4.200000000000000000e+01,2.126388400000000090e+01
4.001523653835000260e+01,-8.303145189833999495e+01,2.469899999999999984e+00,-2.001799999999999802e+00,5.318457786008600197e-01,1.641804962841399984e-01,3.643725006057999677e-02,-2.564385149999999780e-01,-8.220557979999999487e-01,3.217217638440000087e+02,2.024000000000000000e+03,1.200000000000000000e+01,9.000000000000000000e+00,1.300000000000000000e+01,4.200000000000000000e+01,2.132239699999999871e+01
4.001523765473000083e+01,-8.303145307017000221e+01,2.483000000000000096e+00,-1.994699999999999918e+00,8.355301785155598848e-01,3.037323940218399909e-01,-7.831451712876000282e-02,-2.596448619999999763e-01,-8.107689700000000332e-01,3.216882258520000164e+02,2.024000000000000000e+03,1.200000000000000000e+01,9.000000000000000000e+00,1.300000000000000000e+01,4.200000000000000000e+01,2.138085600000000142e+01
4.001523922362999741e+01,-8.303145471205999684e+01,2.492399999999999949e+00,-2.003899999999999793e+00,8.787263107152000485e-02,3.488253893498799996e-01,1.318913407284399986e-01,-2.373891099999999865e-01,-8.115797639999999813e-01,3.216490675509999733e+02,2.024000000000000000e+03,1.200000000000000000e+01,9.000000000000000000e+00,1.300000000000000000e+01,4.200000000000000000e+01,2.143870700000000085e+01
4.001524057238000154e+01,-8.303145612231000428e+01,2.493500000000000050e+00,-2.007400000000000073e+00,-1.862982717783399911e-01,9.052009929538000488e-02,-9.332033397076000547e-02,-2.108664600000000056e-01,-8.250761509999999799e-01,3.216076842830000260e+02,2.024000000000000000e+03,1.200000000000000000e+01,9.000000000000000000e+00,1.300000000000000000e+01,4.200000000000000000e+01,2.149848000000000070e+01
4.001524169491000293e+01,-8.303145730295000249e+01,2.486499999999999932e+00,-2.024500000000000188e+00,-8.530842574994000893e-01,2.352297920789999941e-01,5.805663135067999636e-02,-2.013081770000000048e-01,-8.338887659999999480e-01,3.215723153860000139e+02,2.024000000000000000e+03,1.200000000000000000e+01,9.000000000000000000e+00,1.300000000000000000e+01,4.200000000000000000e+01,2.155620499999999851e+01
4.001524304539999832e+01,-8.303145872848000408e+01,2.504999999999999893e+00,-2.031000000000000139e+00,1.312125540775400112e-01,6.073774587443000472e-01,2.991730997099999873e-02,-1.947431550000000011e-01,-8.611073839999999757e-01,3.215269363969999858e+02,2.024000000000000000e+03,1.200000000000000000e+01,9.000000000000000000e+00,1.300000000000000000e+01,4.200000000000000000e+01,2.161493799999999865e+01
4.001524440005000116e+01,-8.303146015993000617e+01,2.503699999999999815e+00,-2.037300000000000111e+00,-1.492996543279400123e-01,-1.554432645156000013e-02,-1.980295145890400010e-01,-1.713654390000000083e-01,-9.110247750000000089e-01,3.214855444039999952e+02,2.024000000000000000e+03,1.200000000000000000e+01,9.000000000000000000e+00,1.300000000000000000e+01,4.200000000000000000e+01,2.167372999999999905e+01
4.001524552688000114e+01,-8.303146135497999580e+01,2.499200000000000088e+00,-2.041799999999999837e+00,-2.459593988821600075e-01,5.672744341318000649e-02,-3.996074324448399828e-01,-1.674680450000000098e-01,-9.254005520000000429e-01,3.214479029899999887e+02,2.024000000000000000e+03,1.200000000000000000e+01,9.000000000000000000e+00,1.300000000000000000e+01,4.200000000000000000e+01,2.173224899999999948e+01
4.001524710553000119e+01,-8.303146303674999729e+01,2.508000000000000007e+00,-2.055099999999999927e+00,-3.750463963580000226e-02,5.261153061755999838e-01,-2.157462000080800080e-01,-1.918408100000000005e-01,-9.438419529999999558e-01,3.213951521540000158e+02,2.024000000000000000e+03,1.200000000000000000e+01,9.000000000000000000e+00,1.300000000000000000e+01,4.200000000000000000e+01,2.179076799999999992e+01
4.001524846515000178e+01,-8.303146447657999829e+01,2.516500000000000181e+00,-2.048299999999999788e+00,2.514297816894000073e-02,1.697128856621600013e-01,-5.683381194265999664e-02,-1.647928029999999877e-01,-9.713135670000000443e-01,3.213562848000000258e+02,2.024000000000000000e+03,1.200000000000000000e+01,9.000000000000000000e+00,1.300000000000000000e+01,4.200000000000000000e+01,2.185008900000000054e+01
4.001524982474000325e+01,-8.303146591997000314e+01,2.512700000000000156e+00,-2.056999999999999940e+00,-2.888926187165000159e-01,1.154288096958999976e-01,3.519721579203800021e-01,-1.345406389999999897e-01,-9.892847460000000481e-01,3.213276643039999954e+02,2.024000000000000000e+03,1.200000000000000000e+01,9.000000000000000000e+00,1.300000000000000000e+01,4.200000000000000000e+01,2.191060799999999986e+01
4.001525118200999742e+01,-8.303146736985999610e+01,2.506800000000000139e+00,-2.070300000000000029e+00,-5.045984728179799816e-01,1.979012616214599896e-01,2.945042801127999987e-01,-1.386950680000000047e-01,-9.921218109999999646e-01,3.212968821489999982e+02,2.024000000000000000e+03,1.200000000000000000e+01,9.000000000000000000e+00,1.300000000000000000e+01,4.200000000000000000e+01,2.197026699999999977e+01
4.001525254268999987e+01,-8.303146883498999387e+01,2.521300000000000097e+00,-2.091200000000000170e+00,-2.226431524353600089e-01,7.420089006980599144e-01,1.554068223024200057e-01,-1.748239480000000068e-01,-1.024604996000000101e+00,3.212590623500000220e+02,2.024000000000000000e+03,1.200000000000000000e+01,9.000000000000000000e+00,1.300000000000000000e+01,4.200000000000000000e+01,2.202996800000000022e+01
4.001525345198999872e+01,-8.303146981227000367e+01,2.525799999999999823e+00,-2.081999999999999851e+00,4.731139538294799607e-01,5.999675533533999766e-02,2.715379447832200199e-01,-1.848461949999999909e-01,-1.052386639000000068e+00,3.212293816189999802e+02,2.024000000000000000e+03,1.200000000000000000e+01,9.000000000000000000e+00,1.300000000000000000e+01,4.200000000000000000e+01,2.208980499999999836e+01
4.001525413409000009e+01,-8.303147054376999847e+01,2.522100000000000009e+00,-2.079600000000000115e+00,6.893988612849999420e-02,-1.812410961432800172e-01,3.013718405916000070e-02,-1.764111770000000023e-01,-1.073074241000000040e+00,3.212101222819999862e+02,2.024000000000000000e+03,1.200000000000000000e+01,9.000000000000000000e+00,1.300000000000000000e+01,4.200000000000000000e+01,2.214781800000000089e+01
4.001525639898000009e+01,-8.303147299970000006e+01,2.511699999999999822e+00,-2.103600000000000136e+00,-1.908294419286399868e-01,2.460359132486599765e-01,3.782295554419599637e-01,-2.601998019999999801e-01,-1.089295346000000109e+00,3.211450410589999933e+02,2.024000000000000000e+03,1.200000000000000000e+01,9.000000000000000000e+00,1.300000000000000000e+01,4.200000000000000000e+01,2.220544299999999893e+01
4.001525753271999974e+01,-8.303147423231999369e+01,2.517700000000000049e+00,-2.107000000000000206e+00,1.195088701549800042e-01,2.945298399847799953e-01,8.686514317918000994e-02,-3.067432139999999863e-01,-1.105831825999999962e+00,3.211132883949999837e+02,2.024000000000000000e+03,1.200000000000000000e+01,9.000000000000000000e+00,1.300000000000000000e+01,4.200000000000000000e+01,2.226380400000000037e+01
4.001525912486000180e+01,-8.303147595787000057e+01,2.530800000000000161e+00,-2.100099999999999856e+00,5.798909993942000796e-01,2.059119525221200231e-01,-2.628785623007199868e-01,-3.254093900000000206e-01,-1.124556431000000023e+00,3.210762632569999937e+02,2.024000000000000000e+03,1.200000000000000000e+01,9.000000000000000000e+00,1.300000000000000000e+01,4.200000000000000000e+01,2.232212000000000174e+01
4.001526049665999807e+01,-8.303147743383999568e+01,2.537799999999999834e+00,-2.105199999999999960e+00,-1.599603452967000017e-01,3.222454900979400128e-01,-1.105617736558999892e-01,-2.982015829999999923e-01,-1.138439669999999904e+00,3.210476808160000246e+02,2.024000000000000000e+03,1.200000000000000000e+01,9.000000000000000000e+00,1.300000000000000000e+01,4.200000000000000000e+01,2.238147299999999973e+01
4.001526164065000302e+01,-8.303147866231999785e+01,2.539000000000000146e+00,-2.095200000000000173e+00,2.726574641852599901e-01,-5.157890866438000210e-02,-4.482622870013199812e-01,-2.976861379999999890e-01,-1.133650400999999919e+00,3.210187316490000171e+02,2.024000000000000000e+03,1.200000000000000000e+01,9.000000000000000000e+00,1.300000000000000000e+01,4.200000000000000000e+01,2.244029700000000105e+01
4.001526324702999915e+01,-8.303148037421999561e+01,2.550899999999999945e+00,-2.086699999999999999e+00,3.034407608321200156e-01,2.184247841196600148e-01,-1.554881455694399894e-01,-2.668516750000000104e-01,-1.109314464999999972e+00,3.209819273549999821e+02,2.024000000000000000e+03,1.200000000000000000e+01,9.000000000000000000e+00,1.300000000000000000e+01,4.200000000000000000e+01,2.249848199999999920e+01
4.001526462407999674e+01,-8.303148184945000310e+01,2.540299999999999780e+00,-2.112499999999999822e+00,-1.054196209954660013e+00,3.267175177399799790e-01,-1.102727450171000073e-01,-2.515229649999999872e-01,-1.099100981000000088e+00,3.209479609640000035e+02,2.024000000000000000e+03,1.200000000000000000e+01,9.000000000000000000e+00,1.300000000000000000e+01,4.200000000000000000e+01,2.255754699999999957e+01
4.001526600863000027e+01,-8.303148333052999419e+01,2.574699999999999989e+00,-2.104699999999999793e+00,9.182919959180999570e-01,7.934846125480199408e-01,-3.252343022434199815e-01,-2.296894429999999931e-01,-1.105766942000000030e+00,3.209078739079999991e+02,2.024000000000000000e+03,1.200000000000000000e+01,9.000000000000000000e+00,1.300000000000000000e+01,4.200000000000000000e+01,2.261677399999999949e+01
4.001526717224000151e+01,-8.303148455970999464e+01,2.587400000000000144e+00,-2.091899999999999871e+00,7.988750980029200033e-01,1.420585041997999946e-02,1.792155638226200220e-01,-1.435700510000000041e-01,-1.140572125000000048e+00,3.208775889799999845e+02,2.024000000000000000e+03,1.200000000000000000e+01,9.000000000000000000e+00,1.300000000000000000e+01,4.200000000000000000e+01,2.267649899999999974e+01
4.001526857001000081e+01,-8.303148603392000382e+01,2.581799999999999873e+00,-2.111499999999999932e+00,-8.291688264674400566e-01,4.921550463835199785e-01,-2.098791113379600004e-01,-4.405368700000000109e-02,-1.153269121999999980e+00,3.208437774760000138e+02,2.024000000000000000e+03,1.200000000000000000e+01,9.000000000000000000e+00,1.300000000000000000e+01,4.200000000000000000e+01,2.273580099999999860e+01
4.001526996146999693e+01,-8.303148752257999377e+01,2.571099999999999941e+00,-2.124200000000000088e+00,-8.883228544636000146e-02,7.287183290873999741e-02,-9.171442052497999486e-02,-3.647390400000000144e-02,-1.169525571000000097e+00,3.208112797370000067e+02,2.024000000000000000e+03,1.200000000000000000e+01,9.000000000000000000e+00,1.300000000000000000e+01,4.200000000000000000e+01,2.279553699999999949e+01
4.001527134738999791e+01,-8.303148901503000445e+01,2.556700000000000195e+00,-2.131200000000000205e+00,-5.886755343120000372e-01,2.315953643283999788e-02,2.369340367433999950e-01,-2.569222900000000046e-02,-1.159315351999999910e+00,3.207900775740000086e+02,2.024000000000000000e+03,1.200000000000000000e+01,9.000000000000000000e+00,1.300000000000000000e+01,4.200000000000000000e+01,2.285397599999999940e+01
4.001527272575999916e+01,-8.303149052403000496e+01,2.540399999999999991e+00,-2.167499999999999982e+00,-1.373877393430420035e+00,4.464665317062400107e-01,5.419807220733200426e-01,-4.632918199999999653e-02,-1.157035051000000037e+00,3.207715342139999848e+02,2.024000000000000000e+03,1.200000000000000000e+01,9.000000000000000000e+00,1.300000000000000000e+01,4.200000000000000000e+01,2.291317499999999896e+01
4.001527409738999808e+01,-8.303149206332000176e+01,2.535400000000000098e+00,-2.206199999999999939e+00,-7.956241553176599535e-01,6.496785300333800528e-01,7.480686956003999855e-02,-1.585781390000000068e-01,-1.193219143999999954e+00,3.207346720549999759e+02,2.024000000000000000e+03,1.200000000000000000e+01,9.000000000000000000e+00,1.300000000000000000e+01,4.200000000000000000e+01,2.297185400000000044e+01
4.001527546946999792e+01,-8.303149362368000652e+01,2.530299999999999994e+00,-2.233600000000000030e+00,-1.383550961960120063e+00,3.985552029364199944e-01,1.285891954737400089e-01,-2.936869630000000231e-01,-1.280083335000000044e+00,3.207029630150000230e+02,2.024000000000000000e+03,1.200000000000000000e+01,9.000000000000000000e+00,1.300000000000000000e+01,4.200000000000000000e+01,2.303125299999999953e+01
4.001527638238999884e+01,-8.303149466815000324e+01,2.531899999999999817e+00,-2.229600000000000026e+00,4.189769798451999788e-02,-4.196149418260000132e-03,-4.121007618671999884e-02,-4.043476449999999778e-01,-1.325130219999999914e+00,3.206822566390000020e+02,2.024000000000000000e+03,1.200000000000000000e+01,9.000000000000000000e+00,1.300000000000000000e+01,4.200000000000000000e+01,2.309060600000000107e+01
4.001527752525999659e+01,-8.303149596499000040e+01,2.539299999999999891e+00,-2.203699999999999992e+00,9.520168874842600548e-01,-3.418985710326799543e-01,2.928515549020400122e-01,-5.083536490000000185e-01,-1.376678263999999929e+00,3.206618938870000193e+02,2.024000000000000000e+03,1.200000000000000000e+01,9.000000000000000000e+00,1.300000000000000000e+01,4.200000000000000000e+01,2.315125199999999950e+01
4.001527960460000344e+01,-8.303149825295000142e+01,2.588999999999999968e+00,-2.142599999999999838e+00,1.546057249997540017e+00,2.677827562501199909e-01,-8.595276865097999097e-02,-5.225420250000000211e-01,-1.401818239000000021e+00,3.206163335329999882e+02,2.024000000000000000e+03,1.200000000000000000e+01,9.000000000000000000e+00,1.300000000000000000e+01,4.200000000000000000e+01,2.320956599999999881e+01
4.001528030576999839e+01,-8.303149900667000338e+01,2.603899999999999881e+00,-2.132200000000000095e+00,1.298452166893999893e+00,3.023409274043200035e-01,8.491170704581998963e-02,-4.794629260000000115e-01,-1.425266321000000058e+00,3.205986734129999718e+02,2.024000000000000000e+03,1.200000000000000000e+01,9.000000000000000000e+00,1.300000000000000000e+01,4.200000000000000000e+01,2.326857199999999892e+01
4.001528218050000163e+01,-8.303150101529000437e+01,2.594199999999999839e+00,-2.143800000000000150e+00,-9.367465625253199590e-01,-2.039525969533600158e-01,-4.469965008068000484e-02,-3.927941670000000274e-01,-1.478625206000000025e+00,3.205441260709999938e+02,2.024000000000000000e+03,1.200000000000000000e+01,9.000000000000000000e+00,1.300000000000000000e+01,4.200000000000000000e+01,2.332755300000000176e+01
4.001528380821000042e+01,-8.303150278671000706e+01,2.589199999999999946e+00,-2.149300000000000210e+00,7.947190855978799595e-01,2.158927522826399881e-01,-4.128517656182799644e-01,-3.876111890000000226e-01,-1.481384524000000091e+00,3.205164618599999926e+02,2.024000000000000000e+03,1.200000000000000000e+01,9.000000000000000000e+00,1.300000000000000000e+01,4.200000000000000000e+01,2.338857900000000001e+01
4.001528498324000083e+01,-8.303150403987000061e+01,2.639299999999999979e+00,-2.115400000000000169e+00,3.897491483531219991e+00,1.315302910661280134e+00,-8.460352009368600212e-01,-2.700159469999999784e-01,-1.478340857000000064e+00,3.204820526639999798e+02,2.024000000000000000e+03,1.200000000000000000e+01,9.000000000000000000e+00,1.300000000000000000e+01,4.200000000000000000e+01,2.344681900000000141e+01
4.001528664605000074e+01,-8.303150577579999947e+01,2.610300000000000065e+00,-2.120499999999999829e+00,-1.860752650923759965e+00,-1.019138645569860113e+00,1.000816423621800066e-01,3.638547799999999888e-02,-1.532409117999999904e+00,3.204221519069999999e+02,2.024000000000000000e+03,1.200000000000000000e+01,9.000000000000000000e+00,1.300000000000000000e+01,4.200000000000000000e+01,2.350774900000000045e+01
4.001528803122999989e+01,-8.303150731022999764e+01,2.525100000000000122e+00,-2.228600000000000136e+00,-4.425673188362620358e+00,2.377381401559199858e-01,-3.731281001775599848e-01,-3.081977300000000169e-02,-1.487108287000000084e+00,3.203834586639999884e+02,2.024000000000000000e+03,1.200000000000000000e+01,9.000000000000000000e+00,1.300000000000000000e+01,4.200000000000000000e+01,2.356746199999999902e+01
4.001528915995000091e+01,-8.303150863947000460e+01,2.498000000000000220e+00,-2.293699999999999850e+00,-2.411452979363140070e+00,1.002533102572719992e+00,9.537562019654000078e-02,-3.301285580000000164e-01,-1.462048846000000069e+00,3.203572112560000278e+02,2.024000000000000000e+03,1.200000000000000000e+01,9.000000000000000000e+00,1.300000000000000000e+01,4.200000000000000000e+01,2.362622199999999850e+01
4.001529051432000017e+01,-8.303151023323999880e+01,2.519200000000000106e+00,-2.235599999999999810e+00,2.109117183355019964e+00,-5.746656288852399763e-01,8.190366771653200262e-01,-5.519344609999999873e-01,-1.468149625999999985e+00,3.202966510929999799e+02,2.024000000000000000e+03,1.200000000000000000e+01,9.000000000000000000e+00,1.300000000000000000e+01,4.200000000000000000e+01,2.368649399999999972e+01
4.001529210340000020e+01,-8.303151206081000169e+01,2.518699999999999939e+00,-2.212299999999999933e+00,8.940883636980000160e-03,-6.467102456478199812e-01,3.141518702827200138e-01,-5.064567629999999765e-01,-1.416545836999999919e+00,3.202427523850000171e+02,2.024000000000000000e+03,1.200000000000000000e+01,9.000000000000000000e+00,1.300000000000000000e+01,4.200000000000000000e+01,2.374653400000000047e+01
4.001529323486000322e+01,-8.303151335811000422e+01,2.510299999999999976e+00,-2.203399999999999803e+00,1.786496383604800064e-01,-4.870182952647399977e-01,1.613509625811999915e-02,-5.377736360000000548e-01,-1.337721849000000018e+00,3.202375637650000044e+02,2.024000000000000000e+03,1.200000000000000000e+01,9.000000000000000000e+00,1.300000000000000000e+01,4.200000000000000000e+01,2.380590300000000070e+01
4.001529482509000246e+01,-8.303151516162999712e+01,2.542100000000000026e+00,-2.173999999999999932e+00,1.708218879404059809e+00,9.465076003101999258e-02,1.530095687235999945e-02,-6.911953229999999726e-01,-1.202459715999999901e+00,3.202207629349999820e+02,2.024000000000000000e+03,1.200000000000000000e+01,9.000000000000000000e+00,1.300000000000000000e+01,4.200000000000000000e+01,2.386775400000000147e+01
4.001529597705000185e+01,-8.303151642810000510e+01,2.572000000000000064e+00,-2.142799999999999816e+00,1.627980702997940066e+00,9.904382263383999796e-02,1.773304450476800020e-01,-6.774269680000000182e-01,-1.124988797000000096e+00,3.201778836259999821e+02,2.024000000000000000e+03,1.200000000000000000e+01,9.000000000000000000e+00,1.300000000000000000e+01,4.200000000000000000e+01,2.392826200000000014e+01
4.001529760710999994e+01,-8.303151817891000519e+01,2.592999999999999972e+00,-2.118399999999999839e+00,6.334551943983600664e-01,-2.108952360027799844e-01,-1.466791574327200032e-01,-4.848582860000000272e-01,-1.071537981999999944e+00,3.200931957399999988e+02,2.024000000000000000e+03,1.200000000000000000e+01,9.000000000000000000e+00,1.300000000000000000e+01,4.200000000000000000e+01,2.398889099999999885e+01
4.001529898478000291e+01,-8.303151967956000590e+01,2.516799999999999926e+00,-2.133199999999999985e+00,-1.663441462068159904e+00,-1.599736195012840145e+00,-4.631244750657999981e-02,-3.744855260000000130e-01,-1.070878047999999971e+00,3.200396630029999869e+02,2.024000000000000000e+03,1.200000000000000000e+01,9.000000000000000000e+00,1.300000000000000000e+01,4.200000000000000000e+01,2.404846200000000067e+01
4.001529943520999666e+01,-8.303152018149999947e+01,2.488799999999999901e+00,-2.138900000000000023e+00,-1.939333762424300112e+00,-1.693466984858659874e+00,-2.661158573992599696e-01,-3.837590359999999978e-01,-1.069350495999999984e+00,3.200260902730000225e+02,2.024000000000000000e+03,1.200000000000000000e+01,9.000000000000000000e+00,1.300000000000000000e+01,4.200000000000000000e+01,2.410739999999999839e+01
4.001530098538999880e+01,-8.303152193036000028e+01,2.430299999999999905e+00,-2.120999999999999996e+00,-7.968091817135199983e-01,-1.487373805892800105e+00,-1.393487570893799932e-01,-4.266729890000000025e-01,-1.057364815999999985e+00,3.200039699999999812e+02,2.024000000000000000e+03,1.200000000000000000e+01,9.000000000000000000e+00,1.300000000000000000e+01,4.200000000000000000e+01,2.416839200000000076e+01
4.001530272333999960e+01,-8.303152389138999467e+01,2.386200000000000099e+00,-2.058100000000000041e+00,4.405702557960000099e-01,-1.944665710733780140e+00,-5.353918760861199333e-01,-4.005190619999999813e-01,-1.032126985000000108e+00,3.199886482950000186e+02,2.024000000000000000e+03,1.200000000000000000e+01,9.000000000000000000e+00,1.300000000000000000e+01,4.200000000000000000e+01,2.422778299999999874e+01
4.001530401261999970e+01,-8.303152531205999765e+01,2.366299999999999848e+00,-2.002800000000000136e+00,4.186788796155200276e-01,-1.483391286569820000e+00,-6.233160945839399947e-01,-3.373116729999999786e-01,-9.309140970000000515e-01,3.199206973139999945e+02,2.024000000000000000e+03,1.200000000000000000e+01,9.000000000000000000e+00,1.300000000000000000e+01,4.200000000000000000e+01,2.428744400000000070e+01
4.001530528578999935e+01,-8.303152673437999454e+01,2.343999999999999861e+00,-2.032300000000000217e+00,-6.100433436391999864e-01,6.560496243517999204e-02,4.376989828985999864e-01,-3.554981819999999959e-01,-8.480205180000000009e-01,3.198617976429999885e+02,2.024000000000000000e+03,1.200000000000000000e+01,9.000000000000000000e+00,1.300000000000000000e+01,4.200000000000000000e+01,2.434570000000000078e+01
4.001530654991999825e+01,-8.303152817480000181e+01,2.319199999999999928e+00,-2.065399999999999903e+00,-1.312538915570540032e+00,-8.592091658855999237e-02,-8.557796887680000145e-03,-4.288587719999999992e-01,-8.020868469999999917e-01,3.198340363679999996e+02,2.024000000000000000e+03,1.200000000000000000e+01,9.000000000000000000e+00,1.300000000000000000e+01,4.200000000000000000e+01,2.440488799999999969e+01
4.001530780046999780e+01,-8.303152963201000603e+01,2.299799999999999844e+00,-2.077999999999999847e+00,-4.505437209930399645e-01,-3.379790824697400109e-01,6.122213201403399196e-01,-4.934827549999999952e-01,-7.556784500000000016e-01,3.198449349669999719e+02,2.024000000000000000e+03,1.200000000000000000e+01,9.000000000000000000e+00,1.300000000000000000e+01,4.200000000000000000e+01,2.446368999999999971e+01
4.001530905736999699e+01,-8.303153108831999418e+01,2.327700000000000102e+00,-2.069599999999999884e+00,5.938800687476200046e-01,2.302944684615800264e-01,9.194658713079599810e-01,-5.148242969999999863e-01,-7.639343450000000146e-01,3.198283038550000015e+02,2.024000000000000000e+03,1.200000000000000000e+01,9.000000000000000000e+00,1.300000000000000000e+01,4.200000000000000000e+01,2.452295700000000167e+01
4.001531011408999916e+01,-8.303153229443999805e+01,2.350099999999999856e+00,-2.050600000000000200e+00,1.149380992079839903e+00,8.079300804552000392e-02,7.157038255982599573e-01,-5.475118660000000137e-01,-8.116191230000000534e-01,3.197689476759999820e+02,2.024000000000000000e+03,1.200000000000000000e+01,9.000000000000000000e+00,1.300000000000000000e+01,4.200000000000000000e+01,2.458282399999999868e+01
4.001531160874999671e+01,-8.303153395596000053e+01,2.376999999999999780e+00,-2.010800000000000143e+00,5.479184228019199354e-01,-8.879366876645999884e-02,2.545824437727000067e-01,-5.433363260000000361e-01,-9.104186840000000336e-01,3.196622000269999830e+02,2.024000000000000000e+03,1.200000000000000000e+01,9.000000000000000000e+00,1.300000000000000000e+01,4.200000000000000000e+01,2.464185000000000159e+01
4.001531289238000255e+01,-8.303153536755999653e+01,2.363599999999999923e+00,-2.010400000000000187e+00,-3.732290015618399681e-01,-2.890767523077200085e-01,-7.964828782384000827e-02,-4.629566179999999864e-01,-9.992624030000000213e-01,3.196121949359999803e+02,2.024000000000000000e+03,1.200000000000000000e+01,9.000000000000000000e+00,1.300000000000000000e+01,4.200000000000000000e+01,2.470048600000000150e+01
4.001531416430999855e+01,-8.303153678294999906e+01,2.331799999999999873e+00,-2.023499999999999854e+00,-1.127392350494220041e+00,-4.814594493639400286e-01,-2.381275418038599767e-01,-3.745420469999999891e-01,-1.080701657000000093e+00,3.196090316020000159e+02,2.024000000000000000e+03,1.200000000000000000e+01,9.000000000000000000e+00,1.300000000000000000e+01,4.200000000000000000e+01,2.476078199999999896e+01
4.001531541960999760e+01,-8.303153820507000660e+01,2.300600000000000200e+00,-2.028200000000000003e+00,-8.517880369328598711e-01,-7.075227505830999908e-01,-6.429850823342400101e-01,-3.452543539999999855e-01,-1.138418598999999976e+00,3.195980920650000030e+02,2.024000000000000000e+03,1.200000000000000000e+01,9.000000000000000000e+00,1.300000000000000000e+01,4.200000000000000000e+01,2.482058699999999973e+01
4.001531645271000315e+01,-8.303153939297000363e+01,2.276499999999999968e+00,-2.030699999999999950e+00,-6.666882752303199267e-01,-6.787698608867600569e-01,-2.999259790428999706e-01,-3.829080489999999726e-01,-1.160515557000000086e+00,3.195565004470000190e+02,2.024000000000000000e+03,1.200000000000000000e+01,9.000000000000000000e+00,1.300000000000000000e+01,4.200000000000000000e+01,2.488056500000000071e+01
4.001531788449999993e+01,-8.303154105536999907e+01,2.258700000000000152e+00,-2.022699999999999942e+00,8.033245493018000005e-02,-4.959091947626799723e-01,-4.759721708480000313e-01,-4.562770239999999755e-01,-1.167252701000000004e+00,3.194782783439999889e+02,2.024000000000000000e+03,1.200000000000000000e+01,9.000000000000000000e+00,1.300000000000000000e+01,4.200000000000000000e+01,2.493952499999999972e+01
4.001531911003999653e+01,-8.303154246360000457e+01,2.262799999999999923e+00,-1.995200000000000085e+00,5.356709804287199672e-01,-4.266825078745599686e-01,-3.488942372295200101e-01,-4.582792439999999745e-01,-1.149783951999999942e+00,3.194090733049999926e+02,2.024000000000000000e+03,1.200000000000000000e+01,9.000000000000000000e+00,1.300000000000000000e+01,4.200000000000000000e+01,2.500038899999999842e+01
4.001532033694000035e+01,-8.303154386098999851e+01,2.267500000000000071e+00,-1.988899999999999890e+00,1.204301577175200116e-01,1.309981553071200011e-01,-8.322108576388000112e-02,-4.388487019999999794e-01,-1.133488936000000002e+00,3.193550617020000004e+02,2.024000000000000000e+03,1.200000000000000000e+01,9.000000000000000000e+00,1.300000000000000000e+01,4.200000000000000000e+01,2.506056399999999940e+01
4.001532074690000229e+01,-8.303154432677000329e+01,2.271999999999999797e+00,-1.989900000000000002e+00,2.372379514136599976e-01,2.169467443656999950e-01,-1.119760704312000033e-01,-4.362933290000000075e-01,-1.140370596999999986e+00,3.193442276170000014e+02,2.024000000000000000e+03,1.200000000000000000e+01,9.000000000000000000e+00,1.300000000000000000e+01,4.200000000000000000e+01,2.512098399999999998e+01
4.001532218719999889e+01,-8.303154595258999393e+01,2.283799999999999830e+00,-1.983000000000000096e+00,1.443159649396200117e-01,1.128167642658600006e-01,-1.456261334152999798e-01,-3.975502670000000127e-01,-1.177178099999999894e+00,3.193041402019999850e+02,2.024000000000000000e+03,1.200000000000000000e+01,9.000000000000000000e+00,1.300000000000000000e+01,4.200000000000000000e+01,2.518014399999999853e+01
4.001532384002000242e+01,-8.303154780257999334e+01,2.297800000000000065e+00,-1.970299999999999940e+00,6.742650666561600392e-01,3.520744092583999452e-02,-3.616314555948599851e-01,-3.017147960000000073e-01,-1.222750143999999928e+00,3.192502584430000070e+02,2.024000000000000000e+03,1.200000000000000000e+01,9.000000000000000000e+00,1.300000000000000000e+01,4.200000000000000000e+01,2.524075500000000005e+01
4.001532527932000249e+01,-8.303154942326000310e+01,2.253800000000000026e+00,-1.999500000000000055e+00,-1.720839515127340125e+00,-4.918831664209200039e-01,-1.060013377659999867e-01,-1.946058890000000041e-01,-1.240307880999999890e+00,3.192023405040000057e+02,2.024000000000000000e+03,1.200000000000000000e+01,9.000000000000000000e+00,1.300000000000000000e+01,4.200000000000000000e+01,2.530019700000000071e+01
4.001532648992999697e+01,-8.303155082787999675e+01,2.215500000000000025e+00,-2.019000000000000128e+00,-1.426161131324960030e+00,-3.880621261197000349e-01,-7.059316081269999266e-02,-2.532737360000000271e-01,-1.200632187000000073e+00,3.191542165349999891e+02,2.024000000000000000e+03,1.200000000000000000e+01,9.000000000000000000e+00,1.300000000000000000e+01,4.200000000000000000e+01,2.535859599999999858e+01
4.001532768439000165e+01,-8.303155225300000097e+01,2.194999999999999840e+00,-2.046300000000000008e+00,-9.529653663988599810e-01,1.970912649960000068e-02,-8.514864625599999348e-02,-3.982007390000000258e-01,-1.145404029999999906e+00,3.191107884119999767e+02,2.024000000000000000e+03,1.200000000000000000e+01,9.000000000000000000e+00,1.300000000000000000e+01,4.200000000000000000e+01,2.541872000000000043e+01
4.001532867836999685e+01,-8.303155344188999720e+01,2.202599999999999891e+00,-2.034499999999999975e+00,2.892116650871799921e-01,-1.004846561941799971e-01,2.414439640430399991e-01,-4.832645400000000202e-01,-1.108196277000000007e+00,3.190749823400000196e+02,2.024000000000000000e+03,1.200000000000000000e+01,9.000000000000000000e+00,1.300000000000000000e+01,4.200000000000000000e+01,2.547778100000000023e+01
4.001533007396000130e+01,-8.303155509164000136e+01,2.208200000000000163e+00,-2.011899999999999800e+00,2.300312897661400124e-01,-2.994979142354600166e-01,1.440361749448799966e-01,-5.087397030000000431e-01,-1.040389996999999900e+00,3.190214839469999788e+02,2.024000000000000000e+03,1.200000000000000000e+01,9.000000000000000000e+00,1.300000000000000000e+01,4.200000000000000000e+01,2.553740200000000016e+01
4.001533126889000158e+01,-8.303155650501000196e+01,2.204400000000000137e+00,-2.024999999999999911e+00,-3.588833650687799914e-01,2.766126053542399821e-01,1.743383645040799956e-01,-5.752885389999999877e-01,-9.856738539999999604e-01,3.189956580090000102e+02,2.024000000000000000e+03,1.200000000000000000e+01,9.000000000000000000e+00,1.300000000000000000e+01,4.200000000000000000e+01,2.559813400000000172e+01
4.001533246686999945e+01,-8.303155791470000224e+01,2.226399999999999935e+00,-1.996299999999999963e+00,1.008971345013740084e+00,-7.505448988724000570e-02,1.187770919865400038e-01,-6.683127159999999733e-01,-9.699977929999999970e-01,3.189742761879999762e+02,2.024000000000000000e+03,1.200000000000000000e+01,9.000000000000000000e+00,1.300000000000000000e+01,4.200000000000000000e+01,2.565736100000000164e+01
4.001533367623999737e+01,-8.303155930199000068e+01,2.243599999999999817e+00,-1.961000000000000076e+00,1.674450550208079980e+00,-3.961460941385799850e-01,3.256873787347999705e-02,-6.346262759999999892e-01,-9.726091489999999506e-01,3.189356760269999995e+02,2.024000000000000000e+03,1.200000000000000000e+01,9.000000000000000000e+00,1.300000000000000000e+01,4.200000000000000000e+01,2.571765699999999910e+01
4.001533468617999745e+01,-8.303156044784999779e+01,2.237000000000000099e+00,-1.959799999999999986e+00,1.587519568818999971e-01,-2.084856866729000169e-01,1.139552452697999985e-01,-5.614788360000000367e-01,-9.716351760000000448e-01,3.188994471330000238e+02,2.024000000000000000e+03,1.200000000000000000e+01,9.000000000000000000e+00,1.300000000000000000e+01,4.200000000000000000e+01,2.577668699999999902e+01
4.001533589227999954e+01,-8.303156182464999802e+01,2.220600000000000129e+00,-1.964499999999999913e+00,-2.681138032901599910e-01,-3.501445218588999930e-01,-3.460421099644400145e-01,-5.240710299999999933e-01,-9.774427829999999817e-01,3.188590091390000225e+02,2.024000000000000000e+03,1.200000000000000000e+01,9.000000000000000000e+00,1.300000000000000000e+01,4.200000000000000000e+01,2.583589800000000025e+01
4.001533709348999679e+01,-8.303156319763999704e+01,2.208699999999999886e+00,-1.959200000000000053e+00,-3.987931381603799785e-01,-5.179299564299399972e-01,-1.126681923770000010e-01,-4.893510440000000128e-01,-9.846997450000000152e-01,3.188245473009999955e+02,2.024000000000000000e+03,1.200000000000000000e+01,9.000000000000000000e+00,1.300000000000000000e+01,4.200000000000000000e+01,2.589561499999999938e+01
4.001533828950000071e+01,-8.303156456790000561e+01,2.199899999999999967e+00,-1.958099999999999952e+00,-4.978810019692599953e-01,-3.241940639435799687e-01,-1.829337434715599953e-01,-4.386290689999999826e-01,-9.890032899999999794e-01,3.187904184450000002e+02,2.024000000000000000e+03,1.200000000000000000e+01,9.000000000000000000e+00,1.300000000000000000e+01,4.200000000000000000e+01,2.595661399999999830e+01
4.001533967355000243e+01,-8.303156616881000218e+01,2.176499999999999879e+00,-1.957500000000000018e+00,-3.871266297087199715e-01,-6.930266196549400570e-01,-3.049731105813999893e-02,-4.136238030000000121e-01,-9.785552870000000514e-01,3.187442297879999842e+02,2.024000000000000000e+03,1.200000000000000000e+01,9.000000000000000000e+00,1.300000000000000000e+01,4.200000000000000000e+01,2.601757699999999929e+01
4.001534065119000161e+01,-8.303156731427999659e+01,2.160200000000000120e+00,-1.959400000000000031e+00,-2.375363359701800070e-01,-4.780284340329000181e-01,-6.460971129420000139e-03,-4.264934810000000076e-01,-9.508661330000000023e-01,3.187147998479999842e+02,2.024000000000000000e+03,1.200000000000000000e+01,9.000000000000000000e+00,1.300000000000000000e+01,4.200000000000000000e+01,2.607689399999999935e+01
4.001534104105000011e+01,-8.303156777095999530e+01,2.157599999999999962e+00,-1.954299999999999926e+00,1.849344313663999970e-02,-5.019852550989399864e-01,-8.330236509149999136e-02,-4.341116320000000250e-01,-9.288116469999999625e-01,3.187013706669999920e+02,2.024000000000000000e+03,1.200000000000000000e+01,9.000000000000000000e+00,1.300000000000000000e+01,4.200000000000000000e+01,2.613703800000000044e+01
4.001534279500000224e+01,-8.303156982455000445e+01,2.156899999999999817e+00,-1.961899999999999977e+00,-4.898062454214400230e-01,1.228849068127399885e-01,3.035176418844600099e-01,-4.259891720000000270e-01,-8.302509689999999498e-01,3.186432919920000018e+02,2.024000000000000000e+03,1.200000000000000000e+01,9.000000000000000000e+00,1.300000000000000000e+01,4.200000000000000000e+01,2.619691800000000015e+01
4.001534415362999653e+01,-8.303157143721000466e+01,2.149099999999999788e+00,-1.979300000000000059e+00,-5.514380475547200344e-01,1.260033031034999973e-01,7.913707107657800277e-01,-4.592896799999999780e-01,-8.079553879999999966e-01,3.186118792299999996e+02,2.024000000000000000e+03,1.200000000000000000e+01,9.000000000000000000e+00,1.300000000000000000e+01,4.200000000000000000e+01,2.625776799999999866e+01
4.001534550963000214e+01,-8.303157306394000159e+01,2.145099999999999785e+00,-1.994599999999999929e+00,-3.768364904376599878e-01,1.800172560737999805e-01,2.145511893321999930e-01,-5.312296290000000365e-01,-8.168195200000000211e-01,3.185932930980000037e+02,2.024000000000000000e+03,1.200000000000000000e+01,9.000000000000000000e+00,1.300000000000000000e+01,4.200000000000000000e+01,2.631715099999999907e+01
4.001534647636000130e+01,-8.303157422965999501e+01,2.143100000000000005e+00,-1.995400000000000063e+00,-1.907907066169999832e-01,-3.281738974376000040e-02,4.116205448188000049e-01,-5.816197269999999753e-01,-8.407500369999999501e-01,3.185786290670000085e+02,2.024000000000000000e+03,1.200000000000000000e+01,9.000000000000000000e+00,1.300000000000000000e+01,4.200000000000000000e+01,2.637725000000000009e+01
4.001534763886999713e+01,-8.303157562334999398e+01,2.153900000000000148e+00,-1.979300000000000059e+00,5.477861964805199602e-01,-1.245033132139400089e-01,2.156829338429600285e-01,-6.261354679999999728e-01,-8.765385949999999760e-01,3.185417715390000239e+02,2.024000000000000000e+03,1.200000000000000000e+01,9.000000000000000000e+00,1.300000000000000000e+01,4.200000000000000000e+01,2.643694699999999997e+01
4.001534880772000236e+01,-8.303157700434999811e+01,2.164000000000000146e+00,-1.964299999999999935e+00,3.027210493100199740e-01,-2.484226858832000104e-02,2.391559554123999856e-02,-6.331192839999999489e-01,-9.226481060000000234e-01,3.184897682120000013e+02,2.024000000000000000e+03,1.200000000000000000e+01,9.000000000000000000e+00,1.300000000000000000e+01,4.200000000000000000e+01,2.649667799999999929e+01
4.001535017090999702e+01,-8.303157860796000023e+01,2.161500000000000199e+00,-1.955999999999999961e+00,1.439884318958200016e-01,-1.738057419689000016e-01,-3.454718081928200291e-01,-6.190265440000000119e-01,-9.589790280000000111e-01,3.184480984090000106e+02,2.024000000000000000e+03,1.200000000000000000e+01,9.000000000000000000e+00,1.300000000000000000e+01,4.200000000000000000e+01,2.655694700000000097e+01
4.001535134440000263e+01,-8.303157997738999541e+01,2.176400000000000112e+00,-1.948600000000000110e+00,3.728890547808400013e-01,1.979223561582599822e-01,-5.486793999753799556e-01,-5.721649659999999971e-01,-9.949264679999999528e-01,3.184341440970000008e+02,2.024000000000000000e+03,1.200000000000000000e+01,9.000000000000000000e+00,1.300000000000000000e+01,4.200000000000000000e+01,2.661787400000000048e+01
4.001535232850000057e+01,-8.303158111118999329e+01,2.189000000000000057e+00,-1.932099999999999929e+00,6.835451690992999652e-01,-5.122715065540000418e-02,-5.368516559095599661e-01,-5.044640900000000316e-01,-1.031936361999999940e+00,3.184306498309999824e+02,2.024000000000000000e+03,1.200000000000000000e+01,9.000000000000000000e+00,1.300000000000000000e+01,4.200000000000000000e+01,2.667845300000000108e+01
4.001535371714999911e+01,-8.303158268367999995e+01,2.208899999999999864e+00,-1.910199999999999898e+00,7.060227656584400213e-01,-7.286299139480000020e-02,-3.956505592255399884e-01,-3.428466800000000148e-01,-1.080702067000000044e+00,3.184133477309999876e+02,2.024000000000000000e+03,1.200000000000000000e+01,9.000000000000000000e+00,1.300000000000000000e+01,4.200000000000000000e+01,2.674037999999999826e+01
4.001535491124000288e+01,-8.303158401766999930e+01,2.200600000000000112e+00,-1.896300000000000097e+00,-1.777391896515800040e-01,-6.437533522609799608e-01,-1.409968925850799970e-01,-1.558920460000000063e-01,-1.100926797999999929e+00,3.183682851140000025e+02,2.024000000000000000e+03,1.200000000000000000e+01,9.000000000000000000e+00,1.300000000000000000e+01,4.200000000000000000e+01,2.680065199999999948e+01
4.001535609289000206e+01,-8.303158536021000202e+01,2.166100000000000136e+00,-1.928099999999999925e+00,-1.686923023572540092e+00,-2.663825259575799964e-01,-1.626175205715000016e-01,-2.264963000000000046e-02,-1.084095480000000000e+00,3.183198882280000248e+02,2.024000000000000000e+03,1.200000000000000000e+01,9.000000000000000000e+00,1.300000000000000000e+01,4.200000000000000000e+01,2.685982500000000073e+01
4.001535723375000231e+01,-8.303158674146000351e+01,2.055499999999999883e+00,-2.007899999999999796e+00,-4.530353551546300039e+00,-9.920576935192400025e-01,4.396174213046199486e-01,-1.110032620000000053e-01,-1.037168912999999915e+00,3.183016013850000263e+02,2.024000000000000000e+03,1.200000000000000000e+01,9.000000000000000000e+00,1.300000000000000000e+01,4.200000000000000000e+01,2.692167200000000093e+01
4.001535833626000027e+01,-8.303158816990999469e+01,2.023000000000000131e+00,-2.058499999999999996e+00,-1.748194319321279888e+00,2.862102396685999861e-01,3.644601520944799611e-01,-4.416526849999999893e-01,-9.635338009999999676e-01,3.182902530970000043e+02,2.024000000000000000e+03,1.200000000000000000e+01,9.000000000000000000e+00,1.300000000000000000e+01,4.200000000000000000e+01,2.698138300000000100e+01
4.001535943377999871e+01,-8.303158962518000408e+01,2.030400000000000205e+00,-2.087600000000000122e+00,-6.629814916018800242e-01,6.900791663489800332e-01,2.985166999858400172e-01,-7.517707569999999562e-01,-9.496857039999999639e-01,3.182769307550000235e+02,2.024000000000000000e+03,1.200000000000000000e+01,9.000000000000000000e+00,1.300000000000000000e+01,4.200000000000000000e+01,2.704190099999999930e+01
4.001535998399999983e+01,-8.303159035349999328e+01,2.039000000000000146e+00,-2.071699999999999875e+00,6.858579546398200222e-01,1.473492223390000105e-02,3.160536280726999880e-01,-8.876239390000000284e-01,-9.575472000000000428e-01,3.182601911790000031e+02,2.024000000000000000e+03,1.200000000000000000e+01,9.000000000000000000e+00,1.300000000000000000e+01,4.200000000000000000e+01,2.710181000000000040e+01
4.001536109493999760e+01,-8.303159177892000287e+01,2.071899999999999853e+00,-1.992599999999999927e+00,2.850730653617000065e+00,-8.800248659265199613e-01,6.227002228412200635e-01,-1.053786785000000004e+00,-9.564074270000000322e-01,3.182163725569999997e+02,2.024000000000000000e+03,1.200000000000000000e+01,9.000000000000000000e+00,1.300000000000000000e+01,4.200000000000000000e+01,2.716131199999999879e+01
4.001536279682999719e+01,-8.303159383236000224e+01,2.124899999999999789e+00,-1.896800000000000042e+00,2.435591505560839920e+00,-6.347022263942599940e-01,-7.155352955831999207e-02,-1.075365349999999998e+00,-8.688340759999999552e-01,3.182035251639999842e+02,2.024000000000000000e+03,1.200000000000000000e+01,9.000000000000000000e+00,1.300000000000000000e+01,4.200000000000000000e+01,2.722021099999999905e+01
4.001536376138999884e+01,-8.303159493635000388e+01,2.159899999999999931e+00,-1.857299999999999951e+00,1.162666228997639939e+00,2.047891770873999998e-02,-2.857552952179999960e-03,-9.941153560000000056e-01,-7.971037570000000239e-01,3.182201349559999812e+02,2.024000000000000000e+03,1.200000000000000000e+01,9.000000000000000000e+00,1.300000000000000000e+01,4.200000000000000000e+01,2.728008399999999867e+01
4.001536513418999874e+01,-8.303159645521000698e+01,2.184000000000000163e+00,-1.838600000000000012e+00,5.339544395934799903e-01,1.309464908750000017e-02,-1.422537471298000039e-02,-7.408021790000000051e-01,-7.305109950000000518e-01,3.182310452199999986e+02,2.024000000000000000e+03,1.200000000000000000e+01,9.000000000000000000e+00,1.300000000000000000e+01,4.200000000000000000e+01,2.733906800000000104e+01
4.001536631316000125e+01,-8.303159775727000635e+01,2.179600000000000204e+00,-1.854400000000000048e+00,-5.131604928783199959e-01,3.089751659086599767e-01,-3.693043642277399896e-01,-5.101012529999999767e-01,-6.885173150000000186e-01,3.182075586930000100e+02,2.024000000000000000e+03,1.200000000000000000e+01,9.000000000000000000e+00,1.300000000000000000e+01,4.200000000000000000e+01,2.739945000000000164e+01
4.001536748163000112e+01,-8.303159907952000651e+01,2.142300000000000093e+00,-1.898400000000000087e+00,-2.074020425501860387e+00,6.139404180058000149e-02,-4.975013260064000131e-01,-3.405569780000000102e-01,-6.660815289999999500e-01,3.181743940599999974e+02,2.024000000000000000e+03,1.200000000000000000e+01,9.000000000000000000e+00,1.300000000000000000e+01,4.200000000000000000e+01,2.746142899999999898e+01
4.001536862491000335e+01,-8.303160043395000400e+01,2.091699999999999893e+00,-1.940900000000000070e+00,-1.975172757889260167e+00,-2.774237495640199946e-01,-6.960300599644400066e-01,-3.237645069999999792e-01,-6.307272870000000253e-01,3.181590971389999822e+02,2.024000000000000000e+03,1.200000000000000000e+01,9.000000000000000000e+00,1.300000000000000000e+01,4.200000000000000000e+01,2.752376699999999943e+01
4.001536956473000117e+01,-8.303160157486000514e+01,2.077399999999999913e+00,-1.946199999999999930e+00,-6.169863844491999538e-01,-3.071456691699600006e-01,-3.726332512519399676e-01,-3.744416620000000084e-01,-5.834049610000000552e-01,3.181481142370000157e+02,2.024000000000000000e+03,1.200000000000000000e+01,9.000000000000000000e+00,1.300000000000000000e+01,4.200000000000000000e+01,2.758493899999999854e+01
4.001537087863999886e+01,-8.303160317008999414e+01,2.086399999999999810e+00,-1.935100000000000042e+00,3.907354603307600094e-01,-4.367403979049999663e-02,-3.226065518681999755e-01,-4.184971530000000106e-01,-5.034651329999999536e-01,3.181229374850000227e+02,2.024000000000000000e+03,1.200000000000000000e+01,9.000000000000000000e+00,1.300000000000000000e+01,4.200000000000000000e+01,2.764511800000000008e+01
4.001537200877000089e+01,-8.303160452934000091e+01,2.095099999999999962e+00,-1.920500000000000096e+00,6.424687219789400050e-01,-1.593762819846799850e-01,3.786743195686000096e-02,-4.052329809999999921e-01,-4.284247999999999945e-01,3.181028684870000234e+02,2.024000000000000000e+03,1.200000000000000000e+01,9.000000000000000000e+00,1.300000000000000000e+01,4.200000000000000000e+01,2.770665800000000090e+01
4.001537333348999681e+01,-8.303160611197999685e+01,2.106300000000000061e+00,-1.925200000000000022e+00,3.654055540787999878e-01,2.663367751393999616e-01,5.436231804868399964e-01,-3.840738320000000039e-01,-3.560640729999999810e-01,3.181049637300000086e+02,2.024000000000000000e+03,1.200000000000000000e+01,9.000000000000000000e+00,1.300000000000000000e+01,4.200000000000000000e+01,2.776855799999999874e+01
4.001537427977000050e+01,-8.303160724625000455e+01,2.098700000000000010e+00,-1.939300000000000024e+00,-5.269590575329999860e-01,2.671561866548000097e-01,1.253722094031360035e+00,-3.887414570000000125e-01,-3.296177490000000154e-01,3.181229366649999974e+02,2.024000000000000000e+03,1.200000000000000000e+01,9.000000000000000000e+00,1.300000000000000000e+01,4.200000000000000000e+01,2.782905299999999826e+01
4.001537559474000005e+01,-8.303160886134000407e+01,2.076700000000000212e+00,-1.978499999999999925e+00,-4.330797096223200082e-01,7.085172807341999501e-02,2.845306279259999793e-01,-4.655564939999999874e-01,-3.520936880000000158e-01,3.181698175089999836e+02,2.024000000000000000e+03,1.200000000000000000e+01,9.000000000000000000e+00,1.300000000000000000e+01,4.200000000000000000e+01,2.788899599999999879e+01
4.001537671473000302e+01,-8.303161025510999593e+01,2.061799999999999855e+00,-1.984399999999999942e+00,-7.128960194068200140e-01,-2.464215355573199928e-01,-3.190552055053400005e-01,-5.598252409999999735e-01,-3.671157319999999724e-01,3.181725473590000206e+02,2.024000000000000000e+03,1.200000000000000000e+01,9.000000000000000000e+00,1.300000000000000000e+01,4.200000000000000000e+01,2.794925999999999888e+01
4.001537782673999999e+01,-8.303161165216999962e+01,2.055200000000000138e+00,-1.981500000000000039e+00,1.450647004507600035e-01,-1.572396072278600121e-01,9.388779984577999560e-02,-6.777535799999999666e-01,-3.617637969999999981e-01,3.181526148130000138e+02,2.024000000000000000e+03,1.200000000000000000e+01,9.000000000000000000e+00,1.300000000000000000e+01,4.200000000000000000e+01,2.801139500000000027e+01
4.001537894591000111e+01,-8.303161304012999722e+01,2.083400000000000141e+00,-1.957899999999999974e+00,1.393908416330760014e+00,1.095671566462600027e-01,4.435245438963400511e-01,-7.588279980000000036e-01,-3.911085870000000075e-01,3.181285233980000271e+02,2.024000000000000000e+03,1.200000000000000000e+01,9.000000000000000000e+00,1.300000000000000000e+01,4.200000000000000000e+01,2.807161899999999832e+01
4.001537913364000332e+01,-8.303161327022999671e+01,2.086699999999999999e+00,-1.956399999999999917e+00,1.210693094443880069e+00,1.967605409795199767e-01,3.498356678882199589e-01,-7.692782259999999539e-01,-4.002379050000000049e-01,3.181239064650000046e+02,2.024000000000000000e+03,1.200000000000000000e+01,9.000000000000000000e+00,1.300000000000000000e+01,4.200000000000000000e+01,2.813205200000000161e+01
4.001538083677999680e+01,-8.303161531662000527e+01,2.112899999999999778e+00,-1.915300000000000002e+00,1.146354865712859938e+00,-2.650395860893600131e-01,3.372631185659200059e-01,-7.705188750000000475e-01,-4.942555370000000226e-01,3.181036411700000031e+02,2.024000000000000000e+03,1.200000000000000000e+01,9.000000000000000000e+00,1.300000000000000000e+01,4.200000000000000000e+01,2.819223399999999913e+01
4.001538236903999746e+01,-8.303161709287999770e+01,2.127099999999999991e+00,-1.882300000000000084e+00,7.430104087501799848e-01,-2.574434263025999758e-01,-3.965504841541200309e-01,-6.547897870000000120e-01,-5.536760280000000423e-01,3.181039919429999827e+02,2.024000000000000000e+03,1.200000000000000000e+01,9.000000000000000000e+00,1.300000000000000000e+01,4.200000000000000000e+01,2.825228999999999857e+01
4.001538352415000332e+01,-8.303161840970000185e+01,2.128600000000000048e+00,-1.874600000000000044e+00,2.325436959207199950e-01,-2.177206902429599800e-01,-4.148635730861199855e-01,-5.210806980000000088e-01,-5.998866710000000380e-01,3.180954536919999782e+02,2.024000000000000000e+03,1.200000000000000000e+01,9.000000000000000000e+00,1.300000000000000000e+01,4.200000000000000000e+01,2.831269500000000150e+01
4.001538467406000166e+01,-8.303161972127000467e+01,2.114199999999999857e+00,-1.867099999999999982e+00,-5.848321248399999646e-04,-4.719051811779799710e-01,-6.331839923218000044e-01,-4.014358949999999870e-01,-6.174180390000000296e-01,3.180771385410000107e+02,2.024000000000000000e+03,1.200000000000000000e+01,9.000000000000000000e+00,1.300000000000000000e+01,4.200000000000000000e+01,2.837285500000000127e+01
4.001538581119000071e+01,-8.303162103479000677e+01,2.080099999999999838e+00,-1.881000000000000005e+00,-1.096326122458239904e+00,-4.827167088437199771e-01,-2.271616555206400212e-01,-3.173806980000000166e-01,-6.031971299999999703e-01,3.180588174430000095e+02,2.024000000000000000e+03,1.200000000000000000e+01,9.000000000000000000e+00,1.300000000000000000e+01,4.200000000000000000e+01,2.843229200000000034e+01
4.001538693812999981e+01,-8.303162235905000443e+01,2.069999999999999840e+00,-1.895100000000000007e+00,-5.908820414843999336e-01,-1.001581973325600117e-01,-1.104706781088399953e-01,-2.843790010000000201e-01,-5.836060779999999726e-01,3.180535775480000211e+02,2.024000000000000000e+03,1.200000000000000000e+01,9.000000000000000000e+00,1.300000000000000000e+01,4.200000000000000000e+01,2.848983700000000141e+01
4.001538806141000038e+01,-8.303162369115999297e+01,2.067699999999999871e+00,-1.908800000000000052e+00,-4.882824071658999898e-01,2.234095871935399824e-01,-1.233936698018199968e-01,-2.444422199999999878e-01,-5.783513190000000304e-01,3.180532521619999784e+02,2.024000000000000000e+03,1.200000000000000000e+01,9.000000000000000000e+00,1.300000000000000000e+01,4.200000000000000000e+01,2.855027199999999965e+01
4.001538917335000178e+01,-8.303162503856999876e+01,2.039400000000000102e+00,-1.932099999999999929e+00,-9.369744000441400100e-01,-1.056503282830599938e-01,2.074942470494200164e-01,-2.813639780000000146e-01,-5.822215630000000530e-01,3.180555678370000123e+02,2.024000000000000000e+03,1.200000000000000000e+01,9.000000000000000000e+00,1.300000000000000000e+01,4.200000000000000000e+01,2.861154799999999909e+01
4.001539028516000229e+01,-8.303162638815000207e+01,2.058800000000000185e+00,-1.918299999999999894e+00,8.964755518581000171e-01,1.515043707739600065e-01,1.966805798637600022e-01,-3.451465180000000132e-01,-5.878913740000000221e-01,3.180464154439999902e+02,2.024000000000000000e+03,1.200000000000000000e+01,9.000000000000000000e+00,1.300000000000000000e+01,4.200000000000000000e+01,2.867180899999999966e+01
4.001539138778999671e+01,-8.303162773661999552e+01,2.012599999999999945e+00,-1.927499999999999991e+00,-1.226928848294839947e+00,-8.955128052587999488e-01,2.440311977095000195e-01,-3.974734240000000196e-01,-5.837808279999999739e-01,3.180397543519999886e+02,2.024000000000000000e+03,1.200000000000000000e+01,9.000000000000000000e+00,1.300000000000000000e+01,4.200000000000000000e+01,2.873168799999999834e+01
4.001539247801999721e+01,-8.303162908474000403e+01,2.006099999999999994e+00,-1.918299999999999894e+00,7.892363884767999993e-02,-4.010747343807400389e-01,4.740493464911999660e-02,-5.206041820000000264e-01,-5.283924269999999979e-01,3.180215223349999860e+02,2.024000000000000000e+03,1.200000000000000000e+01,9.000000000000000000e+00,1.300000000000000000e+01,4.200000000000000000e+01,2.879273299999999836e+01
4.001539356871000308e+01,-8.303163043153000444e+01,2.012900000000000134e+00,-1.928800000000000070e+00,-2.791493703237200030e-01,4.527826019205200558e-01,2.292937386299999901e-03,-5.954272579999999593e-01,-4.837806780000000195e-01,3.180161276719999819e+02,2.024000000000000000e+03,1.200000000000000000e+01,9.000000000000000000e+00,1.300000000000000000e+01,4.200000000000000000e+01,2.885480400000000145e+01
4.001539466197999673e+01,-8.303163178169999981e+01,2.018499999999999961e+00,-1.914700000000000069e+00,7.423073142644800448e-01,-4.110190789028999592e-01,4.317433797481199931e-01,-6.791983029999999477e-01,-4.918571720000000091e-01,3.180122664240000177e+02,2.024000000000000000e+03,1.200000000000000000e+01,9.000000000000000000e+00,1.300000000000000000e+01,4.200000000000000000e+01,2.891487199999999902e+01
4.001539575806999949e+01,-8.303163310523000007e+01,2.019800000000000040e+00,-1.870000000000000107e+00,8.684665425147199969e-01,-9.241182751671800366e-01,4.197280793150600098e-01,-6.849340630000000374e-01,-4.732732610000000006e-01,3.179830823120000218e+02,2.024000000000000000e+03,1.200000000000000000e+01,9.000000000000000000e+00,1.300000000000000000e+01,4.200000000000000000e+01,2.897765499999999861e+01
4.001539703718000140e+01,-8.303163463385000398e+01,2.017599999999999838e+00,-1.867499999999999938e+00,-1.887585761144199847e-01,-2.292317847567199862e-01,1.118390885168600024e-01,-6.679595189999999461e-01,-4.156209679999999795e-01,3.179699980789999927e+02,2.024000000000000000e+03,1.200000000000000000e+01,9.000000000000000000e+00,1.300000000000000000e+01,4.200000000000000000e+01,2.903941599999999923e+01
4.001539758661999713e+01,-8.303163528743999677e+01,2.028099999999999792e+00,-1.864800000000000013e+00,3.096852296047399866e-01,2.215839171739399927e-01,-3.661625763101999942e-01,-6.770454240000000068e-01,-3.886795539999999827e-01,3.179702006640000036e+02,2.024000000000000000e+03,1.200000000000000000e+01,9.000000000000000000e+00,1.300000000000000000e+01,4.200000000000000000e+01,2.910052299999999903e+01
4.001539868599000016e+01,-8.303163659356999915e+01,2.031000000000000139e+00,-1.861399999999999944e+00,3.753408744680999942e-01,5.519892537959999665e-03,1.604163322179200102e-01,-6.643013159999999750e-01,-3.717760130000000163e-01,3.179748591399999782e+02,2.024000000000000000e+03,1.200000000000000000e+01,9.000000000000000000e+00,1.300000000000000000e+01,4.200000000000000000e+01,2.916015399999999858e+01
4.001540034063000206e+01,-8.303163854336000327e+01,2.033199999999999896e+00,-1.850000000000000089e+00,1.322222825871799956e-01,-2.936502060619399779e-01,-6.223313946748399994e-01,-5.857925219999999822e-01,-3.825451220000000152e-01,3.179623295900000244e+02,2.024000000000000000e+03,1.200000000000000000e+01,9.000000000000000000e+00,1.300000000000000000e+01,4.200000000000000000e+01,2.922263900000000092e+01
4.001540125548000049e+01,-8.303163962234999929e+01,2.020500000000000185e+00,-1.855199999999999960e+00,-4.862289051612200264e-01,-3.600061024061200210e-01,-5.122419062881999885e-02,-5.625154209999999599e-01,-3.729652929999999755e-01,3.179461922969999819e+02,2.024000000000000000e+03,1.200000000000000000e+01,9.000000000000000000e+00,1.300000000000000000e+01,4.200000000000000000e+01,2.928290700000000157e+01
4.001540252958999844e+01,-8.303164112673999853e+01,2.012199999999999989e+00,-1.834000000000000075e+00,3.193070934220599844e-01,-6.123500762624600746e-01,-1.090699460105199886e-01,-5.325842499999999813e-01,-3.379281559999999796e-01,3.179228582270000061e+02,2.024000000000000000e+03,1.200000000000000000e+01,9.000000000000000000e+00,1.300000000000000000e+01,4.200000000000000000e+01,2.934352099999999908e+01
4.001540362149999908e+01,-8.303164240654000139e+01,2.012000000000000011e+00,-1.833900000000000086e+00,-2.842274155239999933e-01,-4.576126794382000262e-02,2.261277118795400054e-01,-4.624948139999999763e-01,-2.973925559999999746e-01,3.179176817950000213e+02,2.024000000000000000e+03,1.200000000000000000e+01,9.000000000000000000e+00,1.300000000000000000e+01,4.200000000000000000e+01,2.940395300000000134e+01
4.001540471004999944e+01,-8.303164368606999801e+01,2.005999999999999783e+00,-1.830999999999999961e+00,-1.030305214354200055e-01,-1.505952450816799848e-01,7.809723193827999843e-02,-4.113506210000000274e-01,-2.562461089999999997e-01,3.179137032130000193e+02,2.024000000000000000e+03,1.200000000000000000e+01,9.000000000000000000e+00,1.300000000000000000e+01,4.200000000000000000e+01,2.946486499999999964e+01
4.001540579115999918e+01,-8.303164497067000127e+01,1.989100000000000090e+00,-1.839699999999999891e+00,-3.395731793951999866e-01,-2.611301636666999992e-01,-1.334709723184999974e-01,-4.006162109999999998e-01,-2.089057390000000070e-01,3.179067940489999842e+02,2.024000000000000000e+03,1.200000000000000000e+01,9.000000000000000000e+00,1.300000000000000000e+01,4.200000000000000000e+01,2.952541700000000091e+01
4.001540668636000220e+01,-8.303164604529999338e+01,1.982699999999999907e+00,-1.843199999999999950e+00,4.247665184816000472e-02,-1.091210917914400141e-01,1.615786696753800100e-01,-4.105394849999999818e-01,-1.668250169999999921e-01,3.178992960549999793e+02,2.024000000000000000e+03,1.200000000000000000e+01,9.000000000000000000e+00,1.300000000000000000e+01,4.200000000000000000e+01,2.958611000000000146e+01
4.001540794691000258e+01,-8.303164753616999860e+01,1.999900000000000011e+00,-1.820200000000000040e+00,4.626418264490400056e-01,-5.098816193208000752e-02,-1.741841321161599898e-01,-3.504640159999999893e-01,-1.126479690000000006e-01,3.178795857709999950e+02,2.024000000000000000e+03,1.200000000000000000e+01,9.000000000000000000e+00,1.300000000000000000e+01,4.200000000000000000e+01,2.964645000000000152e+01
4.001540920093000153e+01,-8.303164904626000009e+01,1.973500000000000032e+00,-1.879599999999999937e+00,-1.698774237358620098e+00,6.595534791373800498e-01,6.614544154453200209e-01,-3.493478500000000153e-01,-1.110664249999999964e-01,3.178947256559999914e+02,2.024000000000000000e+03,1.200000000000000000e+01,9.000000000000000000e+00,1.300000000000000000e+01,4.200000000000000000e+01,2.970749299999999948e+01
4.001541027097000125e+01,-8.303165036032000046e+01,1.973200000000000065e+00,-1.882900000000000018e+00,-2.331099021859800169e-01,2.985436246123999993e-02,4.118937182931199925e-01,-4.398201840000000029e-01,-1.771272670000000049e-01,3.179069589999999721e+02,2.024000000000000000e+03,1.200000000000000000e+01,9.000000000000000000e+00,1.300000000000000000e+01,4.200000000000000000e+01,2.976839199999999863e+01
4.001541115954999839e+01,-8.303165145524999957e+01,1.963899999999999979e+00,-1.878400000000000070e+00,-1.857321649498600014e-01,-3.220538615687600359e-01,-1.572493427899999963e-01,-5.023171210000000331e-01,-2.223634939999999949e-01,3.179017496260000257e+02,2.024000000000000000e+03,1.200000000000000000e+01,9.000000000000000000e+00,1.300000000000000000e+01,4.200000000000000000e+01,2.982977999999999952e+01
4.001541239499999847e+01,-8.303165298030999963e+01,1.952599999999999891e+00,-1.861599999999999921e+00,3.067148708617800090e-01,-3.237088955037600302e-01,3.439931254209800393e-01,-5.753772769999999648e-01,-2.452815429999999908e-01,3.178812028090000013e+02,2.024000000000000000e+03,1.200000000000000000e+01,9.000000000000000000e+00,1.300000000000000000e+01,4.200000000000000000e+01,2.989065499999999886e+01
4.001541345454999998e+01,-8.303165427924000142e+01,1.957899999999999974e+00,-1.853799999999999892e+00,1.802374911453800133e-01,-7.104012733737999352e-02,3.731856935569800027e-01,-6.149693680000000162e-01,-2.801522839999999737e-01,3.178738755670000273e+02,2.024000000000000000e+03,1.200000000000000000e+01,9.000000000000000000e+00,1.300000000000000000e+01,4.200000000000000000e+01,2.995226200000000105e+01
4.001541451645999814e+01,-8.303165556730000674e+01,1.959300000000000042e+00,-1.835499999999999909e+00,1.793997363029800063e-01,-3.467494166041000248e-01,-6.350252648994000881e-02,-6.526306910000000405e-01,-3.211343190000000014e-01,3.178753687299999910e+02,2.024000000000000000e+03,1.200000000000000000e+01,9.000000000000000000e+00,1.300000000000000000e+01,4.200000000000000000e+01,3.001399699999999982e+01
4.001541557955999906e+01,-8.303165684140999758e+01,1.964900000000000091e+00,-1.811800000000000077e+00,5.722005626603799966e-01,-3.607116530486599859e-01,-3.367898587848000003e-01,-6.615638139999999723e-01,-3.412230090000000216e-01,3.178847141790000137e+02,2.024000000000000000e+03,1.200000000000000000e+01,9.000000000000000000e+00,1.300000000000000000e+01,4.200000000000000000e+01,3.007555199999999829e+01
4.001541593449999823e+01,-8.303165726320999340e+01,1.966199999999999948e+00,-1.805900000000000061e+00,6.040027904281800586e-01,-3.161962950059399868e-01,-2.325539663005399826e-01,-6.563217529999999522e-01,-3.449118079999999864e-01,3.178873260739999864e+02,2.024000000000000000e+03,1.200000000000000000e+01,9.000000000000000000e+00,1.300000000000000000e+01,4.200000000000000000e+01,3.013612099999999927e+01
4.001541769938999948e+01,-8.303165935753000326e+01,1.946399999999999908e+00,-1.786999999999999922e+00,2.276031962507999995e-01,-5.630914369341999404e-01,-3.472999095579200057e-01,-5.998123509999999659e-01,-3.241779510000000197e-01,3.178672343119999937e+02,2.024000000000000000e+03,1.200000000000000000e+01,9.000000000000000000e+00,1.300000000000000000e+01,4.200000000000000000e+01,3.019760799999999890e+01
4.001541875278999782e+01,-8.303166060840999307e+01,1.937300000000000022e+00,-1.792200000000000015e+00,-3.193779580103000004e-01,-9.021949429296000078e-02,-3.508740955588600108e-01,-5.849400850000000540e-01,-2.889310139999999860e-01,3.178443174249999856e+02,2.024000000000000000e+03,1.200000000000000000e+01,9.000000000000000000e+00,1.300000000000000000e+01,4.200000000000000000e+01,3.025851300000000066e+01
4.001541998054000260e+01,-8.303166206867000199e+01,1.943999999999999950e+00,-1.788599999999999968e+00,2.895661035211399836e-01,1.261653338965599835e-01,1.166196814083600014e-01,-5.589617850000000443e-01,-2.665355819999999931e-01,3.178343896480000126e+02,2.024000000000000000e+03,1.200000000000000000e+01,9.000000000000000000e+00,1.300000000000000000e+01,4.200000000000000000e+01,3.031857700000000122e+01
4.001542085863999887e+01,-8.303166311046000203e+01,1.942399999999999904e+00,-1.786699999999999955e+00,1.148654792636600031e-01,-1.050885570454200002e-01,1.055332662372000102e-01,-5.280266879999999663e-01,-2.716845159999999870e-01,3.178315819260000126e+02,2.024000000000000000e+03,1.200000000000000000e+01,9.000000000000000000e+00,1.300000000000000000e+01,4.200000000000000000e+01,3.037947099999999878e+01
4.001542191186999986e+01,-8.303166435801000489e+01,1.941400000000000015e+00,-1.780699999999999950e+00,1.722598456212200146e-01,-1.919796697828999865e-01,3.933195204842200310e-01,-4.953284399999999810e-01,-2.865982490000000271e-01,3.178249187949999737e+02,2.024000000000000000e+03,1.200000000000000000e+01,9.000000000000000000e+00,1.300000000000000000e+01,4.200000000000000000e+01,3.044118500000000083e+01
4.001542314249999777e+01,-8.303166581197000085e+01,1.946499999999999897e+00,-1.789400000000000102e+00,-1.996484015398600209e-01,6.115712480306400023e-01,4.624090027795599855e-01,-4.431968559999999724e-01,-3.176874709999999991e-01,3.178232416370000237e+02,2.024000000000000000e+03,1.200000000000000000e+01,9.000000000000000000e+00,1.300000000000000000e+01,4.200000000000000000e+01,3.050346800000000158e+01
4.001542419919999816e+01,-8.303166706573000511e+01,1.951100000000000056e+00,-1.791099999999999914e+00,2.491594857428000021e-01,3.309116214840000098e-02,5.996883843028000260e-02,-4.096814220000000173e-01,-3.934762090000000212e-01,3.178241378970000142e+02,2.024000000000000000e+03,1.200000000000000000e+01,9.000000000000000000e+00,1.300000000000000000e+01,4.200000000000000000e+01,3.056452300000000122e+01
4.001542525939999706e+01,-8.303166831260999459e+01,1.962699999999999889e+00,-1.773400000000000087e+00,8.614780410031399605e-01,-5.309674617773999655e-02,4.464329682010000078e-02,-3.645032670000000197e-01,-4.717020630000000048e-01,3.178070389449999880e+02,2.024000000000000000e+03,1.200000000000000000e+01,9.000000000000000000e+00,1.300000000000000000e+01,4.200000000000000000e+01,3.062507899999999950e+01
4.001542631972999686e+01,-8.303166954943999656e+01,1.935499999999999998e+00,-1.771800000000000042e+00,-1.146553666173500075e+00,-8.789842822329598793e-01,-6.148732028554000362e-01,-2.844551149999999806e-01,-5.362305699999999620e-01,3.177851756779999732e+02,2.024000000000000000e+03,1.200000000000000000e+01,9.000000000000000000e+00,1.300000000000000000e+01,4.200000000000000000e+01,3.068610200000000177e+01
4.001542735345000068e+01,-8.303167080263999367e+01,1.882400000000000073e+00,-1.808200000000000029e+00,-1.924323729435339914e+00,-4.087354394811999470e-01,-3.714343842416000241e-01,-3.442934830000000113e-01,-5.295867480000000516e-01,3.177927098239999850e+02,2.024000000000000000e+03,1.200000000000000000e+01,9.000000000000000000e+00,1.300000000000000000e+01,4.200000000000000000e+01,3.074644299999999930e+01
4.001542853451000070e+01,-8.303167228507000175e+01,1.852700000000000014e+00,-1.819600000000000106e+00,-5.084700229808799543e-01,-4.939077473259200213e-01,4.548058413385999699e-02,-5.187745759999999873e-01,-4.994709689999999869e-01,3.178140380890000074e+02,2.024000000000000000e+03,1.200000000000000000e+01,9.000000000000000000e+00,1.300000000000000000e+01,4.200000000000000000e+01,3.080758700000000161e+01
4.001542953313000339e+01,-8.303167355453000198e+01,1.835199999999999942e+00,-1.805800000000000072e+00,1.780507970746199875e-01,-7.075449685972399205e-01,3.460952226256600039e-01,-6.404825659999999754e-01,-4.430649560000000098e-01,3.178105125719999933e+02,2.024000000000000000e+03,1.200000000000000000e+01,9.000000000000000000e+00,1.300000000000000000e+01,4.200000000000000000e+01,3.086770200000000131e+01
4.001543036615999682e+01,-8.303167459736999945e+01,1.848999999999999977e+00,-1.775700000000000056e+00,1.161582734484119861e+00,-3.733611642203800152e-01,4.533973674671200049e-01,-7.059192290000000369e-01,-3.752052619999999838e-01,3.177734213929999783e+02,2.024000000000000000e+03,1.200000000000000000e+01,9.000000000000000000e+00,1.300000000000000000e+01,4.200000000000000000e+01,3.092774400000000057e+01
4.001543154472999930e+01,-8.303167603846000588e+01,1.877699999999999925e+00,-1.757300000000000084e+00,8.791272553879200258e-01,3.677588875823600278e-01,3.090904479744600031e-01,-7.357900779999999585e-01,-2.995598380000000227e-01,3.177454387500000053e+02,2.024000000000000000e+03,1.200000000000000000e+01,9.000000000000000000e+00,1.300000000000000000e+01,4.200000000000000000e+01,3.098968199999999840e+01
4.001543257075999804e+01,-8.303167725877000294e+01,1.909200000000000008e+00,-1.729100000000000081e+00,1.589471998669660158e+00,1.245374750557399907e-01,2.152235740034399714e-01,-7.334700149999999752e-01,-2.834536559999999983e-01,3.177508115360000147e+02,2.024000000000000000e+03,1.200000000000000000e+01,9.000000000000000000e+00,1.300000000000000000e+01,4.200000000000000000e+01,3.105016000000000176e+01
4.001543291616999909e+01,-8.303167766242999903e+01,1.916400000000000103e+00,-1.726399999999999935e+00,1.156311959246559828e+00,2.456375437216799795e-01,2.679468073112000262e-02,-7.165191789999999505e-01,-2.929795130000000247e-01,3.177560718749999751e+02,2.024000000000000000e+03,1.200000000000000000e+01,9.000000000000000000e+00,1.300000000000000000e+01,4.200000000000000000e+01,3.111008400000000051e+01
4.001543431300999742e+01,-8.303167926291999379e+01,1.943599999999999994e+00,-1.710900000000000087e+00,4.518694247079599879e-01,2.904486843973599908e-01,-4.378492996491999828e-02,-5.203083320000000400e-01,-3.490602480000000174e-01,3.177780486699999756e+02,2.024000000000000000e+03,1.200000000000000000e+01,9.000000000000000000e+00,1.300000000000000000e+01,4.200000000000000000e+01,3.117251600000000167e+01
4.001543553406000342e+01,-8.303168066925999824e+01,1.917399999999999993e+00,-1.731000000000000094e+00,-8.358997593635399959e-01,-2.993240176881000192e-01,-6.335111816918000127e-02,-3.960441319999999932e-01,-4.369964940000000131e-01,3.177711233790000165e+02,2.024000000000000000e+03,1.200000000000000000e+01,9.000000000000000000e+00,1.300000000000000000e+01,4.200000000000000000e+01,3.123433700000000002e+01
4.001543605205999654e+01,-8.303168127464999770e+01,1.904300000000000104e+00,-1.732499999999999929e+00,-1.001874466968299959e+00,-7.187367175875800651e-01,-2.206400709765000134e-01,-3.759864019999999973e-01,-4.605538499999999869e-01,3.177585945069999980e+02,2.024000000000000000e+03,1.200000000000000000e+01,9.000000000000000000e+00,1.300000000000000000e+01,4.200000000000000000e+01,3.129513100000000136e+01
4.001543774974999934e+01,-8.303168329829000527e+01,1.857699999999999907e+00,-1.737600000000000033e+00,-5.865719765885000214e-01,-4.638995149603200585e-01,-3.442063150175800335e-01,-3.556446710000000233e-01,-4.877603979999999839e-01,3.177323499729999980e+02,2.024000000000000000e+03,1.200000000000000000e+01,9.000000000000000000e+00,1.300000000000000000e+01,4.200000000000000000e+01,3.135654699999999906e+01
4.001543891733999914e+01,-8.303168472619999818e+01,1.835599999999999898e+00,-1.758899999999999908e+00,-7.921097050328199662e-01,-3.061490740357999951e-02,-3.141465807473199923e-01,-3.960027389999999925e-01,-4.698008140000000110e-01,3.177394400709999900e+02,2.024000000000000000e+03,1.200000000000000000e+01,9.000000000000000000e+00,1.300000000000000000e+01,4.200000000000000000e+01,3.141797100000000142e+01
4.001543974634999756e+01,-8.303168574977000560e+01,1.832799999999999985e+00,-1.753700000000000037e+00,2.054337723401999938e-02,-2.140172842910599837e-01,-2.429846478569600010e-01,-4.531253029999999793e-01,-4.584420399999999951e-01,3.177429765150000094e+02,2.024000000000000000e+03,1.200000000000000000e+01,9.000000000000000000e+00,1.300000000000000000e+01,4.200000000000000000e+01,3.147812400000000110e+01
4.001544090771999862e+01,-8.303168717513000274e+01,1.835399999999999920e+00,-1.738099999999999978e+00,3.141248477982400145e-01,-3.480790598748000342e-01,-4.473680143991000113e-01,-5.120760920000000382e-01,-4.333688490000000004e-01,3.177307577799999763e+02,2.024000000000000000e+03,1.200000000000000000e+01,9.000000000000000000e+00,1.300000000000000000e+01,4.200000000000000000e+01,3.153943999999999903e+01
4.001544189980999988e+01,-8.303168838771999560e+01,1.830899999999999972e+00,-1.721899999999999986e+00,6.422025549275199863e-01,-4.483566947875599618e-01,2.776949643460000037e-03,-5.639967329999999723e-01,-3.750405199999999883e-01,3.177233185410000260e+02,2.024000000000000000e+03,1.200000000000000000e+01,9.000000000000000000e+00,1.300000000000000000e+01,4.200000000000000000e+01,3.160174900000000164e+01
4.001544290363000300e+01,-8.303168958490999785e+01,1.870600000000000041e+00,-1.697300000000000031e+00,1.580541178630400001e+00,3.830134478128600084e-01,-1.013345385005799959e-01,-5.437547459999999555e-01,-3.042168180000000000e-01,3.177081111310000097e+02,2.024000000000000000e+03,1.200000000000000000e+01,9.000000000000000000e+00,1.300000000000000000e+01,4.200000000000000000e+01,3.166434200000000132e+01
4.001544392067000189e+01,-8.303169077664999520e+01,1.876500000000000057e+00,-1.711999999999999966e+00,-5.507677711208400773e-01,4.245638030564199972e-01,4.203817527517400010e-01,-4.535002890000000009e-01,-2.664711980000000202e-01,3.176966170750000060e+02,2.024000000000000000e+03,1.200000000000000000e+01,9.000000000000000000e+00,1.300000000000000000e+01,4.200000000000000000e+01,3.172661499999999890e+01
4.001544510090000273e+01,-8.303169219024999848e+01,1.855499999999999927e+00,-1.749000000000000110e+00,-1.374922544378180067e+00,2.492261927433799817e-01,1.862947701512600029e-01,-4.610803330000000089e-01,-2.527022910000000233e-01,3.177068722399999956e+02,2.024000000000000000e+03,1.200000000000000000e+01,9.000000000000000000e+00,1.300000000000000000e+01,4.200000000000000000e+01,3.178730099999999936e+01
4.001544610215999853e+01,-8.303169342255000629e+01,1.838700000000000001e+00,-1.770599999999999952e+00,-8.647658432162199649e-01,3.474154385373999510e-02,5.973570987181799907e-01,-5.399085719999999755e-01,-2.447486309999999943e-01,3.177251129640000045e+02,2.024000000000000000e+03,1.200000000000000000e+01,9.000000000000000000e+00,1.300000000000000000e+01,4.200000000000000000e+01,3.184888000000000119e+01
4.001544709651999909e+01,-8.303169466683999644e+01,1.835299999999999931e+00,-1.781400000000000095e+00,-1.072284313065600125e-01,2.243703867990400058e-01,7.302809740825599860e-01,-6.216527450000000066e-01,-2.436472460000000118e-01,3.177360243339999784e+02,2.024000000000000000e+03,1.200000000000000000e+01,9.000000000000000000e+00,1.300000000000000000e+01,4.200000000000000000e+01,3.191188100000000105e+01
4.001544810234999971e+01,-8.303169591223000623e+01,1.875699999999999923e+00,-1.775700000000000056e+00,1.078208776732280105e+00,8.956057491128599501e-01,5.968939489119799990e-01,-6.552437740000000010e-01,-2.802884520000000212e-01,3.177188062430000173e+02,2.024000000000000000e+03,1.200000000000000000e+01,9.000000000000000000e+00,1.300000000000000000e+01,4.200000000000000000e+01,3.197271800000000042e+01
4.001544912696000011e+01,-8.303169715247000227e+01,1.903100000000000014e+00,-1.768299999999999983e+00,1.035152805294260014e+00,6.927750493869799797e-01,-5.288549856935999965e-02,-6.569869240000000277e-01,-3.701048450000000156e-01,3.176781314090000023e+02,2.024000000000000000e+03,1.200000000000000000e+01,9.000000000000000000e+00,1.300000000000000000e+01,4.200000000000000000e+01,3.203621900000000267e+01
4.001544981458000194e+01,-8.303169797686000209e+01,1.907200000000000006e+00,-1.762599999999999945e+00,3.386334359211800038e-01,4.872520240059999980e-02,-1.586294978994000002e-02,-6.622769609999999973e-01,-4.323109179999999885e-01,3.176570169400000054e+02,2.024000000000000000e+03,1.200000000000000000e+01,9.000000000000000000e+00,1.300000000000000000e+01,4.200000000000000000e+01,3.209699499999999972e+01
4.001545050757999888e+01,-8.303169879611999704e+01,1.925300000000000011e+00,-1.750699999999999923e+00,8.432496414942999285e-01,2.477870938961599934e-01,-2.982950769262600055e-01,-6.485722539999999592e-01,-4.824335559999999856e-01,3.176518800520000241e+02,2.024000000000000000e+03,1.200000000000000000e+01,9.000000000000000000e+00,1.300000000000000000e+01,4.200000000000000000e+01,3.215615100000000126e+01
4.001545208030000111e+01,-8.303170062485999381e+01,1.941799999999999971e+00,-1.731500000000000039e+00,4.305850986574000228e-01,-9.049430867030000547e-02,-7.692678654919800074e-01,-5.016689519999999458e-01,-5.726195520000000316e-01,3.176826692899999784e+02,2.024000000000000000e+03,1.200000000000000000e+01,9.000000000000000000e+00,1.300000000000000000e+01,4.200000000000000000e+01,3.221705099999999788e+01
4.001545330870000328e+01,-8.303170204529000387e+01,1.950800000000000090e+00,-1.736399999999999944e+00,7.769078086889999457e-02,4.190712283893199830e-01,-8.067054629127400345e-01,-3.594301890000000110e-01,-5.840508660000000019e-01,3.176923068670000134e+02,2.024000000000000000e+03,1.200000000000000000e+01,9.000000000000000000e+00,1.300000000000000000e+01,4.200000000000000000e+01,3.227806499999999801e+01
4.001545454003999680e+01,-8.303170347677000507e+01,1.941999999999999948e+00,-1.759800000000000031e+00,-8.228246671659800171e-01,1.643013859815199984e-01,-2.841755478092199971e-01,-2.501023510000000005e-01,-5.996537549999999550e-01,3.176694446550000066e+02,2.024000000000000000e+03,1.200000000000000000e+01,9.000000000000000000e+00,1.300000000000000000e+01,4.200000000000000000e+01,3.233952800000000138e+01
4.001545558672000169e+01,-8.303170472165000149e+01,1.926500000000000101e+00,-1.783600000000000074e+00,-7.527786635968800599e-01,1.773050559647799951e-01,-3.823774105536000001e-02,-2.352827939999999896e-01,-5.932968410000000192e-01,3.176452950890000011e+02,2.024000000000000000e+03,1.200000000000000000e+01,9.000000000000000000e+00,1.300000000000000000e+01,4.200000000000000000e+01,3.240068899999999985e+01
4.001545662049999663e+01,-8.303170598527999857e+01,1.893100000000000005e+00,-1.816799999999999971e+00,-1.593833791245599985e+00,2.296589810359999945e-03,4.299656480145799820e-01,-2.660573640000000184e-01,-5.649004930000000035e-01,3.176422617090000244e+02,2.024000000000000000e+03,1.200000000000000000e+01,9.000000000000000000e+00,1.300000000000000000e+01,4.200000000000000000e+01,3.246397199999999827e+01
4.001545763997999927e+01,-8.303170727744000601e+01,1.871099999999999985e+00,-1.864800000000000013e+00,-1.736156273798180161e+00,5.609875633555400087e-01,4.469081820911000591e-01,-3.877925289999999969e-01,-5.309999800000000381e-01,3.176602969659999758e+02,2.024000000000000000e+03,1.200000000000000000e+01,9.000000000000000000e+00,1.300000000000000000e+01,4.200000000000000000e+01,3.252544100000000071e+01
4.001545847957000035e+01,-8.303170837496000445e+01,1.850899999999999990e+00,-1.886500000000000066e+00,-1.138236084196559972e+00,-1.052613764874000060e-02,4.908650704437800272e-01,-5.708086100000000496e-01,-5.174428970000000128e-01,3.176705152110000085e+02,2.024000000000000000e+03,1.200000000000000000e+01,9.000000000000000000e+00,1.300000000000000000e+01,4.200000000000000000e+01,3.258642499999999842e+01
4.001545981414000153e+01,-8.303171014228999525e+01,1.858899999999999997e+00,-1.881000000000000005e+00,4.910498064894200376e-01,1.595886958601200056e-01,6.310542298565999797e-01,-9.094114530000000363e-01,-4.681171310000000196e-01,3.176494917460000238e+02,2.024000000000000000e+03,1.200000000000000000e+01,9.000000000000000000e+00,1.300000000000000000e+01,4.200000000000000000e+01,3.264766300000000143e+01
4.001546083267000142e+01,-8.303171145509999462e+01,1.898600000000000065e+00,-1.862300000000000066e+00,1.213228129936199995e+00,5.639773339549000175e-01,-1.016388033784800110e-01,-1.060329218999999989e+00,-4.403702099999999842e-01,3.176059352999999987e+02,2.024000000000000000e+03,1.200000000000000000e+01,9.000000000000000000e+00,1.300000000000000000e+01,4.200000000000000000e+01,3.270907600000000315e+01
4.001546186969000019e+01,-8.303171275635000370e+01,1.935400000000000009e+00,-1.840899999999999981e+00,1.541031446920199999e+00,4.604600076507600059e-01,-5.169736809519999421e-02,-1.138228317000000045e+00,-4.380290980000000056e-01,3.175876305489999822e+02,2.024000000000000000e+03,1.200000000000000000e+01,9.000000000000000000e+00,1.300000000000000000e+01,4.200000000000000000e+01,3.277038399999999996e+01
4.001546293055999826e+01,-8.303171403071000611e+01,1.983300000000000063e+00,-1.788100000000000023e+00,2.385357282597159845e+00,-4.333382855098000253e-02,-1.436971556491400126e-01,-1.103962523999999945e+00,-4.466847230000000057e-01,3.175933914859999732e+02,2.024000000000000000e+03,1.200000000000000000e+01,9.000000000000000000e+00,1.300000000000000000e+01,4.200000000000000000e+01,3.283116199999999907e+01
4.001546400936999959e+01,-8.303171527531000606e+01,2.000100000000000211e+00,-1.762000000000000011e+00,7.280608155772200218e-01,-1.083927337397799923e-01,5.218532944608000185e-02,-9.470096690000000539e-01,-4.313429970000000058e-01,3.176125565699999811e+02,2.024000000000000000e+03,1.200000000000000000e+01,9.000000000000000000e+00,1.300000000000000000e+01,4.200000000000000000e+01,3.289271999999999707e+01
4.001546509850999911e+01,-8.303171650823999528e+01,2.021399999999999864e+00,-1.749500000000000055e+00,6.964237878331600573e-01,1.819149402199599919e-01,-2.674750767726999934e-01,-7.800022549999999777e-01,-4.087705970000000133e-01,3.176122793850000221e+02,2.024000000000000000e+03,1.200000000000000000e+01,9.000000000000000000e+00,1.300000000000000000e+01,4.200000000000000000e+01,3.295672199999999918e+01
4.001546619436999919e+01,-8.303171773469000527e+01,2.022800000000000153e+00,-1.746199999999999974e+00,-8.576348262057999217e-02,-1.323483646920400048e-01,-4.233820509728000170e-01,-5.820051019999999964e-01,-3.772373609999999933e-01,3.175865710100000001e+02,2.024000000000000000e+03,1.200000000000000000e+01,9.000000000000000000e+00,1.300000000000000000e+01,4.200000000000000000e+01,3.301755800000000107e+01
4.001546727947000193e+01,-8.303171897802999979e+01,1.991300000000000070e+00,-1.790999999999999925e+00,-1.682695044042959998e+00,2.656814428025399688e-01,-1.994515949242999797e-01,-4.377894359999999763e-01,-3.236946490000000010e-01,3.175708976409999877e+02,2.024000000000000000e+03,1.200000000000000000e+01,9.000000000000000000e+00,1.300000000000000000e+01,4.200000000000000000e+01,3.307956599999999980e+01
4.001546763830000231e+01,-8.303171940000000006e+01,1.984399999999999942e+00,-1.810400000000000009e+00,-1.809090679378279942e+00,5.482312718454399603e-01,-2.338772838786200015e-01,-4.087606229999999896e-01,-3.056025769999999864e-01,3.175700897859999827e+02,2.024000000000000000e+03,1.200000000000000000e+01,9.000000000000000000e+00,1.300000000000000000e+01,4.200000000000000000e+01,3.314265999999999934e+01
4.001546924464999933e+01,-8.303172133488000384e+01,1.974699999999999900e+00,-1.857099999999999973e+00,-6.572946857101800155e-01,4.568445269147399790e-01,-2.078058348021999957e-01,-3.797315370000000079e-01,-2.670016610000000012e-01,3.175688047169999777e+02,2.024000000000000000e+03,1.200000000000000000e+01,9.000000000000000000e+00,1.300000000000000000e+01,4.200000000000000000e+01,3.320403499999999752e+01
4.001547013647999762e+01,-8.303172242144999871e+01,1.978299999999999947e+00,-1.862900000000000000e+00,-1.707275915757400231e-01,3.213449419821799991e-01,-6.607993803184000758e-02,-3.796054910000000171e-01,-2.537591739999999763e-01,3.175569417230000226e+02,2.024000000000000000e+03,1.200000000000000000e+01,9.000000000000000000e+00,1.300000000000000000e+01,4.200000000000000000e+01,3.326577600000000245e+01
4.001547174756999681e+01,-8.303172438334999583e+01,1.987300000000000066e+00,-1.872400000000000064e+00,-2.528438583700400311e-01,3.353956537296799989e-01,-2.942882520158799919e-01,-4.053051269999999873e-01,-1.981585150000000073e-01,3.175166868520000207e+02,2.024000000000000000e+03,1.200000000000000000e+01,9.000000000000000000e+00,1.300000000000000000e+01,4.200000000000000000e+01,3.332771100000000075e+01
4.001547300383000305e+01,-8.303172592609999469e+01,1.994299999999999962e+00,-1.896200000000000108e+00,-2.360006543762799835e-01,6.173013298471800026e-01,2.323824703661000191e-01,-4.657119390000000192e-01,-1.586783659999999874e-01,3.175098104300000159e+02,2.024000000000000000e+03,1.200000000000000000e+01,9.000000000000000000e+00,1.300000000000000000e+01,4.200000000000000000e+01,3.338865700000000203e+01
4.001547408690999674e+01,-8.303172725990999936e+01,2.006699999999999928e+00,-1.908500000000000085e+00,-4.089208436984000106e-02,5.754147377983399592e-01,4.966652117437400094e-01,-5.059440020000000038e-01,-1.546763529999999887e-01,3.175173786170000199e+02,2.024000000000000000e+03,1.200000000000000000e+01,9.000000000000000000e+00,1.300000000000000000e+01,4.200000000000000000e+01,3.345112799999999709e+01
4.001547517480999971e+01,-8.303172860268999500e+01,2.012399999999999967e+00,-1.921599999999999975e+00,-2.461121449280599949e-01,4.161386065937000001e-01,4.154741066933799742e-01,-5.363769240000000327e-01,-1.713800629999999992e-01,3.175227626060000148e+02,2.024000000000000000e+03,1.200000000000000000e+01,9.000000000000000000e+00,1.300000000000000000e+01,4.200000000000000000e+01,3.351190600000000330e+01
4.001547626283999648e+01,-8.303172995817000412e+01,2.011099999999999888e+00,-1.945500000000000007e+00,-6.038762754992399451e-01,6.098450333005400736e-01,1.011641515306620054e+00,-5.991029530000000491e-01,-2.043175530000000129e-01,3.175258742749999783e+02,2.024000000000000000e+03,1.200000000000000000e+01,9.000000000000000000e+00,1.300000000000000000e+01,4.200000000000000000e+01,3.357312900000000155e+01
4.001547717059000320e+01,-8.303173110148999569e+01,2.014200000000000212e+00,-1.965100000000000069e+00,-4.595149594999199949e-01,5.764492076084599681e-01,7.514955335140399706e-01,-6.809629809999999672e-01,-2.690795679999999912e-01,3.175311345939999796e+02,2.024000000000000000e+03,1.200000000000000000e+01,9.000000000000000000e+00,1.300000000000000000e+01,4.200000000000000000e+01,3.363573900000000094e+01
4.001547863092000057e+01,-8.303173293320000425e+01,2.031699999999999839e+00,-1.955799999999999983e+00,5.708465876566800601e-01,2.124904568681399986e-01,2.114977813744999824e-01,-7.952449750000000206e-01,-3.822008599999999756e-01,3.175370635549999747e+02,2.024000000000000000e+03,1.200000000000000000e+01,9.000000000000000000e+00,1.300000000000000000e+01,4.200000000000000000e+01,3.369778999999999769e+01
4.001547973308999673e+01,-8.303173430133000466e+01,2.043099999999999916e+00,-1.944600000000000106e+00,8.506193131674398833e-01,1.172721689989799920e-01,-4.783828196891800055e-01,-8.439798189999999645e-01,-4.500752849999999916e-01,3.175361467390000030e+02,2.024000000000000000e+03,1.200000000000000000e+01,9.000000000000000000e+00,1.300000000000000000e+01,4.200000000000000000e+01,3.375915700000000186e+01
4.001548084427999896e+01,-8.303173565467000117e+01,2.058800000000000185e+00,-1.917200000000000015e+00,7.732127562067599991e-01,-2.898056333536599971e-01,-2.967369348940799845e-01,-8.495812999999999837e-01,-5.035577390000000042e-01,3.175194092940000132e+02,2.024000000000000000e+03,1.200000000000000000e+01,9.000000000000000000e+00,1.300000000000000000e+01,4.200000000000000000e+01,3.382101200000000318e+01
4.001548177576999876e+01,-8.303173677121000651e+01,2.071299999999999919e+00,-1.904500000000000082e+00,6.125118291579000340e-01,4.288026412050000014e-02,-3.831765864772799790e-01,-8.357816380000000489e-01,-5.208768139999999658e-01,3.174968465200000196e+02,2.024000000000000000e+03,1.200000000000000000e+01,9.000000000000000000e+00,1.300000000000000000e+01,4.200000000000000000e+01,3.387911900000000287e+01
4.001548309585999874e+01,-8.303173832209000693e+01,2.103099999999999969e+00,-1.888800000000000034e+00,6.725552697930600177e-01,2.971170477826199918e-01,-3.531134410781799904e-01,-7.326127669999999981e-01,-5.543161939999999843e-01,3.174681974960000161e+02,2.024000000000000000e+03,1.200000000000000000e+01,9.000000000000000000e+00,1.300000000000000000e+01,4.200000000000000000e+01,3.394041399999999697e+01
4.001548423057000292e+01,-8.303173965383000166e+01,2.095600000000000129e+00,-1.903899999999999926e+00,-3.767542858046800114e-01,1.539384184920200016e-01,-7.469742054910000206e-02,-6.436320639999999482e-01,-5.868288299999999680e-01,3.174534331980000275e+02,2.024000000000000000e+03,1.200000000000000000e+01,9.000000000000000000e+00,1.300000000000000000e+01,4.200000000000000000e+01,3.400158199999999908e+01
4.001548536192999705e+01,-8.303174099784000362e+01,2.087200000000000166e+00,-1.923999999999999932e+00,-6.100648844854400510e-01,2.034899376966800011e-01,-5.671739185458000154e-01,-5.901397409999999955e-01,-6.110204679999999833e-01,3.174501662349999833e+02,2.024000000000000000e+03,1.200000000000000000e+01,9.000000000000000000e+00,1.300000000000000000e+01,4.200000000000000000e+01,3.406416800000000222e+01
4.001548573689999699e+01,-8.303174144882000007e+01,2.077300000000000146e+00,-1.931000000000000050e+00,-8.538930966174399506e-01,7.141572304116000636e-02,-4.981351580266400458e-01,-5.772020589999999896e-01,-6.167079509999999765e-01,3.174502655910000044e+02,2.024000000000000000e+03,1.200000000000000000e+01,9.000000000000000000e+00,1.300000000000000000e+01,4.200000000000000000e+01,3.412573799999999835e+01
4.001548742635999645e+01,-8.303174348281000050e+01,2.081900000000000084e+00,-1.939300000000000024e+00,-1.568603059823600043e-01,2.007778140552599899e-01,5.552702111260000156e-02,-5.217479369999999950e-01,-6.046116940000000328e-01,3.174318964170000186e+02,2.024000000000000000e+03,1.200000000000000000e+01,9.000000000000000000e+00,1.300000000000000000e+01,4.200000000000000000e+01,3.418696800000000025e+01
4.001548874518000076e+01,-8.303174507597999821e+01,2.092600000000000016e+00,-1.949999999999999956e+00,-2.086114108958000146e-01,2.691222962902800053e-01,1.336972465586599990e-01,-4.799464729999999846e-01,-6.107849279999999492e-01,3.174054358760000127e+02,2.024000000000000000e+03,1.200000000000000000e+01,9.000000000000000000e+00,1.300000000000000000e+01,4.200000000000000000e+01,3.424762400000000184e+01
4.001549006297000233e+01,-8.303174668117000579e+01,2.089900000000000091e+00,-1.966699999999999893e+00,-2.366895405833800148e-01,3.542144956659999955e-01,2.775651640767600181e-01,-4.860002660000000141e-01,-6.041977269999999622e-01,3.173994858149999914e+02,2.024000000000000000e+03,1.200000000000000000e+01,9.000000000000000000e+00,1.300000000000000000e+01,4.200000000000000000e+01,3.430986899999999906e+01
4.001549120104999702e+01,-8.303174806401999319e+01,2.119600000000000151e+00,-1.966599999999999904e+00,7.907171507558998780e-01,6.377681583306000768e-01,3.646111415014000046e-02,-4.765627579999999752e-01,-6.118177249999999789e-01,3.174024384200000100e+02,2.024000000000000000e+03,1.200000000000000000e+01,9.000000000000000000e+00,1.300000000000000000e+01,4.200000000000000000e+01,3.437127600000000172e+01
4.001549216149999921e+01,-8.303174921376999862e+01,2.145700000000000163e+00,-1.963899999999999979e+00,7.630338229598400135e-01,7.590769085554199824e-01,-1.633006241786399970e-01,-4.076377860000000020e-01,-6.290918009999999505e-01,3.174016226499999789e+02,2.024000000000000000e+03,1.200000000000000000e+01,9.000000000000000000e+00,1.300000000000000000e+01,4.200000000000000000e+01,3.443213500000000238e+01
4.001549351517000019e+01,-8.303175083425000480e+01,2.140200000000000102e+00,-1.993800000000000017e+00,-1.061130858234180074e+00,3.595328050016800003e-01,4.307094541682000149e-02,-3.232230010000000098e-01,-6.946475500000000025e-01,3.173932279160000007e+02,2.024000000000000000e+03,1.200000000000000000e+01,9.000000000000000000e+00,1.300000000000000000e+01,4.200000000000000000e+01,3.449531999999999954e+01
4.001549465885000245e+01,-8.303175224203999960e+01,2.100900000000000212e+00,-2.011600000000000055e+00,-1.069121572702000034e+00,-3.941956333679000335e-01,7.867873384251999891e-02,-3.948898579999999825e-01,-7.124440709999999566e-01,3.173731324589999758e+02,2.024000000000000000e+03,1.200000000000000000e+01,9.000000000000000000e+00,1.300000000000000000e+01,4.200000000000000000e+01,3.455712299999999715e+01
4.001549597806000236e+01,-8.303175390276000201e+01,2.082199999999999829e+00,-2.044099999999999806e+00,-1.159305980931859992e+00,2.700660046382600266e-01,1.795624810731600018e-01,-5.232358040000000265e-01,-6.815369810000000417e-01,3.173491291280000155e+02,2.024000000000000000e+03,1.200000000000000000e+01,9.000000000000000000e+00,1.300000000000000000e+01,4.200000000000000000e+01,3.461856600000000128e+01
4.001549691371999984e+01,-8.303175511164999989e+01,2.071400000000000130e+00,-2.079600000000000115e+00,-1.203989726143019912e+00,5.125494210976400122e-01,4.975856449705999551e-02,-6.630556549999999660e-01,-6.764680469999999612e-01,3.173416915259999769e+02,2.024000000000000000e+03,1.200000000000000000e+01,9.000000000000000000e+00,1.300000000000000000e+01,4.200000000000000000e+01,3.467985699999999838e+01
4.001549822810999757e+01,-8.303175679788999730e+01,2.096200000000000063e+00,-2.041500000000000092e+00,1.271594578928060049e+00,-1.313769320297999976e-01,1.562783620979799892e-01,-8.044157180000000018e-01,-6.574542380000000241e-01,3.173238775689999898e+02,2.024000000000000000e+03,1.200000000000000000e+01,9.000000000000000000e+00,1.300000000000000000e+01,4.200000000000000000e+01,3.474358399999999847e+01
4.001549936912999783e+01,-8.303175822295999353e+01,2.125100000000000211e+00,-2.015800000000000036e+00,1.266380766106479872e+00,1.450444827099599820e-01,3.651913742327599910e-01,-8.139255309999999799e-01,-6.234957490000000435e-01,3.173142175209999891e+02,2.024000000000000000e+03,1.200000000000000000e+01,9.000000000000000000e+00,1.300000000000000000e+01,4.200000000000000000e+01,3.480519600000000224e+01
4.001550052753000131e+01,-8.303175962983999625e+01,2.158199999999999896e+00,-1.992499999999999938e+00,1.165734937912660030e+00,3.000597060634400126e-01,-1.394322007500199967e-01,-7.793956319999999494e-01,-5.857539400000000285e-01,3.173082769310000231e+02,2.024000000000000000e+03,1.200000000000000000e+01,9.000000000000000000e+00,1.300000000000000000e+01,4.200000000000000000e+01,3.486609099999999728e+01
4.001550170069000245e+01,-8.303176102598999364e+01,2.184800000000000075e+00,-1.977600000000000025e+00,1.154748384554479923e+00,2.750629626757399859e-01,9.199208757361999889e-02,-7.148082980000000086e-01,-5.644322090000000181e-01,3.173062446960000216e+02,2.024000000000000000e+03,1.200000000000000000e+01,9.000000000000000000e+00,1.300000000000000000e+01,4.200000000000000000e+01,3.492735600000000318e+01
4.001550288483999651e+01,-8.303176240976999622e+01,2.195899999999999963e+00,-1.965300000000000047e+00,4.621140709783799760e-01,4.710242063542000035e-02,-1.204531594014800061e-01,-5.905676659999999911e-01,-5.382784109999999567e-01,3.173021599030000175e+02,2.024000000000000000e+03,1.200000000000000000e+01,9.000000000000000000e+00,1.300000000000000000e+01,4.200000000000000000e+01,3.498480500000000148e+01
4.001550406828000206e+01,-8.303176379814999564e+01,2.185900000000000176e+00,-1.985400000000000054e+00,-6.712058510408800416e-01,2.640670648845999668e-01,-1.952563562582999845e-01,-4.636255590000000204e-01,-4.976600190000000090e-01,3.172884273230000076e+02,2.024000000000000000e+03,1.200000000000000000e+01,9.000000000000000000e+00,1.300000000000000000e+01,4.200000000000000000e+01,3.504676899999999762e+01
4.001550465764000108e+01,-8.303176449826000294e+01,2.177700000000000191e+00,-1.999100000000000099e+00,-9.184826036381200653e-01,2.330678583209200294e-01,-2.444225521523799849e-01,-4.185723259999999946e-01,-4.804794130000000218e-01,3.172787775389999751e+02,2.024000000000000000e+03,1.200000000000000000e+01,9.000000000000000000e+00,1.300000000000000000e+01,4.200000000000000000e+01,3.510974099999999964e+01
4.001550621575999855e+01,-8.303176639046999696e+01,2.146100000000000119e+00,-2.040999999999999925e+00,-1.075388361586220087e+00,1.542377607264799888e-01,-4.171274067386999684e-01,-4.039768209999999860e-01,-4.180708699999999833e-01,3.172510363779999807e+02,2.024000000000000000e+03,1.200000000000000000e+01,9.000000000000000000e+00,1.300000000000000000e+01,4.200000000000000000e+01,3.517078500000000219e+01
4.001550756667000286e+01,-8.303176807426000039e+01,2.138999999999999790e+00,-2.064700000000000202e+00,-4.372155240686999567e-01,2.673333230565599905e-01,-2.768346689817799966e-01,-4.767619590000000129e-01,-3.600920120000000169e-01,3.172311834530000283e+02,2.024000000000000000e+03,1.200000000000000000e+01,9.000000000000000000e+00,1.300000000000000000e+01,4.200000000000000000e+01,3.523057000000000016e+01
4.001550891982000024e+01,-8.303176976093999428e+01,2.149999999999999911e+00,-2.054499999999999993e+00,5.573470174597999760e-01,4.729948939780000139e-02,-2.327203412764399793e-01,-5.190945350000000236e-01,-2.897321179999999829e-01,3.172236536859999774e+02,2.024000000000000000e+03,1.200000000000000000e+01,9.000000000000000000e+00,1.300000000000000000e+01,4.200000000000000000e+01,3.529204699999999661e+01
4.001551008562000078e+01,-8.303177120082000329e+01,2.163300000000000001e+00,-2.045999999999999819e+00,5.790267398001199828e-01,1.948493331268800199e-01,-4.769180678967000486e-01,-5.391182450000000514e-01,-2.035207870000000085e-01,3.172032465789999947e+02,2.024000000000000000e+03,1.200000000000000000e+01,9.000000000000000000e+00,1.300000000000000000e+01,4.200000000000000000e+01,3.535329099999999869e+01
4.001551125756000005e+01,-8.303177263874999880e+01,2.169299999999999784e+00,-2.052999999999999936e+00,-1.538299209890399977e-01,3.777094345401599829e-01,3.192623452803799999e-01,-5.539722120000000194e-01,-1.152921269999999943e-01,3.171879061999999863e+02,2.024000000000000000e+03,1.200000000000000000e+01,9.000000000000000000e+00,1.300000000000000000e+01,4.200000000000000000e+01,3.541525899999999893e+01
4.001551243587999807e+01,-8.303177408332000198e+01,2.184000000000000163e+00,-2.063000000000000167e+00,-1.860831205800000162e-03,5.366853950136599716e-01,6.115989081456599807e-01,-5.396521399999999469e-01,-6.951337999999999961e-02,3.172018494590000159e+02,2.024000000000000000e+03,1.200000000000000000e+01,9.000000000000000000e+00,1.300000000000000000e+01,4.200000000000000000e+01,3.547833200000000176e+01
4.001551382048000249e+01,-8.303177577636000706e+01,2.199500000000000011e+00,-2.071499999999999897e+00,6.824417506531998967e-02,3.999396150299599495e-01,4.436011719808999887e-01,-4.983245439999999804e-01,-5.518609499999999751e-02,3.172126183060000244e+02,2.024000000000000000e+03,1.200000000000000000e+01,9.000000000000000000e+00,1.300000000000000000e+01,4.200000000000000000e+01,3.553934799999999683e+01
4.001551500883000045e+01,-8.303177724025999851e+01,2.200000000000000178e+00,-2.092400000000000038e+00,-2.714465013719399855e-01,5.187245137559000074e-01,6.975715617231800225e-01,-4.948990819999999902e-01,-6.684975399999999734e-02,3.172069866909999973e+02,2.024000000000000000e+03,1.200000000000000000e+01,9.000000000000000000e+00,1.300000000000000000e+01,4.200000000000000000e+01,3.559979899999999731e+01
4.001551620375000340e+01,-8.303177870717999554e+01,2.216299999999999937e+00,-2.088000000000000078e+00,3.734940826120199953e-01,2.773882983552999892e-01,2.867785639895000238e-01,-5.046120819999999618e-01,-1.128014769999999972e-01,3.171836990790000073e+02,2.024000000000000000e+03,1.200000000000000000e+01,9.000000000000000000e+00,1.300000000000000000e+01,4.200000000000000000e+01,3.566243800000000164e+01
4.001551740719000350e+01,-8.303178016725999555e+01,2.229400000000000048e+00,-2.077399999999999913e+00,2.805774101407200183e-01,1.210817522410200103e-01,5.330841340432000003e-02,-4.724974829999999959e-01,-1.638882359999999927e-01,3.171535370039999862e+02,2.024000000000000000e+03,1.200000000000000000e+01,9.000000000000000000e+00,1.300000000000000000e+01,4.200000000000000000e+01,3.572459899999999777e+01
4.001551861007000355e+01,-8.303178162929999928e+01,2.217400000000000038e+00,-2.088299999999999823e+00,-6.378210394036399888e-01,-4.168992132007999507e-02,-6.918306237283999849e-02,-4.517203690000000105e-01,-2.051674440000000044e-01,3.171421090100000129e+02,2.024000000000000000e+03,1.200000000000000000e+01,9.000000000000000000e+00,1.300000000000000000e+01,4.200000000000000000e+01,3.578639799999999838e+01
4.001552001164999695e+01,-8.303178333804000033e+01,2.226100000000000190e+00,-2.081500000000000128e+00,1.924301550152399953e-01,2.075842846966000077e-02,-1.827044622614399927e-01,-4.411801329999999743e-01,-2.435437310000000133e-01,3.171440568959999950e+02,2.024000000000000000e+03,1.200000000000000000e+01,9.000000000000000000e+00,1.300000000000000000e+01,4.200000000000000000e+01,3.584800899999999757e+01
4.001552101630999658e+01,-8.303178455466999708e+01,2.230999999999999872e+00,-2.076799999999999979e+00,2.403977825081800024e-01,-9.378073740960000612e-03,-3.384364082756600167e-01,-3.903446190000000038e-01,-2.695682770000000228e-01,3.171404888970000115e+02,2.024000000000000000e+03,1.200000000000000000e+01,9.000000000000000000e+00,1.300000000000000000e+01,4.200000000000000000e+01,3.590548799999999829e+01
4.001552241929000076e+01,-8.303178625900000043e+01,2.215800000000000214e+00,-2.085399999999999920e+00,-5.661603294411199361e-01,-1.371131978232399962e-01,-2.465066835235999732e-01,-3.364796310000000013e-01,-2.791380270000000108e-01,3.171255780179999988e+02,2.024000000000000000e+03,1.200000000000000000e+01,9.000000000000000000e+00,1.300000000000000000e+01,4.200000000000000000e+01,3.596983800000000286e+01
4.001552341752000075e+01,-8.303178748468999970e+01,2.214700000000000113e+00,-2.100200000000000067e+00,-3.628440596679000096e-01,3.227273435941800384e-01,-3.248011556718599646e-01,-3.424334680000000186e-01,-2.752979260000000261e-01,3.171131204010000033e+02,2.024000000000000000e+03,1.200000000000000000e+01,9.000000000000000000e+00,1.300000000000000000e+01,4.200000000000000000e+01,3.603182900000000188e+01
4.001552441738999732e+01,-8.303178871536999850e+01,2.221600000000000019e+00,-2.105900000000000105e+00,1.041168212563999863e-02,3.440628635379400224e-01,-2.551345497995400335e-01,-3.440847200000000106e-01,-2.850338459999999796e-01,3.171093337579999911e+02,2.024000000000000000e+03,1.200000000000000000e+01,9.000000000000000000e+00,1.300000000000000000e+01,4.200000000000000000e+01,3.609337699999999671e+01
4.001552561897000260e+01,-8.303179019638000113e+01,2.225099999999999856e+00,-2.110599999999999810e+00,1.675906344182000185e-02,2.334501456181000134e-01,-7.891381471179999274e-02,-3.328012940000000253e-01,-3.106925110000000045e-01,3.171109900800000219e+02,2.024000000000000000e+03,1.200000000000000000e+01,9.000000000000000000e+00,1.300000000000000000e+01,4.200000000000000000e+01,3.615775599999999912e+01
4.001552743109999710e+01,-8.303179241016999867e+01,2.250700000000000145e+00,-2.095400000000000151e+00,7.732242807990600264e-01,4.982707019295399831e-01,2.153491718008599953e-01,-2.679587070000000182e-01,-3.803926189999999874e-01,3.170997981689999961e+02,2.024000000000000000e+03,1.200000000000000000e+01,9.000000000000000000e+00,1.300000000000000000e+01,4.200000000000000000e+01,3.622014999999999674e+01
4.001552865307999696e+01,-8.303179388309999354e+01,2.268499999999999961e+00,-2.092799999999999994e+00,4.004855850792399807e-01,2.607724613412599757e-01,-8.031245898529999760e-02,-1.875310010000000027e-01,-4.785232170000000007e-01,3.170918058120000182e+02,2.024000000000000000e+03,1.200000000000000000e+01,9.000000000000000000e+00,1.300000000000000000e+01,4.200000000000000000e+01,3.628449899999999673e+01
4.001553007257000161e+01,-8.303179560248000257e+01,2.235799999999999788e+00,-2.098800000000000221e+00,-7.342541595012799238e-01,-6.080003112278200561e-01,1.279204550104600102e-01,-1.320541010000000071e-01,-5.899099890000000235e-01,3.170981052110000178e+02,2.024000000000000000e+03,1.200000000000000000e+01,9.000000000000000000e+00,1.300000000000000000e+01,4.200000000000000000e+01,3.634762599999999821e+01
4.001553127639999730e+01,-8.303179707511000629e+01,2.216499999999999915e+00,-2.094700000000000006e+00,-5.169443176868200318e-01,-5.152085185902799402e-01,-4.412394502100000504e-03,-1.283648960000000061e-01,-6.295508469999999690e-01,3.170934495980000065e+02,2.024000000000000000e+03,1.200000000000000000e+01,9.000000000000000000e+00,1.300000000000000000e+01,4.200000000000000000e+01,3.640847000000000122e+01
4.001553246219000215e+01,-8.303179856130999781e+01,2.169599999999999973e+00,-2.132800000000000029e+00,-2.163514162816779773e+00,-3.272794764309400195e-01,-2.130187383188600070e-01,-1.855766080000000040e-01,-6.437685340000000034e-01,3.170794038640000281e+02,2.024000000000000000e+03,1.200000000000000000e+01,9.000000000000000000e+00,1.300000000000000000e+01,4.200000000000000000e+01,3.647058799999999934e+01
4.001553362677000081e+01,-8.303180006110000022e+01,2.138500000000000068e+00,-2.125399999999999956e+00,-2.948648212802399970e-01,-1.216769673230119864e+00,3.229049344252999942e-01,-3.480010250000000194e-01,-6.420857309999999929e-01,3.170489323229999741e+02,2.024000000000000000e+03,1.200000000000000000e+01,9.000000000000000000e+00,1.300000000000000000e+01,4.200000000000000000e+01,3.653275699999999659e+01
4.001553477736000275e+01,-8.303180155313999933e+01,2.118199999999999861e+00,-2.120600000000000041e+00,-4.211161720173999812e-01,-5.737650341259200593e-01,2.834216426126799915e-01,-4.804413390000000228e-01,-5.798602480000000226e-01,3.170252248680000093e+02,2.024000000000000000e+03,1.200000000000000000e+01,9.000000000000000000e+00,1.300000000000000000e+01,4.200000000000000000e+01,3.659492199999999684e+01
4.001553592511999824e+01,-8.303180303901000059e+01,2.130500000000000060e+00,-2.102700000000000014e+00,8.728490953375599437e-01,-1.707128832085000048e-01,2.981435620585399793e-01,-6.127798620000000085e-01,-5.128866509999999712e-01,3.170207840410000131e+02,2.024000000000000000e+03,1.200000000000000000e+01,9.000000000000000000e+00,1.300000000000000000e+01,4.200000000000000000e+01,3.665611100000000278e+01
4.001553728470000237e+01,-8.303180473714000698e+01,2.180499999999999883e+00,-2.040599999999999969e+00,2.217321952317679923e+00,-1.589269422699999823e-01,9.466792670198000137e-02,-6.178056459999999861e-01,-4.458774110000000013e-01,3.170260523410000246e+02,2.024000000000000000e+03,1.200000000000000000e+01,9.000000000000000000e+00,1.300000000000000000e+01,4.200000000000000000e+01,3.671884000000000015e+01
4.001553847364999683e+01,-8.303180615854999758e+01,2.217400000000000038e+00,-2.006200000000000205e+00,1.508596146913619984e+00,1.510366648176600102e-01,1.234651561329000030e-01,-4.835825819999999831e-01,-4.122117530000000141e-01,3.170194300620000263e+02,2.024000000000000000e+03,1.200000000000000000e+01,9.000000000000000000e+00,1.300000000000000000e+01,4.200000000000000000e+01,3.678376300000000043e+01
4.001553987948000213e+01,-8.303180779867000183e+01,2.238100000000000200e+00,-1.994099999999999984e+00,7.167634550002000005e-01,1.436173956923999795e-01,-7.919821649869999980e-02,-2.957681990000000094e-01,-4.275079840000000075e-01,3.169937382190000221e+02,2.024000000000000000e+03,1.200000000000000000e+01,9.000000000000000000e+00,1.300000000000000000e+01,4.200000000000000000e+01,3.684799399999999991e+01
4.001554109063999931e+01,-8.303180920085000594e+01,2.243799999999999795e+00,-1.990899999999999892e+00,2.448009957640999990e-01,-4.632674742644000282e-02,-6.130607380882199253e-01,-1.200823629999999975e-01,-4.637155470000000057e-01,3.169800894310000103e+02,2.024000000000000000e+03,1.200000000000000000e+01,9.000000000000000000e+00,1.300000000000000000e+01,4.200000000000000000e+01,3.691001200000000182e+01
4.001554228911000166e+01,-8.303181060932000435e+01,2.197000000000000064e+00,-2.017900000000000027e+00,-1.806822714718140155e+00,-3.629623120525400370e-01,-6.515222141244600973e-01,3.214904200000000267e-02,-4.809978750000000192e-01,3.169855014849999861e+02,2.024000000000000000e+03,1.200000000000000000e+01,9.000000000000000000e+00,1.300000000000000000e+01,4.200000000000000000e+01,3.697152799999999928e+01
4.001554346206000190e+01,-8.303181203569999980e+01,2.142100000000000115e+00,-2.042800000000000171e+00,-2.057601526831059680e+00,-7.648039255922599589e-01,-5.718824271681199889e-01,6.893137100000000517e-02,-4.646886619999999746e-01,3.169891330340000195e+02,2.024000000000000000e+03,1.200000000000000000e+01,9.000000000000000000e+00,1.300000000000000000e+01,4.200000000000000000e+01,3.703289300000000139e+01
4.001554423142000161e+01,-8.303181299306000085e+01,2.120999999999999996e+00,-2.049199999999999910e+00,-1.291194488489240122e+00,-6.065554128787999932e-01,-3.097168774361999666e-01,4.696784300000000217e-02,-4.417570989999999864e-01,3.169906628090000140e+02,2.024000000000000000e+03,1.200000000000000000e+01,9.000000000000000000e+00,1.300000000000000000e+01,4.200000000000000000e+01,3.709525200000000211e+01
4.001554480403000014e+01,-8.303181371265999644e+01,2.115000000000000213e+00,-2.046499999999999986e+00,-4.382182197476200414e-01,-4.495492272596600114e-01,-5.042576563975000870e-01,2.373868300000000001e-02,-3.887966700000000109e-01,3.169842926869999928e+02,2.024000000000000000e+03,1.200000000000000000e+01,9.000000000000000000e+00,1.300000000000000000e+01,4.200000000000000000e+01,3.715884499999999946e+01
4.001554650986000183e+01,-8.303181587368000294e+01,2.096799999999999997e+00,-2.052299999999999791e+00,-3.207427978298599824e-01,-8.664033538029999870e-02,-3.013411873325599899e-01,-9.309378499999999834e-02,-2.369468750000000012e-01,3.169371972929999970e+02,2.024000000000000000e+03,1.200000000000000000e+01,9.000000000000000000e+00,1.300000000000000000e+01,4.200000000000000000e+01,3.722355300000000256e+01
4.001554782875000171e+01,-8.303181755686999566e+01,2.097599999999999909e+00,-2.048999999999999932e+00,1.007306490808800026e-01,8.999584457771998836e-02,1.837753669593000239e-01,-1.843795749999999900e-01,-1.196468130000000046e-01,3.169288862579999773e+02,2.024000000000000000e+03,1.200000000000000000e+01,9.000000000000000000e+00,1.300000000000000000e+01,4.200000000000000000e+01,3.728687500000000199e+01
4.001554952467999726e+01,-8.303181972666000377e+01,2.086599999999999788e+00,-2.063699999999999868e+00,-6.525117884501600019e-01,-7.348825689299999520e-02,5.915355350196199735e-01,-2.854135800000000001e-01,-3.132405299999999754e-02,3.169686993710000138e+02,2.024000000000000000e+03,1.200000000000000000e+01,9.000000000000000000e+00,1.300000000000000000e+01,4.200000000000000000e+01,3.734973300000000052e+01
4.001555064862999700e+01,-8.303182117913000582e+01,2.084000000000000075e+00,-2.063600000000000101e+00,4.343884518686000340e-02,6.932995708754000064e-02,7.328115487005399942e-01,-3.925189350000000132e-01,2.423855200000000001e-02,3.169873737369999844e+02,2.024000000000000000e+03,1.200000000000000000e+01,9.000000000000000000e+00,1.300000000000000000e+01,4.200000000000000000e+01,3.741187299999999993e+01
4.001555177694000065e+01,-8.303182262885999876e+01,2.094100000000000072e+00,-2.062600000000000211e+00,-2.247580274877999940e-02,1.496554908144999974e-01,3.891086126360600028e-01,-4.837517499999999804e-01,2.373608099999999915e-02,3.169801764090000233e+02,2.024000000000000000e+03,1.200000000000000000e+01,9.000000000000000000e+00,1.300000000000000000e+01,4.200000000000000000e+01,3.747365400000000335e+01
4.001555291183999685e+01,-8.303182407404000287e+01,2.114300000000000068e+00,-2.044000000000000039e+00,1.063244704575620148e+00,1.368293963271400016e-01,3.071815430600999819e-01,-5.550594189999999983e-01,-1.947375800000000073e-02,3.169558394000000021e+02,2.024000000000000000e+03,1.200000000000000000e+01,9.000000000000000000e+00,1.300000000000000000e+01,4.200000000000000000e+01,3.753534100000000251e+01
4.001555406408999715e+01,-8.303182549203999940e+01,2.153799999999999937e+00,-1.989999999999999991e+00,2.087936657922139894e+00,-2.246371356181399992e-01,3.332938109285999984e-01,-5.218311460000000235e-01,-9.360456600000000016e-02,3.169220152820000180e+02,2.024000000000000000e+03,1.200000000000000000e+01,9.000000000000000000e+00,1.300000000000000000e+01,4.200000000000000000e+01,3.759709900000000005e+01
4.001555542737000337e+01,-8.303182711521999693e+01,2.171400000000000219e+00,-1.965000000000000080e+00,2.661886419776799961e-01,-1.067783556626400038e-01,-2.165989194971199849e-01,-3.530501030000000040e-01,-1.911173019999999889e-01,3.169063659469999834e+02,2.024000000000000000e+03,1.200000000000000000e+01,9.000000000000000000e+00,1.300000000000000000e+01,4.200000000000000000e+01,3.765887599999999935e+01
4.001555659579000235e+01,-8.303182849348000616e+01,2.158799999999999830e+00,-1.949999999999999956e+00,5.269071661888000135e-02,-6.901663211628199512e-01,-7.834763486510800679e-01,-2.139529799999999871e-01,-2.619027589999999850e-01,3.169145554049999873e+02,2.024000000000000000e+03,1.200000000000000000e+01,9.000000000000000000e+00,1.300000000000000000e+01,4.200000000000000000e+01,3.772042799999999829e+01
4.001555756143000053e+01,-8.303182963561999941e+01,2.137700000000000156e+00,-1.943599999999999994e+00,-5.573836769543599745e-01,-1.116838362633020054e+00,-1.346063666755279886e+00,-1.074095320000000020e-01,-2.793337390000000253e-01,3.169260765099999730e+02,2.024000000000000000e+03,1.200000000000000000e+01,9.000000000000000000e+00,1.300000000000000000e+01,4.200000000000000000e+01,3.777841300000000047e+01
4.001555889675999822e+01,-8.303183123187000092e+01,2.100200000000000067e+00,-1.952099999999999946e+00,-1.218708802688839965e+00,-5.077773109786599681e-01,-6.298671622725400265e-01,6.697088000000000346e-03,-2.430922000000000083e-01,3.169223204659999737e+02,2.024000000000000000e+03,1.200000000000000000e+01,9.000000000000000000e+00,1.300000000000000000e+01,4.200000000000000000e+01,3.784124599999999816e+01
4.001556001907000137e+01,-8.303183261902999845e+01,2.058399999999999785e+00,-1.987200000000000077e+00,-1.775725097035220079e+00,-2.855229707706999909e-01,-3.420326737090999547e-01,9.978514000000000828e-03,-1.948014140000000061e-01,3.169108731869999929e+02,2.024000000000000000e+03,1.200000000000000000e+01,9.000000000000000000e+00,1.300000000000000000e+01,4.200000000000000000e+01,3.790258099999999786e+01
4.001556112725999981e+01,-8.303183402540000202e+01,2.049399999999999888e+00,-2.009900000000000020e+00,-7.544547147156400735e-01,3.543832451535400274e-01,1.535352509359400042e-01,-5.891712000000000338e-02,-1.579932119999999940e-01,3.169046213419999845e+02,2.024000000000000000e+03,1.200000000000000000e+01,9.000000000000000000e+00,1.300000000000000000e+01,4.200000000000000000e+01,3.796044799999999952e+01
4.001556223368999810e+01,-8.303183544060999566e+01,2.043899999999999828e+00,-2.017100000000000115e+00,-5.678676703116199986e-01,-2.504854942732000211e-02,2.327565391444999798e-01,-1.138054869999999968e-01,-1.628557720000000097e-01,3.169052228759999821e+02,2.024000000000000000e+03,1.200000000000000000e+01,9.000000000000000000e+00,1.300000000000000000e+01,4.200000000000000000e+01,3.802324500000000285e+01
4.001556314978000017e+01,-8.303183662563999690e+01,2.030499999999999972e+00,-2.024500000000000188e+00,-5.849201966813799558e-01,-1.770235758831799899e-01,3.829215723682199979e-01,-1.929348499999999911e-01,-1.675806609999999919e-01,3.169169082220000178e+02,2.024000000000000000e+03,1.200000000000000000e+01,9.000000000000000000e+00,1.300000000000000000e+01,4.200000000000000000e+01,3.808462200000000308e+01
4.001556369885000208e+01,-8.303183733526999788e+01,2.033799999999999830e+00,-2.015699999999999825e+00,7.078771537045999707e-02,-2.218290885415800107e-01,3.561784987842400163e-01,-2.497602829999999996e-01,-1.700548649999999995e-01,3.169226621089999867e+02,2.024000000000000000e+03,1.200000000000000000e+01,9.000000000000000000e+00,1.300000000000000000e+01,4.200000000000000000e+01,3.814711299999999738e+01
4.001556517013000303e+01,-8.303183922879000534e+01,2.059299999999999908e+00,-2.023400000000000087e+00,3.639752696285999956e-01,8.135501667482999411e-01,1.772709394336799971e-01,-3.854671929999999858e-01,-2.158667360000000035e-01,3.169325931120000064e+02,2.024000000000000000e+03,1.200000000000000000e+01,9.000000000000000000e+00,1.300000000000000000e+01,4.200000000000000000e+01,3.820897699999999730e+01
4.001556685181999740e+01,-8.303184133895000230e+01,2.085700000000000109e+00,-1.977100000000000080e+00,1.084513426207240006e+00,-5.667942702060200233e-01,1.491443346860199803e-01,-4.342187550000000118e-01,-3.711709040000000237e-01,3.169171308420000059e+02,2.024000000000000000e+03,1.200000000000000000e+01,9.000000000000000000e+00,1.300000000000000000e+01,4.200000000000000000e+01,3.827172399999999897e+01
4.001556797698000167e+01,-8.303184272555000689e+01,2.078599999999999781e+00,-1.967899999999999983e+00,9.838046857317998828e-02,-4.257720352475199421e-01,1.457418635702399934e-01,-3.919046480000000221e-01,-4.502912190000000203e-01,3.169242599410000025e+02,2.024000000000000000e+03,1.200000000000000000e+01,9.000000000000000000e+00,1.300000000000000000e+01,4.200000000000000000e+01,3.833460900000000038e+01
4.001556928467000063e+01,-8.303184432790000358e+01,2.070699999999999985e+00,-1.943000000000000060e+00,4.322015580690199976e-01,-6.008155651190599800e-01,2.458235903518000143e-01,-3.672606900000000008e-01,-5.136400039999999834e-01,3.169452975550000247e+02,2.024000000000000000e+03,1.200000000000000000e+01,9.000000000000000000e+00,1.300000000000000000e+01,4.200000000000000000e+01,3.839785700000000190e+01
4.001557040006999699e+01,-8.303184568852999803e+01,2.060599999999999987e+00,-1.929799999999999960e+00,1.629802221021000030e-01,-4.713471978084800007e-01,-2.435197249210400150e-01,-3.288299689999999997e-01,-5.303001819999999533e-01,3.169634580619999724e+02,2.024000000000000000e+03,1.200000000000000000e+01,9.000000000000000000e+00,1.300000000000000000e+01,4.200000000000000000e+01,3.846111799999999903e+01
4.001557151469000218e+01,-8.303184704327000532e+01,2.061999999999999833e+00,-1.926700000000000079e+00,7.067480105780000327e-03,-7.532348339713999807e-02,-2.258359618290800286e-01,-2.819219170000000219e-01,-5.478491429999999829e-01,3.169652170879999744e+02,2.024000000000000000e+03,1.200000000000000000e+01,9.000000000000000000e+00,1.300000000000000000e+01,4.200000000000000000e+01,3.852535100000000057e+01
4.001557262789000191e+01,-8.303184839393999539e+01,2.054300000000000015e+00,-1.921599999999999975e+00,-9.816378239711999465e-02,-1.468893568804799932e-01,-3.564362643260799990e-01,-2.261647840000000076e-01,-5.640541009999999744e-01,3.169497073840000212e+02,2.024000000000000000e+03,1.200000000000000000e+01,9.000000000000000000e+00,1.300000000000000000e+01,4.200000000000000000e+01,3.858808899999999653e+01
4.001557391699000021e+01,-8.303184997360000352e+01,2.035299999999999887e+00,-1.933799999999999963e+00,-6.119042002770599398e-01,-1.203870588763000099e-01,-1.583727381889200037e-01,-1.996939100000000022e-01,-5.658603319999999659e-01,3.169400534559999869e+02,2.024000000000000000e+03,1.200000000000000000e+01,9.000000000000000000e+00,1.300000000000000000e+01,4.200000000000000000e+01,3.865005200000000229e+01
4.001557501354000124e+01,-8.303185133672999996e+01,2.023800000000000043e+00,-1.945400000000000018e+00,-4.997078800249399877e-01,-7.697274178219999999e-03,-1.080937714381400017e-01,-2.224429390000000062e-01,-5.745263259999999761e-01,3.169465026309999871e+02,2.024000000000000000e+03,1.200000000000000000e+01,9.000000000000000000e+00,1.300000000000000000e+01,4.200000000000000000e+01,3.871276600000000201e+01
4.001557610556000100e+01,-8.303185270042999377e+01,2.014800000000000146e+00,-1.941699999999999982e+00,-3.193791187629400063e-01,-2.588298915134200073e-01,-1.883042342554200055e-01,-2.447126990000000057e-01,-5.811988329999999703e-01,3.169578816719999850e+02,2.024000000000000000e+03,1.200000000000000000e+01,9.000000000000000000e+00,1.300000000000000000e+01,4.200000000000000000e+01,3.877546300000000201e+01
4.001557719197000296e+01,-8.303185406698000293e+01,2.004100000000000215e+00,-1.953699999999999992e+00,-7.264334954684800172e-01,1.009574377478199975e-01,-1.590119752044799883e-01,-2.768608350000000273e-01,-5.740342830000000340e-01,3.169644075819999784e+02,2.024000000000000000e+03,1.200000000000000000e+01,9.000000000000000000e+00,1.300000000000000000e+01,4.200000000000000000e+01,3.883811599999999942e+01
4.001557845696999749e+01,-8.303185566928999606e+01,2.013799999999999812e+00,-1.946700000000000097e+00,4.475077530041999818e-01,-9.895651176140000255e-03,-2.345089241007999870e-02,-3.682632450000000168e-01,-5.957472799999999902e-01,3.169611000680000075e+02,2.024000000000000000e+03,1.200000000000000000e+01,9.000000000000000000e+00,1.300000000000000000e+01,4.200000000000000000e+01,3.890142399999999867e+01
4.001557954674999706e+01,-8.303185703146999685e+01,2.020399999999999974e+00,-1.931599999999999984e+00,4.694723379842000166e-01,-1.495546804693999865e-01,1.245185677304199989e-01,-3.860100519999999924e-01,-6.123286930000000350e-01,3.169494487129999811e+02,2.024000000000000000e+03,1.200000000000000000e+01,9.000000000000000000e+00,1.300000000000000000e+01,4.200000000000000000e+01,3.896748600000000096e+01
4.001558081857000104e+01,-8.303185861157000147e+01,2.015400000000000080e+00,-1.926199999999999912e+00,-8.340620874133999885e-02,-1.360858908436400061e-01,2.906590321969799717e-01,-3.735197230000000257e-01,-6.241736930000000294e-01,3.169526621829999726e+02,2.024000000000000000e+03,1.200000000000000000e+01,9.000000000000000000e+00,1.300000000000000000e+01,4.200000000000000000e+01,3.903044500000000028e+01
4.001558154717000093e+01,-8.303185951185000135e+01,2.022400000000000198e+00,-1.923499999999999988e+00,6.558425986771999894e-02,1.148326332938800071e-01,1.013105539544199990e-01,-3.774441889999999855e-01,-6.362566800000000189e-01,3.169632382469999925e+02,2.024000000000000000e+03,1.200000000000000000e+01,9.000000000000000000e+00,1.300000000000000000e+01,4.200000000000000000e+01,3.909275499999999681e+01
4.001558264076000171e+01,-8.303186086137000643e+01,2.020099999999999785e+00,-1.920099999999999918e+00,-2.224144530902200101e-01,-8.719981988522000627e-02,-6.071435246924000717e-01,-3.712969810000000259e-01,-6.529220780000000168e-01,3.169852694240000233e+02,2.024000000000000000e+03,1.200000000000000000e+01,9.000000000000000000e+00,1.300000000000000000e+01,4.200000000000000000e+01,3.915711900000000156e+01
4.001558391092000022e+01,-8.303186242917000470e+01,2.011499999999999844e+00,-1.905499999999999972e+00,1.925127396967000193e-01,-4.384257656279200166e-01,4.716230594971999868e-02,-3.623243119999999817e-01,-6.362021829999999767e-01,3.170049909539999931e+02,2.024000000000000000e+03,1.200000000000000000e+01,9.000000000000000000e+00,1.300000000000000000e+01,4.200000000000000000e+01,3.921737699999999904e+01
4.001558481880000073e+01,-8.303186354390000190e+01,2.015899999999999803e+00,-1.897499999999999964e+00,4.468513387205600429e-01,-1.007734803212399916e-01,1.993859463962800171e-01,-3.436430999999999791e-01,-6.136863780000000324e-01,3.169986883949999878e+02,2.024000000000000000e+03,1.200000000000000000e+01,9.000000000000000000e+00,1.300000000000000000e+01,4.200000000000000000e+01,3.928027800000000269e+01
4.001558645997999974e+01,-8.303186555348999320e+01,2.028300000000000214e+00,-1.913599999999999968e+00,-1.033314983396000086e-01,4.825492416473600166e-01,2.341560013797199802e-01,-3.021932419999999730e-01,-6.183510319999999671e-01,3.169776614780000159e+02,2.024000000000000000e+03,1.200000000000000000e+01,9.000000000000000000e+00,1.300000000000000000e+01,4.200000000000000000e+01,3.934258700000000175e+01
4.001558755856000005e+01,-8.303186690252999824e+01,2.027899999999999814e+00,-1.924800000000000066e+00,-3.318460365007599999e-01,1.386098593196599948e-01,3.438840706745600051e-01,-2.980575990000000064e-01,-6.843888289999999763e-01,3.169773166599999854e+02,2.024000000000000000e+03,1.200000000000000000e+01,9.000000000000000000e+00,1.300000000000000000e+01,4.200000000000000000e+01,3.940176999999999907e+01
4.001558865014000332e+01,-8.303186825432000262e+01,2.008000000000000007e+00,-1.924600000000000088e+00,-4.603801152596000423e-01,-3.936248626611600354e-01,-1.248140749956600098e-01,-3.163468420000000170e-01,-7.384821000000000302e-01,3.169878534979999927e+02,2.024000000000000000e+03,1.200000000000000000e+01,9.000000000000000000e+00,1.300000000000000000e+01,4.200000000000000000e+01,3.946527700000000038e+01
4.001558973331999880e+01,-8.303186960866000277e+01,1.992299999999999960e+00,-1.928800000000000070e+00,-4.804044964843799947e-01,-3.321378152270599848e-01,-1.536905708225999936e-02,-3.404780869999999848e-01,-7.660392750000000195e-01,3.170001390909999941e+02,2.024000000000000000e+03,1.200000000000000000e+01,9.000000000000000000e+00,1.300000000000000000e+01,4.200000000000000000e+01,3.952955200000000247e+01
4.001559081103000182e+01,-8.303187096352000651e+01,1.989000000000000101e+00,-1.928099999999999925e+00,-9.295727883859999929e-02,-8.639718469189999750e-02,-3.296559304537999974e-02,-3.802571799999999724e-01,-7.791642429999999786e-01,3.170046374039999932e+02,2.024000000000000000e+03,1.200000000000000000e+01,9.000000000000000000e+00,1.300000000000000000e+01,4.200000000000000000e+01,3.959208100000000030e+01
4.001559206924000023e+01,-8.303187254124000560e+01,1.993500000000000050e+00,-1.920600000000000085e+00,3.216564053428799808e-01,-1.411905988433400094e-01,-1.424625930877400082e-01,-4.208338870000000176e-01,-8.010623209999999661e-01,3.169964712909999776e+02,2.024000000000000000e+03,1.200000000000000000e+01,9.000000000000000000e+00,1.300000000000000000e+01,4.200000000000000000e+01,3.965415300000000087e+01
4.001559315357000202e+01,-8.303187388575000227e+01,2.019800000000000040e+00,-1.903899999999999926e+00,1.247706894362980101e+00,4.038559669573200672e-01,-1.127558226392999935e-01,-4.347102489999999930e-01,-8.170234189999999730e-01,3.169884219749999943e+02,2.024000000000000000e+03,1.200000000000000000e+01,9.000000000000000000e+00,1.300000000000000000e+01,4.200000000000000000e+01,3.971732000000000085e+01
4.001559443125000115e+01,-8.303187544440000067e+01,2.008500000000000174e+00,-1.903599999999999959e+00,-8.898939575481999986e-01,-6.104814768640399736e-01,-1.730235202937999844e-02,-3.691334230000000161e-01,-8.813138839999999918e-01,3.169923429039999974e+02,2.024000000000000000e+03,1.200000000000000000e+01,9.000000000000000000e+00,1.300000000000000000e+01,4.200000000000000000e+01,3.978260999999999825e+01
4.001559567710999943e+01,-8.303187700898999424e+01,1.948900000000000077e+00,-1.905699999999999950e+00,-1.190973166201360067e+00,-1.187384326377199928e+00,2.866084117222000155e-02,-4.534536650000000058e-01,-8.500498109999999885e-01,3.170111571740000045e+02,2.024000000000000000e+03,1.200000000000000000e+01,9.000000000000000000e+00,1.300000000000000000e+01,4.200000000000000000e+01,3.984752000000000294e+01
4.001559673457000343e+01,-8.303187834214999441e+01,1.957000000000000073e+00,-1.888700000000000045e+00,6.705729317047599558e-01,-1.808536252338400208e-01,1.157990325840800167e-01,-5.368891479999999827e-01,-7.626108219999999660e-01,3.170109905869999807e+02,2.024000000000000000e+03,1.200000000000000000e+01,9.000000000000000000e+00,1.300000000000000000e+01,4.200000000000000000e+01,3.990967599999999749e+01
4.001559779491999791e+01,-8.303187968471999625e+01,1.962299999999999933e+00,-1.927100000000000035e+00,-7.164124681826600227e-01,9.637465236847000405e-01,3.232023984005200079e-01,-5.882265359999999665e-01,-7.179173089999999480e-01,3.170199724920000222e+02,2.024000000000000000e+03,1.200000000000000000e+01,9.000000000000000000e+00,1.300000000000000000e+01,4.200000000000000000e+01,3.997351199999999949e+01
4.001559885841000153e+01,-8.303188103150999666e+01,1.969000000000000083e+00,-1.900800000000000045e+00,9.913546899659799738e-01,-5.937265675339399307e-01,1.810461082817599876e-01,-6.573763200000000140e-01,-7.299413380000000506e-01,3.170081820799999832e+02,2.024000000000000000e+03,1.200000000000000000e+01,9.000000000000000000e+00,1.300000000000000000e+01,4.200000000000000000e+01,4.003634199999999765e+01
4.001559956975000176e+01,-8.303188191309999411e+01,1.974800000000000111e+00,-1.867299999999999960e+00,1.374649561778919837e+00,-8.251646176154400214e-01,2.740259609572400223e-01,-6.557363160000000413e-01,-7.056069980000000408e-01,3.169888669140000275e+02,2.024000000000000000e+03,1.200000000000000000e+01,9.000000000000000000e+00,1.300000000000000000e+01,4.200000000000000000e+01,4.009904399999999924e+01
4.001560063888999963e+01,-8.303188322459999426e+01,1.979100000000000081e+00,-1.862500000000000044e+00,2.726889921537800077e-01,4.151133530612000078e-02,1.613169606353800078e-01,-6.222592359999999934e-01,-6.470900670000000465e-01,3.169829880679999974e+02,2.024000000000000000e+03,1.200000000000000000e+01,9.000000000000000000e+00,1.300000000000000000e+01,4.200000000000000000e+01,4.016304699999999883e+01
4.001560225295000350e+01,-8.303188518652000027e+01,1.997600000000000042e+00,-1.856400000000000050e+00,5.950169708862199647e-01,1.405490929951400125e-01,-1.762802581882199904e-01,-5.706343680000000029e-01,-6.219704270000000479e-01,3.170188262240000086e+02,2.024000000000000000e+03,1.200000000000000000e+01,9.000000000000000000e+00,1.300000000000000000e+01,4.200000000000000000e+01,4.022567099999999840e+01
4.001560333676999903e+01,-8.303188648785000225e+01,2.006499999999999950e+00,-1.850100000000000078e+00,4.049596001367000153e-01,9.485429319923999181e-02,-4.424487665184199670e-01,-4.992054910000000012e-01,-6.198675860000000259e-01,3.170304374749999852e+02,2.024000000000000000e+03,1.200000000000000000e+01,9.000000000000000000e+00,1.300000000000000000e+01,4.200000000000000000e+01,4.028759000000000157e+01
4.001560460038999878e+01,-8.303188800342999798e+01,1.993300000000000072e+00,-1.851900000000000102e+00,-3.402371901615399707e-01,-2.308381044471999877e-01,-5.058534463707999862e-01,-4.025988369999999872e-01,-6.148158670000000159e-01,3.170205573490000006e+02,2.024000000000000000e+03,1.200000000000000000e+01,9.000000000000000000e+00,1.300000000000000000e+01,4.200000000000000000e+01,4.035128999999999877e+01
4.001560567280999692e+01,-8.303188930797000467e+01,1.970499999999999918e+00,-1.862999999999999989e+00,-6.493669377819800692e-01,-2.481992224897800192e-01,2.473545623548199790e-01,-3.785032039999999820e-01,-5.948694949999999704e-01,3.170161732980000124e+02,2.024000000000000000e+03,1.200000000000000000e+01,9.000000000000000000e+00,1.300000000000000000e+01,4.200000000000000000e+01,4.041739599999999655e+01
4.001560673309000293e+01,-8.303189061656000547e+01,1.943899999999999961e+00,-1.865899999999999892e+00,-7.283989216650199605e-01,-6.239462357323999342e-01,1.747503560368399989e-01,-3.891069910000000132e-01,-5.549337359999999553e-01,3.170284586619999914e+02,2.024000000000000000e+03,1.200000000000000000e+01,9.000000000000000000e+00,1.300000000000000000e+01,4.200000000000000000e+01,4.048080199999999707e+01
4.001560795977999874e+01,-8.303189215403999413e+01,1.941500000000000004e+00,-1.885599999999999943e+00,-3.893258415306600217e-01,3.771333941118600319e-01,1.501914214598199793e-01,-4.377452499999999747e-01,-4.915181049999999829e-01,3.170508618960000149e+02,2.024000000000000000e+03,1.200000000000000000e+01,9.000000000000000000e+00,1.300000000000000000e+01,4.200000000000000000e+01,4.054374299999999920e+01
4.001560901778999835e+01,-8.303189347573000134e+01,1.960199999999999942e+00,-1.882700000000000040e+00,3.588644718111799747e-01,3.428497822169599973e-01,-2.360532087937999846e-02,-4.697034390000000004e-01,-4.847162440000000183e-01,3.170554812629999901e+02,2.024000000000000000e+03,1.200000000000000000e+01,9.000000000000000000e+00,1.300000000000000000e+01,4.200000000000000000e+01,4.060583100000000201e+01
4.001561026331000193e+01,-8.303189500537000356e+01,1.980499999999999927e+00,-1.850999999999999979e+00,1.096707597247559951e+00,-3.249988609701400244e-01,-7.105566744899999981e-03,-4.534597200000000106e-01,-4.951449059999999958e-01,3.170470841900000210e+02,2.024000000000000000e+03,1.200000000000000000e+01,9.000000000000000000e+00,1.300000000000000000e+01,4.200000000000000000e+01,4.066928899999999913e+01
4.001561133525999736e+01,-8.303189629784999681e+01,1.975600000000000023e+00,-1.840899999999999981e+00,-2.836647558062200258e-01,-1.884681870890400068e-01,-3.706869318312999706e-01,-3.916067810000000149e-01,-4.541521290000000155e-01,3.170354971819999719e+02,2.024000000000000000e+03,1.200000000000000000e+01,9.000000000000000000e+00,1.300000000000000000e+01,4.200000000000000000e+01,4.073237000000000307e+01
4.001561239557999983e+01,-8.303189761042999351e+01,1.947999999999999954e+00,-1.886900000000000022e+00,-1.397002251223919966e+00,3.149626215226800086e-01,5.644923952082400165e-01,-4.352878840000000138e-01,-4.382807959999999725e-01,3.170629687080000281e+02,2.024000000000000000e+03,1.200000000000000000e+01,9.000000000000000000e+00,1.300000000000000000e+01,4.200000000000000000e+01,4.079624199999999945e+01
4.001561363147000350e+01,-8.303189914533000149e+01,1.964699999999999891e+00,-1.864000000000000101e+00,1.380720698399060087e+00,-5.000510308646000102e-02,8.030256994760200939e-01,-4.652755780000000230e-01,-4.720483589999999730e-01,3.171062102010000103e+02,2.024000000000000000e+03,1.200000000000000000e+01,9.000000000000000000e+00,1.300000000000000000e+01,4.200000000000000000e+01,4.085943799999999726e+01
4.001561469675999660e+01,-8.303190045123000118e+01,1.966099999999999959e+00,-1.862700000000000022e+00,-2.967355643913999752e-01,6.438021369476000511e-02,-1.432236393717399858e-01,-4.200916350000000188e-01,-4.972162489999999990e-01,3.171051089979999915e+02,2.024000000000000000e+03,1.200000000000000000e+01,9.000000000000000000e+00,1.300000000000000000e+01,4.200000000000000000e+01,4.092172599999999960e+01
4.001561575160000217e+01,-8.303190176881000184e+01,1.933599999999999985e+00,-1.886400000000000077e+00,-1.853678298623279819e+00,-3.650570923047999905e-01,-4.978770664869199836e-01,-4.676147580000000192e-01,-5.111452819999999786e-01,3.170914583470000139e+02,2.024000000000000000e+03,1.200000000000000000e+01,9.000000000000000000e+00,1.300000000000000000e+01,4.200000000000000000e+01,4.098489899999999864e+01
4.001561697486999947e+01,-8.303190331249000167e+01,1.943599999999999994e+00,-1.881399999999999961e+00,5.022167326369399998e-01,1.721341346510399939e-01,4.754803776912600588e-01,-5.680420670000000394e-01,-5.511126680000000277e-01,3.171029975850000255e+02,2.024000000000000000e+03,1.200000000000000000e+01,9.000000000000000000e+00,1.300000000000000000e+01,4.200000000000000000e+01,4.104809600000000103e+01
4.001561732671999749e+01,-8.303190375188999894e+01,1.952199999999999935e+00,-1.875799999999999912e+00,7.857636163488199710e-01,2.173539348899600210e-01,2.694311788290799647e-01,-5.815323540000000291e-01,-5.728684539999999714e-01,3.171098847999999748e+02,2.024000000000000000e+03,1.200000000000000000e+01,9.000000000000000000e+00,1.300000000000000000e+01,4.200000000000000000e+01,4.111081800000000186e+01
4.001561821167000232e+01,-8.303190484123000203e+01,1.967799999999999994e+00,-1.854300000000000059e+00,8.320694644937400852e-01,-5.841203456238000524e-02,-1.576310287975799806e-01,-5.685591779999999984e-01,-6.260335270000000341e-01,3.171253719700000033e+02,2.024000000000000000e+03,1.200000000000000000e+01,9.000000000000000000e+00,1.300000000000000000e+01,4.200000000000000000e+01,4.117349899999999963e+01
4.001561927496999971e+01,-8.303190614042000561e+01,1.959200000000000053e+00,-1.846999999999999975e+00,-2.306973220835399907e-01,-3.960390281569600157e-01,-1.782932648957999966e-01,-5.402382589999999984e-01,-6.770119420000000332e-01,3.171338349279999989e+02,2.024000000000000000e+03,1.200000000000000000e+01,9.000000000000000000e+00,1.300000000000000000e+01,4.200000000000000000e+01,4.123630399999999696e+01
4.001562016046000281e+01,-8.303190721632999782e+01,1.960299999999999931e+00,-1.830899999999999972e+00,3.502843749083999758e-01,-3.777191156486199852e-01,-4.196713413421400141e-01,-5.354857259999999952e-01,-6.957364470000000356e-01,3.171323842919999834e+02,2.024000000000000000e+03,1.200000000000000000e+01,9.000000000000000000e+00,1.300000000000000000e+01,4.200000000000000000e+01,4.129879400000000089e+01
4.001562229086000144e+01,-8.303190976176999527e+01,1.967100000000000071e+00,-1.800899999999999945e+00,1.574248176612999817e-01,-8.737840172869999755e-02,-4.665753072289999942e-02,-3.907211850000000264e-01,-6.794111550000000443e-01,3.171469099000000256e+02,2.024000000000000000e+03,1.200000000000000000e+01,9.000000000000000000e+00,1.300000000000000000e+01,4.200000000000000000e+01,4.135748000000000246e+01
4.001562353090999835e+01,-8.303191124271999968e+01,1.955699999999999994e+00,-1.807600000000000096e+00,-4.242851228718400036e-01,-1.791170807443800139e-01,1.768441966118599884e-01,-3.135282819999999915e-01,-6.691824819999999674e-01,3.171581584570000132e+02,2.024000000000000000e+03,1.200000000000000000e+01,9.000000000000000000e+00,1.300000000000000000e+01,4.200000000000000000e+01,4.141981100000000282e+01
4.001562458774999698e+01,-8.303191251796999950e+01,1.942900000000000071e+00,-1.821800000000000086e+00,-8.083665609546200059e-01,-8.846218901019999373e-03,2.885608902262000175e-01,-2.744852079999999805e-01,-6.708106539999999507e-01,3.171731134409999981e+02,2.024000000000000000e+03,1.200000000000000000e+01,9.000000000000000000e+00,1.300000000000000000e+01,4.200000000000000000e+01,4.148525599999999969e+01
4.001562580958000126e+01,-8.303191401864999932e+01,1.924299999999999899e+00,-1.834899999999999975e+00,-6.105553617953199952e-01,-8.541168889076000692e-02,-1.911343712247599858e-01,-2.947341459999999747e-01,-6.725394599999999778e-01,3.171831639100000189e+02,2.024000000000000000e+03,1.200000000000000000e+01,9.000000000000000000e+00,1.300000000000000000e+01,4.200000000000000000e+01,4.154746399999999795e+01
4.001562684782000190e+01,-8.303191531458000441e+01,1.913300000000000001e+00,-1.848200000000000065e+00,-3.895264891942399887e-01,7.557309453499999607e-02,-2.498156628817200242e-01,-3.479464179999999796e-01,-6.631705749999999844e-01,3.171916295400000081e+02,2.024000000000000000e+03,1.200000000000000000e+01,9.000000000000000000e+00,1.300000000000000000e+01,4.200000000000000000e+01,4.161122100000000046e+01
4.001562789529000241e+01,-8.303191661101000420e+01,1.954399999999999915e+00,-1.838100000000000067e+00,1.275703505365760160e+00,8.203972476367400457e-01,-2.355566481525800115e-01,-3.708355680000000043e-01,-6.801925049999999473e-01,3.171913232389999848e+02,2.024000000000000000e+03,1.200000000000000000e+01,9.000000000000000000e+00,1.300000000000000000e+01,4.200000000000000000e+01,4.167416599999999960e+01
4.001562895397000119e+01,-8.303191790520999405e+01,1.943500000000000005e+00,-1.847099999999999964e+00,-9.694837896501199426e-01,-3.033067314977799800e-01,-1.369541304458799791e-01,-3.321882230000000047e-01,-7.591712929999999693e-01,3.171964089489999878e+02,2.024000000000000000e+03,1.200000000000000000e+01,9.000000000000000000e+00,1.300000000000000000e+01,4.200000000000000000e+01,4.173773099999999658e+01
4.001563015402000190e+01,-8.303191942722000363e+01,1.876200000000000090e+00,-1.854600000000000026e+00,-7.037316246430800337e-01,-9.770825348725200588e-01,2.441654616492199836e-01,-4.772734060000000111e-01,-7.623605789999999827e-01,3.172275894730000232e+02,2.024000000000000000e+03,1.200000000000000000e+01,9.000000000000000000e+00,1.300000000000000000e+01,4.200000000000000000e+01,4.180033999999999850e+01
4.001563117396000280e+01,-8.303192071824000209e+01,1.890300000000000091e+00,-1.817900000000000071e+00,1.387145544281800147e+00,-4.463602039771800145e-01,5.754598910759199937e-01,-6.070619029999999583e-01,-7.084182439999999747e-01,3.172333718680000061e+02,2.024000000000000000e+03,1.200000000000000000e+01,9.000000000000000000e+00,1.300000000000000000e+01,4.200000000000000000e+01,4.186450099999999708e+01
4.001563219895999879e+01,-8.303192199981999977e+01,1.894200000000000106e+00,-1.826000000000000068e+00,-1.377146348555199906e-01,2.729571118010600261e-01,2.102018710194399898e-01,-6.352118450000000527e-01,-6.630346879999999832e-01,3.172430738080000197e+02,2.024000000000000000e+03,1.200000000000000000e+01,9.000000000000000000e+00,1.300000000000000000e+01,4.200000000000000000e+01,4.192805899999999752e+01
4.001563339086000326e+01,-8.303192349975999775e+01,1.880500000000000060e+00,-1.821900000000000075e+00,1.310730844551999917e-02,-5.799610207551999519e-01,1.916413730881200150e-01,-7.177260859999999854e-01,-6.316500219999999777e-01,3.172578612529999873e+02,2.024000000000000000e+03,1.200000000000000000e+01,9.000000000000000000e+00,1.300000000000000000e+01,4.200000000000000000e+01,4.199155799999999772e+01
4.001563441407999733e+01,-8.303192477102000169e+01,1.894500000000000073e+00,-1.797900000000000054e+00,7.792924970605800139e-01,-1.651940490944600048e-01,-8.406754994727999586e-02,-7.770338449999999453e-01,-5.876381999999999994e-01,3.172619987570000148e+02,2.024000000000000000e+03,1.200000000000000000e+01,9.000000000000000000e+00,1.300000000000000000e+01,4.200000000000000000e+01,4.205489500000000191e+01
4.001563475622000254e+01,-8.303192519200000277e+01,1.896700000000000053e+00,-1.793199999999999905e+00,6.442037540403999785e-01,-1.587291251391000080e-01,-4.031727047364000449e-02,-7.906793439999999507e-01,-5.682595559999999990e-01,3.172624447790000204e+02,2.024000000000000000e+03,1.200000000000000000e+01,9.000000000000000000e+00,1.300000000000000000e+01,4.200000000000000000e+01,4.211375699999999966e+01
4.001563595996999823e+01,-8.303192665554000484e+01,1.908400000000000096e+00,-1.777300000000000102e+00,2.955898434521400109e-01,-1.569619844123199826e-01,-8.175964134304000708e-02,-7.747391510000000148e-01,-5.207442349999999998e-01,3.172831778199999917e+02,2.024000000000000000e+03,1.200000000000000000e+01,9.000000000000000000e+00,1.300000000000000000e+01,4.200000000000000000e+01,4.217806399999999911e+01
4.001563751081999953e+01,-8.303192852162999316e+01,1.912300000000000111e+00,-1.761200000000000099e+00,4.864648739436400193e-01,-1.312883824399599941e-01,-4.921202487099999613e-03,-7.325029950000000456e-01,-4.530930360000000046e-01,3.173234921920000033e+02,2.024000000000000000e+03,1.200000000000000000e+01,9.000000000000000000e+00,1.300000000000000000e+01,4.200000000000000000e+01,4.224432800000000299e+01
4.001563872170999758e+01,-8.303192996273999427e+01,1.915300000000000002e+00,-1.755900000000000016e+00,-1.949998114128000115e-02,-1.244252838437399922e-01,2.834476024783999862e-02,-6.690868960000000421e-01,-4.201565789999999745e-01,3.173289473020000173e+02,2.024000000000000000e+03,1.200000000000000000e+01,9.000000000000000000e+00,1.300000000000000000e+01,4.200000000000000000e+01,4.230744800000000083e+01
4.001563993288999654e+01,-8.303193139994000660e+01,1.912900000000000045e+00,-1.753200000000000092e+00,-9.032288365806000197e-02,-1.373894091290600028e-01,1.630921477117799889e-01,-6.087176800000000387e-01,-3.952698780000000189e-01,3.173367776929999877e+02,2.024000000000000000e+03,1.200000000000000000e+01,9.000000000000000000e+00,1.300000000000000000e+01,4.200000000000000000e+01,4.236987299999999834e+01
4.001564096688999683e+01,-8.303193263305999494e+01,1.905100000000000016e+00,-1.753500000000000059e+00,-1.053456939923199942e-01,-2.384519110466199743e-01,6.671423782666000002e-02,-5.674294100000000229e-01,-3.798677939999999809e-01,3.173591054089999943e+02,2.024000000000000000e+03,1.200000000000000000e+01,9.000000000000000000e+00,1.300000000000000000e+01,4.200000000000000000e+01,4.243405599999999822e+01
4.001564199842000136e+01,-8.303193386655999575e+01,1.902900000000000036e+00,-1.756999999999999895e+00,-1.620543252402600054e-01,2.786443950089999982e-02,3.267630076065999867e-02,-5.193815120000000451e-01,-3.628458920000000032e-01,3.173798610090000238e+02,2.024000000000000000e+03,1.200000000000000000e+01,9.000000000000000000e+00,1.300000000000000000e+01,4.200000000000000000e+01,4.249681600000000259e+01
4.001564302920999694e+01,-8.303193510270000388e+01,1.899100000000000010e+00,-1.760599999999999943e+00,-3.864568185785400289e-01,-1.273784114990799965e-01,-7.054890789680000503e-03,-4.778589670000000234e-01,-3.645746309999999824e-01,3.174004815979999989e+02,2.024000000000000000e+03,1.200000000000000000e+01,9.000000000000000000e+00,1.300000000000000000e+01,4.200000000000000000e+01,4.255566199999999810e+01
4.001564405282000081e+01,-8.303193633933000228e+01,1.881599999999999939e+00,-1.759700000000000042e+00,-3.521883146513399843e-01,-4.451985900697399967e-01,-1.643664784576200077e-01,-4.639149410000000251e-01,-3.550373010000000273e-01,3.174216692649999914e+02,2.024000000000000000e+03,1.200000000000000000e+01,9.000000000000000000e+00,1.300000000000000000e+01,4.200000000000000000e+01,4.261537500000000023e+01
4.001564506982000324e+01,-8.303193757097000116e+01,1.877999999999999892e+00,-1.741800000000000015e+00,6.275890251447600043e-01,-4.639862388550399785e-01,-5.989809823806799827e-01,-4.731605799999999973e-01,-3.043932229999999906e-01,3.174360421979999956e+02,2.024000000000000000e+03,1.200000000000000000e+01,9.000000000000000000e+00,1.300000000000000000e+01,4.200000000000000000e+01,4.267951899999999910e+01
4.001564625550999921e+01,-8.303193899142000589e+01,1.872300000000000075e+00,-1.731899999999999995e+00,-2.647017894483200129e-01,-1.786529102958600013e-01,-1.319741665140999887e-01,-4.402935419999999822e-01,-1.975075970000000070e-01,3.174404199960000028e+02,2.024000000000000000e+03,1.200000000000000000e+01,9.000000000000000000e+00,1.300000000000000000e+01,4.200000000000000000e+01,4.274262499999999676e+01
4.001564726179999809e+01,-8.303194022440999333e+01,1.847099999999999964e+00,-1.772499999999999964e+00,-1.479634330599060021e+00,3.048314850863799719e-01,6.421959835529200689e-01,-4.674725220000000014e-01,-1.449211900000000053e-01,3.174791747460000124e+02,2.024000000000000000e+03,1.200000000000000000e+01,9.000000000000000000e+00,1.300000000000000000e+01,4.200000000000000000e+01,4.280572500000000247e+01
4.001564843368999647e+01,-8.303194167585999708e+01,1.858600000000000030e+00,-1.770499999999999963e+00,1.837029512579000101e-01,1.477897400968000152e-01,4.462176630535999999e-01,-5.324050790000000033e-01,-1.437566210000000011e-01,3.175316372460000025e+02,2.024000000000000000e+03,1.200000000000000000e+01,9.000000000000000000e+00,1.300000000000000000e+01,4.200000000000000000e+01,4.287028600000000012e+01
4.001564927321000198e+01,-8.303194270973000357e+01,1.857699999999999907e+00,-1.766699999999999937e+00,-1.953352659159000027e-01,-9.768950678496000906e-02,3.608874196583199967e-01,-5.600576840000000001e-01,-1.644845440000000103e-01,3.175523258339999870e+02,2.024000000000000000e+03,1.200000000000000000e+01,9.000000000000000000e+00,1.300000000000000000e+01,4.200000000000000000e+01,4.292884399999999800e+01
4.001565044195999832e+01,-8.303194415371000048e+01,1.845199999999999951e+00,-1.754899999999999904e+00,2.842082321005799939e-01,-4.544931213644599621e-01,3.499160055959399940e-01,-6.457460590000000389e-01,-1.696742189999999872e-01,3.175600175700000136e+02,2.024000000000000000e+03,1.200000000000000000e+01,9.000000000000000000e+00,1.300000000000000000e+01,4.200000000000000000e+01,4.299332400000000121e+01
4.001565160900999985e+01,-8.303194558945999404e+01,1.850800000000000001e+00,-1.746799999999999908e+00,2.659924762206600235e-01,-1.436415500299999910e-03,5.902297908571999679e-02,-6.981238920000000236e-01,-1.833810399999999952e-01,3.175781873130000008e+02,2.024000000000000000e+03,1.200000000000000000e+01,9.000000000000000000e+00,1.300000000000000000e+01,4.200000000000000000e+01,4.305888800000000316e+01
4.001565177609000301e+01,-8.303194579412999587e+01,1.851399999999999935e+00,-1.746399999999999952e+00,1.653550318461599888e-01,-5.314654046239999929e-03,-2.312554850759999860e-03,-6.996630609999999750e-01,-1.878008650000000113e-01,3.175807761199999959e+02,2.024000000000000000e+03,1.200000000000000000e+01,9.000000000000000000e+00,1.300000000000000000e+01,4.200000000000000000e+01,4.311866200000000049e+01
4.001565328041999692e+01,-8.303194762390999983e+01,1.852700000000000014e+00,-1.723300000000000054e+00,5.025703658039799571e-01,-3.347709438274399929e-01,-2.063177056025399803e-01,-7.331462029999999963e-01,-2.303378670000000017e-01,3.176166124009999976e+02,2.024000000000000000e+03,1.200000000000000000e+01,9.000000000000000000e+00,1.300000000000000000e+01,4.200000000000000000e+01,4.318059300000000178e+01
4.001565445141999788e+01,-8.303194902494000473e+01,1.855599999999999916e+00,-1.694900000000000073e+00,4.692302736024799859e-01,-4.903174686888799871e-01,-1.592834244708999925e-01,-7.023585940000000027e-01,-2.392121789999999970e-01,3.176375168850000250e+02,2.024000000000000000e+03,1.200000000000000000e+01,9.000000000000000000e+00,1.300000000000000000e+01,4.200000000000000000e+01,4.324471199999999982e+01
4.001565561993999864e+01,-8.303195041563999723e+01,1.854200000000000070e+00,-1.687899999999999956e+00,2.708380067455399831e-01,-2.019531935542800138e-01,-3.391338397657399639e-01,-6.579450049999999717e-01,-2.349466500000000069e-01,3.176579578060000131e+02,2.024000000000000000e+03,1.200000000000000000e+01,9.000000000000000000e+00,1.300000000000000000e+01,4.200000000000000000e+01,4.330785399999999896e+01
4.001565678557999917e+01,-8.303195180061000258e+01,1.846100000000000074e+00,-1.682700000000000085e+00,1.710429269796000240e-02,-3.204460412186799778e-01,2.244889238821999936e-02,-6.154356970000000038e-01,-2.361954800000000132e-01,3.176785336350000080e+02,2.024000000000000000e+03,1.200000000000000000e+01,9.000000000000000000e+00,1.300000000000000000e+01,4.200000000000000000e+01,4.337147300000000172e+01
4.001565761420999934e+01,-8.303195278617999975e+01,1.834000000000000075e+00,-1.679100000000000037e+00,-2.580839789459200007e-01,-4.540031558771999709e-01,3.697847605004000310e-02,-5.986532369999999492e-01,-2.313719300000000034e-01,3.176852899900000011e+02,2.024000000000000000e+03,1.200000000000000000e+01,9.000000000000000000e+00,1.300000000000000000e+01,4.200000000000000000e+01,4.343515899999999874e+01
4.001565876629999963e+01,-8.303195416677000651e+01,1.823199999999999932e+00,-1.684199999999999919e+00,-3.425751132109799979e-01,-5.306078221787999954e-02,1.354455746309400077e-01,-5.915947040000000268e-01,-2.083993189999999995e-01,3.177007872359999965e+02,2.024000000000000000e+03,1.200000000000000000e+01,9.000000000000000000e+00,1.300000000000000000e+01,4.200000000000000000e+01,4.349576900000000279e+01
4.001565991569999881e+01,-8.303195554914999832e+01,1.827700000000000102e+00,-1.680700000000000083e+00,3.798926854135800113e-01,9.660494260478000306e-02,-6.553446732110000672e-02,-5.785864450000000048e-01,-2.007209369999999882e-01,3.177268432550000057e+02,2.024000000000000000e+03,1.200000000000000000e+01,9.000000000000000000e+00,1.300000000000000000e+01,4.200000000000000000e+01,4.355996400000000079e+01
4.001566090469000159e+01,-8.303195672795999371e+01,1.832400000000000029e+00,-1.667699999999999960e+00,4.416800122366800196e-01,-2.354734099860199825e-01,-6.369586329283999371e-02,-5.424401199999999701e-01,-2.110034749999999959e-01,3.177442273130000103e+02,2.024000000000000000e+03,1.200000000000000000e+01,9.000000000000000000e+00,1.300000000000000000e+01,4.200000000000000000e+01,4.362713300000000061e+01
4.001566189905999948e+01,-8.303195789756000522e+01,1.851099999999999968e+00,-1.654300000000000104e+00,8.363937813089399320e-01,1.886218224753800077e-01,1.404642183510200204e-01,-4.850733010000000123e-01,-2.244456950000000006e-01,3.177620703669999784e+02,2.024000000000000000e+03,1.200000000000000000e+01,9.000000000000000000e+00,1.300000000000000000e+01,4.200000000000000000e+01,4.368612699999999904e+01
4.001566305968999870e+01,-8.303195925261999832e+01,1.822100000000000053e+00,-1.649499999999999966e+00,-8.482334143279800509e-01,-9.294121321798399782e-01,3.999262063718800331e-01,-3.926609770000000221e-01,-2.554809909999999906e-01,3.177904947879999895e+02,2.024000000000000000e+03,1.200000000000000000e+01,9.000000000000000000e+00,1.300000000000000000e+01,4.200000000000000000e+01,4.374986400000000231e+01
4.001566402833000069e+01,-8.303196041943000694e+01,1.770699999999999941e+00,-1.664199999999999902e+00,-1.337339050357239989e+00,-7.979788222880399573e-01,3.533935741533399955e-01,-4.322468609999999822e-01,-2.211007949999999889e-01,3.178175842989999751e+02,2.024000000000000000e+03,1.200000000000000000e+01,9.000000000000000000e+00,1.300000000000000000e+01,4.200000000000000000e+01,4.381311199999999673e+01
4.001566498047999687e+01,-8.303196159092000528e+01,1.751100000000000101e+00,-1.671699999999999964e+00,-8.689548198756200659e-01,-2.049274583896199819e-01,8.822493017063999521e-02,-5.201395210000000491e-01,-1.541206440000000011e-01,3.178314427970000224e+02,2.024000000000000000e+03,1.200000000000000000e+01,9.000000000000000000e+00,1.300000000000000000e+01,4.200000000000000000e+01,4.387788400000000166e+01
4.001566592521999866e+01,-8.303196277458999930e+01,1.740499999999999936e+00,-1.696399999999999908e+00,-1.129094214055680112e+00,2.625041984005400120e-01,-1.388537303104799836e-01,-6.141395320000000435e-01,-1.145320729999999981e-01,3.178440998440000271e+02,2.024000000000000000e+03,1.200000000000000000e+01,9.000000000000000000e+00,1.300000000000000000e+01,4.200000000000000000e+01,4.394162800000000146e+01
4.001566701984000218e+01,-8.303196416939999835e+01,1.735999999999999988e+00,-1.687200000000000033e+00,7.345856554163200380e-01,-5.815979491540199664e-01,1.556113177450799967e-01,-7.870577439999999481e-01,-1.129195540000000053e-01,3.178541735069999845e+02,2.024000000000000000e+03,1.200000000000000000e+01,9.000000000000000000e+00,1.300000000000000000e+01,4.200000000000000000e+01,4.400665800000000161e+01
4.001566811818999980e+01,-8.303196552718999612e+01,1.750000000000000000e+00,-1.627699999999999925e+00,1.312603179785660101e+00,-6.815769353668599262e-01,1.004778892033799942e-01,-8.536356529999999943e-01,-8.310292800000000646e-02,3.178571718800000099e+02,2.024000000000000000e+03,1.200000000000000000e+01,9.000000000000000000e+00,1.300000000000000000e+01,4.200000000000000000e+01,4.407013200000000097e+01
4.001566843295000098e+01,-8.303196590848000369e+01,1.749400000000000066e+00,-1.618800000000000017e+00,9.520975821755000013e-01,-6.656321422672200061e-01,6.660579015725999474e-02,-8.431047200000000297e-01,-6.616594100000000589e-02,3.178643420999999876e+02,2.024000000000000000e+03,1.200000000000000000e+01,9.000000000000000000e+00,1.300000000000000000e+01,4.200000000000000000e+01,4.413366299999999853e+01
4.001566984875000088e+01,-8.303196760145000610e+01,1.743000000000000105e+00,-1.596100000000000074e+00,2.296400516228000108e-02,-2.787524916351200033e-01,-3.526384464027999821e-02,-8.402495210000000547e-01,2.346827599999999972e-02,3.179153169609999736e+02,2.024000000000000000e+03,1.200000000000000000e+01,9.000000000000000000e+00,1.300000000000000000e+01,4.200000000000000000e+01,4.419628000000000156e+01
4.001567079179000075e+01,-8.303196871820000524e+01,1.741900000000000004e+00,-1.583499999999999908e+00,2.231263563376399972e-01,-3.042548434496200049e-01,2.655110958225999698e-02,-8.504393980000000131e-01,7.291867999999999961e-02,3.179353267060000121e+02,2.024000000000000000e+03,1.200000000000000000e+01,9.000000000000000000e+00,1.300000000000000000e+01,4.200000000000000000e+01,4.425529999999999831e+01
4.001567204319000126e+01,-8.303197019664999345e+01,1.727200000000000069e+00,-1.574999999999999956e+00,-1.343364675834199939e-01,-3.463818495480999737e-01,-3.445830360200000109e-02,-8.354551799999999639e-01,1.322784439999999950e-01,3.179337259179999933e+02,2.024000000000000000e+03,1.200000000000000000e+01,9.000000000000000000e+00,1.300000000000000000e+01,4.200000000000000000e+01,4.432045000000000101e+01
4.001567297594999673e+01,-8.303197130240999968e+01,1.717000000000000082e+00,-1.575499999999999901e+00,-4.462336066459199890e-01,-2.721006046662399758e-01,-2.934957615048799928e-01,-8.125505010000000361e-01,1.728033840000000043e-01,3.179345940869999936e+02,2.024000000000000000e+03,1.200000000000000000e+01,9.000000000000000000e+00,1.300000000000000000e+01,4.200000000000000000e+01,4.438634100000000160e+01
4.001567405681999645e+01,-8.303197259629999394e+01,1.709100000000000064e+00,-1.577599999999999891e+00,3.474735228108000173e-02,-1.876232565127400054e-01,-2.194163971986599904e-01,-8.308529489999999518e-01,2.072565130000000033e-01,3.179596974300000056e+02,2.024000000000000000e+03,1.200000000000000000e+01,9.000000000000000000e+00,1.300000000000000000e+01,4.200000000000000000e+01,4.445066400000000328e+01
4.001567498259999667e+01,-8.303197369510999692e+01,1.712699999999999889e+00,-1.550499999999999989e+00,7.942127936852999559e-01,-5.223850794325199942e-01,9.953410684091999749e-02,-8.276937170000000510e-01,2.304247319999999932e-01,3.179878821639999842e+02,2.024000000000000000e+03,1.200000000000000000e+01,9.000000000000000000e+00,1.300000000000000000e+01,4.200000000000000000e+01,4.451465000000000316e+01
4.001567590719000123e+01,-8.303197477482000011e+01,1.707500000000000018e+00,-1.522599999999999953e+00,6.518958684908999768e-01,-6.995483179234599502e-01,1.502377258364999968e-01,-7.732053960000000448e-01,2.784394960000000085e-01,3.180078720930000031e+02,2.024000000000000000e+03,1.200000000000000000e+01,9.000000000000000000e+00,1.300000000000000000e+01,4.200000000000000000e+01,4.458030500000000274e+01
4.001567698062999767e+01,-8.303197601720999899e+01,1.694900000000000073e+00,-1.510599999999999943e+00,-1.046561384343400042e-01,-3.943577465253800263e-01,-6.506296154090000783e-02,-6.980836249999999854e-01,3.634038660000000198e-01,3.180171532319999983e+02,2.024000000000000000e+03,1.200000000000000000e+01,9.000000000000000000e+00,1.300000000000000000e+01,4.200000000000000000e+01,4.464457099999999912e+01
4.001567805028000180e+01,-8.303197725443000365e+01,1.692600000000000104e+00,-1.509100000000000108e+00,-1.020476628210199993e-01,-8.502304708725999527e-02,-2.222669074779400067e-01,-6.446205729999999745e-01,4.436433719999999803e-01,3.180254790370000251e+02,2.024000000000000000e+03,1.200000000000000000e+01,9.000000000000000000e+00,1.300000000000000000e+01,4.200000000000000000e+01,4.470766100000000165e+01
4.001567896286000092e+01,-8.303197831708000365e+01,1.684800000000000075e+00,-1.513500000000000068e+00,-1.179763829934800112e-01,-2.465257986896000203e-02,7.401659522700000139e-03,-6.112959199999999926e-01,4.907546580000000103e-01,3.180371095439999749e+02,2.024000000000000000e+03,1.200000000000000000e+01,9.000000000000000000e+00,1.300000000000000000e+01,4.200000000000000000e+01,4.477087699999999870e+01
4.001567987298999896e+01,-8.303197937974999832e+01,1.678600000000000092e+00,-1.509400000000000075e+00,-2.532654668293999808e-02,-3.170963064381799867e-01,-3.738146930309199645e-01,-5.789601359999999586e-01,5.344003189999999570e-01,3.180410779989999810e+02,2.024000000000000000e+03,1.200000000000000000e+01,9.000000000000000000e+00,1.300000000000000000e+01,4.200000000000000000e+01,4.483519700000000086e+01
4.001568092666000354e+01,-8.303198062756999320e+01,1.660099999999999909e+00,-1.536799999999999944e+00,-1.015269686536800053e+00,1.813871329160400003e-01,5.626055342472799925e-01,-5.618391430000000408e-01,5.877619630000000539e-01,3.180627268769999887e+02,2.024000000000000000e+03,1.200000000000000000e+01,9.000000000000000000e+00,1.300000000000000000e+01,4.200000000000000000e+01,4.489912499999999795e+01
4.001568182521999972e+01,-8.303198171590000243e+01,1.663100000000000023e+00,-1.558799999999999963e+00,-3.221101803283799581e-01,5.787410866357399764e-01,4.319207592628799830e-01,-6.003925079999999914e-01,6.401219190000000392e-01,3.180981931019999820e+02,2.024000000000000000e+03,1.200000000000000000e+01,9.000000000000000000e+00,1.300000000000000000e+01,4.200000000000000000e+01,4.496288100000000298e+01
4.001568273091999828e+01,-8.303198281534000103e+01,1.684800000000000075e+00,-1.576100000000000056e+00,-1.101456666032400028e-01,1.054587439812640026e+00,9.856918946779999469e-02,-6.447617030000000193e-01,6.924011920000000542e-01,3.181170588549999820e+02,2.024000000000000000e+03,1.200000000000000000e+01,9.000000000000000000e+00,1.300000000000000000e+01,4.200000000000000000e+01,4.502760899999999822e+01
4.001568349590999674e+01,-8.303198374275000049e+01,1.705999999999999961e+00,-1.595099999999999962e+00,-1.666426332156399903e-01,1.145758295892399969e+00,2.092635920264000055e-02,-6.887362019999999641e-01,7.285908439999999597e-01,3.181244472879999989e+02,2.024000000000000000e+03,1.200000000000000000e+01,9.000000000000000000e+00,1.300000000000000000e+01,4.200000000000000000e+01,4.509271499999999833e+01
4.001568395927999688e+01,-8.303198430465999991e+01,1.718599999999999905e+00,-1.604400000000000048e+00,4.623509805297999764e-02,1.053890682397220058e+00,-2.485135129218400130e-01,-7.167177049999999827e-01,7.480036930000000250e-01,3.181314062390000004e+02,2.024000000000000000e+03,1.200000000000000000e+01,9.000000000000000000e+00,1.300000000000000000e+01,4.200000000000000000e+01,4.515628900000000101e+01
4.001568569617000293e+01,-8.303198637353999345e+01,1.782999999999999918e+00,-1.611900000000000110e+00,8.582658283570598901e-01,1.009936149479579992e+00,8.321263493006400003e-01,-7.242082810000000093e-01,8.099417389999999939e-01,3.181590612800000031e+02,2.024000000000000000e+03,1.200000000000000000e+01,9.000000000000000000e+00,1.300000000000000000e+01,4.200000000000000000e+01,4.522068900000000014e+01
4.001568666635999705e+01,-8.303198751710999659e+01,1.806400000000000006e+00,-1.639100000000000001e+00,-3.391355201583000079e-01,1.194306325981139949e+00,2.414966343850999952e-01,-7.242020289999999694e-01,8.245097209999999732e-01,3.181676383669999950e+02,2.024000000000000000e+03,1.200000000000000000e+01,9.000000000000000000e+00,1.300000000000000000e+01,4.200000000000000000e+01,4.528359799999999780e+01
4.001568781504000327e+01,-8.303198887535999972e+01,1.838799999999999990e+00,-1.667899999999999938e+00,1.846435185553400027e-01,1.864710217945660053e+00,2.593675341328600115e-01,-7.311222240000000427e-01,8.198097720000000477e-01,3.181921795810000049e+02,2.024000000000000000e+03,1.200000000000000000e+01,9.000000000000000000e+00,1.300000000000000000e+01,4.200000000000000000e+01,4.534638999999999953e+01
4.001568897971999661e+01,-8.303199026254999637e+01,1.856300000000000061e+00,-1.709200000000000053e+00,-5.227285835887199861e-01,1.101408839646680127e+00,-2.815727913607999830e-02,-7.214607589999999515e-01,7.866094660000000349e-01,3.182283765999999900e+02,2.024000000000000000e+03,1.200000000000000000e+01,9.000000000000000000e+00,1.300000000000000000e+01,4.200000000000000000e+01,4.541228000000000264e+01
4.001568998852999925e+01,-8.303199147233999611e+01,1.878600000000000048e+00,-1.727200000000000069e+00,1.087281222171799927e-01,9.405897887986001127e-01,-3.702488197733599939e-01,-7.410035350000000465e-01,7.527948650000000352e-01,3.182480199550000179e+02,2.024000000000000000e+03,1.200000000000000000e+01,9.000000000000000000e+00,1.300000000000000000e+01,4.200000000000000000e+01,4.547682900000000217e+01
4.001569118502000322e+01,-8.303199289100000158e+01,1.912099999999999911e+00,-1.733200000000000074e+00,2.530538864404199839e-01,8.023668768496200476e-01,-5.765117525171600255e-01,-7.484419989999999689e-01,7.393358049999999571e-01,3.182441822170000023e+02,2.024000000000000000e+03,1.200000000000000000e+01,9.000000000000000000e+00,1.300000000000000000e+01,4.200000000000000000e+01,4.554171800000000303e+01
4.001569222492000222e+01,-8.303199411366999527e+01,1.937899999999999956e+00,-1.742699999999999916e+00,3.149751148709799553e-01,9.033671454335999718e-01,-2.678190753500799826e-01,-7.423540539999999854e-01,7.637441590000000335e-01,3.182444878890000268e+02,2.024000000000000000e+03,1.200000000000000000e+01,9.000000000000000000e+00,1.300000000000000000e+01,4.200000000000000000e+01,4.560558999999999941e+01
4.001569345613999928e+01,-8.303199555400999543e+01,1.969799999999999995e+00,-1.766499999999999959e+00,9.653039589815999577e-02,1.191460336258439945e+00,7.665472363080000351e-02,-7.161253069999999887e-01,7.881344559999999833e-01,3.182571861389999981e+02,2.024000000000000000e+03,1.200000000000000000e+01,9.000000000000000000e+00,1.300000000000000000e+01,4.200000000000000000e+01,4.567140799999999956e+01
4.001569452492999801e+01,-8.303199680715999875e+01,1.986699999999999910e+00,-1.794799999999999951e+00,-3.311902557272199954e-01,1.056467955563799910e+00,2.979688021978200152e-01,-6.966567700000000363e-01,7.800698710000000258e-01,3.182700528739999868e+02,2.024000000000000000e+03,1.200000000000000000e+01,9.000000000000000000e+00,1.300000000000000000e+01,4.200000000000000000e+01,4.573550699999999836e+01
4.001569577966999702e+01,-8.303199829195999371e+01,1.996899999999999897e+00,-1.821700000000000097e+00,-2.604036533358400352e-01,7.686105252138599742e-01,5.359050065754000086e-02,-7.120229169999999774e-01,7.540354510000000232e-01,3.182670964310000272e+02,2.024000000000000000e+03,1.200000000000000000e+01,9.000000000000000000e+00,1.300000000000000000e+01,4.200000000000000000e+01,4.580044600000000088e+01
4.001569687231000216e+01,-8.303199957111000629e+01,2.052299999999999791e+00,-1.811299999999999910e+00,1.808028397357239969e+00,1.241033453876119852e+00,-3.655213771482000024e-02,-6.689549590000000157e-01,7.192925529999999457e-01,3.182688438629999723e+02,2.024000000000000000e+03,1.200000000000000000e+01,9.000000000000000000e+00,1.300000000000000000e+01,4.200000000000000000e+01,4.586533399999999716e+01
4.001569797716999943e+01,-8.303200084469000331e+01,2.036599999999999966e+00,-1.812200000000000033e+00,-5.761837269468199629e-01,-3.692226580947199910e-01,1.500391253942600089e-01,-5.394508380000000436e-01,6.653676360000000400e-01,3.182818902980000075e+02,2.024000000000000000e+03,1.200000000000000000e+01,9.000000000000000000e+00,1.300000000000000000e+01,4.200000000000000000e+01,4.592988100000000173e+01
4.001569924958999991e+01,-8.303200234083999476e+01,2.006699999999999928e+00,-1.831299999999999928e+00,-8.802145816658000221e-01,-1.373124106562400026e-01,4.513051972040000269e-03,-5.599739820000000368e-01,6.968607740000000161e-01,3.182842859140000087e+02,2.024000000000000000e+03,1.200000000000000000e+01,9.000000000000000000e+00,1.300000000000000000e+01,4.200000000000000000e+01,4.599501000000000062e+01
4.001570051317000321e+01,-8.303200385940000672e+01,2.000100000000000211e+00,-1.873899999999999899e+00,-1.199849130035860023e+00,6.371302681544199764e-01,-2.223979914941999828e-02,-6.649654630000000344e-01,7.451309739999999460e-01,3.182938006850000079e+02,2.024000000000000000e+03,1.200000000000000000e+01,9.000000000000000000e+00,1.300000000000000000e+01,4.200000000000000000e+01,4.605877199999999760e+01
4.001570087428999756e+01,-8.303200430146000599e+01,2.004399999999999959e+00,-1.892500000000000071e+00,-1.169882630208040064e+00,1.204348229569899953e+00,-2.738964889903400257e-01,-7.135140089999999491e-01,7.513741729999999786e-01,3.182988739080000187e+02,2.024000000000000000e+03,1.200000000000000000e+01,9.000000000000000000e+00,1.300000000000000000e+01,4.200000000000000000e+01,4.612189200000000255e+01
4.001570270845999744e+01,-8.303200648568000020e+01,2.068299999999999805e+00,-1.835900000000000087e+00,1.680744612135020022e+00,2.652267809105000040e-01,3.727891076150000038e-01,-6.921844619999999448e-01,7.206251409999999691e-01,3.182853785120000225e+02,2.024000000000000000e+03,1.200000000000000000e+01,9.000000000000000000e+00,1.300000000000000000e+01,4.200000000000000000e+01,4.618692099999999812e+01
4.001570382820000304e+01,-8.303200778440999841e+01,2.077399999999999913e+00,-1.847099999999999964e+00,-1.927286650421999870e-01,4.737267901946599635e-01,1.482306879392799870e-01,-5.829476199999999997e-01,6.929999479999999767e-01,3.182853326520000223e+02,2.024000000000000000e+03,1.200000000000000000e+01,9.000000000000000000e+00,1.300000000000000000e+01,4.200000000000000000e+01,4.625105899999999792e+01
4.001570513408999830e+01,-8.303200931406999530e+01,2.069700000000000095e+00,-1.867699999999999916e+00,-4.261257267605599863e-01,2.532742348890399953e-01,2.063881451728599992e-01,-6.014382280000000192e-01,6.447044610000000064e-01,3.183001381540000239e+02,2.024000000000000000e+03,1.200000000000000000e+01,9.000000000000000000e+00,1.300000000000000000e+01,4.200000000000000000e+01,4.631505500000000097e+01
4.001570625422999683e+01,-8.303201062790999742e+01,2.075000000000000178e+00,-1.860300000000000065e+00,2.776290667323400019e-01,-4.850917540585999999e-02,-3.309538879401999895e-02,-6.042277480000000089e-01,6.132263810000000426e-01,3.183160497960000157e+02,2.024000000000000000e+03,1.200000000000000000e+01,9.000000000000000000e+00,1.300000000000000000e+01,4.200000000000000000e+01,4.637841699999999889e+01
4.001570755392999956e+01,-8.303201217165999992e+01,2.051699999999999857e+00,-1.889199999999999990e+00,-1.091527342846720039e+00,3.918540941227999924e-02,-3.063615032391600046e-01,-5.777668019999999682e-01,6.063490369999999796e-01,3.183197300639999980e+02,2.024000000000000000e+03,1.200000000000000000e+01,9.000000000000000000e+00,1.300000000000000000e+01,4.200000000000000000e+01,4.644252500000000339e+01
4.001570865840000124e+01,-8.303201351216000603e+01,2.036300000000000221e+00,-1.912099999999999911e+00,-8.971647036944400133e-01,8.229121659171999281e-02,-3.305681769640400058e-01,-6.383422119999999644e-01,6.146042430000000500e-01,3.182993769870000165e+02,2.024000000000000000e+03,1.200000000000000000e+01,9.000000000000000000e+00,1.300000000000000000e+01,4.200000000000000000e+01,4.650039199999999795e+01
4.001570976208999753e+01,-8.303201485760000367e+01,2.048700000000000188e+00,-1.900600000000000067e+00,7.767022378204999633e-01,-7.779538999957999468e-02,-1.016830017343800102e-01,-7.332506039999999725e-01,6.303799190000000108e-01,3.182827062569999725e+02,2.024000000000000000e+03,1.200000000000000000e+01,9.000000000000000000e+00,1.300000000000000000e+01,4.200000000000000000e+01,4.656409299999999973e+01
4.001571086935999944e+01,-8.303201619067000649e+01,2.055200000000000138e+00,-1.881099999999999994e+00,7.828099341579800585e-01,-1.273572653848999980e-01,2.411483171047600071e-01,-7.590376189999999967e-01,6.719880029999999449e-01,3.182886544219999791e+02,2.024000000000000000e+03,1.200000000000000000e+01,9.000000000000000000e+00,1.300000000000000000e+01,4.200000000000000000e+01,4.662813599999999781e+01
4.001571216461000091e+01,-8.303201774097999532e+01,2.057799999999999851e+00,-1.887599999999999945e+00,-1.744521423785600212e-01,2.470546558457600295e-01,-5.632427998555999960e-02,-7.715338870000000293e-01,7.356902659999999816e-01,3.183129565869999738e+02,2.024000000000000000e+03,1.200000000000000000e+01,9.000000000000000000e+00,1.300000000000000000e+01,4.200000000000000000e+01,4.669425799999999782e+01
4.001571346859000045e+01,-8.303201929319000385e+01,2.077500000000000124e+00,-1.888900000000000023e+00,3.299240446710799968e-01,4.475118555392200159e-01,1.028791640147800057e-01,-7.862065809999999599e-01,7.617733540000000136e-01,3.183351118539999902e+02,2.024000000000000000e+03,1.200000000000000000e+01,9.000000000000000000e+00,1.300000000000000000e+01,4.200000000000000000e+01,4.675987099999999685e+01
4.001571459875999892e+01,-8.303202061429000480e+01,2.107200000000000184e+00,-1.857199999999999962e+00,1.588527123050220036e+00,-2.419823812793999926e-02,-6.702230859400200025e-01,-7.485368449999999507e-01,7.683461520000000045e-01,3.183261316630000124e+02,2.024000000000000000e+03,1.200000000000000000e+01,9.000000000000000000e+00,1.300000000000000000e+01,4.200000000000000000e+01,4.682452200000000175e+01
4.001571592397999666e+01,-8.303202214021000316e+01,2.097999999999999865e+00,-1.858800000000000008e+00,-5.912010050316199861e-01,-2.126361691950000299e-02,1.134171953818239986e+00,-6.527747640000000073e-01,7.791847299999999921e-01,3.182971346279999807e+02,2.024000000000000000e+03,1.200000000000000000e+01,9.000000000000000000e+00,1.300000000000000000e+01,4.200000000000000000e+01,4.688829400000000192e+01
4.001571705380000310e+01,-8.303202345392000439e+01,2.079600000000000115e+00,-1.876900000000000013e+00,-1.135865933315000076e+00,-1.681063634867999840e-02,3.547223722993400052e-01,-6.062891519999999979e-01,7.681660369999999682e-01,3.183019614219999767e+02,2.024000000000000000e+03,1.200000000000000000e+01,9.000000000000000000e+00,1.300000000000000000e+01,4.200000000000000000e+01,4.694896899999999818e+01
4.001571817135999964e+01,-8.303202478743999393e+01,2.053399999999999892e+00,-1.908600000000000074e+00,-1.474510570436559975e+00,-1.245785661194000020e-02,-1.983964831480800051e-01,-6.447304600000000052e-01,7.413432399999999589e-01,3.183326605319999771e+02,2.024000000000000000e+03,1.200000000000000000e+01,9.000000000000000000e+00,1.300000000000000000e+01,4.200000000000000000e+01,4.701356400000000235e+01
4.001571927564999953e+01,-8.303202612782999381e+01,2.038899999999999935e+00,-1.893000000000000016e+00,3.781461246836799739e-01,-7.015557201772399942e-01,-3.236172801907200025e-01,-7.056474320000000189e-01,7.252213269999999712e-01,3.183596989929999950e+02,2.024000000000000000e+03,1.200000000000000000e+01,9.000000000000000000e+00,1.300000000000000000e+01,4.200000000000000000e+01,4.707815999999999690e+01
4.001571964394000247e+01,-8.303202657097000383e+01,2.044000000000000039e+00,-1.883000000000000007e+00,8.551048992830400097e-01,-4.732246072275200222e-01,-5.572391895343999785e-02,-7.142221290000000389e-01,7.181764560000000186e-01,3.183592511460000196e+02,2.024000000000000000e+03,1.200000000000000000e+01,9.000000000000000000e+00,1.300000000000000000e+01,4.200000000000000000e+01,4.714268700000000223e+01
4.001572148454000200e+01,-8.303202875390999793e+01,2.041799999999999837e+00,-1.835900000000000087e+00,7.466848713860599895e-01,-6.872494442703600548e-01,-1.172489360448200069e-01,-6.848535030000000301e-01,7.180112779999999750e-01,3.182930767380000248e+02,2.024000000000000000e+03,1.200000000000000000e+01,9.000000000000000000e+00,1.300000000000000000e+01,4.200000000000000000e+01,4.720720099999999775e+01
4.001572295500999843e+01,-8.303203046749999316e+01,2.036900000000000155e+00,-1.815399999999999903e+00,3.756137950407200110e-01,-4.094267683263599911e-01,2.181191251513199814e-01,-6.493889550000000455e-01,7.452054160000000094e-01,3.182838935820000188e+02,2.024000000000000000e+03,1.200000000000000000e+01,9.000000000000000000e+00,1.300000000000000000e+01,4.200000000000000000e+01,4.727372400000000141e+01
4.001572405686000167e+01,-8.303203174168000089e+01,2.034199999999999786e+00,-1.805600000000000094e+00,6.878367073334000492e-02,-1.806559580738599791e-01,1.571503773451800035e-01,-5.781143450000000295e-01,7.440784270000000422e-01,3.183290046590000202e+02,2.024000000000000000e+03,1.200000000000000000e+01,9.000000000000000000e+00,1.300000000000000000e+01,4.200000000000000000e+01,4.733483600000000280e+01
4.001572533373000340e+01,-8.303203322964000677e+01,2.009900000000000020e+00,-1.818400000000000016e+00,-7.685602486840599212e-01,-3.362117751472599725e-01,1.208719739749800071e-01,-5.091040860000000112e-01,7.258014910000000208e-01,3.183683889399999885e+02,2.024000000000000000e+03,1.200000000000000000e+01,9.000000000000000000e+00,1.300000000000000000e+01,4.200000000000000000e+01,4.739914999999999878e+01
4.001572641877000081e+01,-8.303203451218999476e+01,1.998199999999999976e+00,-1.828899999999999970e+00,-5.825196009389599361e-01,-9.855631687559998633e-02,-2.484442228464400215e-01,-5.226338809999999668e-01,7.110648529999999967e-01,3.183606255970000234e+02,2.024000000000000000e+03,1.200000000000000000e+01,9.000000000000000000e+00,1.300000000000000000e+01,4.200000000000000000e+01,4.745926899999999904e+01
4.001572732046000169e+01,-8.303203558292000253e+01,1.999200000000000088e+00,-1.828000000000000069e+00,-1.035963725089399934e-01,4.146591925171999593e-02,-3.188801837506199943e-01,-5.434284529999999780e-01,7.127523989999999809e-01,3.183370988570000009e+02,2.024000000000000000e+03,1.200000000000000000e+01,9.000000000000000000e+00,1.300000000000000000e+01,4.200000000000000000e+01,4.751798699999999798e+01
4.001572840371999717e+01,-8.303203687181999726e+01,2.002400000000000180e+00,-1.840100000000000069e+00,-3.539073623515200384e-01,3.909580291279199926e-01,1.856951625165400022e-01,-5.563741190000000003e-01,7.204618470000000441e-01,3.183147322290000147e+02,2.024000000000000000e+03,1.200000000000000000e+01,9.000000000000000000e+00,1.300000000000000000e+01,4.200000000000000000e+01,4.758082399999999978e+01
4.001572967258000091e+01,-8.303203838670999914e+01,2.016900000000000137e+00,-1.854500000000000037e+00,-4.039693751741999656e-02,6.303585792047200487e-01,1.676166690369199908e-01,-5.828312009999999654e-01,7.145954469999999947e-01,3.183286556219999852e+02,2.024000000000000000e+03,1.200000000000000000e+01,9.000000000000000000e+00,1.300000000000000000e+01,4.200000000000000000e+01,4.764470299999999980e+01
4.001573076547000340e+01,-8.303203970622000440e+01,2.023200000000000109e+00,-1.894400000000000084e+00,-8.474083379038399588e-01,1.015366008009319865e+00,1.373551386262000101e-02,-6.415581679999999842e-01,6.772771850000000038e-01,3.183541715900000213e+02,2.024000000000000000e+03,1.200000000000000000e+01,9.000000000000000000e+00,1.300000000000000000e+01,4.200000000000000000e+01,4.770888699999999716e+01
4.001573204855999677e+01,-8.303204126449999478e+01,2.044500000000000206e+00,-1.900300000000000100e+00,5.018582233507800083e-01,5.184891398125199835e-01,-1.165284999134000021e-01,-7.542821750000000547e-01,6.015396459999999834e-01,3.183525937709999880e+02,2.024000000000000000e+03,1.200000000000000000e+01,9.000000000000000000e+00,1.300000000000000000e+01,4.200000000000000000e+01,4.777261299999999977e+01
4.001573297728000256e+01,-8.303204237631000240e+01,2.070699999999999985e+00,-1.893699999999999939e+00,8.035384544532799822e-01,5.167165509225200015e-01,-2.301195244014999919e-01,-7.780558850000000026e-01,5.440867630000000288e-01,3.183398102959999960e+02,2.024000000000000000e+03,1.200000000000000000e+01,9.000000000000000000e+00,1.300000000000000000e+01,4.200000000000000000e+01,4.783138499999999738e+01
4.001573428446000236e+01,-8.303204392492000352e+01,2.076299999999999812e+00,-1.881999999999999895e+00,5.207581905085799656e-01,3.948101985979999770e-03,1.429901303420199887e-01,-7.644507529999999829e-01,4.930163140000000110e-01,3.183323212110000213e+02,2.024000000000000000e+03,1.200000000000000000e+01,9.000000000000000000e+00,1.300000000000000000e+01,4.200000000000000000e+01,4.788988299999999754e+01
4.001573541188999883e+01,-8.303204524614000093e+01,2.095499999999999918e+00,-1.867699999999999916e+00,1.115000158268759867e+00,9.852114847829998578e-02,-4.329963974624000123e-02,-7.386542860000000488e-01,4.882712579999999858e-01,3.183350469050000129e+02,2.024000000000000000e+03,1.200000000000000000e+01,9.000000000000000000e+00,1.300000000000000000e+01,4.200000000000000000e+01,4.795391399999999749e+01
4.001573655378999916e+01,-8.303204655301999537e+01,2.126599999999999824e+00,-1.850100000000000078e+00,1.085571617816259993e+00,4.442319323412599608e-01,4.179868042009999424e-02,-6.343671090000000401e-01,5.013283720000000221e-01,3.183398602550000192e+02,2.024000000000000000e+03,1.200000000000000000e+01,9.000000000000000000e+00,1.300000000000000000e+01,4.200000000000000000e+01,4.801812400000000025e+01
4.001573770884999703e+01,-8.303204785561999302e+01,2.138999999999999790e+00,-1.858600000000000030e+00,-2.447292576613200044e-01,4.837230282975200080e-01,-6.418072133508000154e-02,-4.725371090000000107e-01,4.980607679999999871e-01,3.183449673399999824e+02,2.024000000000000000e+03,1.200000000000000000e+01,9.000000000000000000e+00,1.300000000000000000e+01,4.200000000000000000e+01,4.808446099999999745e+01
4.001573867190000300e+01,-8.303204895259999319e+01,2.129799999999999915e+00,-1.886800000000000033e+00,-7.918819273035599959e-01,4.415490468243399858e-01,1.453654894266000024e-02,-3.857723120000000061e-01,4.836079970000000117e-01,3.183486382990000152e+02,2.024000000000000000e+03,1.200000000000000000e+01,9.000000000000000000e+00,1.300000000000000000e+01,4.200000000000000000e+01,4.814991299999999796e+01
4.001574039881000289e+01,-8.303205096790999562e+01,2.126900000000000013e+00,-1.931999999999999940e+00,-4.816907083966799896e-01,5.717312459557000182e-01,-1.445438442442199822e-01,-3.916082009999999891e-01,4.370298950000000016e-01,3.183344202260000202e+02,2.024000000000000000e+03,1.200000000000000000e+01,9.000000000000000000e+00,1.300000000000000000e+01,4.200000000000000000e+01,4.821454500000000110e+01
4.001574135936999710e+01,-8.303205209696000111e+01,2.119499999999999940e+00,-1.943899999999999961e+00,-3.633122638453599729e-01,5.218809603989999629e-02,-5.737722504680000529e-02,-3.888236620000000143e-01,4.018760610000000066e-01,3.183190732130000242e+02,2.024000000000000000e+03,1.200000000000000000e+01,9.000000000000000000e+00,1.300000000000000000e+01,4.200000000000000000e+01,4.827910700000000332e+01
4.001574288431000070e+01,-8.303205392168999310e+01,2.102899999999999991e+00,-1.965300000000000047e+00,-3.958040745967199570e-01,1.980049449144999918e-01,-5.151579575216000406e-02,-4.408275229999999989e-01,3.982572650000000269e-01,3.183072516270000278e+02,2.024000000000000000e+03,1.200000000000000000e+01,9.000000000000000000e+00,1.300000000000000000e+01,4.200000000000000000e+01,4.834334599999999682e+01
4.001574402919000306e+01,-8.303205529653999406e+01,2.119200000000000195e+00,-1.958199999999999941e+00,7.849332055613000847e-01,1.884738338223400089e-01,-5.162601437784000713e-02,-5.063269099999999634e-01,4.102325549999999987e-01,3.183007052479999857e+02,2.024000000000000000e+03,1.200000000000000000e+01,9.000000000000000000e+00,1.300000000000000000e+01,4.200000000000000000e+01,4.840761299999999778e+01
4.001574538069999676e+01,-8.303205689224999730e+01,2.150999999999999801e+00,-1.951799999999999979e+00,6.354798192668400514e-01,6.233407730845399453e-01,4.944940869126000088e-02,-5.059069899999999453e-01,4.291044769999999842e-01,3.182925936999999976e+02,2.024000000000000000e+03,1.200000000000000000e+01,9.000000000000000000e+00,1.300000000000000000e+01,4.200000000000000000e+01,4.847086999999999790e+01
4.001574655361999788e+01,-8.303205825743999924e+01,2.171699999999999964e+00,-1.949899999999999967e+00,4.271103925574800120e-01,4.363190224727199751e-01,-7.173063020558000102e-02,-4.693098439999999760e-01,4.253177089999999883e-01,3.182894728520000172e+02,2.024000000000000000e+03,1.200000000000000000e+01,9.000000000000000000e+00,1.300000000000000000e+01,4.200000000000000000e+01,4.853470599999999990e+01
4.001574793691000309e+01,-8.303205984964999686e+01,2.197499999999999787e+00,-1.951400000000000023e+00,3.636301629778799782e-01,5.884177143601200255e-01,6.933848084388000155e-02,-4.003620880000000049e-01,4.061911519999999998e-01,3.182771225519999803e+02,2.024000000000000000e+03,1.200000000000000000e+01,9.000000000000000000e+00,1.300000000000000000e+01,4.200000000000000000e+01,4.859867100000000306e+01
4.001574892743000333e+01,-8.303206099292999909e+01,2.186799999999999855e+00,-1.967000000000000082e+00,-7.466737125724399737e-01,8.769875162522000611e-02,-2.658763905639799918e-01,-3.373853929999999779e-01,3.910694639999999778e-01,3.182749732120000203e+02,2.024000000000000000e+03,1.200000000000000000e+01,9.000000000000000000e+00,1.300000000000000000e+01,4.200000000000000000e+01,4.865800600000000031e+01
4.001575031021999962e+01,-8.303206260890000578e+01,2.182700000000000085e+00,-1.985700000000000021e+00,-4.270632444967399355e-01,1.360407375804799923e-01,-1.931957125093400063e-01,-2.973149379999999731e-01,3.916337979999999774e-01,3.182840286129999754e+02,2.024000000000000000e+03,1.200000000000000000e+01,9.000000000000000000e+00,1.300000000000000000e+01,4.200000000000000000e+01,4.872373000000000332e+01
4.001575169465999693e+01,-8.303206422729999758e+01,2.189299999999999802e+00,-1.982399999999999940e+00,1.330342668905999948e-01,1.819810503975199945e-01,1.100388319267399939e-01,-2.754458699999999816e-01,4.179180550000000105e-01,3.182789983519999737e+02,2.024000000000000000e+03,1.200000000000000000e+01,9.000000000000000000e+00,1.300000000000000000e+01,4.200000000000000000e+01,4.878845400000000154e+01
4.001575288544999864e+01,-8.303206561602999614e+01,2.200600000000000112e+00,-1.984900000000000109e+00,5.857436418992000016e-02,3.126773330019799735e-01,1.753741362754399902e-01,-2.538825219999999994e-01,4.380162360000000032e-01,3.182654626639999833e+02,2.024000000000000000e+03,1.200000000000000000e+01,9.000000000000000000e+00,1.300000000000000000e+01,4.200000000000000000e+01,4.885279500000000041e+01
4.001575408210999996e+01,-8.303206700760999581e+01,2.210999999999999854e+00,-1.992899999999999894e+00,-1.726525810320800047e-01,4.558248974991199742e-01,2.034021397838199907e-01,-2.110076429999999947e-01,4.436176130000000217e-01,3.182554698229999985e+02,2.024000000000000000e+03,1.200000000000000000e+01,9.000000000000000000e+00,1.300000000000000000e+01,4.200000000000000000e+01,4.891690200000000033e+01
4.001575548377000047e+01,-8.303206863498999724e+01,2.222399999999999931e+00,-1.989300000000000068e+00,4.733578198903800049e-01,1.511213338261200023e-01,3.338100587145200193e-01,-1.766853409999999958e-01,4.243306119999999959e-01,3.182369627580000042e+02,2.024000000000000000e+03,1.200000000000000000e+01,9.000000000000000000e+00,1.300000000000000000e+01,4.200000000000000000e+01,4.898645900000000353e+01
4.001575688621999660e+01,-8.303207026958999393e+01,2.213099999999999845e+00,-2.009300000000000086e+00,-6.961235553185399771e-01,1.946206965146199952e-01,1.715793650334000026e-02,-1.418785140000000111e-01,3.955498669999999994e-01,3.182303065489999767e+02,2.024000000000000000e+03,1.200000000000000000e+01,9.000000000000000000e+00,1.300000000000000000e+01,4.200000000000000000e+01,4.905047799999999825e+01
4.001575728508999674e+01,-8.303207073929999638e+01,2.205900000000000194e+00,-2.013500000000000068e+00,-7.615351548859999875e-01,-4.830137213972000160e-02,-8.815121228378000606e-02,-1.349450329999999920e-01,3.885127480000000189e-01,3.182298942300000135e+02,2.024000000000000000e+03,1.200000000000000000e+01,9.000000000000000000e+00,1.300000000000000000e+01,4.200000000000000000e+01,4.911428099999999830e+01
4.001575887447999946e+01,-8.303207261961999563e+01,2.195600000000000218e+00,-2.011800000000000033e+00,-9.578251648560000275e-03,-1.720124217581600057e-01,-1.332071643361600055e-01,-1.543895959999999901e-01,3.788892979999999855e-01,3.182250305000000026e+02,2.024000000000000000e+03,1.200000000000000000e+01,9.000000000000000000e+00,1.300000000000000000e+01,4.200000000000000000e+01,4.917942099999999783e+01
4.001576045955999916e+01,-8.303207449810000185e+01,2.194900000000000073e+00,-2.000999999999999890e+00,2.933485582737400121e-01,-2.540200034233399684e-01,1.775097240778399921e-01,-1.320304589999999889e-01,3.480370720000000029e-01,3.182169478779999849e+02,2.024000000000000000e+03,1.200000000000000000e+01,9.000000000000000000e+00,1.300000000000000000e+01,4.200000000000000000e+01,4.924510000000000076e+01
4.001576204066999765e+01,-8.303207636090999699e+01,2.192600000000000104e+00,-1.971300000000000052e+00,5.523216111302200471e-01,-5.715899900077999751e-01,-2.630512171237999949e-02,-8.230131200000000147e-02,3.123215019999999731e-01,3.182062714169999822e+02,2.024000000000000000e+03,1.200000000000000000e+01,9.000000000000000000e+00,1.300000000000000000e+01,4.200000000000000000e+01,4.930934200000000089e+01
4.001576322551999709e+01,-8.303207773935000091e+01,2.187899999999999956e+00,-1.948099999999999943e+00,2.502627936005000220e-01,-6.518517672844600375e-01,-1.263945863798799918e-01,-2.050261100000000045e-02,3.000544059999999957e-01,3.182029271430000108e+02,2.024000000000000000e+03,1.200000000000000000e+01,9.000000000000000000e+00,1.300000000000000000e+01,4.200000000000000000e+01,4.936847900000000067e+01
4.001576421010000217e+01,-8.303207887751000271e+01,2.184099999999999930e+00,-1.933899999999999952e+00,4.392467113525200251e-01,-5.350574245457400124e-01,1.911070668761399860e-01,3.500997299999999979e-02,3.062863459999999871e-01,3.182009181679999870e+02,2.024000000000000000e+03,1.200000000000000000e+01,9.000000000000000000e+00,1.300000000000000000e+01,4.200000000000000000e+01,4.942666200000000032e+01
4.001576558629000147e+01,-8.303208046217000060e+01,2.180899999999999839e+00,-1.926500000000000101e+00,2.366133197058600257e-01,-2.489753811051200194e-01,-2.110721791333800001e-01,1.256012689999999876e-01,3.115853969999999862e-01,3.182000346949999994e+02,2.024000000000000000e+03,1.200000000000000000e+01,9.000000000000000000e+00,1.300000000000000000e+01,4.200000000000000000e+01,4.949350299999999692e+01
4.001576696160000068e+01,-8.303208204439999918e+01,2.179699999999999971e+00,-1.931499999999999995e+00,-1.617599100468999906e-01,7.375826289287999715e-02,-1.733013397451999837e-01,2.483610460000000020e-01,2.895958829999999984e-01,3.182061139639999965e+02,2.024000000000000000e+03,1.200000000000000000e+01,9.000000000000000000e+00,1.300000000000000000e+01,4.200000000000000000e+01,4.955903500000000150e+01
4.001576814488999645e+01,-8.303208339952999495e+01,2.176899999999999835e+00,-1.932800000000000074e+00,-8.584231527951400320e-01,-3.795639346699800076e-01,-2.545101945976600000e-01,3.705473730000000132e-01,2.230522410000000122e-01,3.182050921179999818e+02,2.024000000000000000e+03,1.200000000000000000e+01,9.000000000000000000e+00,1.300000000000000000e+01,4.200000000000000000e+01,4.962493899999999769e+01
4.001576948967999670e+01,-8.303208499343000426e+01,2.096200000000000063e+00,-1.957200000000000051e+00,-1.947386440697200127e+00,-1.002695664809400089e+00,-3.735446888519999842e-02,3.382291550000000036e-01,2.057568190000000075e-01,3.181865914859999975e+02,2.024000000000000000e+03,1.200000000000000000e+01,9.000000000000000000e+00,1.300000000000000000e+01,4.200000000000000000e+01,4.969062199999999763e+01
4.001577060777000128e+01,-8.303208639009000080e+01,2.047099999999999920e+00,-2.005700000000000038e+00,-1.812060595661439955e+00,-1.616070742682200190e-01,2.720563980942399818e-01,1.020231929999999981e-01,2.312558369999999919e-01,3.181695914700000003e+02,2.024000000000000000e+03,1.200000000000000000e+01,9.000000000000000000e+00,1.300000000000000000e+01,4.200000000000000000e+01,4.975562800000000152e+01
4.001577188198999835e+01,-8.303208808072000124e+01,1.992499999999999938e+00,-2.119299999999999962e+00,-3.770756120351240082e+00,1.137493735374480064e+00,-3.116861098011800002e-01,-3.264156970000000046e-01,1.916627840000000027e-01,3.181691991509999866e+02,2.024000000000000000e+03,1.200000000000000000e+01,9.000000000000000000e+00,1.300000000000000000e+01,4.200000000000000000e+01,4.981981199999999887e+01
4.001577295972000314e+01,-8.303208953160999783e+01,1.993500000000000050e+00,-2.028399999999999981e+00,2.011246290521599978e+00,-1.691947448922380026e+00,3.867751945631799915e-01,-6.915321450000000425e-01,1.049683029999999989e-01,3.181376167720000012e+02,2.024000000000000000e+03,1.200000000000000000e+01,9.000000000000000000e+00,1.300000000000000000e+01,4.200000000000000000e+01,4.988567900000000321e+01
4.001577423394000022e+01,-8.303209115520000694e+01,2.038600000000000190e+00,-1.915799999999999947e+00,3.704946175133399855e+00,-1.590187960831280112e+00,1.161687362883419894e+00,-8.074627530000000331e-01,1.108710859999999937e-01,3.181471861809999950e+02,2.024000000000000000e+03,1.200000000000000000e+01,9.000000000000000000e+00,1.300000000000000000e+01,4.200000000000000000e+01,4.995239099999999866e+01
4.001577534471000064e+01,-8.303209247860999653e+01,2.071499999999999897e+00,-1.837699999999999889e+00,2.904683614182080209e+00,-1.122521008620100069e+00,6.617141841754399234e-01,-7.788072849999999603e-01,1.784852510000000114e-01,3.181746226839999849e+02,2.024000000000000000e+03,1.200000000000000000e+01,9.000000000000000000e+00,1.300000000000000000e+01,4.200000000000000000e+01,5.001641200000000254e+01
4.001577647565000007e+01,-8.303209376002999420e+01,2.108000000000000096e+00,-1.797400000000000109e+00,1.786431666879560121e+00,-2.857445149523000216e-01,-4.420516160979400255e-01,-6.864665189999999972e-01,2.494064880000000095e-01,3.181760811870000225e+02,2.024000000000000000e+03,1.200000000000000000e+01,9.000000000000000000e+00,1.300000000000000000e+01,4.200000000000000000e+01,5.008149399999999929e+01
4.001577704916000044e+01,-8.303209438615999716e+01,2.133399999999999963e+00,-1.767700000000000049e+00,2.429397934431180239e+00,-1.156445376940800074e-01,5.513872912699600004e-01,-5.892246819999999996e-01,2.755949890000000124e-01,3.181687369310000122e+02,2.024000000000000000e+03,1.200000000000000000e+01,9.000000000000000000e+00,1.300000000000000000e+01,4.200000000000000000e+01,5.014611200000000224e+01
4.001577858550000144e+01,-8.303209604756000317e+01,2.126399999999999846e+00,-1.775300000000000100e+00,-6.776787137966999719e-01,-8.012031948867999465e-02,-8.320283864147999531e-02,-2.679553190000000251e-01,3.005937360000000003e-01,3.181435137729999951e+02,2.024000000000000000e+03,1.200000000000000000e+01,9.000000000000000000e+00,1.300000000000000000e+01,4.200000000000000000e+01,5.021028700000000100e+01
4.001577991703999970e+01,-8.303209749647000137e+01,2.081399999999999917e+00,-1.777600000000000069e+00,-1.289468785666540107e+00,-9.876768030579000657e-01,1.631952687332000052e-02,-5.666613000000000032e-03,2.976878139999999950e-01,3.181178355860000124e+02,2.024000000000000000e+03,1.200000000000000000e+01,9.000000000000000000e+00,1.300000000000000000e+01,4.200000000000000000e+01,5.027453500000000020e+01
4.001578157552999926e+01,-8.303209936435000316e+01,1.998499999999999943e+00,-1.786100000000000021e+00,-1.505060318245939888e+00,-1.225512029964159977e+00,-1.570833478569400032e-01,1.857056870000000082e-01,4.112262019999999851e-01,3.181021495730000197e+02,2.024000000000000000e+03,1.200000000000000000e+01,9.000000000000000000e+00,1.300000000000000000e+01,4.200000000000000000e+01,5.034006899999999973e+01
4.001578264722000000e+01,-8.303210061322999991e+01,1.953999999999999959e+00,-1.787600000000000078e+00,-1.027807264215500060e+00,-1.114863850017620006e+00,5.929165934268200155e-01,2.161188440000000044e-01,5.263580960000000530e-01,3.180942943279999895e+02,2.024000000000000000e+03,1.200000000000000000e+01,9.000000000000000000e+00,1.300000000000000000e+01,4.200000000000000000e+01,5.040666300000000177e+01
4.001578387738000231e+01,-8.303210207038000590e+01,1.936600000000000099e+00,-1.784699999999999953e+00,-2.275166992643400110e-01,-4.466056439968200120e-01,2.165146980383000352e-01,2.005235989999999968e-01,6.873036630000000091e-01,3.180756356050000022e+02,2.024000000000000000e+03,1.200000000000000000e+01,9.000000000000000000e+00,1.300000000000000000e+01,4.200000000000000000e+01,5.047183700000000073e+01
4.001578493048000240e+01,-8.303210331292000035e+01,1.945300000000000029e+00,-1.769200000000000106e+00,4.720949265179599785e-01,-2.748661317824199757e-01,-5.674975119742399210e-01,2.191521830000000004e-01,7.985771499999999579e-01,3.180555623619999892e+02,2.024000000000000000e+03,1.200000000000000000e+01,9.000000000000000000e+00,1.300000000000000000e+01,4.200000000000000000e+01,5.053729400000000282e+01
4.001578616207999772e+01,-8.303210475055000472e+01,1.940600000000000103e+00,-1.767900000000000027e+00,-5.945559538754799922e-01,-1.010991923756799915e-01,2.576600792551599906e-01,2.727694250000000098e-01,9.129196309999999537e-01,3.180366111170000067e+02,2.024000000000000000e+03,1.200000000000000000e+01,9.000000000000000000e+00,1.300000000000000000e+01,4.200000000000000000e+01,5.060217999999999705e+01
4.001578720725999716e+01,-8.303210599717999685e+01,1.922800000000000065e+00,-1.787500000000000089e+00,-4.331001269095399731e-01,-9.197625663333999779e-02,2.485233538654000318e-01,2.470761099999999877e-01,9.485589669999999751e-01,3.180596899720000010e+02,2.024000000000000000e+03,1.200000000000000000e+01,9.000000000000000000e+00,1.300000000000000000e+01,4.200000000000000000e+01,5.066664000000000101e+01
4.001578840450000030e+01,-8.303210746867000580e+01,1.874300000000000077e+00,-1.812599999999999989e+00,-1.251838492388799962e+00,-4.877075510500599731e-01,-3.515043899165799512e-01,1.114351100000000039e-01,9.826200470000000520e-01,3.180846570720000273e+02,2.024000000000000000e+03,1.200000000000000000e+01,9.000000000000000000e+00,1.300000000000000000e+01,4.200000000000000000e+01,5.073252300000000048e+01
4.001578956373000295e+01,-8.303210896685999387e+01,1.789099999999999913e+00,-1.864400000000000057e+00,-3.278362011023959965e+00,-7.945867038639000679e-01,-1.688990287134819912e+00,-1.408038299999999909e-01,1.077929860000000017e+00,3.181119005259999994e+02,2.024000000000000000e+03,1.200000000000000000e+01,9.000000000000000000e+00,1.300000000000000000e+01,4.200000000000000000e+01,5.079917900000000230e+01
4.001579054209999953e+01,-8.303211025558999836e+01,1.818999999999999950e+00,-1.840200000000000058e+00,8.001946128303201178e-01,7.336354560284000792e-01,1.190743251133860037e+00,-3.800141389999999730e-01,1.154477945000000005e+00,3.181175318719999723e+02,2.024000000000000000e+03,1.200000000000000000e+01,9.000000000000000000e+00,1.300000000000000000e+01,4.200000000000000000e+01,5.086473900000000015e+01
4.001579153848000203e+01,-8.303211152481999591e+01,1.861199999999999966e+00,-1.803299999999999903e+00,1.618142278768599951e+00,5.617951882718199563e-01,7.884435451033400266e-01,-5.411466639999999995e-01,1.144307211000000102e+00,3.180675163029999908e+02,2.024000000000000000e+03,1.200000000000000000e+01,9.000000000000000000e+00,1.300000000000000000e+01,4.200000000000000000e+01,5.092628200000000049e+01
4.001579273454999708e+01,-8.303211297110999567e+01,1.930099999999999927e+00,-1.733000000000000096e+00,3.687899435831280215e+00,1.682212333829599948e-01,1.353297847680519972e+00,-6.656328299999999532e-01,1.029800416999999912e+00,3.180096740330000102e+02,2.024000000000000000e+03,1.200000000000000000e+01,9.000000000000000000e+00,1.300000000000000000e+01,4.200000000000000000e+01,5.099225400000000263e+01
4.001579378467999959e+01,-8.303211417045000076e+01,1.967999999999999972e+00,-1.682099999999999929e+00,2.836995457335780291e+00,1.782039545790000193e-02,2.011275548508000277e-01,-5.718667809999999907e-01,9.168734689999999965e-01,3.180152553649999732e+02,2.024000000000000000e+03,1.200000000000000000e+01,9.000000000000000000e+00,1.300000000000000000e+01,4.200000000000000000e+01,5.105710400000000249e+01
4.001579431500999817e+01,-8.303211475812000231e+01,1.965100000000000069e+00,-1.665899999999999936e+00,1.379898618141220057e+00,-6.082734602681999503e-01,1.864248905311999965e-02,-4.352059169999999977e-01,8.742866289999999818e-01,3.180337052259999950e+02,2.024000000000000000e+03,1.200000000000000000e+01,9.000000000000000000e+00,1.300000000000000000e+01,4.200000000000000000e+01,5.112176699999999840e+01
4.001579536089000300e+01,-8.303211592751000580e+01,1.905899999999999928e+00,-1.669499999999999984e+00,-1.077251485202880055e+00,-1.394529858671359923e+00,-4.316608855537399925e-01,-2.848669870000000159e-01,8.579124999999999668e-01,3.180764014590000102e+02,2.024000000000000000e+03,1.200000000000000000e+01,9.000000000000000000e+00,1.300000000000000000e+01,4.200000000000000000e+01,5.118746600000000058e+01
4.001579687939000252e+01,-8.303211770148000426e+01,1.846700000000000008e+00,-1.690600000000000103e+00,-5.636983809158799819e-01,-5.927486752733399644e-01,-5.447868168917999881e-02,-3.452759240000000118e-01,9.813556770000000373e-01,3.180327104230000259e+02,2.024000000000000000e+03,1.200000000000000000e+01,9.000000000000000000e+00,1.300000000000000000e+01,4.200000000000000000e+01,5.125280800000000170e+01
4.001579821570999940e+01,-8.303211928441000111e+01,1.849900000000000100e+00,-1.680500000000000105e+00,4.197315226830600210e-01,-4.475235590488399473e-01,8.276521716098800274e-01,-3.486143070000000121e-01,1.076258756999999955e+00,3.179342968720000044e+02,2.024000000000000000e+03,1.200000000000000000e+01,9.000000000000000000e+00,1.300000000000000000e+01,4.200000000000000000e+01,5.131779000000000224e+01
4.001579938777999956e+01,-8.303212064279999538e+01,1.852700000000000014e+00,-1.652500000000000080e+00,5.652668536853999726e-02,-3.497665538940800123e-01,8.236375308496600711e-01,-1.824082039999999905e-01,1.149335121000000015e+00,3.178944448959999818e+02,2.024000000000000000e+03,1.200000000000000000e+01,9.000000000000000000e+00,1.300000000000000000e+01,4.200000000000000000e+01,5.138344500000000181e+01
4.001580056120999984e+01,-8.303212200135999410e+01,1.863499999999999934e+00,-1.662700000000000067e+00,2.933061364490799905e-01,4.321824085476200228e-01,9.713183252522400446e-01,-9.920395399999999697e-02,1.167030978999999968e+00,3.179649591329999794e+02,2.024000000000000000e+03,1.200000000000000000e+01,9.000000000000000000e+00,1.300000000000000000e+01,4.200000000000000000e+01,5.145024300000000039e+01
4.001580157510999669e+01,-8.303212316313999963e+01,1.883299999999999974e+00,-1.646400000000000086e+00,9.127256312455799270e-01,1.024765985035200055e-01,2.110926470451599812e-01,-4.508464499999999958e-02,1.117034416999999946e+00,3.180169109099999787e+02,2.024000000000000000e+03,1.200000000000000000e+01,9.000000000000000000e+00,1.300000000000000000e+01,4.200000000000000000e+01,5.151498500000000291e+01
4.001580259805000139e+01,-8.303212430934999588e+01,1.889000000000000012e+00,-1.625699999999999923e+00,2.511897055968200232e-01,-4.031430122748200229e-01,-3.922648284571599864e-01,9.286569999999999547e-02,1.050632210000000066e+00,3.179905153670000004e+02,2.024000000000000000e+03,1.200000000000000000e+01,9.000000000000000000e+00,1.300000000000000000e+01,4.200000000000000000e+01,5.157932000000000272e+01
4.001580377613999673e+01,-8.303212564545999896e+01,1.839199999999999946e+00,-1.640800000000000036e+00,-1.443803004146059887e+00,-8.042292137777801164e-01,-5.723402074982999466e-01,2.353466369999999974e-01,1.017963567000000014e+00,3.179131831249999891e+02,2.024000000000000000e+03,1.200000000000000000e+01,9.000000000000000000e+00,1.300000000000000000e+01,4.200000000000000000e+01,5.164417799999999659e+01
4.001580491887000335e+01,-8.303212700727999618e+01,1.783099999999999907e+00,-1.684199999999999919e+00,-1.901432915509300159e+00,-2.858571635182399762e-01,-7.523589457771600042e-01,2.089777100000000110e-01,1.053992717999999940e+00,3.178918226729999787e+02,2.024000000000000000e+03,1.200000000000000000e+01,9.000000000000000000e+00,1.300000000000000000e+01,4.200000000000000000e+01,5.170966200000000157e+01
4.001580587729999650e+01,-8.303212819958000068e+01,1.759200000000000097e+00,-1.709999999999999964e+00,-1.046390899591220114e+00,-5.270094969799999501e-02,-6.548280619975199723e-01,9.551885899999999763e-02,1.096192464000000033e+00,3.179356109220000235e+02,2.024000000000000000e+03,1.200000000000000000e+01,9.000000000000000000e+00,1.300000000000000000e+01,4.200000000000000000e+01,5.177508199999999761e+01
4.001580667505999855e+01,-8.303212919326000474e+01,1.773900000000000032e+00,-1.691300000000000026e+00,7.972434482897200470e-01,-8.734306953966000653e-02,-5.704061401015200206e-01,1.496583800000000040e-02,1.141574569000000094e+00,3.179652511819999745e+02,2.024000000000000000e+03,1.200000000000000000e+01,9.000000000000000000e+00,1.300000000000000000e+01,4.200000000000000000e+01,5.183979200000000276e+01
4.001580796227000292e+01,-8.303213076670999726e+01,1.787300000000000111e+00,-1.676399999999999890e+00,2.712682223210199917e-01,-4.799706331597999864e-02,-2.137510416332600027e-01,-2.724760500000000113e-02,1.211292124000000081e+00,3.179605086639999740e+02,2.024000000000000000e+03,1.200000000000000000e+01,9.000000000000000000e+00,1.300000000000000000e+01,4.200000000000000000e+01,5.190531099999999753e+01
4.001580909217000226e+01,-8.303213213742000676e+01,1.794799999999999951e+00,-1.671399999999999997e+00,2.927449978117799834e-01,1.495340563497800090e-01,-1.076092803525399988e-01,-1.115484429999999971e-01,1.283585219000000111e+00,3.179248494529999789e+02,2.024000000000000000e+03,1.200000000000000000e+01,9.000000000000000000e+00,1.300000000000000000e+01,4.200000000000000000e+01,5.197055100000000039e+01
4.001580990318999653e+01,-8.303213311240000394e+01,1.804599999999999982e+00,-1.660099999999999909e+00,7.177596066500400163e-01,1.167547485879999979e-03,2.973355456480000075e-02,-1.589479000000000031e-01,1.345861874999999985e+00,3.179179494659999818e+02,2.024000000000000000e+03,1.200000000000000000e+01,9.000000000000000000e+00,1.300000000000000000e+01,4.200000000000000000e+01,5.203278199999999742e+01
4.001581072020999841e+01,-8.303213408131999529e+01,1.818999999999999950e+00,-1.651100000000000012e+00,6.675790024439399728e-01,1.585154834223599929e-01,5.307944176447999540e-01,-1.424495299999999909e-01,1.394926142000000091e+00,3.179287456800000200e+02,2.024000000000000000e+03,1.200000000000000000e+01,9.000000000000000000e+00,1.300000000000000000e+01,4.200000000000000000e+01,5.209731800000000135e+01
4.001581170565000178e+01,-8.303213523994999434e+01,1.828600000000000003e+00,-1.645299999999999985e+00,4.557933126214599451e-01,8.938265132464000284e-02,-9.874522651727998812e-02,-1.015632689999999977e-01,1.453416277999999950e+00,3.179295725019999850e+02,2.024000000000000000e+03,1.200000000000000000e+01,9.000000000000000000e+00,1.300000000000000000e+01,4.200000000000000000e+01,5.216277000000000186e+01
4.001581319440000328e+01,-8.303213699427999472e+01,1.836999999999999966e+00,-1.686800000000000077e+00,-8.687104299496999360e-01,7.255261066345000120e-01,9.503452334655400069e-01,-4.903245500000000257e-02,1.460954671000000094e+00,3.179228384510000183e+02,2.024000000000000000e+03,1.200000000000000000e+01,9.000000000000000000e+00,1.300000000000000000e+01,4.200000000000000000e+01,5.222756700000000052e+01
4.001581434210999788e+01,-8.303213839509000138e+01,1.815499999999999892e+00,-1.715899999999999981e+00,-8.440476111270599491e-01,6.274209234161999549e-02,5.082820116115999154e-01,-1.164832249999999958e-01,1.388813097999999968e+00,3.179277108019999787e+02,2.024000000000000000e+03,1.200000000000000000e+01,9.000000000000000000e+00,1.300000000000000000e+01,4.200000000000000000e+01,5.229232799999999770e+01
4.001581532294999732e+01,-8.303213960363000012e+01,1.818400000000000016e+00,-1.717500000000000027e+00,-1.332849653292600134e-01,6.661348357761999461e-02,8.228449157443999684e-02,-1.763834679999999877e-01,1.331855594999999948e+00,3.179194141489999765e+02,2.024000000000000000e+03,1.200000000000000000e+01,9.000000000000000000e+00,1.300000000000000000e+01,4.200000000000000000e+01,5.235791600000000301e+01
4.001581647778999695e+01,-8.303214100530000508e+01,1.850899999999999990e+00,-1.697500000000000009e+00,1.111865165233939967e+00,3.666260852563600348e-01,9.044762762752999175e-01,-1.692412349999999899e-01,1.234591543999999930e+00,3.178926304909999772e+02,2.024000000000000000e+03,1.200000000000000000e+01,9.000000000000000000e+00,1.300000000000000000e+01,4.200000000000000000e+01,5.242462199999999939e+01
4.001581764385999662e+01,-8.303214239746000658e+01,1.859299999999999953e+00,-1.683100000000000041e+00,7.318286873806000292e-01,-2.087883807267200131e-01,1.432403605301000027e-01,-1.877667520000000090e-01,1.103990953000000053e+00,3.178517423920000056e+02,2.024000000000000000e+03,1.200000000000000000e+01,9.000000000000000000e+00,1.300000000000000000e+01,4.200000000000000000e+01,5.249048799999999915e+01
4.001581881776999694e+01,-8.303214376809999919e+01,1.871399999999999952e+00,-1.653499999999999970e+00,7.581252033599400475e-01,-3.472144157270999898e-01,-2.628064993065399868e-01,-1.591597790000000012e-01,1.020870393999999903e+00,3.178273797389999800e+02,2.024000000000000000e+03,1.200000000000000000e+01,9.000000000000000000e+00,1.300000000000000000e+01,4.200000000000000000e+01,5.255839300000000236e+01
4.001581982548999861e+01,-8.303214493077000213e+01,1.865199999999999969e+00,-1.646700000000000053e+00,1.163294980572000120e-02,-3.421989672059799759e-01,-4.547848675931199791e-01,-4.689067200000000130e-02,9.849717110000000275e-01,3.178418994819999739e+02,2.024000000000000000e+03,1.200000000000000000e+01,9.000000000000000000e+00,1.300000000000000000e+01,4.200000000000000000e+01,5.262563200000000307e+01
4.001582099123000091e+01,-8.303214629283999670e+01,1.839099999999999957e+00,-1.667200000000000015e+00,-1.032430919463279917e+00,-1.835511209153400103e-01,-4.349105849256999501e-01,5.750020599999999815e-02,9.782514789999999794e-01,3.178610120100000245e+02,2.024000000000000000e+03,1.200000000000000000e+01,9.000000000000000000e+00,1.300000000000000000e+01,4.200000000000000000e+01,5.269164200000000164e+01
4.001582197929000273e+01,-8.303214747284999930e+01,1.823199999999999932e+00,-1.682600000000000096e+00,-7.985421615826400199e-01,-1.076461381211400031e-01,-2.576844293621000093e-01,6.291837699999999756e-02,9.891197879999999998e-01,3.178499393039999745e+02,2.024000000000000000e+03,1.200000000000000000e+01,9.000000000000000000e+00,1.300000000000000000e+01,4.200000000000000000e+01,5.275710600000000028e+01
4.001582312367000327e+01,-8.303214886345999446e+01,1.814699999999999980e+00,-1.699300000000000033e+00,-4.047716367071799715e-01,1.082168811040799955e-01,-2.115306220186399799e-01,-7.305919999999999602e-04,1.021227958999999963e+00,3.178199045399999818e+02,2.024000000000000000e+03,1.200000000000000000e+01,9.000000000000000000e+00,1.300000000000000000e+01,4.200000000000000000e+01,5.282588599999999701e+01
4.001582426792000291e+01,-8.303215025869999977e+01,1.825700000000000101e+00,-1.692800000000000082e+00,5.238661198772399663e-01,9.350791883381999459e-02,-4.669451117043999649e-02,-2.740430199999999844e-02,1.063150810000000002e+00,3.178093823950000001e+02,2.024000000000000000e+03,1.200000000000000000e+01,9.000000000000000000e+00,1.300000000000000000e+01,4.200000000000000000e+01,5.289170099999999763e+01
4.001582525648999678e+01,-8.303215144965000150e+01,1.834600000000000009e+00,-1.693200000000000038e+00,-7.616587766481999755e-02,2.020591580427600065e-01,-1.529491100101399992e-01,-5.921519999999999779e-04,1.102588061000000064e+00,3.178085484999999721e+02,2.024000000000000000e+03,1.200000000000000000e+01,9.000000000000000000e+00,1.300000000000000000e+01,4.200000000000000000e+01,5.295691599999999966e+01
4.001582641585000033e+01,-8.303215284294999776e+01,1.852999999999999980e+00,-1.696900000000000075e+00,4.387392212702800331e-01,5.308665798192799823e-01,2.550888281253800294e-01,-1.415297299999999925e-02,1.139220528000000066e+00,3.178110952640000164e+02,2.024000000000000000e+03,1.200000000000000000e+01,9.000000000000000000e+00,1.300000000000000000e+01,4.200000000000000000e+01,5.302192600000000056e+01
4.001582725403000040e+01,-8.303215383692999296e+01,1.875799999999999912e+00,-1.691300000000000026e+00,7.420506458232000169e-01,5.555133397231399872e-01,2.751494943700399931e-01,9.359700000000000528e-04,1.146992406999999936e+00,3.178051248919999807e+02,2.024000000000000000e+03,1.200000000000000000e+01,9.000000000000000000e+00,1.300000000000000000e+01,4.200000000000000000e+01,5.308700400000000030e+01
4.001582826989999830e+01,-8.303215502797000624e+01,1.890300000000000091e+00,-1.691799999999999971e+00,4.145279623499599775e-01,4.640805880958199792e-01,3.676731776876799862e-01,7.358717300000000572e-02,1.133509537999999983e+00,3.177951333529999829e+02,2.024000000000000000e+03,1.200000000000000000e+01,9.000000000000000000e+00,1.300000000000000000e+01,4.200000000000000000e+01,5.315139500000000083e+01
4.001582962690000045e+01,-8.303215662726999824e+01,1.885099999999999998e+00,-1.710299999999999931e+00,-2.987324271111399532e-01,2.381725249649599974e-01,-3.336054043067999964e-02,1.528403839999999958e-01,1.107589426999999960e+00,3.177949398800000154e+02,2.024000000000000000e+03,1.200000000000000000e+01,9.000000000000000000e+00,1.300000000000000000e+01,4.200000000000000000e+01,5.321694600000000008e+01
4.001583064596999861e+01,-8.303215783512000314e+01,1.890600000000000058e+00,-1.714499999999999913e+00,2.079736735294000077e-02,2.366427244009399744e-01,-3.841382609085000066e-01,1.806833170000000099e-01,1.113634857000000089e+00,3.177919503400000281e+02,2.024000000000000000e+03,1.200000000000000000e+01,9.000000000000000000e+00,1.300000000000000000e+01,4.200000000000000000e+01,5.328255000000000052e+01
4.001583200718999933e+01,-8.303215945786000418e+01,1.892900000000000027e+00,-1.735600000000000032e+00,-3.704309605355400326e-01,4.290373517511000268e-01,-3.126560867347599748e-01,2.138400269999999881e-01,1.129474920000000049e+00,3.177915459679999799e+02,2.024000000000000000e+03,1.200000000000000000e+01,9.000000000000000000e+00,1.300000000000000000e+01,4.200000000000000000e+01,5.334949699999999950e+01
4.001583303142999881e+01,-8.303216068458999644e+01,1.899399999999999977e+00,-1.742199999999999971e+00,-4.584962521563999693e-02,2.457786302711400250e-01,-3.809627565615800182e-01,2.343723309999999893e-01,1.146282779000000085e+00,3.178010159169999724e+02,2.024000000000000000e+03,1.200000000000000000e+01,9.000000000000000000e+00,1.300000000000000000e+01,4.200000000000000000e+01,5.341419900000000354e+01
4.001583405833000029e+01,-8.303216191479999964e+01,1.903299999999999992e+00,-1.746799999999999908e+00,-9.814575594407999592e-02,1.747949298940000007e-01,-1.595735930081799980e-01,2.602199900000000121e-01,1.184046495000000032e+00,3.178107762099999718e+02,2.024000000000000000e+03,1.200000000000000000e+01,9.000000000000000000e+00,1.300000000000000000e+01,4.200000000000000000e+01,5.347977900000000062e+01
4.001583526374999877e+01,-8.303216335265000225e+01,1.922500000000000098e+00,-1.750599999999999934e+00,1.164512699481599911e-01,2.670948769484000063e-01,9.596391478945999476e-02,2.896178099999999755e-01,1.242750443000000038e+00,3.178042299379999918e+02,2.024000000000000000e+03,1.200000000000000000e+01,9.000000000000000000e+00,1.300000000000000000e+01,4.200000000000000000e+01,5.354542099999999749e+01
4.001583631391000040e+01,-8.303216459173999908e+01,1.964599999999999902e+00,-1.762699999999999934e+00,6.719170863273200567e-01,1.281360787530720025e+00,1.083555313312599966e-01,3.376521310000000220e-01,1.255798321999999967e+00,3.177931221559999813e+02,2.024000000000000000e+03,1.200000000000000000e+01,9.000000000000000000e+00,1.300000000000000000e+01,4.200000000000000000e+01,5.360745200000000210e+01
4.001583754938000226e+01,-8.303216605078999635e+01,1.955200000000000049e+00,-1.784000000000000030e+00,-7.447733416132800155e-01,9.540978573417999153e-02,5.378744061065600102e-01,3.903262330000000224e-01,1.214761581999999951e+00,3.177903729799999724e+02,2.024000000000000000e+03,1.200000000000000000e+01,9.000000000000000000e+00,1.300000000000000000e+01,4.200000000000000000e+01,5.367337500000000006e+01
4.001583877134000033e+01,-8.303216752951000501e+01,1.929999999999999938e+00,-1.811800000000000077e+00,-1.026190640659800035e+00,1.681019821643000012e-01,2.839344616774600039e-01,3.492496520000000215e-01,1.227006000000000041e+00,3.177974671389999912e+02,2.024000000000000000e+03,1.200000000000000000e+01,9.000000000000000000e+00,1.300000000000000000e+01,4.200000000000000000e+01,5.373984200000000300e+01
4.001583982228999758e+01,-8.303216881382999759e+01,1.955500000000000016e+00,-1.837199999999999944e+00,-3.538343235049399849e-01,1.210658105603860113e+00,3.129329042094800006e-01,3.024669959999999880e-01,1.223421682999999982e+00,3.177967622630000051e+02,2.024000000000000000e+03,1.200000000000000000e+01,9.000000000000000000e+00,1.300000000000000000e+01,4.200000000000000000e+01,5.380491800000000069e+01
4.001584105653999757e+01,-8.303217033280999715e+01,1.964699999999999891e+00,-1.846899999999999986e+00,3.220395278986799559e-01,1.439629036721400135e-01,2.507203213070199888e-01,2.398922739999999887e-01,1.155408183000000033e+00,3.177801708320000103e+02,2.024000000000000000e+03,1.200000000000000000e+01,9.000000000000000000e+00,1.300000000000000000e+01,4.200000000000000000e+01,5.387374799999999908e+01
4.001584230241000029e+01,-8.303217183289000047e+01,1.987500000000000044e+00,-1.805199999999999916e+00,1.180024593744799954e+00,-3.527063576830000158e-01,2.694742265655000191e-01,2.661624859999999759e-01,1.125468775999999949e+00,3.177532291819999841e+02,2.024000000000000000e+03,1.200000000000000000e+01,9.000000000000000000e+00,1.300000000000000000e+01,4.200000000000000000e+01,5.394138900000000092e+01
4.001584337637999766e+01,-8.303217311048000226e+01,1.991100000000000092e+00,-1.817800000000000082e+00,-2.385699773648399802e-01,3.824543263371200097e-01,1.328020507848799991e-01,3.039866589999999924e-01,1.133604894000000085e+00,3.177621081130000107e+02,2.024000000000000000e+03,1.200000000000000000e+01,9.000000000000000000e+00,1.300000000000000000e+01,4.200000000000000000e+01,5.400750500000000187e+01
4.001584463772999811e+01,-8.303217460803000449e+01,2.017999999999999794e+00,-1.818300000000000027e+00,8.337555756876801061e-01,5.683749774641799757e-01,-1.501205553276599991e-01,3.007318609999999892e-01,1.130350254000000110e+00,3.177879315659999975e+02,2.024000000000000000e+03,1.200000000000000000e+01,9.000000000000000000e+00,1.300000000000000000e+01,4.200000000000000000e+01,5.407270100000000213e+01
4.001584500151999890e+01,-8.303217503525999632e+01,2.025799999999999823e+00,-1.817499999999999893e+00,7.332954060731800006e-01,5.360165608078000243e-01,-9.706402582760000064e-02,3.135381469999999893e-01,1.128717081000000011e+00,3.177911837699999751e+02,2.024000000000000000e+03,1.200000000000000000e+01,9.000000000000000000e+00,1.300000000000000000e+01,4.200000000000000000e+01,5.413824300000000278e+01
4.001584701227999830e+01,-8.303217739734999725e+01,2.026100000000000012e+00,-1.847900000000000098e+00,-9.123453802083399955e-01,3.478042152551999999e-01,-1.086162341330400016e-01,4.451823529999999751e-01,1.095129599000000065e+00,3.177675212830000078e+02,2.024000000000000000e+03,1.200000000000000000e+01,9.000000000000000000e+00,1.300000000000000000e+01,4.200000000000000000e+01,5.420487500000000125e+01
4.001584792097000332e+01,-8.303217848685000035e+01,2.016199999999999992e+00,-1.858700000000000019e+00,-5.160464365597399183e-01,4.061630921388000026e-02,-6.123090049688000025e-02,4.329083970000000003e-01,1.095874685999999931e+00,3.177543040329999826e+02,2.024000000000000000e+03,1.200000000000000000e+01,9.000000000000000000e+00,1.300000000000000000e+01,4.200000000000000000e+01,5.427023599999999703e+01
4.001584937255999819e+01,-8.303218023610000387e+01,2.018699999999999939e+00,-1.864700000000000024e+00,-2.771914026931799890e-01,1.442362690381800150e-01,-1.461488252320800041e-01,4.249621290000000218e-01,1.132591818999999944e+00,3.177541672219999782e+02,2.024000000000000000e+03,1.200000000000000000e+01,9.000000000000000000e+00,1.300000000000000000e+01,4.200000000000000000e+01,5.433691699999999969e+01
4.001585064921999901e+01,-8.303218177424000146e+01,2.036900000000000155e+00,-1.872700000000000031e+00,3.777591391594000148e-01,5.940104997045200230e-01,1.597597812476400092e-01,4.190362710000000157e-01,1.165265001000000078e+00,3.177573117270000012e+02,2.024000000000000000e+03,1.200000000000000000e+01,9.000000000000000000e+00,1.300000000000000000e+01,4.200000000000000000e+01,5.440225800000000334e+01
4.001585175163000230e+01,-8.303218310017000192e+01,2.051400000000000112e+00,-1.883199999999999985e+00,2.454385070288200021e-01,6.036404520982600053e-01,1.000099566689599956e-01,4.136061630000000267e-01,1.171327766000000103e+00,3.177465203059999794e+02,2.024000000000000000e+03,1.200000000000000000e+01,9.000000000000000000e+00,1.300000000000000000e+01,4.200000000000000000e+01,5.446496799999999894e+01
4.001585304587000280e+01,-8.303218465650999747e+01,2.059499999999999886e+00,-1.900300000000000100e+00,-2.585769004721600317e-01,5.119325731364799958e-01,-9.486784727880000906e-03,4.163014629999999827e-01,1.159262777999999994e+00,3.177299835310000162e+02,2.024000000000000000e+03,1.200000000000000000e+01,9.000000000000000000e+00,1.300000000000000000e+01,4.200000000000000000e+01,5.453164799999999701e+01
4.001585416339000290e+01,-8.303218599199000494e+01,2.075099999999999945e+00,-1.893799999999999928e+00,3.159189271146600198e-01,2.306229032268400092e-01,-5.899779931389199650e-01,4.335541450000000019e-01,1.159969841999999973e+00,3.177188381099999788e+02,2.024000000000000000e+03,1.200000000000000000e+01,9.000000000000000000e+00,1.300000000000000000e+01,4.200000000000000000e+01,5.459730900000000275e+01
4.001585547199000104e+01,-8.303218755496000369e+01,2.079000000000000181e+00,-1.908400000000000096e+00,-1.745229252673400067e-01,4.232368916043999785e-01,6.882183431545400021e-01,4.545335489999999812e-01,1.168563272000000097e+00,3.177211348010000052e+02,2.024000000000000000e+03,1.200000000000000000e+01,9.000000000000000000e+00,1.300000000000000000e+01,4.200000000000000000e+01,5.466286800000000312e+01
4.001585658994999761e+01,-8.303218891301000326e+01,2.070600000000000218e+00,-1.935000000000000053e+00,-4.212515888317399648e-01,3.981972571623199619e-01,4.094506335363000127e-01,4.217261820000000050e-01,1.158095549000000002e+00,3.177394654220000234e+02,2.024000000000000000e+03,1.200000000000000000e+01,9.000000000000000000e+00,1.300000000000000000e+01,4.200000000000000000e+01,5.472940100000000285e+01
4.001585789549999816e+01,-8.303219050228000242e+01,2.069700000000000095e+00,-1.933799999999999963e+00,-2.778657338541200006e-01,-1.310012427990600026e-01,-3.743299431618999917e-01,3.806059259999999833e-01,1.182932944000000042e+00,3.177464389859999869e+02,2.024000000000000000e+03,1.200000000000000000e+01,9.000000000000000000e+00,1.300000000000000000e+01,4.200000000000000000e+01,5.479673799999999773e+01
4.001585920048999867e+01,-8.303219209831000569e+01,2.076499999999999790e+00,-1.944499999999999895e+00,1.211747787210000066e-01,4.117555031272600030e-01,4.388168941269600110e-01,3.352903640000000074e-01,1.235790326000000050e+00,3.177456858539999871e+02,2.024000000000000000e+03,1.200000000000000000e+01,9.000000000000000000e+00,1.300000000000000000e+01,4.200000000000000000e+01,5.486544800000000066e+01
4.001586051481000084e+01,-8.303219370105999531e+01,2.095899999999999874e+00,-1.953500000000000014e+00,1.193411106754600076e-01,5.624410224006600734e-01,2.598461252199399940e-01,2.774691750000000123e-01,1.250075164000000072e+00,3.177216931759999738e+02,2.024000000000000000e+03,1.200000000000000000e+01,9.000000000000000000e+00,1.300000000000000000e+01,4.200000000000000000e+01,5.493120499999999851e+01
4.001586165132000161e+01,-8.303219507551000333e+01,2.111600000000000144e+00,-1.949899999999999967e+00,2.861731325092199962e-01,2.905821834135599580e-01,-9.782500094000000368e-02,2.439260030000000024e-01,1.245674165000000055e+00,3.176989902689999781e+02,2.024000000000000000e+03,1.200000000000000000e+01,9.000000000000000000e+00,1.300000000000000000e+01,4.200000000000000000e+01,5.499698099999999812e+01
4.001586298539999831e+01,-8.303219667733999643e+01,2.123499999999999943e+00,-1.945000000000000062e+00,3.902047077750199766e-01,9.539347677785998958e-02,-1.217239626612399983e-01,2.588300590000000012e-01,1.244850296999999939e+00,3.177067170650000207e+02,2.024000000000000000e+03,1.200000000000000000e+01,9.000000000000000000e+00,1.300000000000000000e+01,4.200000000000000000e+01,5.506673399999999674e+01
4.001586355810999862e+01,-8.303219736357000613e+01,2.121900000000000119e+00,-1.947599999999999998e+00,1.089663626581799938e-01,6.606567121367999673e-02,-1.061200131807999991e-01,2.756378620000000113e-01,1.250777226000000075e+00,3.177156933460000232e+02,2.024000000000000000e+03,1.200000000000000000e+01,9.000000000000000000e+00,1.300000000000000000e+01,4.200000000000000000e+01,5.513291900000000112e+01
4.001586527308000285e+01,-8.303219943003999504e+01,2.113399999999999945e+00,-1.961999999999999966e+00,-2.641055134024999917e-01,-1.130796017071999948e-02,-9.390611259550001033e-02,2.595406089999999777e-01,1.292928289000000008e+00,3.177263750519999803e+02,2.024000000000000000e+03,1.200000000000000000e+01,9.000000000000000000e+00,1.300000000000000000e+01,4.200000000000000000e+01,5.519786599999999765e+01
4.001586680079999780e+01,-8.303220127582000032e+01,2.132899999999999796e+00,-1.964399999999999924e+00,2.012064031359599992e-01,3.876393554863399871e-01,1.629898017701399970e-01,2.371082419999999968e-01,1.317405963999999985e+00,3.177060281270000246e+02,2.024000000000000000e+03,1.200000000000000000e+01,9.000000000000000000e+00,1.300000000000000000e+01,4.200000000000000000e+01,5.526550699999999949e+01
4.001586814637000344e+01,-8.303220289304999824e+01,2.140200000000000102e+00,-1.970800000000000107e+00,-1.527375560301000024e-01,2.451417959374800060e-01,1.826535113006799993e-01,2.648837929999999785e-01,1.312683468999999992e+00,3.176978658699999869e+02,2.024000000000000000e+03,1.200000000000000000e+01,9.000000000000000000e+00,1.300000000000000000e+01,4.200000000000000000e+01,5.533261099999999999e+01
4.001586949200000021e+01,-8.303220451756000386e+01,2.136000000000000121e+00,-1.978399999999999936e+00,-1.874319007108599944e-01,1.569664398660000106e-03,-8.806698341393999485e-02,2.683997120000000125e-01,1.304152049999999896e+00,3.177052417119999745e+02,2.024000000000000000e+03,1.200000000000000000e+01,9.000000000000000000e+00,1.300000000000000000e+01,4.200000000000000000e+01,5.539976099999999803e+01
4.001587064515000236e+01,-8.303220591192000199e+01,2.143400000000000194e+00,-1.973999999999999977e+00,5.843097242268999736e-01,9.008621792818000129e-02,-1.238868104450399910e-01,2.460386980000000001e-01,1.310410386999999899e+00,3.177126935229999845e+02,2.024000000000000000e+03,1.200000000000000000e+01,9.000000000000000000e+00,1.300000000000000000e+01,4.200000000000000000e+01,5.546531000000000233e+01
4.001587199890000335e+01,-8.303220753319000380e+01,2.159499999999999975e+00,-1.967999999999999972e+00,4.472269575553400323e-01,2.042217441010599766e-01,-3.929760695698399919e-01,2.724393909999999752e-01,1.318522018999999990e+00,3.177141150730000163e+02,2.024000000000000000e+03,1.200000000000000000e+01,9.000000000000000000e+00,1.300000000000000000e+01,4.200000000000000000e+01,5.553433199999999914e+01
4.001587335901999865e+01,-8.303220915369999489e+01,2.160400000000000098e+00,-1.974900000000000100e+00,-2.020775404464600078e-01,1.000118434934799960e-01,7.964213155672000832e-02,3.186603390000000147e-01,1.318562210999999929e+00,3.177115231199999812e+02,2.024000000000000000e+03,1.200000000000000000e+01,9.000000000000000000e+00,1.300000000000000000e+01,4.200000000000000000e+01,5.560018600000000077e+01
4.001587452252999810e+01,-8.303221054693999292e+01,2.155600000000000183e+00,-1.979100000000000081e+00,-1.395831134497400039e-01,4.267282026420000235e-02,1.299171232180600100e-01,3.220270700000000264e-01,1.329802273999999951e+00,3.177116281130000175e+02,2.024000000000000000e+03,1.200000000000000000e+01,9.000000000000000000e+00,1.300000000000000000e+01,4.200000000000000000e+01,5.566759799999999814e+01
4.001587587592000261e+01,-8.303221218388999603e+01,2.145399999999999974e+00,-2.005199999999999871e+00,-3.846041736568600045e-01,1.722348432856800060e-01,5.353098915860000223e-02,2.868984270000000114e-01,1.338440403999999972e+00,3.177037550250000209e+02,2.024000000000000000e+03,1.200000000000000000e+01,9.000000000000000000e+00,1.300000000000000000e+01,4.200000000000000000e+01,5.573308000000000106e+01
4.001587722773000166e+01,-8.303221384408999484e+01,2.147899999999999920e+00,-2.031200000000000117e+00,-6.159648162794399973e-01,5.336899406724999739e-01,1.063089143716400009e-01,2.096808980000000044e-01,1.299705910999999992e+00,3.176997550809999780e+02,2.024000000000000000e+03,1.200000000000000000e+01,9.000000000000000000e+00,1.300000000000000000e+01,4.200000000000000000e+01,5.579873400000000316e+01
4.001587838564000066e+01,-8.303221527597999341e+01,2.144499999999999851e+00,-2.032999999999999918e+00,-5.299329364687999783e-02,-6.562397024768000520e-02,-4.900378289900000212e-02,1.559248560000000006e-01,1.251768207000000022e+00,3.177071658099999922e+02,2.024000000000000000e+03,1.200000000000000000e+01,9.000000000000000000e+00,1.300000000000000000e+01,4.200000000000000000e+01,5.586424300000000187e+01
4.001587954082999943e+01,-8.303221670502000507e+01,2.136400000000000077e+00,-2.025799999999999823e+00,-4.658331463280000057e-02,-3.588286631666999793e-01,6.588240966505999607e-02,1.051013370000000030e-01,1.229061972000000003e+00,3.177124146689999975e+02,2.024000000000000000e+03,1.200000000000000000e+01,9.000000000000000000e+00,1.300000000000000000e+01,4.200000000000000000e+01,5.592976500000000328e+01
4.001588107797000049e+01,-8.303221860601999538e+01,2.142599999999999838e+00,-2.019899999999999807e+00,4.575482070813399749e-01,1.659104427744000076e-01,6.697457969876000061e-02,-1.258108699999999948e-02,1.238867230999999958e+00,3.177003884169999992e+02,2.024000000000000000e+03,1.200000000000000000e+01,9.000000000000000000e+00,1.300000000000000000e+01,4.200000000000000000e+01,5.600091900000000322e+01
4.001588223868999705e+01,-8.303222002609000185e+01,2.162100000000000133e+00,-2.012300000000000200e+00,7.018533519204599447e-01,4.141945782776400575e-01,1.820050247478600114e-01,-7.247681499999999999e-02,1.230560408999999966e+00,3.176907600249999746e+02,2.024000000000000000e+03,1.200000000000000000e+01,9.000000000000000000e+00,1.300000000000000000e+01,4.200000000000000000e+01,5.606671899999999908e+01
4.001588243348000162e+01,-8.303222026205999384e+01,2.167199999999999793e+00,-2.009799999999999809e+00,8.177800129986000366e-01,4.279473651030400450e-01,3.058440361714000189e-02,-7.629842100000000515e-02,1.225719983999999929e+00,3.176904216859999792e+02,2.024000000000000000e+03,1.200000000000000000e+01,9.000000000000000000e+00,1.300000000000000000e+01,4.200000000000000000e+01,5.613290500000000094e+01
4.001588321449000318e+01,-8.303222120572999643e+01,2.176800000000000068e+00,-2.006499999999999950e+00,5.869863453840200584e-01,2.568406691716000334e-01,9.772639187959999627e-03,-7.029289099999999624e-02,1.195115316000000094e+00,3.176894199270000172e+02,2.024000000000000000e+03,1.200000000000000000e+01,9.000000000000000000e+00,1.300000000000000000e+01,4.200000000000000000e+01,5.619875700000000052e+01
4.001588497926000088e+01,-8.303222331176000637e+01,2.186999999999999833e+00,-1.976399999999999935e+00,7.464971744374999663e-01,-3.128965722828200291e-01,9.167510371999999623e-04,-6.207548000000000232e-03,1.152305286999999900e+00,3.176833145659999786e+02,2.024000000000000000e+03,1.200000000000000000e+01,9.000000000000000000e+00,1.300000000000000000e+01,4.200000000000000000e+01,5.626448500000000053e+01
4.001588732073999921e+01,-8.303222611344000370e+01,2.161799999999999944e+00,-1.996099999999999985e+00,-4.390129427394999784e-01,9.912736568025999617e-02,4.951950883143999699e-02,2.598087599999999997e-02,1.167090227000000091e+00,3.176647243940000180e+02,2.024000000000000000e+03,1.200000000000000000e+01,9.000000000000000000e+00,1.300000000000000000e+01,4.200000000000000000e+01,5.632945699999999789e+01
4.001588867966000151e+01,-8.303222775785999943e+01,2.158199999999999896e+00,-2.000199999999999978e+00,-1.870816370545800023e-01,3.596386660998000112e-02,-1.405630565032200130e-01,2.439183799999999902e-02,1.171246506999999992e+00,3.176579433420000100e+02,2.024000000000000000e+03,1.200000000000000000e+01,9.000000000000000000e+00,1.300000000000000000e+01,4.200000000000000000e+01,5.639520199999999761e+01
4.001589003861000293e+01,-8.303222939728000540e+01,2.160499999999999865e+00,-1.985999999999999988e+00,2.281472620248000127e-01,-2.070374887390200314e-01,-1.464496309071799951e-01,5.512200899999999959e-02,1.187632180000000037e+00,3.176420857429999955e+02,2.024000000000000000e+03,1.200000000000000000e+01,9.000000000000000000e+00,1.300000000000000000e+01,4.200000000000000000e+01,5.646128199999999708e+01
4.001589120169000324e+01,-8.303223080037000159e+01,2.152200000000000113e+00,-1.992599999999999927e+00,-4.555934012260400290e-01,-4.990188763680000056e-02,-2.242639170058000064e-02,7.184076400000000140e-02,1.207545891999999954e+00,3.176305384980000213e+02,2.024000000000000000e+03,1.200000000000000000e+01,9.000000000000000000e+00,1.300000000000000000e+01,4.200000000000000000e+01,5.652639200000000130e+01
4.001589256479000056e+01,-8.303223243293000166e+01,2.173900000000000166e+00,-1.973100000000000076e+00,7.873062803895399808e-01,-1.404494266576399863e-01,1.942596155148200165e-01,9.910388500000000267e-02,1.160548745000000048e+00,3.176358710839999731e+02,2.024000000000000000e+03,1.200000000000000000e+01,9.000000000000000000e+00,1.300000000000000000e+01,4.200000000000000000e+01,5.659380800000000278e+01
4.001589391616000313e+01,-8.303223405360000697e+01,2.125500000000000167e+00,-1.964599999999999902e+00,-7.074535065253000354e-01,-1.172450807398140116e+00,6.799676423387999991e-02,1.514651110000000134e-01,1.104525986999999931e+00,3.176524324939999815e+02,2.024000000000000000e+03,1.200000000000000000e+01,9.000000000000000000e+00,1.300000000000000000e+01,4.200000000000000000e+01,5.666016900000000334e+01
4.001589505257000212e+01,-8.303223543834999987e+01,2.092299999999999827e+00,-1.963999999999999968e+00,-7.116601196036399513e-01,-6.625545868154000262e-01,-3.834098590211599822e-01,1.264799020000000052e-01,1.118721241999999894e+00,3.176581689129999972e+02,2.024000000000000000e+03,1.200000000000000000e+01,9.000000000000000000e+00,1.300000000000000000e+01,4.200000000000000000e+01,5.672595900000000313e+01
4.001589617666000009e+01,-8.303223683087999518e+01,2.071499999999999897e+00,-1.988299999999999956e+00,-1.276409824933520065e+00,2.905501412368000080e-02,-2.912156466241999642e-01,4.002862399999999876e-02,1.118718695000000096e+00,3.176651954629999750e+02,2.024000000000000000e+03,1.200000000000000000e+01,9.000000000000000000e+00,1.300000000000000000e+01,4.200000000000000000e+01,5.678767299999999807e+01
4.001589747709999756e+01,-8.303223846042000389e+01,2.059299999999999908e+00,-1.966699999999999893e+00,3.709033682931799913e-01,-8.893287414013200110e-01,2.144562134684799837e-01,-1.099938899999999969e-01,1.060227207999999921e+00,3.176635279409999839e+02,2.024000000000000000e+03,1.200000000000000000e+01,9.000000000000000000e+00,1.300000000000000000e+01,4.200000000000000000e+01,5.685297200000000117e+01
4.001589876762000131e+01,-8.303224005703999921e+01,2.040900000000000158e+00,-1.920900000000000052e+00,4.519864340015600224e-01,-1.175178201873920081e+00,4.890142176597199741e-01,-1.455146549999999928e-01,1.050579251000000047e+00,3.176703046499999914e+02,2.024000000000000000e+03,1.200000000000000000e+01,9.000000000000000000e+00,1.300000000000000000e+01,4.200000000000000000e+01,5.691993300000000033e+01
4.001589986633000251e+01,-8.303224140147000298e+01,2.035400000000000098e+00,-1.887299999999999978e+00,5.071006508400599522e-01,-4.577781791507999909e-01,-5.565182713779999631e-03,-1.654429699999999948e-01,1.077123102000000054e+00,3.177016210610000257e+02,2.024000000000000000e+03,1.200000000000000000e+01,9.000000000000000000e+00,1.300000000000000000e+01,4.200000000000000000e+01,5.698757400000000217e+01
4.001590115236999878e+01,-8.303224293331000183e+01,2.051099999999999923e+00,-1.835900000000000087e+00,1.431643273073380129e+00,-6.563603899063600311e-01,2.900689775360800193e-01,-1.336730339999999961e-01,1.121013354000000017e+00,3.177341168809999772e+02,2.024000000000000000e+03,1.200000000000000000e+01,9.000000000000000000e+00,1.300000000000000000e+01,4.200000000000000000e+01,5.705356700000000103e+01
4.001590152143000267e+01,-8.303224336409999751e+01,2.054600000000000204e+00,-1.825499999999999901e+00,1.202798700939460064e+00,-5.304487710000199696e-01,1.374811622743000172e-01,-1.026380120000000007e-01,1.130828257999999975e+00,3.177393881109999825e+02,2.024000000000000000e+03,1.200000000000000000e+01,9.000000000000000000e+00,1.300000000000000000e+01,4.200000000000000000e+01,5.712007799999999946e+01
4.001590318691999926e+01,-8.303224527752999506e+01,2.054800000000000182e+00,-1.800799999999999956e+00,-2.054229119525999986e-02,-3.172605984431000059e-01,-3.454567539245999991e-02,9.114796799999999588e-02,1.131567194999999915e+00,3.177520631240000171e+02,2.024000000000000000e+03,1.200000000000000000e+01,9.000000000000000000e+00,1.300000000000000000e+01,4.200000000000000000e+01,5.718659600000000154e+01
4.001590446974999793e+01,-8.303224676182000508e+01,2.017399999999999860e+00,-1.814000000000000057e+00,-1.058264140630960082e+00,-5.299164026755599499e-01,-1.555136018639599882e-01,1.975666020000000078e-01,1.101574803000000102e+00,3.177778474869999741e+02,2.024000000000000000e+03,1.200000000000000000e+01,9.000000000000000000e+00,1.300000000000000000e+01,4.200000000000000000e+01,5.725199899999999786e+01
4.001590608965999962e+01,-8.303224867442000345e+01,1.979000000000000092e+00,-1.817900000000000071e+00,-7.069271305489599477e-01,-4.499633629059600071e-01,-2.410409757793600116e-01,2.457113549999999924e-01,1.062086620999999953e+00,3.178285347780000052e+02,2.024000000000000000e+03,1.200000000000000000e+01,9.000000000000000000e+00,1.300000000000000000e+01,4.200000000000000000e+01,5.732135699999999900e+01
4.001590715347000327e+01,-8.303224995051999713e+01,1.955600000000000005e+00,-1.811800000000000077e+00,-1.593154222031999828e-02,-7.120585574422200192e-01,1.710146420683399948e-01,2.524051580000000183e-01,1.023475555999999953e+00,3.178470963940000047e+02,2.024000000000000000e+03,1.200000000000000000e+01,9.000000000000000000e+00,1.300000000000000000e+01,4.200000000000000000e+01,5.738815600000000217e+01
4.001590838151999918e+01,-8.303225143512999296e+01,1.933799999999999963e+00,-1.813399999999999901e+00,-5.652278520500200187e-01,-4.052045118250999778e-01,-2.011080261609400066e-01,2.082451270000000021e-01,9.849245970000000128e-01,3.178457959460000097e+02,2.024000000000000000e+03,1.200000000000000000e+01,9.000000000000000000e+00,1.300000000000000000e+01,4.200000000000000000e+01,5.745424700000000229e+01
4.001590959704999761e+01,-8.303225292035000393e+01,1.925100000000000033e+00,-1.800000000000000044e+00,4.766120046699400259e-01,-5.304091836450799402e-01,-4.511052613856599836e-01,1.006174440000000003e-01,9.338702340000000213e-01,3.178588271230000259e+02,2.024000000000000000e+03,1.200000000000000000e+01,9.000000000000000000e+00,1.300000000000000000e+01,4.200000000000000000e+01,5.752150199999999813e+01
4.001591046539999752e+01,-8.303225396311999873e+01,1.923100000000000032e+00,-1.768499999999999961e+00,5.763081084575200075e-01,-8.708412801981599838e-01,-2.015194164870000026e-01,7.122251200000000171e-02,9.161986699999999928e-01,3.178680344269999978e+02,2.024000000000000000e+03,1.200000000000000000e+01,9.000000000000000000e+00,1.300000000000000000e+01,4.200000000000000000e+01,5.758763799999999833e+01
4.001591184624000164e+01,-8.303225560493000046e+01,1.910600000000000076e+00,-1.738299999999999956e+00,4.048325528833199849e-01,-5.748061954478199675e-01,2.502781784480599958e-01,1.091247590000000017e-01,9.101418589999999975e-01,3.179137077600000225e+02,2.024000000000000000e+03,1.200000000000000000e+01,9.000000000000000000e+00,1.300000000000000000e+01,4.200000000000000000e+01,5.765554000000000201e+01
4.001591304896999901e+01,-8.303225702611000258e+01,1.902300000000000102e+00,-1.730399999999999938e+00,-9.996840494831998880e-02,-2.361367182804600118e-01,-2.618235588961400073e-01,1.279102030000000001e-01,9.584997050000000351e-01,3.179409789609999848e+02,2.024000000000000000e+03,1.200000000000000000e+01,9.000000000000000000e+00,1.300000000000000000e+01,4.200000000000000000e+01,5.772264299999999793e+01
4.001591424245000184e+01,-8.303225844729999494e+01,1.881899999999999906e+00,-1.737800000000000011e+00,-5.537673317898000880e-01,-2.278783974439600180e-01,-2.472594798813600170e-01,7.478904599999999792e-02,1.033092383999999919e+00,3.179558564079999883e+02,2.024000000000000000e+03,1.200000000000000000e+01,9.000000000000000000e+00,1.300000000000000000e+01,4.200000000000000000e+01,5.779166000000000025e+01
4.001591525837999797e+01,-8.303225966751999465e+01,1.875599999999999934e+00,-1.736099999999999977e+00,-9.000096828103999747e-02,-1.539715107542199979e-01,3.523138234988599793e-01,3.891675499999999732e-02,1.086513510999999932e+00,3.179775168940000185e+02,2.024000000000000000e+03,1.200000000000000000e+01,9.000000000000000000e+00,1.300000000000000000e+01,4.200000000000000000e+01,5.785732000000000141e+01
4.001591644226000000e+01,-8.303226109240999619e+01,1.877599999999999936e+00,-1.735800000000000010e+00,1.733427948284199938e-01,-1.040877640248000051e-02,4.468195602690999690e-01,1.340472300000000033e-02,1.112707781999999979e+00,3.180006522420000010e+02,2.024000000000000000e+03,1.200000000000000000e+01,9.000000000000000000e+00,1.300000000000000000e+01,4.200000000000000000e+01,5.791983599999999655e+01
4.001591746369999925e+01,-8.303226230740999370e+01,1.898300000000000098e+00,-1.719000000000000083e+00,9.231184926241999822e-01,3.037092031869999958e-02,2.433737134062400054e-01,5.861663999999999937e-03,1.113811359999999917e+00,3.179946967230000041e+02,2.024000000000000000e+03,1.200000000000000000e+01,9.000000000000000000e+00,1.300000000000000000e+01,4.200000000000000000e+01,5.798623800000000017e+01
4.001591867207000064e+01,-8.303226370643000109e+01,1.926600000000000090e+00,-1.698700000000000099e+00,7.009307420904599129e-01,2.097085484809000089e-01,3.193318098462800125e-01,8.932602600000000281e-02,1.094748682000000084e+00,3.179843735549999906e+02,2.024000000000000000e+03,1.200000000000000000e+01,9.000000000000000000e+00,1.300000000000000000e+01,4.200000000000000000e+01,5.805288300000000135e+01
4.001591901985000277e+01,-8.303226410410999847e+01,1.932600000000000096e+00,-1.695899999999999963e+00,6.559046595116799772e-01,2.278228743405399936e-01,-4.799695846309999514e-02,1.177390910000000041e-01,1.088305698999999960e+00,3.179863012089999756e+02,2.024000000000000000e+03,1.200000000000000000e+01,9.000000000000000000e+00,1.300000000000000000e+01,4.200000000000000000e+01,5.811938200000000165e+01
4.001592077109000201e+01,-8.303226608887999305e+01,1.951300000000000034e+00,-1.692499999999999893e+00,9.686259566469999915e-02,1.573560703031999797e-01,-4.349818880516999609e-01,3.118692240000000004e-01,9.794346219999999770e-01,3.180231736690000162e+02,2.024000000000000000e+03,1.200000000000000000e+01,9.000000000000000000e+00,1.300000000000000000e+01,4.200000000000000000e+01,5.818591099999999727e+01
4.001592199048000253e+01,-8.303226749351999558e+01,1.915399999999999991e+00,-1.714299999999999935e+00,-1.236149282706360042e+00,-2.977586722998399882e-01,-4.481440946621000343e-01,3.930538080000000045e-01,9.104550230000000299e-01,3.180547684939999726e+02,2.024000000000000000e+03,1.200000000000000000e+01,9.000000000000000000e+00,1.300000000000000000e+01,4.200000000000000000e+01,5.825324899999999673e+01
4.001592336249999704e+01,-8.303226910037000152e+01,1.900900000000000034e+00,-1.692700000000000093e+00,3.755430188517999701e-01,-4.537143510954200210e-01,-9.566822826104000310e-02,4.221943420000000002e-01,9.225097490000000455e-01,3.180470289500000263e+02,2.024000000000000000e+03,1.200000000000000000e+01,9.000000000000000000e+00,1.300000000000000000e+01,4.200000000000000000e+01,5.832013500000000050e+01
4.001592438554000353e+01,-8.303227030755999749e+01,1.887899999999999912e+00,-1.717300000000000049e+00,-8.347652029675800556e-01,2.013536998441800008e-01,-3.254886396717200370e-01,4.661778400000000100e-01,9.750958779999999715e-01,3.180360982839999906e+02,2.024000000000000000e+03,1.200000000000000000e+01,9.000000000000000000e+00,1.300000000000000000e+01,4.200000000000000000e+01,5.838685000000000258e+01
4.001592556968000025e+01,-8.303227174357999729e+01,1.873199999999999976e+00,-1.756199999999999983e+00,-9.018976128788599445e-01,3.381385652626999749e-01,-1.379842727382800116e-01,4.125066330000000114e-01,1.016857501000000052e+00,3.180604457090000210e+02,2.024000000000000000e+03,1.200000000000000000e+01,9.000000000000000000e+00,1.300000000000000000e+01,4.200000000000000000e+01,5.845234200000000158e+01
4.001592674933999660e+01,-8.303227319024999531e+01,1.873899999999999899e+00,-1.749500000000000055e+00,2.053047510998799730e-01,-4.903829463802000799e-02,-8.407733888619998985e-02,3.208222250000000164e-01,1.080711804999999970e+00,3.180898242430000096e+02,2.024000000000000000e+03,1.200000000000000000e+01,9.000000000000000000e+00,1.300000000000000000e+01,4.200000000000000000e+01,5.852246199999999732e+01
4.001592776228999782e+01,-8.303227442633999544e+01,1.875999999999999890e+00,-1.750999999999999890e+00,-6.062077382891999794e-02,1.366328826127199969e-01,-7.162710437052000056e-02,2.643325289999999828e-01,1.164648104999999934e+00,3.180951329740000233e+02,2.024000000000000000e+03,1.200000000000000000e+01,9.000000000000000000e+00,1.300000000000000000e+01,4.200000000000000000e+01,5.858938899999999705e+01
4.001592894320999960e+01,-8.303227588226999956e+01,1.879299999999999971e+00,-1.774100000000000010e+00,-1.389498500050599938e-01,5.949016793137600345e-01,4.295766375359599820e-01,1.376523759999999930e-01,1.248938668999999946e+00,3.180952829020000081e+02,2.024000000000000000e+03,1.200000000000000000e+01,9.000000000000000000e+00,1.300000000000000000e+01,4.200000000000000000e+01,5.865638799999999975e+01
4.001593013429000223e+01,-8.303227734754000267e+01,1.899199999999999999e+00,-1.779099999999999904e+00,2.010950750722200198e-01,4.555643207993599342e-01,3.462640286830200309e-01,1.988506400000000091e-02,1.274561666000000093e+00,3.180922391899999866e+02,2.024000000000000000e+03,1.200000000000000000e+01,9.000000000000000000e+00,1.300000000000000000e+01,4.200000000000000000e+01,5.872325599999999923e+01
4.001593134178000355e+01,-8.303227880913000547e+01,1.932399999999999896e+00,-1.767300000000000093e+00,8.953820563738998928e-01,5.101161928647599542e-01,4.393121126938200338e-01,-2.411000900000000169e-02,1.267996761000000028e+00,3.180929005599999755e+02,2.024000000000000000e+03,1.200000000000000000e+01,9.000000000000000000e+00,1.300000000000000000e+01,4.200000000000000000e+01,5.879043999999999670e+01
4.001593238659000207e+01,-8.303228005713999949e+01,1.941999999999999948e+00,-1.761700000000000044e+00,5.322773271398399952e-01,1.823652798018199905e-01,2.984419337812599937e-01,-1.972112499999999907e-02,1.243362120000000015e+00,3.180985389620000205e+02,2.024000000000000000e+03,1.200000000000000000e+01,9.000000000000000000e+00,1.300000000000000000e+01,4.200000000000000000e+01,5.885778799999999933e+01
4.001593361548999894e+01,-8.303228150529000118e+01,1.958599999999999897e+00,-1.753400000000000070e+00,3.934924535089400210e-01,2.676310718921400267e-01,5.533598046818000160e-02,7.528939999999999591e-03,1.204368308000000054e+00,3.181093518100000210e+02,2.024000000000000000e+03,1.200000000000000000e+01,9.000000000000000000e+00,1.300000000000000000e+01,4.200000000000000000e+01,5.892466799999999694e+01
4.001593485026000252e+01,-8.303228295060999642e+01,1.961000000000000076e+00,-1.752899999999999903e+00,8.021607540755999743e-02,3.365733880863999716e-02,-2.979465965155400076e-01,4.929511000000000309e-02,1.155297137999999890e+00,3.181279046970000195e+02,2.024000000000000000e+03,1.200000000000000000e+01,9.000000000000000000e+00,1.300000000000000000e+01,4.200000000000000000e+01,5.899239599999999939e+01
4.001593591227999980e+01,-8.303228418528999555e+01,1.973999999999999977e+00,-1.742499999999999938e+00,6.643422661140400143e-01,1.437325616598600087e-01,-3.756004014524199630e-01,1.018499640000000012e-01,1.128633277999999907e+00,3.181333501619999993e+02,2.024000000000000000e+03,1.200000000000000000e+01,9.000000000000000000e+00,1.300000000000000000e+01,4.200000000000000000e+01,5.905822500000000019e+01
4.001593644620000134e+01,-8.303228480091999586e+01,1.981100000000000083e+00,-1.740699999999999914e+00,4.926068507880200231e-01,2.250953273331200155e-01,-6.991157180861000686e-01,1.545833369999999873e-01,1.111276606999999972e+00,3.181302381880000212e+02,2.024000000000000000e+03,1.200000000000000000e+01,9.000000000000000000e+00,1.300000000000000000e+01,4.200000000000000000e+01,5.912413999999999703e+01
4.001593806286000188e+01,-8.303228664715000207e+01,2.011800000000000033e+00,-1.745100000000000096e+00,3.794849366090800036e-01,6.544230822792399538e-01,-7.787328847291800082e-01,3.311068899999999871e-01,1.070484240000000087e+00,3.181212533739999913e+02,2.024000000000000000e+03,1.200000000000000000e+01,9.000000000000000000e+00,1.300000000000000000e+01,4.200000000000000000e+01,5.918967899999999815e+01
4.001593952343999661e+01,-8.303228828215000590e+01,2.032599999999999962e+00,-1.729899999999999993e+00,2.905244804656599844e-01,-3.396414315133399753e-01,-5.298311419763599428e-01,5.632902389999999704e-01,1.003697065000000110e+00,3.181349718220000113e+02,2.024000000000000000e+03,1.200000000000000000e+01,9.000000000000000000e+00,1.300000000000000000e+01,4.200000000000000000e+01,5.925206899999999877e+01
4.001594078133000210e+01,-8.303228972185999623e+01,1.967500000000000027e+00,-1.772899999999999920e+00,-2.361246646904680002e+00,-3.562975601637800027e-01,3.937331209179399938e-01,6.612213900000000200e-01,9.813042159999999514e-01,3.181516918030000056e+02,2.024000000000000000e+03,1.200000000000000000e+01,9.000000000000000000e+00,1.300000000000000000e+01,4.200000000000000000e+01,5.931962599999999952e+01
4.001594182795000165e+01,-8.303229099330999929e+01,1.913999999999999924e+00,-1.833800000000000097e+00,-2.778196756937139966e+00,1.300368260821999911e-01,3.591863611218799601e-01,5.355686309999999617e-01,9.503934480000000296e-01,3.181554850289999763e+02,2.024000000000000000e+03,1.200000000000000000e+01,9.000000000000000000e+00,1.300000000000000000e+01,4.200000000000000000e+01,5.938661700000000110e+01
4.001594302709000317e+01,-8.303229251464000527e+01,1.889100000000000001e+00,-1.864100000000000090e+00,-1.137167730544619948e+00,-1.335433020774400015e-01,3.601024470467600325e-01,2.842402889999999793e-01,8.513455709999999677e-01,3.181455602600000248e+02,2.024000000000000000e+03,1.200000000000000000e+01,9.000000000000000000e+00,1.300000000000000000e+01,4.200000000000000000e+01,5.945343199999999939e+01
4.001594420978999977e+01,-8.303229405528999507e+01,1.868000000000000105e+00,-1.864500000000000046e+00,1.518382796738800000e-01,-8.998491837564400742e-01,3.920772945283399480e-01,3.212389999999999690e-02,7.095018570000000135e-01,3.181461966150000080e+02,2.024000000000000000e+03,1.200000000000000000e+01,9.000000000000000000e+00,1.300000000000000000e+01,4.200000000000000000e+01,5.952002699999999891e+01
4.001594505042999828e+01,-8.303229513176999887e+01,1.868900000000000006e+00,-1.804899999999999949e+00,1.679492894937099967e+00,-1.522108439216679932e+00,4.136589242916400289e-01,-9.237615700000000041e-02,6.295666479999999510e-01,3.181348181249999811e+02,2.024000000000000000e+03,1.200000000000000000e+01,9.000000000000000000e+00,1.300000000000000000e+01,4.200000000000000000e+01,5.958609899999999726e+01
4.001594639828999789e+01,-8.303229678892999743e+01,1.876900000000000013e+00,-1.719799999999999995e+00,1.679419264551099911e+00,-1.244954404178620022e+00,3.081222471570400079e-01,-1.800405389999999994e-01,6.067963429999999603e-01,3.181525522539999997e+02,2.024000000000000000e+03,1.200000000000000000e+01,9.000000000000000000e+00,1.300000000000000000e+01,4.200000000000000000e+01,5.965441400000000272e+01
4.001594758934999874e+01,-8.303229818249999994e+01,1.902700000000000058e+00,-1.670900000000000052e+00,1.393548878827679971e+00,-3.671341088032399891e-01,2.496195698299800148e-01,-1.538469259999999950e-01,6.240142319999999465e-01,3.181962445720000119e+02,2.024000000000000000e+03,1.200000000000000000e+01,9.000000000000000000e+00,1.300000000000000000e+01,4.200000000000000000e+01,5.972182999999999709e+01
4.001594878987999948e+01,-8.303229954443999361e+01,1.910199999999999898e+00,-1.639399999999999968e+00,7.735318750869599747e-01,-4.850119599896000055e-01,-1.610078671062800115e-01,-3.288709399999999866e-02,6.036413990000000229e-01,3.182219174990000283e+02,2.024000000000000000e+03,1.200000000000000000e+01,9.000000000000000000e+00,1.300000000000000000e+01,4.200000000000000000e+01,5.978861400000000259e+01
4.001594981179999877e+01,-8.303230070184000056e+01,1.879199999999999982e+00,-1.642800000000000038e+00,-8.012875121487800234e-01,-6.535497228541800041e-01,-2.919673513055199843e-01,8.560348600000000641e-02,5.844107050000000303e-01,3.182025824730000068e+02,2.024000000000000000e+03,1.200000000000000000e+01,9.000000000000000000e+00,1.300000000000000000e+01,4.200000000000000000e+01,5.985510800000000131e+01
4.001595097888999675e+01,-8.303230205980000278e+01,1.829599999999999893e+00,-1.659200000000000008e+00,-1.297738441251779840e+00,-7.043988671474200602e-01,-4.189125911190400009e-01,1.202672199999999941e-01,5.715489540000000535e-01,3.181664000779999810e+02,2.024000000000000000e+03,1.200000000000000000e+01,9.000000000000000000e+00,1.300000000000000000e+01,4.200000000000000000e+01,5.992273300000000091e+01
4.001595211634000293e+01,-8.303230342963999533e+01,1.787800000000000056e+00,-1.668199999999999905e+00,-9.001421465537000621e-01,-6.811789876506200159e-01,-3.139842311681599885e-01,5.093491599999999675e-02,5.710374470000000313e-01,3.181636963409999908e+02,2.024000000000000000e+03,1.200000000000000000e+01,9.000000000000000000e+00,1.300000000000000000e+01,4.200000000000000000e+01,5.998858100000000348e+01
4.001595307680999980e+01,-8.303230460061000429e+01,1.773500000000000076e+00,-1.653999999999999915e+00,1.092561568342999972e-01,-5.964824639621999491e-01,-1.273789481806600066e-01,-6.314216000000000099e-03,5.774813949999999529e-01,3.181847258889999921e+02,2.024000000000000000e+03,1.200000000000000000e+01,9.000000000000000000e+00,1.300000000000000000e+01,4.300000000000000000e+01,5.492600000000000260e-02
4.001595339544999774e+01,-8.303230498895999290e+01,1.769600000000000062e+00,-1.650099999999999900e+00,8.424533617589999301e-02,-5.713467700392199644e-01,-6.987777993412000455e-02,-1.228436699999999916e-02,5.721358210000000444e-01,3.181922232300000246e+02,2.024000000000000000e+03,1.200000000000000000e+01,9.000000000000000000e+00,1.300000000000000000e+01,4.300000000000000000e+01,1.224250000000000060e-01
4.001595355436000290e+01,-8.303230518280000183e+01,1.766299999999999981e+00,-1.648400000000000087e+00,2.715511887990000248e-02,-6.243092876659199764e-01,-3.099771743651999825e-02,-1.784858200000000172e-02,5.729621200000000192e-01,3.181954134840000279e+02,2.024000000000000000e+03,1.200000000000000000e+01,9.000000000000000000e+00,1.300000000000000000e+01,4.300000000000000000e+01,1.895199999999999940e-01
4.001595371322999739e+01,-8.303230537615999651e+01,1.764599999999999946e+00,-1.645100000000000007e+00,5.778305506789999796e-02,-6.420579809728799159e-01,6.760966966247999865e-02,-2.502646600000000068e-02,5.755728230000000112e-01,3.181980506419999983e+02,2.024000000000000000e+03,1.200000000000000000e+01,9.000000000000000000e+00,1.300000000000000000e+01,4.300000000000000000e+01,2.558529999999999971e-01
4.001595466404000234e+01,-8.303230653126000504e+01,1.760499999999999954e+00,-1.626600000000000046e+00,5.601820020857000149e-01,-5.928827053386199752e-01,-2.985436865166199993e-01,-7.531176300000000379e-02,5.761937950000000086e-01,3.181928215890000047e+02,2.024000000000000000e+03,1.200000000000000000e+01,9.000000000000000000e+00,1.300000000000000000e+01,4.300000000000000000e+01,3.232439999999999758e-01
